,Progress,Duration..in.seconds.,IC.response.,Sex,Gender,Class,Major,Ethnicity,Course2,AMAS.1,AMAS.2,AMAS.3,AMAS.4,AMAS.5,AMAS.6,AMAS.7,AMAS.8,AMAS.9,MSES.1,MSES.2,MSES.3,S.CA.1,S.CA.2,S.CA.3,S.CA.4,S.CA.5,S.CA.6,S.LT.1,S.LT.2,S.LT.3,S.LT.4,S.LT.5,S.LT.6,S.LT.7,S.DA.1,S.DA.2,S.DA.3,S.DA.4,S.DA.5,S.DA.6,S.DA.7,S.IA.1,S.IA.2,S.IA.3,S.IA.4,S.IA.5,S.IA.6,S.IA.7,S.D.1,S.D.2,S.D.3,S.D.4,S.D.5,S.D.6,S.D.7,S.RE.1,S.RE.2,S.RE.3,S.RE.4,S.RE.5,S.RE.6,S.RE.7,S.IA.1.1,S.IA.2.1,S.IA.3.1,S.IA.4.1,S.IA.5.1,S.IA.6.1,S.IA.7.1,T.1,T.2,T.3,T.4,T.5,T.6,T.7,T.8,T.9,T.10,T.11,T.12,MS.1,MS.2,MS.3,MS.4,MS.5,MS.6,MS.7,MS.8,MS.9,MS.10,MS.11,MS.12,CR.1,CR.2,CR.3,CR.4,CR.5,CR.6,CR.7,CR.8,CR.9,CR.10,CR.11,CR.12,Semester
1,100,364,1,1,2,3,3,4,10,2,4,2,5,5,3,3,5,3,2,5,2,4,4,3,5,3,5,3,4,3,4,5,3,4,2,3,4,5,3,2,4,5,3,3,5,5,3,4,5,5,4,4,4,3,3,5,5,4,4,3,4,4,3,4,3,4,4,5,5,4,4,4,4,1,3,2,2,3,3,3,5,2,1,2,1,3,2,2,1,2,3,3,3,3,3,3,2,2,3,2,2,4,4,4,4,1
2,100,213,1,1,2,2,3,1,10,4,4,3,NA,4,4,3,4,5,3,3,2,4,5,4,5,4,4,4,4,5,4,5,5,2,4,5,5,4,5,5,4,5,5,4,5,5,4,NA,5,5,5,5,4,5,5,5,4,5,5,5,4,5,5,5,5,4,5,5,5,3,3,3,3,4,2,4,2,NA,4,4,3,1,1,2,2,1,1,3,1,2,2,3,1,1,2,2,2,2,1,1,1,2,2,3,4,1
3,100,504,1,1,2,2,1,1,43,1,3,1,3,4,2,1,5,1,4,4,5,3,4,4,2,4,3,5,4,4,5,5,4,3,5,4,5,5,4,3,3,4,5,5,4,5,4,5,5,4,4,3,5,4,5,5,5,5,4,5,2,5,1,4,3,4,5,4,5,3,2,2,2,3,3,3,3,2,2,2,3,3,2,2,2,2,1,3,1,2,1,3,3,3,3,3,1,1,2,1,3,2,3,3,4,1
4,100,690,1,1,2,1,4,6,5,1,3,1,3,2,1,1,3,1,3,3,2,2,3,1,1,1,2,3,4,3,3,4,4,1,4,4,3,2,2,1,2,2,3,3,4,4,1,2,3,4,2,1,2,2,3,2,3,3,2,1,3,1,1,2,2,1,2,1,2,3,4,3,3,2,3,3,3,3,3,3,3,3,2,1,1,3,2,3,2,2,3,2,2,2,2,2,2,2,3,3,2,3,3,4,4,1
5,100,440,1,1,2,1,1,6,17,1,3,1,2,4,1,1,3,1,5,3,4,1,1,3,1,5,1,4,5,5,5,5,5,3,1,5,5,5,5,5,1,5,5,5,5,5,5,5,5,5,5,5,5,5,5,5,5,5,5,5,5,5,5,5,4,5,5,3,5,3,4,3,3,3,2,4,1,3,2,2,3,3,2,1,1,3,2,1,3,2,3,3,3,1,1,1,1,1,1,1,1,1,1,4,4,1
6,100,687,1,1,2,1,4,1,5,1,3,2,4,3,1,3,5,1,4,4,3,2,2,3,3,3,2,5,2,5,2,3,4,2,4,2,3,2,3,4,2,4,3,4,5,4,2,3,4,4,4,3,2,3,4,3,4,3,2,4,4,3,4,3,3,2,3,1,2,4,2,5,4,1,4,4,1,1,4,4,3,1,2,1,3,3,1,1,1,3,1,2,3,2,2,2,1,1,3,2,2,2,2,4,4,1
7,100,365,1,1,2,1,3,1,10,2,3,1,4,3,3,1,5,2,2,5,3,2,2,2,2,2,2,2,2,1,2,2,3,2,2,1,3,3,3,2,2,2,2,1,2,3,2,2,2,3,3,1,2,3,3,1,1,1,1,1,1,1,4,3,2,3,3,2,2,3,4,3,3,2,4,3,3,3,3,3,4,1,1,1,3,1,1,2,3,2,3,3,2,4,3,2,1,1,2,2,2,2,2,2,4,1
8,100,772,1,2,1,3,2,1,13,3,4,3,5,3,5,3,5,4,2,4,2,1,2,1,1,3,3,5,4,4,1,4,3,1,5,3,4,2,3,1,3,3,3,4,4,3,3,4,5,4,3,3,4,3,4,4,2,4,2,3,4,1,1,3,5,2,3,3,3,3,3,3,3,3,3,3,3,3,3,3,3,2,1,2,2,1,2,2,3,2,3,3,3,3,3,3,1,2,2,2,4,4,4,4,4,1
9,100,760,1,1,2,2,4,1,44,2,1,1,1,3,1,2,2,1,4,2,4,2,2,2,2,3,2,4,4,4,4,4,5,3,4,3,3,4,4,4,2,4,4,4,3,3,3,4,4,5,2,4,5,5,5,4,3,4,3,4,3,3,3,4,2,4,4,2,4,4,3,4,4,2,3,2,2,3,3,4,4,3,1,1,1,1,2,2,2,2,2,2,3,3,3,3,3,2,4,3,3,4,4,4,4,1
10,100,562,1,2,1,4,1,4,44,1,1,1,2,1,1,1,3,1,4,2,3,2,3,3,2,2,3,4,3,3,3,5,5,4,4,5,5,5,5,3,3,3,2,2,4,3,3,3,4,4,5,4,5,4,4,3,2,3,3,2,2,2,2,3,3,3,4,2,4,5,1,1,1,5,1,5,1,1,1,1,1,3,2,1,3,1,2,1,3,2,3,3,3,4,3,4,3,3,2,3,4,3,4,3,3,1
11,100,944,1,2,1,3,1,2,1,1,3,1,4,4,1,3,4,1,1,5,1,1,2,1,2,1,1,4,3,4,2,3,3,3,3,3,3,3,3,2,1,2,3,3,2,4,2,3,4,3,1,1,2,1,3,1,3,4,2,2,4,5,2,4,1,1,4,2,2,1,1,1,1,5,1,5,1,1,1,1,1,2,3,2,3,1,2,2,2,2,3,2,3,3,2,1,3,3,3,3,4,3,4,4,4,1
12,100,1021,1,2,1,4,1,1,15,3,5,1,5,2,2,2,5,2,2,5,5,2,2,3,1,4,3,5,4,3,3,3,4,3,3,4,4,4,3,2,4,3,2,3,5,5,1,2,5,5,5,4,5,3,5,5,4,4,4,4,3,2,1,2,1,2,1,2,2,1,1,1,1,5,1,3,1,1,1,1,1,1,1,2,3,1,2,1,3,2,2,3,2,3,3,3,2,2,2,2,4,3,4,3,4,1
13,100,340,1,1,2,2,3,1,10,1,2,5,2,3,4,2,4,3,4,2,4,5,2,4,1,2,2,4,2,4,2,4,1,1,5,5,5,2,3,4,3,2,4,2,4,2,3,2,5,3,4,5,5,4,4,4,3,4,4,3,4,3,4,2,4,4,2,3,4,4,4,3,2,4,4,2,2,2,2,2,2,3,2,3,1,1,1,2,1,1,3,3,3,3,3,1,1,1,1,1,2,4,4,4,4,1
14,100,1097,1,1,2,4,1,1,43,1,4,1,4,3,3,1,5,1,4,2,4,1,4,4,1,1,1,5,4,4,5,5,4,1,4,1,2,5,4,1,1,5,3,4,3,4,1,5,4,5,2,1,3,4,3,4,1,4,3,1,4,1,4,5,1,1,1,1,5,2,4,5,4,2,5,2,1,1,4,4,5,3,2,1,3,3,3,1,3,1,3,3,3,4,4,2,1,1,3,1,2,2,4,4,4,1
15,100,1349,1,2,1,1,1,1,17,1,2,1,2,3,3,2,4,2,4,3,5,4,3,3,3,3,4,5,3,5,4,5,5,2,5,4,3,4,4,5,3,5,5,4,2,5,4,4,4,5,4,3,4,4,4,3,4,4,3,4,3,3,3,3,4,3,3,2,4,2,3,2,2,3,3,3,3,3,3,3,3,1,2,2,1,3,2,2,3,2,1,3,1,1,1,1,1,1,2,1,1,1,2,4,4,1
16,100,1465,1,1,2,1,4,1,5,1,5,3,5,4,5,2,5,3,1,5,1,1,4,2,1,1,1,5,3,3,1,5,3,2,3,4,3,1,4,1,1,5,3,3,4,5,5,4,3,3,5,3,3,3,3,3,5,3,3,2,5,5,4,3,1,2,3,1,3,5,3,1,1,5,3,4,1,2,2,2,2,3,2,1,2,1,2,3,1,3,2,3,3,4,4,4,2,1,4,2,4,4,4,4,4,1
17,100,295,1,1,2,1,4,1,3,1,3,1,2,3,1,1,5,1,4,1,4,5,5,5,5,5,5,5,5,5,5,5,5,5,5,5,5,5,5,5,5,5,5,5,5,5,5,5,5,5,5,5,5,5,5,5,5,5,5,5,5,5,3,3,3,3,3,3,3,3,3,3,3,3,3,3,3,3,3,3,3,1,2,2,1,3,1,1,1,2,3,3,3,1,1,1,1,1,1,1,1,1,4,4,4,1
18,100,477,1,1,2,2,3,2,10,1,2,2,3,3,3,1,4,3,4,5,4,4,4,4,4,4,4,3,3,4,3,4,4,4,4,4,4,3,4,4,4,4,4,4,4,3,4,4,4,4,4,4,4,4,3,4,3,4,4,4,4,4,4,4,3,3,4,4,4,3,3,3,3,3,3,3,2,2,2,2,2,3,2,1,3,1,2,3,2,2,3,3,3,3,3,2,2,1,2,1,1,2,3,1,2,1
19,100,870,1,2,1,1,4,4,5,3,4,1,5,5,2,1,5,3,3,3,4,5,2,2,3,1,1,1,4,1,1,2,3,1,4,3,2,2,3,3,2,3,2,3,3,4,2,4,2,4,4,5,3,3,5,3,2,2,2,2,2,2,1,1,1,3,3,3,3,3,4,4,4,1,5,1,4,5,3,4,5,3,3,1,1,1,2,2,1,2,3,3,2,3,3,4,1,2,1,3,4,4,4,4,4,1
20,100,476,1,1,2,3,2,1,13,2,5,1,5,3,2,1,5,3,2,4,4,2,3,1,1,1,1,4,3,1,2,4,2,3,2,4,2,4,3,1,2,2,2,4,4,2,4,3,4,4,3,2,3,3,2,3,4,2,2,4,4,4,1,3,2,2,3,1,4,4,3,4,2,3,3,4,2,3,4,4,4,3,2,2,2,2,1,1,1,1,2,3,3,2,2,2,2,3,2,2,3,3,1,1,4,1
21,100,755,1,2,1,2,2,1,13,NA,2,1,3,2,1,1,4,1,3,3,4,3,4,2,1,1,3,3,3,4,4,5,4,1,4,4,4,4,5,1,1,4,3,5,3,4,2,4,2,5,2,3,5,2,5,2,3,4,3,1,1,2,2,3,3,2,3,3,3,2,2,2,2,3,2,2,2,1,2,2,2,1,1,2,3,1,2,1,2,2,1,3,3,4,2,2,3,3,3,3,4,3,4,4,4,1
22,100,1779,1,2,1,2,3,6,10,2,3,2,4,3,2,2,5,1,1,4,2,3,4,3,3,2,3,3,2,3,3,3,3,2,3,2,3,3,3,3,3,2,3,3,4,3,2,3,3,4,3,2,2,3,2,2,2,4,4,3,3,3,2,3,3,1,2,1,2,3,3,3,2,2,2,4,1,2,2,2,2,1,1,1,2,1,2,1,3,2,1,1,3,2,2,2,3,3,3,3,3,2,4,4,4,1
23,100,1132,1,2,1,4,1,1,43,1,3,1,2,2,2,1,2,1,4,3,5,2,1,1,1,1,2,4,2,3,2,4,2,2,4,4,4,3,5,3,2,3,2,3,4,4,2,3,4,3,2,1,3,2,3,1,1,2,1,2,2,2,4,4,2,1,3,2,4,3,3,4,2,3,2,4,2,2,2,2,2,3,2,2,2,3,3,2,2,2,3,1,3,2,2,2,2,1,3,2,1,2,3,4,4,1
24,100,692,1,1,2,3,1,1,10,4,3,2,3,5,2,1,4,1,4,4,4,3,3,3,2,2,1,3,3,3,3,3,3,2,3,3,3,3,4,3,2,3,3,3,4,4,2,3,3,3,4,3,3,3,3,3,3,3,3,3,4,4,4,3,3,3,3,3,3,2,2,2,2,4,2,4,1,2,2,2,2,3,2,1,3,3,2,3,1,2,3,3,2,3,2,2,1,1,3,3,3,3,4,4,4,1
25,100,240,1,1,2,1,3,1,10,1,2,2,1,1,2,1,1,1,4,3,4,4,4,4,4,4,4,4,4,4,4,4,4,4,4,4,4,4,4,4,4,4,4,4,4,4,4,4,4,4,4,4,4,4,4,4,4,4,4,4,4,4,4,4,2,4,4,4,4,4,3,4,4,4,4,4,2,2,2,2,2,1,2,1,1,3,2,2,3,2,3,3,1,3,3,2,2,2,2,2,3,3,3,3,2,1
26,100,437,1,2,1,2,4,1,5,3,4,3,5,5,2,3,5,3,1,4,2,4,4,4,4,3,4,4,4,4,4,4,4,4,4,4,4,4,4,4,4,4,4,4,4,4,4,4,4,4,4,4,4,4,4,4,4,4,4,4,4,4,3,3,1,3,4,4,4,3,4,4,5,2,4,4,2,4,4,3,5,3,3,3,1,3,2,1,3,2,3,3,3,1,1,1,1,1,1,1,1,2,3,1,1,1
27,100,1025,1,1,2,2,1,1,43,2,4,3,3,4,2,1,4,1,4,3,4,1,2,2,1,2,2,4,3,3,3,4,3,2,3,3,2,3,4,1,2,2,3,4,4,3,3,2,5,5,3,3,1,2,4,1,1,4,2,3,3,3,3,4,2,1,3,4,3,4,4,4,5,2,4,3,2,4,4,4,4,3,1,1,2,3,2,3,2,2,2,2,1,4,3,2,2,3,2,3,3,4,4,4,4,1
28,100,458,1,2,1,3,1,1,44,1,3,3,4,5,2,2,4,1,2,4,2,1,3,4,1,1,1,4,3,4,3,4,2,1,3,2,2,3,4,1,2,2,3,3,2,3,4,2,2,3,3,2,2,3,3,2,3,3,3,2,4,3,4,3,2,3,3,2,2,4,4,2,3,3,4,3,3,4,3,3,4,2,3,2,2,1,2,2,3,2,1,3,3,4,3,3,2,3,3,3,4,4,4,4,4,1
29,100,2574,1,1,2,3,1,7,1,3,5,4,5,5,5,3,5,5,1,5,5,1,1,1,1,1,3,2,1,1,1,1,1,1,1,1,1,1,1,1,1,3,1,1,1,1,1,1,5,1,5,3,1,1,1,1,1,2,1,1,1,4,1,1,1,1,1,1,1,3,2,1,1,1,1,4,1,1,1,1,1,3,2,2,3,3,2,2,3,2,1,3,3,3,4,4,2,2,4,2,1,2,4,3,2,1
30,100,972,1,2,1,3,1,4,44,1,1,1,2,2,1,1,3,2,2,4,4,2,3,4,1,1,2,5,5,4,4,5,5,1,4,5,2,2,3,4,1,3,4,4,4,4,2,2,4,4,2,1,3,2,3,2,3,4,2,2,2,2,2,1,1,1,1,2,2,3,4,3,2,2,2,5,1,4,1,2,1,3,2,1,3,1,2,3,2,2,3,2,3,3,1,2,2,2,4,1,4,4,4,4,4,1
31,100,688,1,1,2,2,2,1,13,1,3,1,3,3,1,1,4,1,4,3,4,1,3,3,1,3,1,2,2,4,3,3,4,1,2,3,3,2,2,1,2,3,2,1,2,3,1,3,3,4,4,3,3,3,4,2,2,2,3,3,3,3,2,2,2,2,2,3,3,3,3,2,2,4,2,2,2,2,2,2,2,1,2,2,2,2,1,1,1,2,1,3,3,3,3,3,2,1,2,2,3,4,4,4,4,1
32,100,523,1,2,1,2,1,7,10,1,2,1,2,2,1,1,3,1,1,2,2,3,4,4,3,2,4,5,5,5,4,4,4,4,5,5,5,5,5,4,4,5,2,4,5,5,3,3,5,5,5,5,5,5,4,5,4,5,5,5,5,5,1,5,5,5,5,1,5,5,3,1,3,5,2,2,2,2,2,2,2,3,1,2,1,3,3,1,3,2,3,3,2,3,3,3,1,2,3,1,2,1,1,4,3,1
34,100,4908,1,1,2,1,2,6,13,1,3,1,3,4,4,1,5,1,4,2,2,5,4,2,4,3,4,2,3,3,4,4,4,1,3,3,3,2,3,1,3,5,4,3,4,4,2,3,3,5,5,3,2,5,4,3,5,5,3,3,3,5,2,4,2,3,2,2,4,3,5,4,4,2,3,3,1,1,1,1,3,3,2,2,3,2,2,3,2,2,3,2,1,3,3,4,1,1,3,1,3,4,4,4,4,1
35,100,3478,1,1,2,1,1,1,16,1,3,1,3,1,2,2,4,3,5,2,4,4,4,3,3,4,4,5,5,5,4,4,5,3,3,3,4,3,2,2,4,4,4,3,5,4,3,4,5,4,4,2,2,4,4,4,4,5,4,4,4,3,2,2,2,1,2,1,3,3,4,2,2,4,2,3,1,2,2,2,3,2,2,2,2,1,2,3,1,1,3,3,3,2,1,1,1,2,3,2,3,3,3,4,4,1
36,100,666,1,1,2,3,4,1,10,1,3,1,3,3,2,1,2,2,1,5,2,1,4,5,1,2,5,5,5,3,5,5,4,4,5,5,5,5,5,5,5,5,5,5,5,5,5,5,5,5,5,5,5,5,5,5,5,5,5,5,5,5,5,5,5,5,5,5,4,4,4,4,4,2,4,2,4,2,2,2,4,3,2,3,1,2,2,3,2,3,3,3,3,2,2,2,2,2,3,3,3,3,4,4,4,1
37,100,3757,1,1,4,4,1,1,43,1,3,1,2,3,1,2,4,1,4,4,5,4,5,5,2,3,5,5,5,4,4,5,5,4,5,2,4,5,5,4,4,5,4,5,3,5,5,5,4,5,3,3,5,2,5,4,4,5,4,5,3,4,5,4,2,4,4,3,5,4,1,1,2,2,4,4,4,5,4,4,1,3,1,2,2,2,3,3,2,2,1,3,3,1,2,1,1,2,3,2,1,3,2,4,4,1
38,100,741,1,1,6,1,1,1,8,1,4,1,3,2,3,2,5,1,2,4,4,5,5,5,3,2,4,4,4,4,4,5,5,3,4,2,5,4,5,4,2,4,3,4,5,4,3,5,5,5,4,5,5,5,5,3,5,4,2,4,5,4,1,3,2,2,2,1,5,3,5,3,3,3,3,3,3,3,3,3,3,1,3,2,3,3,2,3,2,2,3,2,3,2,2,1,1,3,2,1,1,2,3,4,4,1
39,100,473,1,1,2,1,1,4,10,3,5,1,4,4,2,2,5,3,3,5,4,1,3,4,4,4,2,3,3,3,3,3,3,2,3,2,2,1,2,1,1,3,3,3,3,3,3,3,3,3,3,3,4,2,2,3,3,2,NA,4,3,2,3,NA,3,2,2,1,1,3,3,2,2,2,2,2,2,2,2,2,2,1,3,1,2,1,2,1,1,2,1,3,1,2,2,2,2,2,2,1,3,3,NA,2,3,1
40,100,754,1,1,2,1,4,1,8,3,3,3,3,2,1,1,5,3,2,4,3,2,3,3,1,1,2,3,3,2,2,4,3,2,3,3,3,3,3,3,3,3,3,3,3,3,3,2,4,4,4,3,4,4,4,4,4,3,4,4,4,1,3,3,3,3,3,3,3,3,3,3,3,3,3,3,3,3,3,3,3,3,2,1,3,1,2,1,3,2,3,3,1,4,3,3,1,1,4,1,3,4,4,4,4,1
41,100,2594,1,2,1,1,1,1,15,1,2,1,1,2,1,1,3,1,5,1,4,2,3,2,1,1,3,5,3,3,4,5,3,1,3,3,2,4,4,1,3,3,4,4,4,3,3,3,5,4,4,4,4,3,5,5,4,4,5,3,3,5,3,3,2,3,3,1,1,3,2,2,2,4,2,4,2,2,2,2,2,1,1,2,3,3,3,2,2,3,3,2,3,2,2,2,1,1,3,2,2,2,3,4,4,1
42,100,799,1,2,4,1,1,1,15,1,2,1,1,3,2,2,2,2,5,2,5,3,5,3,2,2,4,5,3,5,4,5,4,1,5,4,4,5,5,1,2,4,4,5,5,4,2,4,5,4,5,4,4,4,5,3,5,5,3,5,5,5,2,4,2,3,4,2,4,4,1,2,2,4,2,5,1,1,1,1,1,3,2,2,3,3,2,2,2,2,3,3,3,3,1,2,1,1,2,2,1,3,4,4,4,1
43,100,4532,1,2,1,1,1,1,15,1,3,1,4,4,1,2,5,1,3,5,4,4,3,4,1,2,4,5,5,4,4,4,3,2,4,2,3,4,4,1,2,4,4,3,3,2,2,4,5,4,4,3,2,4,2,2,1,4,1,1,3,1,2,2,4,2,2,1,4,2,1,1,1,5,1,5,1,5,1,1,1,2,2,3,3,1,2,2,1,2,2,3,3,3,3,4,2,2,2,1,4,4,4,4,4,1
44,100,1369,1,1,2,1,1,1,8,2,4,3,4,4,4,3,5,3,1,4,2,2,1,1,1,1,2,3,3,2,3,5,3,1,3,1,1,1,5,4,1,3,3,3,5,3,3,3,5,5,4,2,2,3,4,2,4,3,3,4,4,1,1,1,1,1,2,1,2,2,2,3,4,2,3,5,1,2,4,2,4,3,2,1,2,3,2,1,2,3,1,2,3,4,4,3,2,1,2,2,3,3,4,4,4,1
45,100,653,1,1,2,3,4,1,43,1,3,1,3,3,1,1,4,1,4,1,4,4,4,4,4,2,4,3,3,4,3,4,4,4,4,4,3,3,3,3,3,4,4,4,3,4,2,4,3,3,3,4,3,3,4,4,3,3,3,3,4,4,3,3,4,2,2,2,4,3,4,4,4,2,4,3,2,2,2,3,3,3,2,2,2,2,2,1,3,2,3,3,3,2,2,2,2,3,3,3,2,4,4,4,4,1
46,100,270,1,1,2,1,1,1,8,1,3,2,4,5,2,1,5,3,2,3,3,4,4,4,4,4,4,4,4,3,4,4,4,4,4,4,4,4,4,4,4,4,4,4,4,4,4,4,4,4,4,4,4,4,4,4,4,4,4,4,4,4,1,4,4,4,4,4,4,3,3,3,3,3,3,3,3,3,3,3,3,3,1,2,2,3,2,1,NA,2,3,3,2,3,3,3,3,3,3,3,3,3,3,3,3,1
47,100,1128,1,1,2,4,1,1,44,1,2,1,2,3,1,1,2,1,4,2,5,1,5,5,1,5,5,5,5,5,5,5,5,5,5,5,5,5,5,5,5,5,5,5,5,5,5,5,5,5,5,5,5,5,5,5,1,5,5,1,5,1,4,3,5,1,3,5,5,2,2,3,2,4,2,4,1,1,1,1,3,3,1,2,2,3,2,3,1,3,1,3,3,2,2,2,2,2,2,2,3,2,3,4,4,1
48,100,552,1,1,2,2,1,1,17,1,2,1,2,4,1,1,2,1,4,2,5,3,3,4,1,2,3,3,5,5,4,5,5,1,3,3,1,4,5,1,2,5,4,4,4,5,3,3,5,5,4,5,2,5,4,1,1,5,2,1,4,1,3,4,3,1,3,1,2,1,1,2,1,5,1,4,1,3,1,2,1,1,2,2,2,1,2,3,2,3,1,3,2,1,1,1,1,1,4,3,2,4,4,4,4,1
49,100,616,1,1,2,1,1,4,10,1,3,2,3,1,2,1,2,3,2,4,4,2,2,2,3,2,2,4,4,2,2,4,2,3,2,2,2,2,2,2,2,2,2,3,2,2,2,2,3,2,2,2,3,3,2,2,2,2,2,2,3,3,4,3,2,3,3,3,3,1,1,1,1,1,1,1,1,1,1,1,3,3,3,1,3,3,2,3,1,2,3,2,2,3,3,2,2,1,4,1,3,3,3,4,4,1
50,100,323,1,1,2,2,2,1,13,3,5,1,3,4,2,1,5,3,4,5,3,2,4,NA,3,1,3,4,3,2,2,3,3,4,4,4,5,4,3,3,2,4,2,4,3,2,3,3,5,4,4,3,4,4,3,4,5,5,4,4,4,5,3,2,4,3,3,3,4,3,4,4,4,2,3,4,1,3,2,2,4,1,1,1,3,3,1,1,3,2,2,3,2,3,4,4,3,3,2,3,2,3,3,4,2,1
51,100,1846,1,1,2,4,1,2,44,1,1,1,2,2,1,NA,2,1,4,4,4,3,4,3,3,2,3,4,3,3,4,4,4,3,4,4,4,4,4,3,3,4,5,4,5,4,3,4,5,4,4,4,4,4,4,4,4,4,4,4,4,4,5,5,4,4,3,3,3,2,2,2,2,4,2,4,2,2,2,2,2,3,1,1,3,3,2,3,3,3,2,2,3,2,3,3,1,2,3,2,3,3,3,4,4,1
52,100,854,1,2,1,1,1,1,16,1,4,2,5,4,3,4,5,2,2,4,1,2,2,3,1,1,1,3,3,2,1,3,2,1,1,1,2,1,3,1,1,1,1,2,3,1,1,1,4,4,4,1,3,4,2,1,2,4,1,1,4,1,2,1,4,1,1,3,1,3,2,2,2,4,2,5,1,3,3,2,2,3,1,2,3,1,2,2,3,2,3,3,3,3,3,3,3,2,2,1,4,4,4,4,4,1
53,100,953,1,2,1,2,3,2,10,1,1,1,1,1,2,1,3,1,4,3,4,1,1,1,1,1,1,2,3,3,1,2,4,1,2,2,3,1,2,1,1,4,3,3,5,5,1,2,NA,3,1,1,3,1,3,2,1,5,1,1,3,1,1,NA,2,3,2,4,2,4,1,1,1,5,1,1,1,1,1,1,1,3,1,2,3,3,2,3,3,2,3,3,1,4,3,4,1,1,3,1,1,4,4,4,4,1
54,100,339,1,1,2,2,4,1,4,1,3,2,4,4,2,2,4,2,3,2,3,2,4,2,4,2,3,3,2,2,2,2,2,2,4,2,3,1,1,2,1,3,2,3,2,3,4,4,2,2,1,1,3,2,3,2,4,2,3,3,4,4,2,1,2,2,3,3,2,4,3,4,4,4,2,2,2,3,1,3,1,2,2,1,1,3,2,1,3,2,3,3,3,3,3,2,3,3,4,4,3,3,4,4,4,1
55,100,330,1,1,2,2,1,1,10,1,2,2,3,3,1,2,2,1,4,4,5,4,5,5,5,5,5,5,5,5,5,5,5,5,5,5,5,5,5,4,5,5,5,5,5,5,5,5,5,5,5,5,5,5,5,5,5,5,5,4,5,4,2,5,2,5,4,1,3,3,3,4,4,3,3,3,3,3,3,4,4,1,2,1,1,2,2,1,3,2,1,3,1,2,2,2,2,1,2,2,2,1,1,2,2,1
56,100,901,1,1,2,1,1,1,8,1,3,1,3,2,4,5,5,1,2,4,3,1,1,3,1,1,1,1,2,3,4,5,4,1,1,1,1,1,1,1,1,5,3,4,4,4,1,1,5,5,5,4,2,5,4,3,1,4,1,1,3,1,1,5,1,1,2,1,1,3,3,2,3,3,3,4,2,2,2,2,3,3,2,3,3,3,1,1,1,1,3,1,3,4,4,4,1,1,3,1,4,4,4,4,3,1
57,100,764,1,2,1,1,1,1,43,1,3,2,1,3,1,1,1,1,5,2,5,3,4,3,1,2,4,5,4,4,2,4,3,2,3,3,3,4,4,3,3,5,4,4,4,4,3,4,3,4,4,2,2,2,4,4,4,5,4,4,4,4,2,4,3,2,3,1,1,2,2,2,2,2,2,4,2,2,2,2,2,1,2,2,3,2,2,1,1,2,3,3,3,3,2,2,1,4,2,2,4,4,3,4,4,1
58,100,408,1,1,2,3,4,6,3,3,5,4,4,3,3,4,4,5,1,5,3,3,3,3,3,3,3,3,3,3,3,3,3,3,3,3,3,3,3,3,3,3,3,3,3,3,3,3,3,3,3,3,3,3,3,3,3,3,3,3,3,3,3,3,3,3,3,3,3,3,3,3,NA,3,NA,3,3,3,3,3,3,1,2,3,2,1,1,3,2,1,2,2,3,3,3,3,3,NA,3,3,3,3,3,3,3,1
59,100,1103,1,1,2,3,1,1,17,1,5,2,4,3,2,1,5,1,3,2,4,2,2,4,1,3,2,3,2,5,4,4,4,1,5,4,3,4,4,3,3,2,4,4,5,4,3,4,4,5,4,3,4,5,5,4,2,5,3,1,3,2,2,2,1,2,4,3,3,2,1,2,1,3,1,4,1,1,2,1,3,3,2,1,2,3,2,3,2,2,1,3,3,2,3,2,1,1,2,1,3,2,3,4,4,1
60,100,9514,1,1,4,2,1,1,44,1,1,1,2,1,1,1,2,1,3,3,4,4,3,3,2,2,2,5,5,5,4,5,4,1,3,3,3,3,3,1,1,4,4,4,3,3,2,3,5,3,3,1,1,3,1,4,3,5,3,2,3,3,3,3,2,1,1,3,5,1,1,1,1,5,1,5,1,1,1,1,1,3,1,1,1,2,2,3,1,3,3,3,1,4,3,3,2,1,3,2,4,3,3,4,4,1
61,100,358,1,2,1,2,1,6,8,NA,5,5,5,1,1,3,4,2,3,5,3,5,3,3,4,4,4,4,4,3,4,4,4,4,4,3,4,3,3,4,4,4,4,4,4,3,3,3,4,4,4,3,4,4,4,4,4,4,3,3,3,4,1,3,2,2,2,2,2,3,3,3,3,3,3,3,3,3,NA,4,4,2,1,1,2,1,2,1,1,2,3,2,3,4,3,3,3,3,2,2,2,3,3,2,3,1
62,100,1085,1,1,2,1,4,1,3,1,3,1,3,2,1,1,3,2,4,3,4,3,4,3,2,4,3,5,5,5,4,5,5,4,4,4,3,4,4,3,3,4,3,3,3,4,3,3,4,5,3,3,4,3,3,3,2,4,3,2,3,1,4,2,2,1,1,1,3,1,2,2,2,2,2,2,2,2,2,2,2,3,2,2,1,1,2,3,1,2,3,3,1,3,2,1,1,2,1,1,1,2,4,4,4,1
63,100,867,1,1,2,2,2,1,6,1,2,1,2,1,1,1,5,1,2,4,4,3,4,4,4,5,5,5,5,5,5,5,5,5,5,4,4,5,4,2,5,5,5,3,5,5,5,5,5,4,4,5,4,4,5,5,5,5,4,2,5,5,4,5,5,4,4,5,4,1,1,1,1,5,1,5,1,1,1,1,1,3,2,1,3,3,1,3,2,3,1,2,1,3,1,1,1,1,3,1,1,1,4,1,4,1
64,100,15879,1,1,2,2,3,1,10,1,4,NA,5,4,1,3,5,1,4,4,2,5,5,5,3,5,3,5,5,5,5,5,5,4,5,5,5,5,5,4,5,5,5,5,5,5,5,5,5,5,5,4,5,5,5,5,2,5,5,2,5,2,5,4,3,4,5,1,5,3,5,5,5,1,4,3,4,4,5,5,5,3,2,2,2,1,2,3,3,2,3,2,3,2,2,2,1,1,4,1,3,2,3,4,3,1
65,100,176,1,1,2,2,3,1,10,3,3,3,3,3,3,3,2,3,3,3,3,3,3,3,3,3,3,3,3,3,3,3,3,3,3,3,3,3,3,3,3,3,3,3,3,3,3,3,3,3,3,3,3,3,3,3,3,3,3,3,3,3,3,3,3,3,3,3,3,3,3,3,3,3,3,3,3,3,2,2,2,2,1,1,2,2,1,3,1,2,2,2,2,3,3,3,3,3,3,3,3,3,3,3,3,1
66,100,1098,1,1,2,5,1,1,10,5,5,1,5,5,1,2,4,1,2,5,4,5,5,5,5,4,3,5,4,3,5,5,5,3,5,4,4,2,3,1,1,3,4,5,3,4,3,5,5,5,3,4,4,3,5,3,1,4,3,1,4,1,3,1,1,2,4,2,4,3,3,3,3,3,3,3,3,3,3,3,3,1,1,3,1,2,2,3,3,2,2,3,3,1,1,2,2,2,2,3,3,2,3,4,3,1
67,100,604,1,2,1,5,4,1,4,1,3,1,3,5,4,2,5,1,2,5,4,3,4,2,3,2,3,4,4,4,3,4,4,3,4,4,4,3,4,2,2,4,4,4,4,4,4,4,3,3,3,3,3,3,3,3,3,3,3,3,3,3,3,3,3,3,3,3,3,3,3,3,3,3,3,3,3,3,3,3,3,3,2,1,3,3,2,1,3,2,1,1,3,3,1,1,1,2,2,3,1,3,4,4,4,1
68,100,669,1,2,5,4,1,1,44,1,3,1,3,2,1,1,4,1,4,2,4,3,5,2,1,3,3,5,5,5,5,5,5,2,5,3,3,2,5,1,3,5,3,4,5,3,5,5,5,5,5,3,5,5,5,5,2,5,3,5,2,4,1,2,4,3,5,2,5,1,1,1,1,5,1,5,1,1,1,1,4,3,3,1,1,3,2,1,3,3,3,3,3,2,2,2,3,2,4,4,4,4,3,4,4,1
69,100,706,1,1,2,1,4,1,8,1,2,1,1,1,1,1,3,1,5,1,4,1,3,1,1,1,4,5,3,4,4,5,5,2,3,1,1,2,3,1,1,3,4,3,3,3,4,3,5,5,5,1,1,2,5,2,2,5,2,1,4,1,1,1,1,1,4,1,4,2,2,1,2,4,2,4,2,2,2,2,2,3,2,1,1,3,1,1,3,2,1,2,2,3,3,3,1,1,4,3,2,4,4,4,4,1
70,100,498,1,2,1,3,1,1,15,1,2,1,3,2,1,1,5,2,4,3,5,3,3,4,1,2,3,4,4,3,4,5,5,2,4,4,5,4,3,1,1,5,4,3,4,4,1,3,4,4,3,4,4,5,4,5,4,3,4,1,4,1,1,1,1,2,3,1,3,3,2,2,2,3,3,4,2,2,2,2,3,1,1,2,3,3,2,2,3,2,1,1,3,3,3,3,2,3,3,2,3,3,4,4,4,1
71,100,1332,1,2,1,1,1,1,15,1,1,2,2,3,1,1,3,1,5,1,5,2,5,4,2,4,5,5,5,4,5,5,4,2,3,4,5,3,3,3,4,5,4,4,5,3,4,4,5,4,4,4,3,4,5,3,3,5,5,5,5,5,2,4,4,3,4,2,3,2,2,3,2,5,2,4,2,2,2,2,2,3,2,2,1,1,2,2,3,2,3,3,3,3,2,2,1,4,3,1,2,1,4,4,4,1
72,100,496,1,1,2,1,1,4,11,1,2,1,2,2,1,1,2,1,5,3,4,5,5,5,5,4,5,4,4,3,3,5,5,5,5,5,5,5,5,4,4,4,4,4,4,5,5,5,4,5,5,4,4,4,5,4,5,5,4,4,4,5,3,3,3,5,4,4,5,2,2,2,2,5,1,5,1,1,1,1,1,2,2,2,3,3,1,3,1,2,3,3,1,3,2,2,2,2,3,2,2,3,4,4,4,1
73,100,292,1,2,1,1,2,1,8,1,1,1,2,2,2,1,5,2,1,3,2,3,3,3,3,3,3,3,3,3,3,3,3,2,2,3,2,3,3,3,3,3,3,3,2,4,4,3,3,3,2,3,3,4,3,3,NA,2,3,2,4,3,3,3,2,3,3,2,3,2,3,2,2,2,2,1,1,3,3,3,3,1,1,1,1,3,3,3,2,2,3,2,2,3,3,2,3,3,3,2,3,3,4,4,4,1
74,100,454,1,1,2,2,4,1,4,1,3,1,2,3,1,1,5,1,4,3,3,4,2,4,4,4,4,4,2,4,3,4,4,3,4,3,4,4,4,4,3,2,3,4,4,4,4,4,4,4,4,3,3,3,2,3,5,5,3,5,5,5,3,4,NA,2,2,1,4,4,2,2,2,4,2,2,2,2,2,2,4,2,2,3,3,3,2,1,2,2,1,3,2,3,3,1,1,1,3,1,1,3,4,4,4,1
75,100,698,1,2,1,2,4,6,5,1,2,1,2,3,1,1,3,1,5,4,5,3,4,4,1,2,3,5,2,4,3,4,5,3,4,3,5,5,4,2,4,4,3,2,5,4,4,3,5,5,4,2,2,1,3,1,3,1,1,1,4,1,3,5,1,4,2,1,2,1,3,2,4,5,4,5,1,1,1,1,1,1,2,2,1,3,1,3,1,2,3,3,2,1,2,1,1,1,3,2,2,1,4,3,2,1
76,100,900,1,2,1,2,2,1,13,2,5,3,5,5,2,1,5,3,1,5,3,1,1,1,2,2,1,2,3,2,1,2,1,2,2,1,1,1,1,1,2,3,3,2,2,4,2,2,5,4,5,4,4,4,3,3,3,3,1,2,4,4,1,4,2,3,4,1,3,1,2,2,3,2,2,3,2,3,3,2,2,3,2,1,1,3,3,2,3,3,3,3,3,3,3,3,2,1,2,1,2,4,4,3,3,1
77,100,38029,1,1,2,2,4,1,3,1,3,1,2,3,1,3,4,3,2,5,2,5,5,5,1,5,5,5,1,1,5,5,5,5,5,5,1,5,5,1,5,1,5,1,5,5,1,5,5,3,3,2,3,4,2,5,3,4,2,4,2,4,5,2,3,3,5,2,5,4,4,4,3,2,2,2,2,2,2,2,2,1,1,1,2,3,2,3,3,2,3,3,3,3,3,1,3,NA,1,3,1,3,3,NA,2,1
78,100,450,1,2,1,3,1,1,44,1,3,1,2,1,4,1,4,1,4,2,4,1,4,4,1,2,5,4,4,4,5,5,3,1,3,5,2,3,4,1,4,1,3,4,1,3,4,4,1,3,3,3,4,2,5,5,3,4,3,3,5,2,1,3,3,2,4,5,5,1,1,1,1,4,1,4,1,1,1,1,1,3,2,2,3,3,2,1,1,2,1,3,2,3,2,4,2,2,2,4,3,2,1,3,3,1
79,100,12180,1,1,3,3,1,1,44,2,3,1,3,2,1,1,4,1,5,2,4,2,4,3,1,2,3,4,5,4,3,5,4,1,4,5,3,2,5,3,1,4,4,5,4,4,2,3,5,4,2,3,5,5,4,3,1,4,2,1,4,1,1,4,2,1,3,3,4,2,1,3,3,5,1,1,1,1,1,1,1,1,1,2,3,1,3,3,1,2,1,3,3,3,2,3,2,3,2,3,3,2,4,4,4,1
80,100,76252,1,2,1,1,2,1,8,2,4,2,3,3,2,2,4,2,4,3,4,4,4,3,2,3,3,3,3,4,3,4,4,2,4,3,3,2,3,2,3,3,3,3,4,4,3,3,4,4,4,3,3,3,3,3,4,3,3,4,4,4,2,3,3,2,3,3,3,3,2,3,3,2,3,3,2,3,3,3,3,1,1,2,3,3,2,2,3,2,3,3,3,3,3,3,2,2,2,3,3,3,3,3,3,1
81,100,238,1,1,2,4,4,1,43,3,4,2,3,3,3,3,3,3,4,4,4,4,4,3,4,4,4,3,4,4,4,4,4,4,4,4,4,4,4,3,3,3,3,4,2,2,2,4,NA,4,3,4,3,3,3,3,3,4,4,3,4,4,4,4,3,4,4,4,4,3,3,3,4,4,3,3,3,4,4,3,2,2,3,3,2,3,3,3,3,3,2,3,2,3,3,3,3,2,3,3,3,3,3,3,3,1
82,100,836,1,1,2,5,1,1,12,1,3,1,3,4,2,1,4,1,4,2,4,3,3,4,4,2,4,5,4,4,3,5,4,4,4,3,3,3,4,2,2,3,3,4,4,5,4,4,4,4,4,3,4,4,4,4,2,4,2,2,4,2,3,2,3,4,2,4,4,2,3,3,3,3,2,4,3,3,2,3,4,1,1,1,2,1,1,1,1,2,3,3,1,1,2,2,1,1,1,1,3,2,2,4,4,1
83,100,662,1,1,2,1,1,1,10,1,5,2,NA,5,1,2,5,1,1,5,2,2,2,4,2,5,3,5,5,3,3,3,4,3,4,4,4,4,3,4,3,4,4,3,4,3,3,4,4,4,4,4,4,4,4,3,5,5,4,4,3,4,2,3,1,4,4,2,3,2,5,5,5,3,5,5,5,5,5,5,5,3,2,2,2,3,2,1,1,2,1,2,3,4,4,4,3,1,1,2,4,3,4,4,4,1
84,100,685,1,1,2,1,2,1,11,2,5,1,3,3,4,3,5,3,4,4,3,3,2,1,2,1,2,2,2,2,3,2,3,1,3,2,2,3,2,4,4,2,2,2,4,3,2,3,1,3,3,3,3,3,3,3,3,3,3,3,3,3,1,1,3,2,2,3,3,3,5,4,5,1,5,2,3,4,4,4,4,3,1,1,3,3,3,3,3,1,3,3,3,3,3,2,2,2,2,2,3,3,3,4,4,1
91,97,270,1,2,1,2,2,1,7,2,3,3,3,3,2,1,3,2,2,5,2,4,4,4,3,3,3,3,3,3,3,3,3,3,3,3,3,3,3,3,3,3,3,3,3,3,3,3,3,3,3,3,3,3,3,3,3,3,3,3,3,3,3,3,3,3,3,3,3,3,3,3,3,3,3,3,3,3,3,3,3,2,2,1,2,1,2,2,2,3,2,3,3,3,3,3,3,3,3,3,3,3,3,3,3,1
92,97,219,1,1,2,2,2,1,8,3,5,1,3,3,2,1,1,2,1,1,2,4,3,4,4,3,3,3,4,NA,2,3,3,3,3,3,3,3,3,3,3,3,3,3,3,2,4,4,3,3,4,2,3,2,4,3,2,3,3,2,3,2,2,3,3,2,3,3,3,1,3,4,3,3,4,3,3,3,3,2,1,3,2,1,1,1,1,1,1,1,1,2,2,2,2,2,3,3,3,2,3,3,3,2,2,1
93,97,278,1,1,2,5,2,1,7,3,5,1,5,4,1,1,1,1,1,5,2,3,5,3,2,1,5,5,5,5,5,5,5,5,5,5,5,5,5,5,5,5,5,5,5,5,5,5,5,5,5,5,5,5,5,5,5,5,5,5,5,5,5,5,5,5,5,5,5,3,3,3,3,3,3,3,3,3,3,3,3,1,2,1,2,1,2,1,2,2,1,3,2,2,2,2,2,2,2,2,2,2,2,2,2,1
96,97,282,1,1,2,2,2,1,8,3,5,3,5,3,4,3,5,3,2,5,4,3,3,3,3,3,3,4,4,4,4,4,4,4,4,4,4,4,4,4,4,4,4,4,4,4,4,4,4,4,4,4,4,4,4,4,4,4,4,4,4,4,2,2,2,2,3,2,4,1,5,1,5,NA,5,5,5,5,5,3,3,3,3,1,1,2,1,1,1,2,3,3,1,3,3,NA,2,1,2,1,2,1,1,1,3,1
97,97,397,1,1,2,2,3,1,10,4,3,1,4,4,3,1,5,2,2,4,4,2,4,1,1,1,2,1,4,1,1,1,4,2,4,4,2,4,4,1,4,2,4,1,4,2,5,3,2,4,1,1,1,3,4,1,3,3,5,3,2,1,1,2,2,2,3,4,4,3,5,5,2,3,4,2,3,4,4,4,4,3,2,2,3,1,2,2,3,2,3,3,3,4,3,2,1,1,1,1,4,4,4,4,4,1
100,97,424,1,2,1,1,2,1,1,2,2,3,3,3,4,2,4,3,3,4,3,3,4,2,2,2,3,3,3,3,3,4,4,3,3,3,3,3,3,3,3,3,3,3,3,2,2,3,NA,3,3,3,3,3,3,3,3,3,3,3,3,3,3,3,3,3,3,3,3,3,3,3,3,3,3,3,3,3,2,2,3,2,1,2,3,3,2,2,3,2,3,1,3,3,3,3,3,3,3,3,3,3,4,4,4,1
102,97,349,1,1,2,3,2,2,10,1,4,1,5,3,1,1,5,2,4,4,4,5,5,5,5,5,5,5,2,4,4,5,5,3,5,5,5,5,5,5,5,5,5,5,5,5,5,5,5,5,5,5,5,5,5,5,5,5,5,5,5,5,5,5,5,5,5,5,5,2,2,1,1,5,1,5,1,1,2,2,1,1,2,1,3,1,2,1,3,2,1,3,2,3,1,2,2,1,1,1,3,2,2,4,4,1
103,97,497,1,1,2,3,4,1,43,3,4,2,4,3,1,1,5,2,2,5,5,5,3,2,4,3,4,4,2,4,3,5,5,5,4,4,1,3,2,5,3,4,2,4,2,5,3,2,5,3,4,2,2,3,3,4,2,3,3,3,4,3,2,3,4,2,5,1,4,4,4,4,4,2,4,2,2,2,2,3,3,3,2,1,1,3,3,2,1,1,3,3,3,2,2,2,1,1,2,2,2,3,3,4,4,1
104,97,427,1,1,2,1,2,1,13,1,3,1,3,2,1,1,3,1,4,2,4,2,4,3,1,2,2,4,3,5,4,5,5,2,4,3,3,2,4,4,3,4,2,3,2,3,2,3,3,2,4,3,3,3,4,3,4,3,2,5,4,3,3,2,3,2,4,3,2,2,4,4,4,3,4,1,1,2,1,2,3,3,2,3,3,2,2,1,3,2,1,3,1,3,2,2,2,1,2,1,2,1,2,3,2,1
105,97,513,1,1,2,3,4,1,6,2,4,1,5,5,3,2,5,3,2,5,4,4,5,4,4,4,3,4,4,4,4,5,4,3,5,4,4,4,4,3,3,5,5,4,4,4,4,4,5,5,4,4,4,4,4,4,5,4,4,4,4,4,3,4,3,4,4,4,4,3,4,4,4,2,4,2,3,4,4,4,4,3,2,1,2,3,2,1,1,2,1,3,3,3,3,3,2,2,2,3,3,3,4,4,4,1
106,97,479,1,1,2,1,3,1,10,3,4,2,5,3,1,2,5,1,1,5,4,3,4,2,4,2,5,5,4,5,3,4,2,2,5,5,3,4,2,1,2,5,4,2,5,4,4,4,5,4,4,3,3,5,4,2,5,5,2,5,5,5,2,3,3,3,4,4,5,4,5,4,3,2,3,3,3,3,3,2,3,3,2,2,2,3,2,3,2,2,3,3,2,3,4,3,2,1,2,2,3,4,4,4,4,1
108,97,421,1,2,1,2,2,1,13,1,3,3,4,3,4,1,5,3,4,2,4,5,5,5,5,5,5,5,5,5,5,5,5,5,5,5,5,5,5,5,5,5,5,5,5,5,5,5,5,5,5,5,4,4,5,5,5,5,5,5,5,5,1,2,5,5,5,2,5,3,3,2,2,5,2,1,1,1,1,1,1,2,2,1,2,1,1,1,NA,2,1,1,1,1,1,1,1,1,1,1,1,1,1,1,1,1
109,97,565,1,1,2,1,3,1,10,3,3,1,3,5,2,3,5,3,3,4,2,2,3,1,1,2,3,4,5,4,3,5,4,4,5,3,5,4,3,1,3,5,4,3,5,4,3,4,5,4,4,4,4,4,5,3,1,4,2,1,3,1,2,1,2,2,2,2,3,3,4,4,4,2,3,3,1,2,2,2,3,3,2,2,3,1,2,2,1,2,3,3,3,4,3,4,1,1,3,1,3,3,4,4,4,1
110,97,550,1,1,2,1,4,1,10,1,2,2,2,3,2,1,2,1,3,3,4,3,2,3,1,2,3,4,3,3,3,4,4,3,3,3,3,4,4,3,3,3,3,2,4,3,1,2,3,3,4,4,3,4,4,3,4,4,3,4,4,3,1,2,1,2,3,1,3,3,3,4,3,4,3,4,2,2,2,2,2,2,1,1,2,3,2,3,2,2,3,3,3,3,3,2,2,1,3,2,2,3,4,4,4,1
111,97,596,1,1,2,1,3,2,10,2,3,3,3,4,4,2,5,3,4,5,2,2,4,2,1,2,2,5,5,4,3,5,5,2,4,2,2,3,4,1,2,4,4,5,3,4,3,3,5,5,4,4,4,5,5,2,2,4,2,3,3,2,2,2,3,3,4,1,5,3,4,4,4,2,4,3,3,3,2,2,2,3,1,1,3,1,2,1,3,2,3,3,3,3,2,2,2,2,3,3,3,2,4,4,4,1
112,97,584,1,1,2,1,3,1,5,1,3,1,3,3,2,2,4,3,4,2,4,2,3,2,2,2,1,3,4,3,4,4,4,2,2,4,3,3,3,2,2,4,4,3,3,3,2,3,4,4,4,3,2,4,3,2,4,4,4,3,3,4,3,3,2,2,3,3,2,4,3,4,4,2,3,4,2,3,3,4,4,3,2,1,1,2,2,1,3,2,1,3,3,3,3,4,2,2,3,3,3,4,4,4,4,1
113,97,584,1,2,1,5,1,1,44,1,3,1,3,3,1,1,4,1,4,3,5,4,4,4,4,4,4,5,5,5,5,5,5,5,5,5,5,5,2,2,5,5,4,5,5,5,5,5,5,5,5,5,5,5,5,5,5,5,5,5,5,5,5,1,5,4,5,5,5,1,1,1,1,5,1,1,1,1,1,1,3,2,2,2,3,1,2,3,3,3,3,1,2,1,1,1,1,1,2,1,1,1,2,4,4,1
115,97,563,1,1,2,4,4,1,43,1,2,2,2,2,1,1,3,1,5,3,4,5,5,5,5,5,5,5,5,3,4,4,4,4,5,3,4,5,5,3,4,3,3,4,5,5,5,5,5,5,5,5,4,5,5,5,2,5,5,1,2,5,2,3,2,1,1,1,3,3,4,4,4,2,2,3,1,1,1,1,1,1,1,3,3,1,1,1,1,2,1,3,3,1,1,1,1,1,1,1,1,1,3,4,4,1
116,97,550,1,1,2,2,1,2,15,1,3,1,4,5,2,1,5,2,4,4,5,1,5,5,1,5,2,4,5,5,4,3,3,3,5,4,5,5,5,5,5,5,5,5,5,5,5,5,5,5,5,5,5,5,5,3,3,3,3,4,4,4,1,NA,3,5,5,2,5,3,2,1,3,2,4,3,3,3,1,2,2,3,2,1,3,2,2,3,3,2,3,1,2,2,3,1,NA,2,3,2,2,2,1,3,4,1
117,97,667,1,1,2,3,4,1,4,3,3,2,3,2,2,2,5,3,3,4,4,4,3,3,4,4,4,3,2,3,3,3,3,3,4,3,3,4,4,4,4,3,3,4,3,3,4,3,5,4,4,3,3,3,3,4,4,3,4,4,4,4,3,4,2,2,4,3,4,3,4,3,3,2,3,3,3,3,3,3,3,3,2,1,1,3,2,2,1,3,1,3,3,3,2,1,1,1,3,1,2,3,3,4,4,1
118,97,554,1,2,1,3,1,4,10,3,2,1,1,4,2,1,3,2,4,3,4,3,4,5,3,5,3,5,5,5,4,5,5,5,3,4,2,3,4,1,4,4,3,3,4,4,4,4,4,3,4,4,5,5,5,4,2,4,4,4,4,2,5,3,5,3,4,3,5,2,1,1,1,4,2,2,3,3,2,2,3,3,3,1,1,3,2,3,1,1,2,1,3,3,1,2,1,1,2,2,3,1,3,4,4,1
119,97,654,1,1,2,2,1,1,13,3,4,1,4,4,3,3,5,3,2,4,2,2,2,2,2,1,2,1,1,4,1,3,1,1,1,3,2,2,2,1,1,1,2,3,1,2,1,2,4,3,3,1,2,4,3,2,1,2,1,1,1,1,3,3,3,1,1,3,1,4,4,2,5,1,4,3,3,3,4,4,4,3,2,1,3,2,1,3,2,3,3,3,3,4,3,3,3,2,3,3,4,4,3,4,4,1
120,97,670,1,2,1,3,2,1,13,3,5,4,5,5,4,3,5,4,1,5,1,2,3,1,1,1,2,3,2,2,1,2,1,2,1,2,1,1,2,2,1,1,1,2,3,2,2,2,4,3,3,2,2,4,4,2,2,2,1,2,2,4,1,2,4,3,2,1,2,2,4,4,4,2,2,3,3,3,3,3,3,3,3,3,3,3,2,1,2,3,3,3,3,3,3,2,2,2,1,2,3,2,3,4,4,1
122,97,780,1,1,2,4,3,2,12,2,4,3,4,3,3,2,5,3,2,1,3,2,1,1,1,2,1,2,3,3,2,4,4,3,3,3,4,4,2,1,1,3,3,2,5,4,4,3,3,4,4,2,3,3,4,2,3,3,2,2,2,2,1,3,3,3,2,2,4,3,4,4,3,3,3,3,3,3,3,3,3,3,3,3,2,3,2,3,2,2,3,1,3,3,4,3,1,1,3,1,2,4,3,2,4,1
123,97,751,1,1,3,1,1,6,10,2,1,1,1,1,2,2,2,1,1,2,4,1,2,1,1,1,2,1,3,4,3,4,4,1,4,3,3,4,3,1,1,3,3,4,3,4,1,3,5,5,2,3,5,2,4,1,1,4,2,2,3,2,1,3,1,2,3,1,4,2,4,4,3,3,2,4,1,2,2,2,3,3,2,2,3,1,1,1,2,2,3,2,3,3,2,2,2,2,4,2,4,4,4,4,2,1
124,97,734,1,2,1,3,1,4,15,1,3,1,3,4,1,1,4,1,3,2,4,1,5,3,1,1,1,5,5,5,4,5,5,1,4,3,3,4,4,1,1,4,2,4,2,3,1,3,5,4,5,3,2,5,4,2,4,4,2,3,4,2,2,3,1,1,1,4,3,1,1,1,1,5,1,5,1,1,1,1,1,1,1,2,3,1,2,1,2,3,3,2,3,3,3,3,1,2,1,1,3,3,4,4,4,1
125,97,491,1,2,1,2,4,1,6,1,2,1,2,1,2,1,2,1,4,2,4,4,5,5,5,5,5,5,4,4,4,5,5,5,5,5,5,5,4,5,4,5,5,5,5,5,5,5,5,5,5,4,5,5,5,5,5,5,5,5,5,5,4,4,1,3,4,5,3,3,2,2,3,3,3,3,3,3,3,3,3,3,2,1,1,1,1,3,1,2,3,2,3,3,2,2,2,2,2,2,2,3,4,4,4,1
126,97,585,1,1,2,2,1,1,1,1,1,1,2,2,2,1,3,2,4,1,4,2,3,2,3,3,2,4,3,3,3,3,4,4,4,4,3,4,3,4,4,3,3,4,4,4,4,4,4,4,5,3,3,3,4,3,5,5,5,4,4,4,2,3,3,2,4,1,2,3,4,4,3,3,3,4,2,2,2,2,2,3,2,1,3,1,2,1,1,2,3,3,3,4,3,3,3,2,2,2,4,3,4,4,4,1
127,97,239,1,1,2,1,4,2,3,2,5,5,5,5,5,3,5,5,3,3,3,3,3,3,3,3,3,3,3,3,3,3,3,3,3,3,3,3,3,3,3,3,3,3,3,3,3,3,3,3,3,3,3,3,3,3,3,3,3,3,3,3,3,3,3,3,3,3,3,1,1,1,1,1,1,1,1,1,1,1,1,1,3,1,1,1,1,1,1,2,1,3,3,2,2,2,2,2,2,2,2,2,2,2,2,1
128,97,771,1,1,2,1,1,2,12,1,3,2,3,2,1,1,4,2,4,4,5,1,2,2,1,1,1,4,2,1,2,2,2,1,2,1,2,4,2,1,1,3,2,2,4,2,1,2,1,2,2,1,1,4,2,1,2,4,1,1,4,2,1,1,2,1,2,1,3,3,3,2,3,3,3,3,2,3,2,2,3,3,1,1,1,2,1,1,3,2,1,3,2,3,3,3,2,1,3,2,4,3,4,3,4,1
129,97,684,1,2,1,1,1,1,17,1,3,1,3,2,2,1,4,1,3,3,4,3,3,3,1,4,1,5,5,5,4,5,5,1,4,3,3,4,5,1,3,3,1,3,3,5,3,5,4,3,4,1,4,5,5,1,1,4,1,1,3,1,1,5,1,3,4,3,3,1,1,1,1,4,2,4,2,2,2,2,2,3,3,1,3,1,1,2,3,3,3,1,3,3,3,4,2,1,3,2,4,4,4,4,4,1
130,97,793,1,1,2,1,4,6,5,1,3,2,4,4,4,4,5,4,2,4,3,2,3,2,1,2,1,3,3,4,2,2,2,1,3,3,3,2,3,2,1,3,3,4,4,3,2,2,3,3,3,2,4,3,2,2,4,4,3,4,4,4,1,3,1,2,3,1,2,4,4,4,4,2,4,2,3,4,4,4,4,2,1,1,1,1,2,1,3,2,1,3,3,3,2,2,1,2,4,2,3,4,3,4,4,1
131,97,544,1,2,1,2,1,1,43,1,2,1,1,1,1,1,2,1,4,2,5,3,4,4,2,2,2,4,4,4,4,4,4,3,4,4,4,4,4,1,2,4,3,4,2,4,2,4,4,4,2,2,4,4,4,3,4,4,4,4,4,4,4,4,1,2,3,4,4,2,2,2,2,4,2,4,2,2,2,2,2,3,2,2,2,3,2,3,3,2,1,3,3,1,1,1,1,1,1,1,1,2,3,4,4,1
133,97,608,1,1,2,1,3,1,10,1,3,1,3,4,4,1,5,1,4,2,4,3,4,4,1,2,1,2,2,2,3,4,4,1,4,1,3,2,2,1,2,3,2,2,3,3,1,4,4,4,4,2,5,2,3,4,1,4,1,2,3,1,5,1,1,1,2,2,2,3,2,4,2,3,3,4,2,2,2,2,2,3,2,1,3,3,2,3,3,2,3,3,1,3,2,3,2,1,1,1,3,4,4,4,4,1
134,97,882,1,1,2,3,2,2,13,1,5,1,4,5,1,1,5,3,1,5,4,5,3,3,1,1,1,4,2,4,4,5,3,1,5,4,4,2,3,1,2,3,3,5,4,5,3,5,5,4,5,4,2,3,3,3,4,5,4,3,4,3,1,4,4,2,2,1,4,3,1,4,4,3,3,4,1,1,1,1,3,3,2,3,NA,3,2,2,3,2,1,3,1,1,3,1,3,1,2,3,4,1,3,1,1,1
137,97,629,1,1,2,1,3,1,10,1,5,5,5,4,5,3,5,4,2,4,4,4,3,4,4,4,4,4,4,4,4,4,3,3,3,4,3,3,3,4,4,4,4,3,3,2,2,3,4,3,4,3,4,3,3,3,4,3,4,3,3,3,4,4,3,3,4,4,4,5,5,5,5,5,4,4,4,4,4,4,4,2,1,1,2,3,3,2,3,2,3,3,3,3,3,2,3,1,2,3,1,3,2,3,3,1
138,97,559,1,1,2,3,2,1,13,3,4,4,5,5,4,5,5,3,1,5,2,3,3,2,2,3,4,2,3,4,3,5,4,2,3,1,3,2,3,4,4,4,3,3,3,3,3,3,3,3,3,3,3,3,3,3,3,3,3,3,3,3,4,3,3,3,3,3,3,4,4,4,4,1,4,1,4,4,4,4,4,2,2,1,2,2,2,3,3,2,3,3,2,4,3,3,2,3,3,2,1,2,4,4,4,1
139,97,607,1,1,2,5,1,1,13,1,3,1,3,2,2,1,4,1,5,2,4,2,2,1,1,1,1,1,1,4,1,1,2,1,2,2,2,1,2,1,1,1,1,2,3,1,1,1,5,1,3,1,4,3,4,1,1,1,1,1,1,1,1,1,1,1,3,1,1,3,3,3,3,3,3,3,3,3,3,3,3,3,2,3,3,3,2,3,2,3,1,3,3,4,3,3,2,1,4,2,3,4,4,4,4,1
140,97,523,1,1,2,1,1,1,10,2,4,1,4,2,2,1,4,3,2,3,4,2,4,3,2,3,4,3,4,4,5,5,4,3,5,3,5,4,3,3,2,4,3,5,5,2,3,4,5,5,3,3,5,3,4,3,4,4,3,2,5,3,3,2,2,1,1,3,5,4,4,3,4,2,3,5,1,2,2,2,5,3,2,1,3,2,2,1,2,2,3,2,2,2,2,2,3,1,2,1,2,3,4,4,4,1
141,97,625,1,1,2,4,3,1,10,2,3,1,2,2,1,1,3,1,4,3,4,2,4,3,3,2,4,2,4,4,3,4,4,3,3,4,4,2,3,2,3,5,3,2,2,4,4,3,4,4,4,3,4,4,4,3,4,3,2,4,4,4,3,3,3,3,2,1,1,4,2,3,2,4,2,4,2,2,2,2,2,2,2,2,3,3,2,2,3,2,1,1,3,2,1,1,1,2,3,2,2,4,4,4,4,1
142,97,650,1,2,1,1,1,1,16,1,1,1,1,1,1,1,1,1,5,2,5,3,4,3,1,3,2,5,5,4,3,5,5,3,5,2,4,3,5,1,4,5,2,5,5,4,4,4,5,5,3,3,4,4,5,5,4,5,3,3,4,3,2,3,3,2,2,2,2,1,1,1,1,5,1,1,1,1,1,1,1,1,2,2,2,1,2,2,1,2,1,3,2,1,1,1,1,1,1,1,1,1,1,4,4,1
144,97,469,1,2,1,1,1,1,10,2,3,2,4,4,4,2,5,2,2,3,4,4,4,4,3,3,3,4,4,3,3,4,2,1,4,3,3,3,2,4,3,4,4,4,3,3,3,4,4,3,2,3,2,2,4,2,2,4,3,2,3,4,4,3,3,3,2,4,4,4,2,2,2,4,4,4,1,2,2,2,2,3,2,1,3,3,2,2,3,2,1,3,3,2,2,2,2,2,2,2,3,3,2,3,3,1
145,97,543,1,2,1,1,1,2,16,1,2,1,1,2,1,1,2,1,5,1,5,2,2,4,2,3,2,4,4,5,3,5,3,1,4,3,4,3,3,1,1,2,1,3,2,3,1,2,5,3,5,NA,2,2,4,2,4,5,3,4,3,4,1,1,2,1,3,3,4,1,1,1,2,4,1,5,1,1,1,1,1,3,1,2,3,3,3,2,3,2,1,2,3,2,2,2,1,1,4,2,3,3,4,4,4,1
146,97,467,1,1,2,1,1,1,10,4,5,4,3,2,3,3,5,2,2,5,5,3,4,4,4,4,4,3,4,4,3,4,2,2,3,3,4,1,3,3,3,3,3,3,3,3,3,3,2,4,3,3,4,3,4,4,3,3,4,3,4,3,2,3,3,3,3,4,3,1,1,3,2,2,3,3,4,1,2,NA,NA,1,2,3,3,3,3,3,2,3,2,3,3,1,1,1,1,1,1,1,1,1,1,1,1,1
148,97,1221,1,1,2,3,1,1,17,2,2,1,1,3,2,1,3,3,3,5,4,3,3,3,2,3,3,4,4,3,3,4,3,3,3,3,4,4,4,2,3,4,3,3,4,5,3,4,5,4,4,3,3,4,4,3,3,4,3,3,4,3,2,4,5,3,3,2,2,3,3,4,4,3,3,3,2,2,2,2,3,3,2,2,2,3,2,3,1,2,3,2,3,4,3,3,1,1,3,2,3,3,3,4,4,1
149,97,1190,1,2,1,1,1,1,17,2,3,1,3,4,2,1,5,1,4,3,3,1,1,1,1,2,1,3,3,4,4,3,4,1,3,3,4,4,5,1,3,4,3,4,3,3,1,3,2,1,2,1,1,1,4,1,4,3,1,1,1,4,1,3,1,1,3,1,1,3,3,3,3,3,3,1,1,1,1,3,5,3,1,2,3,3,2,2,3,2,3,3,3,3,3,2,2,1,3,2,3,3,2,4,4,1
153,97,410,1,1,2,2,2,1,13,3,4,4,4,5,5,5,5,3,2,5,1,3,1,1,1,1,1,1,1,1,1,1,1,1,1,1,1,1,1,1,2,3,2,3,2,3,4,2,3,2,3,2,3,2,1,3,2,4,2,1,2,3,1,1,2,2,2,2,3,3,4,4,4,2,3,4,1,2,3,4,4,1,2,1,2,1,2,2,2,2,3,3,2,4,3,3,3,1,4,3,2,3,4,1,3,1
156,97,427,1,1,2,2,2,1,6,1,1,1,2,3,1,2,5,2,3,4,4,2,2,4,3,3,5,4,5,5,5,4,4,3,4,3,3,5,4,4,5,4,4,3,5,3,4,4,4,5,5,5,3,5,4,4,5,5,4,4,4,4,2,4,2,4,3,3,3,3,2,4,4,2,4,4,2,4,4,4,4,2,2,2,3,3,1,1,1,2,3,3,3,2,3,2,3,2,2,2,4,2,3,4,3,1
157,97,1272,1,1,2,1,4,1,6,2,4,1,3,5,4,4,5,4,3,2,4,3,4,3,4,2,2,1,2,4,4,4,3,1,4,5,2,3,5,3,2,4,5,3,4,4,3,4,5,5,4,4,4,5,4,3,2,5,3,1,3,2,3,2,4,2,2,1,2,4,5,5,3,3,4,2,1,4,2,4,4,2,2,1,2,3,2,1,2,3,1,2,3,3,1,3,1,1,3,2,4,4,4,4,4,1
159,97,1111,1,1,2,4,1,1,43,1,4,3,4,4,2,3,4,1,2,4,4,2,3,2,3,2,1,4,4,3,3,4,3,1,3,3,3,4,4,1,2,4,4,3,4,4,3,4,4,4,4,3,3,3,3,3,1,3,3,1,3,1,3,5,3,1,2,3,3,2,3,3,4,2,3,4,2,3,2,3,4,3,2,1,3,2,2,1,2,3,3,3,3,4,4,4,1,1,3,3,2,2,3,4,4,1
160,97,614,1,1,2,1,1,6,11,3,4,2,4,2,3,2,5,1,2,4,3,5,4,4,3,3,2,4,4,4,3,3,3,3,2,2,3,3,3,4,2,4,4,4,4,4,3,3,3,3,4,4,4,4,3,2,4,3,4,3,4,5,2,3,2,2,2,2,4,4,4,4,3,3,3,4,2,2,4,3,NA,3,1,1,1,1,1,1,1,2,2,1,1,3,2,3,3,1,2,2,2,3,3,2,2,1
164,97,298,1,1,2,1,4,1,3,1,3,2,3,1,2,2,3,2,5,4,2,2,2,3,2,2,2,2,3,2,2,3,2,2,3,3,2,2,3,3,3,3,3,3,4,4,4,3,2,3,2,3,2,3,2,3,3,3,3,3,3,3,2,2,3,3,3,3,3,3,3,3,4,4,4,4,4,4,4,4,4,3,2,2,1,2,2,3,2,1,1,2,3,3,3,3,3,3,3,3,3,3,3,3,3,1
168,97,384,1,1,2,3,2,1,7,3,4,1,4,4,2,1,5,2,2,5,3,2,3,2,1,2,3,5,4,4,4,4,5,2,4,3,3,4,2,1,1,4,4,3,3,2,2,3,4,3,2,4,4,4,4,2,3,3,4,3,3,4,1,2,3,1,2,2,3,1,4,4,4,2,4,2,3,2,3,3,3,3,2,3,2,1,2,1,1,2,3,3,3,4,4,3,3,1,1,1,3,1,2,4,1,1
169,97,1780,1,1,2,1,1,2,16,1,2,1,3,3,2,2,3,2,4,5,4,2,3,2,1,4,2,4,5,3,5,5,4,1,4,2,3,3,4,4,4,5,3,4,2,5,3,5,5,5,3,4,4,4,4,2,1,5,3,1,3,1,1,4,2,2,3,1,2,3,2,2,2,4,2,4,2,2,2,2,2,3,3,3,3,1,2,3,3,2,2,2,3,3,2,2,1,1,3,2,4,4,4,4,4,1
170,97,1428,1,1,2,3,1,1,44,1,3,1,2,2,2,NA,4,2,5,3,4,3,3,3,2,3,3,5,5,5,5,5,5,3,4,5,4,4,5,4,3,5,5,5,5,5,4,5,5,5,4,4,5,4,5,3,2,5,5,3,5,2,4,5,NA,2,4,3,4,2,2,1,2,3,2,3,1,2,2,2,3,3,1,2,2,1,2,1,3,1,1,3,3,4,4,3,1,1,3,2,3,4,4,4,4,1
172,97,303,1,1,2,1,2,1,13,1,2,1,2,3,2,1,1,1,4,4,4,4,4,4,4,3,4,4,4,5,4,3,5,4,5,4,3,4,4,4,5,5,4,4,3,4,4,3,5,4,4,4,4,4,4,5,4,4,4,4,4,4,4,4,4,5,4,5,5,2,4,4,4,5,3,3,4,4,3,4,3,1,2,2,3,3,2,3,3,3,1,3,3,4,3,2,3,1,2,2,2,3,3,4,4,1
175,97,2023,1,1,2,1,1,1,16,1,3,1,2,3,3,1,4,1,4,2,4,1,1,1,1,1,4,2,2,2,2,2,1,1,2,2,1,2,2,1,1,4,2,1,3,3,2,1,1,3,1,1,2,2,1,1,2,4,2,3,2,1,1,2,2,1,3,1,1,3,3,5,4,3,3,4,2,3,2,2,4,3,2,2,2,3,2,2,1,3,2,3,3,2,2,2,2,2,3,2,2,2,4,4,4,1
176,97,415,1,1,2,2,4,1,43,1,1,1,1,1,1,1,3,1,4,2,4,5,5,5,5,3,5,5,5,3,5,5,5,3,5,5,5,5,2,4,4,4,4,4,4,4,4,4,5,5,5,5,5,5,5,5,5,5,5,5,5,5,3,3,1,4,4,4,5,3,3,3,3,3,3,3,3,3,3,3,3,1,1,3,1,3,2,1,2,2,1,2,3,2,2,2,2,2,2,2,2,2,2,2,2,1
177,97,710,1,1,2,2,1,1,43,2,3,2,4,4,3,4,4,2,2,4,4,2,1,2,1,1,2,2,1,1,2,2,1,1,2,1,1,2,1,1,1,2,1,2,3,2,2,1,3,3,1,2,1,3,1,2,2,3,1,2,2,2,2,2,4,1,1,1,1,3,2,2,2,4,2,2,2,2,2,2,2,3,1,2,3,2,2,2,3,2,1,3,3,3,2,2,3,1,2,2,3,3,3,4,4,1
178,97,365,1,1,2,3,3,1,10,1,3,1,3,2,1,1,3,1,4,4,2,4,4,4,4,4,4,4,4,4,4,4,4,4,4,4,4,4,4,4,4,4,4,4,4,4,4,4,4,4,4,4,4,4,4,4,4,4,4,4,4,4,4,4,4,4,4,4,4,3,3,3,3,3,3,3,3,3,3,3,3,3,2,2,1,3,1,2,1,2,3,3,3,3,3,3,3,3,3,3,3,3,3,3,3,1
179,97,464,1,1,2,1,4,1,6,3,4,1,5,4,2,3,5,3,1,5,3,3,2,2,3,2,4,5,4,4,3,4,3,2,2,4,4,3,3,5,2,3,3,2,4,3,2,4,2,3,2,3,4,4,3,3,2,2,3,2,3,2,4,4,3,3,3,2,2,4,4,3,3,1,3,4,2,4,3,3,4,1,2,1,3,3,2,3,3,3,3,3,3,2,2,2,2,2,3,2,3,2,4,4,4,1
181,97,237,1,1,2,1,4,1,3,2,4,3,4,2,2,2,4,3,2,2,2,2,2,2,2,2,2,3,3,3,3,3,3,3,4,4,3,3,3,4,3,4,4,4,4,3,3,4,3,3,3,2,4,4,4,4,4,3,4,4,4,4,3,3,3,4,4,4,4,3,4,4,2,4,3,4,4,3,3,3,4,2,2,1,3,3,2,1,2,2,3,1,2,3,2,2,3,3,3,3,2,2,3,3,3,1
182,97,660,1,1,2,2,3,1,10,2,2,1,2,3,2,2,4,1,2,4,4,2,2,3,1,2,2,3,2,4,4,4,3,2,4,1,2,4,3,2,3,3,3,3,5,3,3,3,5,3,4,3,4,3,3,3,2,2,2,3,4,2,5,3,1,3,3,4,4,3,4,4,4,2,4,2,3,4,3,4,5,3,1,2,3,1,2,1,3,2,3,3,3,3,4,3,1,1,2,3,3,4,4,4,4,1
183,97,333,1,2,1,3,1,1,10,1,1,1,1,1,1,1,1,1,5,5,5,4,4,4,4,4,4,4,4,4,4,4,4,4,4,4,4,4,4,4,4,4,4,4,4,4,4,4,4,4,4,4,4,4,4,4,4,4,4,4,4,4,4,4,4,4,4,4,4,2,2,2,2,2,4,4,2,2,2,2,2,1,2,3,3,3,1,3,3,3,3,3,2,3,3,3,2,2,2,2,3,3,4,2,4,1
184,97,611,1,1,2,1,1,1,10,1,3,2,3,3,3,2,3,2,2,4,3,1,2,2,1,1,2,3,2,2,2,2,2,2,3,3,2,2,3,1,2,3,2,2,3,3,1,2,3,2,2,2,2,2,2,1,1,3,1,2,3,1,1,2,NA,2,2,2,2,2,4,4,4,2,4,3,3,3,3,3,4,3,2,1,2,3,2,1,1,2,1,3,3,3,3,3,2,2,3,2,4,2,4,2,4,1
185,97,718,1,1,5,1,1,1,11,1,3,2,3,4,2,2,5,1,4,1,4,3,4,4,3,2,2,3,4,4,4,4,3,2,4,5,4,4,4,3,2,4,3,2,2,4,3,3,4,4,3,4,4,4,3,2,3,4,3,2,3,3,4,3,2,3,4,4,4,2,2,2,4,2,2,4,2,3,2,2,4,3,1,3,3,3,2,2,2,3,3,2,3,2,2,2,1,2,3,3,2,3,3,4,4,1
186,97,552,1,2,1,2,1,1,5,1,2,1,2,2,1,1,3,2,2,4,4,4,4,3,5,2,5,2,2,5,5,5,2,3,4,1,5,5,3,4,4,3,4,2,4,4,4,2,3,5,5,3,3,2,4,1,5,5,3,3,2,2,1,3,3,1,1,1,1,3,3,3,3,4,2,3,2,1,1,1,2,3,2,3,1,1,2,1,3,2,2,3,2,3,3,3,2,3,4,1,4,2,4,4,4,1
187,97,413,1,2,1,1,3,1,10,1,1,1,1,1,1,1,2,1,4,4,5,1,2,1,3,2,1,1,1,1,1,1,1,2,5,5,5,5,5,4,5,5,5,5,5,5,5,5,5,4,4,5,5,4,4,5,4,4,4,5,4,4,3,4,4,3,4,4,4,5,2,2,2,4,2,4,2,2,2,2,2,1,2,1,3,3,2,1,3,2,1,3,1,2,3,3,3,1,2,2,2,4,4,4,4,1
188,97,697,1,1,2,1,1,1,11,3,4,1,3,3,5,2,3,3,4,2,4,5,4,3,3,2,3,5,3,3,4,5,5,3,5,4,4,3,5,3,5,4,3,4,3,4,2,4,4,3,4,3,2,2,3,3,4,3,5,2,4,3,2,2,3,3,4,2,4,3,4,4,3,2,2,3,1,2,2,2,4,3,2,1,2,2,2,3,2,2,1,3,1,3,3,3,2,2,3,2,2,4,3,4,4,1
189,97,406,1,1,2,1,1,1,10,1,2,1,2,4,1,1,3,1,4,3,4,4,3,3,1,4,1,3,3,4,4,5,4,3,4,3,5,5,4,2,3,3,2,4,5,4,3,5,5,5,4,4,2,3,4,3,2,4,4,5,5,2,1,2,2,3,NA,1,3,3,4,4,3,2,3,3,2,2,2,2,5,3,1,2,3,3,2,3,3,2,3,2,2,NA,4,4,2,1,1,2,1,3,3,1,4,1
190,97,542,1,1,2,1,3,1,11,1,4,1,5,4,2,1,5,2,5,4,4,5,5,5,4,4,5,5,4,5,4,5,5,5,5,5,5,5,5,4,4,4,5,5,5,5,5,5,5,5,5,3,5,5,4,3,5,5,5,5,5,5,4,4,5,5,4,5,4,3,4,4,2,2,4,4,2,3,4,2,4,3,2,3,2,1,1,3,3,2,1,3,3,4,4,4,1,1,3,2,1,4,1,4,4,1
192,97,796,1,1,2,3,4,1,43,2,5,1,5,5,5,4,5,3,3,4,3,4,5,5,5,5,5,5,5,5,5,5,5,5,5,5,5,5,5,5,5,5,5,5,5,5,5,5,5,5,5,5,5,5,5,5,5,5,5,4,5,5,3,5,2,5,5,5,5,3,4,4,4,1,4,4,1,2,3,3,4,3,2,3,3,1,1,3,2,1,2,3,2,4,3,2,1,3,2,2,3,2,2,4,4,1
193,97,525,1,2,1,2,4,1,5,2,4,2,3,3,2,2,3,2,4,5,4,2,3,1,1,1,2,4,4,5,2,3,2,3,2,1,2,1,3,3,2,2,4,3,4,2,3,3,2,4,3,2,3,3,4,2,3,2,4,4,4,4,4,4,2,2,4,3,2,3,4,4,4,2,4,2,3,4,4,3,3,2,2,1,2,3,2,3,1,2,3,2,3,2,2,2,4,3,4,4,3,3,3,2,4,1
195,97,430,1,1,2,1,4,1,10,2,3,2,3,4,2,2,4,2,3,4,4,2,3,3,2,4,4,5,5,4,3,4,4,3,4,3,3,4,5,4,3,3,4,4,5,4,3,4,4,3,4,5,5,3,4,4,3,3,2,3,3,2,3,4,3,4,4,3,2,3,4,4,4,3,3,4,2,2,3,3,4,3,2,2,2,2,2,1,3,2,1,3,1,3,3,2,2,2,2,2,2,2,3,4,4,1
197,97,277,1,1,2,3,2,1,5,1,1,1,1,1,1,1,1,1,4,2,3,4,5,5,5,5,5,4,5,5,5,5,5,5,5,5,5,5,5,4,4,4,4,5,5,5,4,4,4,5,5,4,4,4,5,4,5,4,4,5,5,5,5,4,5,5,5,4,4,4,2,2,3,3,2,4,4,4,3,3,3,1,1,1,1,1,1,2,2,2,2,2,3,NA,3,3,3,4,3,3,3,4,4,4,4,1
198,97,1464,1,2,1,2,2,6,13,1,1,1,1,3,1,1,3,1,4,5,5,1,4,3,1,4,3,5,4,4,4,4,5,2,5,5,3,3,4,2,4,5,2,3,4,5,3,5,4,5,5,5,5,5,5,3,4,4,4,4,5,2,3,4,4,4,4,1,4,2,4,5,3,4,2,4,2,2,2,2,3,1,2,2,3,3,1,1,3,1,3,3,3,3,3,3,2,2,2,2,3,2,3,4,4,1
201,97,963,1,1,2,2,4,1,12,1,4,3,4,5,2,1,4,2,3,5,4,1,1,1,2,1,2,2,1,4,2,1,1,2,3,2,2,2,2,1,3,4,2,2,3,3,3,1,3,2,4,1,1,2,3,2,1,2,2,1,3,2,1,3,4,1,1,1,2,4,2,2,2,3,2,4,2,2,2,2,2,3,1,1,3,3,2,1,1,2,1,3,3,2,3,2,2,1,3,2,3,3,4,4,4,1
203,97,3779,1,2,1,1,1,1,7,1,3,1,3,2,1,1,4,1,2,3,2,4,4,4,2,3,3,5,4,4,4,5,5,3,4,4,5,5,5,3,4,3,4,5,4,4,5,5,4,5,4,5,5,5,4,5,4,4,5,5,4,3,4,5,1,3,4,2,4,4,3,2,2,3,2,4,2,4,2,3,4,1,1,2,3,3,1,1,3,2,3,1,3,3,3,3,2,2,3,3,2,3,3,3,3,1
204,97,160,1,2,1,3,4,4,43,3,3,3,3,3,3,3,3,3,3,3,3,3,3,3,3,3,3,3,3,3,3,3,3,3,3,3,3,3,3,3,4,2,1,4,3,2,4,4,1,2,3,2,2,4,3,1,3,3,4,4,3,2,3,2,4,1,4,3,4,3,4,3,4,4,4,5,5,4,4,1,2,2,2,2,1,2,2,1,3,1,1,3,1,1,2,2,3,3,3,3,3,2,2,2,2,1
205,97,2505,1,1,2,1,4,1,3,1,3,1,3,2,1,1,5,1,2,3,4,5,5,4,5,4,3,4,2,3,3,4,4,3,4,3,3,4,5,2,4,5,4,3,4,4,4,4,5,4,4,5,4,4,4,5,2,3,4,4,4,4,2,3,1,3,4,4,3,1,2,2,2,2,2,4,1,2,2,2,3,1,2,3,2,2,1,1,3,3,2,3,3,3,3,3,1,1,2,1,3,4,4,4,4,1
207,97,505,1,2,1,3,2,2,10,1,2,1,1,1,1,1,3,1,4,1,4,4,4,4,4,4,4,4,3,5,4,4,4,4,4,4,3,4,4,4,4,4,3,4,4,4,3,4,4,4,4,4,4,3,4,4,4,4,4,4,4,4,2,3,2,4,4,2,4,2,2,2,2,4,2,4,2,2,2,2,2,3,2,2,3,1,2,1,2,2,3,3,2,4,2,3,3,3,4,3,4,4,3,4,4,1
209,97,4321,1,1,2,1,1,2,8,2,4,2,4,3,2,2,5,1,1,4,1,3,2,4,2,3,5,3,4,3,3,5,4,1,2,4,5,5,5,3,3,4,4,5,4,4,5,5,3,5,5,4,5,5,5,4,5,5,4,3,5,5,1,2,2,3,3,2,5,3,2,2,3,3,2,3,2,2,3,1,3,3,1,NA,2,3,2,1,1,2,2,2,2,4,3,4,1,1,2,2,4,3,4,3,4,1
210,97,236,1,2,1,1,4,1,8,1,2,1,2,5,2,1,5,1,2,2,2,1,4,4,1,NA,1,5,5,5,5,5,5,5,4,4,4,4,4,4,4,4,5,5,4,5,4,4,5,4,4,4,4,5,4,4,3,4,5,5,5,4,3,3,3,1,4,1,1,4,4,3,3,4,3,3,3,3,3,3,3,1,3,1,3,2,2,2,2,2,2,3,2,4,4,3,1,2,4,2,2,4,4,4,4,1
211,97,390,1,1,2,1,1,1,7,3,4,1,3,4,1,2,4,1,3,2,4,5,5,5,5,5,5,5,5,5,5,5,5,5,5,4,3,4,3,1,5,4,2,4,5,5,2,5,5,5,2,5,5,5,4,5,4,5,5,5,5,5,2,2,2,4,4,1,5,4,4,4,4,2,4,4,1,4,1,1,4,1,2,2,1,3,2,3,1,2,3,2,1,2,2,2,1,2,3,2,2,2,3,4,4,1
212,97,732,1,1,2,2,4,1,4,3,5,2,5,2,2,3,5,3,1,5,4,4,3,3,3,1,5,5,4,2,3,3,4,3,3,2,3,3,4,2,2,3,3,3,3,3,3,3,5,5,5,3,2,4,3,4,4,5,4,5,5,4,3,3,4,1,2,2,2,4,2,1,1,1,1,1,1,1,1,1,1,1,1,1,2,3,2,3,3,2,3,3,1,3,3,1,1,1,3,3,2,3,3,4,4,1
214,97,377,1,1,2,1,2,6,8,2,5,2,4,3,2,2,5,2,4,2,3,3,3,3,1,2,3,4,4,3,3,4,4,3,4,3,4,4,3,4,3,3,4,4,4,3,4,3,3,5,4,4,4,4,3,4,3,4,4,4,3,4,2,4,2,4,4,4,4,3,3,2,2,3,3,3,3,3,3,3,3,3,2,2,3,1,2,1,3,2,2,3,3,2,3,3,3,3,3,3,3,3,2,2,2,1
215,97,378,1,1,2,1,4,1,3,2,3,1,3,3,4,1,4,3,2,4,3,4,4,4,4,4,5,5,5,5,5,5,5,5,5,4,5,5,5,5,5,5,5,5,5,5,5,5,5,5,5,5,5,5,5,5,5,5,5,5,5,5,5,5,5,5,5,5,5,3,4,4,4,2,3,3,3,3,3,3,4,1,2,3,2,3,2,3,3,2,1,2,3,3,3,2,1,2,3,2,3,4,4,4,4,1
216,97,625,1,1,2,1,3,1,10,1,3,1,2,2,2,1,4,2,4,3,4,2,2,2,1,3,2,3,3,4,3,3,3,2,4,4,4,4,3,2,3,4,3,4,4,3,2,3,5,5,3,4,2,5,3,2,3,4,2,4,4,4,4,3,3,4,3,1,3,2,2,2,2,2,3,4,1,2,2,2,2,3,2,1,1,3,2,2,1,2,1,3,3,3,3,3,4,4,4,4,3,2,1,4,1,1
217,97,244,1,2,5,1,1,1,15,1,5,1,5,3,2,1,5,1,1,5,5,5,4,4,3,5,4,5,4,4,4,NA,5,4,5,5,5,5,5,5,5,5,4,4,4,5,5,5,5,4,5,4,4,5,5,5,4,4,4,5,5,5,4,4,4,4,4,4,4,1,3,1,1,4,3,1,1,1,1,1,1,1,1,1,3,1,1,2,1,1,2,1,2,1,2,2,3,2,2,3,1,1,3,2,2,1
219,97,929,1,2,1,2,1,1,16,1,3,1,4,2,1,1,3,1,4,3,5,5,4,3,5,4,4,5,4,4,4,5,5,2,5,4,4,5,5,2,3,5,1,5,5,5,5,5,5,4,4,4,1,5,5,5,3,4,4,4,4,4,1,5,2,1,1,3,3,1,1,1,1,5,1,5,2,1,1,1,1,1,3,3,3,3,3,2,1,3,3,3,3,3,2,2,2,4,3,3,1,4,4,4,4,1
220,97,1018,1,1,2,2,1,1,16,1,3,3,3,3,1,2,5,3,4,2,4,2,3,2,1,1,2,4,2,3,2,4,3,2,3,2,3,3,3,1,2,3,3,2,4,3,3,3,2,2,1,2,2,1,3,2,1,4,1,1,2,1,1,3,2,1,2,1,2,1,1,1,1,5,1,5,1,1,1,1,1,2,2,2,3,3,2,1,1,2,1,1,3,3,2,2,1,1,3,3,4,4,3,4,4,1
221,97,431,1,1,2,1,4,1,5,3,5,2,4,4,2,1,5,1,2,5,4,3,4,2,2,2,5,4,2,4,2,4,3,3,4,2,3,2,4,2,2,3,3,2,5,3,2,3,5,4,2,2,2,3,3,2,2,4,2,2,3,2,3,4,2,4,4,2,2,3,5,5,5,2,4,2,3,4,4,4,4,3,1,3,1,1,2,3,2,3,3,2,3,3,2,2,1,1,2,1,1,2,4,4,4,1
223,97,808,1,2,1,3,1,1,17,1,3,1,5,4,1,1,5,1,2,4,4,3,5,4,2,4,4,5,5,4,4,5,5,3,5,4,5,5,5,3,5,3,3,5,2,5,2,4,5,4,5,3,4,4,5,4,2,5,4,4,4,5,5,4,2,2,2,2,2,1,2,1,1,5,2,5,1,1,1,1,2,1,1,1,3,1,2,2,3,2,1,1,3,4,3,4,1,4,3,1,4,4,3,4,4,1
224,97,151,1,1,2,3,1,1,10,4,NA,4,3,NA,4,NA,2,2,2,3,1,2,NA,4,NA,3,3,3,2,4,3,3,3,3,3,3,3,3,3,3,3,3,3,3,3,3,3,3,3,3,3,3,3,3,3,3,3,3,3,3,3,3,3,3,3,3,3,3,3,3,3,2,2,2,3,2,2,2,3,3,3,2,2,2,2,1,1,1,1,3,2,2,1,2,NA,2,2,3,4,3,NA,3,3,3,3,1
225,97,543,1,1,2,1,2,1,43,3,1,1,2,3,2,2,5,3,3,4,3,3,5,3,5,3,3,5,5,4,4,5,3,5,4,4,5,3,4,2,3,4,5,4,3,5,4,5,5,5,5,3,3,4,3,4,4,5,5,5,4,4,3,4,2,2,4,2,4,4,4,4,4,2,4,NA,4,4,4,4,3,1,1,3,2,3,3,3,3,2,1,2,3,2,2,3,2,1,2,2,3,2,3,3,3,1
226,97,728,1,1,2,3,1,1,17,2,5,2,4,4,3,2,4,2,2,4,2,2,2,2,1,1,1,2,1,4,4,2,4,1,3,3,2,2,4,1,1,2,3,4,3,4,2,2,5,5,5,2,2,5,3,2,1,3,2,2,2,4,3,2,2,1,3,2,2,4,5,5,5,2,4,3,4,3,5,5,5,3,1,2,2,1,2,1,2,3,3,3,3,3,3,3,2,1,4,4,1,2,2,3,4,1
227,97,656,1,1,2,1,4,1,2,1,3,1,4,4,2,1,4,1,1,5,4,4,4,4,5,5,4,3,3,2,2,3,3,3,3,3,4,4,4,4,4,4,4,3,4,4,4,4,4,4,NA,4,3,4,4,4,4,4,5,4,4,4,5,5,5,4,5,4,5,4,5,4,5,2,4,5,5,3,2,2,4,2,1,2,2,3,2,2,2,2,1,3,2,3,3,2,3,3,3,3,3,3,4,2,3,1
228,97,360,1,2,1,2,2,1,13,1,3,1,3,1,1,1,5,1,4,4,4,4,4,3,3,3,3,4,4,4,4,4,4,4,4,4,4,4,4,4,4,4,4,4,4,4,4,4,4,4,4,4,4,4,4,4,4,4,4,4,4,4,3,4,4,4,4,4,4,3,3,3,3,3,3,3,3,NA,3,3,3,1,1,1,2,3,2,1,3,2,1,3,3,2,2,2,2,3,4,2,2,2,2,2,4,1
229,97,811,1,1,2,2,4,1,5,2,3,1,3,4,1,1,4,1,4,3,4,1,2,2,1,4,2,3,2,5,4,4,4,3,4,5,4,2,4,1,4,5,3,4,4,5,2,2,4,4,5,1,3,3,5,3,4,5,4,3,4,4,4,3,2,1,2,1,2,3,4,4,3,3,3,3,3,3,3,3,3,3,2,3,2,2,2,1,2,2,1,2,3,3,3,3,2,1,1,2,4,4,3,4,4,1
230,97,533,1,1,2,3,1,1,10,2,3,1,3,3,1,1,4,2,2,4,4,4,4,4,4,4,4,4,4,4,4,4,4,4,4,4,4,4,4,4,4,4,3,4,4,4,4,4,5,5,5,4,4,4,4,4,2,4,4,2,4,2,4,4,2,4,4,4,4,3,2,3,3,2,4,3,2,2,2,3,3,3,2,2,1,2,2,3,3,2,3,1,1,2,2,2,2,2,2,2,2,3,3,3,4,1
231,97,720,1,1,2,4,4,1,43,2,5,1,5,4,5,1,5,3,2,5,4,5,5,5,5,5,5,4,5,4,4,5,5,5,4,4,4,4,4,4,5,4,4,5,4,5,5,5,4,4,4,4,4,4,4,5,5,5,5,5,4,5,4,4,4,4,4,4,4,3,5,4,4,1,5,3,3,4,4,4,4,1,1,2,1,3,2,1,3,3,3,3,1,4,4,4,2,1,4,2,1,2,1,2,4,1
233,97,836,1,2,1,2,1,1,16,2,3,1,3,NA,2,1,4,2,4,2,4,3,4,4,2,2,1,4,3,2,2,3,3,2,2,3,2,3,2,3,3,2,4,3,4,1,2,2,2,3,4,2,4,3,4,2,3,4,3,3,2,2,2,3,2,4,3,2,3,2,3,4,3,3,2,2,3,2,2,3,3,3,2,1,1,1,2,1,1,2,1,2,2,3,3,3,2,2,3,3,2,2,3,3,4,1
234,97,524,1,1,5,1,1,2,10,1,3,1,3,5,2,1,5,3,3,4,4,3,3,2,2,2,2,3,3,3,3,3,3,3,3,3,3,3,3,3,3,3,3,3,3,3,3,3,3,3,3,3,2,3,3,3,3,3,3,3,3,3,3,3,3,3,3,3,3,3,3,3,3,3,3,3,3,3,3,3,3,2,1,2,3,1,2,3,1,2,3,2,2,3,3,3,3,3,3,3,3,3,3,3,3,1
236,97,1408,1,1,2,1,2,1,13,1,3,2,3,2,1,1,3,2,2,3,3,3,3,2,2,2,3,4,3,3,3,3,3,2,4,3,3,3,4,3,3,4,3,3,3,3,3,3,4,3,4,3,4,4,3,3,5,5,3,4,3,5,3,3,2,2,3,2,3,3,3,3,2,3,3,3,3,3,3,3,3,3,1,1,2,3,2,1,3,2,1,2,1,2,2,2,2,2,2,2,2,2,2,4,4,1
237,97,953,1,2,1,1,1,1,8,1,3,1,4,3,2,1,5,2,2,5,2,3,2,2,1,4,2,4,3,4,3,5,3,1,4,3,4,2,4,1,3,4,3,3,4,4,3,3,4,4,4,4,3,4,5,3,1,4,2,3,4,3,4,3,3,1,3,1,1,2,4,3,3,3,3,3,3,3,3,3,4,3,1,1,3,1,2,3,2,2,3,3,3,4,3,3,2,1,3,3,2,4,4,4,4,1
238,97,196,1,2,1,1,1,4,3,4,1,4,NA,4,5,4,3,3,1,2,2,3,3,3,3,3,4,2,2,4,2,4,5,5,3,3,2,2,3,4,3,5,4,5,4,4,5,4,3,4,2,4,2,4,5,3,4,5,3,4,5,NA,3,4,3,NA,2,4,3,2,3,4,5,3,1,2,5,5,4,2,3,1,2,3,1,1,1,2,1,2,1,1,3,4,3,4,4,3,4,4,3,NA,4,3,4,1
240,97,570,1,1,2,1,2,1,2,2,5,3,5,4,3,3,5,3,1,5,1,3,3,3,2,3,3,3,3,3,3,3,3,3,3,3,3,3,3,3,3,3,3,3,4,3,3,3,3,2,3,3,3,4,3,3,3,4,3,4,3,5,2,3,2,2,3,3,3,3,4,4,3,3,4,3,2,3,3,3,4,3,1,2,2,1,2,1,3,2,1,2,1,3,3,4,3,2,3,3,4,4,4,4,4,1
242,97,387,1,1,2,2,2,1,13,4,5,4,5,3,2,1,5,3,1,5,1,1,1,1,1,1,1,4,1,1,1,3,1,1,3,3,3,3,3,3,3,3,3,3,3,3,3,3,3,3,3,3,3,3,3,2,2,2,1,2,2,2,2,2,2,2,2,2,2,5,4,4,4,4,3,3,3,3,3,3,3,3,3,2,2,1,1,1,3,2,3,3,3,4,4,3,3,1,1,1,2,2,3,1,3,1
243,97,732,1,1,2,1,4,1,3,1,3,1,3,4,2,2,4,2,4,4,4,3,3,4,3,5,2,5,4,5,5,5,5,4,4,4,4,4,4,4,5,4,5,5,5,4,4,5,5,5,4,4,4,4,4,3,5,5,5,5,5,5,3,4,1,4,5,3,4,3,3,3,2,3,3,3,2,2,2,2,3,1,1,3,2,2,2,2,1,1,1,1,1,3,2,2,2,1,2,2,1,3,4,4,4,1
245,97,533,1,1,2,1,4,1,3,1,1,1,2,2,4,2,5,1,4,2,4,5,5,5,5,5,5,5,4,5,4,5,5,3,5,4,4,4,4,2,4,3,2,3,4,5,3,5,5,5,5,5,3,5,5,5,5,5,5,5,5,5,4,2,2,3,4,1,5,3,5,5,3,2,2,2,2,4,3,3,3,2,1,2,1,3,2,1,1,2,3,3,3,3,3,3,1,3,3,2,2,3,4,4,4,1
246,97,750,1,1,2,3,4,2,43,2,5,NA,5,4,3,1,5,3,1,1,3,5,4,4,4,4,4,3,3,3,2,3,2,3,4,4,4,4,4,4,4,3,3,3,3,3,3,3,4,3,4,3,4,4,4,4,4,3,4,2,2,4,3,3,3,2,3,1,3,5,5,5,5,4,4,3,3,4,4,4,4,2,1,1,3,1,2,3,1,2,3,2,3,3,3,3,3,4,4,4,3,2,4,4,4,1
250,97,269,1,2,1,1,2,1,13,3,2,1,3,2,3,3,3,2,3,3,3,3,3,3,3,3,3,3,3,3,3,3,3,3,3,3,3,3,3,3,3,3,3,3,3,3,3,3,3,3,3,3,3,3,3,3,3,3,3,3,3,3,3,3,3,3,3,3,3,3,3,3,3,3,3,3,3,3,3,3,3,3,1,3,3,3,3,2,3,2,1,3,3,3,3,3,3,3,3,3,3,3,3,3,3,1
252,97,2772,1,1,2,1,4,2,2,1,3,1,5,1,1,1,4,1,2,5,3,4,4,4,4,4,4,5,5,5,5,5,5,5,5,5,5,5,5,4,5,5,5,5,5,5,5,5,5,4,4,4,3,4,4,4,4,5,5,5,5,5,3,NA,3,2,3,3,3,3,3,3,3,3,3,3,3,3,3,3,3,3,1,2,1,3,NA,1,1,1,3,2,3,4,4,3,1,1,2,2,2,4,4,4,4,1
254,97,657,1,1,2,1,3,1,10,1,3,1,4,3,2,1,4,2,4,3,3,3,4,3,4,3,3,3,3,3,3,3,4,2,3,4,3,4,4,2,3,3,4,3,5,4,4,4,5,4,4,3,3,4,3,3,2,3,3,2,3,1,2,3,3,3,3,2,3,4,3,3,2,3,3,3,3,3,3,2,3,3,1,1,2,2,2,2,2,2,1,3,1,3,3,3,2,1,2,1,2,3,3,3,4,1
255,97,834,1,1,2,1,4,1,3,1,5,3,5,5,3,2,5,3,1,5,2,1,1,3,1,3,1,4,3,5,3,4,3,2,3,4,4,4,4,1,1,4,2,4,4,4,4,4,4,4,4,3,3,4,3,4,4,4,4,4,4,4,3,2,3,1,2,1,1,2,2,2,2,3,2,2,2,2,2,2,2,3,1,1,3,3,2,3,3,2,1,2,3,3,3,3,2,2,2,2,3,4,4,4,4,1
256,97,1554,1,1,5,1,1,4,13,1,2,1,2,2,1,1,1,1,5,1,5,3,5,3,3,2,3,5,3,5,4,5,5,3,5,5,3,3,4,1,4,5,4,5,4,4,3,3,5,5,5,4,4,3,4,4,3,4,4,3,5,4,3,4,5,4,4,3,4,3,3,2,2,4,2,3,2,2,3,2,2,3,1,2,2,1,2,2,1,2,3,2,3,4,3,2,1,1,2,2,4,4,3,4,4,1
257,97,1047,1,1,2,3,1,1,44,2,1,1,1,2,1,1,3,1,5,2,5,5,5,5,5,5,5,5,5,5,5,5,5,5,5,5,5,5,5,5,5,5,5,5,5,5,5,5,5,5,5,5,5,5,5,5,5,5,5,5,5,5,5,5,5,5,5,5,5,1,2,1,2,4,2,4,2,2,2,2,2,3,2,2,3,3,3,2,3,2,1,3,3,1,1,1,1,1,2,1,2,2,2,3,4,1
258,97,7528,1,1,2,1,4,1,3,2,1,1,2,3,2,2,3,2,4,2,4,5,5,5,5,3,5,5,5,4,5,4,5,4,4,4,5,4,5,4,5,4,5,5,4,5,4,4,5,5,5,5,5,4,5,4,5,5,5,4,5,3,4,4,4,2,4,3,5,2,2,2,2,4,2,4,1,2,1,2,2,1,2,2,2,1,2,3,2,2,3,2,1,2,2,2,2,2,3,3,2,4,3,3,4,1
259,97,1825,1,1,2,1,1,1,10,1,3,1,3,3,4,1,5,3,4,2,4,4,3,3,1,1,4,4,5,4,3,4,4,3,4,5,4,3,4,2,5,3,4,4,3,5,2,3,5,4,4,4,5,3,4,4,3,5,4,5,4,3,2,3,2,4,4,3,5,3,4,4,3,3,2,4,3,2,4,4,4,3,2,2,3,3,2,3,1,2,1,3,3,4,3,4,3,3,3,2,2,4,2,4,2,1
262,97,892,1,2,1,1,2,1,8,2,3,1,3,1,2,1,4,1,5,4,4,3,5,2,3,1,4,4,3,4,4,5,5,2,2,3,2,2,3,1,3,4,3,3,5,4,2,3,5,5,5,4,3,5,5,3,5,4,4,5,5,3,2,2,2,3,3,2,4,4,2,2,2,3,2,4,3,2,2,2,3,3,2,1,2,2,2,3,3,2,1,3,3,1,2,2,1,1,3,3,2,2,4,4,4,1
265,97,381,1,1,2,3,1,4,10,3,4,4,5,3,3,3,3,3,4,5,3,5,5,5,5,5,5,5,5,5,5,5,5,5,5,5,5,5,5,5,5,4,4,5,5,5,4,5,5,5,5,5,5,5,5,5,5,5,5,5,5,5,5,4,1,5,5,5,5,4,2,2,2,5,2,5,1,1,1,1,1,2,2,2,2,1,2,1,2,2,3,3,2,4,3,3,3,2,2,2,3,3,3,4,4,1
266,97,795,1,2,1,1,2,1,8,1,2,2,4,4,2,2,4,1,2,4,4,4,4,2,3,3,3,2,2,3,2,2,2,1,2,2,2,2,3,1,2,3,2,2,3,4,4,3,3,3,3,3,2,3,3,2,2,4,2,2,2,3,1,2,2,1,2,2,2,3,2,2,2,3,2,4,3,3,3,3,3,1,2,1,3,2,1,3,3,2,1,3,2,3,3,3,2,4,3,2,3,3,4,4,4,1
268,97,1021,1,1,2,1,2,1,7,1,3,1,2,2,2,2,4,2,5,3,4,3,4,4,3,5,4,5,5,4,4,5,5,5,4,4,4,4,5,3,5,4,4,4,5,4,5,4,5,5,5,4,4,5,4,3,4,5,5,4,4,3,3,3,1,3,3,2,4,3,4,4,4,3,4,2,3,4,3,4,4,3,2,1,2,2,2,1,2,2,1,3,3,3,2,3,1,1,3,2,3,4,4,4,4,1
269,97,302,1,2,2,3,1,1,43,1,3,1,4,3,2,1,5,1,3,4,4,1,3,3,3,3,4,4,3,3,3,4,4,1,4,1,4,5,5,5,5,5,5,5,5,5,5,5,5,5,5,5,5,5,5,5,5,5,5,5,5,5,5,5,5,5,5,5,5,3,2,2,2,3,3,3,3,3,3,3,3,1,1,2,3,3,2,1,2,2,3,2,3,3,4,3,1,1,4,4,3,3,4,4,4,1
271,97,1280,1,2,1,2,1,1,10,1,2,1,2,1,1,1,3,1,4,3,4,1,1,2,1,3,3,4,1,3,3,4,4,1,4,4,1,4,3,2,2,4,3,3,4,4,2,4,4,3,2,2,3,3,3,2,1,4,2,1,3,1,1,2,1,2,3,1,2,4,2,2,3,3,4,2,1,2,2,2,2,3,2,2,2,1,2,3,2,1,3,1,3,3,3,4,2,1,2,2,4,4,3,4,4,1
272,97,407,1,2,1,3,1,1,44,1,1,1,2,1,1,1,1,1,2,2,2,5,5,5,5,5,5,5,5,5,4,5,4,4,5,5,4,5,5,4,5,4,5,5,4,4,4,4,5,5,5,4,4,5,4,5,4,5,4,5,5,5,4,4,4,5,5,3,5,2,1,1,1,5,1,4,1,1,1,1,1,1,1,1,3,1,2,1,3,3,1,2,1,2,2,2,2,1,3,1,2,3,3,4,4,1
273,97,703,1,2,1,2,3,1,10,1,4,1,4,3,2,1,5,2,2,4,3,1,3,1,1,2,1,3,2,3,1,3,3,1,3,3,3,2,3,1,1,3,4,2,5,4,3,2,1,3,2,1,3,5,2,1,4,3,1,NA,1,4,1,4,3,1,1,1,1,5,4,4,3,2,3,2,2,2,2,2,4,3,1,1,2,3,2,3,3,2,3,3,1,3,2,3,2,3,4,2,1,4,3,4,4,1
274,97,344,1,1,2,1,4,1,5,3,3,3,3,3,3,3,3,3,2,2,2,3,3,3,3,3,3,3,3,3,3,3,3,3,3,3,3,3,3,3,3,3,4,2,3,2,2,3,3,NA,2,2,3,4,4,2,2,2,3,3,3,2,4,3,3,3,3,4,4,3,4,NA,4,NA,4,NA,3,NA,3,3,3,1,1,2,2,3,2,2,1,3,3,3,2,2,2,2,2,2,2,2,3,3,3,3,3,1
275,97,288,1,1,2,1,2,1,13,1,4,3,5,5,2,1,5,4,2,4,4,2,4,4,2,4,2,3,4,2,4,2,4,2,2,4,2,3,4,2,5,3,2,4,2,3,2,4,1,4,1,4,2,5,3,4,2,4,3,2,4,4,2,3,3,3,2,3,4,1,1,1,4,5,1,2,1,1,1,1,1,1,3,1,1,2,1,2,2,1,3,1,1,1,2,3,3,2,3,4,2,4,4,4,1,1
277,97,724,1,1,2,3,4,1,43,NA,4,3,NA,5,5,4,5,2,1,5,2,4,2,4,4,3,5,5,3,3,1,2,3,3,2,4,1,4,3,5,2,3,2,2,1,3,NA,3,4,2,4,2,4,2,2,2,4,3,1,NA,3,3,4,5,2,3,2,1,1,4,5,5,4,2,5,4,1,4,3,3,5,3,1,1,3,3,1,3,1,3,3,2,3,1,1,1,1,1,4,1,1,3,2,4,4,1
278,97,334,1,2,1,2,2,1,13,3,5,5,5,4,3,3,4,5,1,5,1,3,3,3,2,2,4,4,4,3,3,3,3,3,2,4,4,3,2,2,3,3,2,2,3,4,3,2,3,3,2,3,4,2,4,4,3,2,3,4,2,4,4,1,3,4,3,2,2,4,2,2,3,1,5,5,5,5,5,5,5,2,3,3,1,1,1,1,3,3,2,1,1,3,3,3,3,2,2,2,2,3,3,2,2,1
279,97,612,1,1,2,3,1,1,15,3,5,3,5,5,3,1,5,2,2,4,3,2,1,1,1,2,1,3,3,1,2,4,3,2,3,4,3,4,3,1,1,4,3,3,5,4,4,3,5,1,5,1,2,2,2,1,1,2,1,1,1,1,4,4,3,3,3,1,3,4,2,1,1,4,2,4,1,1,1,1,1,3,2,3,3,2,2,1,2,2,3,3,3,4,4,4,4,1,1,1,3,4,2,4,4,1
281,97,416,1,2,1,1,2,1,8,1,1,1,2,2,2,2,3,2,4,3,4,2,4,4,4,4,5,4,4,4,4,4,4,4,4,4,4,4,4,4,4,3,3,4,5,4,4,3,3,3,4,5,5,3,4,5,4,5,4,4,5,4,4,4,NA,5,4,4,4,3,3,3,3,3,3,3,3,3,3,3,4,1,1,2,2,3,2,2,2,2,3,3,3,3,3,3,2,NA,2,2,2,3,4,4,4,1
286,97,453,1,1,2,1,4,1,2,1,4,2,NA,4,2,2,5,3,1,5,3,5,3,3,5,4,5,4,3,4,3,3,4,2,5,4,4,3,4,5,4,4,4,4,5,5,4,4,5,5,5,4,4,4,4,5,4,4,4,4,5,5,2,3,1,2,4,1,3,5,3,2,4,4,3,4,2,2,2,2,3,2,1,3,2,1,1,1,3,2,1,3,3,3,2,1,3,2,3,2,2,2,4,4,4,1
288,97,555,1,1,2,3,2,1,13,3,5,2,5,4,4,2,5,2,1,5,2,1,1,1,1,3,1,4,2,3,2,5,1,2,3,3,4,3,1,1,3,2,1,3,4,3,2,3,5,5,3,1,1,3,1,1,2,3,1,2,4,4,1,5,1,1,3,3,2,4,2,3,4,2,4,4,2,3,4,2,4,1,2,2,3,2,2,3,2,2,3,3,2,3,2,2,1,1,1,1,3,4,3,1,4,1
289,97,178,1,2,1,2,2,1,7,3,3,3,3,3,3,3,3,3,3,3,3,3,3,3,3,3,3,3,3,3,3,3,3,3,3,3,3,3,3,3,3,3,3,3,3,3,3,3,3,3,3,3,3,3,3,3,3,3,3,3,3,3,3,3,3,3,3,3,3,3,2,3,4,3,3,3,3,3,3,3,3,2,1,2,2,2,2,2,2,2,2,1,1,3,3,3,3,3,3,3,3,3,3,3,3,1
290,97,12944,1,1,2,1,1,1,8,3,5,4,5,4,4,2,5,2,1,5,3,3,2,2,2,2,2,3,3,4,3,5,3,1,4,2,1,4,3,2,2,4,4,2,3,4,2,3,3,4,4,2,4,2,4,4,5,2,3,5,5,5,2,2,1,3,3,1,2,3,4,5,4,2,4,3,3,3,3,3,4,3,1,1,2,3,2,3,3,2,3,3,3,4,3,3,1,1,1,1,2,2,4,4,4,1
291,97,264,1,1,2,3,1,4,15,1,2,1,1,1,1,1,1,1,1,1,1,5,5,5,5,5,5,5,5,5,5,5,5,5,5,5,5,5,5,5,5,5,5,5,5,5,5,5,5,5,5,5,5,5,5,5,5,5,5,5,5,5,5,5,5,5,5,5,5,2,1,1,1,4,2,3,1,1,3,3,3,3,2,2,2,1,2,1,1,2,1,2,1,2,2,2,2,2,2,3,2,2,2,3,2,1
292,97,347,1,2,1,1,2,1,13,1,3,1,3,2,1,1,5,1,4,4,3,4,4,3,4,4,4,5,5,5,4,4,5,5,4,4,5,5,5,5,5,4,4,4,5,5,4,4,4,4,4,5,4,4,4,5,4,4,5,4,4,4,5,5,4,4,4,4,4,2,2,1,1,4,2,4,2,2,2,2,2,1,3,1,3,1,1,1,3,2,3,1,1,3,3,2,2,2,2,2,3,2,3,2,3,1
293,97,953,1,1,2,4,2,7,13,1,3,1,3,3,2,1,2,2,3,4,4,2,2,1,1,1,2,3,4,3,3,3,4,3,4,2,4,3,4,1,1,4,4,4,4,4,1,3,4,4,4,3,4,4,5,4,3,4,3,3,2,4,2,2,2,2,2,1,4,2,2,2,2,4,2,1,1,2,2,1,3,3,2,1,2,2,2,3,3,2,3,2,3,4,3,3,2,1,3,3,4,4,4,4,4,1
294,97,832,1,1,2,2,1,1,43,1,2,1,2,2,1,1,3,1,5,2,4,1,1,1,1,1,1,1,1,2,2,3,3,1,4,3,2,3,5,1,1,1,2,4,5,3,1,2,4,4,5,4,2,2,2,1,1,2,1,1,1,1,1,1,4,2,2,1,1,3,2,2,2,4,2,2,2,3,2,2,3,3,1,2,2,1,2,3,3,2,2,2,2,2,1,2,2,1,3,2,2,4,4,4,4,1
296,97,606,1,1,2,2,3,1,10,1,4,1,4,1,2,1,5,3,2,3,1,4,3,3,1,1,1,4,2,2,2,4,2,1,3,3,3,4,4,4,1,4,3,4,2,3,1,2,4,4,4,4,3,3,3,3,3,4,2,1,2,1,3,3,3,2,2,1,2,3,4,4,4,4,4,5,1,2,2,2,3,3,2,2,1,3,1,2,1,2,1,3,3,4,4,4,2,1,4,3,4,3,4,4,4,1
297,97,578,1,1,2,1,1,1,10,3,4,2,3,3,5,3,5,2,4,2,4,1,2,1,1,2,3,2,2,4,2,2,2,1,2,1,1,3,3,1,2,2,2,3,2,2,1,3,2,2,3,1,2,2,1,4,3,3,3,2,1,3,1,3,3,1,1,1,2,3,2,2,3,2,3,4,3,2,3,3,4,1,2,2,3,3,3,3,3,2,3,3,3,3,3,2,1,3,4,3,3,3,4,4,4,1
301,97,188,1,2,1,2,2,1,13,4,3,3,3,1,2,1,1,2,5,5,5,3,3,3,2,3,4,3,4,3,3,3,2,3,4,4,4,4,4,4,4,3,4,3,3,5,4,5,4,3,4,3,3,3,4,4,5,3,4,4,4,3,4,4,4,3,5,4,4,3,3,4,3,2,2,3,3,4,3,3,2,1,2,1,3,1,2,2,3,2,2,2,2,3,1,2,3,1,2,3,2,2,2,2,3,1
302,97,938,1,2,1,2,1,1,43,1,3,1,2,3,2,1,5,2,3,5,4,2,3,3,1,2,3,3,2,3,2,4,3,2,2,1,2,4,3,2,4,2,2,4,4,4,5,4,3,4,4,4,2,4,4,2,2,3,3,2,4,1,3,3,2,1,2,3,3,3,4,4,4,2,3,3,2,3,4,3,4,3,2,2,3,1,2,1,3,2,1,3,3,3,3,2,1,1,1,1,3,3,2,1,2,1
305,97,15084,1,1,3,2,1,1,43,1,2,1,1,3,1,1,4,1,5,3,5,4,4,3,4,1,2,5,3,5,3,5,4,3,4,4,3,5,4,2,1,3,5,5,4,5,3,5,5,5,5,5,5,5,5,3,3,5,4,3,4,3,3,5,1,4,4,4,4,2,2,4,4,3,1,4,1,1,1,1,3,2,2,2,3,2,2,1,3,3,3,3,2,3,2,2,2,1,2,1,3,4,4,3,4,1
306,97,14544,1,2,1,3,1,1,44,1,1,1,2,3,1,2,3,1,4,2,4,3,4,4,2,4,4,4,4,5,4,5,4,2,5,5,4,4,5,2,3,4,4,4,5,3,4,5,5,4,2,4,4,4,3,2,4,4,3,4,4,3,3,4,1,1,4,2,3,2,3,2,2,4,2,5,1,1,1,1,1,3,2,2,3,3,2,1,3,2,1,3,3,1,1,1,2,1,3,2,4,4,3,4,4,1
307,97,852,1,1,2,1,3,1,10,1,3,2,2,2,3,1,3,1,4,2,3,3,4,4,1,2,3,5,4,4,5,5,5,3,4,5,4,4,5,2,4,4,4,5,5,5,3,4,5,4,4,5,5,4,5,3,4,4,3,5,5,4,2,3,3,3,4,3,5,3,3,2,2,3,2,2,2,2,2,2,3,3,2,2,3,2,1,1,3,2,1,3,3,3,2,2,1,1,3,1,2,3,4,3,4,1
310,97,241,1,1,2,3,3,1,10,3,4,2,4,5,4,2,5,3,3,4,4,3,3,3,3,3,3,3,3,3,3,3,3,3,3,4,4,4,4,4,4,4,4,4,3,4,4,3,4,4,4,4,4,5,4,4,3,3,3,4,4,4,5,4,4,3,4,4,4,4,4,4,5,2,4,2,4,4,4,4,4,3,2,3,3,3,2,2,2,3,1,3,3,3,3,3,4,3,4,4,2,4,2,2,1,1
311,97,906,1,2,1,3,1,1,15,1,1,1,1,1,1,1,1,1,1,1,4,3,4,3,3,3,5,5,5,5,4,5,5,3,5,4,5,4,3,4,4,5,4,5,4,5,3,4,4,5,5,4,3,4,5,5,3,4,2,3,5,3,3,4,4,5,4,3,4,1,1,1,1,4,1,5,1,1,1,1,1,3,1,2,3,3,2,3,3,3,3,3,2,2,2,2,3,3,4,3,2,4,4,4,4,1
312,97,851,1,1,5,5,1,6,12,1,5,3,5,4,4,2,5,3,1,5,3,1,1,1,1,1,1,2,1,2,1,2,2,1,1,3,2,2,3,1,1,2,2,2,1,3,1,1,4,3,4,2,2,4,2,1,2,2,1,1,2,1,2,5,3,2,1,3,1,4,4,5,3,3,4,3,1,4,3,4,4,3,1,1,3,2,2,1,2,3,3,3,2,4,3,4,3,1,3,2,3,3,4,4,4,1
313,97,858,1,1,2,1,4,1,3,1,3,1,3,4,2,1,4,1,4,2,4,3,4,5,3,4,3,5,3,4,4,5,5,4,5,5,5,4,4,4,5,5,5,5,3,3,3,4,5,5,5,5,5,5,5,4,5,5,4,4,5,4,4,4,3,4,4,2,4,3,4,4,3,2,4,3,2,3,3,3,3,3,1,1,2,3,2,2,3,2,1,3,3,4,3,3,3,2,3,2,4,3,4,4,4,1
314,97,404,1,1,2,3,3,2,44,2,3,5,3,2,3,2,5,3,1,3,2,2,3,1,2,3,3,2,3,2,1,2,4,3,3,3,2,3,3,4,3,3,4,4,2,3,3,2,4,4,3,2,2,4,2,4,4,2,3,4,2,4,3,5,3,2,2,3,1,4,3,4,3,3,2,3,3,3,2,1,2,2,2,3,1,1,2,3,3,2,3,3,2,3,3,4,3,2,2,2,3,2,3,2,2,1
315,100,270,1,1,2,1,4,6,3,1,5,2,4,1,3,3,3,3,2,4,4,2,3,4,2,4,2,4,3,3,4,4,4,4,5,3,4,4,4,4,4,4,4,4,4,4,4,4,4,4,4,4,4,4,4,4,4,4,4,4,4,4,4,4,4,4,4,4,4,4,4,4,4,4,4,4,4,4,4,4,4,3,2,2,1,1,1,2,2,3,1,1,2,3,2,2,2,2,2,2,2,2,2,2,2,1
317,97,493,1,2,1,1,1,1,16,2,4,1,4,3,1,1,3,3,3,2,3,3,3,4,2,2,4,4,4,3,3,4,4,2,3,3,3,3,4,3,4,3,2,4,4,3,3,2,4,4,3,3,4,2,3,4,3,3,4,4,3,2,2,2,3,3,4,3,3,3,3,4,4,3,3,3,3,3,4,3,3,3,3,3,1,2,2,2,1,2,1,2,2,3,3,3,2,2,3,2,2,2,4,4,4,1
318,97,1983,1,1,2,2,1,1,16,2,5,4,5,3,2,1,5,2,1,5,4,3,2,2,3,1,1,2,1,4,2,3,1,1,2,2,1,1,3,1,1,2,2,3,2,3,1,1,4,4,4,2,2,3,2,1,2,3,1,2,1,2,2,2,4,1,1,1,2,5,4,5,3,2,5,5,1,4,3,3,4,3,1,1,3,2,2,3,2,2,1,3,3,4,3,3,2,1,3,2,3,4,3,4,4,1
320,97,746,1,1,2,1,1,1,10,1,4,3,5,4,3,5,5,3,2,5,2,5,3,3,2,4,5,4,5,3,2,3,2,3,4,3,3,2,3,4,2,3,2,3,4,4,2,2,3,2,3,1,2,4,3,3,3,4,3,1,2,3,1,3,4,4,2,1,2,2,5,4,4,1,5,2,3,5,5,4,5,3,2,3,2,3,2,3,3,1,3,2,3,3,4,4,3,1,3,2,2,4,4,4,4,1
321,97,528,1,1,2,1,4,6,3,3,4,1,3,5,4,1,5,3,4,3,4,2,2,2,2,2,2,4,3,4,2,3,1,1,3,3,3,2,2,1,1,4,2,2,1,2,1,1,5,4,4,2,2,3,3,2,4,4,3,2,4,4,1,3,2,2,2,1,1,5,4,5,5,1,5,1,3,3,4,4,4,2,2,2,2,3,2,1,3,2,1,2,1,3,3,3,1,2,1,2,2,4,3,4,4,1
322,97,19246,1,2,1,4,4,1,5,3,4,1,3,4,1,2,5,2,4,2,3,4,4,4,4,3,5,4,4,4,3,4,4,2,4,3,4,3,3,5,3,4,3,4,5,5,3,5,5,5,3,4,4,5,5,3,5,5,3,5,4,5,3,4,1,4,4,4,5,3,2,1,1,5,2,2,2,2,2,2,2,3,2,2,3,3,2,2,2,2,3,3,2,2,1,3,1,2,3,2,1,1,1,4,4,1
324,97,13548,1,2,1,1,2,1,13,4,4,4,4,4,5,1,5,3,1,5,1,1,1,1,1,2,1,3,1,3,1,3,3,1,3,2,2,2,2,2,3,2,3,2,2,3,1,3,3,3,2,3,4,4,2,2,3,3,3,3,2,3,3,2,2,2,3,3,3,2,4,4,4,4,4,4,3,3,4,4,4,3,1,2,2,3,2,2,2,2,3,1,3,3,3,2,2,2,3,3,3,3,3,2,3,1
325,97,26147,1,1,2,1,4,1,3,1,2,1,3,2,2,1,4,1,4,3,4,5,5,5,5,5,5,5,5,5,5,5,5,5,5,5,5,5,5,5,5,5,5,5,5,5,5,5,5,5,5,5,5,5,5,5,5,5,5,5,5,5,5,5,5,5,5,5,5,3,3,4,4,2,3,3,3,4,3,3,4,2,1,2,2,3,3,1,1,2,1,3,1,1,1,1,1,3,3,4,1,1,4,4,4,1
327,97,43129,1,1,2,3,4,1,4,1,3,1,3,4,2,1,4,1,2,5,4,5,4,4,5,3,4,4,2,3,3,3,4,3,3,2,3,3,2,4,3,4,3,3,2,3,4,2,4,2,2,3,3,3,2,3,5,2,3,2,4,4,2,4,3,2,3,4,3,1,1,1,1,5,1,5,1,1,1,1,1,3,1,1,2,1,1,2,1,2,3,2,3,3,2,3,2,1,3,2,2,3,3,4,4,1
328,97,50206,1,2,5,4,4,1,6,1,4,1,5,5,2,5,5,3,1,5,1,5,5,5,2,3,2,5,5,5,3,5,5,3,5,5,5,5,3,3,3,5,5,5,5,5,3,5,5,5,5,5,5,5,5,5,3,5,5,5,5,5,5,3,1,3,5,1,3,2,3,1,1,5,1,5,1,1,1,1,1,2,2,1,3,3,2,1,2,3,2,2,3,1,1,1,1,1,3,1,1,1,3,3,3,1
329,97,77018,1,2,1,4,1,1,14,3,5,4,5,2,4,3,5,3,1,2,2,2,2,2,2,2,2,2,2,2,2,2,2,2,2,3,2,2,2,2,2,2,3,2,2,2,2,2,3,3,2,2,2,2,2,2,1,2,1,1,2,2,1,2,1,2,3,2,2,3,3,3,3,3,3,3,1,1,1,1,2,3,1,1,1,3,2,3,3,2,3,3,3,3,3,3,3,1,3,2,3,3,3,4,4,1
331,97,127937,1,2,1,4,1,1,15,1,1,1,3,4,1,2,4,1,3,3,4,3,3,2,1,5,1,5,5,5,5,5,5,1,5,4,5,5,5,4,5,5,5,5,5,5,5,5,5,5,5,5,5,5,5,4,5,5,4,5,5,5,4,4,3,5,5,4,4,2,2,2,2,3,4,2,2,2,3,3,3,2,2,1,1,2,2,3,2,2,3,1,2,2,3,2,1,1,1,1,3,3,3,4,4,1
334,100,666,1,1,2,3,4,1,43,3,4,2,5,5,2,2,4,3,2,2,3,4,3,2,4,3,3,4,4,3,4,4,3,3,3,3,4,3,1,3,3,3,2,4,3,3,2,4,2,2,3,3,1,3,3,2,2,4,3,3,4,3,3,3,2,2,3,1,3,3,2,3,2,4,3,4,1,2,2,2,4,3,3,2,1,3,2,1,2,2,2,3,1,3,3,2,1,3,2,1,1,2,2,4,4,1
335,100,372,1,2,1,3,4,1,8,3,2,2,2,3,2,2,5,2,3,2,2,3,4,2,3,3,3,2,3,2,3,2,3,3,2,3,2,3,3,2,3,2,2,3,2,3,2,2,3,4,3,4,2,4,2,3,3,4,2,3,2,2,3,3,4,2,3,4,2,3,3,2,2,2,4,4,2,3,3,3,4,3,2,2,2,1,2,2,3,1,1,3,2,3,3,3,3,2,2,3,3,4,4,4,4,1
336,100,1221,1,1,2,3,3,1,8,2,4,2,5,4,3,3,5,4,3,4,3,4,4,4,1,3,3,3,3,3,3,3,3,3,4,4,2,3,4,3,2,4,3,4,3,3,4,3,3,3,4,4,3,4,3,3,3,4,3,4,3,4,3,4,4,3,3,2,3,4,2,2,3,3,3,3,3,3,3,3,3,3,2,1,2,2,2,2,1,3,1,2,3,2,2,2,2,1,2,1,2,3,3,3,3,1
337,100,446,1,1,2,4,1,1,14,3,3,1,3,3,2,2,4,2,4,3,4,3,4,4,2,4,4,4,4,2,4,4,4,2,3,5,4,4,4,2,3,4,3,3,3,4,4,3,5,4,3,4,4,4,5,4,2,4,3,2,4,2,3,4,2,3,4,3,4,2,2,2,2,4,2,4,2,2,2,2,2,3,2,2,1,2,1,1,1,2,3,3,3,3,3,2,1,1,3,1,3,4,4,4,4,1
338,100,1109,1,1,2,1,1,1,12,1,3,1,3,1,1,1,4,1,5,3,4,3,3,3,3,3,3,3,3,3,3,3,3,3,3,4,3,3,3,2,3,3,3,3,3,4,3,3,5,3,3,3,3,3,4,2,2,2,4,2,4,2,2,3,3,3,4,1,2,3,2,2,2,4,3,2,2,2,2,2,3,3,1,2,3,3,2,3,1,1,3,2,1,3,1,2,1,1,2,1,2,2,2,4,4,1
339,100,486,1,1,2,1,4,1,5,3,5,5,5,5,5,5,5,5,1,5,1,1,3,3,1,2,1,1,1,1,3,2,2,2,1,1,3,3,3,3,1,3,3,3,1,2,2,2,3,2,1,1,3,3,3,3,3,3,1,2,2,2,3,3,3,3,3,3,1,5,5,5,5,2,3,3,3,3,5,5,5,3,2,1,2,3,2,3,3,2,3,3,3,2,2,2,2,1,2,1,2,3,3,3,3,1
340,100,673,1,2,1,1,2,1,13,2,4,2,4,2,4,2,3,3,3,2,3,3,3,3,2,2,2,3,3,2,2,2,2,2,3,4,3,2,2,3,3,2,2,2,2,2,3,3,3,2,3,2,3,3,3,3,3,2,2,3,3,3,2,2,2,3,2,3,3,3,3,3,3,3,3,3,3,3,3,3,3,3,1,3,3,3,3,3,3,2,3,3,3,3,3,3,2,2,3,2,2,2,2,2,3,1
341,100,430,1,1,2,1,3,1,10,1,2,1,3,3,2,1,4,1,4,3,4,2,5,4,1,3,3,3,4,3,3,4,3,1,3,2,3,3,3,3,3,3,2,3,3,4,2,3,5,4,3,3,3,3,3,2,2,2,3,3,3,3,4,4,2,3,3,2,3,3,2,2,2,2,4,4,2,2,2,2,4,3,2,1,3,1,1,1,2,2,1,3,1,3,3,3,2,1,2,1,2,3,4,4,4,1
342,100,555,1,1,2,1,4,4,10,3,3,3,3,3,3,NA,4,3,3,3,3,5,5,4,NA,4,3,4,4,4,4,4,4,3,4,4,4,4,4,4,4,4,4,4,4,3,3,4,3,3,4,4,3,3,3,3,4,3,4,3,3,4,3,3,4,3,3,4,4,3,3,3,3,3,3,2,2,2,3,3,3,3,1,2,1,1,1,3,2,2,3,2,3,3,3,3,3,3,3,3,3,3,3,3,3,1
343,100,380,1,1,2,3,1,4,15,2,2,2,2,2,2,1,1,1,4,4,4,3,3,3,3,3,3,2,2,2,2,2,2,2,2,2,2,2,2,2,2,2,2,2,2,2,2,2,2,2,2,2,2,2,2,2,2,2,2,2,2,2,2,2,2,2,2,2,2,4,4,1,1,2,2,3,3,2,3,3,2,2,2,2,2,1,1,1,2,3,1,1,1,1,1,1,1,1,1,1,1,1,1,1,1,1
344,100,660,1,1,2,1,1,6,8,1,3,1,4,5,2,1,5,2,3,2,4,2,2,2,3,3,3,3,2,4,4,4,3,2,4,2,3,4,3,3,3,4,4,4,5,4,3,3,5,5,4,4,2,5,4,3,2,5,3,3,3,2,2,4,1,1,2,1,1,3,2,4,3,3,4,5,1,3,1,1,4,3,1,1,3,3,2,3,1,3,3,2,3,4,3,3,2,2,3,3,3,4,4,4,4,1
345,100,557,1,2,1,1,1,1,10,1,2,1,2,1,1,1,3,2,4,5,4,3,5,4,1,4,3,5,5,5,4,4,4,4,5,5,4,5,4,4,5,5,4,4,4,5,4,5,4,3,5,4,4,4,3,4,4,5,4,4,5,2,1,4,1,3,4,3,3,5,1,1,1,4,2,4,2,2,1,2,1,3,2,1,3,2,2,2,3,3,3,2,3,3,1,2,2,1,1,2,2,4,4,4,4,1
346,100,398,1,2,1,2,3,2,10,4,5,5,5,5,5,5,5,5,1,1,1,1,1,1,1,1,1,1,1,1,1,1,1,1,1,1,1,1,1,1,1,5,5,5,5,5,5,5,1,1,1,1,1,1,1,1,1,1,1,1,1,1,1,1,1,1,1,1,1,5,5,5,5,5,5,5,5,5,5,5,5,1,1,1,1,1,1,1,1,2,2,1,1,3,3,2,NA,2,3,2,4,4,4,4,4,1
347,100,8477,1,2,1,3,1,2,44,1,NA,3,1,4,2,1,4,1,3,4,3,4,4,4,4,3,2,5,4,4,4,4,4,4,4,4,4,4,4,2,4,4,4,4,3,3,3,4,4,4,4,4,4,4,4,4,3,5,4,3,5,3,1,1,2,3,5,1,5,2,2,2,2,4,2,3,2,1,2,2,2,3,2,1,3,1,2,1,1,2,1,2,2,2,2,2,2,3,3,3,2,1,1,1,1,1
348,100,377,1,1,2,1,1,2,10,1,5,1,5,4,1,1,5,3,4,2,4,4,2,4,4,3,2,4,3,2,2,3,4,1,3,4,4,5,4,5,3,3,3,3,3,4,4,4,5,5,5,5,5,5,5,5,5,5,5,5,5,5,3,3,1,3,5,1,3,5,5,3,1,1,4,2,1,1,1,1,5,1,2,1,1,3,2,3,3,2,1,3,3,1,1,1,3,1,4,1,3,1,1,1,4,1
349,100,622,1,2,1,2,2,6,10,2,3,1,3,4,1,1,3,1,3,3,4,1,3,1,3,3,3,4,3,4,NA,4,4,1,3,1,3,3,3,3,3,3,3,3,3,3,3,3,3,3,3,3,3,3,3,3,3,3,3,3,3,3,3,3,3,3,3,3,3,2,2,2,2,2,2,2,2,2,2,2,2,3,1,1,3,2,2,1,3,2,3,3,3,3,3,3,2,2,3,3,2,3,3,3,3,1
350,100,664,1,1,2,1,4,1,3,1,3,1,3,1,1,1,3,1,5,5,5,5,5,5,5,5,5,5,5,5,5,5,5,5,5,5,4,5,4,5,5,5,5,5,5,5,5,5,5,5,5,5,5,5,5,5,5,5,5,5,5,5,5,5,2,3,5,4,5,3,4,4,4,2,3,3,1,2,1,1,2,1,2,1,1,1,2,3,1,3,1,1,3,1,1,1,1,1,2,1,1,1,2,2,3,1
351,100,301,1,1,2,2,2,6,10,3,3,3,3,3,2,2,2,3,2,2,1,3,4,4,4,4,4,3,3,3,3,3,4,3,3,4,4,4,4,4,4,3,4,4,4,4,4,4,4,4,4,3,3,3,3,3,3,3,3,3,3,3,3,3,4,4,3,3,3,4,4,4,4,3,3,3,4,3,4,3,4,1,1,2,2,1,1,1,2,2,1,3,3,1,1,1,1,1,1,1,1,1,1,1,1,1
352,100,5484,1,2,1,5,1,1,43,1,1,1,1,1,1,1,1,1,5,5,5,3,3,2,4,4,4,4,4,2,4,4,4,4,4,4,4,4,4,4,4,4,4,4,4,4,4,4,5,5,5,5,5,5,5,3,3,3,3,3,4,4,4,4,4,4,4,4,4,1,1,1,1,1,1,1,1,5,4,3,2,1,2,2,1,1,3,1,2,3,2,1,2,2,3,3,2,3,3,4,3,2,3,3,4,1
353,100,570,1,2,1,2,1,1,16,1,1,1,1,1,1,1,1,1,3,2,4,4,5,4,4,5,4,4,4,5,4,4,5,4,5,4,5,5,5,4,5,5,4,5,5,5,5,4,5,4,4,4,5,5,5,4,4,4,4,5,5,5,4,4,5,4,5,5,5,2,2,2,2,4,2,4,2,2,2,2,2,1,1,2,3,1,2,1,2,2,3,3,3,3,3,3,NA,3,3,3,3,4,4,4,4,1
354,100,1718,1,1,2,1,1,4,10,1,2,1,2,3,1,1,3,1,4,5,4,3,4,3,3,2,3,4,3,3,3,4,4,3,4,3,4,3,3,2,3,3,2,2,5,4,2,3,5,4,4,3,3,4,3,3,4,4,3,3,3,2,2,3,3,4,4,3,4,3,3,4,4,3,4,4,2,3,3,3,3,3,2,3,1,2,2,1,2,2,3,3,3,3,3,2,2,3,3,2,3,3,3,4,4,1
355,100,336,1,1,2,2,4,1,10,3,4,3,4,4,3,4,5,3,1,4,1,2,2,2,1,1,1,1,1,1,1,1,1,2,1,1,2,2,1,2,2,2,2,1,3,3,3,3,2,2,2,1,2,2,1,2,1,2,2,2,2,2,4,3,3,2,2,1,2,2,2,2,2,2,2,2,2,2,2,2,2,3,1,3,3,1,2,2,1,2,1,1,2,4,3,2,2,3,3,3,1,4,3,4,4,1
356,100,239,1,2,1,1,1,1,10,1,1,1,1,1,1,1,1,1,4,4,4,4,4,4,4,4,4,4,4,4,4,4,4,4,4,4,4,4,4,4,4,4,4,4,4,4,4,4,4,4,4,4,4,4,4,4,4,4,4,4,4,4,4,4,4,4,4,4,4,2,2,2,2,4,2,2,2,2,2,2,2,1,2,1,1,1,1,1,2,2,2,1,3,3,3,3,3,3,3,3,3,4,4,3,4,1
357,100,864981,1,1,2,2,2,7,1,2,3,2,4,3,4,2,5,4,2,3,3,3,3,2,3,3,3,3,3,4,3,4,3,3,3,4,3,3,4,3,3,2,2,2,3,2,3,3,3,2,2,2,3,2,3,3,3,3,2,3,2,3,1,2,2,3,2,3,3,4,4,2,2,2,4,2,3,2,2,3,4,2,1,1,1,2,2,2,1,2,3,2,1,3,3,2,2,3,3,2,2,3,3,3,2,1
358,97,644,1,1,2,2,2,1,1,1,3,2,3,4,2,1,4,2,2,4,4,1,1,3,1,2,1,5,4,4,3,5,4,2,4,2,3,5,3,2,2,4,3,4,4,5,1,4,5,5,4,4,3,5,4,3,4,4,4,3,4,4,5,4,2,3,4,2,5,4,4,4,2,1,3,5,2,2,4,3,4,2,2,1,3,2,1,3,2,2,2,2,2,3,2,2,1,1,2,2,3,3,4,4,4,1
360,97,397,1,1,2,2,4,1,5,1,1,1,2,1,1,1,1,1,4,3,4,3,2,3,3,3,4,2,3,3,3,3,3,3,3,3,3,3,3,3,3,4,3,3,4,4,2,4,3,3,4,4,3,3,3,4,4,4,4,4,4,3,2,2,1,3,3,3,4,3,2,2,4,3,2,3,2,2,2,2,2,2,2,2,2,2,2,3,2,3,3,2,3,2,2,2,2,2,3,2,2,3,4,4,4,1
361,97,609,1,1,2,2,2,1,7,1,4,1,4,2,4,4,5,1,1,5,3,1,4,4,1,4,1,4,3,4,2,4,4,4,4,2,4,4,2,1,1,4,2,4,4,4,2,1,1,4,4,1,2,4,4,1,4,1,1,4,1,4,1,3,4,4,1,3,2,4,4,4,4,4,4,4,3,3,3,3,4,3,2,3,1,1,2,2,1,3,1,3,3,3,1,3,2,2,3,2,3,1,2,3,4,1
362,97,678,1,2,1,1,2,1,13,1,4,3,5,2,1,1,5,1,4,4,4,1,1,2,1,1,1,3,3,3,3,3,4,4,4,4,3,4,3,1,2,3,3,3,5,5,4,3,2,5,5,5,5,4,5,3,3,3,3,1,3,5,1,3,1,1,3,1,3,3,3,3,4,1,3,3,3,3,3,3,3,3,2,2,3,3,2,1,2,2,3,2,1,4,2,2,3,1,3,3,4,4,4,4,4,1
364,97,785,1,2,1,1,1,1,16,1,5,2,4,3,2,1,5,1,4,2,4,1,2,2,1,1,1,3,1,2,1,3,1,1,1,1,1,4,2,1,1,3,2,1,4,2,4,1,4,2,4,2,2,3,2,1,3,2,1,2,2,3,3,2,5,2,1,1,1,3,2,2,2,4,2,3,2,2,2,2,3,1,1,2,3,1,2,3,3,2,3,3,2,3,3,3,2,3,4,2,2,2,4,3,4,1
365,97,956,1,1,2,1,1,1,7,1,3,1,3,4,4,1,3,3,2,4,4,2,4,4,1,5,4,5,5,3,4,5,5,3,4,4,5,5,4,3,3,4,5,5,5,4,4,4,4,5,4,4,5,4,5,4,2,5,4,4,5,2,5,3,2,3,3,3,5,3,2,2,3,2,2,4,1,2,2,2,3,3,1,3,1,1,2,3,3,2,1,2,2,2,2,2,3,1,3,3,2,3,4,2,4,1
366,97,759,1,1,2,2,1,1,8,1,4,5,5,4,5,5,5,3,1,5,4,1,1,2,1,2,1,4,2,2,2,2,1,1,2,3,2,4,2,1,1,4,2,3,4,4,4,2,5,2,4,2,4,2,2,2,1,4,1,1,2,1,1,3,1,1,1,1,2,3,2,2,2,3,3,4,1,2,2,2,4,3,1,1,3,3,2,3,1,2,1,3,3,2,2,2,2,2,3,2,4,2,3,4,1,1
370,97,592,1,1,2,2,1,7,17,1,5,1,5,4,1,1,5,1,3,5,4,1,1,5,1,2,4,2,5,5,4,5,5,3,4,2,5,4,5,2,4,5,4,5,4,5,1,5,5,5,5,5,5,3,5,2,4,5,3,4,2,3,5,4,1,3,4,4,5,3,2,4,1,5,4,5,1,2,1,1,4,3,1,2,3,1,2,3,1,2,3,3,2,1,3,3,1,1,2,1,1,3,3,4,3,1
371,97,101897,1,1,2,1,4,1,3,1,3,1,3,4,4,1,3,1,1,5,2,5,4,4,5,5,4,5,5,4,4,5,5,4,5,5,4,4,3,2,5,3,3,4,5,4,2,4,5,5,4,4,2,5,4,5,5,5,5,5,5,5,5,3,2,3,3,2,5,2,2,2,2,4,2,4,1,1,1,2,2,3,2,2,2,1,2,3,3,1,3,3,3,3,3,2,3,NA,3,3,3,3,3,4,4,1
373,97,1688,1,2,1,2,1,1,8,1,3,1,2,3,1,1,2,1,4,2,4,5,4,5,1,1,4,5,3,4,3,5,5,2,5,4,3,3,4,1,4,4,3,4,4,4,4,4,5,4,5,4,3,5,4,5,4,3,3,4,4,5,2,4,4,4,5,2,4,1,3,2,2,3,2,2,1,1,1,1,3,1,1,1,2,1,2,3,2,1,3,3,3,3,2,1,2,2,3,3,3,2,3,4,4,1
375,97,641,1,1,2,3,1,1,44,2,4,1,3,4,3,2,5,3,4,4,5,5,5,5,3,4,5,5,4,5,4,5,5,4,4,5,3,4,4,4,3,4,4,5,5,4,5,5,3,4,4,3,5,4,5,3,2,4,3,3,3,3,2,3,1,5,4,5,5,3,2,3,3,3,3,3,3,4,3,3,3,3,2,1,2,3,2,1,1,2,1,3,2,1,1,1,2,1,3,2,3,3,4,3,4,1
377,97,7326,1,1,2,2,4,1,3,1,3,1,3,3,1,1,3,1,4,4,4,4,4,4,4,4,4,4,4,4,4,4,4,4,NA,3,4,4,3,3,4,4,4,4,3,4,3,4,4,4,4,4,4,4,4,3,5,4,4,3,4,4,3,3,3,3,3,3,4,3,4,4,3,2,3,4,2,2,2,2,4,1,2,2,2,1,2,1,1,2,1,3,3,3,2,2,2,2,2,2,2,3,3,4,4,1
378,97,699,1,1,2,3,1,1,8,1,4,1,5,2,2,1,5,2,4,2,2,4,4,4,2,5,2,3,4,5,2,4,5,2,4,3,5,2,5,2,3,3,4,4,5,4,5,5,5,4,3,3,4,2,5,3,5,4,3,5,4,4,3,4,4,1,2,1,2,3,2,2,2,4,1,5,1,2,1,1,1,3,2,3,3,3,2,2,1,2,1,2,1,2,1,1,1,1,3,3,2,3,3,4,4,1
379,97,2624,1,1,2,1,4,1,3,1,3,1,2,3,5,2,2,2,4,2,3,4,4,4,5,4,3,3,4,4,4,4,4,4,4,5,3,4,2,2,2,4,4,2,2,2,2,4,4,4,2,3,4,4,4,5,5,5,3,5,5,5,4,3,2,5,4,5,5,4,4,4,4,2,3,3,3,3,3,3,3,2,3,1,3,2,2,3,3,2,3,3,3,3,2,1,2,3,3,2,1,3,4,4,4,1
380,97,2291,1,1,2,3,4,1,43,2,3,1,3,4,4,2,5,2,1,5,4,4,3,3,5,3,5,2,2,2,2,4,4,5,4,5,3,4,4,4,4,3,3,4,3,3,4,4,4,5,4,5,3,3,4,5,2,2,2,2,3,2,1,4,3,3,4,1,2,1,5,5,5,1,4,3,3,3,3,3,4,2,1,3,3,3,2,1,1,2,1,3,3,2,2,1,1,3,1,3,1,2,4,4,4,1
382,97,396,1,1,2,3,2,4,13,1,3,2,2,4,1,1,3,1,2,3,4,2,3,3,2,2,1,3,3,4,4,5,5,5,4,3,4,5,4,2,3,2,3,4,3,2,2,2,3,4,4,4,2,2,3,4,3,4,3,3,3,3,4,3,3,2,2,2,3,3,4,4,4,3,2,3,2,2,2,2,2,2,2,2,2,1,2,1,2,2,2,3,3,3,4,3,3,3,4,3,4,4,4,3,4,1
388,97,989,1,1,2,1,1,1,16,1,2,4,1,2,2,3,3,3,2,2,4,2,3,3,2,3,5,3,3,2,1,4,2,3,2,3,4,2,4,4,3,2,3,3,4,3,3,2,2,2,3,2,3,3,2,3,3,2,3,2,2,2,3,3,3,2,2,2,2,2,2,2,2,4,2,4,1,1,1,2,3,3,2,2,2,3,2,2,1,2,3,3,2,3,3,4,2,4,3,4,4,3,4,4,4,1
389,97,820,1,1,2,1,3,1,10,2,3,1,3,2,2,2,4,1,4,2,4,1,2,2,1,2,1,3,3,4,2,3,2,3,2,1,2,2,2,2,2,3,3,2,3,2,2,2,4,3,3,3,2,3,2,2,2,3,2,2,2,2,1,3,3,2,2,1,1,3,3,3,3,3,3,3,3,3,3,3,3,3,2,1,3,3,2,3,3,2,1,3,1,3,3,3,2,1,3,2,3,3,4,4,4,1
390,97,149,1,2,1,1,1,7,12,2,2,2,2,2,2,2,2,2,3,3,3,3,3,3,3,3,3,3,3,3,3,3,3,3,3,3,3,3,3,3,3,3,3,3,3,3,3,3,3,3,3,3,3,3,3,3,3,3,3,3,3,3,3,3,3,3,3,3,3,3,3,3,3,3,3,3,3,3,3,3,3,1,1,2,2,2,3,3,1,2,2,1,2,3,3,3,3,3,3,3,3,3,3,3,3,1
391,97,1277,1,2,1,1,1,1,16,1,1,1,1,2,1,2,2,1,4,1,5,3,3,2,3,1,3,3,2,4,4,4,3,1,4,4,4,3,5,1,1,4,3,3,3,4,1,4,3,4,3,3,3,3,4,3,4,4,4,4,3,2,3,3,2,2,3,3,2,3,3,3,3,3,3,3,3,3,3,3,3,3,1,1,3,1,2,1,2,3,2,2,3,2,2,2,2,2,3,3,3,4,3,4,4,1
394,97,312,1,1,2,5,3,7,6,3,3,2,2,1,3,3,3,1,4,5,4,5,5,5,5,5,5,4,5,4,3,4,4,2,5,4,4,4,3,4,5,4,4,5,5,4,5,5,4,4,5,5,5,5,5,4,4,5,4,5,5,5,5,5,4,4,5,4,4,3,3,3,2,5,5,3,1,1,1,1,1,3,2,1,3,1,2,1,3,2,3,3,2,3,3,2,2,2,1,1,1,1,4,4,4,1
395,97,325243,1,1,2,4,4,1,43,1,4,1,5,4,3,2,5,3,4,2,5,5,4,5,5,5,5,5,3,5,5,5,5,5,5,5,4,5,5,3,4,5,5,5,4,5,4,4,3,1,3,5,3,5,4,5,2,5,4,3,3,1,2,1,1,3,1,4,5,2,5,4,3,1,4,3,2,4,2,4,5,2,1,1,2,2,1,1,3,2,1,3,3,1,1,1,1,3,3,3,1,1,1,4,4,1
397,97,590,1,1,2,2,4,1,4,3,4,1,3,3,2,2,4,1,4,3,3,4,3,3,4,3,4,3,3,3,3,3,3,3,4,4,4,4,4,4,3,3,3,4,2,3,4,3,5,4,4,4,4,4,4,4,3,4,4,4,5,3,3,3,3,4,3,3,4,3,3,3,2,3,2,3,2,2,2,2,2,1,2,1,1,1,2,3,3,2,3,3,1,3,3,1,2,1,3,3,2,3,4,3,3,1
399,97,1074,1,1,2,2,3,1,10,2,3,1,2,2,1,1,4,1,4,1,4,3,5,4,4,4,3,4,4,5,4,5,4,4,5,4,4,4,5,3,4,4,4,4,5,4,4,4,5,5,4,4,5,4,4,5,3,4,4,4,5,4,4,4,4,4,4,3,4,3,3,2,2,3,2,3,3,3,3,3,3,3,2,2,3,1,2,2,3,2,2,3,3,4,3,3,2,2,2,2,2,4,4,4,4,1
400,97,402,1,1,2,1,2,4,13,1,5,3,4,5,5,3,5,3,4,4,5,4,3,3,3,3,3,4,3,3,3,4,4,3,5,2,5,5,5,4,3,3,3,4,5,4,2,4,3,3,3,3,3,3,3,3,3,3,3,3,3,3,3,3,3,3,3,2,3,2,3,2,2,3,3,3,3,3,3,3,3,3,2,2,3,1,1,2,1,3,3,3,2,3,3,3,3,3,3,3,3,3,3,3,3,1
401,97,864,1,1,2,2,1,1,12,1,5,5,5,5,5,2,5,3,1,4,4,2,5,3,1,1,1,1,2,2,1,3,2,2,1,3,4,1,3,1,1,4,3,4,2,4,3,1,4,4,4,2,1,2,3,4,2,5,5,2,4,4,2,4,2,4,4,1,5,5,1,1,4,2,2,4,2,2,2,2,4,3,2,1,2,1,1,3,3,2,3,3,2,3,3,3,1,2,1,4,2,4,3,1,1,1
402,97,406,1,2,1,2,2,1,7,2,2,2,3,3,2,2,4,3,2,1,3,4,4,4,4,4,4,5,4,4,4,4,4,4,4,4,4,4,4,4,5,4,4,4,4,5,4,5,4,4,4,5,4,4,4,4,4,4,4,5,4,4,4,4,4,4,4,4,4,4,4,3,3,2,4,3,3,3,2,2,2,1,2,1,1,1,1,1,3,2,1,2,3,2,2,2,2,3,2,2,2,2,2,3,2,1
403,97,615,1,1,2,3,4,1,43,3,4,1,5,3,2,1,5,1,3,4,5,4,4,4,3,1,5,5,5,3,4,5,2,2,3,3,2,3,2,2,2,4,3,4,4,2,4,5,5,5,5,5,3,1,1,3,4,3,1,3,5,1,4,1,3,4,3,2,5,3,5,5,5,1,5,2,1,3,3,4,4,1,1,1,3,3,2,3,3,3,1,3,3,2,2,1,1,3,4,1,1,3,3,4,4,1
406,97,485,1,2,1,3,4,1,6,1,4,1,4,4,2,1,5,2,2,3,4,5,5,NA,5,5,5,5,5,5,5,5,5,5,5,5,5,5,5,5,5,5,5,5,5,5,5,5,5,5,5,5,5,5,5,5,5,5,5,5,5,5,5,5,5,5,5,5,5,4,4,4,4,2,4,3,1,3,4,3,4,1,2,1,1,2,2,1,3,2,3,3,3,3,3,2,2,1,3,2,2,3,4,4,4,1
409,97,7185,1,1,2,1,4,1,3,1,1,1,1,3,1,1,3,1,5,1,5,5,5,5,5,4,5,5,5,5,4,5,5,4,5,5,4,4,5,5,4,5,5,5,5,5,4,5,5,5,4,3,4,4,4,4,4,5,3,4,5,4,2,2,4,2,4,2,5,3,4,3,3,3,3,3,3,3,3,3,3,3,2,2,3,3,2,3,1,3,2,2,3,3,3,3,1,1,1,2,1,4,4,4,4,1
412,97,3481,1,2,1,2,2,1,13,2,3,3,3,2,1,1,4,2,3,4,3,4,3,3,4,3,3,2,1,2,3,3,2,3,3,1,2,3,2,3,3,3,3,3,3,3,3,4,4,3,5,4,3,3,3,3,3,4,3,3,3,2,2,3,4,3,3,2,3,3,2,2,2,4,2,4,2,1,2,2,2,1,2,2,3,1,2,2,3,1,2,3,3,3,3,2,2,3,3,2,3,3,4,4,4,1
413,97,200,1,1,2,1,3,2,10,1,5,2,5,2,1,2,4,4,2,2,2,3,4,4,4,4,4,3,3,3,3,3,3,3,4,3,2,1,2,3,4,4,3,2,1,1,2,4,5,5,5,5,5,5,5,5,5,5,5,5,5,5,3,3,3,3,3,4,4,5,5,5,4,3,3,2,2,3,3,4,4,2,2,2,2,1,2,2,2,2,2,1,2,4,2,2,1,2,3,2,2,3,1,3,3,1
414,97,560,1,1,2,2,2,1,13,3,5,2,5,5,1,1,5,4,2,4,2,2,1,1,1,1,2,3,3,2,1,2,2,1,2,2,2,3,1,1,2,4,3,4,4,3,1,2,4,4,4,1,1,4,1,2,4,4,3,2,3,4,1,4,3,1,1,1,2,1,5,3,4,2,3,4,2,3,2,3,4,3,2,3,1,3,2,3,3,3,1,3,3,3,4,4,1,1,2,1,1,1,4,4,4,1
417,97,423,1,1,2,2,4,6,3,1,4,3,5,5,5,NA,5,3,2,3,3,4,4,3,5,4,3,3,3,4,4,3,3,3,4,4,4,3,3,3,3,3,3,4,3,3,3,NA,4,4,4,4,3,3,2,3,3,3,4,3,3,3,3,3,3,3,4,4,3,3,4,4,4,2,3,4,3,2,3,4,4,1,2,2,3,3,2,2,2,3,3,3,2,2,2,2,2,2,3,2,2,4,4,4,4,1
418,97,1384,1,1,2,3,4,1,43,2,3,1,4,3,2,2,4,1,2,4,4,2,2,2,2,2,2,3,3,4,3,4,3,2,3,2,2,2,3,3,2,4,3,3,2,3,2,3,4,3,2,2,2,3,3,2,3,3,2,3,2,3,3,3,2,2,2,2,3,3,4,4,3,3,3,4,2,2,2,2,2,3,1,1,3,3,2,1,3,2,1,3,1,3,3,3,2,1,3,2,1,3,3,4,4,1
420,97,1251,1,1,2,2,2,1,13,1,5,3,5,4,2,2,5,1,2,4,4,1,4,3,1,2,2,5,2,5,4,5,3,3,4,3,4,4,4,2,4,3,3,3,4,4,4,3,5,5,4,4,4,4,2,2,3,4,1,3,2,3,2,4,4,2,2,2,4,2,2,2,2,3,2,4,2,2,2,2,2,3,2,3,3,3,2,3,2,3,3,2,3,3,3,2,1,1,3,1,4,3,3,4,4,1
421,97,758,1,1,2,4,4,2,43,3,5,5,4,5,5,5,5,5,1,5,2,5,3,3,5,5,3,5,3,5,5,4,3,5,5,3,3,5,5,5,5,4,4,4,4,4,4,4,5,3,5,5,5,5,5,5,5,5,5,5,5,5,3,3,2,3,4,4,4,3,3,4,3,3,3,3,3,3,3,3,3,3,1,1,2,1,2,1,3,2,3,3,3,3,2,2,3,1,2,2,2,3,4,4,4,1
422,97,1123,1,1,5,4,4,4,10,3,5,3,5,5,3,3,3,4,2,5,2,3,2,2,2,3,2,3,2,2,2,2,2,2,4,3,3,3,4,2,2,4,3,3,2,2,3,2,4,3,3,2,3,2,2,3,2,3,3,3,2,2,3,4,3,1,3,4,3,2,2,2,2,4,4,2,2,2,2,2,4,1,2,1,2,3,2,3,2,3,2,2,3,3,3,2,2,1,3,2,3,2,3,4,4,1
423,97,1408482,1,1,2,2,2,1,5,1,4,2,5,5,4,4,5,3,5,3,5,5,5,5,5,5,5,5,5,5,4,5,5,3,4,5,5,4,5,4,5,5,5,5,5,5,5,5,5,5,3,5,5,5,5,4,4,5,5,5,4,5,1,2,1,5,5,2,5,4,2,2,5,2,4,5,1,4,4,4,4,2,2,2,2,2,1,2,3,2,1,3,3,4,3,3,1,1,1,1,2,4,4,4,4,1
425,97,1909,1,1,2,3,1,1,8,2,4,3,4,4,2,3,5,2,2,3,4,4,4,4,4,4,4,4,4,4,4,4,4,3,4,3,3,4,3,4,3,4,4,4,3,4,4,4,4,3,4,4,4,3,4,3,5,4,3,4,3,4,4,3,4,3,4,4,4,3,2,2,2,2,2,3,2,2,2,2,3,3,2,2,3,3,2,1,1,3,1,3,3,3,2,3,1,1,3,2,3,2,3,4,4,1
426,97,423,1,1,2,3,4,2,43,1,3,1,3,2,3,3,1,2,4,2,4,2,2,3,3,3,4,3,3,3,3,3,3,3,3,3,3,3,3,3,3,3,3,3,3,3,3,3,3,3,3,3,3,3,3,3,3,3,3,3,3,3,2,3,3,3,3,3,3,2,3,3,3,3,3,3,3,3,3,3,3,2,2,1,2,3,2,3,1,2,3,1,3,3,2,2,2,1,3,2,1,2,4,4,4,1
429,97,390,1,1,2,4,1,4,8,2,3,3,3,3,2,2,3,3,2,3,2,3,3,3,3,3,3,3,3,3,3,3,3,3,4,3,4,3,3,3,3,4,4,3,3,3,3,3,4,4,4,3,4,3,3,3,3,4,3,4,3,4,2,3,2,2,4,4,4,3,3,3,3,3,3,3,3,3,3,3,3,3,3,1,3,1,1,3,3,2,1,3,3,3,3,2,2,2,2,2,2,2,2,3,4,1
430,97,4676,1,1,2,5,4,1,43,5,4,2,4,3,5,1,5,3,1,5,5,5,5,5,5,5,5,4,5,3,4,4,3,5,5,5,5,5,5,5,5,4,4,4,4,4,4,4,5,5,4,5,3,5,4,5,2,2,5,5,2,2,1,2,2,1,2,1,2,3,3,3,3,3,3,3,3,3,3,3,3,3,1,1,3,1,2,3,1,2,3,3,3,1,1,1,1,1,1,1,1,3,3,4,4,1
432,97,433,1,1,2,1,2,1,8,1,5,5,5,5,5,3,5,5,1,5,2,3,1,1,1,1,4,1,1,1,1,1,1,1,1,1,1,1,1,1,1,3,1,1,5,3,1,1,1,1,1,1,1,2,3,3,4,4,2,2,1,2,1,1,1,3,3,2,2,3,3,3,3,3,2,3,2,2,2,2,2,1,2,1,3,3,2,2,3,2,1,3,3,3,4,4,2,1,2,2,3,4,4,1,1,1
433,97,511,1,1,2,1,4,1,5,1,3,1,3,2,1,1,5,1,3,4,4,5,3,3,5,2,4,3,2,2,3,4,2,1,3,1,1,3,2,3,2,1,2,3,2,3,1,2,4,3,5,3,3,5,4,1,4,5,1,4,4,3,3,4,3,1,2,3,2,3,3,3,3,3,3,3,3,3,3,3,3,3,2,2,2,3,3,3,3,2,1,3,3,3,2,2,1,1,4,1,2,4,3,4,4,1
434,97,1400,1,1,2,1,1,4,15,1,4,2,4,3,2,1,5,2,3,4,3,2,3,4,2,4,3,5,4,4,4,5,4,2,3,4,3,4,3,2,3,3,4,4,3,4,3,4,5,4,4,4,4,4,4,3,2,4,3,2,3,4,3,3,3,4,4,4,4,4,2,2,2,4,2,5,1,1,1,1,2,1,1,3,3,3,2,1,2,3,3,3,2,3,3,3,2,2,3,2,3,3,4,4,4,1
435,97,552,1,1,2,1,1,1,8,2,4,1,5,3,1,1,3,4,2,4,4,3,2,2,2,4,4,3,4,4,4,3,3,2,4,4,3,4,3,1,4,4,2,4,4,4,4,3,4,4,4,3,4,4,4,3,2,4,2,2,2,2,1,3,2,3,3,4,4,2,2,4,4,2,2,4,1,3,1,1,4,3,2,1,1,3,2,1,1,3,3,3,2,3,2,3,1,1,3,4,4,1,1,1,1,1
436,97,218,1,1,2,2,3,6,5,4,2,3,NA,2,4,3,2,3,2,3,3,3,5,5,3,5,2,4,1,4,3,3,2,4,5,4,4,3,1,3,3,5,3,3,2,4,2,3,5,2,4,3,3,2,3,5,3,3,3,3,2,2,2,3,2,5,2,3,5,1,5,2,NA,2,2,2,3,NA,2,3,4,1,3,2,2,2,1,3,2,2,3,3,1,4,3,3,3,2,2,3,2,4,3,2,1,1
437,97,1065,1,2,1,1,4,1,16,1,4,4,5,3,3,1,2,3,2,4,3,2,1,2,2,1,2,3,1,2,1,3,3,3,2,2,3,3,4,4,4,3,3,2,4,3,2,3,3,3,2,3,4,4,3,3,2,3,2,2,2,2,2,3,3,3,2,2,2,2,4,4,2,2,4,4,1,3,4,3,2,2,2,1,3,2,2,1,3,2,3,3,3,4,3,3,2,2,3,3,3,3,3,3,3,1
441,97,362,1,1,2,2,1,2,7,5,5,3,NA,5,4,4,5,5,1,5,3,5,3,3,5,5,3,3,3,4,4,4,4,4,4,4,4,4,4,5,5,5,5,5,5,5,5,5,5,5,5,5,5,5,5,5,5,5,5,5,5,5,5,5,5,5,5,5,5,5,5,5,5,5,5,5,5,5,5,5,5,3,2,2,1,2,3,1,2,3,3,3,3,1,4,4,1,1,1,1,4,4,4,4,1,1
443,97,693,1,1,2,1,4,1,3,1,3,1,3,1,4,3,5,1,3,4,2,5,5,5,5,5,5,4,4,5,4,4,5,3,5,5,4,4,5,5,5,4,3,3,5,5,4,5,5,5,4,4,5,4,5,5,2,4,4,2,4,2,1,2,2,3,4,1,5,3,3,3,3,3,3,3,3,3,3,3,3,3,1,2,2,1,2,1,1,2,1,3,3,2,1,1,1,1,2,1,1,2,1,4,4,1
445,97,279,1,2,1,3,2,1,10,1,1,1,1,1,1,1,1,1,4,2,5,4,4,5,3,4,5,4,5,4,3,5,4,3,5,4,3,4,5,4,3,5,4,3,4,5,4,3,3,4,5,4,5,5,3,5,5,4,4,5,4,3,2,4,3,2,4,3,4,1,1,1,1,1,1,1,1,1,1,1,1,3,2,3,3,1,1,3,3,3,1,3,3,3,3,4,3,1,1,1,2,3,3,3,4,1
448,97,286,1,2,1,2,2,1,13,1,3,2,3,3,1,1,4,1,2,4,4,3,2,2,2,1,4,2,3,3,3,3,4,4,3,3,4,4,4,1,1,3,1,2,5,5,5,5,3,3,2,2,4,4,5,2,3,4,5,1,1,5,4,4,3,2,4,4,4,2,3,3,3,2,2,4,4,4,4,3,3,3,2,1,3,3,2,1,1,2,2,3,3,4,4,2,2,2,1,3,3,2,4,3,2,1
449,97,1675,1,1,2,3,4,1,43,1,4,3,5,3,1,1,5,1,3,3,5,3,2,3,3,4,4,2,2,3,3,2,4,2,4,4,3,4,3,4,3,5,3,4,5,5,5,4,5,4,4,4,5,5,4,5,4,5,5,4,5,4,2,4,3,4,4,3,5,3,4,4,4,2,3,3,2,4,3,3,5,3,2,2,2,1,2,3,3,2,1,3,1,2,2,1,1,1,3,3,3,1,2,3,3,1
450,97,1093,1,1,2,1,4,1,5,2,4,3,4,3,4,2,5,2,2,4,2,3,4,4,3,2,4,4,4,3,3,4,3,2,4,3,4,2,4,2,2,4,3,4,4,3,4,3,4,3,4,3,2,3,4,4,5,4,3,3,4,5,2,2,2,1,2,1,3,2,2,4,4,3,4,2,2,3,4,3,4,3,1,3,2,3,2,1,2,3,3,2,1,2,2,2,2,2,2,2,2,2,3,4,4,1
452,97,420,1,1,2,2,1,1,8,1,5,2,3,4,3,2,5,1,3,3,3,4,3,2,1,3,1,5,2,4,4,3,4,1,4,1,3,1,1,1,3,2,2,2,4,4,1,1,5,5,4,5,5,4,2,4,4,4,4,4,4,4,1,4,4,3,1,1,4,3,4,4,4,3,3,2,1,3,3,3,4,2,2,1,1,3,2,2,1,2,1,3,2,3,4,2,1,1,4,3,4,4,4,4,4,1
453,97,209,1,1,2,2,1,1,10,1,2,2,3,3,1,2,3,1,2,3,2,5,5,5,5,5,5,5,5,5,5,5,5,5,5,5,5,5,5,5,5,5,5,5,5,5,5,5,5,5,4,4,4,5,5,4,4,5,4,4,4,4,4,4,2,5,5,5,5,2,2,4,4,2,3,3,3,4,4,4,4,1,2,1,1,2,2,1,3,2,1,3,2,2,2,2,2,2,3,2,2,2,2,2,2,1
455,97,743,1,1,2,1,1,1,8,2,2,1,2,3,2,3,4,1,4,2,2,4,5,3,3,1,2,4,4,5,3,4,3,1,4,4,3,2,4,1,1,4,2,3,3,4,1,3,5,3,4,2,3,4,3,3,2,5,3,3,3,3,1,2,2,1,1,2,3,4,2,1,2,4,2,5,1,1,1,1,2,3,2,2,1,3,2,2,3,2,3,3,3,4,3,4,2,2,3,2,3,4,4,4,4,1
458,97,548,1,1,2,3,4,1,43,1,3,1,3,4,5,1,3,1,4,2,4,4,5,5,5,5,5,5,4,4,4,4,4,4,4,4,4,4,4,4,4,4,4,4,4,4,4,4,4,4,4,4,4,4,4,4,4,4,4,4,4,4,3,3,3,3,3,3,3,3,3,3,3,3,3,3,3,3,3,3,3,1,2,2,3,3,2,3,1,2,1,3,3,3,3,3,3,3,3,3,3,3,3,3,3,1
459,97,751,1,2,1,1,2,1,12,2,5,2,5,5,3,5,5,3,2,2,2,3,3,NA,2,3,3,2,3,3,3,2,2,3,3,3,3,3,3,2,3,4,3,3,3,4,2,2,4,3,3,3,2,2,3,3,2,3,4,4,3,2,3,3,3,3,2,3,3,3,4,4,4,2,5,2,3,4,4,4,4,2,1,1,1,3,2,1,3,2,3,3,3,4,4,4,3,3,3,3,3,3,4,4,2,1
461,97,478,1,1,2,1,4,1,3,2,3,3,4,3,2,3,4,3,3,4,3,4,2,3,3,4,2,4,2,2,3,3,3,3,3,3,3,3,3,3,3,3,3,3,3,3,3,3,3,3,3,3,3,3,3,3,3,2,4,3,2,4,2,3,3,4,2,3,4,3,4,4,3,3,4,2,3,3,3,3,3,2,2,1,3,1,2,1,3,2,3,3,3,4,4,3,2,3,3,3,3,4,4,4,4,1
462,97,1153,1,1,2,2,2,6,8,1,3,1,3,5,2,2,5,1,3,5,5,3,3,2,2,4,5,5,5,5,4,5,4,2,5,5,5,3,4,2,3,5,5,5,4,5,3,5,5,5,5,5,5,5,5,3,2,4,3,4,4,3,2,4,3,2,3,2,3,3,3,4,4,2,4,4,1,1,4,3,4,3,1,2,3,3,2,1,2,2,3,2,3,3,3,3,1,1,3,1,2,2,2,4,4,1
463,97,413,1,1,2,1,4,1,3,1,3,1,3,2,1,1,3,1,4,5,5,4,4,4,4,4,4,5,5,5,5,5,5,5,5,5,5,5,5,5,5,5,5,5,5,5,5,5,5,5,5,5,5,5,5,5,5,5,5,5,5,5,4,5,5,5,5,5,5,2,2,2,2,2,2,2,2,2,2,2,2,2,1,2,1,3,1,2,3,2,1,3,1,NA,2,2,2,2,2,2,2,2,2,2,2,1
464,97,282,1,1,2,1,2,1,5,1,3,1,4,3,1,1,5,1,3,3,4,2,3,1,1,3,3,3,3,3,3,3,3,3,3,3,3,3,3,3,3,3,3,3,3,3,3,3,3,3,3,3,3,3,3,3,3,3,3,3,3,3,3,3,3,3,3,3,3,3,4,4,4,1,4,3,3,3,3,4,4,3,2,2,3,1,2,2,2,2,3,2,2,3,3,3,3,3,3,3,3,3,3,3,3,1
465,97,5012,1,1,2,3,2,1,44,1,4,4,4,5,5,2,5,4,2,5,2,5,5,5,4,4,5,5,5,5,5,5,5,4,5,5,4,5,5,5,5,5,5,4,4,5,4,5,5,5,5,5,5,5,5,5,5,5,5,5,5,5,5,5,1,4,5,5,5,3,3,3,4,2,4,2,3,4,4,4,4,3,1,2,2,1,2,1,1,2,1,2,1,2,2,1,1,1,2,1,1,2,3,4,4,1
466,97,1042,1,2,1,1,1,1,17,1,1,1,1,2,1,1,3,1,5,2,5,2,5,2,1,3,4,5,3,5,5,5,5,1,5,5,4,5,5,1,1,5,5,5,5,5,4,4,5,3,4,3,4,5,5,2,1,5,2,1,5,1,2,1,1,3,4,2,2,3,3,2,2,4,2,5,1,1,1,1,1,3,2,2,2,3,3,2,2,3,2,3,2,4,3,4,1,1,3,1,3,4,4,4,4,1
467,97,624,1,1,2,1,2,4,13,1,3,1,2,4,1,1,5,2,5,4,4,3,4,1,4,1,3,4,1,2,2,3,2,1,4,3,3,4,3,1,2,4,2,2,2,2,1,2,4,4,5,1,2,4,3,3,2,4,3,2,2,2,4,4,1,1,2,3,2,3,4,2,2,3,3,3,2,2,2,2,2,1,1,1,2,3,2,3,3,3,2,2,3,3,3,3,2,2,2,2,2,2,2,4,4,1
472,97,449,1,1,2,2,2,1,13,2,4,1,5,5,3,4,5,4,4,2,4,1,1,1,1,1,1,3,1,3,1,2,1,1,1,NA,5,3,1,1,1,2,1,1,1,1,1,1,1,1,1,1,2,1,1,1,4,3,2,4,4,4,1,3,5,1,2,1,1,4,3,3,3,3,3,3,3,3,3,3,3,1,3,1,1,1,2,2,1,2,1,3,3,3,2,3,1,1,3,1,3,1,2,4,4,1
473,97,591,1,1,2,2,2,1,17,3,4,1,4,2,1,4,NA,1,2,3,3,3,3,4,1,2,1,3,3,4,5,5,5,1,5,4,5,4,4,1,2,3,4,5,5,5,3,5,2,5,5,3,3,5,5,2,4,5,3,1,2,4,1,1,1,1,3,1,3,2,2,2,2,4,2,3,2,2,2,2,2,3,2,2,2,1,2,2,3,2,3,3,3,3,4,3,1,1,3,1,3,3,3,4,4,1
475,97,197,1,2,1,1,4,1,3,2,5,1,5,5,5,3,5,5,4,5,5,3,4,2,5,5,2,1,5,3,4,4,2,3,3,3,4,2,2,2,4,1,1,5,5,4,4,3,2,4,4,2,3,3,2,2,2,4,4,4,4,4,1,1,5,5,5,4,3,2,NA,4,2,4,4,5,5,3,3,3,NA,1,1,2,2,1,1,2,1,2,3,1,1,3,2,3,1,3,2,3,4,2,3,2,3,1
476,97,927,1,1,2,4,3,1,10,1,3,2,4,5,2,3,5,1,1,5,2,1,2,3,1,1,1,4,3,3,2,4,3,4,4,4,4,4,3,3,2,4,4,4,4,4,4,4,3,2,4,4,4,4,4,2,3,4,3,3,4,4,5,5,2,3,2,2,3,3,2,2,2,3,3,4,1,1,1,1,1,3,2,3,2,3,2,1,3,2,1,3,3,3,3,3,1,1,1,1,4,2,1,2,2,1
478,97,776,1,1,2,2,2,1,13,2,5,2,4,4,4,2,5,3,3,4,3,1,1,1,1,1,1,2,1,3,2,2,2,1,2,2,2,2,2,1,1,2,3,3,3,2,2,2,3,2,3,2,1,3,2,2,3,2,2,1,3,2,1,2,2,2,2,1,2,3,3,4,4,2,4,3,3,4,3,3,3,3,2,1,2,3,2,3,3,2,1,3,3,2,2,2,2,1,3,1,2,3,3,1,3,1
479,97,896,1,2,1,2,1,1,7,1,5,3,5,5,3,5,5,4,1,5,4,5,5,5,5,4,4,5,5,5,4,5,5,5,5,4,5,4,3,1,4,4,2,5,4,5,4,5,5,5,4,3,5,5,5,5,5,5,4,5,4,5,1,2,1,1,1,4,5,5,2,1,1,5,1,5,1,1,1,1,2,1,2,1,3,1,2,1,1,3,2,3,3,4,3,4,1,1,4,1,4,3,4,4,4,1
480,97,716,1,2,1,1,2,1,8,1,2,1,3,3,1,1,3,1,5,2,4,4,4,4,3,4,4,5,4,4,5,4,5,3,4,4,4,4,4,4,4,5,5,4,5,4,4,5,5,4,4,4,5,4,5,5,4,5,4,5,5,5,4,4,2,4,4,5,5,4,2,2,2,4,2,2,2,2,2,2,2,1,2,2,1,3,1,1,3,3,1,2,3,3,4,3,4,4,3,4,3,4,2,3,3,1
482,97,433,1,1,2,2,4,1,43,1,2,1,2,3,1,1,4,2,4,3,4,5,5,4,4,5,5,5,5,5,5,5,5,4,5,5,5,5,4,5,4,5,5,4,4,5,5,5,5,5,5,5,5,4,5,5,5,5,5,5,5,5,3,3,3,4,4,2,3,4,4,4,4,2,4,2,4,4,4,4,4,3,2,1,3,3,2,1,3,2,1,2,1,1,1,1,1,1,1,2,2,1,1,1,1,1
483,97,341,1,2,1,1,2,1,8,1,3,2,3,1,1,2,2,1,4,3,2,3,5,4,4,2,3,4,3,3,4,5,5,5,4,4,3,2,4,4,4,4,3,3,4,5,5,3,4,4,4,4,4,4,3,5,5,4,3,5,5,4,2,2,4,3,3,1,5,3,2,4,3,2,3,3,1,1,1,3,2,3,2,2,2,1,2,3,3,3,2,2,3,2,1,1,2,3,2,2,2,3,3,1,1,1
484,97,3143,1,2,1,1,2,1,7,1,1,1,3,5,1,1,3,1,5,1,5,5,5,5,3,5,4,5,5,5,5,5,5,5,5,5,5,5,5,5,5,5,5,5,5,5,5,5,5,5,5,5,5,5,5,5,5,5,5,5,5,5,2,3,3,5,5,5,5,5,1,1,1,3,3,4,1,1,1,1,1,1,2,2,1,3,2,2,3,3,2,2,3,4,2,2,2,3,2,3,3,4,4,4,4,1
486,97,1959,1,1,2,2,4,1,5,1,3,1,3,4,4,2,5,2,2,4,4,4,3,2,1,1,3,3,3,3,2,4,4,1,3,2,3,3,4,1,1,4,3,4,3,4,5,3,5,5,4,3,3,4,4,2,3,4,1,3,2,3,1,3,3,3,3,1,1,5,5,5,5,1,5,3,1,5,1,5,5,1,1,1,3,1,1,1,2,1,1,3,3,3,2,2,2,3,4,2,3,4,4,4,4,1
487,97,240,1,2,1,1,1,1,12,2,3,1,2,2,1,1,5,1,4,4,4,4,4,4,4,4,4,4,5,5,5,5,5,3,5,4,5,5,5,5,5,5,4,5,5,4,5,5,5,4,4,5,5,4,5,5,5,5,5,5,4,5,5,5,5,5,4,5,5,3,3,3,3,NA,3,3,4,3,3,4,3,3,3,3,1,3,2,1,2,2,3,1,3,3,2,2,3,3,1,3,3,2,4,4,4,1
488,97,564,1,1,3,1,1,1,8,3,2,4,4,5,2,1,4,3,2,4,4,4,4,3,2,3,3,4,3,3,3,4,4,2,3,2,4,4,3,1,2,3,4,4,4,3,3,4,4,3,3,3,3,3,4,3,4,3,3,4,4,5,2,3,3,2,3,2,3,4,4,4,5,2,4,3,3,4,4,4,4,3,1,1,2,1,2,3,2,2,3,3,3,3,3,4,2,2,3,2,4,3,4,4,4,1
489,97,468,1,1,2,2,1,1,16,1,5,2,5,5,3,2,5,3,3,5,5,1,1,1,1,1,1,1,1,3,1,1,1,1,1,1,3,3,1,1,1,1,1,1,1,1,1,1,1,1,4,1,1,1,3,2,1,3,1,1,1,1,1,2,1,1,1,2,1,5,5,5,5,1,5,3,3,3,3,3,5,3,2,1,1,2,2,2,2,2,3,3,3,3,4,3,2,1,2,2,2,3,3,4,4,1
490,97,318,1,2,1,3,2,1,13,3,3,3,3,3,3,3,3,3,3,3,3,3,3,3,3,3,3,3,3,3,3,3,3,3,3,3,3,3,3,3,3,3,3,3,3,3,3,3,3,3,3,3,3,3,3,3,3,3,3,3,3,3,3,3,3,3,3,3,3,3,3,3,3,3,3,3,3,3,3,3,3,3,3,3,3,2,2,2,3,2,1,2,1,3,3,3,3,3,3,3,3,3,3,3,3,1
491,97,1225,1,1,2,1,2,1,13,2,4,2,3,4,4,2,5,3,3,3,4,2,3,2,1,2,2,2,2,3,3,3,4,1,4,3,3,4,4,4,4,3,3,4,4,4,3,3,4,3,5,4,4,4,3,3,4,4,2,3,2,4,2,2,3,2,3,2,3,3,2,2,2,4,3,3,3,2,2,3,3,1,2,2,2,3,2,1,3,2,2,3,1,4,3,3,2,2,3,3,3,4,4,4,4,1
492,97,611,1,1,2,4,2,1,13,1,5,1,5,3,4,2,5,1,2,4,3,1,3,4,1,3,2,4,3,3,2,3,3,3,2,4,4,4,3,3,2,3,4,2,4,4,2,4,4,5,5,1,2,2,3,2,2,5,2,3,3,4,2,3,2,1,2,3,3,3,2,2,2,3,3,3,3,3,3,3,3,3,1,1,3,3,1,3,1,3,2,3,3,4,4,4,3,2,4,3,1,3,4,4,4,1
495,97,580,1,1,2,1,2,1,7,1,1,2,2,2,1,1,1,1,5,1,4,3,3,4,1,5,5,5,5,5,5,5,5,5,5,5,5,5,5,5,5,5,5,5,5,5,5,5,5,5,5,5,5,5,5,5,5,5,5,5,5,5,3,5,5,5,5,5,5,3,3,5,4,2,2,2,2,2,2,2,2,3,1,2,1,1,2,3,2,3,3,1,3,1,1,1,1,1,4,3,1,3,2,4,2,1
496,97,895,1,1,2,3,1,6,8,3,5,3,5,5,3,2,5,5,1,5,2,4,2,2,1,1,2,3,2,2,3,2,1,4,2,2,2,3,3,1,1,3,2,2,5,5,1,2,4,1,5,1,5,4,4,1,1,3,1,2,2,2,1,3,3,3,4,2,4,5,4,4,3,3,NA,2,4,4,4,4,4,1,2,1,2,2,2,1,1,2,3,3,1,3,3,3,3,1,2,2,2,1,4,4,4,1
499,97,603,1,1,2,5,3,1,10,1,2,2,2,2,2,1,4,1,4,3,3,1,3,3,1,2,1,1,3,1,3,2,3,1,4,4,4,4,4,1,3,4,3,3,4,3,1,3,4,4,2,2,3,2,2,4,1,4,3,1,1,1,1,4,1,3,3,1,5,4,3,3,3,2,2,2,1,2,2,4,4,3,2,3,3,3,2,2,1,3,1,3,3,4,3,2,1,1,3,1,4,4,4,4,4,1
501,97,655,1,2,1,3,1,1,15,1,5,3,5,4,2,2,5,2,4,3,5,3,2,3,1,1,3,2,2,3,4,5,3,3,3,4,4,3,5,2,3,4,4,3,4,3,2,4,3,4,4,4,3,4,5,3,1,2,2,2,4,1,2,1,3,2,2,5,3,2,1,1,1,5,2,3,2,1,1,1,1,3,3,3,3,1,2,3,3,2,3,1,3,3,4,1,2,1,1,2,3,3,4,4,4,1
502,97,230,1,2,1,1,4,2,5,3,2,4,3,3,4,3,4,4,1,2,1,4,3,3,5,4,4,5,5,5,4,4,4,4,5,5,5,5,5,5,5,5,5,5,5,5,5,5,5,5,5,5,5,5,5,5,5,5,5,5,5,5,5,5,5,4,5,4,5,3,3,3,3,3,3,3,3,3,3,3,3,1,2,1,1,1,NA,1,1,2,1,1,3,3,3,3,3,3,3,3,3,3,3,3,3,1
503,97,427,1,1,2,2,3,2,8,2,3,1,3,3,1,1,3,1,1,5,1,3,3,3,3,3,3,1,1,4,1,1,3,1,1,1,1,1,1,3,3,3,3,3,3,3,3,3,3,3,3,3,3,3,3,3,3,3,3,3,3,3,3,3,3,3,3,3,3,3,3,2,2,4,3,3,1,1,1,1,1,1,2,2,3,3,1,3,3,2,1,2,3,4,3,3,2,2,3,2,NA,3,3,3,3,1
504,97,657,1,1,2,1,3,1,10,3,4,3,4,4,3,3,5,4,2,4,4,2,1,2,1,1,2,2,3,4,2,3,2,1,4,3,2,4,4,1,1,3,3,4,4,4,4,3,4,4,3,3,3,3,3,1,1,4,1,3,3,2,1,2,4,2,1,1,2,4,4,4,4,2,4,2,3,3,4,4,4,3,1,2,3,3,2,3,1,2,2,3,3,3,2,1,1,1,2,1,4,4,4,4,4,1
505,97,1291,1,2,5,1,4,1,6,2,2,1,2,4,1,2,5,2,3,4,4,1,2,1,3,2,2,1,3,3,3,2,3,1,1,3,2,2,2,1,1,3,3,2,1,3,4,3,4,4,5,1,3,2,3,3,1,4,3,2,4,3,1,5,5,1,1,1,1,3,4,4,4,2,4,4,2,3,4,4,4,3,2,1,1,3,2,3,3,3,1,2,2,3,3,3,3,2,4,3,3,4,4,4,4,1
506,97,591,1,1,2,3,3,2,10,1,1,1,3,2,2,2,2,2,2,5,4,3,3,3,3,3,3,2,2,2,2,2,2,2,2,2,2,2,2,2,2,2,2,2,2,2,2,2,4,4,4,4,4,4,4,3,3,3,3,3,3,3,2,2,2,3,3,3,3,3,3,3,3,3,3,3,3,3,3,3,3,3,2,2,3,3,2,1,1,2,1,3,2,3,2,2,2,2,3,3,3,3,3,3,3,1
508,97,149,1,2,1,3,2,1,1,2,3,2,4,2,2,2,1,3,5,1,5,3,3,3,3,3,3,3,3,3,3,3,3,3,3,2,3,2,4,3,3,3,3,3,3,3,3,3,3,3,3,3,3,3,3,3,3,3,3,3,3,2,3,3,5,NA,2,3,3,3,3,3,3,3,3,3,3,3,3,3,3,1,1,1,3,2,3,2,1,1,3,2,2,2,2,2,2,1,2,1,1,1,1,1,2,1
510,97,507,1,1,2,3,4,1,5,1,4,3,4,4,2,2,5,2,3,2,4,5,5,5,5,5,5,4,4,4,4,4,4,4,4,4,4,4,4,4,4,4,4,4,4,4,4,4,4,4,3,2,2,2,4,3,5,5,4,3,3,4,2,2,2,2,2,2,3,3,4,3,2,2,4,3,2,2,2,2,2,2,1,3,2,1,2,3,1,2,2,3,3,3,3,4,2,2,3,3,2,4,4,4,4,1
513,97,533,1,1,2,2,3,1,10,4,5,3,5,5,4,2,5,4,3,3,4,1,1,1,1,2,4,2,2,4,1,4,2,2,4,4,2,2,4,1,1,2,4,3,2,2,3,3,5,5,5,5,5,5,5,2,1,5,4,1,3,1,1,1,2,1,3,1,2,3,5,5,3,2,3,3,2,3,2,2,2,3,2,2,2,1,2,1,3,2,1,3,1,3,3,2,1,1,3,1,3,3,3,4,4,1
515,97,660,1,1,2,3,3,1,10,1,3,1,3,3,1,2,4,2,4,3,4,3,3,4,1,1,3,2,4,3,4,4,4,4,4,4,4,4,4,4,4,4,4,3,5,4,4,4,5,4,4,4,4,4,4,3,1,4,3,1,4,1,1,1,1,3,3,4,4,2,2,2,2,3,2,4,2,2,2,2,2,2,2,2,1,3,2,1,1,3,1,3,3,4,3,3,1,1,1,1,4,3,4,4,4,1
516,97,850,1,1,2,1,4,2,5,3,5,4,5,3,4,2,5,4,1,3,2,2,3,4,1,1,1,3,3,3,3,3,3,3,2,3,3,2,2,1,1,3,3,3,3,3,3,3,3,1,3,3,2,2,2,1,2,4,4,3,4,2,2,2,1,2,1,2,1,1,1,2,1,2,1,2,2,2,1,1,1,1,1,2,1,1,1,3,2,2,1,2,3,4,4,4,4,2,3,2,2,2,3,1,2,1
517,97,955,1,1,2,2,4,1,43,1,4,2,4,4,2,2,4,2,2,2,3,3,3,2,1,1,2,2,2,3,3,3,3,1,3,2,3,2,2,1,1,3,3,3,4,3,2,2,4,4,4,2,3,4,4,2,1,3,1,1,2,1,2,3,3,2,2,3,2,2,2,2,2,2,3,4,2,2,2,2,2,3,2,1,3,1,2,1,3,2,3,1,3,4,4,4,2,1,4,2,2,3,4,3,4,1
518,100,377,1,2,1,3,2,1,8,3,4,1,3,5,1,1,4,2,3,1,4,5,5,5,4,5,5,5,5,4,5,4,5,4,4,4,5,4,5,3,5,5,5,5,4,5,4,5,4,5,5,4,4,4,5,5,5,5,5,5,5,5,4,3,4,5,5,4,4,1,2,3,3,3,3,4,2,3,3,3,3,3,3,2,2,3,3,3,3,2,2,1,2,3,3,2,3,1,3,2,3,4,4,4,4,2
519,100,208,1,2,1,2,1,1,13,1,2,1,3,3,1,1,3,2,4,3,4,3,3,3,3,3,3,3,3,3,3,3,3,3,3,3,3,3,3,3,3,3,3,2,2,3,NA,3,3,4,3,4,4,4,4,4,3,4,4,4,3,4,2,3,3,4,4,4,3,1,3,3,2,4,5,5,5,4,4,4,4,3,1,1,1,1,1,2,2,3,2,2,2,2,3,3,3,2,3,3,3,2,3,3,3,2
520,100,270,1,1,2,2,4,1,10,3,5,4,5,2,2,1,5,4,2,5,4,3,4,4,2,2,1,5,4,4,3,5,4,4,5,5,3,2,3,2,5,5,4,3,3,4,2,5,4,4,4,3,5,5,4,5,5,5,4,NA,3,4,3,3,4,3,3,2,3,5,5,4,4,1,3,NA,3,4,3,4,4,1,2,3,2,3,1,2,2,2,1,2,1,3,3,2,1,1,2,2,3,3,4,4,4,2
521,100,436,1,1,2,3,1,1,19,2,3,2,3,5,4,1,4,1,4,2,4,2,3,2,1,1,2,4,4,3,4,5,4,2,4,2,3,4,4,1,1,4,3,4,2,3,2,2,3,4,3,2,3,3,3,2,1,4,1,2,2,3,4,3,2,1,1,3,3,2,1,2,2,4,2,4,2,2,2,2,3,2,2,1,3,3,2,3,1,2,3,3,2,3,3,2,3,3,1,2,1,2,1,1,1,2
522,100,173,1,2,1,1,2,1,8,3,3,3,3,3,3,3,3,3,3,3,3,3,3,3,3,3,3,3,3,3,3,3,3,3,3,3,3,3,3,3,3,3,3,3,3,3,3,3,3,3,3,3,3,3,3,3,3,3,3,3,3,3,3,3,3,3,3,3,3,2,4,3,3,4,4,2,2,3,3,4,3,2,2,2,2,2,3,2,2,3,1,1,3,3,3,3,3,3,3,3,3,3,3,3,3,2
523,100,537,1,1,2,4,1,1,44,2,3,2,3,3,2,2,5,2,1,4,4,4,4,4,1,2,4,2,3,3,3,4,3,2,3,4,3,4,4,1,2,4,3,4,4,3,3,4,5,4,3,1,3,4,4,1,2,4,2,2,2,1,4,2,4,1,3,5,3,2,2,2,2,4,2,4,2,2,2,2,2,3,2,1,2,3,1,3,1,2,1,3,3,4,4,2,1,1,3,1,3,2,1,3,4,2
524,100,554,1,1,2,1,4,6,4,2,4,1,3,4,2,1,5,1,4,3,4,1,2,3,1,1,3,2,3,4,2,5,2,1,3,2,3,3,2,1,1,2,2,2,1,4,1,1,1,5,3,1,2,4,3,2,4,4,2,2,2,4,2,3,2,3,3,3,1,3,3,3,2,2,2,5,2,2,2,2,2,3,1,2,2,3,2,1,3,1,1,3,1,3,3,3,3,2,3,3,2,4,4,4,4,2
525,100,445,1,1,2,3,1,1,9,2,3,1,3,3,2,4,5,1,2,5,4,3,5,4,3,3,4,5,4,3,5,5,4,2,3,3,2,3,4,2,4,4,3,2,3,4,4,3,5,5,4,4,4,5,4,5,4,4,3,5,4,4,5,4,5,3,4,4,5,3,1,1,1,5,1,4,1,1,1,1,1,3,1,1,2,3,2,2,1,2,1,2,3,2,2,1,1,1,3,1,1,2,2,2,2,2
526,100,556,1,1,2,1,2,4,13,2,4,1,4,3,2,1,4,3,2,5,4,2,2,4,1,2,2,5,4,4,3,5,4,1,4,5,5,4,3,1,3,4,4,4,5,4,2,4,4,4,5,3,3,4,4,2,2,4,2,3,4,2,3,2,2,1,2,1,1,2,3,4,4,2,3,3,2,3,3,4,4,3,2,1,2,1,2,3,2,2,3,3,3,4,3,4,1,1,1,2,4,2,4,4,4,2
527,100,533,1,1,2,1,2,1,13,3,4,2,4,4,3,1,5,1,2,4,3,3,2,2,1,2,1,2,2,3,2,2,1,2,3,2,2,2,2,4,3,3,3,2,3,3,2,3,1,4,4,2,2,3,2,4,3,2,2,2,2,2,1,1,1,3,3,2,2,1,1,3,4,2,4,3,2,3,2,4,3,3,2,3,3,3,2,2,3,2,1,3,3,4,4,4,1,2,2,2,3,3,2,2,4,2
528,100,256,1,1,2,1,1,1,11,3,3,3,3,3,3,3,3,3,2,4,3,3,3,3,3,3,3,3,3,3,3,3,3,3,3,3,3,3,3,3,3,3,3,3,3,3,3,3,3,3,3,3,3,3,3,3,3,3,3,3,3,3,3,3,3,3,3,3,3,3,3,3,3,3,3,3,3,3,3,3,3,3,1,3,1,1,2,1,3,2,3,3,3,3,3,3,3,3,2,2,2,2,2,2,2,2
529,100,539,1,1,2,2,1,1,20,1,3,1,5,4,1,1,5,2,5,5,2,5,4,4,4,4,4,4,4,5,4,3,4,3,4,4,5,4,3,4,4,4,5,4,4,5,5,5,4,3,3,3,3,2,4,5,4,4,3,2,2,4,5,5,3,2,3,3,4,2,4,4,4,NA,3,3,3,3,3,4,4,3,1,3,1,1,2,3,1,2,1,3,2,2,2,3,1,1,4,3,1,4,4,4,4,2
530,100,574,1,1,2,1,4,1,5,1,3,1,4,5,1,1,5,3,3,4,3,3,3,4,3,4,4,5,4,5,3,5,4,3,5,3,3,4,5,1,2,3,4,4,5,5,3,5,5,5,5,1,3,4,4,4,3,4,4,2,1,5,1,3,1,4,3,4,5,3,2,1,1,4,3,5,1,1,1,1,1,3,2,2,2,3,2,3,3,2,2,3,3,3,3,2,2,1,3,2,3,4,4,4,4,2
531,100,758,1,2,1,2,1,1,12,2,3,1,3,2,2,1,4,2,3,4,4,3,4,3,1,2,3,3,3,3,4,4,2,2,3,3,4,4,3,2,4,4,3,4,4,4,3,3,4,3,4,2,4,4,3,3,2,4,3,4,2,3,2,4,4,2,3,3,3,4,2,2,2,3,2,4,2,2,2,2,3,3,1,2,1,3,2,1,3,2,3,2,3,2,2,1,2,2,3,2,3,3,3,3,4,2
532,100,451,1,2,1,1,1,1,15,1,5,2,4,4,1,1,3,1,3,4,4,2,3,5,1,5,5,5,5,5,5,5,5,1,5,3,5,4,5,1,2,5,5,5,5,5,5,5,5,5,5,3,5,5,5,1,2,5,1,3,2,1,3,5,1,2,5,3,4,1,2,2,1,4,2,3,1,1,1,1,1,3,2,1,3,3,1,1,2,3,3,1,3,3,3,3,1,2,2,2,4,3,4,4,4,2
533,100,166,1,1,2,2,1,1,37,2,2,2,2,2,2,2,2,2,2,2,3,3,3,3,3,3,3,3,3,3,3,3,3,3,3,3,3,3,3,3,3,3,3,3,3,3,3,3,3,3,3,3,3,3,3,3,3,3,3,3,3,3,3,3,3,3,3,3,3,3,3,3,3,3,3,3,3,3,3,3,3,3,1,2,2,2,2,3,2,2,2,2,2,3,3,3,3,3,3,3,3,3,3,3,NA,2
534,100,830,1,2,1,2,4,1,17,1,3,2,3,2,1,1,3,1,4,2,5,4,4,5,5,4,4,4,4,5,5,4,5,4,5,4,4,5,5,4,5,5,5,5,5,4,5,5,5,5,3,4,4,5,5,4,4,5,5,3,4,3,3,3,4,2,4,2,4,2,2,3,3,4,2,4,2,2,2,2,2,3,2,2,3,3,2,2,3,1,3,2,3,4,3,3,1,1,3,1,4,3,3,4,4,2
535,100,549,1,2,1,2,1,2,16,1,3,1,3,2,1,1,5,1,2,4,3,4,4,4,3,4,4,3,4,3,4,4,4,4,4,3,3,3,3,2,4,3,4,4,4,4,2,4,4,4,5,4,3,4,5,4,2,4,4,2,4,2,3,2,2,2,5,2,5,3,2,2,2,4,2,4,2,2,2,2,2,3,2,2,1,1,2,1,3,1,3,3,3,3,3,3,2,2,2,2,2,3,4,4,4,2
536,100,715,1,1,2,1,1,6,10,1,5,2,4,5,2,2,5,3,4,2,4,3,1,2,1,2,1,4,1,4,3,5,3,3,4,4,2,1,5,1,1,3,2,2,4,4,4,3,4,4,4,4,3,5,1,5,4,5,2,4,1,3,2,5,3,5,3,5,5,3,5,5,5,2,4,4,2,2,2,2,2,3,1,1,2,1,2,3,2,2,3,2,3,3,3,2,1,2,3,2,2,3,3,4,4,2
537,100,819,1,1,2,2,3,1,10,2,3,2,2,4,3,2,4,1,4,2,3,4,3,3,2,2,2,3,5,3,4,4,3,4,4,4,3,4,3,2,NA,3,4,4,4,4,2,4,5,5,4,5,4,3,4,3,2,3,3,2,4,2,2,3,4,4,4,4,4,2,2,2,2,4,2,2,2,2,2,2,2,3,2,1,1,3,2,1,1,3,1,3,3,4,3,3,2,2,3,2,4,4,4,4,4,2
538,100,692,1,1,2,1,4,1,13,1,4,1,3,2,1,1,5,1,4,2,3,1,1,2,1,1,1,4,4,5,4,4,5,1,4,2,4,4,4,1,1,5,3,4,4,4,4,3,5,5,3,2,3,4,5,2,4,4,2,5,1,4,3,3,4,2,1,1,2,3,4,4,4,2,3,3,2,3,2,2,3,3,2,2,3,3,2,3,2,2,3,3,3,3,3,2,1,2,4,1,2,3,3,4,4,2
539,100,564,1,1,2,1,3,1,10,1,3,3,2,4,1,2,5,1,2,4,3,4,4,4,5,3,4,4,5,3,3,4,3,3,3,4,3,3,2,1,3,4,4,2,2,3,2,3,4,4,4,4,4,5,2,2,1,3,2,2,4,1,2,3,5,1,3,2,2,3,4,3,4,2,4,3,3,4,3,4,4,3,1,1,3,1,2,3,2,2,3,2,1,1,1,1,1,2,3,1,2,2,3,4,4,2
540,100,626,1,2,1,1,1,NA,10,1,3,2,5,2,3,5,5,3,2,3,2,5,4,4,4,3,3,4,4,4,4,4,5,2,4,4,4,2,3,1,3,3,4,3,5,4,4,4,3,3,3,5,4,3,4,4,4,5,5,4,3,4,5,5,4,3,4,4,4,4,5,3,5,4,4,3,3,3,5,4,4,3,1,1,2,3,2,1,2,1,1,2,3,4,4,4,3,2,3,2,4,4,4,4,4,2
541,100,890,1,1,2,2,1,1,14,2,4,2,3,5,4,1,5,4,3,2,4,3,2,2,1,1,2,4,4,3,4,4,4,3,3,4,2,4,5,3,4,3,4,3,3,4,2,3,4,4,4,3,2,3,3,3,2,3,2,2,2,2,3,3,2,1,3,1,3,4,4,4,4,2,4,3,3,4,3,3,4,3,1,2,2,1,1,1,1,2,1,3,1,3,3,3,1,1,2,2,2,2,4,4,3,2
542,100,718,1,1,2,1,1,7,11,1,3,2,3,5,3,1,5,2,2,4,4,1,1,2,1,1,2,1,1,2,1,4,2,1,1,3,1,1,1,1,1,3,2,1,2,4,1,1,1,3,1,1,1,2,1,1,2,1,1,4,1,4,2,1,4,1,1,3,4,NA,5,5,5,1,5,1,1,1,1,1,1,3,2,2,3,1,2,3,3,2,1,1,3,3,3,1,1,1,1,1,4,4,3,4,3,2
543,100,735,1,1,2,1,2,1,8,1,3,1,3,1,2,1,4,2,2,3,3,2,3,3,3,3,4,5,3,3,2,3,2,2,4,2,2,3,2,4,3,4,3,3,3,4,2,3,4,3,4,2,2,3,3,3,5,5,4,5,4,5,2,3,2,2,2,1,2,2,4,3,3,3,3,4,2,2,1,1,1,3,2,2,2,1,2,3,3,1,1,3,1,3,3,3,2,1,2,2,3,4,4,4,4,2
544,100,776,1,1,2,1,1,2,8,1,5,5,5,4,5,3,5,5,1,4,1,2,4,2,1,1,1,1,2,4,2,2,2,1,2,2,2,2,3,1,1,2,1,3,3,3,3,3,2,2,2,4,2,2,3,2,2,2,2,2,2,2,1,2,1,1,2,3,1,3,2,2,2,4,3,4,1,3,3,3,3,3,1,1,2,1,2,1,1,3,2,3,3,4,3,3,3,3,3,3,4,3,3,4,3,2
545,100,383,1,1,2,1,2,1,13,1,3,2,3,3,1,1,4,3,4,4,4,3,2,2,2,4,2,3,3,3,3,3,2,3,3,3,3,3,3,3,3,4,3,3,3,4,3,3,3,3,3,3,3,3,3,2,4,3,3,3,3,2,2,4,2,3,3,3,3,4,3,4,3,3,3,3,2,3,2,3,4,3,2,2,3,2,2,2,3,3,1,2,1,3,3,3,3,3,3,3,3,3,3,3,3,2
546,100,1061,1,2,1,2,2,1,13,1,1,1,1,4,1,2,1,1,4,2,4,4,4,2,4,3,2,4,4,4,4,4,4,4,4,4,2,3,3,2,2,4,4,5,5,4,5,5,4,5,4,1,2,5,5,4,5,5,5,5,5,5,3,3,4,1,4,2,3,2,4,3,3,3,3,3,3,3,3,3,3,1,2,2,3,3,2,1,2,3,3,2,3,3,3,3,1,3,4,3,4,3,4,4,4,2
547,100,1274,1,2,1,1,3,1,8,3,3,2,3,2,1,2,2,2,2,4,3,2,2,2,3,2,3,3,3,3,3,4,4,2,4,2,3,2,2,2,2,3,2,3,4,4,2,3,4,3,4,2,2,2,3,2,3,4,3,3,3,4,1,2,2,2,2,2,2,3,2,3,3,3,3,3,3,3,3,3,3,2,3,1,3,1,2,3,3,3,1,3,3,3,3,4,3,3,4,3,3,4,4,2,4,2
548,100,652,1,1,2,2,1,1,16,1,4,1,4,4,2,1,5,2,1,5,2,3,2,2,2,3,1,4,3,5,1,4,3,3,3,2,1,3,2,5,2,1,3,1,5,4,4,3,2,2,2,2,1,3,4,2,1,4,4,3,1,3,3,5,4,2,3,1,1,3,4,4,4,3,2,3,2,2,2,2,4,2,2,1,3,3,1,1,3,2,2,3,3,3,4,3,1,1,1,1,1,3,4,4,2,2
549,100,813,1,2,1,3,1,4,10,1,2,1,2,1,1,1,1,1,3,3,4,1,1,4,1,2,5,5,5,5,5,5,5,1,5,5,4,4,5,1,1,4,4,5,5,4,2,4,5,5,4,1,3,5,5,2,1,4,1,1,4,1,1,5,1,1,4,5,5,1,1,1,1,5,1,5,1,1,1,1,1,2,2,1,3,3,2,2,3,2,1,1,3,4,3,4,2,2,3,3,4,3,4,4,4,2
550,100,813,1,1,2,1,3,1,10,2,3,2,3,3,1,2,4,2,3,4,3,3,3,3,2,3,1,4,3,3,3,4,3,2,5,4,3,2,3,2,3,4,3,4,5,4,4,5,5,4,3,4,4,5,4,3,3,4,4,3,2,4,2,3,2,5,4,2,5,3,3,4,3,3,3,4,2,2,2,2,4,3,2,1,3,1,2,1,3,2,1,3,3,3,3,4,1,1,2,1,4,4,4,4,4,2
551,100,941,1,1,2,1,4,1,4,3,1,1,3,3,1,1,4,3,2,5,2,3,3,4,3,1,5,5,5,3,3,5,5,3,5,5,5,3,3,2,1,5,5,5,5,5,5,5,5,2,3,1,5,5,5,5,3,5,5,3,5,3,3,4,5,1,3,5,5,5,5,5,5,1,5,1,3,3,3,3,5,1,2,1,3,3,1,3,2,3,3,3,3,1,1,1,1,3,4,3,4,4,4,4,4,2
552,100,540,1,1,5,1,4,1,10,1,3,1,3,4,2,2,4,1,4,4,3,3,4,4,2,3,3,4,5,4,4,5,4,4,4,4,4,3,5,3,3,5,4,4,3,4,4,4,4,4,5,5,4,4,4,4,3,5,3,3,4,3,5,4,3,4,4,3,4,4,4,3,3,3,3,4,2,3,2,3,4,2,2,1,2,3,2,1,2,2,1,2,3,1,1,1,2,2,3,2,3,2,3,4,4,2
553,100,392,1,1,2,3,3,2,10,3,2,1,3,3,4,4,4,1,3,5,3,3,4,4,3,3,4,2,4,4,3,4,4,3,3,3,3,3,2,3,1,5,5,4,4,3,5,3,4,4,4,5,5,4,3,4,3,2,3,3,3,4,3,4,4,3,2,4,5,3,2,3,3,3,3,3,3,3,3,3,3,2,1,3,3,3,2,3,1,2,1,2,2,3,4,3,2,3,2,2,2,2,2,2,3,2
554,100,237,1,1,2,1,2,1,7,1,5,2,5,2,5,3,5,4,1,5,2,2,4,4,4,3,3,4,3,3,3,3,3,3,3,3,3,3,3,3,3,3,3,3,3,3,3,3,3,3,3,3,3,3,3,3,3,3,3,3,3,3,4,2,3,4,2,3,3,4,4,NA,3,3,3,3,3,3,3,3,3,2,2,2,3,2,2,3,2,2,3,3,2,NA,2,3,3,3,3,3,3,3,3,3,3,2
555,100,628,1,2,1,3,1,1,19,1,2,3,3,2,1,1,4,3,4,3,4,4,3,3,2,2,3,4,4,3,3,5,4,3,4,3,2,4,4,3,3,3,2,4,2,4,2,4,5,4,4,4,3,3,5,3,4,4,3,4,2,5,2,2,3,3,2,2,3,5,2,2,2,4,2,2,2,2,1,2,2,1,2,2,3,1,2,3,2,2,3,3,3,3,2,3,1,2,2,1,3,3,4,4,4,2
556,100,155,1,1,2,4,3,1,10,2,2,2,2,3,3,3,2,3,2,2,3,3,3,2,3,3,3,3,2,2,3,3,3,3,3,3,3,3,3,2,2,3,2,2,3,3,3,3,3,3,2,2,2,2,2,2,2,3,3,3,3,3,3,3,3,3,3,3,4,3,4,3,3,3,4,3,3,4,3,4,4,2,2,3,1,3,1,3,1,1,3,3,2,3,3,3,3,3,2,3,3,3,4,4,3,2
557,100,442,1,1,2,1,2,1,13,3,4,3,4,3,3,2,4,3,3,4,3,1,2,2,1,1,2,1,1,1,1,1,2,1,2,2,2,1,1,2,1,2,1,1,2,1,2,2,4,3,3,2,2,2,2,2,2,2,2,1,1,1,3,3,1,3,3,2,3,3,3,3,3,3,3,3,3,3,3,3,3,3,2,1,2,3,2,3,2,2,3,3,3,3,3,3,2,2,2,2,2,3,4,2,4,2
558,100,2125,1,1,2,2,4,6,5,3,4,4,4,3,2,2,5,2,1,5,2,1,1,2,1,5,2,2,1,5,2,4,2,1,4,2,2,2,2,1,4,3,4,3,4,2,3,3,4,3,2,2,4,4,2,3,4,2,5,3,5,5,5,4,2,1,2,5,2,4,5,5,4,2,5,2,3,3,4,4,5,3,1,1,2,1,2,2,2,2,3,2,3,1,2,3,2,3,3,2,1,3,3,4,4,2
559,100,1030,1,1,2,3,2,1,13,1,4,2,4,1,2,1,5,1,2,5,1,2,3,2,2,3,2,2,2,3,3,4,3,1,3,2,3,2,2,3,2,3,3,3,3,3,2,3,2,2,2,2,2,2,2,2,2,2,2,2,2,2,2,2,2,2,2,1,3,NA,NA,3,3,3,1,1,1,1,1,1,1,1,2,2,2,2,2,3,1,2,1,3,3,4,3,4,1,2,3,1,1,3,4,4,4,2
560,100,452,1,1,2,1,3,1,10,1,3,2,3,2,3,4,5,1,2,4,3,3,4,5,2,1,3,5,5,3,3,2,5,4,2,3,4,2,3,3,4,1,3,4,1,3,3,4,5,5,2,3,4,4,4,2,3,4,2,4,3,5,1,4,4,3,4,4,3,4,2,1,2,3,3,2,3,3,2,2,2,1,2,1,1,3,1,1,3,2,1,3,3,3,2,3,2,2,3,3,3,2,2,3,3,2
561,100,739,1,1,2,4,4,1,27,1,4,2,5,4,2,2,5,1,4,5,4,4,5,5,5,5,5,4,2,1,4,5,5,5,2,4,3,5,3,4,3,4,3,3,5,4,5,5,3,3,2,4,4,4,5,5,1,5,5,1,1,1,3,2,2,NA,2,3,4,3,4,4,2,3,3,3,3,3,3,3,3,3,2,2,2,3,2,3,3,2,1,3,3,2,2,2,2,4,3,4,2,2,4,4,4,2
562,100,810,1,2,1,2,4,1,10,2,3,2,2,1,1,1,2,2,4,1,4,3,5,4,3,3,4,5,4,4,4,4,4,2,4,3,3,2,4,2,4,4,3,3,4,4,3,5,5,3,3,3,4,5,4,4,4,4,4,3,4,3,5,4,3,3,4,1,2,3,4,3,3,3,3,4,2,2,2,2,2,3,1,2,2,3,2,2,2,2,2,2,3,3,3,3,2,1,1,1,4,3,4,4,4,2
563,100,908,1,1,1,2,1,1,9,1,1,2,2,1,2,2,3,2,5,2,5,3,4,3,2,2,2,4,4,4,3,4,4,2,4,3,4,3,3,2,2,4,4,4,2,4,2,4,4,5,5,3,5,4,5,2,4,3,2,4,3,2,1,3,2,1,2,2,3,4,1,2,3,4,2,4,1,2,2,2,2,3,2,3,3,1,2,3,3,2,3,3,3,1,1,1,1,2,3,3,3,3,3,3,4,2
564,100,2982,1,1,2,1,3,1,6,1,3,3,3,4,3,1,4,1,4,2,2,1,2,1,1,2,1,2,1,3,3,3,3,2,2,4,3,2,4,1,3,4,1,1,3,2,1,1,1,4,4,2,4,3,3,2,2,3,2,1,2,2,1,3,3,1,3,3,3,4,4,4,3,3,3,3,3,3,3,3,3,2,1,1,3,2,2,3,2,3,3,3,3,3,2,3,2,2,3,1,1,3,3,4,4,2
565,100,1561,1,1,2,4,3,4,10,1,5,3,5,5,2,1,5,3,3,5,3,1,4,4,1,1,2,5,4,3,4,5,4,3,4,5,4,3,4,1,2,3,4,4,5,5,3,4,4,3,3,5,4,4,4,2,2,4,3,3,3,2,5,4,4,3,4,2,2,5,5,5,5,1,5,1,4,5,5,5,5,1,1,3,2,3,3,3,2,2,1,3,3,1,1,1,1,1,3,1,4,2,1,2,4,2
566,100,28662,1,2,1,3,4,1,20,3,3,3,2,3,3,3,2,3,NA,NA,NA,4,3,3,4,3,3,3,3,4,4,3,3,3,3,2,2,2,3,3,3,3,3,2,2,3,3,3,4,4,4,NA,3,3,3,3,4,4,4,4,4,3,2,2,3,4,3,3,3,3,3,3,3,3,3,3,3,3,3,3,3,2,1,NA,3,1,2,1,3,2,3,1,3,2,2,2,2,2,2,2,3,1,1,4,4,2
567,100,677,1,2,1,3,4,1,20,2,3,2,2,4,5,1,4,2,2,2,2,1,2,2,2,1,2,2,2,3,3,3,3,2,2,4,3,3,4,3,3,2,3,3,3,2,3,3,5,2,2,2,2,2,2,2,2,2,2,2,2,2,3,3,3,2,2,1,3,3,2,2,2,3,3,3,2,2,2,2,2,1,1,1,3,3,2,3,3,2,3,3,1,3,3,3,3,3,4,3,3,4,4,4,4,2
568,100,298,1,1,2,3,4,1,24,1,3,1,3,3,2,1,4,2,2,3,4,4,4,4,4,4,4,4,4,3,4,3,4,3,3,4,3,5,5,3,5,5,4,3,4,5,5,3,5,3,5,4,3,3,4,4,4,3,5,3,4,4,3,3,4,4,5,5,4,3,2,4,2,4,2,2,2,3,3,3,3,2,2,1,3,1,2,1,3,1,2,3,1,3,3,3,3,3,4,2,2,2,3,3,2,2
569,100,277,1,1,2,4,3,1,10,3,3,3,3,3,3,2,5,5,1,5,1,3,4,3,1,1,4,1,1,2,4,4,3,2,3,2,2,3,2,2,2,3,3,2,2,3,3,2,2,3,1,2,2,3,3,3,2,2,3,2,3,2,3,2,3,3,2,3,2,1,1,5,5,1,5,3,5,5,5,5,5,3,2,2,2,3,1,2,1,3,1,1,1,4,1,2,3,1,3,3,1,2,3,2,2,2
570,100,658,1,1,2,1,4,5,5,1,3,2,3,2,1,1,3,1,3,4,4,5,5,3,1,2,2,3,3,3,4,5,5,2,1,4,3,4,4,1,3,3,3,4,4,4,2,1,1,3,3,1,3,3,3,3,3,5,4,4,5,4,4,1,1,4,4,1,4,3,4,4,4,3,3,3,3,3,3,3,3,3,2,1,1,3,2,1,3,2,3,3,2,2,1,1,2,1,1,1,1,1,4,4,4,2
571,100,85248,1,1,2,1,1,6,12,1,3,1,4,2,1,2,4,1,2,4,2,4,4,4,4,4,3,3,3,3,3,3,3,3,4,3,4,3,3,3,4,4,3,3,3,4,4,4,3,3,3,3,3,3,3,3,3,3,3,4,3,3,3,3,3,4,3,3,3,3,3,3,4,2,3,3,1,2,2,2,3,3,2,2,1,3,1,3,1,2,1,2,3,3,3,3,2,1,1,1,3,4,2,2,3,2
572,100,698,1,1,2,3,4,1,24,3,4,3,3,4,2,1,4,3,2,4,3,3,3,4,3,3,4,4,3,3,3,4,4,3,4,4,4,3,3,4,4,4,4,3,4,4,4,4,4,4,4,3,3,3,4,3,3,4,4,3,3,3,1,3,3,3,4,4,3,3,3,4,3,2,4,2,3,4,3,3,4,1,2,1,1,3,1,2,1,2,1,3,2,3,3,3,2,2,3,2,2,3,3,3,3,2
573,100,505,1,2,1,2,1,1,10,1,3,1,4,5,3,2,5,5,5,2,5,5,5,5,5,5,5,5,5,5,5,5,5,5,5,5,5,2,4,1,4,4,4,5,4,4,4,4,5,3,2,4,5,4,5,4,3,5,4,2,2,1,4,4,1,4,4,1,5,2,2,4,4,2,4,2,2,1,1,1,1,3,1,2,3,3,2,1,2,2,3,3,2,2,1,2,1,1,2,1,3,3,3,4,4,2
574,100,68651,1,1,2,3,1,1,21,1,4,1,3,5,2,2,5,3,3,4,2,2,1,2,2,4,3,1,2,2,3,3,2,2,4,4,2,4,2,4,4,4,4,3,3,5,4,4,3,3,4,4,3,3,4,4,2,3,3,2,2,4,2,3,1,2,1,1,4,3,2,2,2,3,3,3,1,2,2,2,3,3,2,2,3,2,2,3,2,2,1,1,2,3,3,2,1,1,1,1,1,3,3,3,2,2
575,100,1033,1,2,1,1,1,2,12,1,3,1,3,2,1,1,3,1,4,4,4,5,5,5,3,5,5,4,4,4,4,3,3,3,4,5,5,4,4,3,3,4,4,4,4,4,4,5,5,4,4,4,4,5,5,5,4,4,4,4,4,4,4,4,3,4,4,4,4,4,2,2,2,4,2,4,2,2,2,2,2,2,2,2,3,3,2,1,3,2,1,3,2,3,3,3,2,3,3,3,3,3,4,4,4,2
576,100,298,1,2,1,1,1,1,4,2,2,3,4,3,5,1,3,3,2,5,5,4,4,5,4,4,4,4,4,4,4,4,4,5,5,4,5,4,4,4,4,4,4,5,3,4,4,4,5,5,5,5,5,5,4,4,4,4,4,5,5,5,4,4,5,4,5,5,5,4,5,5,5,4,5,5,4,4,4,5,4,3,2,2,1,3,2,2,2,3,1,1,1,4,4,4,3,4,4,4,3,3,3,3,4,2
577,100,1506,1,1,2,1,4,1,3,1,1,2,1,4,2,2,4,2,4,2,4,2,3,3,1,2,3,4,3,3,2,4,4,2,2,4,3,2,3,3,2,4,3,4,2,4,3,3,5,4,4,2,3,4,3,3,3,4,4,2,2,2,2,3,4,1,1,2,2,3,3,3,3,3,3,3,3,3,3,3,3,3,1,2,1,3,2,3,1,2,1,3,3,1,2,1,1,1,2,2,3,3,3,4,4,2
578,100,77103,1,1,2,1,4,1,4,3,4,NA,5,5,4,2,5,5,1,5,1,1,1,1,1,1,1,1,1,2,1,1,3,2,1,1,1,2,1,1,1,3,1,1,4,3,2,2,1,1,2,1,1,2,2,3,5,4,1,1,1,3,1,4,1,1,1,1,1,1,5,5,5,2,5,2,2,4,4,4,4,1,2,1,2,1,1,3,1,1,2,3,3,4,4,3,3,3,4,4,2,4,3,4,4,2
579,100,241,1,1,2,2,4,1,4,1,1,1,1,1,1,1,3,1,1,3,3,3,3,3,3,3,3,3,3,3,3,3,3,3,3,3,3,3,3,3,3,3,3,3,3,3,3,3,3,3,3,3,3,3,3,3,3,3,3,3,3,3,3,3,3,3,3,3,3,3,3,3,3,3,2,3,3,3,3,3,2,3,1,1,1,1,1,1,3,2,1,2,1,2,3,3,3,3,3,3,3,3,3,3,3,2
580,100,88117,1,1,2,1,4,1,8,2,3,2,3,4,5,3,5,2,5,2,3,2,4,4,2,3,1,4,3,4,4,3,4,3,4,5,4,4,3,3,2,5,3,4,3,5,4,4,5,5,5,5,3,4,5,3,4,4,5,3,3,3,1,4,2,3,2,4,3,1,5,4,1,1,4,2,4,4,4,4,4,2,2,2,3,2,2,2,1,2,1,3,2,2,2,2,1,1,2,1,3,2,4,4,3,2
581,100,89966,1,1,2,2,1,1,11,1,1,2,3,2,1,1,1,2,4,5,4,5,5,4,3,4,4,5,3,4,4,4,3,5,4,3,5,5,4,4,5,4,4,4,3,5,4,5,5,5,3,4,4,5,4,3,2,4,5,2,4,2,3,2,3,2,3,1,2,3,4,4,4,2,4,3,2,4,4,4,4,3,2,1,1,3,2,3,1,1,1,3,1,3,3,2,3,1,3,2,3,2,1,3,4,2
582,100,127,1,2,1,3,1,6,13,1,1,1,1,1,1,1,1,1,4,4,4,4,4,4,4,4,4,4,4,4,4,4,4,4,4,4,4,4,4,4,4,4,4,4,4,4,4,4,4,4,4,4,4,4,4,4,4,4,4,4,4,4,4,4,4,4,4,4,4,4,4,4,4,4,4,4,4,4,4,4,4,1,2,1,1,2,3,2,2,1,1,2,2,3,3,3,3,3,3,3,3,3,3,3,3,2
583,100,532,1,1,2,1,4,1,4,2,4,1,4,4,2,2,5,3,4,3,4,2,4,1,1,2,2,3,2,3,4,4,3,2,2,2,2,3,3,2,2,3,2,3,2,3,3,3,4,3,2,3,3,2,3,2,3,4,2,4,4,4,2,4,2,1,3,1,2,3,3,3,2,3,4,4,2,3,3,4,4,3,2,2,2,1,2,3,3,2,1,1,3,2,2,2,2,2,2,2,3,3,3,4,4,2
584,100,77769,1,2,1,1,1,1,8,NA,3,1,4,3,4,2,5,3,2,2,2,2,3,2,3,2,3,2,3,2,3,2,3,2,3,3,3,3,3,3,3,3,3,3,3,3,3,3,3,3,3,3,3,3,3,3,3,3,3,3,3,3,3,NA,3,3,3,3,3,3,3,3,3,3,3,3,3,3,3,3,3,2,2,2,2,2,2,2,2,2,2,2,1,2,2,2,2,2,2,2,2,2,2,2,2,2
585,100,986,1,1,2,1,2,1,13,1,3,2,2,4,3,1,4,1,3,3,4,4,3,2,2,2,3,3,3,2,3,3,3,3,4,4,4,4,4,4,4,4,3,3,3,3,3,3,2,2,3,2,3,3,3,3,3,3,3,3,3,3,3,3,3,3,3,3,3,1,4,4,4,3,3,3,3,3,3,3,3,3,1,1,1,1,2,3,1,2,2,2,1,3,3,2,3,3,2,2,2,2,4,4,4,2
586,100,88704,1,1,2,1,1,1,7,1,3,1,3,4,1,2,4,1,4,3,2,1,3,3,1,4,2,2,4,1,4,4,4,1,4,4,4,4,3,2,4,3,1,4,2,3,1,4,2,3,4,1,3,3,4,1,4,2,3,2,4,3,1,3,2,4,2,3,1,5,4,2,2,5,1,5,1,1,1,1,1,3,2,3,1,1,2,1,1,3,3,3,1,3,3,3,3,3,3,3,3,3,3,3,3,2
587,100,9070,1,1,2,1,2,1,5,3,4,3,5,2,3,3,5,2,1,5,2,3,4,3,3,4,3,3,2,3,2,4,4,3,4,4,3,2,3,3,3,3,3,2,3,3,2,3,4,3,4,3,3,4,2,3,4,3,3,2,4,3,2,3,3,3,4,2,3,4,4,4,4,2,4,2,3,4,4,4,4,3,1,3,1,2,2,1,3,2,1,2,1,2,2,2,1,1,2,2,4,2,4,4,4,2
588,100,89752,1,1,2,2,4,1,5,1,3,1,2,2,1,1,5,1,4,2,5,2,4,4,1,1,1,4,4,5,4,3,4,1,4,3,4,4,5,1,4,5,4,5,5,5,4,4,5,4,4,4,5,5,4,2,3,5,2,3,4,2,1,4,1,3,3,2,3,3,3,4,4,3,3,4,2,3,3,3,3,3,2,2,3,3,2,3,1,3,3,3,3,2,2,2,1,1,2,1,2,2,4,4,4,2
589,100,93329,1,1,2,1,2,2,13,2,5,3,5,3,3,3,5,3,2,4,3,4,4,3,4,3,2,4,3,4,3,5,3,2,4,4,4,3,4,2,3,3,3,3,3,4,1,3,3,3,3,3,3,3,3,4,4,4,3,3,4,3,3,3,2,2,4,2,4,3,2,3,3,4,4,4,3,2,2,2,2,1,2,1,2,3,2,3,2,2,3,2,2,3,3,3,2,1,2,2,4,1,3,1,4,2
590,100,4298,1,1,2,1,2,1,10,4,5,4,3,4,2,2,5,2,3,4,3,3,3,4,2,2,3,3,4,3,3,4,2,3,2,1,2,3,2,2,1,3,3,3,4,3,3,3,4,4,4,4,3,3,3,4,4,4,4,4,4,4,2,3,3,4,4,2,3,3,2,2,3,3,3,1,2,1,1,1,3,3,2,2,2,3,2,1,3,2,1,2,3,1,3,1,2,1,1,1,1,2,3,3,3,2
591,100,500,1,1,2,2,1,1,36,2,4,1,5,3,2,3,5,2,4,2,5,2,2,3,1,2,2,4,3,4,4,4,3,2,5,5,2,3,2,4,2,3,2,4,4,4,3,4,4,4,4,2,4,3,4,4,2,4,4,3,4,3,4,4,1,1,2,1,3,2,3,2,4,2,2,4,1,1,1,1,3,3,2,2,2,1,2,3,3,2,1,3,3,2,1,1,1,1,3,1,4,4,4,4,4,2
592,100,478,1,1,2,1,3,1,10,2,5,2,5,2,3,2,3,3,3,4,4,3,2,2,1,3,3,4,3,3,3,3,3,3,3,3,4,4,3,4,4,4,4,4,5,5,5,5,5,4,5,5,4,4,4,4,5,5,5,5,5,5,2,4,3,2,NA,4,3,1,3,3,4,3,3,2,1,2,1,1,2,1,1,1,3,3,2,3,2,2,3,2,3,2,3,3,1,1,3,1,3,3,4,2,4,2
593,100,70414,1,1,2,1,1,4,10,1,2,1,2,2,2,1,2,2,3,4,4,4,4,4,4,4,4,4,4,4,5,5,4,5,4,5,5,4,5,5,4,5,5,4,4,5,5,4,4,5,5,4,4,4,5,4,4,4,4,4,4,5,5,4,4,4,5,4,4,3,3,3,4,3,4,4,3,3,3,3,3,3,1,2,1,1,2,2,1,2,3,3,1,3,2,3,1,2,1,3,2,3,4,2,2,2
594,100,533,1,1,2,1,4,1,10,2,2,1,3,1,2,1,5,2,3,4,3,2,2,2,1,1,3,2,3,2,2,2,2,2,3,2,2,2,2,2,2,2,2,2,2,2,2,2,2,2,2,2,2,2,2,2,2,2,2,2,2,2,2,2,2,2,2,2,2,3,3,3,3,3,3,3,3,3,3,3,3,2,1,2,3,1,2,3,2,2,3,3,3,3,3,3,2,3,3,3,3,3,3,3,3,2
595,100,82995,1,1,2,4,4,1,27,1,3,1,3,1,1,1,1,1,2,3,2,5,5,5,5,5,5,5,5,5,5,5,5,5,5,5,5,4,NA,4,4,4,5,5,5,5,4,4,4,5,5,5,4,5,5,5,1,3,4,2,3,2,4,1,1,3,3,2,5,3,3,3,3,3,3,3,3,3,3,3,3,1,1,3,1,2,2,1,1,2,1,2,3,2,2,1,1,2,3,2,1,2,3,2,4,2
596,100,284,1,1,2,1,4,1,4,1,2,1,3,2,2,1,4,1,5,5,5,5,5,5,5,5,5,5,5,4,5,4,4,4,4,4,4,4,3,5,4,5,5,4,5,5,5,4,5,4,4,4,4,5,3,5,5,5,5,4,5,5,5,5,5,4,5,5,4,5,5,3,4,4,4,5,5,4,3,3,3,1,1,2,1,1,2,1,3,2,3,3,1,1,1,1,1,1,1,1,1,2,2,4,4,2
597,100,953,1,1,2,2,4,6,10,1,4,1,5,4,1,1,5,2,4,4,4,3,4,3,1,2,5,4,5,5,3,3,4,3,5,5,5,4,5,3,1,4,4,4,5,5,3,3,5,4,3,1,5,4,4,2,2,4,3,4,3,2,1,1,1,3,4,2,3,3,3,4,4,2,4,3,3,3,3,3,3,3,1,1,2,1,2,2,2,2,1,3,3,2,2,2,2,2,3,1,4,3,4,4,4,2
598,100,8087,1,2,1,4,4,7,11,NA,1,1,1,2,1,NA,3,1,4,2,3,1,3,2,1,2,2,3,5,4,4,3,5,1,4,3,4,4,4,3,2,4,5,5,5,5,4,3,5,4,4,2,3,5,3,2,3,5,2,4,5,3,2,5,1,1,4,2,1,1,3,3,2,3,3,3,4,4,3,4,2,3,3,1,3,2,2,2,2,3,1,3,3,2,1,3,2,1,4,2,4,3,4,4,4,2
599,100,364,1,1,2,3,4,1,26,2,1,1,1,4,2,1,4,1,4,3,4,4,4,4,4,4,4,4,4,4,4,4,4,4,4,4,4,4,4,4,4,4,4,4,4,4,4,4,4,4,4,4,4,4,4,4,4,4,4,4,4,4,4,4,4,4,4,4,4,4,4,4,4,4,4,4,4,4,4,4,4,1,1,2,1,3,2,1,1,2,1,3,3,1,1,1,1,1,1,1,1,1,1,1,1,2
600,100,24782,1,1,2,1,2,1,1,4,4,5,3,5,2,2,5,4,1,5,2,3,3,3,3,3,3,1,1,1,1,1,1,1,1,1,1,1,1,1,1,1,1,1,3,3,1,2,4,3,2,2,2,2,1,1,3,3,1,3,5,4,4,4,4,2,2,1,1,2,3,4,4,3,4,5,1,2,4,4,4,1,1,3,2,3,2,2,3,2,3,3,3,3,3,2,2,1,1,1,3,4,4,4,4,2
601,100,630,1,1,2,1,4,1,4,4,3,NA,2,5,2,1,5,5,4,4,4,3,2,3,3,2,2,4,3,4,4,2,4,4,4,4,3,3,3,2,3,2,3,3,3,4,4,3,1,2,2,2,3,2,3,4,5,4,5,4,5,5,3,4,2,2,2,2,2,5,5,5,5,NA,5,1,5,5,5,5,5,1,2,1,3,3,2,2,1,2,1,3,3,1,1,1,1,2,4,2,2,2,2,4,4,2
602,100,91459,1,2,1,1,2,1,8,4,4,3,4,4,3,3,3,3,2,1,3,3,3,3,3,3,3,3,3,3,3,3,3,3,3,3,3,3,3,3,3,3,3,3,3,3,3,3,3,3,3,3,3,3,3,3,3,3,3,3,3,4,4,4,2,2,4,4,2,2,2,3,2,1,4,2,2,3,2,4,3,2,3,2,1,2,1,1,1,1,1,1,1,3,3,3,3,3,3,3,3,3,3,3,3,2
603,100,94429,1,1,2,5,3,1,10,2,3,2,3,2,1,1,4,2,4,4,4,5,4,4,5,4,4,5,4,3,3,4,3,4,4,4,3,5,5,4,3,4,4,3,5,5,3,4,5,5,5,4,4,5,4,4,1,4,4,1,3,1,1,3,3,3,3,4,3,3,2,2,2,4,2,3,1,1,1,1,3,3,1,1,1,1,2,1,2,2,1,3,1,3,3,2,1,1,2,1,1,4,4,4,4,2
604,100,153162,1,2,1,1,1,1,16,3,3,2,4,3,5,3,5,3,3,4,2,5,5,4,NA,5,5,5,5,4,5,4,4,5,4,5,5,4,5,5,4,5,4,5,5,4,4,5,5,4,5,5,5,5,5,5,4,4,4,5,5,4,5,5,5,4,4,5,4,1,2,1,1,5,1,5,1,1,1,1,1,3,1,3,1,2,2,1,2,1,2,1,1,1,3,2,1,1,2,2,2,1,2,1,2,2
605,100,179083,1,2,1,2,3,1,10,3,4,4,5,4,5,4,4,3,2,3,1,2,3,3,4,3,2,4,3,3,3,1,3,1,3,2,2,3,2,NA,3,3,3,2,2,3,3,2,2,3,4,2,1,3,4,3,2,4,3,3,3,3,3,2,4,2,2,3,2,2,3,4,3,1,5,1,4,4,4,3,3,3,1,3,3,3,2,1,3,2,2,3,2,3,3,3,3,2,4,3,4,4,4,4,3,2
606,100,144,1,2,1,1,2,1,13,3,3,3,3,3,3,3,3,3,2,3,2,4,4,3,4,4,2,4,3,4,1,4,4,4,4,4,3,4,4,4,4,3,2,4,4,4,1,4,3,5,4,4,2,3,3,3,2,3,3,2,3,2,3,3,4,4,4,3,3,3,2,2,2,4,3,2,2,3,3,4,4,2,2,2,2,3,1,2,2,3,2,2,3,3,3,3,3,3,3,2,2,3,3,2,3,2
607,100,176724,1,1,2,4,4,1,24,2,4,4,5,5,3,3,5,3,2,3,4,3,2,3,3,2,2,1,1,2,3,2,3,3,2,2,2,3,4,2,2,4,3,2,3,2,4,1,3,3,4,3,3,3,3,3,1,4,3,1,1,1,2,3,2,3,2,1,2,2,3,2,4,4,3,4,2,3,2,2,4,3,2,3,3,2,3,3,2,2,1,3,3,4,4,3,2,1,1,1,4,3,4,1,4,2
608,100,334,1,2,1,1,2,1,8,3,4,4,5,5,3,4,5,3,1,5,3,3,3,3,3,3,3,4,4,4,4,4,4,4,3,3,3,3,3,3,3,3,3,3,3,3,3,3,3,3,3,3,3,3,3,3,3,3,3,3,3,3,3,3,3,3,3,3,3,3,3,3,3,3,3,3,3,3,3,3,4,3,2,2,2,2,2,2,2,2,2,2,2,3,3,3,3,3,3,3,3,3,3,3,3,2
609,100,396,1,1,2,2,2,1,13,3,5,3,3,2,1,2,4,4,2,5,4,1,2,1,5,1,2,2,3,2,1,2,3,1,2,2,3,4,3,2,2,4,2,2,4,3,2,4,2,3,2,3,2,4,2,4,3,2,3,3,2,2,4,4,2,3,2,4,2,2,4,4,4,2,3,3,2,2,4,2,3,3,2,2,3,3,2,1,3,2,1,3,3,2,3,3,2,1,1,1,3,2,3,3,3,2
610,100,495,1,2,1,3,2,2,13,1,4,1,3,3,4,2,5,1,4,2,4,3,2,2,1,3,2,5,3,4,3,3,4,3,3,3,3,3,3,2,4,3,3,3,2,2,2,2,2,2,1,2,2,2,2,2,4,4,4,4,4,4,1,3,3,3,3,1,1,3,4,4,4,5,2,5,1,1,1,1,1,3,2,2,2,3,3,1,3,2,1,2,1,3,2,3,1,2,4,1,3,3,4,4,4,2
611,100,541,1,1,2,1,3,4,8,3,5,1,5,4,1,1,5,1,3,4,4,4,2,1,1,2,2,4,3,3,2,2,3,2,3,2,2,3,3,1,3,3,3,3,3,3,3,3,2,3,5,3,4,4,3,3,4,3,3,4,4,5,2,3,3,2,4,2,3,3,4,5,4,3,3,3,2,2,3,2,3,3,2,3,1,2,2,3,3,2,1,3,3,3,3,3,3,2,2,2,4,3,4,4,4,2
612,100,192,1,2,1,3,3,1,6,2,3,3,NA,2,4,2,1,3,2,3,3,2,1,4,2,1,3,1,2,2,1,1,3,3,1,2,3,3,4,1,5,1,2,2,1,3,4,2,1,4,4,3,3,1,2,3,3,2,4,NA,1,3,3,5,NA,4,2,4,2,2,3,NA,4,4,4,4,4,4,4,4,4,1,1,2,2,3,1,1,2,2,2,2,1,1,2,2,3,NA,2,3,4,2,4,1,3,2
613,100,681,1,1,NA,4,4,1,24,1,4,4,4,4,3,3,4,3,3,5,2,5,5,5,5,5,5,5,5,5,5,5,5,5,5,5,5,5,5,5,5,5,5,5,5,5,5,5,5,5,5,5,5,5,5,5,5,5,5,3,5,4,4,1,1,3,4,3,5,3,3,2,2,4,3,4,3,2,3,3,3,2,1,2,1,1,1,1,2,2,1,3,3,3,3,4,4,2,4,4,2,2,4,4,4,2
614,100,633,1,1,2,3,1,2,12,1,5,5,5,5,5,5,5,5,1,3,1,3,4,4,4,3,2,2,2,2,2,2,2,2,4,4,4,4,4,4,4,3,3,4,2,3,4,3,4,4,4,4,3,4,4,2,3,3,4,3,4,4,4,4,3,3,4,4,4,3,3,4,4,2,4,2,3,2,2,2,2,2,3,1,1,3,2,1,3,2,1,2,3,4,4,3,4,1,4,3,3,4,4,4,4,2
615,100,680,1,1,2,1,1,6,10,2,4,1,3,3,1,2,4,3,3,4,4,3,2,2,1,1,3,4,2,3,2,1,1,4,2,3,2,3,3,1,2,3,2,4,4,2,2,2,5,2,3,2,4,2,2,4,2,3,3,3,4,1,4,3,4,2,2,3,1,3,5,5,4,3,3,3,3,3,3,3,3,2,2,2,3,3,2,2,3,2,1,3,2,3,3,3,2,2,3,2,3,3,3,2,4,2
616,100,95269,1,2,1,2,4,2,5,3,3,2,4,4,4,3,2,2,2,4,3,2,4,3,2,3,4,3,3,3,3,2,3,3,4,3,2,4,3,2,3,4,2,3,3,3,3,3,4,4,3,4,2,3,4,3,3,4,3,4,4,4,3,3,4,4,2,4,3,3,3,2,2,4,2,4,1,2,1,NA,1,3,2,1,3,3,2,1,3,2,1,3,3,3,3,2,3,2,NA,4,2,2,2,3,2,2
617,100,176145,1,1,2,1,2,1,8,4,5,4,3,2,3,3,5,5,1,5,4,2,3,3,2,2,2,4,4,4,4,4,3,3,3,4,3,4,3,3,3,4,4,4,3,4,4,3,4,4,4,4,4,4,4,3,4,3,4,4,4,4,4,3,3,3,4,4,3,3,4,3,3,3,3,2,2,2,3,3,3,3,2,2,2,2,2,1,2,3,1,2,3,3,2,1,1,1,1,1,2,2,4,3,4,2
618,100,170409,1,2,1,5,4,1,38,1,2,2,2,2,4,1,4,2,2,4,4,1,1,1,1,1,1,2,2,3,2,2,2,1,1,1,2,1,4,1,2,2,2,1,1,2,2,1,4,4,3,1,2,3,2,2,1,4,3,2,3,2,2,2,1,1,3,3,3,3,2,2,2,4,2,4,2,2,2,2,2,1,3,2,3,1,2,2,2,2,1,3,2,4,3,3,3,3,4,3,3,3,4,4,4,2
619,100,2974,1,1,2,3,1,1,19,1,2,1,3,3,2,1,5,1,3,2,4,2,2,1,1,1,1,2,3,2,3,3,3,1,4,3,2,2,2,1,1,2,3,3,2,2,2,1,2,4,5,2,3,3,4,2,3,4,2,3,3,4,2,2,2,1,2,4,3,2,2,2,2,5,2,5,1,1,1,1,1,3,2,1,3,3,2,3,2,2,2,2,1,4,3,3,2,1,2,2,1,2,3,4,4,2
620,100,98654,1,1,2,1,1,7,10,2,2,1,2,3,2,1,3,1,4,3,4,4,4,4,2,5,4,4,5,4,5,5,5,4,5,5,4,3,4,2,3,4,4,4,4,5,4,5,5,5,4,4,4,5,5,3,1,4,4,2,5,2,3,2,1,4,4,3,4,3,3,4,3,3,3,3,1,1,1,1,3,3,3,2,1,1,2,1,3,2,3,3,3,3,3,3,2,2,3,3,4,4,3,4,4,2
621,100,168978,1,2,1,3,1,1,16,2,3,1,2,4,1,1,5,2,4,3,3,3,3,3,2,3,2,4,3,4,3,4,3,3,3,2,3,3,3,1,2,3,2,3,4,3,3,4,4,4,5,4,3,3,3,3,4,4,2,4,3,3,4,3,3,3,4,3,3,3,3,3,3,3,3,3,3,3,3,3,3,2,1,2,3,2,2,2,3,2,1,3,3,1,1,1,2,1,2,3,2,3,3,4,4,2
622,100,2449,1,2,1,3,1,2,30,2,5,5,4,5,4,4,4,4,4,4,4,5,5,5,5,5,5,5,5,5,5,5,5,5,5,5,5,5,5,5,5,5,5,5,5,5,5,5,5,5,5,5,5,5,5,5,5,5,5,5,5,5,5,5,5,5,5,NA,NA,5,5,5,5,5,5,5,5,5,5,5,5,2,1,1,1,1,1,1,1,2,2,1,1,4,4,4,4,4,4,4,4,4,4,4,4,2
623,100,1149,1,1,5,5,1,6,9,1,5,2,5,5,3,1,5,2,1,5,3,5,4,3,2,1,2,4,5,3,2,3,4,1,4,2,4,2,3,1,1,3,4,4,3,4,2,2,5,4,4,3,4,4,4,2,3,4,4,5,4,4,3,4,2,1,2,1,1,4,5,5,4,2,4,2,3,4,4,4,5,3,1,1,2,3,2,3,2,3,3,3,3,3,4,4,1,1,2,2,3,4,4,4,4,2
624,100,898,1,2,2,1,1,1,16,1,2,1,2,2,2,1,3,2,5,2,5,3,5,4,1,2,2,5,5,5,5,5,5,2,4,4,5,5,5,4,3,5,4,5,5,5,5,5,5,4,5,5,5,5,5,5,5,5,5,5,5,5,1,1,5,4,3,3,3,4,1,2,1,4,1,1,1,1,1,1,1,3,2,1,3,3,2,2,1,2,3,3,3,3,2,3,1,1,3,2,2,3,4,4,4,2
625,100,170784,1,2,1,1,2,1,7,4,5,2,4,5,4,2,5,4,2,5,2,3,3,2,2,4,3,5,4,4,4,3,4,4,4,4,3,4,4,3,4,4,3,4,4,3,3,4,4,5,3,4,5,3,4,4,3,5,4,4,5,4,5,4,3,4,4,3,4,4,3,3,4,4,3,3,4,2,2,4,4,2,2,1,3,1,1,1,3,2,2,3,3,2,2,3,1,3,1,1,3,2,4,4,4,2
626,100,187055,1,1,2,5,4,1,10,3,4,4,4,4,4,4,4,3,1,5,5,1,4,3,1,3,3,3,3,2,2,2,1,1,2,1,1,2,3,3,3,3,3,3,3,3,4,2,4,3,4,4,3,4,3,3,2,2,3,3,3,3,1,1,2,2,3,3,3,1,5,5,4,2,5,3,3,5,4,4,5,1,2,1,2,1,3,1,1,2,2,2,2,4,3,3,4,3,4,3,4,3,4,4,3,2
627,100,1855,1,1,2,4,4,1,24,1,3,1,3,3,1,2,4,2,4,3,4,5,5,5,5,4,5,5,4,4,3,5,4,5,4,4,4,5,4,3,4,5,5,5,4,5,4,4,4,4,4,5,4,4,5,4,4,4,5,5,3,3,5,4,3,3,4,3,4,3,4,4,3,2,3,3,3,3,3,3,3,1,2,2,2,1,2,3,1,2,1,3,3,1,1,1,2,2,3,2,1,2,4,4,4,2
628,100,272,1,2,1,2,1,1,13,1,5,3,5,3,2,NA,5,2,1,5,4,4,4,4,4,4,4,4,4,4,4,4,4,4,2,3,2,3,2,4,3,5,4,4,4,4,4,4,4,5,5,NA,5,5,5,5,5,5,4,4,4,4,1,5,3,3,5,5,5,2,1,1,1,1,1,1,1,1,1,1,1,3,1,1,3,3,2,3,1,2,1,3,3,2,2,2,2,2,2,2,NA,3,3,4,4,2
629,100,192672,1,1,2,3,4,1,24,1,3,1,3,3,1,1,5,1,4,4,4,4,4,3,5,4,4,3,4,3,3,4,4,4,4,4,4,4,4,4,3,3,3,4,4,4,3,4,4,4,3,3,4,4,4,4,4,4,3,4,4,4,5,4,4,5,5,4,5,NA,3,3,3,3,3,3,3,3,3,3,3,3,2,2,3,2,2,1,3,2,1,2,1,2,2,1,1,1,2,1,1,1,1,2,1,2
630,100,21576,1,2,1,1,4,1,10,1,3,1,3,3,2,1,5,1,3,3,5,2,4,4,1,5,3,5,5,5,5,5,5,3,5,5,3,5,4,4,5,5,4,4,5,5,4,4,5,5,5,4,5,5,5,5,5,4,5,5,5,5,3,5,3,5,4,5,5,3,3,4,3,5,4,5,1,2,2,2,3,3,2,2,3,3,2,3,3,3,3,3,2,4,2,4,1,1,3,1,2,4,4,4,4,2
631,100,114829,1,1,2,3,4,1,3,1,3,2,3,4,5,2,5,1,2,5,4,5,4,3,5,4,5,5,5,5,3,4,4,5,4,5,4,3,4,3,3,3,4,3,3,4,5,4,4,4,4,3,5,4,4,3,4,5,3,4,4,4,4,4,4,3,4,4,4,2,2,2,2,2,2,2,2,2,2,2,2,2,1,2,2,3,2,1,3,2,3,3,3,3,3,3,3,3,3,3,3,3,3,3,3,2
635,97,3370,1,1,2,2,2,1,13,2,5,4,4,5,4,3,5,3,1,4,2,1,1,2,1,1,1,2,2,3,3,3,3,3,2,2,2,2,2,2,2,2,2,2,2,2,2,2,3,2,2,2,2,2,2,2,3,3,2,3,2,1,1,2,3,2,3,2,1,1,2,3,2,2,2,1,2,2,2,1,2,3,2,2,1,3,2,2,1,2,1,2,3,4,4,3,2,1,1,1,4,4,3,1,2,2
636,97,441,1,1,2,2,4,1,4,4,2,1,1,2,2,1,4,2,4,4,4,4,5,5,5,5,5,5,5,5,5,5,5,5,5,5,5,5,5,5,5,5,5,4,5,4,5,4,4,5,5,5,5,5,5,5,4,5,4,5,4,3,3,4,1,3,4,1,3,3,3,3,4,3,3,3,3,3,3,3,3,3,1,2,2,1,2,3,3,2,3,3,1,2,2,2,1,2,2,2,1,4,4,4,4,2
637,97,628,1,2,1,2,1,1,16,1,5,2,5,4,3,1,5,5,1,5,3,4,5,5,5,5,5,5,4,4,5,5,5,4,5,5,5,5,NA,4,5,5,4,4,4,5,3,5,5,5,5,5,5,5,5,5,4,4,4,5,5,5,3,5,1,4,4,3,5,5,1,1,1,5,1,5,1,1,1,1,1,2,2,1,2,1,1,3,3,2,3,3,3,4,3,3,2,3,3,2,4,1,1,4,4,2
638,97,856,1,1,2,4,1,1,10,1,4,1,5,5,1,4,4,2,1,1,2,5,5,5,1,4,4,5,4,3,5,5,4,5,3,4,4,2,4,2,4,3,4,3,4,3,3,4,4,4,4,2,4,4,4,2,1,4,2,1,4,1,5,5,5,1,2,1,1,4,4,5,5,2,4,2,3,4,4,4,4,3,3,3,2,2,2,2,1,2,1,2,3,1,1,1,1,1,2,1,2,3,1,4,4,2
639,97,883,1,1,2,1,1,1,14,3,4,1,3,5,2,1,5,2,5,2,4,1,1,2,1,1,2,4,4,4,3,4,4,1,4,2,2,4,2,1,1,2,1,2,4,4,2,2,4,4,4,2,2,2,3,4,3,4,3,4,4,2,2,4,4,2,2,1,4,4,4,4,4,2,4,2,2,3,4,4,4,1,1,2,2,2,2,2,1,2,3,3,3,3,3,2,2,2,3,2,1,2,3,3,4,2
640,97,217,1,2,1,2,1,1,9,3,4,1,5,3,1,2,4,1,2,4,3,2,3,4,2,4,4,3,4,4,4,3,3,2,2,4,4,3,4,4,2,1,3,3,4,3,2,4,3,4,3,3,4,4,3,3,4,4,3,2,4,4,2,3,2,4,3,2,4,3,4,4,4,3,3,4,2,2,3,3,3,3,2,1,1,3,2,3,2,3,1,3,3,3,3,3,2,2,2,1,3,2,3,3,2,2
641,97,596,1,1,2,1,4,4,8,1,2,2,1,2,2,1,2,1,4,2,4,2,2,2,2,2,3,2,4,4,4,4,4,2,3,4,4,2,4,2,2,3,3,3,3,3,3,3,5,4,2,4,3,3,4,2,4,2,2,3,3,3,3,3,3,2,3,2,3,1,4,1,1,4,1,4,1,1,1,1,1,3,1,1,3,3,2,3,2,2,3,2,3,2,2,2,2,2,2,2,2,2,2,4,4,2
642,97,998,1,2,1,1,1,1,18,2,3,2,3,2,4,2,5,2,3,2,4,3,2,2,2,3,2,2,2,3,3,4,4,2,3,3,3,4,4,1,2,2,3,3,3,4,2,3,2,2,3,3,3,3,3,2,2,3,3,4,3,2,1,3,1,3,3,3,3,4,3,4,3,3,3,4,1,2,1,1,2,3,2,1,3,3,2,2,3,2,1,3,3,2,3,1,2,1,3,1,1,3,3,4,4,2
643,97,725,1,1,2,1,4,1,3,1,3,1,3,2,1,1,3,1,4,2,4,5,5,4,5,5,5,5,5,5,3,5,5,5,5,5,5,5,5,5,5,5,5,4,5,5,5,5,4,4,5,5,3,5,4,5,4,5,5,5,5,3,4,4,3,3,4,2,5,3,3,3,4,3,2,4,1,2,2,2,3,2,1,3,3,3,2,3,1,2,2,2,3,1,1,1,1,1,3,2,1,3,3,4,4,2
644,97,675,1,1,2,1,1,1,10,1,4,1,4,4,2,1,5,3,1,4,4,1,2,3,2,1,2,3,3,2,3,3,2,1,3,3,3,1,3,1,1,3,2,3,4,3,2,4,5,4,5,4,4,4,2,2,2,4,2,2,4,3,2,4,2,3,3,5,4,3,3,4,4,2,2,4,1,2,3,3,5,3,2,3,2,2,2,3,1,2,3,1,3,3,3,3,2,1,2,2,4,4,4,4,3,2
645,97,392,1,1,2,1,4,1,5,2,5,3,5,5,4,3,5,3,1,5,2,2,2,2,1,2,2,2,2,2,2,2,2,2,2,2,2,2,2,2,2,2,2,2,2,2,3,3,5,1,2,2,2,2,2,2,3,2,2,2,2,2,1,4,2,1,2,1,2,1,4,4,4,1,5,1,4,5,5,5,5,1,1,3,1,3,2,3,1,2,3,3,3,3,3,2,2,3,2,3,3,3,4,4,4,2
646,97,859,1,1,2,1,3,1,10,2,3,1,3,4,2,2,4,2,4,2,3,3,3,2,2,2,2,3,3,4,4,4,4,3,3,4,4,4,4,1,3,4,2,4,5,4,3,3,5,4,3,2,4,2,3,3,2,4,3,2,3,3,2,2,2,1,1,2,2,3,4,4,4,2,4,2,3,4,3,3,4,3,2,3,1,3,2,1,1,2,1,3,3,2,2,3,1,1,3,1,3,4,4,4,4,2
647,97,742,1,1,2,1,1,6,8,1,3,2,3,4,1,1,3,1,5,2,4,3,5,4,2,3,2,4,4,4,3,4,2,2,4,3,3,3,3,5,2,2,3,4,5,5,3,4,4,4,5,4,4,4,3,3,5,4,2,4,4,5,2,2,1,3,4,2,3,3,4,4,4,2,3,4,2,3,2,3,4,3,1,1,2,2,1,1,1,2,1,3,3,3,3,3,1,2,4,2,4,4,4,4,4,2
648,97,92902,1,1,2,3,3,1,10,2,5,2,5,4,4,3,5,4,3,4,3,3,3,3,3,3,3,2,3,3,3,3,2,3,3,3,3,3,3,3,2,2,2,4,4,3,3,4,3,2,4,3,3,4,4,4,2,3,4,2,3,2,2,2,2,3,3,3,3,3,3,3,2,3,3,3,3,3,3,3,3,3,1,3,2,2,1,3,1,1,3,3,3,3,3,3,1,1,1,2,2,3,3,4,4,2
649,97,669,1,1,2,1,1,4,15,1,5,3,5,3,2,3,5,3,2,4,4,1,1,2,1,1,2,4,3,2,2,3,2,1,2,3,3,3,2,3,1,5,4,4,3,4,2,1,5,3,5,2,5,4,3,1,2,3,1,1,2,2,1,2,1,4,3,2,2,4,4,2,4,1,4,2,2,4,4,4,4,3,2,2,3,2,2,1,3,2,3,2,3,3,2,3,2,2,4,2,1,1,3,2,4,2
651,97,444,1,2,1,5,2,6,13,1,3,2,4,2,1,2,3,1,2,4,2,4,4,2,3,5,5,4,4,4,2,4,4,4,5,4,3,2,1,3,4,4,1,4,5,2,2,5,5,1,3,2,4,2,3,5,1,4,2,3,2,3,5,3,2,4,1,5,1,1,1,3,5,2,4,2,2,3,3,2,4,3,1,2,2,3,2,2,3,2,3,3,3,2,2,3,4,2,4,2,2,3,1,4,4,2
655,97,2089,1,1,2,2,4,1,10,2,4,2,5,5,3,2,5,3,1,5,4,1,3,2,1,2,2,2,4,4,3,4,3,2,4,5,4,2,4,2,1,5,3,3,4,4,4,3,4,4,3,2,3,2,3,2,2,3,2,1,1,2,3,1,3,2,3,5,5,3,5,3,3,2,4,5,1,3,3,4,4,3,2,2,3,3,2,3,2,2,3,3,3,4,4,3,2,1,2,1,2,3,4,4,4,2
659,97,686,1,1,2,2,4,1,4,1,3,1,2,2,2,1,4,2,2,4,2,4,5,5,1,1,3,4,5,1,5,5,5,2,5,5,5,5,4,4,4,4,5,5,3,3,1,4,5,5,5,1,5,5,4,3,4,5,1,5,4,1,2,2,2,1,1,1,4,3,5,5,4,1,5,3,3,2,2,2,3,3,2,1,1,3,2,3,3,2,2,3,3,3,3,3,4,4,1,3,NA,3,1,1,1,2
662,97,1681,1,1,2,1,1,1,10,2,3,2,3,3,2,2,4,2,4,4,4,4,2,2,4,2,3,3,3,2,3,2,3,2,4,4,3,4,3,4,3,3,4,3,2,3,4,3,3,4,3,3,4,3,4,3,4,5,3,4,3,3,4,3,4,4,3,4,3,3,4,4,4,2,4,3,3,3,2,3,4,3,2,2,3,1,2,3,3,2,3,3,3,3,2,3,2,2,2,2,3,2,2,3,4,2
664,97,86507,1,1,2,2,1,1,8,2,4,3,5,3,2,2,5,3,2,4,2,3,5,5,3,5,5,5,5,5,5,5,5,5,5,5,5,5,5,5,5,5,5,5,5,5,5,5,5,5,5,5,5,4,5,4,5,5,5,5,5,5,4,5,5,5,5,5,5,3,4,4,3,2,3,3,3,3,3,3,3,1,2,2,2,3,2,1,1,2,1,3,3,3,3,3,1,1,3,2,3,4,4,4,4,2
666,97,1084,1,1,2,1,4,1,4,1,5,3,5,4,2,4,5,3,1,5,4,3,4,4,3,3,3,5,4,4,4,5,4,2,4,4,4,3,4,4,4,5,4,4,4,4,4,4,5,5,4,5,4,5,4,5,4,4,4,5,4,5,4,4,4,5,5,5,4,3,4,3,3,4,3,4,2,2,2,2,2,3,2,2,3,3,2,2,1,2,1,3,1,2,3,1,1,1,2,1,1,1,1,3,1,2
668,97,129586,1,1,2,5,1,1,43,1,5,3,3,4,1,1,5,5,5,2,5,3,5,5,5,5,5,4,5,5,5,5,5,5,4,5,5,4,5,5,3,4,5,5,5,5,5,5,5,5,5,5,3,4,4,5,1,3,4,2,2,3,4,3,1,4,5,1,5,2,4,4,2,3,5,1,3,4,4,5,5,3,2,1,2,3,2,3,2,2,3,3,3,1,1,1,1,1,1,1,NA,3,3,4,4,2
670,97,5748,1,2,1,2,2,1,7,2,3,1,3,2,1,1,2,1,4,3,3,3,3,2,1,3,3,4,4,4,4,4,4,4,5,5,5,4,4,4,4,3,5,5,5,5,5,5,5,5,5,5,5,5,5,5,5,5,5,5,5,5,5,5,5,5,5,5,5,3,3,2,2,4,3,4,2,2,2,2,3,3,2,2,2,1,3,2,3,1,3,1,1,3,3,3,2,1,3,1,4,3,4,4,4,2
672,97,177874,1,2,1,2,1,1,17,2,4,2,4,3,2,1,4,4,2,4,3,2,4,3,1,2,1,3,3,4,3,4,4,1,3,1,2,4,4,1,1,4,3,2,4,4,2,4,3,3,4,3,3,3,3,2,4,4,3,4,4,3,3,3,2,4,2,1,2,2,4,5,5,3,3,4,2,3,3,2,3,2,2,2,3,2,2,2,2,2,2,3,3,1,1,2,1,2,4,3,3,3,3,4,4,2
673,97,9797,1,2,1,1,1,2,39,3,2,3,2,4,2,2,5,3,1,5,2,3,5,3,5,5,4,5,5,5,4,4,5,5,5,5,5,4,5,1,3,3,4,3,NA,4,1,5,5,5,3,5,4,1,2,5,5,5,5,4,2,2,5,5,1,2,2,4,5,1,1,1,1,5,1,1,1,1,1,1,1,2,3,1,3,3,3,1,3,2,1,3,3,1,3,2,3,4,2,1,4,1,4,4,4,2
678,97,648,1,1,2,1,1,6,16,2,3,1,3,4,1,1,5,1,2,4,4,5,5,5,5,5,5,5,5,5,5,5,5,5,5,5,5,5,5,5,5,5,5,5,5,5,5,5,5,5,5,5,5,5,5,5,5,5,5,5,5,5,5,5,5,5,5,5,5,5,1,1,1,4,1,4,1,1,1,1,1,2,3,2,3,1,2,1,3,1,3,3,3,3,3,3,3,1,1,1,3,3,3,3,4,2
681,97,85885,1,1,2,1,3,1,7,2,3,1,2,3,2,3,3,2,3,4,3,1,4,3,2,3,2,3,2,3,3,3,3,3,3,3,3,3,3,3,3,3,3,3,3,3,3,3,3,3,3,3,3,3,3,3,3,3,3,3,3,3,3,3,3,3,3,3,3,3,3,3,3,3,3,3,3,3,3,3,3,1,1,1,1,1,1,1,1,2,1,1,3,3,3,3,3,3,3,3,3,3,3,3,3,2
682,97,703,1,2,1,1,2,1,13,2,4,3,5,2,1,1,5,2,4,5,3,4,2,2,1,1,3,2,3,2,2,1,3,1,3,1,2,3,3,2,3,2,3,4,5,4,3,3,4,4,2,3,2,4,3,2,3,2,4,4,4,3,1,3,3,1,4,4,4,1,4,3,4,4,1,4,1,1,1,1,3,1,2,1,3,3,3,3,3,3,1,3,3,3,3,3,2,2,1,2,2,1,4,4,4,2
683,97,642,1,2,1,1,4,1,4,1,2,1,2,4,2,4,4,1,4,2,4,5,4,4,4,3,3,4,1,1,2,4,5,3,4,3,2,2,4,1,1,2,4,3,1,1,2,3,3,4,2,1,2,4,5,3,1,4,4,2,2,2,3,3,2,2,3,1,2,3,3,3,3,3,3,3,3,3,3,3,3,3,1,2,3,2,2,2,3,2,1,3,3,4,3,3,2,1,4,2,3,3,4,4,4,2
685,97,852,1,1,2,1,2,1,13,1,3,1,3,4,1,1,5,1,4,2,3,1,1,1,1,1,1,4,1,4,2,4,5,3,5,3,1,3,1,1,1,3,5,4,5,4,1,3,5,4,3,2,3,4,5,2,2,5,2,1,5,1,1,3,1,1,1,1,1,2,1,2,1,4,3,5,1,2,2,2,1,2,2,1,2,3,2,1,1,3,2,1,2,4,4,3,3,4,4,4,4,4,4,4,4,2
688,97,667,1,1,2,2,1,1,43,2,4,1,4,5,4,2,5,2,3,3,4,1,1,1,1,1,1,2,3,1,1,2,1,1,1,1,1,2,2,1,1,3,2,2,1,2,1,1,4,3,4,2,1,2,2,1,1,2,1,1,1,1,1,1,1,2,2,3,2,3,4,4,4,2,3,3,3,4,3,3,3,3,1,2,2,3,1,3,3,3,3,3,2,4,3,3,1,1,3,2,3,3,4,4,4,2
690,97,710,1,1,2,1,2,1,13,3,5,2,5,3,3,2,4,3,3,3,2,1,2,2,1,1,3,2,2,2,4,3,3,1,4,5,4,4,4,4,2,3,2,3,4,4,2,3,5,4,4,3,2,4,4,1,2,3,1,2,2,1,1,3,1,3,4,1,3,3,5,3,4,1,3,3,2,3,3,3,4,1,1,2,1,3,2,3,3,2,1,3,3,3,2,3,1,1,2,1,2,4,4,4,4,2
691,97,443,1,1,2,1,1,6,5,2,4,1,3,4,3,2,5,3,2,5,4,3,3,3,3,2,3,3,3,3,3,3,3,3,4,3,2,4,3,2,3,3,3,3,3,3,3,3,3,4,3,2,3,4,3,3,3,3,3,3,3,3,2,3,3,3,3,3,3,3,2,2,2,4,2,4,2,2,2,2,2,3,2,3,2,1,2,2,2,2,1,3,3,3,3,3,2,2,3,2,3,3,4,4,4,2
693,97,321,1,1,2,2,2,1,13,3,5,5,5,5,4,3,5,3,1,5,3,3,4,4,3,3,2,3,3,3,3,3,3,3,4,3,3,3,3,3,3,3,3,3,3,3,3,3,3,3,3,3,3,3,3,3,4,3,4,3,3,3,3,3,3,3,3,3,3,3,4,4,4,2,4,4,2,2,2,2,4,2,2,1,3,3,2,3,3,2,1,3,3,NA,3,3,3,2,3,3,3,3,3,3,3,2
697,97,77728,1,1,2,2,4,1,3,1,3,1,3,3,1,1,3,1,4,2,4,3,3,3,3,3,3,3,3,3,3,3,3,3,4,4,3,3,3,3,3,3,4,4,5,5,5,3,3,3,3,3,3,3,3,4,5,5,5,3,5,3,3,3,2,2,4,2,5,2,2,2,2,4,2,4,2,2,2,2,2,1,2,2,1,1,2,1,1,1,2,3,3,2,1,1,1,2,3,3,1,2,3,4,4,2
699,97,1413,1,2,1,1,3,1,10,3,2,2,3,2,1,1,2,2,3,3,4,3,3,4,2,4,4,5,3,4,4,3,4,3,4,4,3,4,4,4,4,2,3,4,4,5,3,5,5,4,3,4,4,5,4,4,1,4,4,2,4,2,5,3,4,2,4,4,3,2,3,4,4,1,4,3,2,3,2,2,4,1,1,1,1,3,2,1,3,2,1,3,3,2,3,3,2,1,3,2,2,3,4,4,4,2
701,97,438,1,2,1,1,3,1,10,1,2,1,2,2,1,1,3,2,4,3,4,4,4,4,4,4,4,4,4,4,4,4,4,4,4,4,4,4,4,4,4,4,4,4,4,4,4,4,4,4,4,4,4,4,4,4,4,4,4,4,4,4,4,4,4,4,4,4,4,3,3,3,3,3,3,3,3,3,3,3,3,3,3,2,3,3,2,2,1,2,1,3,3,2,2,2,2,2,2,2,2,2,2,3,3,2
704,97,21364,1,1,2,3,NA,2,10,2,3,2,3,2,2,1,5,3,2,5,4,4,1,1,1,4,2,4,5,5,5,5,5,5,5,5,5,5,5,5,5,5,5,5,5,5,5,5,5,5,5,5,5,5,5,3,2,5,4,1,2,1,5,5,1,5,5,5,5,5,5,5,5,5,5,5,5,5,5,5,5,3,2,1,2,3,2,1,1,2,1,3,3,3,4,4,1,1,4,4,4,4,4,4,4,2
705,97,494,1,2,1,4,4,6,5,3,5,3,5,5,5,3,5,5,1,5,3,3,3,3,3,3,3,4,5,4,3,4,3,4,3,3,3,3,3,3,3,3,3,3,3,3,3,3,3,3,3,3,3,3,3,3,3,3,2,3,4,4,3,3,3,3,3,1,3,3,3,3,3,3,3,3,3,3,3,3,3,3,1,1,2,1,2,2,3,2,3,1,3,2,2,3,2,2,3,2,3,2,4,4,4,2
706,97,5903,1,1,2,1,4,4,4,3,3,1,3,5,2,2,5,2,3,4,3,1,2,5,1,2,2,4,4,1,3,5,3,5,4,2,3,3,4,3,2,4,4,4,3,3,2,4,5,4,2,3,3,3,4,3,2,4,3,2,3,2,3,3,2,3,3,1,3,4,4,5,5,1,4,2,1,4,4,4,5,3,1,1,3,3,3,2,1,2,3,3,3,2,1,1,2,3,4,4,3,4,4,4,4,2
707,97,285,1,2,1,5,4,1,6,1,3,1,3,4,2,1,2,1,2,4,2,2,3,3,3,3,3,3,3,3,3,3,3,3,3,3,3,3,3,3,3,3,3,3,3,3,3,3,3,3,3,3,3,3,3,3,3,3,3,3,3,3,3,3,3,3,3,3,3,3,3,3,3,3,3,3,3,3,3,3,3,2,2,2,2,2,2,2,2,2,2,2,2,3,3,3,3,3,3,3,3,3,3,3,3,2
710,97,754,1,2,1,2,1,1,7,1,2,1,3,1,1,1,1,2,4,2,4,1,4,4,1,5,2,5,5,5,5,5,5,4,4,4,5,3,3,3,5,4,4,4,5,4,4,4,5,5,5,5,4,5,5,4,5,4,4,5,4,3,4,4,3,4,4,3,5,3,3,3,3,3,3,3,3,3,3,3,3,3,2,2,1,2,2,1,3,2,3,3,3,2,2,2,2,2,3,2,4,4,4,4,4,2
711,97,181062,1,1,2,2,3,1,10,3,4,2,5,5,4,2,5,3,4,4,2,4,2,2,1,3,4,2,2,4,2,4,2,3,2,4,NA,3,3,2,2,2,4,2,2,4,2,NA,4,4,4,2,2,4,2,2,1,2,1,1,1,1,3,1,4,1,2,1,4,4,5,3,2,3,2,4,3,2,2,2,4,1,1,1,2,3,2,2,1,1,3,3,3,3,2,3,1,1,3,1,3,3,4,4,4,2
713,97,480,1,1,2,1,3,1,11,3,5,4,5,5,5,2,5,2,1,5,2,1,1,1,1,1,1,2,1,1,1,1,1,1,2,1,1,1,1,1,1,1,1,1,1,1,1,1,1,1,5,1,1,5,2,1,4,5,1,2,1,1,1,3,4,1,1,1,1,4,3,3,3,3,3,4,1,2,3,3,3,3,2,2,1,1,3,3,3,2,3,3,3,4,3,2,2,1,4,4,1,3,4,3,1,2
718,97,462,1,2,1,3,2,2,9,3,3,2,4,5,3,3,4,1,1,5,2,3,2,2,2,3,3,2,2,1,1,2,3,2,2,1,2,2,3,3,1,2,1,2,2,2,1,2,2,1,3,2,1,3,1,1,3,1,2,2,NA,1,1,2,2,1,2,2,2,3,3,2,3,3,2,4,2,2,1,2,2,3,1,1,2,1,1,1,3,1,3,3,3,3,3,4,3,2,3,3,2,2,3,2,2,2
719,97,1307,1,1,2,2,4,1,24,2,3,2,3,3,2,1,4,1,4,2,4,4,3,3,3,2,3,3,2,3,3,4,3,2,4,3,3,4,3,2,2,3,3,3,4,4,3,4,4,3,3,2,2,3,3,3,3,4,2,2,2,1,3,3,2,2,3,2,2,4,4,4,4,2,4,4,2,4,3,4,4,1,2,1,3,2,2,3,3,2,3,1,1,2,1,2,1,2,3,2,2,2,3,4,4,2
720,97,323,1,1,2,2,1,1,16,2,5,3,5,3,3,1,5,3,3,2,2,4,5,5,5,5,5,5,5,5,5,5,5,5,5,5,5,5,5,5,5,5,5,5,5,5,5,NA,5,5,5,5,5,5,5,5,5,5,5,5,5,5,4,5,4,4,5,4,5,3,4,5,3,3,3,3,3,3,3,3,3,3,1,3,3,3,3,3,1,3,3,3,3,3,3,3,1,1,2,1,1,2,3,2,4,2
722,97,8435,1,2,1,3,2,4,7,1,3,1,3,3,1,1,4,1,3,3,3,2,4,3,3,4,2,4,3,4,4,4,4,3,3,3,3,4,4,1,2,4,4,4,4,4,3,3,4,4,4,3,4,4,4,3,3,3,3,3,4,3,2,3,3,2,3,2,3,3,3,2,2,4,3,4,1,2,2,2,2,1,2,3,2,1,1,2,1,2,3,3,3,4,4,3,3,4,3,3,3,3,4,4,4,2
723,97,7499,1,1,2,3,4,1,24,1,3,1,4,3,2,1,4,1,2,5,4,4,5,4,4,4,4,3,3,4,4,3,5,3,4,4,3,3,4,5,4,4,3,3,4,4,4,4,4,4,3,3,2,4,4,4,4,5,4,4,3,4,3,4,3,4,4,2,4,2,3,4,4,3,2,3,2,2,2,2,4,1,1,2,3,3,NA,1,1,2,3,2,3,2,1,1,2,1,2,1,1,3,4,4,4,2
724,97,513,1,1,2,2,3,1,10,1,4,4,5,4,4,1,5,4,1,5,2,4,4,3,4,2,4,3,3,1,3,4,2,2,3,3,4,2,2,1,4,4,2,2,5,5,2,3,5,5,4,2,5,4,4,4,2,4,3,2,1,2,1,1,2,1,1,1,1,1,5,5,5,1,2,3,1,1,1,1,3,3,1,3,1,3,2,3,3,3,3,3,3,4,3,2,3,2,3,2,2,2,3,4,4,2
728,97,680,1,2,1,1,1,1,17,1,1,1,1,2,2,1,5,1,4,2,4,3,4,2,2,2,4,4,2,1,4,4,4,2,4,3,4,3,2,1,2,4,4,4,3,3,3,4,4,2,2,3,3,2,4,1,4,1,4,4,4,4,1,2,1,1,2,1,2,2,2,2,1,4,2,4,1,2,1,2,2,2,2,2,2,3,1,3,3,2,1,3,3,4,3,3,2,3,4,2,1,4,4,4,4,2
729,97,17798,1,1,2,2,4,1,10,1,3,1,3,5,2,1,5,1,4,4,5,4,4,4,4,4,5,4,4,4,4,4,4,3,4,4,4,4,4,3,2,4,4,4,4,4,4,4,4,4,4,4,4,4,4,4,4,4,4,4,4,4,4,4,4,4,4,4,4,5,5,5,5,2,4,3,2,2,3,2,4,3,1,2,3,1,2,2,2,2,3,3,3,3,3,3,2,2,2,2,2,2,2,2,2,2
730,97,910,1,1,2,1,1,1,8,1,4,2,4,4,2,1,5,2,3,4,3,2,3,2,1,2,2,2,2,1,2,2,1,1,3,1,3,3,2,1,2,1,3,3,2,4,3,2,1,2,4,2,1,2,2,2,2,3,1,1,1,1,1,3,3,1,4,3,2,3,3,3,3,4,3,3,3,3,3,3,4,3,2,2,2,2,2,3,3,2,3,2,3,4,3,2,3,2,3,3,4,4,4,4,4,2
733,97,31612,1,NA,2,2,3,1,10,2,3,4,3,4,5,2,4,3,2,4,2,1,4,2,1,3,4,2,5,2,4,4,2,2,4,2,2,2,3,1,4,4,4,3,4,4,2,3,4,5,3,2,4,3,4,3,4,4,2,1,2,3,2,3,1,2,4,3,5,4,4,2,2,2,3,4,3,3,4,4,4,3,2,1,2,3,2,2,2,3,3,3,2,3,4,4,3,4,2,4,4,4,3,4,1,2
734,97,3862,1,1,3,3,4,1,10,2,4,3,4,4,3,4,5,3,2,5,2,1,1,1,1,1,1,2,3,4,2,3,3,1,4,4,3,2,4,1,2,3,3,3,3,3,2,4,4,4,4,4,2,3,4,2,2,4,3,1,2,1,2,4,NA,2,1,4,3,2,2,3,3,3,3,3,2,3,3,2,3,3,2,1,3,2,1,2,1,1,3,3,3,1,1,1,3,1,2,3,4,2,4,4,4,2
736,97,180,1,1,2,1,3,1,8,3,4,2,4,2,3,4,2,3,2,4,3,3,4,2,3,4,2,1,3,4,2,4,2,4,1,4,3,2,3,4,2,1,3,4,2,2,4,2,1,3,4,2,3,4,2,1,4,2,4,3,3,2,1,3,2,3,3,4,2,1,3,2,3,4,2,2,3,4,3,2,2,3,2,2,2,1,2,2,2,2,1,2,2,1,3,2,3,2,1,1,3,3,1,2,2,2
737,97,786,1,1,2,1,1,1,17,1,3,2,3,4,1,1,4,1,4,2,4,4,4,4,4,3,4,5,4,3,4,5,4,3,5,4,4,3,3,3,3,4,3,5,3,4,3,4,2,5,5,3,4,5,5,4,4,5,3,4,4,5,4,3,2,3,4,3,3,2,2,2,2,4,2,4,2,2,2,2,2,3,2,1,3,1,2,1,3,2,1,1,3,3,3,2,1,1,3,1,2,2,3,4,4,2
738,97,6250,1,1,2,2,2,1,8,1,1,1,1,1,1,1,1,1,5,2,5,2,5,4,1,3,3,4,4,4,3,4,4,1,4,1,2,3,1,1,2,2,2,4,3,4,2,4,3,3,5,3,4,5,4,2,5,5,3,4,3,5,1,3,1,1,4,1,5,1,1,1,1,5,1,5,1,1,1,1,1,1,1,2,3,3,2,1,1,1,1,3,3,3,1,1,1,2,3,1,3,4,4,4,4,2
739,97,598,1,1,5,1,1,1,16,1,4,2,4,3,2,1,5,1,3,5,4,2,3,1,1,1,1,3,3,4,3,4,4,1,3,2,2,4,2,1,1,4,2,4,2,3,2,1,5,4,5,4,3,3,4,2,4,3,1,3,3,3,1,2,3,1,3,1,2,1,2,1,2,5,1,5,1,2,1,1,2,2,2,1,1,3,2,2,2,3,3,3,3,1,2,3,1,3,3,1,2,3,2,4,4,2
740,97,533,1,1,2,3,3,1,10,1,3,1,4,2,2,1,3,1,3,3,3,4,4,4,4,4,5,4,3,4,4,3,3,4,2,4,3,4,3,1,3,4,3,3,4,4,3,4,3,4,3,3,3,3,4,3,4,4,4,4,4,4,1,1,1,3,3,1,3,2,2,2,2,2,2,2,2,2,2,2,2,3,2,2,2,2,2,3,3,2,1,3,3,3,3,3,3,1,2,3,3,2,4,3,2,2
741,97,1079,1,1,2,1,4,1,5,2,3,2,3,3,2,1,4,1,3,4,2,1,1,2,1,1,2,2,3,2,3,3,2,1,3,2,3,2,3,1,2,3,2,2,4,3,2,3,5,4,1,1,1,1,3,2,2,4,1,3,3,3,1,3,3,2,1,1,2,2,3,3,3,3,3,3,3,3,3,3,3,3,1,1,2,1,2,3,1,2,3,2,3,3,2,1,2,1,1,2,2,3,4,4,4,2
742,97,834,1,2,1,3,1,2,36,4,5,2,5,5,2,4,5,3,2,4,2,2,4,2,1,2,2,5,3,2,2,4,4,2,3,4,3,4,2,4,2,3,4,4,5,3,2,4,5,3,4,4,4,5,5,1,1,4,3,2,4,1,2,2,1,1,4,1,2,2,1,1,1,5,1,5,1,1,1,1,1,3,3,2,3,1,2,2,2,2,3,1,3,3,3,2,2,1,4,2,3,2,2,4,4,2
743,97,3306,1,1,3,1,4,1,10,1,2,1,2,4,1,1,2,2,4,2,4,4,4,3,3,3,4,4,3,3,4,5,4,2,4,4,4,2,4,3,3,5,3,4,5,4,4,4,5,5,5,4,3,4,4,4,3,4,4,4,5,4,3,2,2,3,4,3,4,2,3,2,3,3,2,4,1,2,2,3,3,3,2,1,2,3,2,3,2,2,3,2,3,3,2,3,1,2,3,1,3,4,3,4,4,2
744,97,822,1,1,2,1,1,1,10,1,3,1,2,5,2,1,5,3,3,3,3,3,4,4,2,4,2,4,5,5,4,5,5,5,5,5,5,5,5,5,5,5,5,5,5,5,5,5,5,5,5,5,5,5,5,5,5,5,5,5,5,5,5,5,5,5,5,5,5,5,5,4,4,4,4,4,4,4,4,4,4,1,1,1,3,3,2,1,3,2,1,3,1,3,3,3,2,1,2,1,2,2,3,3,3,2
745,97,623,1,1,2,3,4,2,20,1,5,1,3,4,1,1,5,3,5,4,5,5,4,3,4,5,5,5,3,4,2,4,5,4,4,3,5,4,5,4,5,5,4,3,4,3,2,5,4,5,2,5,4,5,5,4,4,4,3,5,5,4,5,4,5,5,5,4,4,5,5,4,4,4,4,3,3,3,2,2,5,1,2,1,3,1,2,3,3,2,1,2,2,1,2,1,1,1,4,2,1,2,2,4,4,2
746,97,5549,1,1,2,2,4,1,10,3,5,3,4,4,2,1,4,3,1,5,2,4,3,3,2,3,4,3,3,4,4,4,4,2,2,3,3,3,3,2,4,4,4,3,4,4,3,4,4,4,4,4,3,4,3,3,3,3,3,4,4,3,3,3,2,2,3,2,4,2,4,4,4,3,3,3,3,4,3,4,4,3,1,2,1,3,2,2,3,3,3,2,3,3,3,3,2,2,4,2,3,4,4,3,2,2
749,97,244,1,2,1,2,3,1,10,3,3,3,3,3,3,4,2,5,2,4,3,2,3,5,2,2,3,4,4,4,3,4,4,4,3,4,3,3,4,5,4,3,3,3,3,4,4,4,4,5,4,5,4,5,5,5,5,5,5,4,4,4,5,5,4,5,5,4,4,5,4,4,5,3,3,4,4,4,3,4,4,2,2,2,2,1,2,2,1,2,3,3,3,2,4,3,4,2,3,2,3,3,3,4,4,2
751,97,297,1,2,1,1,2,2,13,1,2,1,2,2,1,1,3,1,3,2,5,2,4,3,4,2,3,2,3,3,4,2,4,4,4,4,4,3,4,2,4,4,2,4,3,3,4,4,4,3,4,4,4,3,4,4,3,3,4,4,3,4,4,4,4,3,3,2,3,3,2,2,2,4,2,4,1,1,1,1,2,1,1,2,1,1,1,2,2,2,1,1,1,3,2,3,3,2,2,2,3,2,2,3,2,2
752,97,595,1,1,2,2,1,6,10,1,3,2,4,4,2,1,3,2,1,2,3,3,3,3,2,4,4,4,3,3,4,4,4,3,3,3,4,4,3,2,3,4,4,3,4,4,3,3,4,4,4,4,3,4,4,3,4,4,4,3,4,3,3,3,2,3,3,4,4,4,4,4,4,2,4,3,2,3,3,3,4,3,1,1,2,1,2,1,2,3,1,3,3,1,1,2,2,2,3,2,2,1,3,2,4,2
753,97,1385,1,1,2,3,4,1,24,1,2,1,2,4,3,1,4,1,4,5,5,5,4,4,4,4,3,4,4,4,3,4,4,4,3,4,4,4,4,3,3,4,3,3,3,3,4,4,5,4,4,3,3,4,3,4,4,4,4,4,4,4,2,3,4,2,3,3,3,4,4,4,4,2,4,2,2,3,2,4,4,2,2,1,1,3,2,1,1,3,3,3,3,2,2,2,2,3,2,2,2,2,3,4,4,2
754,97,437,1,1,2,2,4,1,2,2,3,1,3,2,2,1,5,1,2,5,2,5,5,5,5,5,3,5,5,5,5,5,5,3,5,5,5,5,5,3,1,4,4,4,4,4,4,4,5,5,5,5,5,5,5,5,5,5,5,5,5,5,1,1,1,1,4,1,4,2,2,2,2,5,1,5,1,1,1,1,1,3,1,1,1,3,2,1,1,2,3,2,1,2,2,3,2,2,3,2,2,2,2,3,4,2
756,97,565,1,1,2,1,4,4,4,1,3,1,4,4,3,1,5,3,4,3,4,2,3,4,2,4,4,5,4,3,4,4,4,3,4,3,4,4,4,2,4,4,2,4,3,4,3,4,4,4,4,4,5,4,4,4,4,4,4,4,4,4,2,3,3,2,4,4,3,3,3,2,2,3,4,3,2,2,2,2,4,1,1,1,1,2,1,1,3,2,1,3,3,3,3,3,2,1,2,2,3,3,4,4,4,2
758,97,650,1,2,1,3,4,1,5,3,4,4,5,5,5,4,5,5,1,5,1,2,3,1,2,2,4,2,4,4,3,4,3,1,3,1,2,1,2,1,3,4,2,2,5,5,4,3,4,5,3,4,3,4,4,4,1,4,4,3,5,4,3,2,3,2,4,1,2,4,5,5,5,3,2,1,1,1,3,1,1,3,2,1,1,3,2,3,3,2,2,1,3,3,3,2,3,2,3,2,4,3,4,2,4,2
761,97,797,1,2,1,1,4,1,10,2,4,1,4,3,2,1,5,2,3,2,1,2,2,1,2,1,1,4,4,4,4,5,4,4,3,4,4,1,3,1,1,4,1,5,5,5,3,5,5,5,5,1,4,5,5,2,1,4,2,1,2,1,3,2,1,1,1,1,1,3,3,2,2,3,2,3,1,2,2,2,2,2,2,2,2,1,3,1,3,2,3,3,2,3,2,2,2,3,3,3,3,4,4,4,4,2
762,97,615,1,2,1,2,1,1,31,1,4,1,5,3,2,1,4,1,4,5,5,4,3,1,2,1,2,3,1,2,2,4,2,3,3,2,4,2,3,4,1,3,3,2,4,1,2,1,3,4,2,2,4,3,4,1,2,3,2,4,2,3,3,1,2,1,3,1,2,3,2,4,4,2,3,4,1,3,2,4,4,2,2,2,2,3,3,2,2,2,1,2,3,3,3,2,3,3,3,3,3,2,2,3,4,2
763,97,439,1,2,1,1,2,1,13,2,2,1,2,3,1,1,5,1,4,2,2,4,4,4,3,5,4,5,5,4,4,5,5,4,5,5,4,5,4,3,3,4,5,5,5,4,5,5,5,5,5,4,4,4,5,5,5,5,4,5,5,5,4,4,4,5,5,5,4,5,2,4,4,3,2,5,1,2,1,2,1,1,3,2,1,1,2,2,3,3,3,3,1,2,3,2,3,2,1,3,4,2,2,3,3,2
764,97,239,1,2,1,1,1,6,10,2,3,NA,4,3,1,3,2,2,4,4,4,2,4,3,4,5,4,5,5,4,4,3,2,4,2,3,4,3,2,3,4,4,3,2,3,4,5,4,1,2,3,4,5,4,3,5,4,3,2,1,2,3,2,2,2,2,2,2,2,NA,4,4,4,4,4,4,4,4,4,4,4,1,1,1,2,2,2,3,2,2,2,2,1,1,2,3,NA,2,2,2,3,3,3,3,2,2
765,97,562,1,2,1,1,2,1,13,2,4,1,3,4,1,1,4,3,2,4,4,2,3,3,2,4,4,2,3,4,3,3,2,3,3,4,3,4,4,4,3,2,2,4,4,4,3,3,4,3,4,4,4,4,4,2,4,2,3,3,2,4,2,2,NA,2,3,3,2,3,3,3,3,3,3,3,3,3,3,3,3,1,2,1,3,1,2,2,2,2,3,3,2,3,3,3,2,3,3,3,3,3,4,4,4,2
766,97,459,1,1,2,2,1,1,13,2,2,1,2,5,2,1,5,3,4,4,3,4,4,3,2,4,1,4,5,5,5,4,5,1,4,2,2,4,4,1,3,4,4,4,5,5,4,4,5,4,3,1,2,5,5,2,5,5,3,4,5,5,1,1,1,1,1,1,1,4,4,4,5,2,4,3,1,1,3,4,4,1,2,1,2,1,2,3,3,2,2,3,2,4,3,3,1,1,3,2,3,3,4,4,4,2
767,97,3097,1,2,1,3,1,2,15,1,2,1,1,1,1,1,2,1,5,4,5,4,2,2,1,2,1,5,5,5,5,5,5,5,5,5,3,4,5,4,5,4,5,5,4,5,4,5,4,5,5,4,4,5,5,2,2,4,3,2,2,2,3,3,3,4,4,3,3,1,1,1,1,5,1,5,1,1,1,1,1,3,1,2,3,3,2,1,3,2,1,2,1,3,3,3,3,3,4,3,3,3,4,4,4,2
768,97,425,1,1,2,2,4,6,24,1,4,1,3,3,2,1,5,2,2,3,4,4,4,4,4,4,4,4,4,4,4,4,4,4,4,4,4,4,4,3,4,4,4,4,4,4,4,4,5,4,4,4,4,4,4,4,4,4,4,3,3,4,3,4,4,4,4,4,4,3,4,4,4,2,4,3,2,3,3,3,4,3,1,2,1,3,2,1,1,2,3,3,2,3,3,2,2,2,3,3,2,2,4,4,4,2
769,97,1276,1,2,1,1,4,2,5,5,5,5,5,3,5,5,5,3,1,1,1,1,5,3,1,3,5,5,1,3,3,1,1,1,3,1,1,1,5,1,1,1,1,1,1,3,2,3,1,1,1,1,1,5,1,1,1,1,1,1,5,1,1,1,1,1,1,1,5,1,1,1,1,2,1,5,1,1,1,1,1,3,2,3,2,1,1,1,1,2,1,3,1,4,4,4,1,1,NA,2,4,4,4,1,4,2
771,97,446,1,2,1,3,1,1,21,1,2,2,3,4,2,2,3,2,3,2,4,3,4,3,2,4,4,4,4,4,3,4,4,3,2,5,2,2,3,3,3,3,3,4,2,3,2,2,2,3,3,2,3,3,4,3,1,3,3,2,3,2,2,1,4,2,3,2,3,3,2,2,2,3,2,2,2,2,2,2,2,3,2,2,3,1,2,2,3,2,3,3,3,3,4,4,2,2,4,3,4,4,4,4,4,2
773,97,1185,1,1,2,1,4,1,18,2,4,2,3,2,3,2,4,2,3,4,4,2,4,4,1,1,3,4,2,4,2,4,4,2,4,3,3,3,4,2,2,2,2,2,1,4,2,1,4,4,4,3,3,4,3,2,3,4,1,1,2,4,2,2,2,1,3,3,4,2,4,5,4,1,4,3,3,3,3,3,4,3,1,2,3,1,2,3,3,2,1,3,1,2,3,2,1,1,3,2,1,3,2,4,4,2
775,97,168,1,2,1,1,4,1,2,1,2,2,2,2,1,1,5,4,1,1,2,2,3,3,3,1,2,2,1,1,2,3,2,2,2,3,1,1,1,1,2,2,2,3,3,2,3,2,3,2,3,1,3,1,3,2,2,2,2,2,2,2,2,2,2,2,2,2,3,1,1,4,3,3,3,3,2,4,4,3,2,2,1,3,2,3,2,2,1,1,3,1,2,2,2,2,3,2,3,2,3,3,2,2,3,2
776,97,174414,1,1,2,2,4,1,5,2,3,1,3,4,2,1,5,1,4,2,5,1,4,4,1,1,1,1,1,5,4,3,3,1,1,1,1,3,3,1,1,2,3,3,3,1,1,3,5,4,2,1,3,3,3,3,1,3,1,3,3,3,1,5,5,3,3,2,3,3,4,3,4,3,3,3,3,3,3,3,4,3,1,1,2,3,2,2,2,3,1,2,3,4,4,4,2,3,3,2,2,4,4,4,4,2
778,97,538,1,1,2,1,1,6,10,2,5,2,5,5,3,3,5,2,1,4,2,4,3,3,2,4,2,4,4,4,4,4,4,4,4,4,4,4,4,1,4,4,4,4,4,4,4,4,4,4,4,4,4,4,3,3,3,4,3,3,4,3,4,3,1,3,4,2,4,4,4,4,4,2,3,2,2,3,4,4,4,3,1,3,2,3,1,3,2,2,3,2,3,4,4,3,2,2,2,2,3,4,4,4,4,2
779,97,543,1,1,2,1,4,1,13,3,3,1,3,4,2,1,5,3,3,3,3,3,2,3,1,4,1,1,3,3,3,3,3,3,2,2,2,2,2,2,2,2,3,2,2,3,2,3,2,3,4,1,2,3,2,2,1,4,1,1,2,1,1,1,1,1,2,3,2,3,3,3,3,3,3,3,3,3,3,3,3,3,1,1,2,3,1,1,3,2,2,3,3,4,4,3,3,1,3,3,3,3,3,4,4,2
781,97,560,1,2,1,1,1,1,16,1,3,1,2,2,1,1,4,1,5,1,5,2,3,2,1,2,3,3,2,4,3,4,3,2,3,3,2,2,4,4,5,3,4,3,3,4,4,3,5,4,4,3,2,4,2,3,4,4,3,2,2,4,1,2,2,1,1,1,1,3,1,1,1,5,1,5,1,1,1,1,1,3,2,1,2,1,2,3,2,1,3,3,2,3,1,1,1,2,4,3,4,2,3,4,4,2
784,97,92563,1,1,2,1,4,1,5,3,5,3,5,5,4,4,5,3,1,5,3,2,2,1,1,1,1,2,1,1,2,2,2,1,2,2,2,2,2,2,2,3,2,3,2,3,2,2,2,2,2,2,2,2,2,2,2,2,2,2,2,1,1,2,2,2,2,2,2,3,3,3,3,3,3,3,3,3,3,3,3,3,3,2,2,3,2,3,3,2,1,3,3,3,4,3,3,2,2,2,2,3,3,2,3,2
786,97,250,1,2,1,1,2,1,8,3,2,4,NA,1,2,1,1,1,4,4,4,4,4,3,3,5,5,4,5,5,4,5,5,4,4,4,3,4,4,4,3,4,3,4,3,3,2,4,4,3,3,4,3,3,NA,5,5,4,5,2,5,5,5,4,4,5,4,3,5,3,3,3,3,5,3,3,3,3,3,3,3,1,1,2,1,1,1,2,1,2,1,1,1,3,3,3,3,4,2,2,3,3,3,4,2,2
789,97,580,1,1,2,1,1,1,1,1,4,2,4,5,3,3,5,3,2,4,4,4,3,3,2,2,2,2,2,2,3,3,3,2,2,2,2,3,2,1,2,3,3,3,4,2,2,2,4,3,2,2,5,3,3,4,2,3,3,2,2,2,4,3,2,3,3,4,4,2,5,4,4,1,4,3,3,4,4,4,4,3,1,1,1,3,1,1,1,2,1,3,3,4,3,3,2,2,3,2,2,3,3,4,3,2
790,97,413,1,1,2,1,1,1,4,2,3,2,3,2,1,2,2,1,4,3,3,2,2,NA,3,3,2,2,4,1,3,3,2,3,3,2,2,5,3,2,3,2,2,3,3,2,2,3,3,2,3,3,2,2,4,1,2,2,NA,1,4,3,2,2,3,3,2,2,1,1,5,4,4,4,3,2,3,3,3,2,1,2,1,1,3,3,1,2,1,1,1,1,2,3,3,3,3,3,3,3,3,3,3,3,3,2
792,97,69000,1,1,2,1,3,1,36,NA,3,3,3,2,4,2,5,3,2,5,3,3,4,1,1,1,1,3,4,3,3,5,4,1,4,1,3,3,4,3,3,4,2,3,3,4,NA,3,4,3,4,2,3,3,4,4,3,4,2,3,4,3,1,3,2,1,2,2,3,3,3,2,4,3,2,3,1,1,1,2,4,3,2,1,1,3,2,1,1,2,3,3,3,3,3,1,1,3,3,3,NA,1,1,3,4,2
793,97,887,1,1,2,2,3,1,36,2,3,1,1,1,1,1,5,1,4,1,5,1,2,3,1,3,1,3,4,5,3,4,4,1,1,2,3,4,3,3,3,3,3,2,4,3,1,2,5,4,3,4,5,4,4,1,1,2,1,1,3,1,1,2,2,1,3,1,1,1,4,4,4,2,4,3,1,2,3,4,5,3,1,2,3,2,2,3,2,1,3,3,3,3,3,3,1,1,1,1,4,2,4,4,4,2
794,97,376,1,2,1,1,2,6,7,3,5,5,5,5,5,5,5,5,3,1,1,2,2,2,2,2,2,2,2,2,2,2,2,2,2,2,3,2,2,2,2,2,4,2,3,3,2,4,1,3,2,3,2,3,2,1,3,2,4,2,3,2,2,3,1,3,2,3,2,1,5,5,5,2,4,4,5,4,4,4,5,1,1,2,3,3,3,1,1,1,1,3,2,1,3,2,2,2,2,2,2,2,2,2,2,2
797,97,934,1,1,2,1,4,1,4,1,4,3,5,5,3,3,4,4,1,5,3,3,3,4,2,1,2,2,2,4,3,5,4,1,3,1,3,3,3,5,3,3,3,3,5,4,4,4,3,4,4,4,4,4,5,3,3,4,3,4,4,5,1,2,2,1,2,1,3,2,2,2,2,3,3,4,1,1,1,2,2,3,1,3,2,3,3,3,2,2,1,3,3,3,3,3,2,3,4,2,2,1,4,3,4,2
798,97,339,1,1,2,2,4,1,5,1,3,1,4,3,1,1,5,2,4,3,4,1,1,1,1,1,1,3,2,1,1,1,1,1,4,4,4,3,3,3,3,3,1,1,3,3,3,3,4,4,2,1,1,1,1,2,2,3,3,2,2,3,1,1,2,1,3,3,2,3,2,3,2,4,NA,2,2,2,2,2,2,3,2,1,1,2,1,3,3,2,3,3,2,3,3,3,3,2,2,3,3,3,4,4,4,2
799,97,227,1,2,1,1,4,1,3,1,1,1,1,1,1,1,1,1,1,1,1,1,1,1,1,1,1,1,1,1,1,1,1,1,1,1,1,1,1,1,1,1,1,1,1,1,1,1,1,1,1,1,1,1,1,1,1,1,1,1,1,1,1,1,1,1,1,1,1,1,1,1,1,1,1,1,1,1,1,1,1,1,1,1,1,1,1,1,1,1,1,1,1,1,1,1,1,1,1,1,1,1,1,1,1,2
804,97,86365,1,1,2,3,2,1,13,2,5,1,5,4,2,4,3,2,1,5,2,1,3,2,4,2,3,1,2,4,3,4,2,4,1,2,3,2,3,2,2,1,2,3,3,4,2,3,1,2,2,3,2,2,2,2,2,1,2,2,3,3,1,2,3,3,2,3,3,1,2,3,2,3,3,2,2,3,3,2,2,1,1,2,2,1,2,1,1,1,3,2,2,1,2,2,2,3,3,2,2,2,2,2,3,2
805,97,498,1,1,2,2,3,1,10,2,4,1,3,3,1,1,4,2,2,4,2,4,4,4,4,4,4,4,4,4,4,4,4,3,4,4,4,4,4,4,4,4,4,4,4,4,4,4,4,4,4,4,4,4,4,4,4,4,4,4,4,4,4,4,4,4,4,4,4,4,4,3,3,3,3,2,3,3,3,3,3,3,1,2,2,2,2,1,3,2,1,3,2,2,4,2,3,3,3,3,3,3,4,4,4,2
806,97,741,1,1,5,1,1,1,15,1,3,2,4,3,3,1,2,1,2,3,4,1,4,3,1,1,2,4,4,4,3,4,4,2,4,4,4,4,4,2,1,3,4,4,3,3,3,3,5,5,4,4,4,4,4,2,4,4,2,4,2,3,4,3,2,1,4,1,2,1,2,2,1,4,2,2,1,2,2,2,2,3,2,1,3,2,2,3,3,3,2,3,3,4,3,3,1,1,3,3,3,3,3,4,4,2
808,97,505,1,1,2,1,1,1,16,1,3,2,3,3,1,2,5,2,2,5,3,3,3,3,2,2,1,4,2,3,3,5,4,2,3,3,4,4,3,2,3,4,3,4,2,3,3,3,3,4,3,3,3,3,3,3,3,3,3,3,3,3,2,3,3,3,3,3,3,3,4,4,3,2,4,3,2,2,3,3,4,3,2,1,3,3,2,1,3,2,2,3,3,4,3,4,1,1,3,1,4,4,4,4,4,2
809,97,150293,1,1,2,1,2,1,13,1,2,1,1,2,1,1,3,1,4,2,4,2,3,3,2,4,2,4,3,4,4,5,4,3,3,4,3,3,4,1,4,3,4,3,3,4,3,3,5,4,3,4,4,3,5,3,3,4,3,3,3,3,3,3,1,3,3,2,3,3,3,2,2,3,2,4,1,2,2,1,3,1,1,1,3,3,2,3,3,2,1,2,2,4,3,2,3,2,3,2,3,3,4,4,4,2
810,97,231,1,1,2,2,1,2,16,1,5,3,5,5,3,1,5,5,3,1,2,2,2,2,2,2,2,3,3,3,3,3,3,3,4,4,4,4,4,4,4,4,4,4,4,4,4,4,5,4,4,4,4,4,4,3,3,3,3,3,3,3,2,2,2,2,2,2,2,2,2,2,2,2,2,2,2,2,2,2,2,2,2,2,1,2,3,2,1,3,2,3,2,1,1,2,NA,2,2,2,NA,2,2,2,2,2
812,97,510,1,1,2,3,4,1,24,1,2,4,3,5,5,1,5,1,3,4,4,4,2,2,4,3,2,3,1,2,3,3,4,2,4,4,2,3,5,5,3,3,3,3,3,4,3,2,4,5,3,2,1,3,3,3,4,4,3,1,1,2,2,2,4,1,1,3,3,NA,4,4,2,2,3,4,2,4,2,4,4,2,1,1,2,3,3,2,2,2,1,3,3,1,1,1,4,3,3,3,2,2,3,4,4,2
813,97,993,1,1,2,2,2,1,13,1,5,1,3,4,1,2,5,1,1,5,5,2,1,2,2,2,2,3,2,3,1,2,2,1,2,1,1,2,3,1,3,4,NA,2,3,4,4,3,5,4,4,3,2,3,3,3,2,3,3,3,3,3,3,4,4,1,2,1,2,3,4,4,4,2,4,4,5,4,4,3,4,3,1,3,3,3,1,3,3,2,3,3,3,2,2,2,2,2,3,2,2,2,2,3,4,2
814,97,42962,1,1,2,1,2,1,13,NA,3,1,4,4,2,2,5,3,2,4,3,2,3,2,2,2,3,4,4,4,2,3,3,2,4,5,4,4,4,2,2,4,3,3,5,4,4,4,4,5,3,3,3,3,4,2,2,4,2,3,3,3,2,4,3,2,3,4,3,4,4,4,2,4,3,3,3,4,4,3,4,2,2,3,3,2,2,3,2,2,1,2,3,4,2,4,1,1,3,1,4,4,4,4,4,2
815,97,822,1,1,2,2,4,1,5,1,5,1,5,5,1,2,5,4,2,4,3,4,3,2,1,1,4,3,4,5,5,5,5,2,5,5,5,2,5,4,4,5,5,5,5,5,2,5,5,5,5,5,5,5,5,5,5,5,3,2,5,5,2,2,1,1,3,1,4,NA,4,4,4,1,1,3,1,3,3,3,3,1,1,2,2,1,2,3,3,2,1,2,3,1,2,1,3,1,2,1,1,1,4,4,4,2
817,97,580,1,1,2,2,1,1,37,1,4,2,4,4,2,1,5,1,4,4,2,2,5,4,1,1,3,2,4,3,3,4,4,4,3,4,3,5,4,3,1,5,4,2,3,3,4,3,3,5,2,3,4,3,3,3,3,4,4,5,4,4,1,3,3,1,2,5,5,4,4,4,4,2,4,4,1,1,2,3,5,3,2,1,2,3,2,2,1,1,1,3,3,3,3,3,2,2,3,2,2,2,3,4,4,2
818,97,2368,1,1,2,1,3,1,10,1,5,2,5,1,3,1,4,1,4,3,4,1,4,3,1,1,1,3,3,1,1,3,3,1,3,2,4,4,4,2,1,5,4,3,5,4,2,5,5,3,4,3,3,5,3,5,1,2,1,1,1,1,3,4,1,1,4,5,5,2,5,5,4,2,4,2,4,4,4,4,4,3,2,1,3,3,2,1,3,2,1,2,3,4,1,1,1,1,1,1,4,4,4,4,4,2
819,97,237,1,1,2,1,1,1,7,3,4,1,5,5,2,1,5,3,2,4,3,2,3,2,2,3,2,4,4,2,1,4,2,4,4,3,2,3,3,3,2,4,3,2,3,4,3,2,3,4,2,4,2,4,2,3,2,4,3,2,4,3,2,3,2,4,3,4,2,3,4,4,3,2,4,3,2,3,2,3,4,3,2,2,1,1,2,1,2,2,3,3,3,3,2,4,3,2,3,3,3,3,3,3,3,2
820,97,721,1,1,2,1,1,6,10,1,1,1,1,2,1,2,2,1,5,1,5,3,4,4,3,5,1,5,5,5,5,5,5,5,3,5,5,3,5,3,4,4,3,4,5,5,4,5,5,5,5,5,5,5,5,5,4,5,5,5,5,5,5,5,4,5,5,5,5,1,2,3,2,4,2,4,1,2,1,2,2,1,2,2,3,3,2,3,3,2,1,3,3,2,2,2,1,1,3,2,3,2,2,4,4,2
821,97,399,1,1,2,1,4,6,4,2,5,3,5,4,5,2,5,2,2,5,4,2,3,3,3,3,3,3,3,3,4,4,2,2,3,3,3,3,3,3,3,3,3,3,3,3,3,3,3,3,3,3,3,3,3,3,3,3,3,3,3,3,3,3,3,3,3,3,3,3,3,3,3,3,3,3,3,3,3,3,3,3,2,3,1,3,1,2,1,2,3,2,3,2,2,2,2,2,2,2,2,2,4,4,4,2
822,97,384,1,1,2,1,4,1,4,4,5,1,5,5,2,2,5,3,2,4,4,5,5,5,5,5,5,4,3,4,5,5,4,2,4,3,4,4,4,5,4,5,4,5,5,4,3,4,5,5,5,5,5,5,4,5,4,5,4,3,5,5,4,5,4,3,5,2,5,4,3,3,2,4,3,4,1,3,4,3,4,3,2,1,2,3,2,3,1,2,2,3,3,3,4,3,1,1,3,1,3,2,4,4,4,2
823,97,335,1,1,2,1,1,4,16,1,3,1,3,1,1,1,3,1,5,1,5,1,1,1,1,1,1,3,4,4,4,4,4,4,5,5,5,5,5,5,5,5,5,5,5,5,5,5,3,4,4,4,4,5,5,4,4,5,4,4,4,4,2,5,1,5,5,5,5,1,1,1,1,1,1,5,1,1,1,1,1,1,2,2,1,1,2,3,3,2,3,3,1,1,1,1,1,1,1,1,1,1,1,1,1,2
826,97,1816,1,2,1,1,4,1,5,1,3,1,2,2,3,2,4,1,5,2,4,3,3,3,3,2,2,5,4,4,3,5,4,2,5,2,3,3,5,1,2,4,5,3,4,4,3,3,5,5,3,2,3,3,4,2,3,5,2,3,3,3,4,3,3,2,3,1,3,3,4,4,4,3,2,4,2,3,2,3,4,3,2,1,1,1,2,2,2,2,2,3,3,3,3,2,1,2,3,3,1,3,4,4,4,2
827,97,832,1,2,1,1,1,1,17,1,4,3,5,2,1,2,4,1,2,5,1,3,2,2,1,1,3,3,3,4,2,5,3,2,2,3,4,2,2,2,2,4,4,2,2,2,2,2,4,3,5,2,2,4,2,2,2,3,2,3,2,2,3,3,4,1,1,2,3,2,2,2,2,4,2,4,2,2,2,2,2,3,2,1,3,1,2,1,2,3,1,1,3,2,3,3,2,1,3,1,4,3,4,4,4,2
828,97,189,1,2,1,2,2,1,13,3,3,3,3,3,3,3,3,NA,3,3,3,3,3,3,3,3,3,3,3,3,3,3,3,3,3,3,3,3,3,3,3,3,3,3,3,3,3,3,3,3,3,3,3,3,3,3,3,3,3,3,3,3,3,3,3,3,3,3,3,3,3,3,3,3,3,3,3,3,3,3,3,2,2,2,2,2,2,2,2,2,2,2,2,3,3,3,3,3,3,3,3,3,3,3,3,2
829,97,670,1,2,1,3,2,1,36,1,3,1,2,1,2,2,4,2,4,2,4,2,4,2,2,3,3,4,4,5,5,3,4,2,4,3,3,4,5,2,3,4,4,4,5,4,3,4,4,3,3,3,4,3,3,3,1,4,2,1,2,1,2,2,3,4,4,2,3,3,4,4,2,3,3,4,1,2,1,1,2,3,2,2,3,3,1,2,3,1,3,3,3,3,2,2,1,2,3,2,3,3,2,4,4,2
830,97,94366,1,1,2,2,1,1,18,1,3,1,3,2,1,1,4,1,3,2,4,4,4,4,2,4,4,4,4,4,4,4,4,2,4,3,4,4,4,4,2,4,4,4,3,3,4,4,4,4,4,4,4,4,4,4,4,4,4,3,2,5,1,4,1,4,4,4,4,3,2,2,4,3,3,3,2,2,2,3,4,3,2,2,1,3,2,1,1,2,1,3,2,3,2,3,1,1,2,1,3,3,3,4,4,2
831,97,183831,1,1,2,5,1,1,24,5,5,5,5,5,5,5,5,5,1,5,1,3,3,3,3,3,3,3,3,3,3,3,3,3,3,3,3,3,3,3,3,3,3,3,3,3,3,3,3,3,3,3,3,3,3,3,3,3,3,3,3,3,3,3,3,3,3,3,3,3,3,3,3,3,3,3,3,3,3,3,3,1,1,1,1,2,1,2,2,1,1,2,1,3,3,3,3,3,3,3,3,3,3,3,3,2
832,97,889,1,1,2,1,4,1,3,1,2,1,2,4,1,2,4,2,1,3,1,2,4,3,3,4,2,5,5,5,5,5,5,5,5,5,5,5,5,5,5,5,5,5,5,5,5,5,4,5,5,5,5,5,5,3,5,4,4,5,5,4,1,4,3,3,4,1,2,3,5,5,5,1,5,1,2,5,5,5,5,3,1,3,3,3,2,3,1,3,1,3,3,1,1,1,1,1,1,1,1,1,4,4,4,2
835,97,793,1,2,1,2,2,1,8,2,4,1,3,4,2,1,5,2,4,4,5,3,5,4,2,5,4,5,4,4,5,5,5,3,5,4,4,3,4,2,4,4,5,4,5,5,4,4,4,4,5,5,5,5,5,3,5,5,5,5,5,5,4,4,3,2,3,2,3,2,3,4,4,2,4,2,1,3,3,3,3,3,2,3,1,1,2,3,3,3,1,3,3,2,3,1,1,3,2,1,3,3,3,4,4,2
836,97,769,1,1,2,3,4,1,24,5,3,1,3,4,1,1,5,1,4,3,4,3,4,2,3,3,4,4,4,4,4,4,5,4,5,5,5,4,4,4,4,4,3,3,4,4,4,4,5,3,4,4,3,3,4,4,3,3,3,3,3,4,3,3,3,4,3,2,4,3,4,4,3,2,4,2,3,4,3,4,4,3,2,3,2,3,2,1,2,2,1,3,3,3,2,2,2,2,2,2,2,3,3,4,4,2
837,97,534,1,1,2,1,1,1,7,2,5,5,5,4,2,2,3,3,1,5,1,4,3,3,1,3,2,4,3,3,3,4,3,4,3,3,4,3,3,3,3,3,3,3,4,4,3,3,2,3,3,3,3,3,4,3,4,4,4,4,4,4,4,3,4,3,3,2,4,3,4,4,4,2,4,3,2,2,3,3,4,2,2,1,1,3,2,1,2,2,3,3,3,3,2,4,1,1,3,3,2,4,4,4,4,2
839,97,549,1,2,1,1,2,1,13,1,2,1,2,2,3,1,3,2,4,2,4,3,4,5,3,4,5,3,4,4,4,5,5,4,5,3,4,4,4,4,5,4,4,NA,5,5,4,4,4,5,4,4,3,5,4,4,5,4,4,4,5,5,4,4,4,3,3,2,4,2,2,2,2,4,2,5,1,1,1,1,1,1,2,2,3,1,2,3,2,2,3,2,3,3,3,2,1,2,3,2,2,4,4,4,4,2
840,97,793,1,1,2,3,4,6,4,3,5,1,5,5,5,1,5,5,4,1,5,1,5,5,1,1,1,5,5,5,5,5,5,5,3,5,5,5,5,1,5,5,5,5,5,5,1,5,5,5,5,5,5,5,5,5,5,5,5,5,5,5,3,2,1,1,3,2,5,5,1,1,1,5,1,5,1,1,1,1,1,1,1,3,2,3,2,2,1,2,1,2,1,1,1,1,1,1,1,1,1,2,4,4,4,2
842,97,149421,1,1,2,3,1,1,14,2,5,3,5,5,2,1,5,3,4,3,4,1,2,2,1,1,1,4,4,4,2,4,4,1,4,2,4,4,5,1,1,4,4,3,5,5,2,4,5,4,3,2,2,3,3,3,1,3,1,1,1,1,1,4,5,1,2,2,2,5,5,5,5,2,5,5,2,2,2,3,4,3,2,1,2,1,2,1,2,2,1,2,3,3,3,3,1,1,1,1,1,3,4,4,4,2
843,97,2978,1,1,2,1,4,1,1,1,3,1,3,3,2,1,5,3,2,5,3,2,2,3,2,2,2,4,4,3,4,5,3,2,5,3,4,3,4,2,2,4,3,4,NA,2,5,5,4,5,5,5,5,5,5,5,5,5,5,5,5,5,2,4,5,5,5,2,5,3,5,4,4,3,3,3,3,3,3,3,3,2,2,1,3,3,2,2,3,2,1,3,1,2,1,1,1,2,3,1,3,1,1,2,4,2
844,97,486,1,1,2,2,1,1,8,3,4,2,5,3,4,2,5,2,1,5,2,2,3,2,1,3,2,2,3,3,3,4,2,1,2,2,2,3,2,1,3,3,2,3,3,4,4,2,3,2,3,2,2,2,4,2,3,3,2,2,3,2,2,3,2,3,2,2,4,3,4,4,4,2,4,3,1,2,3,3,4,2,3,1,1,3,2,1,1,2,3,1,3,3,2,4,2,2,3,3,3,2,3,4,4,2
845,97,128816,1,1,2,1,2,1,13,1,3,3,4,4,4,2,5,1,3,4,4,4,3,2,2,2,2,4,2,3,2,3,2,3,4,3,2,1,1,5,3,2,3,4,2,3,2,2,2,4,1,1,3,2,4,2,1,5,2,2,3,2,1,1,1,1,3,2,3,3,3,3,3,3,3,3,3,3,3,3,3,3,2,1,2,3,2,1,3,2,3,3,3,4,4,4,1,1,4,2,4,4,4,4,4,2
846,97,578,1,1,2,2,1,1,21,1,3,2,5,5,5,2,5,1,2,4,2,3,2,2,1,1,1,3,1,1,1,2,3,1,3,5,5,3,5,1,1,1,1,3,1,3,1,1,4,4,1,1,1,1,1,1,1,3,1,3,3,3,1,1,1,1,1,1,3,5,5,5,5,1,5,2,2,5,5,4,5,3,2,3,3,1,2,1,3,2,3,2,3,3,3,3,1,1,3,1,1,2,2,4,4,2
848,97,274,1,1,2,2,2,2,1,3,5,1,5,5,4,3,4,2,2,1,3,2,4,2,4,3,3,1,1,4,3,2,4,3,1,2,4,2,4,4,4,1,2,4,3,3,1,3,1,3,3,1,4,2,4,1,4,2,4,2,4,2,3,3,2,3,5,1,1,4,2,2,2,3,2,1,3,3,3,2,2,2,1,3,1,3,1,2,3,1,1,2,3,1,3,1,1,1,1,3,4,2,3,2,4,2
849,97,587,1,1,2,2,2,1,13,1,5,5,5,3,4,4,5,2,1,5,3,2,3,2,1,3,4,4,2,3,2,3,2,2,2,2,2,2,3,4,3,3,3,2,4,3,2,2,3,3,2,4,3,2,2,3,1,2,3,1,2,2,1,2,1,4,4,2,4,3,2,1,1,3,2,5,1,1,1,1,1,3,1,1,3,1,1,2,3,2,3,3,3,4,4,3,2,1,2,2,2,2,3,1,4,2
851,97,674,1,2,1,1,1,1,10,3,2,2,3,4,2,3,3,1,4,2,4,2,4,3,2,4,3,4,4,3,4,4,3,2,3,4,4,4,4,3,2,4,3,3,4,4,3,4,5,3,4,2,3,4,3,3,2,3,2,2,3,2,4,3,2,2,2,2,3,2,3,3,4,2,2,4,1,1,1,1,3,3,2,1,2,2,2,1,2,2,2,1,3,3,1,2,3,2,4,3,4,4,4,4,4,2
852,97,737,1,2,1,1,1,6,15,1,2,2,4,3,2,1,5,1,4,2,4,1,3,2,1,1,1,2,3,3,2,3,2,1,3,1,3,3,2,3,1,4,3,3,1,2,3,2,4,4,3,2,1,3,3,5,2,3,2,1,3,2,2,3,3,1,2,1,1,2,2,2,1,4,1,4,2,2,2,2,2,3,1,1,2,2,2,1,2,2,3,3,3,3,3,2,2,2,3,3,4,4,4,3,2,2
853,97,179339,1,2,1,2,4,1,10,2,4,2,4,3,1,1,3,1,3,4,4,4,4,4,3,3,4,4,5,5,3,4,3,5,3,4,2,4,4,5,5,5,3,4,4,4,4,4,4,5,5,4,5,4,3,3,4,4,4,5,5,5,3,5,2,4,4,3,4,5,4,4,3,3,3,4,4,3,3,3,4,3,2,1,1,1,1,1,2,3,1,3,3,3,3,3,3,1,3,2,3,1,1,4,4,2
854,97,78609,1,1,2,2,1,1,21,2,3,1,3,4,4,1,4,3,4,2,4,3,4,2,2,2,3,3,4,4,4,4,3,2,5,5,2,4,4,3,2,4,3,4,2,4,4,5,5,5,5,4,4,5,5,3,4,5,5,2,3,4,1,1,4,1,1,1,4,3,4,4,4,4,4,3,3,3,2,2,4,2,1,2,3,1,2,3,2,2,1,2,1,1,1,1,1,1,1,1,1,1,1,4,1,2
856,97,680,1,2,1,3,2,1,5,3,4,1,3,3,2,2,5,2,2,5,2,2,3,2,4,3,3,3,4,4,3,4,3,2,4,3,3,4,5,5,4,3,4,4,5,5,5,3,4,4,3,4,5,5,5,5,3,4,4,4,3,3,2,3,3,3,3,3,3,4,4,3,3,3,3,3,3,3,3,3,3,3,2,2,3,2,2,1,2,2,1,3,3,3,2,1,2,3,3,3,3,3,3,4,4,2
857,97,3507,1,1,2,1,3,1,5,2,4,1,5,4,1,2,5,3,2,5,2,1,1,5,1,3,1,1,3,3,4,4,4,1,5,5,5,5,5,1,5,5,5,5,5,5,5,5,5,5,5,5,5,5,5,5,5,5,5,5,5,5,5,5,5,5,5,5,5,2,2,2,2,4,2,2,2,2,2,2,2,1,2,2,2,3,2,3,1,2,3,3,3,3,3,2,1,1,3,2,3,2,4,4,4,2
858,97,889,1,2,1,1,2,1,7,3,5,2,5,5,3,3,4,2,2,5,3,1,3,2,2,2,1,3,2,2,2,2,2,2,3,1,1,3,2,2,2,4,4,4,2,3,2,2,4,2,2,3,3,3,3,3,3,3,3,3,2,2,1,2,1,3,3,4,4,3,5,4,4,2,4,3,3,3,3,3,3,3,2,1,2,1,2,1,3,2,3,3,2,2,2,2,2,2,2,2,2,2,2,2,2,2
859,97,817,1,2,1,1,1,1,17,1,3,1,2,1,3,1,3,1,4,2,5,2,2,1,1,3,3,4,2,4,3,4,3,1,3,1,2,3,4,1,3,3,3,5,3,3,3,3,3,5,3,3,2,3,1,1,5,4,3,4,4,5,3,2,2,1,2,1,2,3,2,1,1,4,2,2,1,1,1,2,3,1,3,2,3,2,1,2,3,2,3,3,1,2,3,2,1,2,3,2,3,3,2,4,4,2
862,97,598,1,1,2,1,4,1,4,2,5,4,5,5,5,3,5,5,1,5,2,2,5,3,2,2,4,4,4,3,3,4,4,3,3,3,3,4,4,1,1,4,4,4,2,2,2,3,3,4,5,4,4,3,3,2,3,4,2,4,2,4,2,3,5,4,2,4,2,4,4,4,4,2,4,4,3,3,3,3,4,3,1,1,1,1,2,1,1,2,2,3,2,4,3,3,3,1,4,3,4,2,3,4,4,2
863,97,579,1,1,2,1,1,1,8,1,2,1,2,2,1,1,3,1,4,2,5,3,2,2,1,4,3,4,2,4,3,5,4,4,5,5,4,4,4,1,3,4,3,4,5,5,4,4,4,4,5,3,3,4,5,4,4,5,4,4,2,5,3,4,3,1,3,2,2,3,3,4,4,3,3,4,1,3,2,2,3,3,2,2,1,3,1,1,1,2,1,3,3,3,4,3,1,1,1,1,2,3,2,4,2,2
864,97,728,1,1,2,2,2,1,7,2,3,1,3,3,1,1,5,2,2,4,4,3,3,3,1,2,4,5,5,5,4,5,4,3,5,4,3,5,4,3,5,4,5,5,5,5,5,5,5,5,5,5,5,4,4,5,5,5,4,5,5,3,2,4,2,1,2,1,3,4,3,4,4,3,4,3,2,2,2,2,2,1,2,2,2,3,3,3,3,2,1,3,3,3,3,3,3,3,3,3,3,3,4,4,4,2
865,97,784,1,2,1,5,1,6,17,1,5,5,5,5,5,3,5,3,4,3,5,1,1,1,1,1,1,1,1,1,1,4,3,2,2,2,1,2,2,3,3,4,4,4,2,3,3,2,2,1,1,1,1,1,1,3,5,3,2,2,1,5,1,4,1,1,1,1,3,5,5,5,3,4,3,4,3,3,4,3,3,3,2,2,3,3,3,2,2,2,3,1,2,3,3,3,1,1,2,2,4,4,4,4,4,2
867,97,229,1,2,1,3,2,1,13,1,4,4,5,4,4,4,4,4,2,2,2,2,2,2,2,2,2,2,2,2,2,2,2,2,2,2,2,2,2,2,2,2,2,2,2,2,2,2,2,2,2,2,2,2,2,2,2,2,2,2,2,2,2,2,2,2,2,2,2,2,2,2,2,2,2,2,2,2,2,2,2,1,1,1,1,2,1,1,1,2,2,1,1,1,1,1,1,1,1,1,1,1,1,1,1,2
869,97,414,1,2,1,2,2,1,8,1,3,1,4,3,1,1,4,3,3,4,4,2,4,5,1,4,3,4,4,4,4,3,3,1,4,2,4,3,5,2,3,3,4,4,4,4,3,5,5,5,5,5,4,5,5,5,4,4,4,5,3,4,1,3,3,4,4,3,3,4,5,3,3,3,3,3,3,3,3,3,4,3,2,2,1,1,1,1,3,2,3,2,1,3,3,3,3,4,3,2,3,2,3,2,2,2
871,97,730,1,1,2,4,4,2,10,1,3,1,3,4,2,2,5,3,1,5,3,2,5,5,NA,4,3,4,5,5,4,5,4,2,4,2,1,2,3,3,1,4,3,5,5,5,2,5,5,5,5,2,3,3,5,1,1,5,1,1,5,1,4,4,2,2,3,2,2,3,4,4,5,4,2,4,1,2,1,1,2,3,2,3,1,3,2,2,2,3,3,2,3,3,3,2,1,2,4,2,3,3,4,4,4,2
872,97,901,1,1,2,1,4,4,12,1,3,3,NA,3,1,1,3,3,4,5,5,4,4,4,2,2,4,3,3,3,3,4,4,2,4,3,4,2,4,5,2,3,4,3,3,4,4,2,2,3,3,5,5,5,5,3,5,4,3,4,5,5,2,3,2,2,5,2,5,4,2,2,3,4,2,4,1,1,1,1,2,1,1,3,3,3,1,1,3,2,1,3,2,3,3,3,2,1,3,3,3,2,3,4,4,2
873,97,483,1,1,2,1,1,2,10,2,3,1,3,4,3,3,2,3,3,4,3,2,4,4,5,4,1,3,4,4,3,2,4,2,3,4,4,5,5,1,3,3,4,4,3,4,3,3,3,3,2,3,3,4,4,3,4,4,3,2,3,2,4,3,3,4,3,3,4,3,4,4,4,2,3,3,2,3,3,3,4,1,1,2,3,2,2,3,1,2,2,3,2,3,3,3,2,2,2,2,3,3,4,2,4,2
875,97,1749,1,2,5,5,1,1,43,1,3,1,3,4,2,1,5,1,3,4,5,4,3,3,3,2,4,4,2,3,3,4,4,3,5,2,4,3,4,4,3,4,3,4,3,4,3,5,3,4,4,4,3,3,4,4,4,4,3,4,3,4,4,3,3,3,4,1,3,3,2,3,3,4,2,4,2,2,2,2,2,3,2,2,3,3,2,1,2,2,3,1,3,1,2,1,2,2,3,2,3,1,2,4,4,2
876,97,590,1,1,2,3,4,6,24,1,4,2,5,3,4,2,5,3,4,3,2,4,3,3,4,2,3,3,5,3,3,2,5,5,3,4,3,4,2,5,4,3,4,4,5,4,3,2,4,4,2,4,4,5,4,4,4,3,4,3,5,4,2,3,3,4,4,4,3,4,4,4,4,2,4,2,3,3,3,3,4,3,2,2,2,1,2,2,3,2,3,3,1,1,1,1,1,1,1,2,4,3,3,4,4,2
877,97,495,1,2,1,1,2,1,13,1,1,1,3,2,1,1,2,1,5,3,4,5,5,5,5,5,5,5,5,5,5,5,5,5,5,5,5,5,5,5,5,5,5,5,5,5,5,5,5,5,5,5,5,5,5,5,5,5,5,5,5,5,5,3,NA,5,5,5,5,3,3,4,3,3,3,4,1,1,1,1,3,1,1,2,3,3,2,3,3,2,2,3,3,2,3,2,1,1,3,2,1,3,4,4,4,2
879,97,252,1,2,1,2,2,1,13,3,4,3,5,4,4,4,3,3,4,2,4,3,3,3,3,3,3,2,2,4,4,3,2,3,2,1,4,2,3,3,2,3,2,3,2,3,2,3,4,4,4,4,4,4,3,4,2,4,3,3,3,3,1,4,3,3,3,2,4,2,2,5,3,5,3,4,2,3,2,4,2,2,3,2,1,2,2,1,2,2,3,1,1,2,3,3,3,2,3,2,4,4,2,3,3,2
880,97,724,1,1,2,1,2,1,13,2,4,1,3,5,3,2,5,4,4,3,5,5,2,3,4,1,5,5,3,3,2,4,4,3,3,5,2,4,3,2,3,4,2,5,5,4,5,5,5,5,5,5,3,5,4,4,2,3,3,4,2,2,3,3,1,4,5,3,3,4,5,5,5,1,4,2,4,5,4,5,5,2,2,1,1,3,2,3,NA,2,1,3,3,1,1,1,1,1,3,2,3,4,4,4,4,2
881,97,104375,1,1,2,1,2,1,1,3,5,5,5,5,4,3,5,5,1,5,4,4,3,3,3,3,2,4,2,3,3,4,4,4,4,4,4,4,4,4,4,4,4,4,4,4,4,5,5,5,5,5,5,5,5,5,5,5,5,5,5,5,5,5,5,5,5,5,5,3,5,5,5,2,3,3,1,1,3,3,3,3,1,2,2,1,1,2,3,2,3,2,1,3,3,3,3,3,3,3,3,3,3,3,3,2
883,97,1543,1,1,2,2,3,1,10,1,2,1,3,1,1,1,1,1,2,4,3,1,4,4,1,4,3,5,5,3,5,4,4,3,4,4,4,4,4,4,4,4,4,3,4,4,3,4,5,5,5,4,4,4,4,4,1,4,3,1,3,4,1,1,1,3,4,4,5,3,2,2,2,3,2,2,2,2,2,2,2,3,2,1,1,2,2,1,3,2,1,3,1,3,3,3,3,2,3,2,2,4,4,4,4,2
885,97,1331,1,1,2,1,3,1,10,1,3,1,3,1,1,2,4,1,4,4,4,1,4,4,1,1,2,5,5,4,4,4,4,2,4,4,4,4,3,1,1,4,2,1,4,4,1,4,5,5,1,1,1,1,3,2,1,4,2,4,5,1,2,1,1,1,2,1,4,3,4,3,3,3,3,3,3,3,3,NA,3,3,2,1,3,3,2,3,3,2,2,3,3,2,1,1,1,1,3,2,3,3,4,4,4,2
887,97,282,1,1,2,3,4,1,24,5,5,5,5,5,2,2,5,2,4,4,2,2,2,3,3,2,4,3,3,3,3,4,4,3,4,3,4,4,2,4,4,1,2,1,1,1,4,4,4,4,3,4,3,3,4,4,4,4,4,3,4,4,3,1,1,3,3,3,3,3,3,3,3,3,3,3,3,3,3,3,5,3,2,2,2,3,3,2,2,1,3,2,3,3,3,3,3,3,2,3,3,3,3,3,3,2
889,97,522,1,1,2,1,1,1,10,3,3,3,4,3,1,1,5,3,2,3,2,3,4,4,4,4,4,4,3,4,5,5,4,4,4,4,4,4,3,2,3,5,4,4,5,4,4,4,5,4,4,5,5,5,4,3,2,4,4,4,4,4,3,2,2,3,2,2,4,3,3,4,4,3,4,4,3,3,3,3,3,3,2,1,3,3,2,1,3,3,3,3,3,4,4,3,3,2,2,2,4,4,4,4,4,2
890,97,293,1,1,2,1,3,1,10,1,4,4,4,3,4,2,4,2,2,4,2,4,4,4,4,4,4,4,4,4,4,4,4,4,4,4,4,4,4,4,4,4,4,4,4,4,4,4,4,4,4,4,4,4,4,4,4,4,4,4,4,4,1,3,3,4,4,4,4,5,5,5,5,5,5,5,1,1,1,1,1,3,1,2,1,3,2,1,2,3,2,2,1,3,3,3,3,3,3,3,3,3,3,3,4,2
892,97,552,1,1,2,1,1,1,10,3,4,1,4,3,1,1,3,3,1,5,4,2,5,4,1,1,5,2,1,2,2,2,2,1,4,3,3,2,1,3,2,3,1,1,4,4,3,2,5,5,5,5,3,5,5,2,2,4,2,3,2,3,2,3,3,2,3,3,3,5,4,4,4,2,4,1,2,4,4,4,4,2,2,1,2,3,1,1,2,2,3,2,1,3,2,3,1,3,1,1,1,1,1,4,4,2
893,97,1061,1,2,1,1,1,1,16,1,3,1,3,4,1,1,4,1,4,3,3,2,2,1,2,1,2,3,1,4,3,5,4,1,3,2,4,3,1,1,1,5,4,4,1,1,1,1,5,4,5,2,1,5,4,1,2,5,4,1,4,1,1,1,3,1,3,2,2,2,3,3,3,2,2,2,2,2,1,1,3,3,1,2,3,1,2,3,1,2,1,1,3,4,3,4,1,2,3,2,4,4,4,4,4,2
894,97,175,1,2,1,3,1,1,10,2,2,2,2,2,2,2,2,2,2,2,1,3,3,3,3,3,3,3,3,3,3,3,3,3,3,3,3,3,3,3,3,3,3,3,3,3,3,3,3,3,3,3,3,3,3,3,3,3,3,3,3,3,3,3,3,3,3,3,3,2,2,2,2,2,2,3,3,3,3,3,3,1,2,2,2,3,2,2,2,2,2,2,2,3,3,3,3,3,3,3,3,3,3,3,3,2
896,97,968,1,1,2,1,4,1,5,1,5,2,4,3,3,3,5,2,3,5,4,2,5,4,1,4,3,4,5,5,3,5,5,3,5,4,4,3,5,5,5,5,5,3,4,4,4,5,5,4,4,3,4,4,5,3,5,5,5,4,4,3,2,4,4,3,4,4,5,4,3,5,4,3,3,4,1,2,2,2,4,2,2,1,3,1,2,3,1,2,3,3,3,3,1,1,1,3,3,3,3,2,3,4,4,2
897,97,371,1,1,2,1,1,2,12,4,4,3,5,3,3,3,5,2,2,2,2,3,3,2,1,1,2,3,2,3,2,3,3,2,3,3,2,2,3,2,3,3,3,2,2,3,3,2,1,2,2,3,2,2,3,1,3,2,3,2,3,3,1,2,2,3,3,2,2,3,2,3,3,3,3,3,2,3,3,3,4,2,3,2,3,3,1,2,2,2,2,2,3,3,3,2,3,4,3,4,2,4,3,3,3,2
898,97,468,1,2,1,2,1,1,17,1,2,1,3,3,1,1,3,1,4,3,4,4,4,4,4,4,4,5,5,4,4,4,4,4,4,5,4,4,3,3,3,4,3,4,4,3,3,4,3,4,3,5,4,3,4,5,4,4,5,4,4,4,3,4,5,2,3,2,3,4,2,3,2,4,2,4,2,2,2,2,2,3,2,3,1,3,1,3,1,1,3,2,3,3,2,2,2,1,3,1,2,3,4,4,4,2
899,97,577,1,1,2,3,4,1,24,1,3,1,3,4,2,1,4,3,2,4,3,5,5,5,5,5,5,5,5,5,5,5,5,5,5,5,5,5,4,5,5,5,4,5,5,5,4,5,5,5,5,5,5,5,5,5,3,5,5,5,4,4,4,4,3,4,4,4,5,3,2,4,3,3,3,3,1,3,3,3,3,3,1,1,1,3,2,3,3,2,3,3,3,3,1,1,1,2,2,2,1,4,4,4,4,2
902,97,1073,1,2,1,3,1,1,17,2,2,1,3,2,1,1,3,2,3,4,4,3,3,4,1,3,2,5,3,4,3,5,4,1,4,2,3,3,4,1,2,4,3,3,5,4,3,4,4,3,4,3,2,3,4,3,4,3,4,5,4,4,3,4,3,1,3,2,3,1,2,1,1,5,1,4,1,1,1,1,1,1,2,1,3,2,2,2,2,2,3,1,2,3,3,3,2,2,4,3,4,3,3,1,4,2
903,97,457,1,1,2,2,3,2,8,2,4,2,4,4,2,2,5,2,3,5,3,3,3,3,3,3,3,5,3,3,3,4,1,2,2,1,3,3,4,3,1,3,3,3,3,3,3,3,3,3,3,3,3,3,3,3,3,3,3,3,3,3,3,3,3,3,3,3,3,3,4,4,4,3,3,2,3,3,3,3,5,3,2,2,3,1,NA,1,1,1,3,3,2,2,2,2,2,2,2,2,2,3,2,4,4,2
904,97,433,1,2,1,1,4,1,6,2,3,1,3,3,3,2,5,2,4,3,4,2,4,3,1,1,2,3,3,4,4,4,3,3,4,5,3,4,2,1,2,4,3,3,2,3,2,3,2,4,4,3,4,3,3,4,4,3,2,3,4,3,2,2,2,1,4,1,2,4,4,4,4,2,3,2,1,4,3,2,4,2,2,2,1,3,2,1,1,3,3,2,3,2,2,2,2,1,3,2,2,2,4,4,4,2
905,97,2100,1,2,1,3,1,1,10,1,3,2,4,2,1,1,3,1,2,5,3,5,5,4,5,5,5,5,5,5,5,5,5,5,5,5,5,5,5,5,5,4,5,4,5,5,3,5,5,5,5,5,5,5,5,5,5,5,5,5,5,5,5,5,5,5,5,5,5,3,5,4,4,1,3,3,3,3,3,3,3,3,1,1,2,2,2,1,3,1,2,1,1,2,1,2,2,2,2,2,1,2,1,1,1,2
906,97,877,1,1,2,1,1,2,11,1,2,2,3,2,3,1,5,2,2,4,4,1,2,2,1,2,1,2,3,3,4,4,3,2,3,2,3,2,4,2,3,4,3,4,4,4,3,3,4,3,4,3,4,3,4,4,3,4,3,4,4,3,3,4,4,3,4,3,4,3,5,4,3,3,3,3,3,3,3,3,5,1,1,NA,3,2,2,3,1,3,3,2,2,1,2,2,1,3,2,2,1,2,2,2,3,2
908,97,765,1,1,2,2,2,1,8,1,3,1,3,2,2,4,4,2,4,3,4,5,5,5,2,2,3,4,3,3,2,5,3,1,3,3,4,4,5,2,2,4,3,4,5,3,2,3,4,4,5,2,2,4,5,2,4,5,2,4,5,3,2,4,2,1,3,1,3,3,4,4,4,2,4,5,1,1,1,1,2,3,2,2,1,1,2,3,3,2,1,1,1,2,3,1,2,1,2,1,3,2,2,4,4,2
910,97,828,1,1,2,3,4,1,24,1,3,2,3,4,1,2,3,1,4,2,5,5,5,5,5,5,5,4,4,4,5,5,3,5,4,5,5,5,5,3,3,5,5,5,5,5,3,5,5,5,3,5,3,3,5,5,2,5,5,2,5,2,4,4,5,3,3,2,5,3,5,3,3,3,3,3,3,3,3,3,3,2,2,2,2,3,2,3,3,2,1,1,3,2,2,1,1,3,3,2,1,4,4,4,4,2
912,97,266,1,2,1,1,1,1,27,4,5,1,5,5,1,2,5,3,3,4,2,3,3,3,3,3,3,3,3,3,3,3,3,3,3,3,3,3,3,3,3,3,3,3,3,3,3,3,3,3,3,3,3,3,3,3,3,3,3,3,3,3,3,3,2,3,2,2,2,3,3,2,3,2,2,3,2,2,2,3,2,1,3,1,2,2,1,1,2,2,3,2,2,2,3,3,2,3,2,3,2,2,3,3,2,2
913,97,45536,1,1,2,1,1,1,8,1,3,2,2,2,4,4,5,3,4,5,2,2,3,4,1,2,1,5,4,4,4,3,4,3,4,4,4,5,4,1,1,5,4,5,5,4,4,4,5,5,5,5,5,5,5,4,5,5,5,4,4,3,5,5,5,5,5,1,4,5,4,5,5,1,5,1,1,5,5,5,5,3,2,2,1,3,2,1,3,2,3,2,3,3,3,1,2,1,2,1,2,2,3,1,4,2
914,97,427,1,2,1,1,2,1,7,1,4,1,4,4,2,1,5,3,5,2,4,5,4,4,1,4,1,5,3,4,2,5,5,5,4,3,4,2,3,3,2,5,1,4,5,5,3,4,5,4,4,3,4,3,5,4,1,5,5,5,5,5,2,5,1,3,4,4,4,5,1,1,1,5,1,5,1,1,1,1,1,3,3,2,1,3,2,2,2,2,3,2,2,3,4,1,1,1,1,1,3,4,4,4,4,2
915,97,600,1,1,2,1,1,1,14,1,4,4,5,3,4,3,5,2,2,4,4,4,3,3,1,1,2,2,3,4,3,5,3,3,3,2,4,4,3,1,1,5,4,4,5,5,5,5,5,3,1,4,3,5,5,2,1,4,3,3,4,2,5,3,2,4,4,1,3,4,3,4,3,3,3,3,3,3,3,3,3,2,2,1,1,1,2,1,2,2,3,3,3,3,3,2,1,1,3,1,3,2,4,4,4,2
916,97,178,1,2,1,1,2,1,7,1,1,1,1,1,1,1,1,1,5,1,5,4,3,2,3,4,2,3,4,4,4,4,4,4,4,4,4,4,4,3,4,4,4,4,4,4,4,4,4,3,4,3,4,4,3,4,5,5,3,4,5,3,3,3,5,5,4,2,4,3,3,2,4,3,1,4,3,4,1,5,3,2,2,3,1,3,1,3,2,2,3,1,2,2,3,1,4,3,NA,4,3,1,2,2,2,2
917,97,235,1,2,1,2,2,1,10,1,1,1,1,1,1,1,1,1,3,3,3,5,5,5,5,5,5,5,5,4,5,5,5,5,5,5,5,5,5,5,5,5,5,5,5,5,5,5,5,5,5,5,5,5,5,5,5,5,5,5,5,5,5,5,5,5,5,5,5,4,4,4,4,4,4,4,3,3,3,3,3,1,1,1,3,1,1,1,1,1,2,1,1,3,3,2,3,1,3,3,2,1,2,2,3,2
918,97,754,1,1,2,1,4,1,5,1,4,2,4,3,3,1,4,2,3,3,4,2,3,2,1,1,1,2,2,2,2,1,2,3,2,2,1,1,1,2,1,4,2,2,3,2,2,1,3,3,4,3,2,3,2,2,2,2,1,1,4,2,4,3,1,2,2,2,2,3,3,3,3,4,3,4,2,2,2,2,3,3,1,2,2,3,2,3,2,2,3,3,3,3,2,3,2,2,2,2,3,4,3,4,4,2
919,97,532,1,1,2,3,1,1,29,1,3,2,4,3,2,1,5,3,3,4,4,3,4,3,4,3,4,3,2,3,3,4,4,3,3,2,3,2,4,2,4,2,3,3,2,4,3,2,4,3,3,2,1,2,3,4,5,3,3,3,4,3,2,3,1,2,2,2,3,3,4,4,3,2,4,3,2,4,3,3,4,3,1,2,3,3,1,3,3,2,1,3,1,3,3,3,2,2,4,2,2,4,4,4,4,2
923,97,530,1,2,1,4,1,1,30,2,4,3,4,4,2,1,5,2,4,2,4,3,3,2,3,2,3,4,4,4,3,5,3,1,4,4,3,3,4,3,1,5,4,4,4,5,2,3,4,4,4,4,3,4,4,3,3,4,2,3,3,3,2,4,5,1,2,3,3,4,4,4,4,2,4,2,2,3,4,4,4,3,1,2,2,3,2,2,3,2,3,3,3,3,2,2,1,1,3,2,2,2,3,4,4,2
925,97,533,1,1,2,5,1,1,13,3,5,2,4,3,2,1,5,4,2,5,3,2,3,3,1,1,1,4,3,2,4,4,4,1,3,4,3,2,4,1,1,3,3,2,3,2,3,3,2,3,3,1,2,4,5,1,1,2,1,1,1,1,1,2,2,1,1,1,1,4,4,4,4,2,4,5,1,2,3,3,3,3,2,1,3,3,2,1,2,2,1,3,3,1,1,1,1,1,3,1,3,1,3,4,4,2
926,97,678,1,2,1,1,2,1,5,1,1,1,2,2,1,1,3,1,4,3,3,5,4,3,1,3,2,5,5,5,5,4,5,3,5,2,4,3,3,2,3,5,5,5,4,4,5,5,5,5,5,5,5,5,5,4,5,5,5,5,5,5,4,4,4,4,4,2,3,3,3,3,3,4,2,4,2,2,2,2,2,2,2,1,2,3,1,1,3,2,3,3,2,3,3,3,2,2,3,2,4,4,4,4,4,2
927,97,463,1,1,2,1,4,1,6,3,5,1,4,5,4,4,5,2,1,5,4,1,1,1,1,1,1,2,1,1,1,1,1,1,2,2,1,2,2,1,2,1,1,1,1,1,1,1,1,1,3,2,2,1,1,2,3,2,2,2,1,3,1,2,2,2,2,1,1,4,4,4,4,2,4,2,3,4,4,4,4,3,1,1,2,1,2,3,1,2,3,3,1,1,1,1,1,1,2,1,1,1,3,4,4,2
928,97,374,1,1,2,3,1,1,10,3,5,5,5,5,2,5,5,4,1,5,4,5,5,5,3,4,3,4,4,4,4,4,4,4,4,4,4,4,4,4,4,3,3,3,3,3,3,3,3,3,3,3,3,3,3,3,3,3,3,3,3,3,4,4,4,4,4,4,4,4,3,2,2,3,3,4,3,3,3,3,3,2,2,3,2,3,2,3,1,2,1,3,3,3,3,3,3,3,3,3,3,3,3,3,3,2
931,97,711,1,2,1,3,4,1,6,2,3,2,2,1,1,2,2,2,3,4,4,4,4,3,3,4,3,4,4,4,4,4,4,4,4,4,3,2,4,4,4,3,3,3,4,3,3,4,4,3,4,4,4,3,3,3,4,4,4,4,3,3,2,3,3,3,3,4,4,3,3,3,3,3,3,3,3,3,3,3,3,3,1,2,1,2,2,1,1,2,1,1,3,3,3,3,3,4,3,3,3,3,3,3,3,2
933,97,1876,1,2,1,3,2,1,13,2,1,1,2,3,2,3,2,1,4,2,4,2,2,1,2,1,3,3,2,2,2,3,3,1,3,2,4,3,2,1,2,2,2,2,2,2,2,2,2,4,3,3,4,3,5,3,4,4,3,4,4,3,2,2,3,1,1,1,2,1,1,1,1,1,1,1,1,1,1,1,1,1,2,3,3,3,1,3,3,2,1,2,3,4,4,4,2,3,4,3,3,4,4,4,4,2
935,97,983,1,1,2,3,1,4,36,1,3,1,3,3,1,1,4,1,4,3,4,3,4,4,2,4,3,4,5,4,4,4,4,3,5,5,4,3,4,5,3,4,3,5,5,4,4,5,5,4,4,5,5,5,5,3,2,4,2,2,3,2,2,4,2,3,2,4,5,3,3,2,2,3,3,4,1,1,3,1,3,3,1,2,2,2,2,1,1,3,1,1,3,2,3,1,1,2,3,3,1,3,3,4,4,2
937,97,50277,1,2,1,1,2,2,9,3,3,3,3,3,3,3,3,3,3,3,3,3,3,3,3,3,3,3,3,3,2,4,4,3,2,4,2,3,2,4,3,4,2,4,3,2,3,3,3,3,2,4,3,3,3,4,NA,2,3,4,4,3,3,2,3,4,4,3,3,3,3,3,3,3,3,3,3,3,3,3,3,1,1,2,2,1,3,1,2,1,2,2,1,3,2,4,3,NA,2,4,3,3,3,4,3,2
939,97,48174,1,1,2,2,2,1,8,1,2,1,2,2,4,3,5,4,3,3,2,4,4,4,2,3,2,5,5,5,5,5,5,5,5,5,4,3,4,1,4,4,4,5,5,5,5,5,4,4,4,5,5,5,5,3,3,3,3,4,4,3,2,3,3,3,3,3,3,3,4,5,4,2,3,3,2,2,3,3,3,3,2,2,3,3,2,3,3,3,2,3,2,2,2,2,2,2,3,3,3,2,4,4,4,2
941,97,845,1,2,1,1,1,1,15,1,1,1,1,1,1,1,2,1,4,3,4,4,3,4,2,2,5,5,5,5,5,5,5,3,5,5,5,5,5,5,5,5,5,5,5,5,5,5,5,5,5,5,5,5,5,5,5,5,5,5,5,5,5,5,5,5,5,5,5,1,1,1,1,1,1,5,1,1,1,1,1,1,3,2,3,3,1,1,3,2,3,1,3,2,2,2,2,2,2,2,2,2,2,2,2,2
942,97,427,1,2,1,1,1,1,13,1,3,1,2,3,1,2,3,1,4,2,5,3,4,2,2,2,3,5,4,4,4,4,5,3,3,4,2,3,3,4,2,3,2,4,2,3,4,3,3,2,4,4,2,3,2,3,2,2,3,2,3,2,3,3,2,4,3,3,4,1,3,3,3,3,3,3,3,3,3,3,3,1,3,3,3,1,2,3,2,3,3,1,3,3,3,3,3,3,3,3,3,3,2,1,1,2
944,97,429,1,1,2,2,4,1,6,1,3,2,4,3,2,1,4,3,1,5,3,4,4,4,3,4,4,4,4,4,3,4,4,4,4,4,4,4,4,4,4,4,3,2,3,3,4,5,4,5,4,3,4,4,4,4,4,4,4,4,4,4,3,3,3,4,3,4,5,3,3,2,2,4,2,4,2,2,2,2,3,3,1,3,2,1,2,3,1,2,1,1,2,3,3,3,2,3,3,2,1,2,3,4,4,2
945,97,379,1,1,2,2,2,1,5,1,4,1,4,2,1,1,5,1,2,4,3,3,4,4,3,4,4,4,4,2,3,4,4,3,3,2,2,2,2,3,2,4,3,4,3,4,3,3,2,4,4,2,3,3,2,4,2,4,3,3,4,3,4,3,3,4,4,3,4,3,4,3,4,3,4,4,1,1,1,1,4,2,2,2,3,3,2,2,3,2,1,3,3,3,2,3,2,2,3,2,3,3,4,4,4,2
947,97,2471,1,2,1,1,2,1,7,2,3,4,4,3,5,3,5,4,1,5,2,1,2,1,1,2,2,2,2,3,1,2,2,1,3,1,2,2,1,2,2,2,2,2,4,2,1,2,4,3,4,4,4,3,4,3,4,3,3,4,3,3,1,2,NA,3,3,1,3,3,4,2,2,2,3,3,2,3,3,4,3,2,1,1,2,2,2,3,2,2,1,2,2,3,3,2,3,2,3,3,2,3,2,3,4,2
949,97,450,1,1,2,4,1,1,28,2,4,3,3,4,1,2,5,1,3,4,3,3,4,3,2,2,3,4,4,3,3,4,4,2,2,3,3,3,3,3,3,3,3,3,3,3,3,3,3,3,3,3,3,4,4,2,1,4,3,4,4,4,1,3,3,3,3,3,1,3,3,3,4,3,3,3,3,3,3,3,4,3,2,2,2,3,3,3,3,2,1,3,2,4,3,3,3,2,4,2,2,3,4,4,4,2
950,97,6022,1,1,2,1,1,1,12,1,1,1,2,2,2,1,4,2,4,3,3,3,3,3,3,4,3,4,3,4,2,3,3,2,2,3,3,3,3,2,3,3,3,2,3,3,4,2,3,2,3,4,3,2,3,4,3,3,3,4,2,3,4,3,3,2,3,3,3,2,2,1,2,4,1,4,1,1,2,2,2,1,1,1,3,3,2,3,1,2,3,1,2,3,2,2,3,3,3,3,3,3,4,4,4,2
951,97,400,1,1,2,5,1,1,9,3,5,5,5,5,5,5,5,5,1,5,1,1,2,1,2,1,1,1,2,1,1,1,1,1,3,2,1,2,3,1,2,2,3,3,1,3,2,2,3,3,2,2,3,2,1,3,2,2,2,3,1,1,1,1,4,2,1,1,1,4,4,4,4,2,2,2,3,4,4,4,4,1,3,2,3,1,2,1,3,1,3,3,3,4,4,4,2,3,2,3,4,3,2,4,4,2
952,97,427,1,1,2,2,4,1,24,4,5,3,5,5,5,3,5,1,2,3,3,4,4,3,5,3,5,2,3,3,5,5,5,2,3,3,3,3,4,2,4,4,3,2,2,5,5,5,4,4,4,3,3,5,3,5,1,4,5,3,5,1,1,3,2,3,3,5,5,3,2,2,2,3,2,2,3,2,2,3,2,2,1,2,3,2,2,1,3,2,3,3,3,1,2,1,1,3,3,4,2,3,4,1,4,2
953,97,467,1,2,1,2,1,1,21,1,3,1,3,3,2,4,5,1,1,2,5,3,5,5,2,5,5,5,4,5,5,5,5,5,5,2,3,5,3,2,5,3,3,4,3,4,3,3,4,4,4,4,4,4,4,4,4,4,4,4,4,4,4,4,4,4,4,4,4,1,1,1,1,1,1,1,1,1,1,1,1,1,3,2,3,2,2,2,1,2,3,2,3,3,3,3,3,2,4,4,4,2,2,4,4,2
955,97,672,1,2,1,2,2,6,13,2,5,5,4,5,5,2,5,3,1,5,2,2,1,2,1,1,1,2,2,2,1,1,1,1,3,1,1,3,4,1,1,4,4,3,2,4,1,1,5,2,5,2,1,5,2,1,4,5,1,2,2,5,1,3,3,1,1,1,1,2,3,3,1,4,1,4,1,1,1,1,1,2,3,1,3,2,2,1,1,2,3,2,3,3,3,3,2,3,1,1,3,4,4,4,4,2
956,97,420,1,1,2,2,1,1,10,1,2,1,4,2,1,2,5,1,5,5,5,5,5,5,2,5,5,5,5,5,5,4,4,2,5,5,5,5,5,2,2,4,4,4,4,4,4,4,4,4,4,4,4,4,4,4,4,4,4,4,4,4,4,4,4,4,4,4,4,5,3,3,3,3,3,3,3,3,3,3,3,1,2,2,1,1,2,1,1,2,1,3,3,3,3,3,3,2,2,2,3,3,4,4,4,2
957,97,234,1,2,1,1,4,2,8,4,4,2,2,2,4,4,4,3,2,2,4,3,4,1,4,1,3,3,1,4,2,2,4,2,3,1,3,3,3,4,3,1,3,2,3,3,3,2,3,4,1,3,3,2,3,4,3,1,3,3,3,4,3,1,3,3,2,2,2,1,3,3,1,3,3,3,1,NA,1,3,3,1,3,1,2,1,1,2,1,1,1,2,3,2,3,1,2,2,3,3,3,3,2,2,3,2
959,97,488,1,1,2,2,1,1,8,1,2,1,3,1,1,1,4,1,4,3,4,3,3,3,3,4,3,4,3,3,3,3,3,3,4,4,4,4,4,3,4,3,5,4,5,5,5,4,4,4,4,4,4,4,4,4,3,4,3,3,NA,3,1,3,2,1,1,1,2,3,3,4,4,3,4,2,3,3,3,3,4,1,2,2,2,3,2,1,3,3,3,3,2,3,3,3,3,3,2,3,3,2,3,3,3,2
960,97,229,1,1,2,1,2,1,8,1,1,1,1,1,1,1,1,1,4,4,4,4,4,4,4,4,4,4,4,4,4,4,4,4,4,4,4,4,4,4,4,4,4,4,4,4,4,4,4,4,4,4,4,4,4,4,4,4,4,4,4,4,4,4,4,4,4,4,4,4,4,4,4,4,4,4,4,4,4,4,4,1,1,1,1,1,1,1,1,2,1,1,1,3,3,3,3,3,3,3,3,3,3,3,3,2
961,97,732,1,2,1,1,1,1,12,2,3,1,2,2,4,2,4,1,4,4,4,4,4,4,3,3,4,5,4,4,4,4,4,3,4,3,2,4,4,3,5,4,4,4,4,4,4,4,5,4,5,3,4,4,4,3,3,4,3,3,3,3,4,3,4,NA,5,3,4,2,2,2,2,4,2,4,2,2,2,2,2,1,2,1,3,1,3,3,2,3,3,1,3,3,2,3,2,4,4,4,2,3,4,4,4,2
