"","ID","sex","race","class","major","math.level","modality","Anxiety.mea.avg","Anxiety.mea.pca1","Anxiety.mea.wt.pca","Anxiety.mea.cfa","Anxiety.mla.avg","Anxiety.mla.pca1","Anxiety.mla.wt.pca","Anxiety.mla.cfa","SelfEfficacy.avg","SelfEfficacy.pca1","SelfEfficacy.wt.pca","SelfEfficacy.cfa","Technology.avg","Technology.pca1","Technology.wt.pca","Technology.cfa","Cooporative.avg","Cooporative.pca1","Cooporative.wt.pca","Cooporative.cfa","Deductive.avg","Deductive.pca1","Deductive.wt.pca","Deductive.cfa","Demonstration.avg","Demonstration.pca1","Demonstration.wt.pca","Demonstration.cfa","Inductive.avg","Inductive.pca1","Inductive.wt.pca","Inductive.cfa","Integrative.avg","Integrative.pca1","Integrative.wt.pca","Integrative.cfa","LectureType.avg","LectureType.pca1","LectureType.wt.pca","LectureType.cfa","Repetitive.avg","Repetitive.pca1","Repetitive.wt.pca","Repetitive.cfa","Engage.avg","Engage.pca1","Engage.wt.pca","Engage.cfa","Resource.avg","Resource.pca1","Resource.wt.pca","Resource.cfa","Teacher.ctrd.pca1","Teacher.ctrd.wt.pca","Teacher.ctrd.cfa","Student.ctrd.pca1","Student.ctrd.wt.pca","Student.ctrd.cfa"
"1",1,"female","Asian","yr3","Health","stats","Visual",4.75,2.1497497657431,1.59576518678731,1.12466368201378,2.6,1.31118965639683,0.744734177343674,0.333504845690519,3,-1.8355790549641,-1.05743408161181,-0.597180839626671,2.4,-2.26723806870205,-1.66157039441724,-0.629743689774853,4,1.99692612959536,1.36121076587953,0.917064664804872,3.28571428571429,0.109271140210434,0.168745382957314,0.0528340384953553,4,0.859641763002678,0.67988827038348,0.239771508832906,4,1.3234063977211,0.746135563227936,0.44770092403371,4,2.48748436213281,1.05744571938299,0.938778409507174,3.71428571428571,0.656648343363037,0.470107829745238,0.237104281533126,4.14285714285714,1.81351010321856,1.18295116801366,0.6390901942999,2,-0.828915728028531,-0.587694347450185,-0.346338725843645,1,-1.67156413915867,-0.843882077011064,-0.352923347074065,0.756169674689687,0.645307199889681,0.217799300378474,1.74242424762539,1.34555202291216,0.739483531393544
"2",2,"female","white","yr2","Health","stats","Auditory",3.25,-0.375282596683744,-0.172029802984544,-0.398788098866506,3.8,3.72416694861079,2.26632675935779,0.91037183495997,2.66666666666667,-0.485744642948413,0.087580475889533,0.555089193625425,3.1,-0.582359698660799,-0.24863531081542,-0.4156824219915,4.33333333333333,2.68473848733836,1.79363918109437,1.23040061573802,4.57142857142857,2.91307184770428,1.83503382560401,1.07108405510026,4.85714285714286,2.97547838180899,1.68303399582295,0.979540115133492,4.42857142857143,2.35364580861221,1.33228596740762,0.740683411143043,4.85714285714286,4.22362148655171,2.11204791384346,1.44690893394807,4.14285714285714,1.89474144685399,0.985976297386267,0.82038246495591,4.71428571428571,3.10761049933691,1.78329769747612,1.1521617405273,3.33333333333333,1.8199684895653,1.5591843738112,0.741078814157338,2.25,1.01006713856759,0.216314048468092,0.164523879072639,2.67996638476077,2.08033987689503,0.948769326237632,2.60725709051146,1.98259185588478,1.10657534734013
"3",3,"female","white","yr2","STEM","other","Visual",3.75,0.444629602946209,0.408523836647575,-0.0455912155046277,1.2,-1.5819585307646,-0.870336402023775,-0.389446695623462,4.33333333333333,1.19812415031921,0.366606014723312,1.3824096819889,3.6,1.12408463595456,0.752799090766725,0.366866531992268,3.33333333333333,0.80381262570025,0.472718257075121,0.36234974318391,4.14285714285714,2.17723135762651,1.20931091614738,0.892633949128685,4.28571428571429,1.59812464207393,1.08252088007049,0.527498790271505,4.57142857142857,2.75364666023861,1.65986353882003,0.968980612772223,3.71428571428571,1.97073811972878,0.819298445574797,0.866530009898095,4.28571428571429,2.1209079056463,1.33042707338015,0.865338215346514,4.42857142857143,2.45597902525528,1.44069111677112,0.996390033076181,2,-0.828915728028531,-0.587694347450185,-0.346338725843645,2,0.432738653841988,0.076533157921001,0.0611798367494736,2.14943548879223,1.71236751152963,0.76831475025446,1.75661506312181,1.17365198365085,0.745751597892531
"4",4,"female","other","yr1","Other","math02","Visual",2.75,-1.10981670041507,-0.858006868508405,-0.430775758394179,1,-1.95766826697144,-1.12363438544422,-0.497556424846265,2.66666666666667,-0.485744642948413,0.087580475889533,0.555089193625425,2.8,-1.17452480739863,-0.672754916953786,-0.342855659167219,1.66666666666667,-2.45116044082161,-1.57342392809837,-1.11653433108127,2.57142857142857,-1.44800875403754,-1.12352576973268,-0.471139846538028,2.42857142857143,-2.80406307379049,-1.56461467068889,-0.919193271563757,2.71428571428571,-1.80133195959648,-1.41307158090605,-0.602393251503214,1.57142857142857,-2.93876565113084,-1.46705639570412,-1.08756763157684,3.14285714285714,-0.42520080199924,-0.396257825294582,-0.0657546971215431,2.14285714285714,-2.5951986501042,-1.52813272040684,-1.0173639647465,3,1.16457844923197,0.906136076640967,0.484725501406459,1.5,-0.621148175827482,-0.512726667522369,-0.191568062242842,-1.67329731129639,-1.3019032418825,-0.524266758122236,-2.11322604497399,-1.61868229840736,-0.896853545678245
"5",5,"female","other","yr1","STEM","math04","Kinesthetic",3,-0.794796907684611,-0.355500934894121,-0.588814973639841,1,-1.95766826697144,-1.12363438544422,-0.497556424846265,4,1.6174927976648,1.03834674058624,3.09543696000112,3.4,0.554564507687123,0.254427200579913,0.208798803375246,2,-1.86317561876991,-0.993397666825081,-0.872196763639657,3.85714285714286,1.30490643317985,1.15377046767719,0.497407048716181,5,3.31170935523013,1.91813277875012,1.09562411681238,5,3.74208800854917,2.29084272651677,1.25970296808463,4.57142857142857,3.73077426314606,2.03358397113852,1.38994877131384,4.57142857142857,2.82497003652446,1.6984114924492,1.17211282934881,5,3.73293522636506,2.2231470984821,1.37616993798703,4,3.15807262649247,2.39996650073212,1.31578972865656,2.5,1.4796837508349,0.14958415145502,0.131142507419603,2.73347023049201,2.17246256788436,0.91413467113493,1.6360033233897,0.88964810191096,0.695020299948701
"6",6,"female","white","yr1","Other","math02","Auditory",3.75,0.505595857924257,0.299087074489666,0.199785830797642,1.6,-0.668761559041478,-0.50762766767319,-0.175177576461134,3.66666666666667,0.156313591898464,0.181995189307425,2.05148344171189,2.7,-1.47049754540583,-1.30299562944483,-0.514388506409499,2.5,-0.896268370765619,-0.460255300313807,-0.412434962364337,2.85714285714286,-1.03857136192418,-0.442251952541388,-0.441959728112908,3.42857142857143,-0.451205649073589,-0.2689361490811,-0.166374807176646,3.57142857142857,0.277617511465078,-0.0749035002580576,0.0844506154477572,2.57142857142857,-0.792607163723363,-0.164477602896561,-0.35958925132601,3.28571428571429,-0.233116598012412,-0.240395794080359,-0.140752313864143,3.28571428571429,-0.0819528745173126,0.164976712875318,0.0535572283130915,3,1.16457844923197,0.906136076640967,0.484725501406459,2,0.42926778750371,-0.181571258033675,-0.0302127774116195,-0.477206196976628,-0.325027304441401,-0.213923130477232,-0.489096621272165,-0.44580832874335,-0.207499206083796
"7",7,"female","white","yr1","Health","stats","Auditory",3.75,0.505595857924257,0.299087074489666,0.199785830797642,1.8,-0.396811799433215,-0.0456087969919202,-0.10444828454696,3.33333333333333,-1.31467377575373,-0.965128668903863,-0.931717719488165,2.6,-1.79552738252678,-1.09163489761739,-0.526191611467702,2,-1.84831865150357,-1.11570730886833,-0.845307438306751,2.28571428571429,-2.21278462676309,-1.08576916437261,-0.846347706840403,2.42857142857143,-2.78732680461344,-1.74245376944953,-0.896891526498782,2,-3.63842709001679,-2.12988249503368,-1.22999810783843,2.71428571428571,-0.368753105622982,3.81889906387635e-06,-0.119206226216268,2,-3.27892416287513,-2.04515580670199,-1.25392180547831,1,-5.12124873642247,-2.86899746458199,-1.80440478596134,2,-0.838177971936109,-0.804583591010405,-0.350023349896254,2.5,1.59086648963147,0.614199354969859,0.359260535556897,-3.125107664273,-2.54369755275115,-1.04395976658763,-1.65553321366298,-1.07499074917077,-0.702674701831588
"8",8,"male","white","yr3","Business","math03","Visual",4.25,1.39777767032609,0.809626843874562,0.949988019900563,3.6,3.2904396896931,1.94819512116683,0.841592882329073,2.66666666666667,-1.42601856950437,-0.676465662681343,-0.823401204525293,3,-0.702557131271479,-0.326110850212567,-0.26038116509647,1.83333333333333,-2.1911748599962,-1.26504832928132,-1.01393191600225,3,-0.414332284276667,-0.493714916687325,-0.0761727242865537,3.71428571428571,0.194081457090717,0.316266369741561,0.0501835336085995,3.42857142857143,-0.13997429092499,-0.127796399813953,-0.0313242495555338,2.85714285714286,-0.274088384624612,-0.172797935297276,-0.191358313001584,3.14285714285714,-0.5159941998958,-0.355984116993656,-0.246015979360968,2.85714285714286,-1.02085183656311,-0.656432554966193,-0.505216537043655,2,-0.828915728028531,-0.587694347450185,-0.346338725843645,1,-1.67156413915867,-0.843882077011064,-0.352923347074065,-0.470717964237719,-0.440936361851953,-0.134438962956533,-0.832617274788659,-0.743802187913559,-0.353135591963879
"9",9,"female","white","yr2","Other","other","Visual",1.75,-2.91943138148237,-1.72621341694344,-1.94909674593158,1.4,-1.13206944866103,-0.481255339197285,-0.332542548821972,3.33333333333333,1.49633984202829,1.0362374398763,1.26450583205315,2.6,-1.83053967627923,-1.27308655154755,-0.626757188434307,2.16666666666667,-1.53951970841967,-0.845931506565273,-0.709941325278976,3.42857142857143,0.358191585732528,0.327398878732525,0.107559023148219,4.28571428571429,1.66892742214036,0.902481930188576,0.628196833914201,3.57142857142857,0.258565480547998,0.25382973241162,0.104010132822405,3.28571428571429,1.01943663787135,0.624622595163979,0.480735312895364,4,1.43906418622936,0.84226115388495,0.608717152567515,3.42857142857143,0.250594459577231,0.147746418620629,0.101060198788719,2,-0.828915728028531,-0.587694347450185,-0.346338725843645,1,-1.67156413915867,-0.843882077011064,-0.352923347074065,0.989987712018789,0.712464569225145,0.370085002584468,0.0316510668946923,-0.068473561888964,0.0137085065384275
"10",10,"male","Asian","yr5+","STEM","other","Kinesthetic",1.75,-2.83321407024069,-1.98852316943611,-1.68580309029775,1,-1.95766826697144,-1.12363438544422,-0.497556424846265,3,0.975434562817917,0.943932027168352,1.59904271191465,5,5.13171496016993,3.22150048198912,1.52393034932561,2.5,-0.835253862946806,-0.607990636431948,-0.380087074493515,4.28571428571429,2.49732255347098,1.41040279075702,1.00901409139259,4.28571428571429,1.57803479982604,0.918730238639799,0.515858987290485,2.85714285714286,-1.59669325565494,-0.951200993376475,-0.561100790595414,3,0.291519286475921,0.0893246269925254,0.18401967035316,3.85714285714286,1.00927324871903,0.496736405420956,0.396142543752352,2.42857142857143,-1.9498306846029,-1.17334221706468,-0.737749937038891,1.33333333333333,-2.13043356478762,-1.67690169823044,-0.855360727292794,1.75,-0.00918022874698926,0.303897525806185,0.0763583202493751,0.873068822169793,0.475575700587546,0.474756227691676,-0.55181863234869,-0.329972769237302,-0.234188427739374
"11",11,"male","Black","yr3","STEM","math01","Visual",3.75,0.480344801660627,0.451960064824427,0.181869221466081,1.4,-1.08715512479952,-0.633063023044042,-0.290157472800384,2.33333333333333,-2.8871977752707,-1.53281721396016,-1.86735472281452,5,5.13171496016993,3.22150048198912,1.52393034932561,1.33333333333333,-3.14640339259565,-1.90143704051016,-1.43435782274244,2.57142857142857,-1.48519766429328,-0.877522009243227,-0.516834133041057,2.14285714285714,-3.57055148940897,-1.82766610015394,-1.18887755852917,2.71428571428571,-1.79163547368502,-1.11317268598747,-0.556727141709207,2.28571428571429,-1.19233422884473,-0.4366472412817,-0.433129453984064,3.14285714285714,-0.684615763147915,-0.354990733835529,-0.359021747897435,3,-0.714224732695143,-0.509820877668295,-0.239312795039084,3,1.15531620532439,0.689246833080747,0.48104087735385,1.25,-1.19847666055308,-0.652507558069461,-0.294912104566007,-1.61635234293995,-1.12453844465904,-0.594078616405721,-1.73793897860895,-1.36439432940809,-0.737395336256438
"12",12,"male","white","yr5+","STEM","math03","Visual",4.25,1.47702113233287,0.643465032504615,1.280137500588,2,0.0530772826703489,0.34347226583457,-0.0475441377454702,4,-0.272863217332985,-0.780517843487975,-1.60079147921115,5,5.13171496016993,3.22150048198912,1.52393034932561,2.5,-0.863285195664925,-0.514401374052179,-0.408557276829095,3.42857142857143,0.442963101499469,0.204650569325567,0.194583028696984,4.57142857142857,2.26467324049126,1.47011394648167,0.724405143766862,3,-1.0844613501198,-1.06050823920617,-0.367983138941975,1.57142857142857,-2.88720124190887,-1.4743634177038,-1.03120905600238,3.57142857142857,0.347514131763893,0.340857497102146,0.110365155011219,3.71428571428571,0.894353463642452,0.574102537552748,0.306261074041454,2,-0.828915728028531,-0.587694347450185,-0.346338725843645,1.5,-0.617677309489203,-0.254622251567694,-0.100175448081749,0.93839960735165,0.673590754630145,0.315840997884654,-1.41704051274154,-1.06270313830395,-0.601515233113053
"13",13,"female","white","yr2","Health","stats","Kinesthetic",2.75,-1.22477536113627,-0.735281285315311,-0.988385676052324,3,2.11648127156739,0.731959180629739,0.621540387906779,3.33333333333333,1.49633984202829,1.0362374398763,1.26450583205315,3.5,0.751236262322268,0.603566032574365,0.278532192481199,2.66666666666667,-0.474789655979564,-0.471117816390351,-0.212636775859465,3.85714285714286,1.32296304583178,0.702567524807314,0.529154693927505,4.28571428571429,1.49414499722664,0.946086523122679,0.487010319927918,2.71428571428571,-1.98707018858161,-1.24289771874447,-0.73654883032711,3.28571428571429,0.698849545546296,0.218400172213987,0.226724297833425,2.57142857142857,-1.85696190136464,-1.1711808713617,-0.79086845614243,3.57142857142857,0.577564147342311,0.304070522960035,0.144050562933623,2.66666666666667,0.463339864822976,0.284623759769849,0.158998651552895,1,-1.67156413915867,-0.843882077011064,-0.352923347074065,0.328562558053335,0.172715563268267,0.105295277019177,-0.553754218310906,-0.271686590376037,-0.235084903093721
"14",14,"female","white","yr5+","STEM","other","Kinesthetic",4,0.960825367639542,0.525994434576095,0.617273142541686,1.4,-1.20624879455775,-0.61703841860333,-0.28133696640066,3.33333333333333,1.49633984202829,1.0362374398763,1.26450583205315,2.3,-2.73941139345701,-2.03876727974477,-0.878786449985434,2,-1.70391530665778,-1.34184545471427,-0.768774948555663,2.57142857142857,-1.31549367319173,-0.818232046768233,-0.445648464615935,3.14285714285714,-1.05330694876993,-0.486881109048059,-0.341114784794206,3.57142857142857,0.409628036923087,0.268502994522896,0.232008334883036,2.57142857142857,-0.753090189724862,-0.246893459524395,-0.503310984354551,4,1.63837067222367,0.918938229018716,0.76086616408365,2.57142857142857,-1.64149570667422,-1.15733653048696,-0.849710273153579,1.66666666666667,-1.53015431243752,-1.2092066643213,-0.672065575697209,1.5,-0.725389181947489,-0.461133039127857,-0.23690086205795,-0.604219042380977,-0.504224192073901,-0.129444060358254,-0.71547014003656,-0.694665988937055,-0.303469257625239
"15",15,"male","white","yr1","STEM","math04","Visual",2.75,-1.22477536113627,-0.735281285315311,-0.988385676052324,1.8,-0.351897475571701,-0.197416480838677,-0.0620632085253715,4,1.60768463577893,0.747574433653776,1.15618931709028,3.2,-0.140580203735532,0.07557905315829,-0.133071622821876,3.33333333333333,0.73785049629459,0.494489440989029,0.336680128236571,4,1.58346297222597,0.986523306569518,0.538972544607673,4,0.9605698727092,0.579317799206609,0.319867820574012,4.14285714285714,1.73756981088704,1.27164780385034,0.608752200549561,3.14285714285714,0.442205381164341,0.215282373617628,0.123614364904556,4.14285714285714,1.88909427233832,0.962153768819688,0.802247887787123,3.42857142857143,0.257136532738444,0.168473132963438,0.154223115642273,4,3.15807262649247,2.39996650073212,1.31578972865656,2.25,0.902355266109302,0.00980326090792849,0.0277984650964382,1.20063622570105,0.904131838971771,0.485647612387269,0.82684536513494,0.529376047364336,0.350978022970848
"16",16,"female","white","yr1","Other","math02","Kinesthetic",4.75,2.22899322774988,1.42960337541737,1.45481316270121,2.8,1.65540387625816,0.734386453308481,0.499690324451081,2.33333333333333,-2.8871977752707,-1.53281721396016,-1.86735472281452,4.2,2.65319131266338,1.79144707558752,0.695421093917185,1.66666666666667,-2.39757652703383,-1.61674396141347,-1.08867398393847,2.42857142857143,-1.75913402670503,-1.21797141747411,-0.593789358116599,3.28571428571429,-0.828101702420342,-0.550869867324864,-0.296074145589176,4.14285714285714,1.59859168107173,1.13434302948935,0.517360109157798,2.42857142857143,-0.934984755497754,-0.374407520284379,-0.334009094873647,3.14285714285714,-0.586272763151263,-0.457674152139549,-0.287700987602073,3.71428571428571,0.850324611575545,0.725772848416944,0.342719893731018,1,-2.82240990528903,-2.08152477154134,-1.17740295309375,1,-1.67156413915867,-0.843882077011064,-0.352923347074065,-0.593204967144594,-0.356315130562062,-0.300625317672101,-0.545162900823598,-0.662259241910264,-0.231022070114824
"17",17,"female","white","yr1","Other","math01","Auditory",3.25,-0.368308747448848,-0.268177744107268,-0.465643923920112,1,-1.95766826697144,-1.12363438544422,-0.497556424846265,3,1.90590032748802,1.41720585880676,1.03828546715453,3,-0.702557131271479,-0.326110850212567,-0.26038116509647,5,3.98282322843044,2.57936891273621,1.8194510001737,5,3.92613352833232,2.35294126627441,1.45210273364758,5,3.31170935523013,1.91813277875012,1.09562411681238,5,3.74208800854917,2.29084272651677,1.25970296808463,3,0.196426032244247,0.106386402066042,0.0620288519513763,5,3.63130769413571,2.34893386780816,1.3870550416303,5,3.73293522636506,2.2231470984821,1.37616993798703,4,3.15807262649247,2.39996650073212,1.31578972865656,1.75,-0.252301703341897,-0.269758520186254,-0.178889619549892,3.51312587973905,2.73643153309284,1.27620653520245,2.26845099714948,1.6406291230889,0.962546997529522
"18",18,"female","Black","yr2","Health","stats","Kinesthetic",3,-0.787823058449714,-0.451648876016844,-0.655670798693447,2,0.0503342670004571,-0.142930550103352,0.064791493643286,4.33333333333333,0.267658385649109,-0.106667816915096,1.94316692674902,3.5,0.860711229750405,0.510059743607519,0.333114327810306,4,2.03910926845244,1.34767683886803,0.931198187346884,3.85714285714286,1.2766977021897,0.805878750231928,0.444061843392755,3.85714285714286,0.538429116562616,0.310086846631393,0.168927084070249,3.85714285714286,0.884337964184631,0.614366790887479,0.281607453209894,3.71428571428571,1.80401826000054,0.867563502587238,0.616274702144445,3.57142857142857,0.30868017872965,0.155138363405726,0.0769574584378162,3.85714285714286,1.20791334988836,0.714638155968788,0.443674878525626,2.33333333333333,-0.182787931602778,-0.151535293840168,-0.0936700371453748,3,2.81133151745417,1.98934332567229,0.803720686380239,0.749353474889917,0.600450014013536,0.259521576702886,1.34704004199399,1.07716954167078,0.571596022932978
"19",19,"male","Asian","yr1","Other","math02","Auditory",4.75,2.1497497657431,1.59576518678731,1.12466368201378,2,0.0369154594844676,0.272522841199043,-0.0356693319160627,3.33333333333333,0.55606591547233,0.272191301305421,-0.113984566097563,1.7,-4.42937603884605,-2.66541251731242,-1.32801621454335,2.33333333333333,-1.20143405145631,-0.691870249351183,-0.536413496777515,2.71428571428571,-1.3056525366254,-0.798180484893399,-0.526163292725947,3.71428571428571,0.26522519129304,-0.200596446728889,0.153242444026096,3,-1.10455382961269,-0.681686072638269,-0.312207209179906,2.14285714285714,-1.48531743170309,-1.0637487184235,-0.338945009686512,1.85714285714286,-3.54461038062136,-2.20805635407011,-1.3303081163276,2.14285714285714,-2.60276893310698,-1.38121523641149,-0.925072643353494,1.66666666666667,-1.47504352445428,-1.0238534010602,-0.599007414541915,1,-1.67156413915867,-0.843882077011064,-0.352923347074065,-1.62408882179538,-1.4060456517664,-0.586594598990362,-0.879796079750647,-0.665539984799486,-0.373363468035674
"20",20,"female","white","yr3","Business","math03","Visual",4.5,1.85300718004138,1.03653420396099,1.36747533164461,1.8,-0.353426787739982,-0.124570523847803,-0.0969837319174146,3.33333333333333,-0.38420801108363,-0.491854837265455,-1.49247496424828,2.8,-1.39568024422826,-0.820261182998115,-0.623368611844796,1.5,-2.76818612777044,-1.74595595786067,-1.2601595940352,2.57142857142857,-1.46154103463124,-0.980202050169031,-0.516917207843346,3,-1.50193629101918,-0.721760854952345,-0.529292704913008,3,-1.31400437250905,-0.836330276640577,-0.476516952126664,2.28571428571429,-1.25884150891296,-0.677960654720891,-0.409046865850361,2.71428571428571,-1.70465303007212,-0.940750003822761,-0.727586897268547,3.28571428571429,-0.0914210739585975,0.319618831617978,0.122192382749973,3,1.16457844923197,0.906136076640967,0.484725501406459,2.75,2.27590684681535,0.960491033077115,0.599329991856263,-1.12442478947635,-0.782537066457345,-0.478032105149671,-1.53954701704479,-1.2119144100211,-0.65322162972582
"21",21,"male","white","yr2","Business","math03","Auditory",2.75,-1.16380910615822,-0.84471804747322,-0.743008629750054,1.4,-1.17698377252255,-0.329447655350529,-0.374927624843561,3.33333333333333,0.55606591547233,0.272191301305421,-0.113984566097563,4,2.33805872622061,1.39042947952601,0.723488660182193,2.33333333333333,-1.11266615139353,-0.859734609435112,-0.50120447650546,3.28571428571429,0.383947257916465,0.020410886374555,0.273631862361532,3.42857142857143,-0.364094344196561,-0.317082576319948,-0.0284785070841979,3.57142857142857,0.354550313593729,0.139932163012114,0.177090121727481,2.71428571428571,-0.444836675587615,-0.274859421983131,-0.202858921330383,3.42857142857143,0.301809850887294,-0.0658196058585568,0.24043150328493,2.28571428571429,-2.26189771239877,-1.53582394542285,-0.867206483605833,2.33333333333333,-0.146201631434694,-0.399960517699508,-0.0279811240952987,1.25,-1.19847666055308,-0.652507558069461,-0.294912104566007,-0.212800842792728,-0.286191519373697,0.0425226844780611,-0.33980233886071,-0.359823882876832,-0.144073055578523
"22",22,"male","other","yr2","Health","stats","Auditory",3.75,0.505595857924257,0.299087074489666,0.199785830797642,1.8,-0.337966146696144,-0.102522000405987,-0.10945292325992,2.33333333333333,-1.95673201060061,-1.05954338232175,-2.42811196757463,3.7,1.53640370598911,0.796860924989511,0.515868955348134,3,0.135804856810439,0.0439443520212726,0.0692248446601883,2.85714285714286,-0.987513240269649,-0.426644736535619,-0.414934185380949,2.71428571428571,-2.14894133937946,-1.26382691583929,-0.722913213847,2.85714285714286,-1.53080166933841,-1.08456680101096,-0.509864596364626,2,-2.09789391915718,-0.881988835459353,-0.887080700757899,2.71428571428571,-1.55914275779648,-1.01580901498205,-0.594051889013322,3,-0.657628204923047,-0.565271052854906,-0.248334557767617,3,1.16457844923197,0.906136076640967,0.484725501406459,1.5,-0.725389181947489,-0.461133039127857,-0.23690086205795,-1.34509795229851,-0.981876997593182,-0.503955572388514,-1.10747447772318,-0.738335156052021,-0.470268197999664
"23",23,"male","white","yr5+","STEM","other","Visual",2.25,-1.94800610707375,-1.38183545892849,-0.868745076141224,1.2,-1.5819585307646,-0.870336402023775,-0.389446695623462,4,1.60768463577893,0.747574433653776,1.15618931709028,3.6,1.18735086482139,0.748606735037458,0.423755891952282,1.33333333333333,-3.14957742366142,-1.96889470674733,-1.43982549741706,3.57142857142857,0.799696552149765,0.445041921221551,0.335701826069208,2.57142857142857,-2.53193409865093,-1.24299387391479,-0.849264033579984,3,-1.13938428783594,-0.842959009541186,-0.370632969020351,2.85714285714286,-0.109703539608446,-0.0329954619055715,-0.183635550025793,2.71428571428571,-1.59632378688928,-1.01531252212305,-0.679210027382439,1.57142857142857,-3.85952212148881,-2.21550639690265,-1.35061039302389,3,1.16457844923197,0.906136076640967,0.484725501406459,1.75,-0.14806069722189,-0.321352148580766,-0.133556819734785,-1.65637566674118,-1.39331346752259,-0.448685211353658,-1.3809133526658,-1.1304383342396,-0.585795657854279
"24",24,"female","white","yr3","STEM","stats","Kinesthetic",3.75,0.419378546682579,0.561396826982336,-0.063507824836189,2,0.00746177666679088,0.446379048487616,-0.0905235992801563,4,0.677218871108836,0.274300602015368,1.7169465618504,4.1,2.48503609334117,1.52171877956587,0.687231126200523,2.33333333333333,-1.14387573597314,-0.74708204972967,-0.517228109638813,3,-0.600404941948528,-0.260686612331098,-0.240329775613326,3.14285714285714,-1.16605061803746,-0.74283219231632,-0.389220315416808,3.14285714285714,-0.778060153062668,-0.620819456306391,-0.253245136350364,3.14285714285714,0.488160430967795,0.27086336678436,0.140608078566227,2.85714285714286,-1.2296951590922,-0.752952955417942,-0.46544715082591,3.28571428571429,-0.0722475420823775,0.0746403703633059,0.008687807795171,2.66666666666667,0.509188408898638,0.253087779470729,0.22837218865558,1.25,-1.19847666055308,-0.652507558069461,-0.294912104566007,-0.737808353391181,-0.522515522701362,-0.297716847793697,-0.421470409305335,-0.31753112639851,-0.178772725345849
"25",25,"female","white","yr1","Health","stats","Auditory",1.25,-3.61741107115623,-2.52564058089137,-1.81153953668892,1.4,-1.16356496500656,-0.744901046652924,-0.274466799284212,3.66666666666667,1.08677935656856,0.655269020945832,1.49072619695178,3.3,0.177845745653297,0.121060518848326,0.14304413131266,4,2.03910926845244,1.34767683886803,0.931198187346884,4,1.63445260902962,1.02399349125302,0.586406600707224,4,0.903854910787779,0.491669130721172,0.306628815783969,4,1.27441061578645,0.807672006371172,0.42510187829924,3.71428571428571,1.92230522426558,0.951063136216007,0.757543331339529,4,1.32144057587741,0.900862667285468,0.486921958217911,4,1.51938923566818,0.950110957716078,0.581026256999934,2.33333333333333,-0.182787931602778,-0.151535293840168,-0.0936700371453748,2.25,1.17664533672082,1.00219819372715,0.356236130903665,1.28748907933531,1.02145690428275,0.464721145086021,1.58271354042833,1.22675406533714,0.671667518068853
"26",26,"male","white","yr2","Other","math02","Kinesthetic",4.75,2.1497497657431,1.59576518678731,1.12466368201378,2.8,1.74421573317247,1.01396491434093,0.401689412808318,2.33333333333333,-1.95673201060061,-1.05954338232175,-2.42811196757463,2.1,-3.32785627628958,-2.21917626140274,-1.02667330063423,3.83333333333333,1.73031032536854,1.07790103656497,0.795832074319108,4,1.63445260902962,1.02399349125302,0.586406600707224,4,0.903854910787779,0.491669130721172,0.306628815783969,4,1.27441061578645,0.807672006371172,0.42510187829924,3.14285714285714,0.731905183183601,0.149226716640381,0.370747853853676,4,1.32144057587741,0.900862667285468,0.486921958217911,4,1.51938923566818,0.950110957716078,0.581026256999934,4,3.15807262649247,2.39996650073212,1.31578972865656,3.25,3.41982859819639,2.54786310304617,0.980254454711363,1.28748907933531,1.02145690428275,0.464721145086021,1.17520178646546,0.893044323911967,0.498698316859793
"27",27,"female","white","yr2","STEM","other","Visual",3.75,0.49862200868936,0.395235015612389,0.266641655851248,1.8,-0.354829152024069,-0.222372326235226,-0.09817250294361,3.66666666666667,1.08677935656856,0.655269020945832,1.49072619695178,2.1,-3.3631255599939,-2.17733648527427,-1.10616129336443,1.66666666666667,-2.47016887984091,-1.56990690799707,-1.13297377429256,2.57142857142857,-1.43745072935508,-0.975946872870797,-0.517272940452969,3.28571428571429,-0.804172891671786,-0.32619583324764,-0.304760553920505,3,-1.22321052799384,-0.942695503300866,-0.451657774595265,2.85714285714286,-0.11040884857347,-0.0921173843065324,-0.179645976207341,3.14285714285714,-0.54847158686686,-0.361478840460644,-0.205684468639934,2.42857142857143,-1.94485725805107,-1.35414230987649,-0.709493293771837,2,-0.838177971936109,-0.804583591010405,-0.350023349896254,1,-1.67156413915867,-0.843882077011064,-0.352923347074065,-1.13795121933316,-0.920897029907226,-0.380782954437808,-1.24711579733864,-0.975867810812457,-0.529107887911039
"28",28,"male","white","yr3","STEM","other","Visual",4,0.856330849369131,0.845029236280803,0.269207052522688,1.8,-0.309914828162554,-0.374180010081982,-0.0557874269220216,2.66666666666667,-1.42601856950437,-0.676465662681343,-0.823401204525293,2.7,-1.64137700754782,-0.858147554200334,-0.555133576489554,1.83333333333333,-2.05312379807768,-1.53958084403874,-0.930420531723561,2.42857142857143,-1.76773565935165,-1.09763732563805,-0.652917593600781,2.57142857142857,-2.46916569331414,-1.60965717382212,-0.786439260338606,2.71428571428571,-1.94135330015945,-1.07954337211266,-0.688988141514909,2.71428571428571,-0.368753105622982,3.81889906387635e-06,-0.119206226216268,3,-0.809109701342221,-0.517347189699294,-0.317342897399924,2.85714285714286,-1.00753055724703,-0.550673350049928,-0.375124969417587,1.66666666666667,-1.48430576836186,-1.24074264462042,-0.602692038594524,1,-1.67156413915867,-0.843882077011064,-0.352923347074065,-1.46040421284227,-1.06343811823712,-0.538657355884858,-1.2629402268412,-0.909676160008434,-0.535918701267905
"29",29,"female","other","yr3","STEM","math01","Kinesthetic",5,2.60497927545839,1.82267254687374,1.54215099375782,4,4.12792800335122,2.24796673310224,1.07214706052067,3.66666666666667,-0.803576658429217,-1.16359556312839,-3.20550224226049,4.5,4.06264371061908,2.26888107290687,1.36310913404725,1.33333333333333,-3.15798123758391,-2.00233532321191,-1.4463097252257,1,-5.24059014887847,-2.96284983381114,-2.01068179811386,2.42857142857143,-3.08849423771569,-1.52641021030595,-1.15672184664995,1.28571428571429,-5.40328383315386,-3.10095589562386,-1.85245132120709,1,-4.18029773117153,-2.11604396904223,-1.50915977671223,1.14285714285714,-5.28436035470885,-3.20431740328508,-2.10300713100063,1.57142857142857,-3.87953905018918,-2.2508837667064,-1.3284462892106,1.33333333333333,-2.1670198649557,-1.4284764743711,-0.921049640342871,2.25,1.07240433060082,1.05379182212167,0.310903331088557,-4.34630633367692,-3.35813374540671,-1.65105278950901,-3.70838531767775,-2.5920644346406,-1.57408729107189
"30",30,"male","Asian","yr3","STEM","other","Visual",2,-2.45722802253219,-1.59545399797973,-1.59846525924114,1.2,-1.53857351907136,-0.949298128879659,-0.381982142993917,3.33333333333333,-0.38420801108363,-0.491854837265455,-1.49247496424828,3.6,1.25238994993188,0.792436833550421,0.470112351351841,2.16666666666667,-1.41066861025753,-1.16107616804957,-0.636685778007055,3,-0.699547829579235,-0.48462152896567,-0.288003866216096,2.71428571428571,-2.15705802543021,-1.02254860980195,-0.725572762629765,3.28571428571429,-0.409464132607251,-0.506390113607259,-0.160069317081543,1.42857142857143,-3.26289114070048,-1.81397668214071,-1.21580616278671,4.14285714285714,1.96719812373635,1.08510248404492,0.89261252167804,2.42857142857143,-1.96116971766719,-1.28339485124488,-0.736883209779892,3,1.20116474940005,0.657710852781627,0.550414414456535,1,-1.67156413915867,-0.843882077011064,-0.352923347074065,-0.638605965828023,-0.473657992431324,-0.130392496576014,-1.54484317456027,-1.23704024574786,-0.655677558574012
"31",31,"female","white","yr2","Business","math03","Visual",3.25,-0.332593548734429,-0.224741515930415,-0.238183486949403,1,-1.95766826697144,-1.12363438544422,-0.497556424846265,3.66666666666667,1.08677935656856,0.655269020945832,1.49072619695178,3.9,1.94164576279665,1.3030425299274,0.57541567177969,2,-1.78235652209791,-1.13747849278224,-0.819637823359413,2.14285714285714,-2.50061756029889,-1.50987517174412,-0.903682688422411,3.42857142857143,-0.425748750591579,-0.340804644113701,-0.127827312752868,2.14285714285714,-3.21579379480782,-1.83679338692555,-1.04568766302663,2.28571428571429,-1.36626365771614,-0.867238461304885,-0.508791075069756,2.71428571428571,-1.42579684233392,-1.11642507765783,-0.468118038829867,2.57142857142857,-1.62809502456642,-0.811690907613616,-0.503170522442245,2,-0.828915728028531,-0.587694347450185,-0.346338725843645,1,-1.67156413915867,-0.843882077011064,-0.352923347074065,-1.30233706106125,-1.02946165659681,-0.503457463719584,-1.80930022588679,-1.24001214321358,-0.767956344296395
"32",32,"male","other","yr2","STEM","stats","Kinesthetic",2.25,-2.0019985128169,-1.3685466378933,-1.1809779474971,1,-1.95766826697144,-1.12363438544422,-0.497556424846265,1.66666666666667,-1.13761103968115,-0.297606544460826,-2.88055269737188,4,2.13396373323596,1.45578842144649,0.599765909332505,3.33333333333333,0.799661153947297,0.353925635133175,0.372799625305527,4.71428571428571,3.39230900996784,1.94783676582676,1.30478295970423,4.85714285714286,2.94628356100497,1.73655049466034,0.957922385098657,3.85714285714286,0.969354148629974,0.416285799457478,0.306101077962558,3.85714285714286,2.18394382542447,1.34698176163363,0.92244299049695,4.42857142857143,2.31421132806953,1.59977123956938,0.840605674276424,4.85714285714286,3.42145934058524,1.98767429673481,1.23881855951272,2,-0.828915728028531,-0.587694347450185,-0.346338725843645,2.75,2.08818083157712,0.708103928828898,0.307676275750728,2.88715558815317,2.24464031152305,1.03350071305095,1.26150468024834,0.951193573107755,0.535487995971599
"33",33,"female","other","yr1","Business","math03","Visual",3.75,0.444629602946209,0.408523836647575,-0.0455912155046277,1.6,-0.830539058350898,-0.363740435182883,-0.173227237177857,2.66666666666667,0.454529283607546,0.851626614460409,1.93357959177614,3.3,0.514942847271757,-0.00591367563520147,0.471547415353736,3.66666666666667,1.36207860586381,1.00897517609265,0.62604252969887,2.57142857142857,-1.49434258253049,-0.998351575630336,-0.535824183705186,3.85714285714286,0.67972026826468,0.151726398704474,0.233692833231436,3.57142857142857,0.308601711058457,0.14220435537016,0.090392766169453,2.71428571428571,-0.366405367717313,-0.100200116475797,-0.152201359456954,3,-0.718936450637264,-0.654312702538122,-0.133939995753522,3.85714285714286,1.17997290220551,0.611491999577558,0.46790867527532,1.66666666666667,-1.47504352445428,-1.0238534010602,-0.599007414541915,1,-1.67156413915867,-0.843882077011064,-0.352923347074065,0.0189856557797461,0.0713628735870086,-0.0899538923962439,0.355978255322975,0.315897291659483,0.150914977268406
"34",34,"female","white","yr1","STEM","math03","Visual",2.75,-1.08456564415144,-1.01087985884317,-0.412859149062617,1.8,-0.308512463878467,-0.27637820769456,-0.0545986558958262,3.66666666666667,2.02705328312452,1.41931515951671,2.8692165951025,3.8,1.63809029594358,1.0028353291492,0.480053561189201,3.66666666666667,1.39585793079839,0.962000632616562,0.633691824432245,3,-0.59604493931731,-0.346885520927255,-0.212590965249674,3.57142857142857,-0.094155183713964,0.0628456515717955,-0.0689072126390459,3.85714285714286,0.931989016218627,0.504527771758159,0.308469296689435,1.85714285714286,-2.32692615449514,-1.24597089696945,-0.89332841356598,4.42857142857143,2.43183493842148,1.54116972616886,0.962400868626028,4,1.52885743510946,0.795468838973417,0.512391102563052,3.66666666666667,2.50268258615914,1.74691820356188,1.05943641590568,1.5,-0.621148175827482,-0.512726667522369,-0.191568062242842,0.71413046115896,0.661230215427795,0.229010251065229,-0.072652392136218,-0.0758101478513843,-0.0310577176507155
"35",35,"female","white","yr3","Other","stats","Kinesthetic",2.75,-1.1350677566787,-0.705133878173644,-0.44869236772574,1.4,-1.16286378286451,-0.696000145459213,-0.273872413771114,2.66666666666667,-2.36629249606033,-1.44051180125222,-2.20189160267601,2.6,-1.63622980091717,-1.03478101301829,-0.265378453348985,3,0.219816994409473,-0.244492280012408,0.101041733979256,5,3.92613352833232,2.35294126627441,1.45210273364758,5,3.31170935523013,1.91813277875012,1.09562411681238,5,3.74208800854917,2.29084272651677,1.25970296808463,4.85714285714286,4.25304469774786,2.27220823915796,1.51755748921897,4.42857142857143,2.35210139176268,1.60200857340271,0.931570162312882,5,3.73293522636506,2.2231470984821,1.37616993798703,3,1.16457844923197,0.906136076640967,0.484725501406459,1.25,-1.19847666055308,-0.652507558069461,-0.294912104566007,3.23124459767181,2.50814048306014,1.1563516853539,2.36809353740842,1.5577216959625,1.00548771677469
"36",36,"female","white","yr5+","STEM","other","Kinesthetic",3,-0.769545851420981,-0.508373925228882,-0.57089836430828,1.2,-1.52241169588548,-0.878348704244132,-0.393856948823324,4.33333333333333,1.19812415031921,0.366606014723312,1.3824096819889,3,-0.81858553418087,-0.142347653567571,-0.500519442486719,4,2.15053365899326,1.08916380319763,0.985938747685876,4.14285714285714,2.04376779798906,1.34278769782618,0.735095729578728,3.85714285714286,0.59540272129882,0.488814304591053,0.219740677253647,4.57142857142857,2.72985741782748,1.84679207282177,0.951958164980714,3.85714285714286,2.22857762706595,1.09116684678382,0.852668153435735,4.57142857142857,2.6910039738703,1.70233575058708,1.04932059857233,4.14285714285714,1.84535779640718,1.00165987272348,0.725358599169634,3.66666666666667,2.46609628599106,1.99534342742122,0.993747502855608,1.75,-0.0438196911018824,-0.372945776975278,-0.0882240199196771,1.75827936832244,1.42142575105545,0.654842398325322,2.13240757946882,1.53250831239015,0.905071954504377
"37",37,"female","white","yr1","STEM","math02","Kinesthetic",3.5,0.147887017244485,-0.150707146178747,0.197220434126202,1.6,-0.770992223471783,-0.37175273740324,-0.177637490377719,3.33333333333333,-0.38420801108363,-0.491854837265455,-1.49247496424828,2.8,-1.24842343457664,-0.615415422134317,-0.37309900576623,4,2.14655925729787,1.10105557026101,0.994613707689971,3.71428571428571,1.09424770369434,0.897394741827401,0.426605494848904,4.85714285714286,2.97376043961302,1.72617045375866,1.00247794698475,4,1.29850413952243,0.719134982253737,0.474077940733099,2.28571428571429,-1.3110260598792,-0.793140564499838,-0.477411323989627,4.14285714285714,1.79648733426609,0.994701737844718,0.758009673734866,3.85714285714286,1.16896079534812,0.836561903447759,0.481227096929752,3.33333333333333,1.81070624565772,1.34229513025098,0.737394190104729,1.75,-0.14806069722189,-0.321352148580766,-0.133556819734785,1.8136668595462,1.34483625111702,0.652989787739016,0.641097511383207,0.478695757829553,0.271861214458872
"38",38,"female","Asian","yr1","STEM","stats","Auditory",4.5,1.79204092506333,1.1459709661189,1.12209828534234,2.2,0.472172030570431,0.517808522399133,0.0680301441068776,4,-0.263055055447124,-0.489745536555507,0.338456163699681,3.7,1.54357671384751,0.899058968366712,0.523184524307952,3,0.0795609005209095,0.186959451338313,0.0319736059834038,1.71428571428571,-3.47932671664779,-2.1247918256364,-1.28620110206304,2.85714285714286,-1.89763185617838,-1.03888913679091,-0.634367568721943,3,-1.19326677697627,-0.675498713774425,-0.409499211486148,1.85714285714286,-2.41252828605116,-1.13199428507527,-0.89158849233669,2.85714285714286,-1.2296951590922,-0.752952955417942,-0.46544715082591,2.57142857142857,-1.66827622174754,-0.675934661632031,-0.493922088258148,3,1.16457844923197,0.906136076640967,0.484725501406459,2.25,1.14894760704249,0.841563722855043,0.374439019056798,-1.9380750277017,-1.4414663852989,-0.754983223623268,-1.05218943792771,-0.723504101915592,-0.446774477483357
"39",39,"female","white","yr1","Other","math02","Kinesthetic",3.25,-0.3073424924708,-0.377614506265176,-0.220266877617842,2.2,0.497992854793697,0.2700955685203,0.0861807315396349,3,-0.905113290294001,-0.584160249973399,-1.15793808438679,3,-0.702557131271479,-0.326110850212567,-0.26038116509647,2,-1.75749922044556,-1.29852542139917,-0.796635295698459,3,-0.657228310273073,-0.304954283768369,-0.279289532233136,3.85714285714286,0.585693799488485,0.358872535093769,0.196176549623793,2.85714285714286,-1.55355046317374,-0.947727200907443,-0.563103456543556,3,0.196426032244247,0.106386402066042,0.0620288519513763,2.71428571428571,-1.57130711460956,-1.04136606649854,-0.601653047085093,3.42857142857143,0.277679549434886,0.331997259840494,0.105067760249191,1.66666666666667,-1.48430576836186,-1.24074264462042,-0.602692038594524,1,-1.67156413915867,-0.843882077011064,-0.352923347074065,-0.346094199119659,-0.278028310721431,-0.183381099225004,-0.922617754185001,-0.660669918094491,-0.391466610616346
"40",40,"male","white","yr1","STEM","math03","Kinesthetic",2,-2.43895081550346,-1.65217904719177,-1.51369282485598,1,-1.95766826697144,-1.12363438544422,-0.497556424846265,3.33333333333333,2.43661376858425,1.80028357844717,2.64299623020387,4,2.21457891444923,1.44769481588828,0.631774592114571,2,-1.78730414368475,-1.26344264498647,-0.812959550435929,2.85714285714286,-0.785550986859419,-0.590368906822496,-0.284703356273933,4.14285714285714,1.21561727823229,0.822607574450198,0.391483701310126,3.42857142857143,-0.138933842349182,-0.177885333712175,-0.0675406619429551,2.28571428571429,-1.28615969609403,-0.302063468002463,-0.412559840141788,3.42857142857143,0.250995742902029,0.0680855656340383,0.172731788488669,4.14285714285714,1.83165542525321,1.10561690509715,0.671039857591655,3,1.16457844923197,0.906136076640967,0.484725501406459,1.75,-0.14806069722189,-0.321352148580766,-0.133556819734785,0.622157266750391,0.541845427071429,0.135817520312427,-0.916441131287042,-0.781854539143128,-0.388801996573921
"41",41,"male","white","yr1","STEM","math03","Kinesthetic",2,-2.46420187176709,-1.49930605685701,-1.53160943418754,1.6,-0.72760721177855,-0.450714464259123,-0.170172937748174,4,2.54795856233489,1.51162057222465,2.534679715241,4.6,4.05078042712369,2.42851769566924,1.28162900535623,3.16666666666667,0.505618307713154,0.165984818206187,0.236938845558787,3.71428571428571,1.39700893854451,0.53831832704495,0.654650540908853,4.42857142857143,1.91800369556919,1.17218101776218,0.615013224580427,4,1.36678090431542,0.58398281670711,0.484834924831394,3,0.378173930039492,0.243376771114806,0.215847539613605,3.85714285714286,1.28893342856374,0.609266437858772,0.575980642174656,4.42857142857143,2.45224824639825,1.45500255580332,0.968174118836359,3,1.20116474940005,0.657710852781627,0.550414414456535,1.25,-1.19847666055308,-0.652507558069461,-0.294912104566007,1.85832216124845,1.4772961037893,0.635309198250531,0.736578607097115,0.480041164997205,0.312680851657244
"42",42,"male","white","yr1","STEM","math03","Visual",4,0.881581905632761,0.692156245946042,0.287123661854249,1.2,-1.52241169588548,-0.878348704244132,-0.393856948823324,4,-0.263055055447124,-0.489745536555507,0.338456163699681,4.6,3.84165761518614,2.64259470431679,1.05261178211165,3,0.183040708466678,-0.134291013768151,0.0861498424537317,2.85714285714286,-0.691132392390288,-0.50721540029604,-0.199370471235965,3.42857142857143,-0.506845660864996,-0.16752232098036,-0.233858409906309,3.14285714285714,-0.799381998595852,-0.353575267915187,-0.25129535909371,2.42857142857143,-1.19481005778811,-0.706055052218069,-0.501280040559409,3.85714285714286,1.13325913828441,0.844120504705475,0.44749358618005,1.85714285714286,-3.23603152788935,-2.12985767242443,-1.34436291128967,1.66666666666667,-1.47504352445428,-1.0238534010602,-0.599007414541915,1,-1.67156413915867,-0.843882077011064,-0.352923347074065,-0.851266509626982,-0.793615731749202,-0.16365747040006,-0.563200565300388,-0.372991340051636,-0.239170603881992
"43",43,"female","white","yr1","STEM","math02","Visual",4.25,1.33681141534805,0.919063606032471,0.704610973598293,3,2.10529295836172,1.12346751613497,0.556594471252571,2.33333333333333,-1.95673201060061,-1.05954338232175,-2.42811196757463,3.1,-0.347175841139726,-0.55808585056631,-0.138246430624694,1.33333333333333,-3.14957742366142,-1.96889470674733,-1.43982549741706,2.28571428571429,-2.39535440856635,-1.13834347244772,-1.02576043420342,3.57142857142857,-0.0837166122130354,0.12567979736411,-0.0755992951314959,3.28571428571429,-0.542360321027852,-0.453587613314225,-0.219142241052221,1.28571428571429,-3.48790298438097,-1.88764699123058,-1.20947533578094,2.85714285714286,-1.09564020902929,-0.850835191401391,-0.333706950975115,3,-0.667597753167123,-0.266821098903377,-0.183118610946897,1.33333333333333,-2.17628210886328,-1.64536571793132,-0.924734264395479,1.25,-1.19847666055308,-0.652507558069461,-0.294912104566007,-1.0673592923811,-0.801961781182766,-0.455946363321326,-2.10536006371724,-1.73914718588595,-0.893366429867706
"44",44,"female","white","yr3","Other","other","Visual",3.25,-0.332593548734429,-0.224741515930415,-0.238183486949403,1,-1.95766826697144,-1.12363438544422,-0.497556424846265,3,1.90590032748802,1.41720585880676,1.03828546715453,2.8,-1.1305847268376,-0.844893309534619,-0.233953377907284,3.66666666666667,1.42151138228464,0.808125234261918,0.660465961291332,3.28571428571429,0.0342185578558873,-0.0509343563790243,0.00480421528296266,3.28571428571429,-0.820412628130114,-0.620415637590594,-0.234212487370543,3.57142857142857,0.348318876487392,0.197553439649554,0.165085722741225,2.85714285714286,-0.279612576822377,-0.17327492950853,-0.246718631297632,3.57142857142857,0.30868017872965,0.155138363405726,0.0769574584378162,3.42857142857143,0.232686270536228,0.289386457767787,0.0928762694159258,3,1.16457844923197,0.906136076640967,0.484725501406459,1,-1.67156413915867,-0.843882077011064,-0.352923347074065,-0.0673457916398774,-0.0101842390113673,-0.0265653404247922,0.361608901464876,0.304798040676388,0.153298334831721
"45",45,"female","white","yr1","STEM","math02","Kinesthetic",4.25,1.25756795334126,1.08522541740242,0.374461492910856,1.8,-0.325375469206392,-0.396228533523798,-0.0433182355795165,2.66666666666667,-0.495552804834275,-0.203191831042935,-1.38415844928541,3,-0.702557131271479,-0.326110850212567,-0.26038116509647,4,2.03910926845244,1.34767683886803,0.931198187346884,4,1.63445260902962,1.02399349125302,0.586406600707224,4,0.903854910787779,0.491669130721172,0.306628815783969,4,1.27441061578645,0.807672006371172,0.42510187829924,3.57142857142857,1.50958471778149,0.724170693465227,0.611885486438628,3.85714285714286,0.981917846578191,0.703843685563201,0.372313141365435,4,1.51938923566818,0.950110957716078,0.581026256999934,2,-0.828915728028531,-0.587694347450185,-0.346338725843645,2,0.56814825597861,0.443678416353276,0.17970236257254,1.21656228967107,0.964014454861668,0.434563343677204,1.46206307238104,1.13171800467637,0.620442369170932
"46",46,"female","white","yr5+","STEM","other","Kinesthetic",2.25,-2.02724956908053,-1.21567364755854,-1.19889455682866,1,-1.95766826697144,-1.12363438544422,-0.497556424846265,3.66666666666667,2.01724512123866,1.12854285258424,0.929968952191661,4.2,2.89805810053591,1.64848564566371,0.973578533292454,3.66666666666667,1.49542231508108,0.762570516221235,0.668785656230481,5,3.92613352833232,2.35294126627441,1.45210273364758,5,3.31170935523013,1.91813277875012,1.09562411681238,5,3.74208800854917,2.29084272651677,1.25970296808463,3.71428571428571,1.50293088593272,0.379044743893241,0.287619594797397,5,3.63130769413571,2.34893386780816,1.3870550416303,3.28571428571429,-0.034365126938403,-0.361014640542069,-0.371732838278221,3,1.16457844923197,0.906136076640967,0.484725501406459,1.75,-0.14806069722189,-0.321352148580766,-0.133556819734785,2.44874028222652,1.67626472881248,1.07025430951376,1.71472649459566,1.09638953941437,0.727874732693121
"47",47,"female","white","yr2","STEM","math04","Visual",2.5,-1.65126352137203,-0.822604476102164,-1.11155672577205,1,-1.95766826697144,-1.12363438544422,-0.497556424846265,3.66666666666667,2.01724512123866,1.12854285258424,0.929968952191661,4.6,3.87270732313095,2.5680864837317,1.0515512456011,2.66666666666667,-0.459414479353475,-0.512795689757331,-0.207584911262774,2.71428571428571,-1.08641404052393,-0.786078945084048,-0.408496870336186,4.28571428571429,1.59964172512442,0.83929182088737,0.516524210234371,4,1.36654919020231,0.749609355696967,0.445698258085567,2.42857142857143,-1.11597388314838,-0.258402057121367,-0.547609237875501,4,1.65912000465835,0.804054403772129,0.786281016493266,2.14285714285714,-2.57417825075555,-1.93235414122341,-1.1545718476104,4,3.15807262649247,2.39996650073212,1.31578972865656,1,-1.67156413915867,-0.843882077011064,-0.352923347074065,-0.098921304440982,-0.258806222771718,0.0748561741128528,-0.214268276530472,-0.300855194784241,-0.0908633668161937
"48",48,"female","Asian","yr1","STEM","stats","Kinesthetic",2.25,-1.88703985209571,-1.4912722210864,-0.623368029838954,1.8,-0.325375469206392,-0.396228533523798,-0.0433182355795165,3.33333333333333,-0.38420801108363,-0.491854837265455,-1.49247496424828,4.4,3.7334178740868,1.95437560187789,1.23054860569901,2.16666666666667,-1.55189792403755,-0.867480355966464,-0.707750593083517,2,-2.94890922957577,-1.63390205878976,-1.1449856651735,2.42857142857143,-2.90041142801686,-1.66158098612925,-0.947357923896185,2.14285714285714,-3.29338859785938,-1.99415115732267,-1.11470806961529,3,0.25691908612452,0.137594141082274,0.095568161094402,3,-1.03568270206862,-0.480874962536385,-0.484373342228659,2.28571428571429,-2.28579353277926,-1.19839577040272,-0.786455873191921,2.33333333333333,-0.182787931602778,-0.151535293840168,-0.0936700371453748,1.5,-0.621148175827482,-0.512726667522369,-0.191568062242842,-2.26951029413225,-1.70681686994077,-0.830129771062847,-1.29376313751979,-0.806074004723424,-0.549118665557514
"49",49,"female","white","yr2","Business","math03","Auditory",4.25,1.35508862237678,0.862338556820433,0.78938340798346,2,0.0369154594844676,0.272522841199043,-0.0356693319160627,4,-0.253246893561262,-0.19897322962304,2.27770380661051,2.9,-0.82744951945155,-0.768134464234897,-0.127962264935699,2.66666666666667,-0.498423587144785,-0.431804096508661,-0.216250759130158,3.57142857142857,0.81320147301819,0.479672579012502,0.38243068709699,3.85714285714286,0.531042080202455,0.484257528963763,0.13601132516518,3,-1.21443912679783,-0.65598307667468,-0.427864202664323,3.14285714285714,0.429876486592836,0.008942791960116,0.145860974086945,3,-1.12239260503504,-0.543284275099345,-0.536003355970955,4.42857142857143,2.45645406428528,1.41731954902983,0.922039306631173,1.33333333333333,-2.1670198649557,-1.4284764743711,-0.921049640342871,2,0.595845985656946,0.604312887225388,0.161499474419406,0.594623941960984,0.538578446234009,0.126364579612795,-0.367802398501317,-0.203113366515735,-0.156110596523368
"50",50,"female","Black","yr5+","STEM","other","Kinesthetic",1.75,-2.85846512650432,-1.83565017910134,-1.70371969962931,1.4,-1.08715512479952,-0.633063023044042,-0.290157472800384,4,0.677218871108836,0.274300602015368,1.7169465618504,4,2.21457891444923,1.44769481588828,0.631774592114571,3,0.135804856810439,0.0439443520212726,0.0692248446601883,3.71428571428571,1.10062809066515,0.618888990805371,0.439086826763869,4.14285714285714,1.21462898572691,0.798636408680944,0.384165323039076,4.14285714285714,1.66086872287151,0.891185601590308,0.555249361015664,3.85714285714286,1.99645646045663,1.36002115618435,0.604271342784349,3.57142857142857,0.411201631162593,0.235243203818374,0.191472377546591,4,1.51938923566818,0.950110957716078,0.581026256999934,2.33333333333333,-0.173525687695199,0.0653539497200516,-0.0899854130927663,1.5,-0.621148175827482,-0.512726667522369,-0.191568062242842,1.06363341165548,0.839121573146913,0.359871848862866,1.00859970643555,0.660866964505255,0.428241268035575
"51",51,"male","white","yr1","STEM","math03","Kinesthetic",4.5,1.7737637180346,1.20269601533094,1.03732585095717,2.4,0.937009232358266,0.418590236932354,0.260315639859759,2.33333333333333,-1.94692384871474,-0.768771075389286,-0.488864324663798,3.9,1.82965318310041,1.17689013028477,0.417599608793023,1.66666666666667,-2.42373339881429,-1.66879284048595,-1.10190614182029,1.42857142857143,-4.18096731892886,-2.29941033118336,-1.58955936046304,3.14285714285714,-1.11771098498157,-0.504984007267766,-0.416215447802883,1.42857142857143,-5.11015953467368,-3.25541077700807,-1.75895218896675,1.85714285714286,-2.58370511024747,-1.38979575088395,-1.09723200585259,2.14285714285714,-2.88840348067574,-1.79052869473733,-1.14810241443897,2,-2.91564061347981,-1.90475435882293,-1.20454317545069,2,-0.828915728028531,-0.587694347450185,-0.346338725843645,1,-1.67156413915867,-0.843882077011064,-0.352923347074065,-2.83339759809852,-2.25790204025174,-1.05904557394493,-3.06820016898472,-2.07893824688079,-1.30240125554559
"52",52,"male","Black","yr2","Health","stats","Kinesthetic",1.5,-3.27016637292725,-2.27215557873457,-2.01851796765663,1.2,-1.5819585307646,-0.870336402023775,-0.389446695623462,3.66666666666667,1.08677935656856,0.655269020945832,1.49072619695178,5,5.13171496016993,3.22150048198912,1.52393034932561,1,-3.79203261148157,-2.34739938273651,-1.73356025113357,1.71428571428571,-3.48280223279112,-2.01714359055967,-1.27189692574926,2.28571428571429,-3.23432051598783,-1.59256731722677,-1.07279355685028,3.28571428571429,-0.3604683506726,-0.567926556750496,-0.137470271347073,2.42857142857143,-1.00511176300134,-0.503251942717479,-0.340739563766783,2.28571428571429,-2.51231986947532,-1.69069801041196,-0.945193839810399,2,-2.91850295675006,-2.09131083701253,-1.27684965292964,1.33333333333333,-2.13043356478762,-1.67690169823044,-0.855360727292794,1,-1.67156413915867,-0.843882077011064,-0.352923347074065,-3.03435324712505,-2.35435209301139,-1.08220088782522,-1.50728936014495,-1.31615762353735,-0.639326176724221
"53",53,"female","white","yr2","Other","math01","Kinesthetic",3.75,0.480344801660627,0.451960064824427,0.181869221466081,1.8,-0.309213646020511,-0.325279108888271,-0.0551930414089239,2.66666666666667,0.444721121721685,0.560854307527941,-0.00566805113469071,3.5,0.792776861769299,0.596878259759102,0.275280828300816,2.83333333333333,-0.240034526782892,-0.0512505946533445,-0.103277318570553,2,-2.87176687779788,-1.72657426235953,-1.04708837341827,2,-3.86630723736702,-2.26933601893863,-1.22117448886805,3,-1.21944119786387,-0.486783821860545,-0.386042449145164,2.14285714285714,-1.63197509515674,-1.0393799213503,-0.517294403662759,2.14285714285714,-2.97449323645056,-1.75624620276239,-1.20287404758824,3.14285714285714,-0.38323404006045,0.0568202492942136,-0.00566253371130024,2.33333333333333,-0.182787931602778,-0.151535293840168,-0.0936700371453748,1.25,-1.19847666055308,-0.652507558069461,-0.294912104566007,-2.37992981573692,-1.67422343854131,-0.96663027951802,-0.809808814336651,-0.551178307965934,-0.343814081247927
"54",54,"female","white","yr2","STEM","stats","Auditory",2.5,-1.59029726639398,-0.932041238260073,-0.866179679469784,1.4,-1.10401813012744,-0.75291334887328,-0.278877052484074,4.33333333333333,1.19812415031921,0.366606014723312,1.3824096819889,2.6,-1.9019623306966,-1.1451187344448,-0.65609814878439,4.83333333333333,3.65739372755912,2.37339626650933,1.66934150941113,4.85714285714286,3.68645384562358,2.11529999085397,1.39500778656879,5,3.31170935523013,1.91813277875012,1.09562411681238,5,3.74208800854917,2.29084272651677,1.25970296808463,3.14285714285714,0.769454344915467,0.826645537417674,0.450558032369022,5,3.63130769413571,2.34893386780816,1.3870550416303,4.71428571428571,3.10258602381901,1.81257946547335,1.07654562239502,3,1.16457844923197,0.906136076640967,0.484725501406459,3.5,3.85827661444709,2.06239431920631,0.873683357050368,3.29199794461466,2.52741338281005,1.22263136053356,2.49366265606626,1.80392925208987,1.05822166386895
"55",55,"female","white","yr1","STEM","math02","Kinesthetic",3.25,-0.3073424924708,-0.377614506265176,-0.220266877617842,2.4,0.910487225992957,0.617402289617476,0.241570666913904,3,-0.905113290294001,-0.584160249973399,-1.15793808438679,3.5,0.837261922408319,0.456702872167391,0.301426706514515,1.33333333333333,-3.09837139110552,-2.0725008760373,-1.41366121575076,1,-5.24059014887847,-2.96284983381114,-2.01068179811386,4.28571428571429,1.61942952944224,0.898457550251422,0.499218113901826,3.14285714285714,-0.706053479892555,-0.709455403779074,-0.287230160129633,1.71428571428571,-2.53642412866574,-0.794970045949463,-1.01766418024787,2.85714285714286,-1.01476132549343,-1.00376170914,-0.223722373792208,2,-2.93109771527074,-1.91511158501994,-1.26017444966891,1,-2.82240990528903,-2.08152477154134,-1.17740295309375,1.25,-1.06306705841646,-0.285362299637186,-0.176389578742941,-1.88659112816844,-1.60281166536155,-0.720544420681061,-1.98594383862626,-1.62551795255544,-0.842679943877299
"56",56,"male","white","yr1","STEM","other","Visual",2,-2.41020946602394,-1.51259487789219,-1.21937656283166,1.2,-1.53927470121341,-0.99819903007337,-0.382576528507014,4,2.54795856233489,1.51162057222465,2.534679715241,3.8,1.81650986550009,1.04371125432759,0.579543444642833,2.83333333333333,-0.140010911172768,-0.279977524020155,-0.0622635828323453,3.28571428571429,0.0514948005471295,0.124891353717203,-0.0077601914342912,3,-1.4445783370318,-0.866311140988801,-0.484746934034599,4,1.33676022479795,0.828532627346292,0.455808078053629,2.28571428571429,-1.37828507067577,-0.262718696525183,-0.555539909219454,3.42857142857143,0.0847867910703864,0.093595018505162,-0.0228903531554786,4.14285714285714,1.83691780680746,0.988657793127978,0.648539515359959,2.66666666666667,0.509188408898638,0.253087779470729,0.22837218865558,1.25,-1.09423565443307,-0.704101186463973,-0.2495793047509,0.0108297280284301,0.153996915761417,-0.0561341160671416,-0.118946465970293,-0.214661879435385,-0.0504450912536857
"57",57,"female","other","yr3","Other","math01","Visual",4,1.01481777338269,0.512705613540909,0.929506013897561,3.8,3.81176510202349,1.98665644746144,0.959627078098006,3,-1.84538721684996,-1.34820638854427,-2.5364284825375,3,-0.631404450771228,-0.398444438507319,-0.211703587636277,3,0.0953953084744368,0.11598476499985,0.0429453745200661,3,-0.657228310273073,-0.304954283768369,-0.279289532233136,3,-1.50399953365457,-0.934794517307775,-0.482366485244439,3,-1.19326677697627,-0.675498713774425,-0.409499211486148,3,0.196426032244247,0.106386402066042,0.0620288519513763,3,-0.988426542380879,-0.547208533237225,-0.413211125194478,3,-0.694156755028705,-0.322925183049944,-0.214117423987157,2,-0.828915728028531,-0.587694347450185,-0.346338725843645,2,0.56814825597861,0.443678416353276,0.17970236257254,-0.938147721068434,-0.693517724527344,-0.346764245030412,-0.255233020154602,-0.0947131141922041,-0.108410916539852
"58",58,"female","white","yr3","STEM","math04","Kinesthetic",4.25,1.41605487735483,0.752901794662524,1.03476045428573,1.4,-1.16356496500656,-0.744901046652924,-0.274466799284212,3,0.965626400932056,0.653159720235885,-0.340204930996185,4.4,3.52098816229078,1.98203495152075,1.06820577452097,2.33333333333333,-1.14227921550963,-0.819259952767932,-0.527599135119401,3.71428571428571,1.10410360680847,0.511240755728641,0.424782650450093,4.28571428571429,1.69043316865415,0.918511201616913,0.587952905730402,3.71428571428571,0.574206858750382,0.128161789913757,0.211611458495847,2.42857142857143,-0.852925704802609,-0.656930799416368,-0.185782093471023,3.28571428571429,-0.0455381665544892,-0.284097267660167,0.077143060782643,2.85714285714286,-1.01827971930544,-0.894504538431896,-0.595354042507762,2.66666666666667,0.472602108730554,0.501513003330069,0.162683275605504,1.75,-0.14806069722189,-0.321352148580766,-0.133556819734785,0.42129586893387,0.156472533826732,0.239265448979467,-0.314098886723173,-0.350730310810431,-0.133147745968551
"59",59,"female","white","yr2","STEM","other","Auditory",1.5,-3.23445117421283,-2.22871935055772,-1.79105753068592,1,-1.95766826697144,-1.12363438544422,-0.497556424846265,3.33333333333333,0.55606591547233,0.272191301305421,-0.113984566097563,5,5.13171496016993,3.22150048198912,1.52393034932561,2.66666666666667,-0.501420548152992,-0.368577373740491,-0.223493355922307,2.42857142857143,-1.72487734700203,-1.11516328466367,-0.573929080119847,2.42857142857143,-2.92208714166751,-1.41981528667694,-1.05576946983979,3.28571428571429,-0.402037461311889,-0.267980262967157,-0.132012947405529,2.57142857142857,-0.838241032748144,-0.690780361855649,-0.4923570751328,4.14285714285714,1.9478286259723,1.13497855698699,0.83319011854948,3.28571428571429,-0.0764546309795717,-0.248464103675853,-0.158378348441451,1.66666666666667,-1.48430576836186,-1.24074264462042,-0.602692038594524,1.5,-0.621148175827482,-0.512726667522369,-0.191568062242842,-0.767037091902207,-0.443136320956236,-0.254698421404273,-0.656463061748962,-0.505507413860975,-0.278644387312099
"60",60,"male","other","yr2","STEM","math02","Auditory",3.75,0.699797980652237,0.0101996799266251,1.08754522914322,2.6,1.39585613335717,0.440108020050774,0.346650794410316,3.66666666666667,-0.783960334657495,-0.582050949263451,0.672993043561175,2.9,-1.00711682916585,-0.543326626210925,-0.376986730905787,3.83333333333333,1.66849966771583,1.21846484242083,0.759712577250152,3.57142857142857,0.595444568212845,0.472457401000196,0.179232606760567,3.85714285714286,0.585693799488485,0.358872535093769,0.196176549623793,3.57142857142857,0.223735022324745,0.0925567955087028,0.0455843729819602,2,-1.96577425978034,-0.881984378382046,-0.725276902263008,3.85714285714286,0.981917846578191,0.703843685563201,0.372313141365435,3.57142857142857,0.547841886207007,0.359029495668288,0.211084087264836,1.66666666666667,-1.48430576836186,-1.24074264462042,-0.602692038594524,2.25,1.14894760704249,0.841563722855043,0.374439019056798,0.631780188497322,0.493553531746135,0.232128896232641,-0.0697294843176057,0.00438160642427396,-0.0298824665141119
"61",61,"female","white","yr1","Other","math01","Visual",2.75,-1.10981670041507,-0.858006868508405,-0.430775758394179,1.2,-1.53857351907136,-0.949298128879659,-0.381982142993917,3.66666666666667,1.08677935656856,0.655269020945832,1.49072619695178,3.8,1.81650986550009,1.04371125432759,0.579543444642833,3.16666666666667,0.456982015512222,0.335269003725519,0.202400225492506,3.57142857142857,0.74294166867609,0.378911281106547,0.276333556081807,3.57142857142857,-0.107242338852864,0.0481620718048488,-0.0413634344100077,3.28571428571429,-0.440525260700529,-0.211751369069854,-0.152879751471887,2,-2.11574700592644,-1.08880541132812,-0.920194409871559,4.71428571428571,3.03052670316952,1.89935473230934,1.16392941542481,2.57142857142857,-1.62651364391329,-1.12360773654865,-0.719728272490351,3,1.15531620532439,0.689246833080747,0.48104087735385,1.5,-0.725389181947489,-0.461133039127857,-0.23690086205795,0.440585493072756,0.261404761111032,0.300440731555576,-0.753990891189914,-0.537086201113123,-0.320211149635201
"62",62,"female","white","yr2","Business","math02","Kinesthetic",2.5,-1.57551035258114,-1.28122344710645,-1.05780689777737,1,-1.95766826697144,-1.12363438544422,-0.497556424846265,3.33333333333333,-0.38420801108363,-0.491854837265455,-1.49247496424828,5,5.13171496016993,3.22150048198912,1.52393034932561,4.16666666666667,2.33950439761385,1.5840120247065,1.06008007256602,4.14285714285714,2.16815492424017,1.06661838108254,0.853235385096965,4.42857142857143,1.89821589125137,1.11301528839813,0.632319320912972,4.71428571428571,3.00697686478995,1.96180617332206,1.00091850477214,4.42857142857143,3.2394923410376,1.71917397131349,1.06864526640193,5,3.63130769413571,2.34893386780816,1.3870550416303,4.42857142857143,2.43065905645613,1.40168487798462,0.765932781647155,3.33333333333333,1.84729254582581,1.09386990639164,0.803083103154805,2.5,1.49009634984974,0.923897399319047,0.405320349902883,2.38473177034384,1.8641132339509,0.892924777954631,2.39950928328238,1.7375651614217,1.01845278148333
"63",63,"female","white","yr2","Health","stats","Visual",4.5,1.7737637180346,1.20269601533094,1.03732585095717,1.8,-0.250367993283439,-0.382192312302339,-0.0601976801218837,3.33333333333333,-0.364591687311907,0.0896897765994806,2.38602032157339,1.3,-5.62393462653927,-3.46567067214989,-1.78253027567019,4.33333333333333,2.75593039960075,1.73785094740788,1.25708678381936,4.85714285714286,3.68645384562358,2.11529999085397,1.39500778656879,4.85714285714286,2.99354824393084,1.78533618312272,0.985171850652201,5,3.74208800854917,2.29084272651677,1.25970296808463,3.85714285714286,2.22097443311694,1.2342609399475,0.883503728613524,4.85714285714286,3.39003907742439,2.14318944562744,1.33481901599887,3.71428571428571,0.907459961387462,0.285025794213973,0.0652428557880909,3,1.16457844923197,0.906136076640967,0.484725501406459,2,0.460436383520324,0.237167628793113,0.0429769485963397,2.56012043116597,1.83634707513078,1.06118128676703,2.58694475816496,1.83868773448833,1.09797923544776
"64",64,"female","white","yr2","Health","stats","Visual",2.75,-1.1350677566787,-0.705133878173644,-0.44869236772574,3,2.11992546937932,1.26726289776137,0.50979914203112,3,0.0351606362619581,0.179885888597477,0.220552313763931,3.3,0.267739714612512,0.291309335511838,0.159828151920863,3,0.0953953084744368,0.11598476499985,0.0429453745200661,3,-0.657228310273073,-0.304954283768369,-0.279289532233136,3,-1.50399953365457,-0.934794517307775,-0.482366485244439,3,-1.19326677697627,-0.675498713774425,-0.409499211486148,3,0.196426032244247,0.106386402066042,0.0620288519513763,3,-0.988426542380879,-0.547208533237225,-0.413211125194478,3,-0.694156755028705,-0.322925183049944,-0.214117423987157,2,-0.828915728028531,-0.587694347450185,-0.346338725843645,2,0.56814825597861,0.443678416353276,0.17970236257254,-0.938147721068434,-0.693517724527344,-0.346764245030412,-0.255233020154602,-0.0947131141922041,-0.108410916539852
"65",65,"female","white","yr5+","STEM","stats","Kinesthetic",4.75,2.20374217148625,1.58247636575213,1.43689655336965,2,0.0389572930123159,0.710024755943254,-0.148599348817917,3.66666666666667,-0.793768496543356,-0.872823256195919,-1.26625459934966,3,-0.702557131271479,-0.326110850212567,-0.26038116509647,4.5,3.03997291144888,1.96452905090855,1.39683436123806,2.85714285714286,-0.672337025591556,-0.706950913974494,-0.120977724867872,4.14285714285714,1.25254443583589,0.851090513571582,0.422028802432715,3.85714285714286,1.01380852555296,0.613439582404807,0.417375999700486,2.42857142857143,-0.86454929040909,-0.804148458672919,-0.167525058107086,4.28571428571429,2.14027740341035,1.28055100043808,0.924760618475073,2.42857142857143,-1.94642951929282,-1.37208261789144,-0.933898734774334,3.66666666666667,2.51194483006672,1.9638074471221,1.06312103995829,2,0.460436383520324,0.237167628793113,0.0429769485963397,0.244276937417211,0.0377948294121513,0.204884877674771,1.10976755936833,0.899890226446355,0.470693939630921
"66",66,"male","white","yr4","Other","math01","Kinesthetic",4,0.820615650654713,0.80159300810395,0.0417466155519794,1.8,-0.395282487264934,-0.118454753982794,-0.0695277611549169,3.66666666666667,-0.793768496543356,-0.872823256195919,-1.26625459934966,3,-0.702557131271479,-0.326110850212567,-0.26038116509647,2.83333333333333,-0.211025753377589,-0.0935049013283295,-0.0907246730312159,3.28571428571429,0.209048665460741,-0.00433025066336845,0.149422295506043,3,-1.50399953365457,-0.934794517307775,-0.482366485244439,4,1.27441061578645,0.807672006371172,0.42510187829924,3,0.196426032244247,0.106386402066042,0.0620288519513763,3.71428571428571,0.720659584911227,0.451283531786649,0.263796332012421,3,-0.694156755028705,-0.322925183049944,-0.214117423987157,3.33333333333333,1.84729254582581,1.09386990639164,0.803083103154805,1.25,-1.19847666055308,-0.652507558069461,-0.294912104566007,-0.2287989942989,-0.149321723390608,-0.0314263555129442,0.348884947411852,0.158889942886842,0.148192617441013
"67",67,"male","white","yr5+","STEM","other","Kinesthetic",3,-0.708579596442934,-0.617810687386791,-0.32552131800601,1,-1.95766826697144,-1.12363438544422,-0.497556424846265,3.33333333333333,1.49633984202829,1.0362374398763,1.26450583205315,4.7,4.22847647789265,2.53276384650434,1.24055117630093,2.83333333333333,-0.145859773805822,-0.122447615504525,-0.0688266672820101,3.14285714285714,-0.0700822983051671,-0.310230833457186,0.0194431720001342,4.71428571428571,2.67538713263154,1.65253958749531,0.874719584492025,4.28571428571429,1.87173886391938,1.29543491248244,0.60854622090972,3.14285714285714,0.605524990979364,-0.000807504036416794,0.373297015409157,4.57142857142857,2.90750184400176,1.73170060126601,1.23034696473601,3.71428571428571,0.878081318853023,0.371757573439785,0.328378036901772,3,1.16457844923197,0.906136076640967,0.484725501406459,1.25,-1.09423565443307,-0.704101186463973,-0.2495793047509,1.64028486502936,1.23472516904104,0.595955580833146,0.772500809979569,0.448534925770852,0.328054526791167
"68",68,"female","white","yr1","Other","math02","Auditory",1.75,-2.81493686321196,-2.04524821864814,-1.60103065591258,1,-1.95766826697144,-1.12363438544422,-0.497556424846265,3.33333333333333,2.43661376858425,1.80028357844717,2.64299623020387,4.1,2.49220910119957,1.62391682294307,0.694546695160341,1.83333333333333,-2.14253856779527,-1.43433251480065,-0.979393295935969,1.71428571428571,-3.45857495781322,-2.0566143506169,-1.31306968509407,3.42857142857143,-0.399171488810982,-0.0262820904297551,-0.201671014871876,3.28571428571429,-0.531623386540579,-0.203777652293872,-0.209692543645635,1.85714285714286,-2.10311349079984,-1.43085303560726,-0.610106453918354,4,1.5495715430391,0.765134787097421,0.687639070934647,2.42857142857143,-1.95776855235712,-1.48213525207164,-0.933032007515335,2,-0.828915728028531,-0.587694347450185,-0.346338725843645,1,-1.67156413915867,-0.843882077011064,-0.352923347074065,-1.18210670774723,-0.940985709541975,-0.400077029842311,-1.30473942580026,-1.06763025968491,-0.553612534175739
"69",69,"male","white","yr3","STEM","math03","Auditory",3,-0.762572002186085,-0.604521866351606,-0.637754189361886,1.2,-1.53857351907136,-0.949298128879659,-0.381982142993917,4,1.60768463577893,0.747574433653776,1.15618931709028,3.7,1.3945418148465,0.826823054444323,0.42232306607822,2.66666666666667,-0.459414479353475,-0.512795689757331,-0.207584911262774,3.14285714285714,0.0396972719449646,-0.163073196855584,0.178015966074844,4,0.930343496890451,0.457317924050242,0.343865999399007,3.42857142857143,0.0082824553960337,-0.107377152875599,0.00797393099892717,1.71428571428571,-2.44597992848209,-1.44248115408807,-0.723482348182736,3.85714285714286,1.21569598825555,0.591938333941733,0.591164831250958,3.14285714285714,-0.384253130490642,-0.1053926893176,-0.301171486515346,2,-0.828915728028531,-0.587694347450185,-0.346338725843645,1.25,-1.19847666055308,-0.652507558069461,-0.294912104566007,0.566398447473726,0.360813360056139,0.267137664185948,-0.721910304446821,-0.590739453882299,-0.306427306505625
"70",70,"male","white","yr1","STEM","math03","Kinesthetic",2.25,-2.08124197482369,-1.20238482652335,-1.51112742818454,1.2,-1.53927470121341,-0.99819903007337,-0.382576528507014,3.66666666666667,2.95751904779462,1.89258899115512,2.30845935034238,4,2.13598325217345,1.47346458961382,0.59511806280467,3.66666666666667,1.46164299014649,0.80954505969732,0.661136361497106,3.57142857142857,0.682574299357346,0.464154813423738,0.272086489143366,4.14285714285714,1.24382380653093,0.745119909843552,0.405783053073911,4.14285714285714,1.57246005683277,0.995764470338458,0.489910973351773,3.14285714285714,0.520551521813882,0.453306688502624,0.190267383161241,4.28571428571429,2.20908688763927,1.38753871076354,0.941706927902494,4.42857142857143,2.50011582956821,1.32270932017856,0.9330902577969,2.66666666666667,0.509188408898638,0.253087779470729,0.22837218865558,1.75,-0.252301703341897,-0.269758520186254,-0.178889619549892,1.64558505669942,1.35895272218779,0.550914202653944,0.992607229933261,0.720280094709246,0.421227769839862
"71",71,"female","Asian","yr1","STEM","stats","Kinesthetic",2,-2.40323561678904,-1.60874281901492,-1.28623238788527,1,-1.95766826697144,-1.12363438544422,-0.497556424846265,4,1.6174927976648,1.03834674058624,3.09543696000112,4.7,4.29680488098141,2.67515829265739,1.34026188671614,4.83333333333333,3.67402428534654,2.30959311043315,1.68408488714593,4.71428571428571,3.39230900996784,1.94783676582676,1.30478295970423,4.42857142857143,1.98210569385077,1.08565900391525,0.661167988275539,4.42857142857143,2.32508620924815,1.52278721723364,0.80461938361652,3.85714285714286,2.21354958899894,0.905911420722619,0.949104773527157,4.14285714285714,1.57998946413463,0.965336887165783,0.576983307571195,4.42857142857143,2.45645406428528,1.41731954902983,0.922039306631173,2.66666666666667,0.509188408898638,0.253087779470729,0.22837218865558,1.25,-1.19847666055308,-0.652507558069461,-0.294912104566007,2.30618118725799,1.78202516783726,0.850114325871576,2.53978649636699,1.95599139492526,1.0777660452552
"72",72,"male","white","yr1","Business","math02","Visual",2.5,-1.65475381458792,-1.1150616357365,-1.38795637846481,1.4,-1.16286378286451,-0.696000145459213,-0.273872413771114,2,-1.54717152514088,-0.67857496339129,-2.65433233247325,3.4,0.521222710609519,0.210936301901823,0.0406020995730802,3,0.0953953084744368,0.11598476499985,0.0429453745200661,2.71428571428571,-1.37607667039451,-0.677261468089286,-0.590491897283483,3,-1.4775109475519,-0.969145723978705,-0.4451293016294,3.14285714285714,-0.828328097686244,-0.343567540275074,-0.27876443644324,2.71428571428571,-0.340382406434369,-0.107864611802899,-0.0821254614351058,2.85714285714286,-1.2296951590922,-0.752952955417942,-0.46544715082591,2.57142857142857,-1.64307708732735,-0.845419701551927,-0.633152523105473,2.33333333333333,-0.182787931602778,-0.151535293840168,-0.0936700371453748,1.25,-1.19847666055308,-0.652507558069461,-0.294912104566007,-1.40820613751991,-1.10521890160925,-0.499848203262751,-0.266530645192286,-0.136461072237953,-0.113198068506723
"73",73,"female","white","yr2","Other","math01","Visual",3.25,-0.368308747448848,-0.268177744107268,-0.465643923920112,1,-1.95766826697144,-1.12363438544422,-0.497556424846265,3.33333333333333,0.565874077358191,0.562963608237888,1.82526307681327,3.8,1.61241992626437,0.98853705889842,0.442855143431448,3.66666666666667,1.34069228561263,0.952206060219073,0.607907021011088,3.71428571428571,1.01002284337732,0.734839813458558,0.360537120694846,3.28571428571429,-0.845826264102772,-0.397001934333486,-0.325694268925201,3.57142857142857,0.187748751665323,0.0446481946946209,0.0814639757794227,2.85714285714286,-0.267283682250872,0.033064652148982,-0.268965240480021,3.42857142857143,0.061764387502664,-0.0744285873415705,0.00658685563759738,4.42857142857143,2.45224824639825,1.45500255580332,0.968174118836359,2.66666666666667,0.463339864822976,0.284623759769849,0.158998651552895,1.25,-1.19847666055308,-0.652507558069461,-0.294912104566007,0.593724146682468,0.612797547361829,0.148248381237595,0.240205386521139,0.22524346600294,0.101766784557525
"74",74,"male","other","yr2","Other","math02","Kinesthetic",2.5,-1.6260124651084,-0.975477466436925,-1.09364011644049,1,-1.95766826697144,-1.12363438544422,-0.497556424846265,4.66666666666667,1.72883759141544,0.749683734363724,2.98712044503824,4.1,2.49540900465043,1.51166690755836,0.888199404046844,2.83333333333333,-0.110205987933571,-0.315060300432853,-0.0459393280948757,3.85714285714286,1.54024964244454,0.885112938364806,0.641670081398362,3.14285714285714,-1.17801740987777,-0.37112472336672,-0.474067733730555,3.57142857142857,0.143144879030706,0.0952229630387505,-0.0094961775236764,2.57142857142857,-0.58426530598154,0.240898995496093,-0.185920095621432,3.71428571428571,0.744457038754543,0.31174785243616,0.291088236637257,1.71428571428571,-3.55675044111785,-1.78492206331134,-1.26973157205646,3.66666666666667,2.46609628599106,1.99534342742122,0.993747502855608,2.5,1.54549180920641,1.24516634106327,0.368914573596615,-0.515025073113804,-0.536802465968163,0.0110432045537217,-0.187048858280479,-0.149858885990091,-0.0793996198765316
"75",75,"male","white","yr2","Business","math03","Kinesthetic",5,2.60497927545839,1.82267254687374,1.54215099375782,2.2,0.483360343776097,0.1263001868939,0.132976060761085,3,-1.84538721684996,-1.34820638854427,-2.5364284825375,3.5,0.876780214473729,0.473414708730424,0.245374488006509,1.33333333333333,-3.18681294093165,-1.82939662753159,-1.46063729288256,1.28571428571429,-4.58528337509035,-2.66305713416184,-1.77200787688101,4.14285714285714,1.18715210711886,0.809016449582621,0.339609761152987,2.57142857142857,-2.15680586708816,-1.27947732049696,-0.726598583497942,2.57142857142857,-0.539232660431557,-0.058690515786721,-0.0775060743119159,1.85714285714286,-3.68725066325303,-2.12340129629411,-1.52966029097455,2.85714285714286,-1.06535572766002,-0.481390676360702,-0.394406990909083,2,-0.828915728028531,-0.587694347450185,-0.346338725843645,1.5,-0.482267707352581,0.112523006864581,0.0183470777413174,-2.1268911570989,-1.69258442073887,-0.927043404222351,-1.60075531901086,-1.21612086895566,-0.679153289041076
"76",76,"female","white","yr2","Other","math01","Kinesthetic",3,-0.769545851420981,-0.508373925228882,-0.57089836430828,1.8,-0.248965628999352,-0.284390509914916,-0.0590089090956883,3,-1.8355790549641,-1.05743408161181,-0.597180839626671,3.3,0.431036447908644,0.176494771980181,0.276743958652708,4.33333333333333,2.79714031856637,1.58646110112875,1.26922361928076,3.85714285714286,1.53666910954111,0.442465325797361,0.572709862604177,3.14285714285714,-1.20160078758098,-0.477627722784886,-0.445064115165451,3.28571428571429,-0.380086760314666,-0.447324929739198,-0.0400414389221073,3.57142857142857,1.54122124103028,0.523831129134767,0.642574004396734,3.85714285714286,0.955426382121691,0.509433702662654,0.414200821470748,3.42857142857143,0.214330125280714,0.181978676986074,0.11493080626638,2.66666666666667,0.463339864822976,0.284623759769849,0.158998651552895,2.5,1.7574446877847,1.40008350022892,0.550972787387923,0.379629812185607,0.345316621475653,0.192018519457043,1.32040358126289,1.16875448550326,0.560138482557597
"77",77,"male","white","yr3","STEM","other","Visual",2.5,-1.52151794683799,-1.29451226814163,-0.745574026421494,1.6,-0.830539058350898,-0.363740435182883,-0.173227237177857,3.33333333333333,1.49633984202829,1.0362374398763,1.26450583205315,4.9,4.93268043569537,3.01950870120877,1.49781477558974,2.83333333333333,-0.127013615778555,-0.38194153336201,-0.0589077837121485,3.14285714285714,-0.188591198050459,-0.397639517281876,-0.0655339804282115,3,-1.42290262338115,-1.10807684044112,-0.376335388090998,2.85714285714286,-1.54135244853305,-0.751965800700252,-0.460690939885729,3.28571428571429,0.887062958062242,0.00763270146027307,0.332135076211385,3.71428571428571,0.955678020971791,0.532761789240986,0.47636478308399,3.57142857142857,0.552876752146444,0.360678071533737,0.0589379827883146,2,-0.783067183952869,-0.619230327749305,-0.27696518874096,2.75,2.1958927040354,0.914614716389062,0.444401689726928,0.00380030025141812,0.069543451747195,0.0152958755161785,-0.139385883649204,-0.00016422653106353,-0.0591912367975429
"78",78,"female","white","yr3","STEM","other","Kinesthetic",3,-0.708579596442934,-0.617810687386791,-0.32552131800601,1.2,-1.567326019747,-0.726541020397375,-0.436242024844913,3.66666666666667,2.02705328312452,1.41931515951671,2.8692165951025,4.6,4.00776110509804,2.4181206752474,1.26931126477642,2.5,-0.782466098992921,-0.658482200009334,-0.355998336548851,3.28571428571429,0.120395317661629,-0.0588233017583229,0.0760236243559244,4,0.921238518334319,0.674625064318327,0.333888072345192,3.71428571428571,0.681043990143748,0.200798779343992,0.236052194557023,2.57142857142857,-0.679339641943747,-0.445444567893668,-0.320258833955686,3.71428571428571,0.9249930982296,0.455091330949092,0.437221540104321,2.28571428571429,-2.28183919665762,-1.54140880182635,-1.05370818272891,2.33333333333333,-0.136939387527115,-0.183071274139288,-0.0242965000426901,1.5,-0.725389181947489,-0.461133039127857,-0.23690086205795,-0.0637726650596664,-0.226177481816013,0.102742195138979,-0.294832600386856,-0.325578359938202,-0.125029395640695
"79",79,"male","white","yr1","Business","math02","Kinesthetic",3.5,0.122635960980856,0.00216584415601384,0.179303824794641,2,0.0811286012039387,0.0718142561585753,0.006121358592428,3.66666666666667,1.08677935656856,0.655269020945832,1.49072619695178,3.1,-0.358201325201523,-0.309426381354437,-0.174681284411507,3.16666666666667,0.473612573299643,0.271465847649343,0.217143603227301,2.85714285714286,-0.89350096168936,-0.628380825587804,-0.33028014225811,3.42857142857143,-0.480400469877609,-0.215419650243707,-0.187992537211481,3.28571428571429,-0.477740897400245,-0.371237948060632,-0.170826301179838,2.71428571428571,-0.444836675587615,-0.274859421983131,-0.202858921330383,3.28571428571429,-0.173857054692983,-0.256350480955708,-0.0275145928250474,3.57142857142857,0.561517174545486,0.527491850964787,0.309515089064576,2,-0.828915728028531,-0.587694347450185,-0.346338725843645,2,0.56814825597861,0.443678416353276,0.17970236257254,-0.192004552305602,-0.0697320656655733,-0.123815227646356,-0.165163034261777,-0.0673739966430656,-0.0702164343865219
"80",80,"female","white","yr4","Other","other","Kinesthetic",3.25,-0.278601142991278,-0.238030336965601,0.0740493844064723,2.8,1.70153190362128,1.14182754239052,0.39481924569187,4,0.677218871108836,0.274300602015368,1.7169465618504,2.9,-1.14217276373084,-0.464836736534458,-0.473974823655364,3.83333333333333,1.69227865826441,1.21022758551843,0.771248669655479,3.71428571428571,1.10062809066515,0.618888990805371,0.439086826763869,3.14285714285714,-1.1217364240737,-0.888519935527305,-0.32575945538915,2.85714285714286,-1.48127265413765,-0.792594224003605,-0.447594480249333,3.85714285714286,2.15354656910886,1.08433236191809,0.802583248811354,3.85714285714286,0.997640151688801,0.661829136287937,0.376451797199286,3.57142857142857,0.580690706421706,0.282513389710115,0.196010514109774,2,-0.828915728028531,-0.587694347450185,-0.346338725843645,2,0.56814825597861,0.443678416353276,0.17970236257254,0.405563623862553,0.367337788975443,0.17971071407941,0.795423251827725,0.81086139461018,0.337399355063681
"81",81,"female","white","yr5+","STEM","math02","Auditory",3.5,0.043392498974075,0.16832765552596,-0.150845655892796,1.2,-1.5819585307646,-0.870336402023775,-0.389446695623462,3.33333333333333,1.49633984202829,1.0362374398763,1.26450583205315,3.1,-0.350844970333367,-0.16628642167579,-0.114162785875102,3.33333333333333,0.746873389993413,0.404417198710561,0.348710887360863,3,-0.47892268652489,-0.365998413129442,-0.148975628323831,3.85714285714286,0.585693799488485,0.358872535093769,0.196176549623793,3.85714285714286,0.940490267941067,0.508395539399192,0.338083435793684,3.14285714285714,0.481440895814815,0.00163576996043923,0.202219549661408,4.14285714285714,1.64315177384788,1.04850206892466,0.575795039829829,2.85714285714286,-1.03508029571315,-0.680622279665823,-0.532544027041846,3.33333333333333,1.8199684895653,1.5591843738112,0.741078814157338,2,0.42926778750371,-0.181571258033675,-0.0302127774116195,0.082571815239444,-0.0123452608632472,0.0930220383168587,0.6758764018598,0.479597254828203,0.286856218249692
"82",82,"female","white","yr1","STEM","stats","Visual",5,2.60497927545839,1.82267254687374,1.54215099375782,1.4,-1.10401813012744,-0.75291334887328,-0.278877052484074,2.66666666666667,-2.36629249606033,-1.44051180125222,-2.20189160267601,1.2,-6.13876017376375,-3.46973862085356,-1.99246153204681,3,0.0887650850730227,0.141050634502342,0.0243151991133189,3.71428571428571,0.989339569393614,0.644799369761327,0.366997190358284,4,0.903854910787779,0.491669130721172,0.306628815783969,3.57142857142857,0.216463136642599,0.200267006044365,0.0697963863831255,2.71428571428571,-0.141540192014474,-0.0170534990971457,0.164588390680408,3.71428571428571,0.676961730468175,0.603713556666256,0.238969893198631,4,1.52961103872035,0.805007908212097,0.61504561322809,1,-2.82240990528903,-2.08152477154134,-1.17740295309375,1.25,-1.19847666055308,-0.652507558069461,-0.294912104566007,1.006146746211,0.81296276896962,0.333270945849065,0.214067880483952,0.152774830404442,0.0908842629208017
"83",83,"female","white","yr1","Business","stats","Kinesthetic",4,0.979102574668275,0.469269385364057,0.702045576926853,2.6,1.26850582684564,0.872596805393268,0.326634678574071,3.66666666666667,0.156313591898464,0.181995189307425,2.05148344171189,1.7,-4.42547349604872,-2.78730561786177,-1.33296854948005,1.83333333333333,-2.17851870390417,-1.31695971829411,-0.990513578263361,2.85714285714286,-1.1623433478745,-0.473248842251275,-0.559552265604029,2.71428571428571,-2.12554768353284,-1.54872907322732,-0.637439499754653,2.57142857142857,-2.25968137599129,-1.47122463084311,-0.756644660690855,2.14285714285714,-1.74465270000326,-1.18576757014548,-0.619198170945051,2.14285714285714,-2.82115767603235,-1.81004653384233,-1.02065941368321,3,-0.694156755028705,-0.322925183049944,-0.214117423987157,2.33333333333333,-0.182787931602778,-0.151535293840168,-0.0936700371453748,1.5,-0.621148175827482,-0.512726667522369,-0.191568062242842,-1.62143951232611,-1.20420386115853,-0.636369779275608,-1.77171407079026,-1.29908042795353,-0.751913984796284
"84",84,"male","white","yr2","Business","math02","Visual",3,-0.733830652706563,-0.464937697052029,-0.343437927337572,2,0.0642655958760141,-0.0480360696706628,0.0174017789087377,3,-1.8355790549641,-1.05743408161181,-0.597180839626671,3,-0.702557131271479,-0.326110850212567,-0.26038116509647,3.5,1.11686391095369,0.657142053900808,0.514649966141939,3,-0.657228310273073,-0.304954283768369,-0.279289532233136,3,-1.50399953365457,-0.934794517307775,-0.482366485244439,3,-1.19326677697627,-0.675498713774425,-0.409499211486148,3,0.196426032244247,0.106386402066042,0.0620288519513763,3,-0.988426542380879,-0.547208533237225,-0.413211125194478,3,-0.694156755028705,-0.322925183049944,-0.214117423987157,2,-0.828915728028531,-0.587694347450185,-0.346338725843645,2,0.56814825597861,0.443678416353276,0.17970236257254,-0.938147721068434,-0.693517724527344,-0.346764245030412,0.0483627425288691,0.188731689165787,0.0203138851504725
"85",85,"female","white","yr2","Business","math02","Auditory",3,-0.62584584122026,-0.4915153391224,0.281027815374179,1.8,-0.382179288415615,0.0981865846344803,-0.15124361376841,1.33333333333333,-0.728050554221426,0.0833618744696379,-3.1067730622705,3.1,-0.361602633075943,-0.0447371000797378,-0.0491623303462748,3.5,1.06407614699981,0.707633617478195,0.490561228197275,3,-0.657228310273073,-0.304954283768369,-0.279289532233136,3,-1.48322343683137,-0.851657622174469,-0.492354203305933,3.14285714285714,-0.922736486718204,-0.346993933879342,-0.31697055634756,2.71428571428571,-0.444836675587615,-0.274859421983131,-0.202858921330383,3,-1.01849131793147,-0.528187186991216,-0.455495987581124,2.57142857142857,-1.63598184335457,-0.968965617805986,-0.651093118053469,3,1.16457844923197,0.906136076640967,0.484725501406459,2.5,1.7574446877847,1.40008350022892,0.550972787387923,-1.23798275859327,-0.984409107057593,-0.411960195122511,-0.110037457263818,0.0384487588527073,-0.0469231987075329
"86",86,"female","white","yr5+","Business","math02","Visual",3.75,0.624044811861348,0.468818650930909,1.03379540114854,1.4,-1.17698377252255,-0.329447655350529,-0.374927624843561,2.66666666666667,-2.36629249606033,-1.44051180125222,-2.20189160267601,3,-0.702557131271479,-0.326110850212567,-0.26038116509647,3.16666666666667,0.513845051578083,0.068741045665432,0.245197995484945,5,3.92613352833232,2.35294126627441,1.45210273364758,5,3.31170935523013,1.91813277875012,1.09562411681238,5,3.74208800854917,2.29084272651677,1.25970296808463,5,4.57314979566002,2.32881677317432,1.63321748061498,5,3.63130769413571,2.34893386780816,1.3870550416303,5,3.73293522636506,2.2231470984821,1.37616993798703,3,1.16457844923197,0.906136076640967,0.484725501406459,3,2.80786065111589,1.73123890971762,0.712328072219146,3.51312587973905,2.73643153309284,1.27620653520245,2.55667736969008,1.71980806551531,1.08550239017013
"87",87,"female","white","yr2","Business","math02","Auditory",4.5,1.85300718004138,1.03653420396099,1.36747533164461,3.2,2.49563520558617,1.52056088118182,0.617908871253923,3.66666666666667,-0.793768496543356,-0.872823256195919,-1.26625459934966,2.1,-3.55434835850946,-1.72822285013126,-1.17844266330122,3,0.0953953084744368,0.11598476499985,0.0429453745200661,4,1.63445260902962,1.02399349125302,0.586406600707224,4,0.903854910787779,0.491669130721172,0.306628815783969,4,1.27441061578645,0.807672006371172,0.42510187829924,2.42857142857143,-0.979436004760918,-0.719823271660085,-0.308221030053122,4,1.32144057587741,0.900862667285468,0.486921958217911,4,1.51938923566818,0.950110957716078,0.581026256999934,2.66666666666667,0.463339864822976,0.284623759769849,0.158998651552895,3.5,3.83057888476875,1.9017598483342,0.891886245203502,1.28748907933531,1.02145690428275,0.464721145086021,0.128233633068544,-0.00236203189807677,0.0544602334078945
"88",88,"female","white","yr2","Health","stats","Kinesthetic",4,0.881581905632761,0.692156245946042,0.287123661854249,2.2,0.383872695015683,0.748577933101773,0.0181805154557438,3.33333333333333,-0.38420801108363,-0.491854837265455,-1.49247496424828,2.2,-3.13207133045739,-1.69383927223903,-1.06102095940869,1.83333333333333,-2.10195194940171,-1.37568853877389,-0.954888747913369,3.28571428571429,0.200040716925274,-0.168885754405942,0.0896152181067306,2.28571428571429,-3.05915374182293,-1.95944965415699,-0.93787486516899,3,-1.39370356293891,-0.636024491717294,-0.547499146584893,2.57142857142857,-0.660036215813783,-0.722336660044691,-0.188571464838658,2,-3.3018726848835,-2.00760960706897,-1.25333339188248,2.57142857142857,-1.56317461018065,-1.0045194975569,-0.501829095898744,2,-0.838177971936109,-0.804583591010405,-0.350023349896254,1,-1.67156413915867,-0.843882077011064,-0.352923347074065,-1.72865497014369,-1.32516279582821,-0.601398404954612,-1.2191441868363,-0.913027213452967,-0.517304645029859
"89",89,"male","white","yr1","Business","math01","Kinesthetic",3,-0.787823058449714,-0.451648876016844,-0.655670798693447,2.8,1.67003638727576,0.878181834934882,0.452894995229631,3.33333333333333,-0.374399849197768,-0.201082530332987,0.446772678662553,3.2,-0.0333397794799168,0.0617304570169101,0.0653684275793017,2.66666666666667,-0.507446480843608,-0.341731854230193,-0.22828151825445,3,-0.657228310273073,-0.304954283768369,-0.279289532233136,3.14285714285714,-1.19322545871544,-0.627827239348002,-0.404829977989332,2.71428571428571,-1.88365868424051,-1.11838543750388,-0.63541247174602,3,0.196426032244247,0.106386402066042,0.0620288519513763,3.28571428571429,-0.272111167280889,-0.247625040497258,-0.0898873840460916,3,-0.694156755028705,-0.322925183049944,-0.214117423987157,2,-0.828915728028531,-0.587694347450185,-0.346338725843645,1.25,-1.19847666055308,-0.652507558069461,-0.294912104566007,-0.67928650435849,-0.495318549093854,-0.241647611742175,-0.61661111233379,-0.348080033563097,-0.261759199106628
"90",90,"female","Black","yr3","Business","stats","Auditory",4.25,1.39777767032609,0.809626843874562,0.949988019900563,1.2,-1.53857351907136,-0.949298128879659,-0.381982142993917,4,0.677218871108836,0.274300602015368,1.7169465618504,4.7,4.18956445672579,2.68900688879877,1.14182183631496,5,3.98282322843044,2.57936891273621,1.8194510001737,5,3.92613352833232,2.35294126627441,1.45210273364758,5,3.31170935523013,1.91813277875012,1.09562411681238,5,3.74208800854917,2.29084272651677,1.25970296808463,5,4.57314979566002,2.32881677317432,1.63321748061498,4,1.46139256104614,0.708023149714028,0.611270358378667,5,3.73293522636506,2.2231470984821,1.37616993798703,3,1.20116474940005,0.657710852781627,0.550414414456535,2,0.42926778750371,-0.181571258033675,-0.0302127774116195,3.03302392454175,2.34760479486125,1.0720690084743,3.56988892222538,2.66576840017202,1.5151047502875
"91",91,"female","white","yr3","Other","other","Kinesthetic",4,0.960825367639542,0.525994434576095,0.617273142541686,1.8,-0.339495458864425,-0.029676043415114,-0.144373446651963,4,-0.272863217332985,-0.780517843487975,-1.60079147921115,2.8,-1.1305847268376,-0.844893309534619,-0.233953377907284,3.5,1.0128701144439,0.81123978676817,0.464396946530972,3.14285714285714,-0.552763124685008,-0.267338121400275,-0.335697015407955,3.14285714285714,-1.19889455287963,-0.496793014951349,-0.460683568745654,3.14285714285714,-0.729958086164048,-0.459251467586719,-0.246163657670656,3,0.239954877253941,0.0966316489922023,0.127661094778697,4,1.26061699602529,0.63664374975983,0.434382648048847,3.14285714285714,-0.386849986941592,-0.139275298134063,-0.180623521855289,3,1.16457844923197,0.906136076640967,0.484725501406459,1.5,-0.621148175827482,-0.512726667522369,-0.191568062242842,-0.414981264342829,-0.265232541171217,-0.132231910471971,0.205449052244435,0.266708101511357,0.0870392571765169
"92",92,"female","white","yr1","Business","math03","Kinesthetic",2.75,-1.10981670041507,-0.858006868508405,-0.430775758394179,1,-1.95766826697144,-1.12363438544422,-0.497556424846265,3.33333333333333,1.49633984202829,1.0362374398763,1.26450583205315,3.2,0.00812432832047782,-0.181036257847199,0.173368322590309,2.33333333333333,-1.09949178594175,-0.831014229771634,-0.499623599502785,3.28571428571429,-0.0631733922915896,0.0586326217175536,-0.0869056646161551,3.14285714285714,-1.17550089703301,-0.781695172339381,-0.375209854653307,2.71428571428571,-1.81769453071225,-0.987733196264201,-0.591359329618709,2.71428571428571,-0.418813714304671,-0.282523917310233,-0.132783023308536,4,1.56529384814971,0.723120237822157,0.691777726768498,3.42857142857143,0.240335956330732,0.38235539172951,0.217033131108189,2.66666666666667,0.509188408898638,0.253087779470729,0.22837218865558,3,2.70014877865761,1.52472812215745,0.575602658242945,0.219760358360138,0.263711280886495,0.0840587367193618,-0.91618766713245,-0.620609504145541,-0.38884837378986
"93",93,"female","white","yr3","Other","math02","Kinesthetic",4.75,2.1497497657431,1.59576518678731,1.12466368201378,2.2,0.457539519552831,0.374013140772732,0.114825473328328,3.66666666666667,-0.793768496543356,-0.872823256195919,-1.26625459934966,2.1,-3.34923599810024,-2.02589255263581,-1.09708038822156,4,2.07129207292351,1.37288019843021,0.949218507560847,3.85714285714286,1.46179002879753,0.751218465427464,0.587535921132154,4.28571428571429,1.58950505894763,1.01908167279378,0.507856593989295,4.28571428571429,1.99840361523365,1.30025368882685,0.655614745894142,3.71428571428571,1.86181217038531,0.919855397199776,0.724004022196504,4,1.43759510720282,0.847558829064518,0.583978453753831,4.14285714285714,1.83086512144799,1.18558375946337,0.718377635474242,2,-0.828915728028531,-0.587694347450185,-0.346338725843645,1.25,-1.19847666055308,-0.652507558069461,-0.294912104566007,1.58448000954798,1.24776368061796,0.558810103431966,1.75714672109252,1.30792770620956,0.74573760474871
"94",94,"female","white","yr1","Health","stats","Visual",4.25,1.39777767032609,0.809626843874562,0.949988019900563,1.8,-0.323333635678543,0.041273381220413,-0.15624825248137,3.33333333333333,-1.32448193763959,-1.25590097583633,-2.870965362399,2.7,-1.3887393680048,-0.805890107603007,-0.288038965476106,3.33333333333333,0.719446347986091,0.499786111098135,0.334082698099887,3.14285714285714,-0.0410520722287304,-0.433276360301156,0.0976434156070101,4,0.924674402726261,0.588352148446895,0.288012408642685,4,1.22742156467537,0.860033132627441,0.374620935128634,3.42857142857143,1.22275857205876,0.307896737342591,0.497908453578488,3.57142857142857,0.424929667561212,0.387305804765331,0.0885768442900204,4.14285714285714,1.81190475641485,1.07093028446393,0.764176209261026,1.66666666666667,-1.52089206852995,-0.992317420761083,-0.6683809516446,1,-1.67156413915867,-0.843882077011064,-0.352923347074065,0.807337952912359,0.690637875461714,0.220261590233884,0.941598481285632,0.678351413880778,0.399683188604139
"95",95,"male","white","yr2","Business","math03","Auditory",3.75,0.505595857924257,0.299087074489666,0.199785830797642,2.4,0.844437568965345,0.235802788687945,0.287881119205338,3.33333333333333,1.49633984202829,1.0362374398763,1.26450583205315,4.5,3.7039486482931,2.34120490452783,1.19502673842234,5,3.98282322843044,2.57936891273621,1.8194510001737,5,3.92613352833232,2.35294126627441,1.45210273364758,4.71428571428571,2.6110408800892,1.52542287750242,0.849156761690822,5,3.74208800854917,2.29084272651677,1.25970296808463,3.57142857142857,1.53582295403927,0.56599944032738,0.790954026214801,5,3.63130769413571,2.34893386780816,1.3870550416303,5,3.73293522636506,2.2231470984821,1.37616993798703,4,3.15807262649247,2.39996650073212,1.31578972865656,4,5.04757304625318,3.01879940308196,1.24495378186575,3.32631482036258,2.62152731811394,1.21251042677039,2.87223010363134,2.1162243587976,1.21889639369483
"96",96,"female","white","yr1","Health","stats","Kinesthetic",4,0.820615650654713,0.80159300810395,0.0417466155519794,2.4,0.907428601656395,0.763094203599223,0.171729620129818,3,-0.89530512840814,-0.293387943040931,0.781309558524047,3.1,-0.203855689113173,-0.393829141321886,0.0843271012093529,2,-1.82533581078888,-1.13111609603302,-0.837542955099557,3.42857142857143,0.658863951392238,0.18249227505368,0.371270061024447,4.28571428571429,1.58005477995208,0.980218692770723,0.521867054752796,4,1.29465788089255,0.774969900979037,0.42159433161435,2,-1.98972673995833,-1.23554161929611,-0.684773257716683,4.14285714285714,1.64879894836355,1.07232459749124,0.593929616998616,2.14285714285714,-2.59568803790595,-1.74578540108504,-1.14036500171433,1.33333333333333,-2.13043356478762,-1.67690169823044,-0.855360727292794,1.25,-1.19847666055308,-0.652507558069461,-0.294912104566007,0.322894471688539,0.0285365980529747,0.276829798691842,-0.753265180695957,-0.778531838586874,-0.319476840434984
"97",97,"female","white","yr1","Other","stats","Visual",2.25,-2.02724956908053,-1.21567364755854,-1.19889455682866,1.4,-1.16356496500656,-0.744901046652924,-0.274466799284212,3.33333333333333,0.55606591547233,0.272191301305421,-0.113984566097563,3.5,0.782115567474629,0.535829517333064,0.296457798500405,2.33333333333333,-1.15545358096141,-0.84798033243141,-0.529180012122076,3.28571428571429,0.0514948005471295,0.124891353717203,-0.0077601914342912,3.57142857142857,-0.118026210793213,-0.270842194278612,-0.0106829641002424,2.57142857142857,-2.19629131840398,-1.50045294376622,-0.762154873323887,1.85714285714286,-2.12808394007524,-1.1551597842637,-0.646614561450467,3.42857142857143,0.0516892569077233,-0.00859150949972746,0.0205827769725334,3.57142857142857,0.570985373986771,0.372849732222127,0.240879934627695,2.33333333333333,-0.182787931602778,-0.151535293840168,-0.0936700371453748,1.25,-1.19847666055308,-0.652507558069461,-0.294912104566007,0.14880810674371,0.149536237426369,0.0297868068526633,-1.50205914939292,-1.04196028553156,-0.637596178618303
"98",98,"female","Black","yr1","Health","stats","Kinesthetic",3.75,0.444629602946209,0.408523836647575,-0.0455912155046277,2.8,1.67003638727576,0.878181834934882,0.452894995229631,3.66666666666667,-0.774152172771634,-0.291278642330983,2.61224068647201,2.8,-1.08612797008631,-0.646325736768919,-0.138832112383402,2.16666666666667,-1.44632239612978,-0.968463483121236,-0.659573117194189,2.57142857142857,-1.40657372121927,-0.965307851015953,-0.504468499232496,4.57142857142857,2.31936835489258,1.35827507520409,0.775941679145685,3.71428571428571,0.655910017831961,0.33942473735965,0.223292544510585,2.85714285714286,-0.0118386978541076,-0.222369996982343,0.123697479102246,4.14285714285714,1.8489543661928,1.04701219290754,0.773958946735413,2.57142857142857,-1.63650793135064,-1.09711237487928,-0.62410186647368,2.66666666666667,0.509188408898638,0.253087779470729,0.22837218865558,1.5,-0.725389181947489,-0.461133039127857,-0.23690086205795,0.34810576348972,0.131845089351696,0.170449061113093,-0.133033528009877,-0.223435821498595,-0.0562223361176981
"99",99,"female","white","yr1","Health","math02","Visual",3.25,-0.332593548734429,-0.224741515930415,-0.238183486949403,1.8,-0.308512463878467,-0.27637820769456,-0.0545986558958262,3.33333333333333,1.49633984202829,1.0362374398763,1.26450583205315,2.6,-1.83053967627923,-1.27308655154755,-0.626757188434307,2,-1.81613584703249,-1.09050394930615,-0.827287118092788,2.71428571428571,-1.22192983677336,-0.720697806070861,-0.439413747396964,3.42857142857143,-0.452193941578966,-0.292907314850353,-0.173693185447697,3.14285714285714,-0.769593033191498,-0.432498539564511,-0.261405179061772,2.57142857142857,-0.704448719619503,-0.300260216983254,-0.28497960358337,3.42857142857143,0.175580188966946,0.0533213102042361,0.157370929083947,3.42857142857143,0.273383938334593,0.0988635047942339,0.162516611977905,1.66666666666667,-1.47504352445428,-1.0238534010602,-0.599007414541915,1,-1.67156413915867,-0.843882077011064,-0.352923347074065,-0.230181425815067,-0.111713930270809,-0.123714030328882,-0.980296841110835,-0.784788148885748,-0.415922366865769
"100",100,"male","white","yr5+","STEM","other","Visual",3.25,-0.332593548734429,-0.224741515930415,-0.238183486949403,1,-1.95766826697144,-1.12363438544422,-0.497556424846265,4,1.60768463577893,0.747574433653776,1.15618931709028,4.8,4.52955597198507,2.76234272499926,1.33501090064249,4,2.03910926845244,1.34767683886803,0.931198187346884,4.14285714285714,2.15418986826525,1.00482475061965,0.89326414195809,5,3.31170935523013,1.91813277875012,1.09562411681238,4.85714285714286,3.3807638737759,2.06870317328198,1.14231513541464,4.28571428571429,2.95203753292432,0.962762434545994,1.139437787019,5,3.63130769413571,2.34893386780816,1.3870550416303,5,3.73293522636506,2.2231470984821,1.37616993798703,4,3.15807262649247,2.39996650073212,1.31578972865656,2.25,0.902355266109302,0.00980326090792849,0.0277984650964382,3.13461211132737,2.46936848028856,1.09737231396573,2.49212149627837,1.76288299881251,1.05783153228481
"101",101,"female","white","yr4","Other","other","Auditory",2.25,-2.0019985128169,-1.3685466378933,-1.1809779474971,1.2,-1.53927470121341,-0.99819903007337,-0.382576528507014,4,1.6174927976648,1.03834674058624,3.09543696000112,3.7,1.70995806814492,0.78719746948421,0.805702012330659,5,3.98282322843044,2.57936891273621,1.8194510001737,4.14285714285714,2.13437304527689,1.226836875173,0.813645435647751,4.85714285714286,2.97547838180899,1.68303399582295,0.979540115133492,4.28571428571429,1.92654643777516,1.14116108500807,0.669285001238581,1.85714285714286,-2.38131981496669,-1.13043797094039,-1.00048507636899,4.14285714285714,1.63516586947108,1.20573327612484,0.611388040571472,3.57142857142857,0.567805721888441,0.0340841800473953,0.0502417344274462,4,3.15807262649247,2.39996650073212,1.31578972865656,2,0.325026781383703,-0.129977629639163,-0.075545577226727,1.70524493699828,1.1842090608685,0.681554888350309,0.900126035925768,0.711153454855068,0.381547633077183
"102",102,"female","Black","yr2","STEM","math03","Kinesthetic",4.25,1.25756795334126,1.08522541740242,0.374461492910856,1.4,-1.16286378286451,-0.696000145459213,-0.273872413771114,4.33333333333333,1.19812415031921,0.366606014723312,1.3824096819889,3.5,0.909844208250294,0.59721495749631,0.378541352256501,3.16666666666667,0.544345254234588,0.244974426934334,0.237909867368678,4.85714285714286,3.59584859833575,2.23125081350716,1.31645808049977,5,3.31170935523013,1.91813277875012,1.09562411681238,5,3.74208800854917,2.29084272651677,1.25970296808463,3.42857142857143,1.39123625275957,0.586782358747575,0.77774197800342,3.85714285714286,1.03282691206961,0.855409793651161,0.354575746477981,3.42857142857143,0.250041288765667,0.292019049217498,0.172163710590268,3,1.11872990515631,0.937672056940086,0.415351964303774,2.5,1.58739562329319,0.356094939015184,0.267867921395804,2.04911108567009,1.42385146311592,0.819249608140941,1.8433840807551,1.15726428039918,0.782658724583624
"103",103,"female","white","yr3","Other","math01","Kinesthetic",3.25,-0.3073424924708,-0.377614506265176,-0.220266877617842,2.4,0.89056559632847,0.643243877769984,0.183010040446128,3.66666666666667,0.146505430012603,-0.108777117625043,0.112235798801059,2.8,-1.17452480739863,-0.672754916953786,-0.342855659167219,3.66666666666667,1.34307016684451,1.01249219619395,0.609603086487581,3.71428571428571,0.946481257043993,0.662325328786945,0.28800867687735,3.57142857142857,-0.169626394938475,0.0915476277160655,-0.110456029956374,3.28571428571429,-0.525391949434241,-0.261398928931312,-0.197688144659379,3.14285714285714,0.625947113490065,0.272066664669124,0.207232615476203,2.85714285714286,-1.31787414108516,-0.810064592801335,-0.54181586338189,3.85714285714286,1.20186066452889,0.911564122304177,0.51351299863991,3,1.15531620532439,0.689246833080747,0.48104087735385,1.5,-0.621148175827482,-0.512726667522369,-0.191568062242842,0.0914894919652736,0.127851586090366,-0.0172129656880384,0.404901469297125,0.425274116964876,0.171671605364365
"104",104,"male","Asian","yr3","STEM","stats","Kinesthetic",2.5,-1.68697872008645,-0.866040704279016,-1.33901716274276,1.8,-0.382179288415615,0.0981865846344803,-0.15124361376841,3.66666666666667,1.08677935656856,0.655269020945832,1.49072619695178,4,2.15543798440743,1.5457077186294,0.547697154493041,3.83333333333333,1.7558629064382,1.12817026562964,0.795222219126324,3,-0.518876128047035,-0.519329970049127,-0.201178633576025,4.28571428571429,1.59507310693316,0.845516051945808,0.567106631669024,3.71428571428571,0.545530909133567,0.421014176539023,0.178321813973011,4,2.25487736408061,0.98688429473486,0.724611572452031,4.85714285714286,3.27179531988084,2.10509915449006,1.21616544105624,3.42857142857143,0.280316720712535,0.0927874459123765,0.0340266744575056,3,1.20116474940005,0.657710852781627,0.550414414456535,2,0.325026781383703,-0.129977629639163,-0.075545577226727,1.06967450862556,0.800239084181279,0.407441364746118,1.26385179881691,1.02482319800839,0.536319105300947
"105",105,"female","white","yr2","STEM","math03","Kinesthetic",4.25,1.33681141534805,0.919063606032471,0.704610973598293,2.6,1.28313833786324,1.01639218701967,0.27983934935262,2.66666666666667,-1.42601856950437,-0.676465662681343,-0.823401204525293,2.2,-2.95484255361378,-1.95618177120453,-0.944359553291222,1.83333333333333,-2.15711759458747,-1.38548311117138,-0.980673551334527,1.71428571428571,-3.51361075607606,-2.04964558109225,-1.30510988033732,2.85714285714286,-1.80134115301538,-0.970908095209454,-0.611435158545899,1.71428571428571,-4.28182994616995,-2.62513034501941,-1.4054304249277,2.14285714285714,-1.88742007955351,-0.78394527221898,-0.909957123245026,1.71428571428571,-3.87474629492635,-2.54741282119627,-1.57106579912713,1.28571428571429,-4.49878635266458,-2.61570454176561,-1.65270306598056,1.66666666666667,-1.48430576836186,-1.24074264462042,-0.602692038594524,1.25,-1.09423565443307,-0.704101186463973,-0.2495793047509,-3.32336338487819,-2.69679542571219,-1.18257372568193,-2.54271581868733,-1.74245627645732,-1.07931285584475
"106",106,"male","white","yr3","Business","math03","Kinesthetic",5,2.60497927545839,1.82267254687374,1.54215099375782,3.6,3.33312351924429,1.82033249311723,0.848463049445521,2.33333333333333,-2.8871977752707,-1.53281721396016,-1.86735472281452,2.7,-1.41657865389884,-0.885143718155962,-0.381288973482893,1.66666666666667,-2.45116044082161,-1.57342392809837,-1.11653433108127,1.42857142857143,-4.31965733219287,-2.39178720915897,-1.68875761440288,3.14285714285714,-1.11775424749093,-0.656529215492273,-0.363281160672003,1.85714285714286,-4.05948394121198,-2.5402955661456,-1.37943468364947,2.14285714285714,-1.77722634322766,-0.76698022563824,-0.624870703299375,1.85714285714286,-3.6928978377687,-2.14722382486069,-1.54779486814334,2.14285714285714,-2.62699167969438,-1.37890959944175,-0.856773727335015,2.33333333333333,-0.182787931602778,-0.151535293840168,-0.0936700371453748,1.75,-0.14806069722189,-0.321352148580766,-0.133556819734785,-2.8960443367782,-2.27002240803342,-1.14130667868715,-2.37252015220471,-1.62768561663512,-1.00699996313156
"107",107,"female","Black","yr5+","Health","math02","Kinesthetic",4,0.960825367639542,0.525994434576095,0.617273142541686,2.6,1.29432665106891,0.624883851514436,0.344785266006828,2,0.323568166085179,0.558745006817993,-1.83659917908265,2.8,-1.2531204696744,-0.646985143228241,-0.37951218847712,1.33333333333333,-3.15780416752635,-1.87165093420657,-1.44808464734322,2.57142857142857,-1.36040422215333,-0.868801730408232,-0.39801563560769,3.28571428571429,-0.743909861890873,-0.473601239741104,-0.238279578913044,3.42857142857143,-0.219523985643221,-0.175219166182128,-0.122621212448592,2.57142857142857,-0.744794410004431,-0.418729225316395,-0.262608455332248,3,-0.95542396572437,-0.73049328481289,-0.371247145638775,2.28571428571429,-2.27869828880648,-1.32194168665678,-0.804396468139916,1.66666666666667,-1.52089206852995,-0.992317420761083,-0.6683809516446,1.75,0.0673630476946819,0.0916694265395612,0.139894008217616,-1.1670374279456,-0.973454477481168,-0.380186175873431,-1.24655709229466,-1.0876982152954,-0.528730234413295
"108",108,"female","other","yr1","STEM","stats","Visual",1.25,-3.67140347689938,-2.51235175985619,-2.1237724080448,1.6,-0.756359712454183,-0.227957355776839,-0.22443281959917,2.33333333333333,-0.0958004812604093,-0.112995719044939,-3.54962645709486,3.4,0.599448657182727,0.222931637943196,0.263856342132968,1.33333333333333,-3.12579843311284,-1.97713196364973,-1.42828940501174,2.71428571428571,-1.00596050202972,-0.76471906902048,-0.283135228437092,3.71428571428571,0.202802086395675,0.422236973469591,0.0664292829674034,3,-1.03627706481969,-0.816838238184896,-0.301450225081611,2.14285714285714,-1.49008285375624,-0.811229880422977,-0.454086783322186,2.85714285714286,-1.06272651978152,-0.940161965131487,-0.300690940493729,2.14285714285714,-2.57520646059711,-1.76470994288525,-1.00911760936384,2.66666666666667,0.509188408898638,0.253087779470729,0.22837218865558,1.5,-0.454569977674245,0.273157477736693,0.000144189588183574,-0.939271468706271,-0.865305429395333,-0.270231396814409,-1.54029844463471,-1.27228515343759,-0.653465769334388
"109",109,"male","Asian","yr3","STEM","math03","Visual",3.5,0.043392498974075,0.16832765552596,-0.150845655892796,1,-1.95766826697144,-1.12363438544422,-0.497556424846265,3,0.965626400932056,0.653159720235885,-0.340204930996185,5,5.13171496016993,3.22150048198912,1.52393034932561,2,-1.7015374254259,-1.28155931873939,-0.767078883079168,2.85714285714286,-0.654992298049444,-0.552988172555999,-0.153950644952717,4,0.926392344922232,0.545215690511179,0.265074576791431,2.71428571428571,-1.75045821449506,-1.07279642791261,-0.544385933132992,2.14285714285714,-1.69585987830394,-1.02076183214191,-0.748181806096843,4.28571428571429,2.30672085303557,1.28212146576719,1.00722133853052,3,-0.699707318542678,-0.421790172126015,-0.262742290539642,2,-0.828915728028531,-0.587694347450185,-0.346338725843645,1.25,-1.19847666055308,-0.652507558069461,-0.294912104566007,0.562711893313836,0.397275187492424,0.254550133287892,-1.5592259290114,-1.1640515690711,-0.661763958960506
"110",110,"male","white","yr2","Other","math02","Auditory",1.75,-2.77922166449754,-2.00181199047129,-1.37357021894188,1.2,-1.5819585307646,-0.870336402023775,-0.389446695623462,3.33333333333333,1.49633984202829,1.0362374398763,1.26450583205315,3.2,-0.151993792868556,-0.00523655719689194,-0.14125014171582,4.83333333333333,3.65739372755912,2.37339626650933,1.66934150941113,4.71428571428571,3.28102048869631,1.97374714478272,1.23269332329864,4.85714285714286,2.99354824393084,1.78533618312272,0.985171850652201,5,3.74208800854917,2.29084272651677,1.25970296808463,3.42857142857143,1.32699756623718,0.625398305333567,0.50964927171944,4.57142857142857,2.60282499187733,1.64522411320368,0.972951886016355,5,3.73293522636506,2.2231470984821,1.37616993798703,2.66666666666667,0.509188408898638,0.253087779470729,0.22837218865558,1.25,-1.19847666055308,-0.652507558069461,-0.294912104566007,3.02452542429766,2.37253439581331,1.06848255077297,2.54260877146412,1.84248398020114,1.07900295125067
"111",111,"female","white","yr2","STEM","math01","Kinesthetic",2,-2.45722802253219,-1.59545399797973,-1.59846525924114,1.4,-1.16286378286451,-0.696000145459213,-0.273872413771114,3,1.90590032748802,1.41720585880676,1.03828546715453,3.3,0.310147891347482,0.189185450591845,0.213983304429656,2.5,-0.893890489533744,-0.399969164338931,-0.410738896887843,3.71428571428571,0.925797983060291,0.572284885089715,0.294468746540788,3.71428571428571,0.222974239964669,0.158124958837528,0.0428553643298696,3.71428571428571,0.55041761633925,0.315090323915499,0.194589010704338,2.42857142857143,-1.00378631229206,-0.321643088537894,-0.332723255020432,3.42857142857143,-0.0644652744176843,0.0447123287212223,-0.0764737185633862,4.28571428571429,2.17886955733347,1.17871069140569,0.821511880168091,1.66666666666667,-1.48430576836186,-1.24074264462042,-0.602692038594524,1.25,-1.19847666055308,-0.652507558069461,-0.294912104566007,0.687605614984627,0.622457376557525,0.18321516332921,-0.374675672732209,-0.383193681617649,-0.158911548158884
"112",112,"female","Black","yr1","Other","math01","Auditory",5,2.60497927545839,1.82267254687374,1.54215099375782,4,4.15597932188481,1.97630872342625,1.12581255685857,3,0.0351606362619581,0.179885888597477,0.220552313763931,4.6,4.33557686227166,2.41353335886774,1.41946805438214,3,0.0953953084744368,0.11598476499985,0.0429453745200661,3,-0.657228310273073,-0.304954283768369,-0.279289532233136,3,-1.50399953365457,-0.934794517307775,-0.482366485244439,3,-1.19326677697627,-0.675498713774425,-0.409499211486148,3,0.196426032244247,0.106386402066042,0.0620288519513763,3,-0.988426542380879,-0.547208533237225,-0.413211125194478,3,-0.694156755028705,-0.322925183049944,-0.214117423987157,3,1.16457844923197,0.906136076640967,0.484725501406459,3,2.80786065111589,1.73123890971762,0.712328072219146,-0.938147721068434,-0.693517724527344,-0.346764245030412,-0.255233020154602,-0.0947131141922041,-0.108410916539852
"113",113,"female","Black","yr1","STEM","math02","Auditory",3,-0.708579596442934,-0.617810687386791,-0.32552131800601,1.4,-1.12017995331332,-0.823862773508807,-0.267002246654667,4.33333333333333,1.19812415031921,0.366606014723312,1.3824096819889,3.4,0.514747586162371,0.311976427749308,0.183597064711023,1.33333333333333,-3.09599350987364,-2.01221474006243,-1.41196515027427,1.85714285714286,-3.09750886425698,-1.72446752996247,-1.14326057763572,1.85714285714286,-4.14814513431692,-2.72089858521002,-1.31466785448168,2.28571428571429,-2.94768810477907,-1.9158977124847,-1.02303713108322,1.57142857142857,-2.93655654162553,-1.69776923151214,-1.0487754269131,2,-3.23148415827249,-1.91997607566784,-1.25924872905353,2.14285714285714,-2.60758024178181,-1.71156540466837,-1.06839476265379,2,-0.828915728028531,-0.587694347450185,-0.346338725843645,1.5,-0.617677309489203,-0.254622251567694,-0.100175448081749,-3.19797204388305,-2.43661126604819,-1.161622547251,-2.61907700209808,-1.93919473432952,-1.11154662495869
"114",114,"male","white","yr1","STEM","math04","Kinesthetic",3,-0.708579596442934,-0.617810687386791,-0.32552131800601,1.2,-1.5819585307646,-0.870336402023775,-0.389446695623462,3.33333333333333,0.55606591547233,0.272191301305421,-0.113984566097563,4.3,3.04948899363775,1.99403700522001,0.815443054724045,2.5,-0.822698577271361,-0.455757398025424,-0.384052728806495,3.28571428571429,0.284265577242299,-0.00633082603709823,0.155683592260788,3.71428571428571,0.304358799614131,0.212027482136428,0.119665831509611,3.28571428571429,-0.415202370924255,-0.188710415010594,-0.0500775365326133,2.85714285714286,0.158556170802697,0.257325204669271,0.152550586777843,4.28571428571429,2.30672085303557,1.28212146576719,1.00722133853052,1.71428571428571,-3.54096534050796,-2.34460375982891,-1.42855137291042,1.66666666666667,-1.47504352445428,-1.0238534010602,-0.599007414541915,1,-1.67156413915867,-0.843882077011064,-0.352923347074065,-0.0476987718742777,-0.22964985309332,0.178692268639608,-0.157860962101918,-0.148427172639768,-0.0668851905943149
"115",115,"female","other","yr1","Other","math02","Auditory",4,0.881581905632761,0.692156245946042,0.287123661854249,3,2.15090846436528,1.02056073348193,0.599573932787257,3,-0.905113290294001,-0.584160249973399,-1.15793808438679,2.1,-3.34923599810024,-2.02589255263581,-1.09708038822156,1.83333333333333,-2.11255657449851,-1.33873090220801,-0.964843963316022,2.42857142857143,-1.84295257113321,-1.09563675026432,-0.659178890355527,2.85714285714286,-1.85135546575789,-1.01407461409779,-0.614436481439449,3,-1.16086091898234,-0.921834882325747,-0.420951574840876,1.85714285714286,-2.13029304958056,-0.924446948455686,-0.685406766114211,2.42857142857143,-2.20726879585915,-1.30509660193446,-0.89728770132731,3.57142857142857,0.574111933066167,0.351292598972207,0.292839885803846,2.66666666666667,0.509188408898638,0.253087779470729,0.22837218865558,1.25,-1.09423565443307,-0.704101186463973,-0.2495793047509,-1.28642208537357,-0.871767702629157,-0.570109025582872,-1.53244230642629,-1.19254309599906,-0.650310224582897
"116",116,"male","white","yr2","STEM","other","Kinesthetic",1.5,-3.21617396718409,-2.28544439976976,-1.70628509630075,1,-1.95766826697144,-1.12363438544422,-0.497556424846265,3.66666666666667,2.01724512123866,1.12854285258424,0.929968952191661,4,2.21457891444923,1.44769481588828,0.631774592114571,2.83333333333333,-0.130810947416383,-0.23936537729329,-0.0520077458255761,3.28571428571429,0.32712388959192,-0.0238567850627158,0.234672105741723,3.42857142857143,-0.408365143045039,-0.157848710516545,-0.100568056191645,3.28571428571429,-0.33845848626009,-0.135541663815341,-0.0474805951457253,3.14285714285714,0.619717612327277,0.212467748056909,0.155861870998607,3.85714285714286,1.0801719591661,0.695118245104751,0.434685932586479,3.85714285714286,1.21445542304957,0.735364870311596,0.496837795379179,4,3.15807262649247,2.39996650073212,1.31578972865656,1.75,-0.14806069722189,-0.321352148580766,-0.133556819734785,0.657021425545909,0.586285351556809,0.223262965931261,0.0607381480163561,0.0542964303109593,0.0258039720369345
"117",117,"female","white","yr1","Health","stats","Kinesthetic",3.75,0.444629602946209,0.408523836647575,-0.0455912155046277,1.6,-0.830539058350898,-0.363740435182883,-0.173227237177857,3.33333333333333,1.49633984202829,1.0362374398763,1.26450583205315,3.6,1.14036093543824,0.703957918829652,0.391238584328241,2.5,-0.744257361831233,-0.660124359957454,-0.333189854002745,2.14285714285714,-2.43886354402727,-1.48859712803443,-0.878073805981467,3.42857142857143,-0.490537136054401,-0.0356297983372921,-0.196660153456557,2.57142857142857,-2.16250130875654,-1.28909107296508,-0.667512701096021,2,-2.01539829565143,-1.14875734419045,-0.796044033406878,2.57142857142857,-1.74741915289564,-1.3580224571426,-0.548043151367468,2.28571428571429,-2.30387507180409,-1.48298681876127,-1.01251008525306,2.33333333333333,-0.136939387527115,-0.183071274139288,-0.0242965000426901,1,-1.67156413915867,-0.843882077011064,-0.352923347074065,-1.69678858861299,-1.3983054794955,-0.594097057639913,-1.42142998214767,-0.983821309994462,-0.603428587712993
"118",118,"female","Black","yr3","Business","math03","Kinesthetic",4.75,2.16802697277184,1.53904013757527,1.20943611639894,1.4,-1.11947877117128,-0.774961872315096,-0.266407861141569,3.33333333333333,-1.32448193763959,-1.25590097583633,-2.870965362399,3.8,1.80570997835664,0.774687248988643,0.723098670429125,2.33333333333333,-1.09823640478042,-0.853139512480831,-0.489932086364681,3,-0.378192189935823,-0.539487688947284,-0.0307528980033061,3.71428571428571,0.150252658556789,0.181207765407752,-0.022941595647452,4,1.36801027035572,0.695560794883806,0.538661077336809,2.57142857142857,-0.850752479697967,-0.295889277287653,-0.426123693709721,3.28571428571429,-0.0627295506916421,-0.236785043205335,0.0482657061351082,3.71428571428571,0.90163479164281,0.363344072714744,0.2647267381472,3.33333333333333,1.77411994548964,1.59072035411032,0.671705277054653,3.5,3.89291607680198,2.73923762198777,1.03826569721942,0.155596516748145,0.161171999437213,0.0293550480730929,-0.218489724776017,-0.354057035072157,-0.092544570942683
"119",119,"female","white","yr1","Health","stats","Kinesthetic",4.75,2.22899322774988,1.42960337541737,1.45481316270121,3.6,3.34654232676028,1.40487910181484,0.948923875004869,3.33333333333333,-0.38420801108363,-0.491854837265455,-1.49247496424828,2,-3.85749968275701,-2.04028336330411,-1.25785866370938,3.83333333333333,1.68990077703254,1.14994144954355,0.769552604178986,3.42857142857143,0.206881138087982,0.22184066944653,0.00367489485803299,3.42857142857143,-0.51904556967718,-0.200766131429375,-0.195599806482816,3,-1.15966568479331,-0.625803755048204,-0.404899604151118,3.71428571428571,1.80401826000054,0.867563502587238,0.616274702144445,3.71428571428571,0.72127973210283,0.547975336324551,0.260654712605444,3.28571428571429,-0.0472711918840886,0.0818738026322535,0.0430434024417293,2.33333333333333,-0.182787931602778,-0.151535293840168,-0.0936700371453748,2.25,1.14547674070421,0.583459306900367,0.283046404895705,0.0444930689022834,0.069121910161183,0.0255179806195943,0.675314943955711,0.705365440559289,0.286408134363692
"120",120,"female","white","yr3","Business","math03","Visual",4.75,2.1497497657431,1.59576518678731,1.12466368201378,3.8,3.78454191351614,2.13656759895285,0.940287719639054,2.66666666666667,-2.36629249606033,-1.44051180125222,-2.20189160267601,1.9,-3.81872770146675,-2.30190829709375,-1.17865249604338,2.83333333333333,-0.230830342230779,-0.0971594114893154,-0.110935725440638,2.85714285714286,-1.14172855874167,-0.361345429876312,-0.545603821899876,3,-1.50399953365457,-0.934794517307775,-0.482366485244439,3.14285714285714,-0.830597912302346,-0.405056584553547,-0.296374176561233,3.14285714285714,0.488160430967795,0.27086336678436,0.140608078566227,3.28571428571429,-0.140234330844871,-0.342943427993472,0.011307767323679,3,-0.694156755028705,-0.322925183049944,-0.214117423987157,1.66666666666667,-1.48430576836186,-1.24074264462042,-0.602692038594524,1.5,-0.725389181947489,-0.461133039127857,-0.23690086205795,-0.855810616414085,-0.608015747532176,-0.320281057905164,-0.19563921786165,-0.0906481434988475,-0.0830437749551522
"121",121,"female","white","yr5+","STEM","math03","Kinesthetic",3,-0.708579596442934,-0.617810687386791,-0.32552131800601,1.2,-1.5819585307646,-0.870336402023775,-0.389446695623462,3.66666666666667,2.02705328312452,1.41931515951671,2.8692165951025,3,-0.702557131271479,-0.326110850212567,-0.26038116509647,1.33333333333333,-3.11739461919035,-1.94369134718515,-1.4218051772031,1.57142857142857,-3.84048865478017,-2.2571213002585,-1.43465019643132,3,-1.56686898517002,-0.610662613851765,-0.541794811562411,1.42857142857143,-5.11015953467368,-3.25541077700807,-1.75895218896675,1.28571428571429,-3.43571843341472,-1.77246708145163,-1.14111087764167,1.57142857142857,-4.23070036393653,-2.70515108033561,-1.69561962148079,1,-5.12124873642247,-2.86899746458199,-1.80440478596134,1.66666666666667,-1.48430576836186,-1.24074264462042,-0.602692038594524,1,-1.67156413915867,-0.843882077011064,-0.352923347074065,-3.52777982717351,-2.88067428091711,-1.25667983339639,-3.31043721809764,-2.29979314328531,-1.40513079041845
"122",122,"female","white","yr1","STEM","stats","Visual",3.5,0.183602215958904,-0.107270918001895,0.42468087109691,1.8,-0.353426787739982,-0.124570523847803,-0.0969837319174146,3,0.0253524743760969,-0.110886418334991,-1.7186953291469,3,-0.528384490547689,-0.676764891256942,-0.0418202444279997,3,0.13977925850583,0.0320525849578854,0.0605498846560937,3.57142857142857,0.844078481153998,0.490311600867346,0.395235128317462,4,0.905188503732576,0.771810416781572,0.289958806237704,3.71428571428571,0.52563072200094,0.224814340750688,0.162877077153242,2.42857142857143,-1.15613702115499,-0.978101731680016,-0.569224861865069,4,1.47330705726908,0.852360011385089,0.644397893309264,3.42857142857143,0.240256553539009,0.142468973772433,0.000584948022921968,3,1.16457844923197,0.906136076640967,0.484725501406459,1.25,-1.19847666055308,-0.652507558069461,-0.294912104566007,0.889365016342891,0.649195253548264,0.372281498500054,-0.293468473407836,-0.266994781782883,-0.124609486520215
"123",123,"female","white","yr5+","Health","stats","Visual",2.5,-1.54676900310162,-1.14163927780687,-0.763490635753056,1.2,-1.567326019747,-0.726541020397375,-0.436242024844913,3.66666666666667,1.08677935656856,0.655269020945832,1.49072619695178,3.9,1.93694872769888,1.27147280883348,0.569002489068801,3,0.127401042887947,0.0105037355566942,0.0627406168515519,3,-0.566691547836113,-0.399042137743824,-0.180331312796521,3.85714285714286,0.585693799488485,0.358872535093769,0.196176549623793,3.28571428571429,-0.470545940217999,0.0327984415693277,-0.181906598249652,2.28571428571429,-1.42720800012916,-0.340582686095679,-0.551544372205243,3.42857142857143,0.0730587365340033,-0.0267835302084122,0.0428560099751714,3.42857142857143,0.226107497180689,0.358165667029879,0.189705641109998,3.66666666666667,2.50268258615914,1.74691820356188,1.05943641590568,1,-1.67156413915867,-0.843882077011064,-0.352923347074065,0.171333391490211,0.143629548198846,0.0278533731914882,-0.562522651951158,-0.392090826842969,-0.238869067714787
"124",124,"male","white","yr1","STEM","math03","Visual",1,-4.07264058087151,-2.7525479409778,-2.22902684843296,1,-1.95766826697144,-1.12363438544422,-0.497556424846265,4,2.54795856233489,1.51162057222465,2.534679715241,5,5.13171496016993,3.22150048198912,1.52393034932561,2.66666666666667,-0.465263341986528,-0.355265781241701,-0.214147995712438,3.42857142857143,0.609218936182969,0.193634389522688,0.279121373713418,4.14285714285714,1.29882082625638,0.875905036264705,0.441959889715208,4.14285714285714,1.60744001076765,0.909308855949916,0.528021964757388,2.28571428571429,-1.44279851621352,-0.584238187961642,-0.601657758176332,4.28571428571429,2.09022298290411,1.25275661508826,0.826194972366845,3.85714285714286,1.17609273951522,0.623510063588798,0.313294213434131,4,3.15807262649247,2.39996650073212,1.31578972865656,2.5,1.4796837508349,0.14958415145502,0.131142507419603,1.22885976012988,0.945356406726939,0.459089948608702,-0.195186255507738,-0.307125675539011,-0.0827531920233565
"125",125,"male","white","yr1","STEM","stats","Kinesthetic",4,0.881581905632761,0.692156245946042,0.287123661854249,2.4,0.832548073617636,0.578410222999467,0.222340817038033,3,0.0253524743760969,-0.110886418334991,-1.7186953291469,3.9,1.84518993126971,1.14311657522851,0.509478670282681,3.5,1.11686391095369,0.657142053900808,0.514649966141939,3.14285714285714,-0.40735489341222,-0.146714430190318,-0.202930074270435,2.85714285714286,-1.86641705524832,-1.03091718149738,-0.606741771224797,3.57142857142857,0.258565480547998,0.25382973241162,0.104010132822405,3.28571428571429,0.741542973836893,0.236665245172268,0.171358016341618,3,-0.819184831937162,-0.451510111857451,-0.303346976064988,2.85714285714286,-1.00726634143789,-0.758786961489445,-0.395471495720387,3,1.16457844923197,0.906136076640967,0.484725501406459,2.25,1.14547674070421,0.583459306900367,0.283046404895705,-1.02314366159562,-0.769944137915909,-0.346930821417667,0.563553761216282,0.465520276864931,0.239088463406329
"126",126,"male","Black","yr1","STEM","math03","Kinesthetic",1.75,-2.84018791947559,-1.89237522831338,-1.61894726524414,1,-1.95766826697144,-1.12363438544422,-0.497556424846265,3.66666666666667,2.95751904779462,1.89258899115512,2.30845935034238,4.8,4.64833369490976,2.79404080489272,1.43327733636092,2.5,-0.845858488043611,-0.571032999866069,-0.390042289896167,2.71428571428571,-1.00602898688059,-0.742856100342748,-0.2627267150695,3.42857142857143,-0.541796233457843,-0.148062928563237,-0.249766754486797,2,-3.56495933669326,-2.27256700331953,-1.17102031236646,2.14285714285714,-1.63302760716429,-1.30740867736677,-0.550862194152493,3.57142857142857,0.576176001761274,0.24211134432705,0.24919439878835,3.57142857142857,0.577791662957126,0.185462835125418,0.273696325178449,3,1.16457844923197,0.906136076640967,0.484725501406459,1.25,-1.19847666055308,-0.652507558069461,-0.294912104566007,-0.0436389376502407,0.0507139702551518,-0.0495702523269226,-1.67129486780549,-1.05946592608114,-0.709530636621329
"127",127,"female","white","yr1","STEM","stats","Kinesthetic",3.75,0.60311652695977,0.0762002139076817,0.614707745870246,3.2,2.50956653446173,1.61545536161451,0.570519156519375,4,-0.272863217332985,-0.780517843487975,-1.60079147921115,3.3,0.334981961847049,0.172622088771559,0.128303441849723,3.83333333333333,1.71367976758112,1.14170419264115,0.781088696584313,2.85714285714286,-1.01505170196387,-0.501206056111727,-0.401225776180014,3.28571428571429,-0.738240767726683,-0.604635464137757,-0.182425988156721,3,-1.19326677697627,-0.675498713774425,-0.409499211486148,3,0.210258727356042,0.0228912255145803,0.0825640212511834,3.14285714285714,-0.562193910115235,-0.287780238951997,-0.246972294599706,3.42857142857143,0.260035576203025,0.265523687548135,0.0765373045735981,4,3.15807262649247,2.39996650073212,1.31578972865656,4,5.04757304625318,3.01879940308196,1.24495378186575,-0.513523810373655,-0.352343786775054,-0.230278734245343,0.236856060119149,0.362231714979825,0.100244941005296
"128",128,"female","white","yr3","STEM","math04","Visual",2.25,-2.06296476779495,-1.25910987573539,-1.42635499379937,1.8,-0.353426787739982,-0.124570523847803,-0.0969837319174146,4,-0.263055055447124,-0.489745536555507,0.338456163699681,3.2,-0.00234519187797114,-0.121209038258265,0.11134506119415,2.83333333333333,-0.201025418991582,-0.132242187902014,-0.094611470703168,3.28571428571429,0.169501539827438,0.127227787995588,0.0978981321689801,3.85714285714286,0.560236901006474,0.43074103012637,0.157629055200015,3.71428571428571,0.635284305072962,0.364737883776957,0.239397403891831,3,0.0593981198665955,0.358178936393054,-0.0643771402982255,3.42857142857143,0.0222446285487383,0.107121641284183,-0.0248437048210897,3.28571428571429,-0.0627793426410925,-0.0800017483793542,-0.0599473466417108,1.66666666666667,-1.48430576836186,-1.24074264462042,-0.602692038594524,1.5,-0.621148175827482,-0.512726667522369,-0.191568062242842,0.136644265765673,0.0732663942193813,0.0596971984906,0.0881163713232771,-0.000221126904186804,0.0374647423725661
"129",129,"male","white","yr1","STEM","math04","Kinesthetic",3.75,0.444629602946209,0.408523836647575,-0.0455912155046277,1.4,-1.19161628354015,-0.473243036976929,-0.32813229562211,3.33333333333333,0.565874077358191,0.562963608237888,1.82526307681327,3.4,0.546964058809072,0.052436618714987,0.20087548920731,1.16666666666667,-3.48323366839767,-2.07762358043345,-1.59819413810579,3.28571428571429,0.280790061098969,0.101317409039631,0.169987768574565,1.71428571428571,-4.57470804930754,-2.7440453581451,-1.47656921507736,3,-1.06368085174758,-0.73970132444771,-0.331819615246042,1.57142857142857,-2.79992645660103,-1.1978243418029,-0.987375304177133,3.14285714285714,-0.413036445186154,-0.370700773778091,-0.0581535390497723,2.14285714285714,-2.62758282171043,-1.50591852605264,-0.848878895427648,2.33333333333333,-0.182787931602778,-0.151535293840168,-0.0936700371453748,1.75,-0.0438196911018824,-0.372945776975278,-0.0882240199196771,-1.55420995557511,-1.14936428863769,-0.441292918803703,-2.11649513229498,-1.73448078641301,-0.898043795138012
"130",130,"female","white","yr2","Business","math03","Visual",4.5,1.71279746305655,1.31213277748885,0.7919488046549,4,4.16025164972299,2.3898655823733,1.04839744886186,2.66666666666667,-2.35648433417447,-1.14973949431975,-0.262643959765176,2.7,-1.51050131279391,-1.19898842941274,-0.509829932879744,1.33333333333333,-3.14117360973893,-1.93545409028275,-1.43334126960843,1.14285714285714,-4.94644531322274,-2.79538660878393,-1.92045697124929,2.28571428571429,-3.29232580834469,-1.8088120635481,-1.12229683922494,2.71428571428571,-1.9400085702588,-1.03124079612658,-0.69325093925998,1.85714285714286,-2.28146113868187,-1.40001858401443,-0.763352484331533,1,-5.60816077889747,-3.44335093428261,-2.21347729201926,2.42857142857143,-1.98194024997845,-1.32831129028731,-0.817373616631636,1.66666666666667,-1.48430576836186,-1.24074264462042,-0.602692038594524,2.25,1.15241847338077,1.09966813880972,0.465831633217892,-4.01625024509122,-3.04435107278693,-1.58213322485003,-2.12370766699505,-1.63386443130334,-0.90119333459473
"131",131,"female","white","yr2","Business","math02","Kinesthetic",2.75,-1.27876776687942,-0.721992464280126,-1.3006185474082,1.4,-1.1033169479854,-0.704012447679569,-0.278282666970976,3.66666666666667,0.146505430012603,-0.108777117625043,0.112235798801059,2.4,-2.53291251590314,-1.66256401703646,-0.928906013465847,3.16666666666667,0.4016393002689,0.194790042322697,0.17839034418887,4,1.59838099953965,1.04790329483525,0.520578261056385,4.42857142857143,1.96304753922355,0.959385650846224,0.64821787448578,3.85714285714286,0.842235620279232,0.560804064520225,0.247393706770615,3,0.340874586192586,0.312730440800861,0.20158604126388,4.28571428571429,2.10865466142447,1.39882799970923,0.848789088200426,4.28571428571429,2.14839369258728,1.22413059487527,0.785890893834267,2.66666666666667,0.472602108730554,0.501513003330069,0.162683275605504,2,0.460436383520324,0.237167628793113,0.0429769485963397,1.8505084397052,1.45487592145968,0.651293794649935,0.490737620000524,0.340554152231969,0.208307280661974
"132",132,"female","white","yr1","Other","math02","Visual",4.25,1.27584516037,1.02850036819038,0.459233927296023,3,2.12285714583169,1.29221874315792,0.545908436449359,3,0.965626400932056,0.653159720235885,-0.340204930996185,2.5,-2.20976656546948,-1.37105483147384,-0.711041579257595,3,0.115199897327627,0.119639275160836,0.0631564269294878,3.42857142857143,0.414608638168231,0.0867769545911549,0.145839937852898,4.42857142857143,1.95394256066741,1.17669279111431,0.638239947431965,3.85714285714286,0.967859923017687,0.615711774762853,0.330678644142458,2.28571428571429,-1.54328585488888,-0.654795155532461,-0.654020796736584,2.71428571428571,-1.3915539712942,-1.10632622015769,-0.432437298088118,2.71428571428571,-1.32321353192404,-1.10925062583638,-0.679542504128517,2.66666666666667,0.5550369529743,0.22155179917161,0.297745725758265,1,-1.67156413915867,-0.843882077011064,-0.352923347074065,-0.0961482947986816,-0.259854507070046,0.0189877089436343,-0.223269758894026,-0.253616997854219,-0.0947936058261127
"133",133,"female","white","yr5+","STEM","other","Kinesthetic",4,0.935574311375912,0.678867424910856,0.599356533210125,2,0.12534174292341,-0.128894328881893,0.0479120491009187,3.33333333333333,-0.38420801108363,-0.491854837265455,-1.49247496424828,2.9,-0.883692137737322,-0.709023237263274,-0.238235492712765,2.16666666666667,-1.51971511956648,-0.842276996404287,-0.689730272869554,2.85714285714286,-0.722009400526096,-0.517854422150883,-0.212174912456437,3.42857142857143,-0.480400469877609,-0.215419650243707,-0.187992537211481,3.71428571428571,0.606535788244416,0.393572221528059,0.213290811472472,2.85714285714286,-0.239128258037093,0.0757029792577636,-0.340877117453183,3.14285714285714,-0.460292604873895,-0.304367203077251,-0.129315756083953,2.14285714285714,-2.57780693168044,-1.61500605256203,-1.08806881211978,1,-2.82240990528903,-2.08152477154134,-1.17740295309375,1.75,-0.14806069722189,-0.321352148580766,-0.133556819734785,-1.02606878736439,-0.911999647312886,-0.2774827347697,-0.545527509767617,-0.548675598188585,-0.231346473257725
"134",134,"female","other","yr1","STEM","stats","Auditory",3.75,0.584839319931037,0.132925263119719,0.529935311485079,2.2,0.428085836735154,0.547869348061305,0.0599712059642346,3,-0.905113290294001,-0.584160249973399,-1.15793808438679,2.9,-0.993017528531321,-0.628336939995582,-0.358027888191685,3.5,1.12526772487618,0.690582670365387,0.521134193950575,2.71428571428571,-1.40314033134902,-0.488796160764485,-0.596513159535009,3.57142857142857,-0.147221031597232,-0.21732569544122,-0.0323006941350771,3.71428571428571,0.613807673926562,0.285862010992396,0.189078798071306,2.42857142857143,-1.03382966523247,-0.604290345631019,-0.415377692856132,3.42857142857143,0.00434420981123634,0.151700039046683,-0.0595274091359651,3.57142857142857,0.577764580141635,0.457882222795583,0.317808585400209,2.33333333333333,-0.136939387527115,-0.183071274139288,-0.0242965000426901,2.5,1.7574446877847,1.40008350022892,0.550972787387923,-0.269083852545798,-0.135392413397285,-0.176222712033926,0.152070696205247,0.12063051092855,0.0643869297231566
"135",135,"female","white","yr1","Other","math01","Visual",2.5,-1.48580274812357,-1.25107603996478,-0.518113589450786,1.8,-0.309213646020511,-0.325279108888271,-0.0551930414089239,3.66666666666667,0.166121753784326,0.472767496239892,3.99073108462273,2.4,-2.67106078964013,-1.37505866173705,-0.981174751455123,2.16666666666667,-1.50148804131554,-0.978258055518725,-0.685357920615347,2.71428571428571,-1.37266963910205,-0.763046734488282,-0.584387560229667,2.42857142857143,-2.85437929185713,-1.85040518727595,-0.906834895719781,3.42857142857143,-0.177421641737822,-0.121656439814873,-0.0884074660093126,2.71428571428571,-0.413204354886146,-0.345411932476642,-0.093418161395743,2.28571428571429,-2.61142291389817,-1.57998309023604,-1.0354469492521,3,-0.694156755028705,-0.322925183049944,-0.214117423987157,2,-0.828915728028531,-0.587694347450185,-0.346338725843645,2,0.56814825597861,0.443678416353276,0.17970236257254,-1.85160189216671,-1.34907733760543,-0.717830026029958,-0.587220531046859,-0.505300726802027,-0.24907189932897
"136",136,"female","white","yr3","Business","math02","Kinesthetic",4.25,1.33681141534805,0.919063606032471,0.704610973598293,1.8,-0.382179288415615,0.0981865846344803,-0.15124361376841,3.33333333333333,-1.31467377575373,-0.965128668903863,-0.931717719488165,2.6,-1.73391047972435,-1.11901947807524,-0.441211787597244,2.16666666666667,-1.47850520060085,-0.993666842683414,-0.677593437408153,2.57142857142857,-1.35692870601,-0.976449965484961,-0.412319811921467,3.57142857142857,-0.146918993667165,-0.112700783374579,-0.00335479482151251,3,-1.15966568479331,-0.625803755048204,-0.404899604151118,2,-2.08185211454007,-1.19619684781883,-0.827753326794349,4,1.52159599370666,0.875550262701764,0.666951287954708,3.14285714285714,-0.355620518584512,-0.175156132364956,-0.0423480248564272,1.33333333333333,-2.17628210886328,-1.64536571793132,-0.924734264395479,3,2.72784650833594,1.68536259302956,0.557399770089811,0.107885115398242,0.111792585187756,0.0389284683206596,-1.4521977538181,-1.1063889369789,-0.616345386863972
"137",137,"female","Black","yr1","STEM","math03","Kinesthetic",2.75,-1.18906016242185,-0.691845057138459,-0.760925239081616,1.6,-0.72760721177855,-0.450714464259123,-0.170172937748174,4.33333333333333,0.267658385649109,-0.106667816915096,1.94316692674902,4,2.21457891444923,1.44769481588828,0.631774592114571,2.33333333333333,-1.17793300138188,-0.626647267839604,-0.550486474306536,3.42857142857143,0.258441420207492,0.322520134998604,0.0100192664150671,4.14285714285714,1.25155614333051,0.827119347802329,0.414710424161664,3.85714285714286,1.07488597187554,0.850015676268007,0.44516194509647,2.14285714285714,-1.58115571633043,-0.503856352929233,-0.563499061910117,3.85714285714286,1.30449511744012,0.745741775863028,0.664391924399962,2.28571428571429,-2.24768360202047,-1.75265846914271,-1.03723075702049,2.66666666666667,0.509188408898638,0.253087779470729,0.22837218865558,1,-1.67156413915867,-0.843882077011064,-0.352923347074065,0.103401340461464,-0.0961875459633491,0.164225937062861,-0.448569840506514,-0.517485006566813,-0.190215233583192
"138",138,"female","white","yr3","STEM","other","Auditory",2.75,-1.14553189912949,-0.901443096685258,-0.658236195364887,1.4,-1.16286378286451,-0.696000145459213,-0.273872413771114,4,1.6174927976648,1.03834674058624,3.09543696000112,4,2.26255226152452,1.2663701273454,0.629427931168862,2.83333333333333,-0.201025418991582,-0.132242187902014,-0.094611470703168,4.14285714285714,2.02156090735075,1.18995161545754,0.761011010474847,4.57142857142857,2.29116182659394,1.43576273981074,0.7616423273819,4.85714285714286,3.44176875288675,2.04126121827101,1.1772841329141,3.42857142857143,1.23557750062046,0.723864999211808,0.362679628823322,4.71428571428571,3.14877046071307,1.93744502344673,1.28258299036744,3.57142857142857,0.619881166998295,0.0729122982592022,0.0603418353416787,1.33333333333333,-2.17628210886328,-1.64536571793132,-0.924734264395479,1,-1.67156413915867,-0.843882077011064,-0.352923347074065,1.92596387987674,1.40000265223574,0.786204815624974,1.21741263786202,0.653666118514384,0.51700388767803
"139",139,"female","white","yr1","Business","math03","Kinesthetic",2,-2.42848667305267,-1.45586982868015,-1.30414899721683,1.2,-1.5819585307646,-0.870336402023775,-0.389446695623462,4,0.677218871108836,0.274300602015368,1.7169465618504,2.6,-2.06871845444551,-0.874958988445744,-0.739052373195413,3.83333333333333,1.73031032536854,1.07790103656497,0.795832074319108,4.14285714285714,1.93207296082869,1.0838084812035,0.662327251258014,4.14285714285714,1.21462898572691,0.798636408680944,0.384165323039076,3.85714285714286,0.951342566288701,0.694930098228933,0.289444182949784,4.42857142857143,3.35998841480795,1.57196076913425,1.24870610026076,4.14285714285714,1.66243238420318,1.09258397382817,0.626269473884071,4.14285714285714,1.82432304828678,1.16485704512056,0.665214718620689,2,-0.838177971936109,-0.804583591010405,-0.350023349896254,1.5,-0.621148175827482,-0.512726667522369,-0.191568062242842,1.53518411895328,1.21479142564072,0.555642036762658,1.79024879283594,1.41160105233674,0.759821885395629
"140",140,"female","white","yr1","STEM","math03","Visual",3,-0.769545851420981,-0.508373925228882,-0.57089836430828,1.4,-1.20624879455775,-0.61703841860333,-0.28133696640066,3.33333333333333,1.49633984202829,1.0362374398763,1.26450583205315,2.9,-0.903569208966691,-0.671736368226075,-0.163716407996672,1.5,-2.84095555063508,-1.8298032934496,-1.30268446227177,1.57142857142857,-3.84042016992931,-2.27898426893623,-1.45505870979891,1.57142857142857,-4.86928780095691,-2.95412138389229,-1.56650719027926,2.28571428571429,-2.94791981889219,-1.75027117349485,-1.06217379782905,1.57142857142857,-2.8865811001646,-1.35187648592518,-1.01920317343758,1.71428571428571,-3.89845450441376,-2.34816706472083,-1.53961145421933,2.14285714285714,-2.56335095691558,-1.70942401569702,-0.931095559876764,3,1.16457844923197,0.906136076640967,0.484725501406459,1.5,-0.725389181947489,-0.461133039127857,-0.23690086205795,-3.68993946361333,-2.76026702373323,-1.38408169226508,-2.55661024932018,-1.86989242054252,-1.08506805269586
"141",141,"female","white","yr2","Other","other","Auditory",1.5,-3.27016637292725,-2.27215557873457,-2.01851796765663,1,-1.95766826697144,-1.12363438544422,-0.497556424846265,3.33333333333333,1.49633984202829,1.0362374398763,1.26450583205315,3,-0.702557131271479,-0.326110850212567,-0.26038116509647,4.66666666666667,3.36522534226264,2.0398173081301,1.54871877411815,4.28571428571429,2.33940439802701,1.31264407643331,0.917229209251105,5,3.31170935523013,1.91813277875012,1.09562411681238,4,1.27441061578645,0.807672006371172,0.42510187829924,3.42857142857143,1.40153859020408,0.422604109987591,0.672716391916598,4.42857142857143,2.46972500211463,1.54340706000219,1.05336535666249,5,3.73293522636506,2.2231470984821,1.37616993798703,3,1.16457844923197,0.906136076640967,0.484725501406459,3,2.80786065111589,1.73123890971762,0.712328072219146,2.94433705049457,2.31357437629292,1.01723533950307,1.90989518246085,1.54247266349413,0.810352406201667
"142",142,"female","white","yr2","STEM","other","Kinesthetic",3.75,0.480344801660627,0.451960064824427,0.181869221466081,2.6,1.32735147958272,0.815683601979201,0.321630039861111,3.33333333333333,-0.38420801108363,-0.491854837265455,-1.49247496424828,4,2.21457891444923,1.44769481588828,0.631774592114571,1.5,-2.80274681347339,-1.83144545339772,-1.27987597972566,1.28571428571429,-4.52167330390616,-2.61240561816796,-1.7198879464311,2,-3.90137201148071,-2.28487789695199,-1.28668255784509,1.85714285714286,-4.05709876273552,-2.54208192405774,-1.41991389378197,1.71428571428571,-2.87694330951131,-1.26443795739329,-1.21859301094964,1.42857142857143,-4.56742483241726,-2.80804210600721,-1.78282500925922,2,-2.9255838519511,-1.72674067233897,-1.0615572945688,2.66666666666667,0.509188408898638,0.253087779470729,0.22837218865558,1.5,-0.621148175827482,-0.512726667522369,-0.191568062242842,-3.88717959775061,-2.95740010279949,-1.47588350699249,-3.00291094361047,-2.12941316320444,-1.27459060256082
"143",143,"female","white","yr3","Health","stats","Kinesthetic",2.75,-1.10981670041507,-0.858006868508405,-0.430775758394179,1,-1.95766826697144,-1.12363438544422,-0.497556424846265,3.33333333333333,-0.364591687311907,0.0896897765994806,2.38602032157339,3,-0.702557131271479,-0.326110850212567,-0.26038116509647,4,2.03910926845244,1.34767683886803,0.931198187346884,4,1.63445260902962,1.02399349125302,0.586406600707224,4,0.903854910787779,0.491669130721172,0.306628815783969,4,1.27441061578645,0.807672006371172,0.42510187829924,4,2.38478791395213,1.21760158762018,0.847623166283179,4,1.32144057587741,0.900862667285468,0.486921958217911,4,1.51938923566818,0.950110957716078,0.581026256999934,2,-0.828915728028531,-0.587694347450185,-0.346338725843645,2,0.56814825597861,0.443678416353276,0.17970236257254,1.28748907933531,1.02145690428275,0.464721145086021,1.65732795103539,1.28552764298991,0.703346916873826
"144",144,"female","white","yr1","Other","math02","Kinesthetic",4.5,1.7737637180346,1.20269601533094,1.03732585095717,2.4,0.907428601656395,0.763094203599223,0.171729620129818,3,-1.84538721684996,-1.34820638854427,-2.5364284825375,2.6,-1.72669598331963,-1.17502805696954,-0.525804064962189,2.66666666666667,-0.592417049268565,-0.316443650214984,-0.270390576413078,3.28571428571429,-0.145204366658066,0.232203729889277,-0.105375635478531,3,-1.45205404906989,-1.04101421901131,-0.406581807205622,3,-1.17540469034663,-0.706414461254421,-0.372527548038545,3,0.18038422762714,0.420594414425517,0.00270147798782569,3.57142857142857,0.444299165325256,0.337429731823263,0.147999247418579,2.42857142857143,-1.95351041449386,-1.00751245321789,-0.718606376413493,3,1.16457844923197,0.906136076640967,0.484725501406459,1.5,-0.725389181947489,-0.461133039127857,-0.23690086205795,-0.722808705425342,-0.599784764245836,-0.183292359854366,-0.475469511927489,-0.306911435187875,-0.201799297866553
"145",145,"female","white","yr1","Other","math01","Visual",3.5,0.183602215958904,-0.107270918001895,0.42468087109691,2.4,0.91861691486206,0.37158586809399,0.236675536784026,2,-0.606897598584919,0.0854711751795855,-1.27584193432254,2.8,-1.3412758773986,-0.523128308304366,-0.43877543393994,2,-1.84831865150357,-1.11570730886833,-0.845307438306751,3.42857142857143,0.273898240564634,0.186706919041414,0.0618991623617529,3.28571428571429,-0.756066375587772,-0.493298927597702,-0.20864966456934,3.71428571428571,0.584018708522208,0.36478528264172,0.199188618039368,3.57142857142857,1.54391618197847,0.632534027375409,0.647136235464235,3,-0.988426542380879,-0.547208533237225,-0.413211125194478,3.85714285714286,1.20186066452889,0.911564122304177,0.51351299863991,2.66666666666667,0.509188408898638,0.253087779470729,0.22837218865558,2.25,1.0412357345842,0.635052935294879,0.237713605080598,-0.0564975072062905,0.0384751836620386,-0.0811065407356703,0.161064944492865,-0.00316323453586134,0.068711342165237
"146",146,"female","white","yr2","Health","stats","Kinesthetic",2.75,-1.22477536113627,-0.735281285315311,-0.988385676052324,1.6,-0.756359712454183,-0.227957355776839,-0.22443281959917,3.33333333333333,-0.38420801108363,-0.491854837265455,-1.49247496424828,2.1,-3.31744691819786,-2.05536922626772,-1.03973823695911,2,-1.79790876878156,-1.22648500842059,-0.822914765838581,2.71428571428571,-1.19624742999172,-0.675509958778946,-0.479633204606858,3.57142857142857,-0.208271494738046,0.106201146530397,-0.118063299227709,3.28571428571429,-0.542360321027852,-0.453587613314225,-0.219142241052221,3.28571428571429,0.943084331752293,0.306392202281715,0.343881857548098,3.14285714285714,-0.502684506205662,-0.422514735981916,-0.159260950419436,2.57142857142857,-1.65278241976228,-0.755083359039915,-0.588283102587553,1.66666666666667,-1.52089206852995,-0.992317420761083,-0.6683809516446,1,-1.67156413915867,-0.843882077011064,-0.352923347074065,-0.868408344201859,-0.719084201799682,-0.29399078245718,-0.421639677568535,-0.354943816965627,-0.178729144137744
"147",147,"male","white","yr3","STEM","stats","Kinesthetic",1,-4.07264058087151,-2.7525479409778,-2.22902684843296,1,-1.95766826697144,-1.12363438544422,-0.497556424846265,5,1.31927710595571,0.36871531543326,3.21334080993687,3.6,1.17666370342863,0.665109049990226,0.401790988724991,4,2.03910926845244,1.34767683886803,0.931198187346884,4,1.63445260902962,1.02399349125302,0.586406600707224,4,0.903854910787779,0.491669130721172,0.306628815783969,4,1.27441061578645,0.807672006371172,0.42510187829924,4,2.38478791395213,1.21760158762018,0.847623166283179,4,1.32144057587741,0.900862667285468,0.486921958217911,4,1.51938923566818,0.950110957716078,0.581026256999934,2,-0.828915728028531,-0.587694347450185,-0.346338725843645,1.75,-0.0368779584253253,0.143263054934073,0.094561208402509,1.28748907933531,1.02145690428275,0.464721145086021,1.65732795103539,1.28552764298991,0.703346916873826
"148",148,"female","white","yr1","STEM","stats","Kinesthetic",3,-0.733830652706563,-0.464937697052029,-0.343437927337572,2,0.0664960901863384,-0.0719811254678252,0.0529166878138785,3,-0.905113290294001,-0.584160249973399,-1.15793808438679,2.4,-2.35750431006273,-1.49332480098825,-0.653501153742296,1.5,-2.77896782292481,-1.83968271030013,-1.26833988732033,2.28571428571429,-2.14617384017528,-1.40579251035637,-0.788802281251813,2.14285714285714,-3.60107990315779,-2.05429088737695,-1.19382527901774,2.28571428571429,-2.88306868115146,-1.83354804723111,-0.974721191210837,1.85714285714286,-2.28367024818719,-1.16930574820641,-0.802144688995277,2.14285714285714,-2.97449323645056,-1.75624620276239,-1.20287404758824,1.71428571428571,-3.5362050807992,-2.16577191638662,-1.33258872847535,2,-0.828915728028531,-0.587694347450185,-0.346338725843645,2,0.436209520180267,0.334637573875677,0.152572450910567,-2.99228931978934,-2.34287006790038,-1.03325730363968,-2.28239648478321,-1.6726428838186,-0.968650110367953
"149",149,"female","white","yr1","STEM","stats","Kinesthetic",3.75,0.444629602946209,0.408523836647575,-0.0455912155046277,1.6,-0.728308393920593,-0.499615365452834,-0.170767323261272,3,1.90590032748802,1.41720585880676,1.03828546715453,3.3,0.323143059498079,-0.0111087397124651,0.14371947569857,3,0.165609780049636,0.00886157560857415,0.0855490993976579,3.71428571428571,1.13676818500599,0.573116218545411,0.484506653047116,3.71428571428571,0.200480200945501,0.118124521639937,0.0757809142426183,3,-1.13353406055435,-0.48722519589731,-0.377450468345093,3.42857142857143,1.25488092675042,0.446972907060785,0.494366997940351,3.42857142857143,0.156210691202902,0.103197383146303,0.0979485259553876,2.85714285714286,-1.00385082735607,-0.716503113896717,-0.394268530042985,3,1.16457844923197,0.906136076640967,0.484725501406459,1.5,-0.621148175827482,-0.512726667522369,-0.191568062242842,0.208871868072953,0.0786305555672577,0.155182155770076,0.156800993862843,0.225793743681795,0.066514938452221
"150",150,"male","white","yr2","STEM","math02","Visual",2.25,-2.0019985128169,-1.3685466378933,-1.1809779474971,1.2,-1.53857351907136,-0.949298128879659,-0.381982142993917,3.33333333333333,-0.38420801108363,-0.491854837265455,-1.49247496424828,4,2.37140052329821,1.4339203782041,0.891685363984359,3.83333333333333,1.68812718651146,1.09143496357648,0.781698551777096,3.71428571428571,1.0080709438886,0.9052836872067,0.355386085775942,3.57142857142857,-0.0773612634735351,-0.0860081733299305,-0.0413732254176874,3.28571428571429,-0.543936765041623,-0.336263650310451,-0.254016110052977,1.57142857142857,-3.08202306467128,-1.27486277798933,-1.26534436830404,3.42857142857143,0.112349710844592,-0.00965247457879391,0.0432646328062207,3,-0.667924679374034,-0.601943636953776,-0.19557030534233,2,-0.828915728028531,-0.587694347450185,-0.346338725843645,1.5,-0.725389181947489,-0.461133039127857,-0.23690086205795,0.119773772563193,0.0554173148765371,0.0926082426901047,-0.750670771379226,-0.454650523318987,-0.319022955927315
"151",151,"male","white","yr1","Health","stats","Auditory",1.25,-3.67140347689938,-2.51235175985619,-2.1237724080448,1,-1.95766826697144,-1.12363438544422,-0.497556424846265,4.33333333333333,1.19812415031921,0.366606014723312,1.3824096819889,4,2.21457891444923,1.44769481588828,0.631774592114571,1.66666666666667,-2.54118372204573,-1.38343428530525,-1.16143486449143,4.85714285714286,3.68645384562358,2.11529999085397,1.39500778656879,4.42857142857143,1.86902107044735,1.16653178723552,0.610701590878137,5,3.74208800854917,2.29084272651677,1.25970296808463,3.71428571428571,1.74352520612027,0.836355763571007,0.582735393001419,1.14285714285714,-5.36689216218615,-3.23760651210189,-2.16124126638782,4.28571428571429,2.14661187913483,1.38223572397475,0.828690621415786,2.33333333333333,-0.173525687695199,0.0653539497200516,-0.0899854130927663,1,-1.67156413915867,-0.843882077011064,-0.352923347074065,0.577619416774491,0.372585257159561,0.134418013363609,0.781219239825752,0.189171217033612,0.332207397410215
"152",152,"female","white","yr1","STEM","stats","Visual",3.25,-0.278601142991278,-0.238030336965601,0.0740493844064723,2.8,1.59930123919098,1.27770247266047,0.392359331775285,3.33333333333333,1.49633984202829,1.0362374398763,1.26450583205315,3.2,0.0993346386157298,-0.208639021332076,0.143281044055537,3.33333333333333,0.786663858553083,0.45588964447503,0.36944382618533,4.14285714285714,2.04329299724935,1.07976107092527,0.75482540103119,3,-1.55594501823925,-0.828574815604244,-0.558151163283255,3.42857142857143,-0.0130052582858797,-0.0245861135852408,0.0476978900712382,2.85714285714286,-0.0263767019309257,-0.197996742831841,0.107151883620891,4,1.4513174304512,0.773860227555871,0.625266279713603,3.42857142857143,0.279698495880991,0.23819790697166,0.0860337665866326,2,-0.828915728028531,-0.587694347450185,-0.346338725843645,1.25,-1.09423565443307,-0.704101186463973,-0.2495793047509,0.530288930616683,0.467885847929249,0.27320581917219,0.370348350609793,0.313844094584185,0.157107865197795
"153",153,"female","white","yr1","STEM","stats","Kinesthetic",2.75,-1.2500264173999,-0.58240829498055,-1.00630228538389,1,-1.95766826697144,-1.12363438544422,-0.497556424846265,3.66666666666667,1.08677935656856,0.655269020945832,1.49072619695178,2.9,-0.792125115404373,-0.701542965673283,-0.0955114423308969,2.66666666666667,-0.497269076400039,-0.249784751798545,-0.233943238043924,3.71428571428571,1.2461048067888,0.717649713337596,0.551445254533797,3.85714285714286,0.552605610385553,0.391272988618916,0.145305237188856,3.71428571428571,0.57451114007523,0.226553299798063,0.243565073138197,2.14285714285714,-1.54731428612365,-0.805121699230756,-0.415266097311733,3.71428571428571,0.784347084309927,0.345669238502877,0.344903554547794,3.57142857142857,0.6115205801903,0.299796636620776,0.19997093461727,1.33333333333333,-2.1670198649557,-1.4284764743711,-0.921049640342871,2.25,1.12124987736415,0.680929251982932,0.392641907209932,0.821599876286678,0.627235240234355,0.329571946675652,-0.288759514624421,-0.311218717064328,-0.122495471759922
"154",154,"female","white","yr1","Health","stats","Kinesthetic",4.5,1.7737637180346,1.20269601533094,1.03732585095717,1.4,-1.16286378286451,-0.696000145459213,-0.273872413771114,4.33333333333333,1.20793231220507,0.65737832165578,3.32165732489974,2.7,-1.51487344579764,-0.980728147175108,-0.446823899730939,4.66666666666667,3.37760355788052,2.06136615753129,1.54652804192269,4.71428571428571,3.39230900996784,1.94783676582676,1.30478295970423,4.57142857142857,2.30996133840638,1.47095730340553,0.737017852778305,4.85714285714286,3.37941914387524,2.02040059729589,1.14657793315971,4.42857142857143,3.27112466173907,1.64862146081998,1.17808602633657,4.71428571428571,2.94234772117656,1.84224309492595,1.08756070286883,4.71428571428571,3.12306760112785,1.79365492367314,1.20779301474552,1,-2.82240990528903,-2.08152477154134,-1.17740295309375,1.75,0.0604213150181249,-0.42453940536979,-0.0428912201045696,2.85365751820647,2.24661043746799,1.03773824656536,2.92369440239315,2.15955348343447,1.24083944141629
"155",155,"female","white","yr3","Other","other","Kinesthetic",5,2.60497927545839,1.82267254687374,1.54215099375782,3,2.07947213413846,1.3711804700138,0.538443883819814,3.33333333333333,-0.374399849197768,-0.201082530332987,0.446772678662553,2.6,-1.69311014050746,-1.40254220999532,-0.45087401750277,4.83333333333333,3.65739372755912,2.37339626650933,1.66934150941113,5,3.92613352833232,2.35294126627441,1.45210273364758,5,3.31170935523013,1.91813277875012,1.09562411681238,5,3.74208800854917,2.29084272651677,1.25970296808463,4.28571428571429,3.2959569636831,1.60005516663142,1.34093927496981,5,3.63130769413571,2.34893386780816,1.3870550416303,4.85714285714286,3.41064639551701,2.00576841962791,1.21269403519193,2,-0.838177971936109,-0.804583591010405,-0.350023349896254,2,0.42926778750371,-0.181571258033675,-0.0302127774116195,3.41357720984835,2.63727743379365,1.25694446497504,3.23117812413739,2.38486827285181,1.37135214962597
"156",156,"male","white","yr2","Other","math02","Visual",3.25,-0.278601142991278,-0.238030336965601,0.0740493844064723,2,0.0811286012039387,0.0718142561585753,0.006121358592428,4.33333333333333,0.267658385649109,-0.106667816915096,1.94316692674902,2.3,-2.71180772621106,-1.60857457177443,-0.828672946808234,1.66666666666667,-2.45116044082161,-1.57342392809837,-1.11653433108127,2,-3.04630117972325,-1.52433508069318,-1.23669554507261,3,-1.39263285244712,-0.972530842692332,-0.408962255995782,3,-1.25923093050453,-0.806150955014102,-0.453552353613459,3,0.277471316389293,0.323326561354732,0.0544918592990281,3.28571428571429,-0.374537662207678,-0.0422586013293515,-0.289839412838582,3.28571428571429,-0.0370114176274272,0.208052310336024,0.140271438564068,3,1.16457844923197,0.906136076640967,0.484725501406459,2,0.540450526300274,0.283043945481165,0.197905250725674,-1.23882803704148,-0.840046316982664,-0.559953271060714,-1.0441621026739,-0.813981656568365,-0.442945075731593
"157",157,"female","white","yr1","Other","stats","Visual",3.5,0.043392498974075,0.16832765552596,-0.150845655892796,2,0.0811286012039387,0.0718142561585753,0.006121358592428,3.66666666666667,0.146505430012603,-0.108777117625043,0.112235798801059,2.8,-1.24557518941454,-0.883281509943544,-0.365223176158063,3,0.0993697101698275,0.104092997936463,0.0342704145159715,3.71428571428571,1.00330462536854,0.706593000224216,0.326968433497159,4,0.818933420567716,0.481508126842381,0.279090459230141,3.85714285714286,0.936875723424309,0.398603919134636,0.324736493420762,3.28571428571429,0.916034880725652,0.725656541000212,0.393569643489821,4,1.37390760780412,0.95317312234829,0.502871231218458,2.85714285714286,-1.0326929914729,-0.470694233734932,-0.385886823117887,2.33333333333333,-0.182787931602778,-0.151535293840168,-0.0936700371453748,1.75,-0.14806069722189,-0.321352148580766,-0.133556819734785,0.511961565325801,0.306161426122063,0.264848515125229,0.620959185668955,0.410159977767828,0.263654974284419
"158",158,"female","white","yr3","Business","math02","Auditory",1,-4.07264058087151,-2.7525479409778,-2.22902684843296,1,-1.95766826697144,-1.12363438544422,-0.497556424846265,3,0.975434562817917,0.943932027168352,1.59904271191465,3.1,-0.42504222697072,-0.0346858631238926,-0.225660089646342,4.83333333333333,3.65739372755912,2.37339626650933,1.66934150941113,4.71428571428571,3.39230900996784,1.94783676582676,1.30478295970423,4.42857142857143,1.98210569385077,1.08565900391525,0.661167988275539,4.42857142857143,2.35749206724208,1.27645104868232,0.793167020261792,4.57142857142857,3.62958161550567,1.90390508116674,1.34157530657204,4.85714285714286,3.30750726994709,2.10990033681063,1.27658488061168,4.57142857142857,2.77506316524237,1.80052799173081,1.10465877005167,2,-0.828915728028531,-0.587694347450185,-0.346338725843645,1,-1.67156413915867,-0.843882077011064,-0.352923347074065,2.85034262132609,2.24343395919876,1.05572299142942,2.84591617341385,2.19862178531926,1.20774560596022
"159",159,"male","other","yr2","Business","math03","Kinesthetic",2,-2.51819427751024,-1.48601723582182,-1.84384230554341,1,-1.95766826697144,-1.12363438544422,-0.497556424846265,4.66666666666667,0.788563664859481,-0.0143624042071519,1.60863004688753,3.3,0.250395816015007,0.174677447991142,0.171743278737115,2.66666666666667,-0.490297713696441,-0.324903241630103,-0.23537560125587,3.71428571428571,1.13109878291211,0.344638417081573,0.451212426069211,4.85714285714286,3.000935280291,1.61116550079035,1.01808760955727,3.85714285714286,0.99691272117108,0.685268946896058,0.388738851204168,3.42857142857143,1.17635223372256,0.810179258401296,0.471700751924356,4,1.52159599370666,0.875550262701764,0.666951287954708,3.71428571428571,0.912183520901894,0.553363561261164,0.311197788770789,2,-0.828915728028531,-0.587694347450185,-0.346338725843645,1.75,-0.14806069722189,-0.321352148580766,-0.133556819734785,1.68227335338623,1.21510509259053,0.620903305901664,0.565053247523142,0.324716011452175,0.240023032277521
"160",160,"female","white","yr2","Other","math02","Kinesthetic",4.25,1.31156035908442,1.07193659636723,0.686694364266732,1.8,-0.326076651348435,-0.445129434717509,-0.0439126210926142,4,-0.263055055447124,-0.489745536555507,0.338456163699681,3.9,2.01554438997466,1.24570303510793,0.605659018378702,1.33333333333333,-3.17858619706672,-1.92664040007234,-1.4523781429564,2.14285714285714,-2.5332821384964,-1.57175063456089,-0.963406691019435,2.28571428571429,-3.21414836241884,-1.85667933185883,-1.09636747548782,2.57142857142857,-2.28004499135015,-1.33617138865173,-0.850362731002278,1.85714285714286,-2.53067662191585,-1.08498501827089,-1.1046444594362,1.85714285714286,-3.665011175845,-2.16368132261946,-1.53605505423771,1.85714285714286,-3.22761862110512,-1.84443620515876,-1.22343156725823,2.66666666666667,0.472602108730554,0.501513003330069,0.162683275605504,1.25,-1.19847666055308,-0.652507558069461,-0.294912104566007,-3.17640523546791,-2.48166039592771,-1.13875632112605,-2.54857625254269,-1.93084386199257,-1.08158625530782
"161",161,"male","white","yr1","STEM","math02","Kinesthetic",3,-0.708579596442934,-0.617810687386791,-0.32552131800601,1,-1.95766826697144,-1.12363438544422,-0.497556424846265,2.33333333333333,-1.01645808404465,-0.295497243750879,-1.04962156942391,3.3,0.159074799848577,0.164701000954582,-0.0492263513180469,3.33333333333333,0.820443183487671,0.408915100998945,0.377093120918705,4.28571428571429,2.46118245913014,1.45617556301698,0.96359426510934,4.57142857142857,2.29756057044872,1.23762089170911,0.787239708015919,4.28571428571429,1.93990026485202,1.22355814912643,0.677392155258501,3.28571428571429,1.04829737105016,0.726382844673722,0.404833862103749,4.28571428571429,2.1202877584547,1.23373526884225,0.868479834753491,4.28571428571429,2.17396118480162,1.3583729537551,0.812351656573459,2,-0.828915728028531,-0.587694347450185,-0.346338725843645,2,0.56814825597861,0.443678416353276,0.17970236257254,2.28424433232331,1.75731971085554,0.837291042100632,1.14255373674128,0.764607661979057,0.48500991543632
"162",162,"male","Asian","yr3","Other","other","Visual",3,-0.733830652706563,-0.464937697052029,-0.343437927337572,3,2.11992546937932,1.26726289776137,0.50979914203112,3,0.0351606362619581,0.179885888597477,0.220552313763931,2.7,-1.60324579860954,-0.571359847286303,-0.382227605977541,3,0.0953953084744368,0.11598476499985,0.0429453745200661,3.14285714285714,-0.363083474617341,-0.137491058741159,-0.18906470536857,2.42857142857143,-2.7903783397542,-1.97945859757421,-0.857283685101263,2.85714285714286,-1.64049804905906,-0.897196892972455,-0.535479024956206,3,0.103109517254608,-0.252806482906293,-0.042731669711595,3,-0.988426542380879,-0.547208533237225,-0.413211125194478,2.85714285714286,-0.954386243751076,-0.558901449224368,-0.235357409275897,3.33333333333333,1.8199684895653,1.5591843738112,0.741078814157338,3,2.80786065111589,1.73123890971762,0.712328072219146,-1.17414074375118,-0.838071183570654,-0.41728623103033,-0.44618311737549,-0.213469909481631,-0.189492704937662
"163",163,"female","white","yr1","Other","math01","Kinesthetic",3.25,-0.3073424924708,-0.377614506265176,-0.220266877617842,1,-1.95766826697144,-1.12363438544422,-0.497556424846265,3,0.0253524743760969,-0.110886418334991,-1.7186953291469,3.8,1.78588755029961,0.888156339510258,0.540540254387223,4.33333333333333,2.69314230126085,1.82707979755895,1.23688484354665,3.57142857142857,0.818090095606777,0.39877367441055,0.303003366204144,4.28571428571429,1.53279009702621,0.931433004308348,0.494617589199252,4,1.26952390858077,0.913595858994696,0.408834681567913,2.85714285714286,0.120065686547894,-0.0718587820942904,0.176508635842813,3.28571428571429,-0.277758341796558,-0.271447569063837,-0.108021961214879,3.71428571428571,0.883842705587857,0.655364606214079,0.322998703312048,2,-0.828915728028531,-0.587694347450185,-0.346338725843645,1,-1.67156413915867,-0.843882077011064,-0.352923347074065,0.712707951390729,0.518971059638566,0.235657672298898,1.28472678922274,1.02482857683003,0.545035703974128
"164",164,"male","Black","yr3","Business","stats","Visual",1.75,-2.81493686321196,-2.04524821864814,-1.60103065591258,1,-1.95766826697144,-1.12363438544422,-0.497556424846265,3,1.90590032748802,1.41720585880676,1.03828546715453,4,2.21457891444923,1.44769481588828,0.631774592114571,4,2.03910926845244,1.34767683886803,0.931198187346884,3.85714285714286,1.27676618704057,0.784015781554196,0.423653330025163,3.85714285714286,0.539417409067993,0.334058012400646,0.1762454623413,3.71428571428571,0.612767225350754,0.335950944890619,0.225295210458728,3,0.409806250740961,0.172824260621295,0.325288299548245,4,1.33151570647235,0.835025589443624,0.472926036882975,4,1.51938923566818,0.950110957716078,0.581026256999934,2,-0.792329427860447,-0.836119571309525,-0.280649812793569,1.25,-1.09423565443307,-0.704101186463973,-0.2495793047509,1.06976650829366,0.875878700083133,0.375259756001235,1.05944603333503,0.864781685895067,0.449486745835596
"165",165,"female","Black","yr1","STEM","math02","Visual",4,0.960825367639542,0.525994434576095,0.617273142541686,1.8,-0.337966146696144,-0.102522000405987,-0.10945292325992,2,-2.47763728981098,-1.1518487950297,-2.09357508771314,3.7,1.43359835889856,0.778293157800377,0.468807696276071,3.16666666666667,0.430648073674203,0.152535735647712,0.190942989728207,3.85714285714286,1.44471374720963,1.02405338874558,0.576471249508204,4.57142857142857,2.37200009405257,1.17140162720317,0.830098836141987,4.42857142857143,2.30256912952594,1.4940002783473,0.790517190183416,2.57142857142857,-0.601536996463991,-0.610922843031192,-0.0848317186050505,3.28571428571429,-0.0677776539625158,-0.243817241334815,0.0835378240458082,4.42857142857143,2.44801407468556,1.40431746943433,0.845220222821498,1.33333333333333,-2.13043356478762,-1.67690169823044,-0.855360727292794,1.5,-0.617677309489203,-0.254622251567694,-0.100175448081749,1.58876886318139,1.21881839163715,0.52180965034281,0.710693463634497,0.378524776303142,0.301729963419899
"166",166,"male","white","yr1","Other","math02","Visual",3.5,-0.0715661617471244,0.291053238719055,-0.708455573550941,1.2,-1.5819585307646,-0.870336402023775,-0.389446695623462,2,-0.606897598584919,0.0854711751795855,-1.27584193432254,3,-0.77645575844949,-0.268771355393097,-0.290624511695481,2.16666666666667,-1.39511636357388,-1.07206965241121,-0.633408835527887,4,1.63445260902962,1.02399349125302,0.586406600707224,4.28571428571429,1.5790664874467,0.95624752700147,0.514548676481746,4.42857142857143,2.39336297404115,1.38763505168701,0.815376367714815,2.28571428571429,-1.38168532058898,-0.430543517166787,-0.556112566468503,5,3.63130769413571,2.34893386780816,1.3870550416303,4.28571428571429,2.17946069934953,1.30571961801658,0.813617048260724,1.33333333333333,-2.17628210886328,-1.64536571793132,-0.924734264395479,1,-1.67156413915867,-0.843882077011064,-0.352923347074065,2.14377525962394,1.71061561092357,0.782719106053156,-0.189683100697462,-0.414370076238028,-0.0802408030242026
"167",167,"female","white","yr1","STEM","math02","Visual",3.75,0.49862200868936,0.395235015612389,0.266641655851248,1.6,-0.741727201436583,-0.0841619741504386,-0.27122814882062,3,0.965626400932056,0.653159720235885,-0.340204930996185,2.9,-0.800669584941665,-0.714320703592184,-0.0089185420223397,5,3.98282322843044,2.57936891273621,1.8194510001737,3.57142857142857,0.862065708722169,0.159153758477704,0.361857826537268,4.42857142857143,1.93243681415362,1.16066351968597,0.678483875615764,3.85714285714286,1.02693340068855,0.440719136256876,0.417765697981933,2.85714285714286,0.106448266410933,-0.138870363353573,0.264966108297331,5,3.63130769413571,2.34893386780816,1.3870550416303,4.85714285714286,3.42145934058524,1.98767429673481,1.23881855951272,3,1.16457844923197,0.906136076640967,0.484725501406459,1.75,-0.14806069722189,-0.321352148580766,-0.133556819734785,2.37486533987043,1.93763370027295,0.803328669027329,1.7403304644257,1.43617786792145,0.738258919900889
"168",168,"female","white","yr2","Other","math01","Kinesthetic",4.25,1.47702113233287,0.643465032504615,1.280137500588,2.6,1.32582216741443,0.888529558970074,0.286709516469068,3.33333333333333,-1.32448193763959,-1.25590097583633,-2.870965362399,4.5,4.06264371061908,2.26888107290687,1.36310913404725,3.16666666666667,0.437278297075618,0.12746986614522,0.209573165134954,2.71428571428571,-1.17036955465385,-0.620018340518786,-0.43306937583993,3.85714285714286,0.571405122197997,0.426467552213715,0.120680762585261,3,-1.19326677697627,-0.675498713774425,-0.409499211486148,2.42857142857143,-1.26935108175501,-0.503260856872094,-0.664347160756567,3.42857142857143,0.00799140246467051,0.143838515379879,-0.00424366184125698,4.42857142857143,2.47305547890383,1.41041307124086,0.898672237140478,2.66666666666667,0.463339864822976,0.284623759769849,0.158998651552895,1.5,-0.621148175827482,-0.512726667522369,-0.191568062242842,0.345503117640996,0.394059758647451,-0.0013937192502501,-0.749656611425091,-0.468519360146739,-0.318392290498543
"169",169,"female","other","yr1","Business","math02","Kinesthetic",4.25,1.41605487735483,0.752901794662524,1.03476045428573,2,0.0811286012039387,0.0718142561585753,0.006121358592428,3,0.975434562817917,0.943932027168352,1.59904271191465,3.2,-0.140580203735532,0.07557905315829,-0.133071622821876,2.5,-0.806245089541502,-0.650244943106933,-0.367534428954178,3.57142857142857,0.659054639397038,0.523108916994077,0.231352537210471,3.85714285714286,0.602531114844198,0.22356483278446,0.215081847765362,3.57142857142857,0.161385413313241,0.0716961745335834,0.0148781732275707,3.42857142857143,1.33883642681849,0.622109206779373,0.600384878109829,3.57142857142857,0.381136855612005,0.254264550064382,0.149187515159945,3.71428571428571,0.89406450864003,0.510261556710098,0.357018059540204,2.33333333333333,-0.173525687695199,0.0653539497200516,-0.0899854130927663,2.75,2.3347731725103,1.53986439077601,0.654316829711088,0.632194558680135,0.503957553163893,0.212176201708463,0.277431271322634,0.179681829444737,0.117927557785215
"170",170,"female","white","yr1","Other","math01","Visual",3.25,-0.332593548734429,-0.224741515930415,-0.238183486949403,2.2,0.397992684673716,0.382025442993089,0.11923572652819,3,-0.905113290294001,-0.584160249973399,-1.15793808438679,2.5,-2.037581229027,-1.30402369881957,-0.564624925783375,4.16666666666667,2.35613495540127,1.52020886863033,1.07482345030082,4.85714285714286,3.59584859833575,2.23125081350716,1.31645808049977,5,3.31170935523013,1.91813277875012,1.09562411681238,5,3.74208800854917,2.29084272651677,1.25970296808463,5,4.57314979566002,2.32881677317432,1.63321748061498,5,3.63130769413571,2.34893386780816,1.3870550416303,5,3.73293522636506,2.2231470984821,1.37616993798703,2.33333333333333,-0.182787931602778,-0.151535293840168,-0.0936700371453748,1,-1.67156413915867,-0.843882077011064,-0.352923347074065,3.42125074872376,2.67160838790397,1.23279882093333,3.09063607429042,2.21832562942652,1.31190122970915
"171",171,"female","white","yr1","Health","stats","Kinesthetic",2.75,-1.14553189912949,-0.901443096685258,-0.658236195364887,1.4,-1.16286378286451,-0.696000145459213,-0.273872413771114,3.66666666666667,1.08677935656856,0.655269020945832,1.49072619695178,3.8,1.76704396335631,0.928434115836505,0.546123750769864,2,-1.83594043588568,-1.09415845946714,-0.84749817050221,3.42857142857143,0.509980203976121,0.169516818920451,0.252807296200704,3.85714285714286,0.578105903982848,0.332950616178732,0.175224042532844,3.28571428571429,-0.437908368110949,-0.379164265971851,-0.154222294858552,3,0.226554552405427,0.325668649781505,0.128687833403821,3,-0.890172429792974,-0.555933973695675,-0.350838333973434,3.28571428571429,-0.0727736300784501,-0.0535063867099912,0.0356790593749594,2,-0.828915728028531,-0.587694347450185,-0.346338725843645,3,2.83208751445595,1.63376896463505,0.602732569904919,0.111390617723851,0.050109653595039,0.0393032333369366,-0.562026457107243,-0.484147028017367,-0.238320014422196
"172",172,"male","white","yr1","STEM","math03","Auditory",4.5,1.85300718004138,1.03653420396099,1.36747533164461,1.2,-1.5819585307646,-0.870336402023775,-0.389446695623462,3.66666666666667,-0.803576658429217,-1.16359556312839,-3.20550224226049,4.5,3.74696797031875,2.35160192494966,1.20734447900214,4.16666666666667,2.37691698494165,1.5751983344961,1.079116945914,5,3.92613352833232,2.35294126627441,1.45210273364758,4.57142857142857,2.28244119728898,1.3297921360827,0.745396578023096,4.57142857142857,2.68775507392208,1.79322934645452,0.917744418541435,4,2.38478791395213,1.21760158762018,0.847623166283179,3.85714285714286,0.93186378301912,0.829717355183897,0.323545775715517,4.57142857142857,2.76852109208115,1.779801277388,1.05149585319811,3.33333333333333,1.8199684895653,1.5591843738112,0.741078814157338,3,2.70361964499589,1.78283253811213,0.666995272404038,2.39179585967044,1.84319158479045,0.867590806346118,2.15990745848331,1.57151799114347,0.91671078260306
"173",173,"male","white","yr2","STEM","math03","Kinesthetic",3,-0.672864397728515,-0.574374459209938,-0.098060881035302,1,-1.95766826697144,-1.12363438544422,-0.497556424846265,4,1.60768463577893,0.747574433653776,1.15618931709028,4.9,4.86125778127799,3.14747651831152,1.46847381523966,4.16666666666667,2.31412888660175,1.66442718464717,1.05891500564128,4,1.93083345690899,0.943422827492598,0.801970314852208,4,0.93579936140843,0.432533462309734,0.30399840315881,4.42857142857143,2.29679146945608,1.40228451357759,0.790151637404681,2.28571428571429,-1.42612804920587,-0.558308619676259,-0.727099937689988,4.14285714285714,1.87901914174338,1.02799084666153,0.816243809122059,4,1.51284716250696,0.929384243373269,0.527863340146381,2.66666666666667,0.509188408898638,0.253087779470729,0.22837218865558,1,-1.67156413915867,-0.843882077011064,-0.352923347074065,1.60293191997146,1.25605854269865,0.613416623876601,0.73703035906842,0.480883375138212,0.31259117557176
"174",174,"female","white","yr2","STEM","math03","Visual",3.5,0.0686435552377044,0.0154546651911992,-0.132929046561235,2,0.152564931430762,-0.278805480373303,0.0672514075598715,3.33333333333333,1.49633984202829,1.0362374398763,1.26450583205315,5,5.13171496016993,3.22150048198912,1.52393034932561,1.83333333333333,-2.10432983063358,-1.43597467474877,-0.956584813389863,2.42857142857143,-1.76101744134287,-1.06939051240371,-0.619348906403095,1.85714285714286,-4.24881460120866,-2.52924932455893,-1.35718957782943,3,-1.23536912088167,-0.72906144014168,-0.443712957925427,1.71428571428571,-2.620869662724,-1.17973502587976,-1.01069984484457,2.85714285714286,-1.23743155982601,-0.868169613342855,-0.505178807401404,1.71428571428571,-3.54988036913768,-2.33423427168312,-1.43101973027509,2.66666666666667,0.509188408898638,0.253087779470729,0.22837218865558,1.25,-1.09423565443307,-0.704101186463973,-0.2495793047509,-2.62950154160092,-2.04806531208093,-0.849258335503658,-1.81539337761897,-1.40892810910106,-0.770448832443056
"175",175,"female","white","yr1","Other","math02","Kinesthetic",4.5,1.79204092506333,1.1459709661189,1.12209828534234,1.8,-0.382880470557658,0.0492856834407693,-0.151837999281508,3.66666666666667,-0.793768496543356,-0.872823256195919,-1.26625459934966,1.8,-4.18414607728877,-2.57223474196754,-1.28074885083103,3,0.126604893054053,0.00333220529440741,0.0589690076534191,2.71428571428571,-1.16696252336139,-0.705803606917783,-0.426965038786114,3,-1.49991631089314,-0.66027240082142,-0.523284637450697,3,-1.21023514856988,-0.867687398157339,-0.430953307878989,3,0.379226442047035,0.51140552713127,0.249415330103339,3.14285714285714,-0.656640213815472,-0.465406209439871,-0.338333964917496,2.42857142857143,-1.95879676219869,-1.31449105373347,-0.787577769268778,2.66666666666667,0.509188408898638,0.253087779470729,0.22837218865558,1.5,-0.725389181947489,-0.461133039127857,-0.23690086205795,-1.37205599544206,-1.0934623734882,-0.452463551407402,-0.107445955042011,0.0285939640185023,-0.0456717382174282
"176",176,"male","white","yr3","STEM","math04","Auditory",4.25,1.31853420831931,0.975788655244508,0.619838539213126,1,-1.95766826697144,-1.12363438544422,-0.497556424846265,3.33333333333333,-0.38420801108363,-0.491854837265455,-1.49247496424828,4.7,4.2377792333892,2.65796821536463,1.28423547669025,3.66666666666667,1.47004680406898,0.842985676161899,0.667620589305743,4.57142857142857,3.11648923291825,1.75596826266628,1.20226818634219,4.28571428571429,1.5998425842699,1.03938442213478,0.504560958420251,3.42857142857143,0.0565008725474092,-0.0481603009551717,0.112281026674948,2.71428571428571,-0.480940676479305,0.0632448503155912,-0.334092209071337,4.42857142857143,2.44973535715898,1.49659132840636,0.997084572940903,4,1.52202640694582,0.71090114378796,0.509985171208249,1.33333333333333,-2.13043356478762,-1.67690169823044,-0.855360727292794,1.25,-1.09423565443307,-0.704101186463973,-0.2495793047509,2.12710801601413,1.62065428256478,0.838828105169601,0.250175583513731,0.230962159741175,0.105980060527123
"177",177,"female","white","yr3","STEM","stats","Visual",3,-0.679838246963412,-0.478226518087215,-0.0312050559816962,3,2.01476312849665,1.37818198263477,0.471229933696296,2,-1.53736336325502,-0.387802656458823,-0.71508468956242,3.3,0.253356786927793,0.0923376804736272,0.0140989793316984,2.33333333333333,-1.1744620199807,-0.844463312330109,-0.545619455333365,3,-0.657228310273073,-0.304954283768369,-0.279289532233136,3,-1.50399953365457,-0.934794517307775,-0.482366485244439,3,-1.19326677697627,-0.675498713774425,-0.409499211486148,3,0.196426032244247,0.106386402066042,0.0620288519513763,3,-0.978351411785939,-0.613045611079068,-0.427207046529414,3,-0.694156755028705,-0.322925183049944,-0.214117423987157,2.66666666666667,0.472602108730554,0.501513003330069,0.162683275605504,2,0.56814825597861,0.443678416353276,0.17970236257254,-0.946809234169629,-0.700532542631769,-0.350447087483063,-0.634041688931051,-0.448378618883678,-0.269026039543606
"178",178,"female","white","yr1","Business","other","Kinesthetic",2.75,-1.27876776687942,-0.721992464280126,-1.3006185474082,2.2,0.472172030570431,0.517808522399133,0.0680301441068776,3.33333333333333,-0.374399849197768,-0.201082530332987,0.446772678662553,2.1,-3.31861368289976,-1.87033763781848,-1.05807719796595,3.66666666666667,1.38665374624628,1.00790944945253,0.64135023130233,3.57142857142857,0.860879923105529,0.403110684062664,0.40240039305267,4,0.907636095619141,0.661566335140887,0.236764764264146,4.28571428571429,2.06063786038479,1.38438971199258,0.744409895899017,3,0.320380019654724,0.191084876502268,0.108118219561545,4.42857142857143,2.21448813645508,1.61379435520739,0.753494184241696,4.42857142857143,2.4946163150203,1.37536265591708,0.931824866109635,2.66666666666667,0.518450652806216,0.469977023030949,0.232056812708189,2.25,1.0412357345842,0.635052935294879,0.237713605080598,1.48849350619754,1.24733068321905,0.499260757329195,1.12227800189469,0.756616848579244,0.476308585675917
"179",179,"female","white","yr3","STEM","math04","Kinesthetic",4.25,1.3908038210912,0.905774784997285,1.01684384495417,2.2,0.456838337410788,0.325112239579021,0.11423108781523,2.66666666666667,-1.42601856950437,-0.676465662681343,-0.823401204525293,1.5,-5.10238576581875,-3.11895244695146,-1.63858506013083,1.5,-2.77056400900232,-1.80624209383555,-1.2618556595117,2.28571428571429,-2.08935047185073,-1.3615248389191,-0.749842524632004,3.85714285714286,0.617681512618489,0.451282074906838,0.140611849867754,2.85714285714286,-1.45891036002866,-1.10992734629303,-0.485760669893408,2.14285714285714,-1.67744011097001,-0.885332234305331,-0.647270332897206,2.57142857142857,-1.75315521482005,-1.28788700786361,-0.575125697610573,2.28571428571429,-2.28552931697012,-1.40650938184223,-0.80680239949472,2,-0.828915728028531,-0.587694347450185,-0.346338725843645,2.25,1.01006713856759,0.216314048468092,0.164523879072639,-1.24579242097008,-1.06859202285398,-0.448786626190825,-1.7456063529465,-1.37206350451171,-0.740709279433911
"180",180,"female","white","yr1","Other","math01","Visual",3.75,0.480344801660627,0.451960064824427,0.181869221466081,1.2,-1.5819585307646,-0.870336402023775,-0.389446695623462,3.33333333333333,-1.32448193763959,-1.25590097583633,-2.870965362399,2.2,-2.78648120849324,-1.6236516033909,-0.559560988802133,4.33333333333333,2.64432893900236,1.86567959407295,1.20412114559789,3.71428571428571,0.943005740900664,0.769973563863674,0.302312853191126,4,0.90557285298375,0.448532672785456,0.283690983932715,3.85714285714286,0.906855043906839,0.643153729773817,0.295709646642997,4.71428571428571,3.91805439271637,2.03106612567661,1.34779453803341,2.71428571428571,-1.68746164593497,-0.988062228277593,-0.698709542621012,4.14285714285714,1.85479891303297,1.11943714165099,0.700835704954513,2.33333333333333,-0.182787931602778,-0.151535293840168,-0.0936700371453748,2,0.571619122316889,0.701782832307952,0.271094976733633,0.416898552520082,0.353422796951948,0.0700138020250816,2.14028684127387,1.72409796115284,0.908288802512709
"181",181,"male","white","yr2","Business","math03","Auditory",3,-0.683328540179304,-0.770683677721552,-0.307604708674449,1,-1.95766826697144,-1.12363438544422,-0.497556424846265,4,0.677218871108836,0.274300602015368,1.7169465618504,3.1,-0.380042795025531,-0.181384405794484,-0.142551523292979,3.33333333333333,0.770033300765662,0.519692800551206,0.354700448450535,4,1.63445260902962,1.02399349125302,0.586406600707224,4,0.903854910787779,0.491669130721172,0.306628815783969,4,1.27441061578645,0.807672006371172,0.42510187829924,3.85714285714286,2.09305351522859,1.05312462290186,0.769043939668329,4,1.32144057587741,0.900862667285468,0.486921958217911,4,1.51938923566818,0.950110957716078,0.581026256999934,3,1.16457844923197,0.906136076640967,0.484725501406459,2.5,1.59086648963147,0.614199354969859,0.359260535556897,1.28748907933531,1.02145690428275,0.464721145086021,1.22119754019337,0.887843310226597,0.518389967256327
"182",182,"female","white","yr2","Other","math02","Visual",3.5,0.043392498974075,0.16832765552596,-0.150845655892796,1.2,-1.567326019747,-0.726541020397375,-0.436242024844913,3.66666666666667,1.08677935656856,0.655269020945832,1.49072619695178,2.8,-1.2531204696744,-0.646985143228241,-0.37951218847712,2,-1.85257099367311,-1.03035530339096,-0.862241548237005,3.42857142857143,0.530188677220111,-0.00346936428322674,0.266076897989727,3.57142857142857,-0.0479221884087557,0.0741140516725008,-0.0403474362767627,3.57142857142857,0.344622113569148,0.0056598070833958,0.092287345187647,2.14285714285714,-1.74566646655336,-0.686304131724804,-0.774962165000023,3.57142857142857,0.436999066868144,0.127391576701267,0.181615112045507,3.85714285714286,1.20969516334081,0.556533026869305,0.400875150944107,2,-0.828915728028531,-0.587694347450185,-0.346338725843645,1.25,-1.09423565443307,-0.704101186463973,-0.2495793047509,0.508885260776506,0.444323432460968,0.170976663004387,-1.11617745569227,-0.98397387242589,-0.473575139354127
"183",183,"female","white","yr3","STEM","stats","Visual",3.25,-0.332593548734429,-0.224741515930415,-0.238183486949403,1.4,-1.14823127184691,-0.552204763832812,-0.320667742992565,3.33333333333333,-0.38420801108363,-0.491854837265455,-1.49247496424828,3.2,-0.0227414959964917,-0.153898834242012,0.00607400503707125,4,2.03910926845244,1.34767683886803,0.931198187346884,4,1.63445260902962,1.02399349125302,0.586406600707224,4.42857142857143,1.92745397456474,1.21104399778524,0.601002763816927,3.85714285714286,0.913086481013177,0.585532453136377,0.307714045629253,3.71428571428571,1.92230522426558,0.951063136216007,0.757543331339529,4,1.32144057587741,0.900862667285468,0.486921958217911,3.14285714285714,-0.364260940983554,-0.341969911796007,-0.292925131132689,3,1.16457844923197,0.906136076640967,0.484725501406459,1.75,-0.0403488247636039,-0.114841361020602,0.00316859424141591,0.978418361220308,0.628611991159837,0.437821942728393,1.48564297272008,1.17978708262067,0.630445239216538
"184",184,"female","white","yr4","Other","other","Auditory",4.75,2.22899322774988,1.42960337541737,1.45481316270121,2.4,0.773702420880565,0.635323426413535,0.227345455750993,3.66666666666667,-0.793768496543356,-0.872823256195919,-1.26625459934966,1.8,-4.14112675526312,-2.56183772154571,-1.26843111025123,5,3.98282322843044,2.57936891273621,1.8194510001737,4.14285714285714,1.92859744468536,1.19145671628023,0.67663142757179,4,0.903854910787779,0.491669130721172,0.306628815783969,4.57142857142857,2.69264178112776,1.687305493831,0.934011615272762,4,2.38478791395213,1.21760158762018,0.847623166283179,4.57142857142857,2.608472166393,1.66904664177026,0.991086463185142,4.85714285714286,3.41908638511673,2.01877049922341,1.2895131190016,1,-2.82240990528903,-2.08152477154134,-1.17740295309375,2.75,2.16819497435706,0.753980245516951,0.462604577880062,2.09204065698226,1.74698702028154,0.70973801693117,2.64984865273395,2.02288934377601,1.1244550787415
"185",185,"male","white","yr2","STEM","math03","Auditory",3.25,-0.332593548734429,-0.224741515930415,-0.238183486949403,1.6,-0.772521535640064,-0.298906780412366,-0.212558013769762,3.33333333333333,1.49633984202829,1.0362374398763,1.26450583205315,3.2,-0.00488132674533298,0.0317968941824208,0.0353544772241802,2.66666666666667,-0.447836634365214,-0.41189740705559,-0.195633008779511,2.57142857142857,-1.72704487437479,-0.888992364553767,-0.719676480767857,3.14285714285714,-1.09332903662958,-0.765914998886544,-0.323423355439486,2.57142857142857,-2.30990652396624,-1.52126616587657,-0.833069858930739,2.71428571428571,-0.282588496049601,-0.0555727171903611,0.0256038586169532,2.71428571428571,-1.60492983845768,-0.95477311946078,-0.640475407233819,2.71428571428571,-1.30347120945435,-0.896689988455775,-0.453597859030216,2,-0.828915728028531,-0.587694347450185,-0.346338725843645,2,0.432738653841988,0.076533157921001,0.0611798367494736,-1.40243626003011,-1.08903346270469,-0.534635174303147,-0.789216628601442,-0.431310510510604,-0.33506963301245
"186",186,"female","Black","yr1","STEM","stats","Visual",4,0.820615650654713,0.80159300810395,0.0417466155519794,1.6,-0.743769034964431,-0.52166388889465,-0.158298131918767,3.66666666666667,0.146505430012603,-0.108777117625043,0.112235798801059,3,-0.702557131271479,-0.326110850212567,-0.26038116509647,2.33333333333333,-1.17368065921234,-0.711999273316971,-0.533552364376283,3,-0.657228310273073,-0.304954283768369,-0.279289532233136,2.85714285714286,-1.84023050707572,-1.16989330023495,-0.598450486923323,3,-1.19326677697627,-0.675498713774425,-0.409499211486148,3,0.196426032244247,0.106386402066042,0.0620288519513763,3,-0.988426542380879,-0.547208533237225,-0.413211125194478,3,-0.694156755028705,-0.322925183049944,-0.214117423987157,2,-0.828915728028531,-0.587694347450185,-0.346338725843645,2,0.56814825597861,0.443678416353276,0.17970236257254,-1.02613412121298,-0.747636620224271,-0.376764563549346,-0.62627513811184,-0.441127567517667,-0.265733016923053
"187",187,"female","white","yr1","Business","math03","Auditory",2.75,-1.10981670041507,-0.858006868508405,-0.430775758394179,1.4,-1.12017995331332,-0.823862773508807,-0.267002246654667,2.66666666666667,-0.495552804834275,-0.203191831042935,-1.38415844928541,3.1,-0.418210390485875,-0.10064295389651,-0.195843725867646,2.5,-0.856654972263511,-0.539467243554671,-0.389927101422348,3.28571428571429,0.0549018318395888,0.0391060873182062,-0.00165585438047562,3.57142857142857,-0.154608067957393,-0.0431550131088499,-0.0652164530401461,3.14285714285714,-0.830597912302346,-0.405056584553547,-0.296374176561233,2.57142857142857,-0.689910715542684,-0.324633471133755,-0.268434008102015,3,-0.905894734903584,-0.513919424420411,-0.354976989807285,4,1.50226173305355,0.82887067843175,0.631384578070418,3,1.16457844923197,0.906136076640967,0.484725501406459,2,0.42926778750371,-0.181571258033675,-0.0302127774116195,0.116987807102512,0.175652757826192,-0.0351643257601371,-0.714017410607944,-0.525176593064002,-0.303030998620872
"188",188,"male","white","yr1","STEM","math02","Kinesthetic",3.75,0.505595857924257,0.299087074489666,0.199785830797642,1.4,-1.16286378286451,-0.696000145459213,-0.273872413771114,3,-1.8355790549641,-1.05743408161181,-0.597180839626671,2.8,-1.27656977701649,-0.700342014668369,-0.411199809772912,2.33333333333333,-1.20171199193046,-0.618410010937203,-0.562022566711863,3,-0.424526018428774,-0.414313494844938,-0.0954372351704643,4,0.933049731591799,0.438152631883779,0.328246545818804,3.42857142857143,-0.115072032726319,-0.100795818839754,-0.0577012662549231,2.28571428571429,-1.46224057074384,-0.437854996243771,-0.661557789388932,3.28571428571429,-0.0927943262422299,-0.217763696959327,0.00598084374846207,2.85714285714286,-1.02114079156553,-0.720273535808842,-0.454459551544905,1.66666666666667,-1.48430576836186,-1.24074264462042,-0.602692038594524,1,-1.67156413915867,-0.843882077011064,-0.352923347074065,-0.0861479362203231,-0.163420518635135,0.00354801443825756,-0.95304666804051,-0.789592523203997,-0.40443579680608
"189",189,"male","Asian","yr1","STEM","math01","Auditory",2.75,-1.26830362442863,-0.525683245768512,-1.09107471976905,4,4.11533732586147,2.54167326622005,1.00601237284027,1.66666666666667,-1.13761103968115,-0.297606544460826,-2.88055269737188,2.5,-2.09149746399542,-1.02453036425005,-0.598902200993178,3.16666666666667,0.412420995423267,0.288516794762151,0.186570637474001,2.85714285714286,-1.13298995639331,-0.525405459067844,-0.527292613150877,3.42857142857143,-0.389853148002708,-0.487838078986076,-0.0516663027704502,4.42857142857143,2.30495430800241,1.49221392043516,0.750037980050924,2.85714285714286,-0.251457152608597,-0.130636602399748,-0.318630508270795,3.42857142857143,-0.10391937464353,-0.2376986095131,-0.106739795729812,4,1.51042315807239,0.808962121047278,0.531198424770047,1.33333333333333,-2.13043356478762,-1.67690169823044,-0.855360727292794,1.25,-1.0907647880948,-0.445996770509297,-0.158186690589807,-0.136151574290033,-0.00557531772316039,-0.146356164717508,0.480747342747392,0.207157094549011,0.204099297496024
"190",190,"female","white","yr1","Business","math01","Auditory",4.75,2.22899322774988,1.42960337541737,1.45481316270121,2.8,1.72958322215487,0.870169532714525,0.448484742029769,2.33333333333333,-2.8871977752707,-1.53281721396016,-1.86735472281452,2.7,-1.60366586591061,-0.991841160214251,-0.50739160669165,2.83333333333333,-0.201025418991582,-0.132242187902014,-0.094611470703168,3,-0.657228310273073,-0.304954283768369,-0.279289532233136,3,-1.5144381051555,-0.99762866310009,-0.475674402751989,3.14285714285714,-0.867813549002062,-0.564543163544325,-0.314320726269184,2.57142857142857,-0.67607802043089,-0.408128647685217,-0.247898838802208,3,-0.988426542380879,-0.547208533237225,-0.413211125194478,3.57142857142857,0.561781390354627,0.31937823952527,0.289168562761777,1.66666666666667,-1.47504352445428,-1.0238534010602,-0.599007414541915,1,-1.67156413915867,-0.843882077011064,-0.352923347074065,-0.626599366760782,-0.385136532031955,-0.285733489683318,-0.521778905291318,-0.341505021534102,-0.221521810266098
"191",191,"female","white","yr2","Business","math03","Kinesthetic",4.5,1.85300718004138,1.03653420396099,1.36747533164461,2.8,1.68243840398303,1.04592227235844,0.370584757103039,2.33333333333333,-2.8871977752707,-1.53281721396016,-1.86735472281452,2.8,-1.33843268598544,-0.670461258763954,-0.417934053970076,1,-3.79203261148157,-2.34739938273651,-1.73356025113357,3,-0.657228310273073,-0.304954283768369,-0.279289532233136,3,-1.50399953365457,-0.934794517307775,-0.482366485244439,3,-1.19326677697627,-0.675498713774425,-0.409499211486148,2,-1.99193584946364,-1.0048287834881,-0.723565462380426,1.71428571428571,-3.92191321025818,-2.42136917337048,-1.58348176662868,1.85714285714286,-3.24311242309038,-1.76528750775088,-1.12907055292883,1.33333333333333,-2.17628210886328,-1.64536571793132,-0.924734264395479,2.75,2.20283443671196,1.43082354829841,0.627186918049114,-2.21954199165701,-1.83501503570604,-0.762512832393382,-2.04933618948471,-1.67477562151509,-0.869485443471519
"192",192,"female","white","yr1","Other","math01","Auditory",3.5,0.043392498974075,0.16832765552596,-0.150845655892796,1.6,-0.72760721177855,-0.450714464259123,-0.170172937748174,4,0.677218871108836,0.274300602015368,1.7169465618504,3.5,0.843978476443579,0.505948761428648,0.303192042697569,3.33333333333333,0.742798117881436,0.620453593193262,0.330001855313087,4.14285714285714,1.92859744468536,1.19145671628023,0.67663142757179,4.28571428571429,1.58950505894763,1.01908167279378,0.507856593989295,4.57142857142857,2.689027236611,1.57751387356644,0.920664672899841,3.42857142857143,1.46605203574182,0.74412360142405,0.718834240873476,4.71428571428571,3.06059147872011,1.88033338606333,1.20621427781146,4.71428571428571,3.12306760112785,1.79365492367314,1.20779301474552,2.66666666666667,0.509188408898638,0.253087779470729,0.22837218865558,1.25,-1.19847666055308,-0.652507558069461,-0.294912104566007,2.32793266183053,1.89905713041348,0.808721697215611,1.57350348623966,1.03851732848138,0.668015465631936
"193",193,"female","white","yr1","Other","math01","Visual",2.5,-1.65475381458792,-1.1150616357365,-1.38795637846481,1.8,-0.395282487264934,-0.118454753982794,-0.0695277611549169,3.33333333333333,1.49633984202829,1.0362374398763,1.26450583205315,2.6,-1.73485240887017,-1.05125259559606,-0.498255665352257,5,3.98282322843044,2.57936891273621,1.8194510001737,3.85714285714286,1.51625518174452,0.681040415034236,0.620665800917929,4.71428571428571,2.63924740838784,1.44793521289578,0.863456113454607,3.57142857142857,0.271574991823227,0.144384688454301,0.162488781354337,3,0.340388754749712,-0.0266852932477937,0.235816014860122,4.42857142857143,2.45981048775392,1.43075425056451,0.983088651605967,5,3.73293522636506,2.2231470984821,1.37616993798703,2,-0.828915728028531,-0.587694347450185,-0.346338725843645,1.25,-1.19847666055308,-0.652507558069461,-0.294912104566007,2.52400385074982,2.02838907089713,0.843838905920522,1.50509095799627,1.31502203386861,0.638363534120504
"194",194,"female","Black","yr3","Other","other","Visual",4.75,2.22899322774988,1.42960337541737,1.45481316270121,2,0.0222829484668673,0.128727459572643,0.0111259973053878,1.66666666666667,-0.207145275011054,0.175667287177582,-3.44130994213199,2,-3.78607702833963,-2.16825118040685,-1.2285177033593,4.16666666666667,2.36453876932376,1.55364948509491,1.08130767810945,4,1.63445260902962,1.02399349125302,0.586406600707224,3.71428571428571,0.21081772626777,0.138427270980929,0.0724852786735736,3,-1.19326677697627,-0.675498713774425,-0.409499211486148,2.57142857142857,-0.764236464534751,-0.272346033598524,-0.322508486544848,2.71428571428571,-1.70683114369902,-0.938186155335526,-0.758131945749571,3.28571428571429,-0.0704146796638528,0.0680535660784144,0.013247555078871,2,-0.828915728028531,-0.587694347450185,-0.346338725843645,1.5,-0.725389181947489,-0.461133039127857,-0.23690086205795,-0.00624380396840014,-0.0561069491486986,0.00969007540516385,0.0945539238580199,0.278337712301389,0.0397160987903836
"195",195,"male","white","yr1","Business","math03","Kinesthetic",2.5,-1.56504621013035,-1.08491422859483,-0.848263070138223,2.4,0.864043589963162,0.842055930455106,0.164265067500273,3,0.0351606362619581,0.179885888597477,0.220552313763931,3,-0.702557131271479,-0.326110850212567,-0.26038116509647,3,0.0953953084744368,0.11598476499985,0.0429453745200661,3,-0.657228310273073,-0.304954283768369,-0.279289532233136,3,-1.50399953365457,-0.934794517307775,-0.482366485244439,3,-1.19326677697627,-0.675498713774425,-0.409499211486148,3,0.196426032244247,0.106386402066042,0.0620288519513763,3,-0.988426542380879,-0.547208533237225,-0.413211125194478,3,-0.694156755028705,-0.322925183049944,-0.214117423987157,2,-0.828915728028531,-0.587694347450185,-0.346338725843645,2,0.56814825597861,0.443678416353276,0.17970236257254,-0.938147721068434,-0.693517724527344,-0.346764245030412,-0.255233020154602,-0.0947131141922041,-0.108410916539852
"196",196,"female","Black","yr1","Other","math01","Auditory",3.25,-0.210661038778334,-0.443615040246233,0.252570605655136,1,-1.95766826697144,-1.12363438544422,-0.497556424846265,3.33333333333333,-1.31467377575373,-0.965128668903863,-0.931717719488165,3,-0.702557131271479,-0.326110850212567,-0.26038116509647,4,2.03910926845244,1.34767683886803,0.931198187346884,4.85714285714286,3.68645384562358,2.11529999085397,1.39500778656879,4,0.878398012305769,0.563537625753773,0.268081321360191,5,3.74208800854917,2.29084272651677,1.25970296808463,3,0.164793711542778,0.176938912559554,-0.047411907983264,5,3.63130769413571,2.34893386780816,1.3870550416303,4.71428571428571,3.11652552796663,1.77292820933033,1.15463009789196,1.33333333333333,-2.17628210886328,-1.64536571793132,-0.924734264395479,1,-1.67156413915867,-0.843882077011064,-0.352923347074065,2.71230764725454,2.18897020718463,1.01796482476016,1.6061075531507,1.03547686289472,0.681660897028684
"197",197,"female","white","yr1","Health","stats","Visual",3.5,0.104358753952123,0.0588908933680515,0.0945313904094736,1.4,-1.16286378286451,-0.696000145459213,-0.273872413771114,3.33333333333333,0.565874077358191,0.562963608237888,1.82526307681327,3.2,-0.0818616126891256,0.087096148469944,-0.0218960087958818,3.33333333333333,0.741024527360359,0.561947107226191,0.342147802911198,3.28571428571429,0.142100047834959,0.00894053106401528,0.0707895146347316,3.71428571428571,0.194811106781311,0.249158746036591,0.0199273234862954,3.85714285714286,0.869639407207123,0.48366715078304,0.277763096935046,2.71428571428571,-0.400875460314641,-0.13907235081913,-0.115664770578131,3,-0.870802932028929,-0.605810046637742,-0.291415930844875,2.42857142857143,-1.94404221505257,-1.16215457196055,-0.787241530850375,2,-0.828915728028531,-0.587694347450185,-0.346338725843645,1.75,-0.0403488247636039,-0.114841361020602,0.00316859424141591,-0.593945371858245,-0.578623352501576,-0.140405699941447,0.358463988233525,0.244112191368947,0.152088930633547
"198",198,"female","white","yr1","Other","math01","Kinesthetic",5,2.60497927545839,1.82267254687374,1.54215099375782,2.4,0.90398440384446,0.227790486467589,0.283470866005476,2.66666666666667,-2.36629249606033,-1.44051180125222,-2.20189160267601,3.9,2.01554438997466,1.24570303510793,0.605659018378702,1.66666666666667,-2.48077350493771,-1.53294927143119,-1.14292898969521,3,-0.328182884196197,-0.32364948471202,-0.00400181549112802,3.57142857142857,-0.115962968157822,-0.0578085319231816,-0.0576091837688116,3.71428571428571,0.551762346239905,0.363392899901583,0.190326212959267,1.85714285714286,-2.44416060675263,-1.06144177458176,-1.00102925227133,3.42857142857143,0.130573871731585,0.0325591229838897,0.0235331650650185,4,1.51938923566818,0.950110957716078,0.581026256999934,2,-0.828915728028531,-0.587694347450185,-0.346338725843645,1,-1.67156413915867,-0.843882077011064,-0.352923347074065,0.324743814108017,0.337245008086987,0.0597172709239039,-1.40301597626142,-1.26091198724654,-0.595248674852804
"199",199,"female","Asian","yr1","STEM","math03","Visual",1.75,-2.80447272076117,-1.84893900013653,-1.39148682827344,1,-1.95766826697144,-1.12363438544422,-0.497556424846265,3.66666666666667,2.95751904779462,1.89258899115512,2.30845935034238,3.8,1.60877718880184,1.10294032506438,0.423613796175682,3.16666666666667,0.485013348230342,0.24167974134575,0.230870427828086,3.57142857142857,0.891419100203365,0.106997141661135,0.394117478990421,4.28571428571429,1.56301647284496,1.05343287946471,0.470619410374257,4,1.3440321104801,0.720822416810629,0.431596064652464,3.85714285714286,2.01872776623652,1.10541206043709,0.714969461225496,4.28571428571429,2.13036288904964,1.16789819100041,0.854483913418555,3.85714285714286,1.19947336028864,0.701636076373286,0.366855794715951,2,-0.838177971936109,-0.804583591010405,-0.350023349896254,1.25,-1.09423565443307,-0.704101186463973,-0.2495793047509,1.37859500621856,1.06033862608866,0.517051497511076,1.10207830728581,0.780751346118249,0.467861175017033
"200",200,"female","white","yr3","STEM","other","Kinesthetic",1.75,-2.89418032521874,-1.8790864072782,-1.93118013660002,1.2,-1.567326019747,-0.726541020397375,-0.436242024844913,4,2.54795856233489,1.51162057222465,2.534679715241,4.1,2.49220910119957,1.62391682294307,0.694546695160341,5,3.98282322843044,2.57936891273621,1.8194510001737,5,3.92613352833232,2.35294126627441,1.45210273364758,5,3.31170935523013,1.91813277875012,1.09562411681238,5,3.74208800854917,2.29084272651677,1.25970296808463,5,4.57314979566002,2.32881677317432,1.63321748061498,5,3.63130769413571,2.34893386780816,1.3870550416303,5,3.73293522636506,2.2231470984821,1.37616993798703,4,3.15807262649247,2.39996650073212,1.31578972865656,2.25,1.01006713856759,0.216314048468092,0.164523879072639,3.51312587973905,2.73643153309284,1.27620653520245,3.56988892222538,2.66576840017202,1.5151047502875
"201",201,"female","white","yr1","Other","math01","Visual",2.25,-2.08124197482369,-1.20238482652335,-1.51112742818454,1.8,-0.3372649645541,-0.0536210992122764,-0.108858537746822,3.33333333333333,1.49633984202829,1.0362374398763,1.26450583205315,4.2,2.81790466733598,1.7218209844289,0.839033001804531,4.66666666666667,3.36522534226264,2.0398173081301,1.54871877411815,4.42857142857143,2.63725207065469,1.64316532244353,0.968569281738226,4.85714285714286,2.94727185351034,1.76052166042959,0.965240763369707,4.42857142857143,2.39336297404115,1.38763505168701,0.815376367714815,3.71428571428571,1.70026929981232,0.759690614807968,0.491551668430715,4.57142857142857,2.69309320008844,1.79372987994541,1.07091767797904,4.42857142857143,2.4895918395024,1.4046444239143,0.856208747977361,3,1.16457844923197,0.906136076640967,0.484725501406459,1.5,-0.513436303369196,-0.306215879962206,-0.0548426482666417,2.57451816001152,1.97074580430195,0.943321487067258,2.08256037695792,1.58041894173393,0.88369016159734
"202",202,"female","white","yr1","STEM","stats","Kinesthetic",3.5,0.0686435552377044,0.0154546651911992,-0.132929046561235,2,0.00765043744926691,-0.015067922053758,0.0579213265268383,3.33333333333333,1.49633984202829,1.0362374398763,1.26450583205315,2.7,-1.58097989827672,-0.930377782365882,-0.593015635732041,2.66666666666667,-0.472588844805251,-0.541516069420808,-0.209165788265448,3.85714285714286,1.42176810242452,0.619749877185512,0.555741429247553,4.14285714285714,1.18642245742827,0.876124073287591,0.369865971275291,3.42857142857143,0.0154389772178188,-0.151811961220649,0.0418508678482475,3.28571428571429,1.03547844248846,0.310414582804505,0.540062686858915,3.85714285714286,1.05010718361551,0.714139591350759,0.392401070199833,4,1.53967038017769,0.777374716080319,0.538515626883842,1.33333333333333,-2.13043356478762,-1.67690169823044,-0.855360727292794,2,0.700086991776953,0.552719258830876,0.206832274234514,1.23026773899236,0.963125257851481,0.441369865644573,0.35169815476457,0.246278635470841,0.149402850253657
"203",203,"male","white","yr1","Business","math02","Kinesthetic",2.75,-1.08456564415144,-1.01087985884317,-0.412859149062617,1.4,-1.19161628354015,-0.473243036976929,-0.32813229562211,4.33333333333333,1.20793231220507,0.65737832165578,3.32165732489974,3.7,1.44400771699029,0.942100192935405,0.455742759951188,3,0.146409481907244,0.00698671545539342,0.0791800600628409,2.28571428571429,-2.21319094265193,-1.37065875995125,-0.847026548755533,4.57142857142857,2.32108629708855,1.31513861726837,0.753003847294431,3.42857142857143,-0.0899380604145309,-0.239421776855412,-0.0449416162084854,2.57142857142857,-0.629907695652603,-0.503054412329229,-0.121912483386213,3.85714285714286,1.22577111885049,0.52610125609989,0.577168909916022,4.14285714285714,1.85400860922776,1.19940399601721,0.748173482837101,3.33333333333333,1.8199684895653,1.5591843738112,0.741078814157338,1.5,-0.725389181947489,-0.461133039127857,-0.23690086205795,0.812559556276897,0.691149520138916,0.164808934915103,-0.0828124380265699,-0.0470945888867336,-0.0351922828974418
"204",204,"female","Asian","yr3","STEM","stats","Visual",3.75,0.595303462381826,0.329234481631333,0.739479139124226,3.2,2.53831903513736,1.39269825313222,0.624779038370371,4,-0.253246893561262,-0.19897322962304,2.27770380661051,4.6,3.97688179994568,2.48585719048871,1.25138565875722,5,3.98282322843044,2.57936891273621,1.8194510001737,5,3.92613352833232,2.35294126627441,1.45210273364758,5,3.31170935523013,1.91813277875012,1.09562411681238,4.57142857142857,2.71777575343955,1.54867953581534,0.9467712653192,4.28571428571429,3.33028842788008,1.50841850054161,1.37619002399541,5,3.63130769413571,2.34893386780816,1.3870550416303,5,3.73293522636506,2.2231470984821,1.37616993798703,1.66666666666667,-1.48430576836186,-1.24074264462042,-0.602692038594524,1.5,-0.621148175827482,-0.512726667522369,-0.191568062242842,3.51312587973905,2.73643153309284,1.27620653520245,3.09821934506083,2.37286374335652,1.31482290844039
"205",205,"male","white","yr1","Business","math02","Visual",3.5,0.025115291945342,0.225052704737998,-0.235618090277963,1.6,-0.728308393920593,-0.499615365452834,-0.170767323261272,3.33333333333333,-0.38420801108363,-0.491854837265455,-1.49247496424828,3.4,0.452276028952776,0.409532441287846,0.0121635254719255,3.16666666666667,0.423202690577635,0.382243547201604,0.194750930759131,2,-2.83762070830424,-1.65981243774571,-1.07289602876791,2.85714285714286,-1.84023050707572,-1.16989330023495,-0.598450486923323,3,-1.23175457636491,-0.619269819877123,-0.430366015552505,1.71428571428571,-2.6331985572955,-1.38607460753727,-0.988453235662186,2,-3.20003954805127,-2.00400517421837,-1.25097141738582,2.42857142857143,-1.96458523174901,-1.3256786988376,-0.738086175457294,2,-0.828915728028531,-0.587694347450185,-0.346338725843645,1.25,-1.19847666055308,-0.652507558069461,-0.294912104566007,-2.40118839670627,-1.86458812557873,-0.912910864653379,-1.04491330775799,-0.697241358906779,-0.443746889259838
"206",206,"female","white","yr1","Business","math02","Visual",2.75,-1.14553189912949,-0.901443096685258,-0.658236195364887,1.6,-0.72760721177855,-0.450714464259123,-0.170172937748174,4,1.6174927976648,1.03834674058624,3.09543696000112,2.3,-2.81733289963086,-1.62379856699244,-0.919162938881682,3.83333333333333,1.726057983199,1.16325304204234,0.778897964388855,4.14285714285714,2.03988596595689,1.16554633732427,0.748721063977374,4.57142857142857,2.29189147628453,1.36865511610577,0.731386117259596,4.28571428571429,1.90018309942308,1.16820906484703,0.602699198686729,2.71428571428571,-0.251518653365485,-0.184525303488631,-0.011505387510918,4.71428571428571,2.93227259058161,1.90808017276779,1.10155662420377,4,1.55933329985565,0.750048935503845,0.548012088896876,2.33333333333333,-0.136939387527115,-0.183071274139288,-0.0242965000426901,1,-1.67156413915867,-0.843882077011064,-0.352923347074065,2.07964370992493,1.58508241242095,0.784279200564315,0.99453605834178,0.704520236506242,0.422011411173059
"207",207,"male","white","yr3","STEM","other","Visual",3.75,0.505595857924257,0.299087074489666,0.199785830797642,1.2,-1.5819585307646,-0.870336402023775,-0.389446695623462,3.66666666666667,0.146505430012603,-0.108777117625043,0.112235798801059,3.3,0.132352947917047,0.220231339119165,-0.0767127024869954,2.83333333333333,-0.238438006319377,-0.123428497691607,-0.113648344051141,4.14285714285714,1.88614544822458,1.49387227088449,0.598321756005986,5,3.31170935523013,1.91813277875012,1.09562411681238,5,3.74208800854917,2.29084272651677,1.25970296808463,5,4.57314979566002,2.32881677317432,1.63321748061498,3.14285714285714,-0.43084797651491,-0.420080353861162,-0.0838892742903301,5,3.73293522636506,2.2231470984821,1.37616993798703,1.66666666666667,-1.52089206852995,-0.992317420761083,-0.6683809516446,1.25,-1.19847666055308,-0.652507558069461,-0.294912104566007,2.02453278643912,1.59117479124867,0.615928018638348,2.32571877807866,1.50417919110513,0.987575796461859
"208",208,"male","white","yr2","STEM","stats","Visual",2,-2.37798456052541,-1.76161580934968,-1.26831577855371,1,-1.95766826697144,-1.12363438544422,-0.497556424846265,3.66666666666667,1.08677935656856,0.655269020945832,1.49072619695178,3.7,1.36180866600954,0.715656898132111,0.418825657317987,1.83333333333333,-2.19355274122808,-1.32533446525619,-1.01562798147874,2.85714285714286,-0.857223897646777,-0.717879535203228,-0.325677342710046,2.85714285714286,-1.84933548563185,-0.952586159966861,-0.608428413977139,3.42857142857143,-0.0551076021912783,-0.0781488399524953,0.013484143631959,1.71428571428571,-2.4481890379874,-1.21176831828005,-0.76227455284648,2.85714285714286,-1.08974317392347,-0.945792472989381,-0.341098750665154,2,-2.90062185052455,-1.96053148848952,-1.22455346333509,1.66666666666667,-1.47504352445428,-1.0238534010602,-0.599007414541915,1.25,-1.09423565443307,-0.704101186463973,-0.2495793047509,-1.63579412227443,-1.35117989910332,-0.494270239368931,-1.2695539007046,-1.09939403532821,-0.538643979747242
"209",209,"male","white","yr3","STEM","other","Auditory",1.25,-3.63568827818496,-2.46891553167933,-1.89631197107409,1,-1.95766826697144,-1.12363438544422,-0.497556424846265,2,-0.606897598584919,0.0854711751795855,-1.27584193432254,5,5.13171496016993,3.22150048198912,1.52393034932561,5,3.98282322843044,2.57936891273621,1.8194510001737,4.71428571428571,3.32876742363452,1.87532228115514,1.23225451588673,4.57142857142857,2.29189147628453,1.36865511610577,0.731386117259596,4.28571428571429,2.00329032243933,1.19432983620332,0.671881942625469,4.28571428571429,3.12114387601567,1.58178563659584,1.23450175796672,4.57142857142857,2.67163447610625,1.75221182352914,0.989898195443775,4.71428571428571,3.08604966322044,1.8183481127999,1.11900911155814,3,1.16457844923197,0.906136076640967,0.484725501406459,1.5,-0.621148175827482,-0.512726667522369,-0.191568062242842,2.6857594273723,2.10652476006316,0.976913087589709,2.75354493923073,2.17043420040372,1.16846279122275
"210",210,"male","white","yr2","Health","stats","Kinesthetic",4,0.960825367639542,0.525994434576095,0.617273142541686,1.4,-1.16286378286451,-0.696000145459213,-0.273872413771114,3,-0.905113290294001,-0.584160249973399,-1.15793808438679,3,-0.491045621311944,-0.471964087178355,-0.00105171798933561,1.5,-2.78481668555786,-1.6821528017845,-1.27490297177,2.28571428571429,-2.08263225384196,-1.33327802568476,-0.716273837434317,2.42857142857143,-2.73636961253413,-1.87264463692231,-0.828425226731016,3.28571428571429,-0.518802792729836,-0.474889608326109,-0.241256460006539,1.71428571428571,-2.76412707626444,-0.987541408164959,-1.18847658157177,2.28571428571429,-2.51943612301753,-1.70922286379897,-0.98806711579287,2.71428571428571,-1.33842749831826,-0.636403810635869,-0.194975284247259,2.33333333333333,-0.136939387527115,-0.183071274139288,-0.0242965000426901,1.25,-1.09423565443307,-0.704101186463973,-0.2495793047509,-1.84052234195869,-1.34019205655392,-0.72504825350259,-2.00010675237092,-1.63519316139562,-0.848741082788344
"211",211,"female","white","yr1","Other","math02","Visual",3,-0.733830652706563,-0.464937697052029,-0.343437927337572,3,2.11992546937932,1.26726289776137,0.50979914203112,2,-0.606897598584919,0.0854711751795855,-1.27584193432254,3,-0.904060869045911,-0.305326566042691,-0.355150502101588,3,0.0953953084744368,0.11598476499985,0.0429453745200661,3,-0.657228310273073,-0.304954283768369,-0.279289532233136,3,-1.43024626462603,-0.920360035516329,-0.417879836075856,2.71428571428571,-1.88989012134685,-1.06076416086644,-0.647416870732276,3.42857142857143,1.1138326227153,0.40845368896757,0.355382465876897,3,-0.988426542380879,-0.547208533237225,-0.413211125194478,2.42857142857143,-1.93615539626442,-1.00487986176818,-0.639318935239151,3,1.16457844923197,0.906136076640967,0.484725501406459,2,0.56814825597861,0.443678416353276,0.17970236257254,-1.14819627970479,-0.92135398159934,-0.38019928051466,-0.208983361410802,0.00149759294409879,-0.088791828939933
"212",212,"female","white","yr1","Business","math03","Auditory",4.75,2.1497497657431,1.59576518678731,1.12466368201378,2.2,0.51211284445173,-0.0964569215883839,0.187235942612081,3.33333333333333,-0.38420801108363,-0.491854837265455,-1.49247496424828,4.7,4.27867473781312,2.54509679304095,1.33031803163914,3,0.161357437880097,0.0942135810859416,0.0686149894674046,3.14285714285714,-0.34621354781494,-0.246554944223572,-0.202307954000954,2.85714285714286,-1.71576430022863,-1.49928840975611,-0.444905597093065,2.85714285714286,-1.45252413730911,-0.821428561754707,-0.421487887829973,2.85714285714286,-0.147492917445543,-0.173270472431222,-0.0849148328027406,3,-0.878788836405725,-0.448578839437565,-0.255822930103232,3.28571428571429,-0.0835498749523494,-0.124918187421793,-0.140437753493455,3,1.17384069313955,1.12302532020119,0.488410125459067,1.75,0.153927103067969,0.831677255110572,0.176677957919308,-0.715344268731094,-0.51569153141728,-0.262351904170272,-0.370340938388748,-0.179960079564875,-0.157293198556498
"213",213,"female","white","yr3","Other","other","Kinesthetic",4.75,2.1497497657431,1.59576518678731,1.12466368201378,3,2.10682227053,1.0506215591441,0.591514994644614,2.66666666666667,-2.36629249606033,-1.44051180125222,-2.20189160267601,2.1,-3.31067020205587,-2.22975759173042,-0.962884703055016,3.66666666666667,1.34891902947756,0.854962287678318,0.616166170937246,3,-0.860508725785307,-0.269614658186102,-0.451290690210246,2.85714285714286,-1.94194605014214,-0.893201393579922,-0.6978284287496,2.28571428571429,-2.87337219524,-1.53364915231254,-0.92905508141683,2.57142857142857,-0.730922969435192,0.265267792569286,-0.364269489597679,2.85714285714286,-1.41727359055012,-0.709251481838133,-0.683342525472695,2.57142857142857,-1.68072286744513,-0.858229515431144,-0.564049305837859,4,3.15807262649247,2.39996650073212,1.31578972865656,1.75,-0.0438196911018824,-0.372945776975278,-0.0882240199196771,-1.59822280934562,-1.22380212241438,-0.569802970998457,-0.669041097024704,-0.236285587544055,-0.284353116495504
"214",214,"male","white","yr2","Business","math03","Auditory",4.5,1.82775612377775,1.18940719429575,1.34955872231305,3.8,3.79490209669557,1.8668061216322,0.970907498414316,2.33333333333333,-2.8871977752707,-1.53281721396016,-1.86735472281452,1.8,-4.31644572593292,-2.46016351073511,-1.55822473091895,2.83333333333333,-0.192798675126653,-0.229485960442768,-0.0863523207770093,2.85714285714286,-0.92106678310885,-0.524987767809308,-0.315620233334711,3,-1.50472918334517,-0.867686893602806,-0.452110275122134,2.71428571428571,-1.8923575182248,-1.1410798152559,-0.666389095780439,2.71428571428571,-0.423775428485084,-0.224600835716728,-0.041593335542072,3.28571428571429,-0.335178519487986,-0.0453189426755843,-0.174136225988441,3.14285714285714,-0.390251152251667,0.0594651026926991,0.0155252758801545,2,-0.828915728028531,-0.587694347450185,-0.346338725843645,2.5,1.7574446877847,1.40008350022892,0.550972787387923,-0.65202768423539,-0.437662118023176,-0.260603351646746,-0.636710451109801,-0.34279873756564,-0.270347578559157
"215",215,"female","white","yr3","STEM","math03","Kinesthetic",5,2.60497927545839,1.82267254687374,1.54215099375782,2.4,0.830317579307312,0.60235527879663,0.186825908132892,3,-0.905113290294001,-0.584160249973399,-1.15793808438679,4.7,4.33982420300706,2.68555531307922,1.35257962729594,1.33333333333333,-3.15780416752635,-1.87165093420657,-1.44808464734322,2.71428571428571,-1.03683751016553,-0.775358090875324,-0.295939669657564,2.57142857142857,-2.65872219094819,-1.21771121622328,-0.993457292135027,3.71428571428571,0.510700450910315,0.259741239636105,0.119896054132566,3,0.194922231703958,0.396221160275016,0.0192470734691808,2.57142857142857,-1.91082984390879,-1.23838504822081,-0.716261863937569,1.14285714285714,-4.80372016528318,-2.83045062917009,-1.73689152760132,1,-2.82240990528903,-2.08152477154134,-1.17740295309375,1.5,-0.516907169707475,-0.564320295916881,-0.146235262427735,-2.45164822993639,-2.0152559654968,-0.743346408486863,-0.812549307433667,-0.806767092518175,-0.344443776263122
"216",216,"male","white","yr1","Business","math02","Visual",2,-2.45722802253219,-1.59545399797973,-1.59846525924114,1.6,-0.72760721177855,-0.450714464259123,-0.170172937748174,3.66666666666667,1.08677935656856,0.655269020945832,1.49072619695178,2.9,-1.00363662536391,-0.555689728707494,-0.354840889438031,3.83333333333333,1.70527595365863,1.10826357617657,0.774604468775676,4,1.63445260902962,1.02399349125302,0.586406600707224,3.85714285714286,0.508159345628583,0.174540848882608,0.201553951975034,3.71428571428571,0.515587158115997,0.153817387012582,0.136163250863894,4,2.50307487821717,1.30110122124895,0.988891795478264,4,1.32144057587741,0.900862667285468,0.486921958217911,4.42857142857143,2.45570046067439,1.40778047979115,0.819384795966135,2,-0.828915728028531,-0.587694347450185,-0.346338725843645,1.25,-1.19847666055308,-0.652507558069461,-0.294912104566007,1.35299556544195,1.1170436694696,0.465651343230477,1.43462715777188,1.16799895365053,0.608830564098833
"217",217,"female","white","yr1","Other","math01","Auditory",4.25,1.33681141534805,0.919063606032471,0.704610973598293,2,0.109881101879572,-0.150942852323709,0.0603812404434238,3,-1.84538721684996,-1.34820638854427,-2.5364284825375,3.5,0.751949706097283,0.433226756631678,0.263004841021559,4.16666666666667,2.28194608213068,1.63922382508499,1.04089468542732,4.14285714285714,1.87753932303083,1.17584950027446,0.64960588483983,4.42857142857143,1.92745397456474,1.21104399778524,0.601002763816927,4.28571428571429,1.98993649536248,1.11193277208497,0.66377478860555,2.28571428571429,-1.14616390406645,-0.531573005925712,-0.307143098568069,3.28571428571429,-0.207479778541095,-0.169757533917945,-0.0663369529737737,4.42857142857143,2.44623226123311,1.56242259853381,0.888019950403017,3,1.15531620532439,0.689246833080747,0.48104087735385,1.5,-0.725389181947489,-0.461133039127857,-0.23690086205795,1.39797158135971,1.09780470796098,0.451612203501521,0.968784676404486,0.693497015181106,0.410985661521861
"218",218,"female","white","yr3","Business","math03","Visual",4.75,2.22899322774988,1.42960337541737,1.45481316270121,2.6,1.22289032084209,0.975503588046314,0.283655217039385,2.66666666666667,-2.36629249606033,-1.44051180125222,-2.20189160267601,2.8,-1.26007043731335,-0.966137360830672,-0.400408834473058,1.33333333333333,-3.17443472531377,-1.8078477781304,-1.46282802507802,2.57142857142857,-1.48083766166207,-0.963720917839384,-0.489095322677404,2.71428571428571,-2.17233499522608,-0.978924758451257,-0.808386927939347,2.57142857142857,-2.25344993888495,-1.52884590748055,-0.744640261704599,2.28571428571429,-1.2328951942045,-0.404609491804096,-0.519750947487267,2.71428571428571,-1.59779286591582,-1.01001484694349,-0.703948726196122,2.42857142857143,-1.98669923867705,-1.14635565291695,-0.700135292624901,2.66666666666667,0.509188408898638,0.253087779470729,0.22837218865558,2,0.64816239875856,0.489554733041328,0.334630664701875,-1.80324897201943,-1.38628047298918,-0.631930195149661,-1.98340209273431,-1.5132032855408,-0.841615974532823
"219",219,"male","white","yr2","Business","math02","Visual",3,-0.733830652706563,-0.464937697052029,-0.343437927337572,3,2.11992546937932,1.26726289776137,0.50979914203112,3,0.0351606362619581,0.179885888597477,0.220552313763931,3,-0.713970720404503,-0.406926460567748,-0.268559683990415,3,0.0953953084744368,0.11598476499985,0.0429453745200661,3,-0.657228310273073,-0.304954283768369,-0.279289532233136,3,-1.50399953365457,-0.934794517307775,-0.482366485244439,3,-1.19326677697627,-0.675498713774425,-0.409499211486148,3,0.196426032244247,0.106386402066042,0.0620288519513763,3,-0.988426542380879,-0.547208533237225,-0.413211125194478,3,-0.694156755028705,-0.322925183049944,-0.214117423987157,2,-0.828915728028531,-0.587694347450185,-0.346338725843645,2,0.56814825597861,0.443678416353276,0.17970236257254,-0.938147721068434,-0.693517724527344,-0.346764245030412,-0.255233020154602,-0.0947131141922041,-0.108410916539852
"220",220,"female","white","yr1","STEM","math02","Kinesthetic",4.75,2.22899322774988,1.42960337541737,1.45481316270121,3,2.05967745235816,1.22637429878802,0.513615009717885,3,-1.84538721684996,-1.34820638854427,-2.5364284825375,2.3,-2.63513449681307,-1.66954680804305,-0.716273256788066,2.16666666666667,-1.52288915063224,-0.909734662641449,-0.695197947544181,2.57142857142857,-1.51779375763993,-0.961260440737729,-0.596966649005672,3.28571428571429,-0.772116390189515,-0.396113575134457,-0.252578930676829,3.14285714285714,-0.74707595346929,-0.403711600678173,-0.247302985628668,2,-1.80692633015554,-0.83052249423088,-0.49738677956472,3.14285714285714,-0.416594750430842,-0.456797227956858,-0.104489317270163,4.14285714285714,1.804596345599,1.5541081369721,0.84982280537704,1.66666666666667,-1.48430576836186,-1.24074264462042,-0.602692038594524,1.5,-0.725389181947489,-0.461133039127857,-0.23690086205795,-0.140206904995278,0.0618470672059928,-0.182440583299569,-1.05956085584189,-0.838361556293709,-0.449623653080613
"221",221,"female","Asian","yr3","STEM","math03","Visual",1.25,-3.61741107115623,-2.52564058089137,-1.81153953668892,1,-1.95766826697144,-1.12363438544422,-0.497556424846265,1,-1.2489558334318,-0.00894353823830593,-2.772236182409,4.2,2.67216366289165,1.59536722759128,0.568519913596155,5,3.98282322843044,2.57936891273621,1.8194510001737,5,3.92613352833232,2.35294126627441,1.45210273364758,5,3.31170935523013,1.91813277875012,1.09562411681238,5,3.74208800854917,2.29084272651677,1.25970296808463,5,4.57314979566002,2.32881677317432,1.63321748061498,5,3.63130769413571,2.34893386780816,1.3870550416303,5,3.73293522636506,2.2231470984821,1.37616993798703,3,1.16457844923197,0.906136076640967,0.484725501406459,2.75,2.22706130005202,1.33335360321585,0.517591415734887,3.51312587973905,2.73643153309284,1.27620653520245,3.56988892222538,2.66576840017202,1.5151047502875
"222",222,"male","white","yr1","Business","math03","Auditory",3.25,-0.3073424924708,-0.377614506265176,-0.220266877617842,1,-1.95766826697144,-1.12363438544422,-0.497556424846265,3.66666666666667,0.156313591898464,0.181995189307425,2.05148344171189,4.2,2.77655584198517,1.84938471925913,0.759084134389165,3.83333333333333,1.69227865826441,1.21022758551843,0.771248669655479,4.71428571428571,3.23468666020336,2.09892133888506,1.16800898613149,4.14285714285714,1.22201602208707,0.624465726348575,0.417081081944145,4.28571428571429,1.98993649536248,1.11193277208497,0.66377478860555,4.28571428571429,2.99441830108253,1.66939992216286,1.0030701796303,4.71428571428571,2.91437217184411,1.95265857053029,1.06687291988889,4.28571428571429,2.15973272565158,1.33418322905547,0.785024166575268,2.33333333333333,-0.182787931602778,-0.151535293840168,-0.0936700371453748,2.5,1.62203508564808,1.03293824179665,0.432450261564856,2.24827195809794,1.7652980676922,0.856028059172877,1.88050500208863,1.38633118864942,0.798178783489816
"223",223,"female","other","yr5+","Business","math03","Visual",2.75,-1.1350677566787,-0.705133878173644,-0.44869236772574,1.4,-1.16286378286451,-0.696000145459213,-0.273872413771114,3.66666666666667,0.146505430012603,-0.108777117625043,0.112235798801059,4.1,2.52030537704549,1.4798790034374,0.766719118930725,1.5,-2.80036893224151,-1.77115931742285,-1.27817991424917,2.71428571428571,-0.98534571289689,-0.652815656645518,-0.269186784732938,4,0.951119593713649,0.540454819183548,0.333878281337513,3.42857142857143,0.0131691626017162,-0.213301005499122,0.0242411277302545,2.14285714285714,-1.65729274747466,-0.972593503622242,-0.591359875503059,3.28571428571429,-0.300086716613331,-0.137209564892916,-0.110575167026031,3.28571428571429,-0.0774828408211391,-0.0808199053376911,-0.0129241101948938,1.66666666666667,-1.48430576836186,-1.24074264462042,-0.602692038594524,1,-1.67156413915867,-0.843882077011064,-0.352923347074065,-0.00282253041229586,-0.03443908735112,-0.0292430788907788,-1.28806979918923,-1.14134107027691,-0.546407557845244
"224",224,"female","white","yr2","STEM","other","Visual",2.25,-2.0019985128169,-1.3685466378933,-1.1809779474971,1,-1.95766826697144,-1.12363438544422,-0.497556424846265,3.66666666666667,2.02705328312452,1.41931515951671,2.8692165951025,3.8,1.59098508411085,1.07338949297526,0.419485225969518,1,-3.79203261148157,-2.34739938273651,-1.73356025113357,2.71428571428571,-1.01946542289815,-0.799349726811432,-0.329864089464874,3.28571428571429,-0.890384712327293,-0.464952914962324,-0.368563188058948,2.57142857142857,-2.22238881079168,-1.82348465201796,-0.751829827314255,1.71428571428571,-2.76475573865498,-1.32767898880982,-1.00370702809457,1.85714285714286,-3.47649492514339,-2.40333025376231,-1.28133139229595,1.14285714285714,-4.80372016528318,-2.83045062917009,-1.73689152760132,3.33333333333333,1.85655478973339,1.31075914995186,0.806767727207414,1,-1.67156413915867,-0.843882077011064,-0.352923347074065,-2.35068346285265,-2.02335494459499,-0.741397874111562,-2.56446211707453,-1.99452386555257,-1.08821990098242
"225",225,"female","white","yr2","Health","stats","Auditory",3.5,0.208853272222533,-0.260143908336656,0.442597480428472,1.6,-0.743769034964431,-0.52166388889465,-0.158298131918767,2,-1.53736336325502,-0.387802656458823,-0.71508468956242,3.2,-0.125709721199767,-0.179146681929878,0.04768202072217,2.16666666666667,-1.42366590565174,-1.05911215870771,-0.640041577127252,3.14285714285714,-0.297115188055589,0.0276061790832208,-0.131114898084632,3.57142857142857,-0.162239358578314,-0.0826230546163042,-0.0775402710513051,2.71428571428571,-1.74941776591926,-1.12288536181083,-0.580602345520413,2.28571428571429,-1.45663121132531,-0.50074301141018,-0.62219292747614,2.42857142857143,-2.17711513289982,-1.41807592602604,-0.846054869866346,2.28571428571429,-2.28658510759463,-1.47921639684915,-0.952319063751141,1,-2.82240990528903,-2.08152477154134,-1.17740295309375,1.25,-1.19847666055308,-0.652507558069461,-0.294912104566007,-1.2483434428065,-1.09866422980633,-0.3956031196164,-1.40305267873678,-1.02000291458728,-0.595506317484996
"226",226,"female","white","yr1","STEM","stats","Kinesthetic",3.75,0.52387306495299,0.242362025277628,0.284558265182809,3,2.0338566281349,1.47408725266685,0.495464422285128,3.33333333333333,1.49633984202829,1.0362374398763,1.26450583205315,3.1,-0.329593475189606,-0.292080772054081,-0.143995797989759,1.66666666666667,-2.49997380308011,-1.53482413158437,-1.14929802903003,1.85714285714286,-3.16783715344995,-1.8033658591907,-1.22894919528332,1.85714285714286,-4.25749196800427,-2.48367472006245,-1.42636961431911,2.14285714285714,-3.23342416732434,-1.97150417843541,-1.04352265972841,1.71428571428571,-2.76191796675912,-1.21825424397297,-1.14968437690803,2.14285714285714,-2.86051681875204,-1.8069861924961,-1.13636260053335,2.71428571428571,-1.3392094557548,-0.734310973017034,-0.466718503132344,2.33333333333333,-0.182787931602778,-0.151535293840168,-0.0936700371453748,1.25,-1.19847666055308,-0.652507558069461,-0.294912104566007,-2.89823559149077,-2.10310714673835,-1.11468130001225,-2.55054497176045,-1.85539487741605,-1.08254820955655
"227",227,"male","white","yr2","Business","math03","Visual",2,-2.28827695606784,-1.73146840220801,-0.728622470227123,2.4,0.844950090324912,0.74615066042303,0.140030578911442,5,1.31927710595571,0.36871531543326,3.21334080993687,2.9,-0.880733603614179,-0.430171101802185,-0.283762531381118,3,0.116000267957248,0.0402898418602866,0.0490137922507665,4,1.63445260902962,1.02399349125302,0.586406600707224,3.42857142857143,-0.48985074887316,-0.254282630266768,-0.173982076447981,3.85714285714286,0.969089289057982,0.727289752939549,0.384504796647873,4,2.40754925372222,1.17262117208463,0.845339069151549,3,-1.01787117073986,-0.431495382453314,-0.458637606988101,3.85714285714286,1.20527617861071,0.953847969896905,0.514715964317311,3,1.20116474940005,0.657710852781627,0.550414414456535,2.75,2.19936357037368,1.17271913234374,0.535794303888021,0.297659389467184,0.283255618042664,0.0838890760954456,1.0540790019007,0.737694473865078,0.447545646612299
"228",228,"male","white","yr2","STEM","other","Kinesthetic",3.25,-0.368308747448848,-0.268177744107268,-0.465643923920112,1.4,-1.16286378286451,-0.696000145459213,-0.273872413771114,4,-0.263055055447124,-0.489745536555507,0.338456163699681,2.5,-2.09999262412987,-1.43010194000499,-0.660970267301431,2.33333333333333,-1.13167459041282,-0.856217589333811,-0.517643919716749,2.57142857142857,-1.62442647060075,-0.772705682995924,-0.686306566478863,3.57142857142857,-0.0793811109936419,-0.285495713092944,-0.00307569482890788,3.57142857142857,0.126743872554475,0.0720901497055849,0.0464949782799619,2.42857142857143,-1.10616157969406,-0.632208986093056,-0.539652608389546,2.71428571428571,-1.56123198401462,-1.10720314434039,-0.615648968420029,2.42857142857143,-1.93512718642285,-1.17252406010634,-0.784773173485708,2.33333333333333,-0.182787931602778,-0.151535293840168,-0.0936700371453748,3,2.91557252357418,1.93774969727778,0.849053486195346,-1.32333026329931,-1.11216556936753,-0.473656029066649,-0.737345988718908,-0.641698238018795,-0.312863522935321
"229",229,"female","white","yr2","STEM","other","Visual",2.5,-1.66172766382282,-1.01891369461378,-1.3211005534112,1,-1.95766826697144,-1.12363438544422,-0.497556424846265,4.33333333333333,2.13839807687517,1.13065215329419,2.76090008013962,3.9,2.17262298877552,1.00863716736513,0.844492206012087,3,0.131830455115048,0.0558361190846597,0.0778998046642829,3.28571428571429,0.272727221495803,0.0244582966527798,0.181133712588356,5,3.31170935523013,1.91813277875012,1.09562411681238,4.28571428571429,2.09065853990226,1.1398399013534,0.773436742676782,3.57142857142857,1.71722546910561,0.940638315619971,0.710791973985123,4,1.4119582877315,0.776920568902104,0.509563092863462,3.57142857142857,0.590158905862991,0.127871270967455,0.127375359672892,2.66666666666667,0.509188408898638,0.253087779470729,0.22837218865558,1.25,-1.0907647880948,-0.445996770509297,-0.158186690589807,1.34877228647631,0.931806534013335,0.49143943063587,1.28283951068321,0.822877235463088,0.544689286888388
"230",230,"male","white","yr3","STEM","other","Kinesthetic",2.25,-2.08124197482369,-1.20238482652335,-1.51112742818454,1.2,-1.52241169588548,-0.878348704244132,-0.393856948823324,3.33333333333333,1.49633984202829,1.0362374398763,1.26450583205315,4.4,3.50491412381853,2.13921312374749,1.16891116468647,3.5,1.12083831264908,0.645250286837421,0.505975006137845,4,1.90336348006564,0.846998539238758,0.795270210685552,3.71428571428571,0.17330536026752,0.233129474608254,0.0601712516700943,4.14285714285714,1.5700748783563,0.997550828250597,0.530390183484265,2.57142857142857,-0.580494732209026,-0.215561742547028,-0.238890235973201,4,1.53584921979073,0.838833388606068,0.646351244974875,3.42857142857143,0.266051561368165,0.158103644817646,0.15669147300694,4,3.15807262649247,2.39996650073212,1.31578972865656,1.25,-1.09423565443307,-0.704101186463973,-0.2495793047509,1.08241905599496,0.828903104853058,0.459819233999009,0.570738956612953,0.363231622105733,0.242173419505011
"231",231,"female","white","yr1","Health","stats","Kinesthetic",2.5,-1.54676900310162,-1.14163927780687,-0.763490635753056,1.6,-0.787855228799708,-0.491603063232478,-0.16635707006141,3,0.975434562817917,0.943932027168352,1.59904271191465,3.7,1.44153174422965,0.871471870652129,0.45484037370226,2.83333333333333,-0.110205987933571,-0.315060300432853,-0.0459393280948757,4,1.83634637758899,0.882132289643874,0.737045943181832,4.57142857142857,2.23444686467251,1.3481140713253,0.748403322591857,4.28571428571429,2.05717281157966,1.02686954043656,0.710748185091266,3.28571428571429,0.917191478223422,0.226914949175735,0.39879405766383,4.42857142857143,2.47980013270957,1.47756998216035,1.03936943532755,4,1.51518341778114,0.987793964489569,0.62716106920512,2.66666666666667,0.509188408898638,0.253087779470729,0.22837218865558,1.5,-0.617677309489203,-0.254622251567694,-0.100175448081749,2.09434678971787,1.60427474330047,0.777903143845047,0.892864030038399,0.519814734923099,0.379156713798181
"232",232,"female","white","yr3","Health","stats","Kinesthetic",4.5,1.71279746305655,1.31213277748885,0.7919488046549,2.8,1.64198506874217,1.14983984461088,0.399229498891733,3.66666666666667,0.146505430012603,-0.108777117625043,0.112235798801059,1.9,-3.90403991777779,-2.32538441262947,-1.21707436153634,3,0.0953953084744368,0.11598476499985,0.0429453745200661,3.85714285714286,1.27329067089724,0.891664016630924,0.437957506338939,4.14285714285714,1.26829241250757,0.649280249041697,0.437012169226638,3.71428571428571,0.588673701614774,0.424487969008054,0.176319148024869,4,2.32699400356737,1.16530969300764,0.73989384623112,3,-0.988426542380879,-0.547208533237225,-0.413211125194478,3.57142857142857,0.554975101384273,0.506765136621979,0.256352172211023,2,-0.828915728028531,-0.587694347450185,-0.346338725843645,2.75,2.47018277464692,1.90700964920829,0.772839355534155,0.530999372728163,0.363222583319354,0.175797733000825,0.790678233137033,0.581953825201822,0.335699375395382
"233",233,"male","white","yr3","STEM","math03","Kinesthetic",1,-4.07264058087151,-2.7525479409778,-2.22902684843296,1,-1.95766826697144,-1.12363438544422,-0.497556424846265,2,0.313760004199317,0.267972699885525,-3.77584682199349,4.9,4.93268043569537,3.01950870120877,1.49781477558974,3.5,1.078655173792,0.658784213848928,0.491841483595833,4.14285714285714,2.00233276517079,1.18456977910945,0.768424382273197,4.28571428571429,1.64587472042963,0.850560220988075,0.545083986596654,4.28571428571429,2.09438844827938,1.18635611942734,0.728694734799218,3.85714285714286,2.13701473050156,1.18891169406586,0.856238090420581,4.57142857142857,2.7892580864582,1.69361031012863,1.11169338979338,3.57142857142857,0.525527446479648,0.384540841753389,0.0752769476306422,3,1.16457844923197,0.906136076640967,0.484725501406459,1,-1.67156413915867,-0.843882077011064,-0.352923347074065,1.67018176987015,1.22599299095986,0.689403067259245,1.63273518874571,1.14860920546975,0.693089948146147
"234",234,"female","other","yr5+","STEM","math02","Kinesthetic",4.75,2.22899322774988,1.42960337541737,1.45481316270121,2.6,1.27969414005131,0.481088469888035,0.391580595228279,3,-1.84538721684996,-1.34820638854427,-2.5364284825375,2.5,-2.26970198781171,-1.42650475037599,-0.806484534526723,1,-3.79203261148157,-2.34739938273651,-1.73356025113357,1.85714285714286,-3.16264255209578,-1.83791468462777,-1.17592529685295,3,-1.51065692032414,-0.827731458680375,-0.545538454271812,1.71428571428571,-4.25692768797127,-2.59812976404521,-1.43180744162709,2.42857142857143,-1.19383419235505,-0.157010637957709,-0.648492229728429,1.57142857142857,-4.22852225030964,-2.70771492882285,-1.66507457299977,1.42857142857143,-4.17839543825504,-2.39060122816411,-1.51288333014159,1.33333333333333,-2.13043356478762,-1.67690169823044,-0.855360727292794,1.25,-1.19847666055308,-0.652507558069461,-0.294912104566007,-3.1589521006617,-2.56664997793281,-1.13246566638536,-2.83252100867958,-2.03481975472792,-1.20208054582169
"235",235,"female","white","yr1","Other","math01","Kinesthetic",3.5,0.043392498974075,0.16832765552596,-0.150845655892796,1.2,-1.5819585307646,-0.870336402023775,-0.389446695623462,3.33333333333333,1.49633984202829,1.0362374398763,1.26450583205315,2.7,-1.50162089629275,-0.964254062499667,-0.439047456085958,3.66666666666667,1.4470639633543,0.858394463326587,0.659856106098548,4.57142857142857,2.97773073480337,1.6854543533684,1.12347844576995,5,3.31170935523013,1.91813277875012,1.09562411681238,4,1.3501140518748,0.910929691464648,0.463915232073549,3.57142857142857,1.54241238143818,0.922368785584383,0.604354456982039,4.28571428571429,2.03210877646173,1.17662363145886,0.792111122197511,4.42857142857143,2.46224253383561,1.42850719413396,0.872547712819689,1.66666666666667,-1.48430576836186,-1.24074264462042,-0.602692038594524,1.25,-1.19847666055308,-0.652507558069461,-0.294912104566007,2.61567367532197,1.97573166564117,0.955150752995631,1.31328101460488,0.979285534568817,0.55737635644072
"236",236,"female","Black","yr3","Health","other","Visual",3.25,-0.3073424924708,-0.377614506265176,-0.220266877617842,3,2.13111378258499,0.875754562256139,0.574745058685328,2,-1.54717152514088,-0.67857496339129,-2.65433233247325,3.4,0.646381386694648,0.492127532992173,0.359879993905778,2.33333333333333,-1.22011614023896,-0.613113340828097,-0.564619996848547,3,-0.775235049553382,-0.307290718046754,-0.384947855836407,3,-1.47372976272054,-0.799248519558991,-0.514993353149223,3,-1.15012398449507,-0.672024921305394,-0.41150187743429,2.71428571428571,-0.529810144753097,0.17925477055591,-0.385888553578299,2.42857142857143,-2.36930536535191,-1.47622814777279,-0.955330605400011,3.28571428571429,-0.0787752664718477,0.294937904439989,0.152876654354463,1.66666666666667,-1.47504352445428,-1.0238534010602,-0.599007414541915,2.75,2.23053216639029,1.59145801917052,0.608984029895981,-1.14645699762557,-0.808338915797036,-0.488417340898127,-1.01894312338531,-0.752845843389545,-0.432438615627292
"237",237,"female","other","yr1","Other","math01","Visual",3.25,-0.138391426006449,-0.513628910493456,0.649575911396179,2.4,0.920847409172385,0.347640812296827,0.272190445689167,3.33333333333333,-0.38420801108363,-0.491854837265455,-1.49247496424828,2.2,-3.22162412804305,-1.69593295475272,-1.10030577483577,2.83333333333333,-0.187851053539806,-0.103521808238536,-0.0930305937004934,4,1.66532961716543,1.03463251310786,0.599211041927697,4,0.903854910787779,0.491669130721172,0.306628815783969,4,1.27441061578645,0.807672006371172,0.42510187829924,4,2.38478791395213,1.21760158762018,0.847623166283179,3.71428571428571,0.652470247873909,0.440987625999091,0.243708403178023,4,1.51938923566818,0.950110957716078,0.581026256999934,2.66666666666667,0.509188408898638,0.253087779470729,0.22837218865558,3,2.80786065111589,1.73123890971762,0.712328072219146,1.14564671883726,0.905676294378242,0.404820255546654,0.998119786715241,0.670073965849769,0.4238422245991
"238",238,"male","white","yr1","STEM","math03","Visual",3.5,0.158351159695274,0.0456020723328662,0.406764261765349,1.6,-0.72913652394683,-0.377868507268249,-0.205093461140217,2.66666666666667,0.444721121721685,0.560854307527941,-0.00566805113469071,2.7,-1.59740263280224,-0.927902958446446,-0.539492582975073,3,0.154031935061375,-0.0920367070931664,0.0735971969143948,3.28571428571429,-0.012115270637063,0.0742398377233223,-0.0598801218841955,3.28571428571429,-0.846555913793366,-0.329894310628516,-0.295438058802897,3,-1.22186579809319,-0.894392927314783,-0.455920572340336,2.85714285714286,-0.0409147060077439,-0.17362348868134,0.0906062881395361,3.42857142857143,0.139868238900688,0.0485201278836654,0.0969514895285136,3.28571428571429,-0.0395848058952589,0.085336812989076,0.0172079755863671,2,-0.828915728028531,-0.587694347450185,-0.346338725843645,1.5,-0.725389181947489,-0.461133039127857,-0.23690086205795,-0.191268843469532,-0.105514326224305,-0.0667426096605699,-0.250220814335806,-0.0762221638554987,-0.106297572745823
"239",239,"female","white","yr2","STEM","math03","Kinesthetic",4.5,1.85300718004138,1.03653420396099,1.36747533164461,2.2,0.482659161634053,0.077399285700189,0.132381675247988,3.33333333333333,-1.32448193763959,-1.25590097583633,-2.870965362399,2.4,-2.45231081552526,-1.63005853095856,-0.747528619149749,2,-1.85229305319896,-1.10381554180494,-0.836632478302657,1.57142857142857,-3.84720687278895,-2.28536811349284,-1.46821888362901,3,-1.50021834882321,-0.764897312888061,-0.552230536764262,2,-3.56391888811745,-2.32265593721775,-1.20723672475388,1.85714285714286,-2.55683821159915,-1.20782942337694,-1.10293301955362,2,-3.19143349648287,-2.06454457688064,-1.28970603753444,1.71428571428571,-3.54436650581803,-2.14586335900214,-1.23240257517498,1.66666666666667,-1.48430576836186,-1.24074264462042,-0.602692038594524,1.25,-1.09423565443307,-0.704101186463973,-0.2495793047509,-2.95890203655925,-2.35119567882553,-1.09591033316337,-2.44596291823641,-1.70251451110112,-1.03827278481531
"240",240,"female","white","yr1","STEM","stats","Kinesthetic",4.5,1.7737637180346,1.20269601533094,1.03732585095717,3,2.20975411710235,0.963647530067859,0.594569294074297,3,-1.8355790549641,-1.05743408161181,-0.597180839626671,1.5,-5.09758915959631,-3.13624524932174,-1.63252235200029,3.66666666666667,1.39268389973262,0.8945429663794,0.628224149757619,3,-0.7082864319276,-0.320561499774137,-0.306315074965095,2.57142857142857,-2.48699130117523,-1.49832063728207,-0.812662936751225,2.85714285714286,-1.4996679740334,-1.1151874966742,-0.524237214077759,2.42857142857143,-1.1098020457125,-0.262889996483018,-0.361694369900197,3.14285714285714,-0.72413552210184,-0.173440505209775,-0.390452308356122,2.71428571428571,-1.33505468683383,-0.923512304605116,-0.560212790202749,1.33333333333333,-2.1670198649557,-1.4284764743711,-0.921049640342871,1,-1.67156413915867,-0.843882077011064,-0.352923347074065,-1.40347272320837,-1.05893131719672,-0.475564400184007,-0.324394649181545,-0.065391835437242,-0.137999849168805
"241",241,"female","other","yr1","Other","math01","Visual",4.25,1.27584516037,1.02850036819038,0.459233927296023,2.4,0.788334931898165,0.779118808039935,0.180550126529542,3.66666666666667,1.08677935656856,0.655269020945832,1.49072619695178,1.8,-4.10765619490054,-2.67414889453761,-1.22155209038745,2,-1.84831865150357,-1.11570730886833,-0.845307438306751,2.14285714285714,-2.43360045782223,-1.54500892214924,-0.845458420918692,3.28571428571429,-0.824018479658914,-0.276347750838509,-0.336992297795435,1.85714285714286,-3.92166261022524,-2.25055072108714,-1.3490517968666,1.71428571428571,-2.59144645152784,-1.01957470056526,-0.940051289573678,2.57142857142857,-1.88493745069708,-1.06076539575736,-0.811556239122369,3.28571428571429,-0.0704657286299222,-0.0834647587361766,-0.0341119197863486,2,-0.828915728028531,-0.587694347450185,-0.346338725843645,1.25,-1.09423565443307,-0.704101186463973,-0.2495793047509,-1.34834483732641,-0.986782173200003,-0.57398382241575,-2.43389897460481,-1.65819361949055,-1.0331578757335
"242",242,"male","white","yr4","Other","math02","Visual",4,0.899859112661494,0.635431196734004,0.371896096239416,1.8,-0.3226324535365,0.0901742824141241,-0.155653866968273,3,0.975434562817917,0.943932027168352,1.59904271191465,4.3,2.97559036645974,2.05137650003948,0.785199708125034,4,2.04733601231737,1.25043306632727,0.939457337273042,3.57142857142857,0.540979415265859,0.542635451393425,0.146102726974792,4.42857142857143,1.98141943927546,1.16631275021263,0.682795509318054,4.14285714285714,1.68857679112424,0.91244019773743,0.617572365822445,3.57142857142857,1.71943457861092,0.709925479811958,0.749584178648867,3.57142857142857,0.479390968199911,0.245539109605932,0.21156030638099,4.28571428571429,2.13839940514992,1.25062595654463,0.881517299850937,3,1.21042699330763,0.874600096341847,0.554099038509144,2.5,1.4796837508349,0.14958415145502,0.131142507419603,1.28695256778722,1.03065727726621,0.383982925978112,1.74059462493816,1.30353153225026,0.738710834249543
"243",243,"male","white","yr1","Business","math03","Visual",4.25,1.33681141534805,0.919063606032471,0.704610973598293,3.4,2.80956761260358,1.80581622261978,0.694913944771447,2.33333333333333,-2.8871977752707,-1.53281721396016,-1.86735472281452,2.4,-2.62865261290516,-1.47718254665704,-0.92701959894633,1.16666666666667,-3.48323366839767,-2.07762358043345,-1.59819413810579,2.28571428571429,-2.29360245578765,-1.33410935914045,-0.906311743940645,3,-1.50670576835592,-0.915629225141313,-0.466747031664235,2.28571428571429,-2.84958295282887,-1.72057768631428,-0.912032633625321,2.57142857142857,-0.702239610114189,-0.530973052791266,-0.246187398919627,2.14285714285714,-2.84888372172182,-1.97207892336308,-1.11667185398028,2.71428571428571,-1.31293940889564,-0.742047869713115,-0.384962704593334,2.33333333333333,-0.182787931602778,-0.151535293840168,-0.0936700371453748,2.25,1.14894760704249,0.841563722855043,0.374439019056798,-1.89038475119171,-1.4420846930781,-0.748618128396195,-1.98234947310207,-1.48302837381329,-0.84113124520175
"244",244,"female","white","yr1","Other","math01","Auditory",2.75,-1.16380910615822,-0.84471804747322,-0.743008629750054,1.2,-1.5819585307646,-0.870336402023775,-0.389446695623462,3.66666666666667,1.08677935656856,0.655269020945832,1.49072619695178,2.5,-2.08716241362037,-1.30409785727678,-0.626095647251986,5,3.98282322843044,2.57936891273621,1.8194510001737,5,3.92613352833232,2.35294126627441,1.45210273364758,5,3.31170935523013,1.91813277875012,1.09562411681238,5,3.74208800854917,2.29084272651677,1.25970296808463,5,4.57314979566002,2.32881677317432,1.63321748061498,5,3.63130769413571,2.34893386780816,1.3870550416303,5,3.73293522636506,2.2231470984821,1.37616993798703,4,3.15807262649247,2.39996650073212,1.31578972865656,1.75,-0.252301703341897,-0.269758520186254,-0.178889619549892,3.51312587973905,2.73643153309284,1.27620653520245,3.56988892222538,2.66576840017202,1.5151047502875
"245",245,"female","white","yr3","Other","math01","Auditory",3.5,0.043392498974075,0.16832765552596,-0.150845655892796,1.2,-1.5819585307646,-0.870336402023775,-0.389446695623462,3.66666666666667,-0.793768496543356,-0.872823256195919,-1.26625459934966,5,5.13171496016993,3.22150048198912,1.52393034932561,4.16666666666667,2.35216055370588,1.53210063569372,1.08349841030491,2.85714285714286,-1.09880176154118,-0.400734357579662,-0.487023821786533,2.71428571428571,-2.27147624177843,-1.22181711254208,-0.759369150480902,3,-1.2160155708116,-0.538659113670906,-0.462738071665078,3,0.178626406654573,0.0934437360080917,-0.026876738683457,3.14285714285714,-0.635181489833282,-0.423888153023604,-0.25731448238223,3.28571428571429,-0.0891131725100695,0.289660459591793,0.0524014035886652,2.33333333333333,-0.136939387527115,-0.183071274139288,-0.0242965000426901,1.5,-0.621148175827482,-0.512726667522369,-0.191568062242842,-1.03003136223985,-0.682142177334327,-0.412403359915435,0.29681552008971,0.451241374300508,0.125586584036813
"246",246,"male","white","yr4","Other","math02","Visual",4.75,2.1497497657431,1.59576518678731,1.12466368201378,2.4,0.997257249379424,0.459478835905709,0.256499772172995,2.33333333333333,-2.8871977752707,-1.53281721396016,-1.86735472281452,4.8,4.58584865686477,2.93219591006737,1.41121250865585,3.66666666666667,1.52488609901809,0.777540360137603,0.705172449586644,4.14285714285714,2.15654808364281,1.11927047245015,0.899094018792124,5,3.31170935523013,1.91813277875012,1.09562411681238,4.71428571428571,3.14144949722432,1.79167971002525,1.09486529774358,3,0.450857250090914,0.350415191355397,0.298927577478671,4.42857142857143,2.42974571220333,1.44977559681052,0.940803789219321,4.71428571428571,3.10998345480542,1.75220149498752,1.10146718103841,4,3.15807262649247,2.39996650073212,1.31578972865656,2.5,1.51432321318979,0.826427454236483,0.295724847588656,2.69511357903677,2.08187415732381,0.949445063859782,1.61120423696798,1.05968048170777,0.683896322075797
"247",247,"male","white","yr5+","STEM","math03","Kinesthetic",4.25,1.47702113233287,0.643465032504615,1.280137500588,3.4,2.91402877134421,1.64599623655267,0.732888767593173,1.66666666666667,-1.13761103968115,-0.297606544460826,-2.88055269737188,3.9,2.12290009667986,1.11665145893268,0.832150096375521,2,-1.84831865150357,-1.11570730886833,-0.845307438306751,2.14285714285714,-2.61862429957919,-1.51221160602251,-1.00934101202568,2.28571428571429,-3.22620382993707,-1.83384562326411,-1.07013400806752,2.14285714285714,-3.29962003496572,-1.93652988068523,-1.12671246860155,1.85714285714286,-2.14262194415206,-1.1307865301132,-0.663160156931822,2,-3.29829366063917,-1.99527973375992,-1.31334420860687,1.57142857142857,-3.87687713971825,-2.21813898835236,-1.42989783419823,2,-0.828915728028531,-0.587694347450185,-0.346338725843645,1.5,-0.621148175827482,-0.512726667522369,-0.191568062242842,-3.17553466022038,-2.50498741486239,-1.11240022650494,-2.0206888485685,-1.38857478368847,-0.857703051167779
"248",248,"male","white","yr5+","STEM","math03","Visual",3,-0.867066520456496,-0.285487064646898,-0.985820279380884,1.2,-1.52241169588548,-0.878348704244132,-0.393856948823324,3.33333333333333,0.55606591547233,0.272191301305421,-0.113984566097563,3.4,0.405401382019211,0.249680645046166,0.00769724544352665,2.5,-0.860730244375487,-0.32343084907197,-0.408636133470124,4.71428571428571,3.356168915627,1.99360953808672,1.25936313342098,5,3.31170935523013,1.91813277875012,1.09562411681238,5,3.74208800854917,2.29084272651677,1.25970296808463,4.14285714285714,2.87536452709558,1.47288966504425,1.17291624501354,4.42857142857143,2.66623322729044,1.52595617908529,1.17811093910457,4.71428571428571,3.09259173638165,1.83907482714271,1.17217202841169,2.66666666666667,0.472602108730554,0.501513003330069,0.162683275605504,1.5,-0.621148175827482,-0.512726667522369,-0.191568062242842,3.12904741874511,2.41586742697736,1.1355102429148,1.75458638353224,1.02659398630305,0.745196379060595
"249",249,"female","white","yr3","Other","other","Visual",4.5,1.74851266177097,1.3555690056657,1.01940924162561,2.4,0.89056559632847,0.643243877769984,0.183010040446128,2.33333333333333,-0.085992319374548,0.177776587887529,-1.61037881418403,3.7,1.28532383737024,0.697037913352538,0.346663346512709,3.16666666666667,0.37041492662375,0.432735110778991,0.170662192814467,2.85714285714286,-1.00147829624457,-0.488438366998508,-0.374905428519824,2.42857142857143,-2.86211162865671,-1.93240462523473,-0.915762266807535,3,-1.12707090933489,-0.710473011524607,-0.32630940261301,2.42857142857143,-0.995477809378026,-0.40561525930061,-0.367548404016673,3.57142857142857,0.381757002803608,0.350956354602284,0.146045895752968,3,-0.679189041039517,-0.530220637531125,-0.281487186736774,2.33333333333333,-0.182787931602778,-0.151535293840168,-0.0936700371453748,2,0.42926778750371,-0.181571258033675,-0.0302127774116195,-1.02632793869751,-0.701822767065821,-0.350144468217304,-0.460066152857306,-0.264966828701298,-0.195419031941022
"250",250,"male","white","yr3","Other","math02","Visual",3,-0.823538257164133,-0.495085104193697,-0.883131235664156,2.2,0.471470848428388,0.468907621205422,0.0674357585937799,2.33333333333333,-0.0761841574886868,0.468548894819997,0.328868828726803,3,-0.690160124446313,-0.471268744608064,-0.287066614772275,3,0.0977731897063125,0.176270900974726,0.04464143999656,2.57142857142857,-1.61575635310326,-0.914902743509724,-0.647586844362273,3.14285714285714,-1.14818161506108,-0.840622606263958,-0.371625328083978,2.28571428571429,-2.90331594625757,-1.80084594183898,-0.971213644525947,3,0.0636010639023891,0.047260022587774,-0.0957853727250634,2.57142857142857,-2.00917284390544,-1.13570162991679,-0.78758262423293,2.71428571428571,-1.33394707420054,-0.851270084986202,-0.48921884536404,2,-0.828915728028531,-0.587694347450185,-0.346338725843645,1,-1.67156413915867,-0.843882077011064,-0.352923347074065,-1.50287340352133,-1.17239078941566,-0.566929356122408,-0.849355136008411,-0.421404056705768,-0.360701792481055
"251",251,"female","white","yr3","Health","math02","Visual",4.5,1.7737637180346,1.20269601533094,1.03732585095717,2.8,1.73028440429692,0.919070433908237,0.449079127542866,3.33333333333333,-0.374399849197768,-0.201082530332987,0.446772678662553,3.2,-0.151993792868556,-0.00523655719689194,-0.14125014171582,3.16666666666667,0.524022456021652,0.160688148097081,0.239536275695471,3.14285714285714,-0.266644495808623,-0.246644394640576,-0.11898929877929,3.42857142857143,-0.483452005018376,-0.452424478368391,-0.148384695813962,3.42857142857143,-0.162723084760314,0.00904320028956646,-0.0845631097344641,3.14285714285714,0.439996271659027,0.44599520942564,0.0848221602408127,3,-0.988426542380879,-0.547208533237225,-0.413211125194478,3.42857142857143,0.253721018656626,0.126189285370709,0.153020149964871,3,1.16457844923197,0.906136076640967,0.484725501406459,2,0.56814825597861,0.443678416353276,0.17970236257254,-0.352861325564444,-0.238525758099007,-0.165894315070522,0.158872466283017,0.168296307870123,0.0673588916342272
"252",252,"female","white","yr5+","STEM","math03","Kinesthetic",3.25,-0.332593548734429,-0.224741515930415,-0.238183486949403,2,0.0530772826703489,0.34347226583457,-0.0475441377454702,3.66666666666667,1.08677935656856,0.655269020945832,1.49072619695178,4,2.21457891444923,1.44769481588828,0.631774592114571,3.5,1.12083831264908,0.645250286837421,0.505975006137845,3.57142857142857,0.830071399820591,0.370608693530089,0.369187438464606,4.14285714285714,1.24210586433496,0.788256367779268,0.428720884925165,3.42857142857143,-0.140206005038106,0.0378301391759046,-0.0704609163013608,3.28571428571429,0.975475422598381,0.488835523999979,0.393541162143112,3.42857142857143,0.159857883856336,0.0953358594795,0.153232273250096,3,-0.699670618348352,-0.511296095730915,-0.412734579087268,2.33333333333333,-0.182787931602778,-0.151535293840168,-0.0936700371453748,1,-1.67156413915867,-0.843882077011064,-0.352923347074065,0.421244058870691,0.204571088647444,0.221862660542798,0.597733970388874,0.535467341290133,0.253590999886489
"253",253,"female","white","yr1","STEM","math02","Kinesthetic",2.75,-1.08456564415144,-1.01087985884317,-0.412859149062617,1,-1.95766826697144,-1.12363438544422,-0.497556424846265,4,1.6174927976648,1.03834674058624,3.09543696000112,3.8,1.59357633932107,1.02881483522467,0.448438639814089,3,0.0953953084744368,0.11598476499985,0.0429453745200661,3,-0.566623062985243,-0.420905106421556,-0.200739826164113,3.42857142857143,-0.517025589551142,-0.139277677298451,-0.189591739020505,3.14285714285714,-0.803194125374456,-0.482193498290733,-0.266004786396802,2.57142857142857,-0.65425800318374,-0.104874229207039,-0.146414708353522,3,-0.988426542380879,-0.547208533237225,-0.413211125194478,2.57142857142857,-1.60918570849934,-0.848555757428771,-0.596328571094248,3,1.20116474940005,0.657710852781627,0.550414414456535,2,0.42926778750371,-0.181571258033675,-0.0302127774116195,-0.895781827454565,-0.751311722256865,-0.290999143847192,-0.309231110461154,-0.173302149442253,-0.131326679596232
"254",254,"female","white","yr1","Other","math02","Kinesthetic",5,2.60497927545839,1.82267254687374,1.54215099375782,4.6,5.41683471128119,2.86397345087327,1.3945259089058,2.33333333333333,-2.8871977752707,-1.53281721396016,-1.86735472281452,1.7,-4.51200550589108,-2.85562738110518,-1.49425229808595,1.83333333333333,-2.09115546518181,-1.40725429508529,-0.955003936387189,2.14285714285714,-2.62841171784246,-1.14792058860148,-1.02792668099446,2.28571428571429,-3.19109566070811,-1.80475762265833,-1.01325462817027,2.28571428571429,-2.8948488263864,-1.6125250250971,-0.979373687237355,2.71428571428571,-0.443784163580072,-0.0068306659666664,-0.169291130840649,1.71428571428571,-3.93155203857642,-2.45035359272572,-1.49613832409132,2.28571428571429,-2.30917415355267,-1.2765217831872,-0.84001745447374,3,1.16457844923197,0.906136076640967,0.484725501406459,2,0.56814825597861,0.443678416353276,0.17970236257254,-2.89892736435247,-2.2211851341541,-1.08224346593705,-1.56037465709695,-1.07331017552024,-0.662213960929276
"255",255,"male","white","yr1","Business","math03","Kinesthetic",3.25,-0.21763488801323,-0.347467099123509,0.319426430708742,2.6,1.25164282151772,0.75274647956403,0.337915098890381,2.66666666666667,0.444721121721685,0.560854307527941,-0.00566805113469071,3,-0.702557131271479,-0.326110850212567,-0.26038116509647,2.5,-0.826850049024314,-0.574550019967369,-0.373602846684878,2.85714285714286,-1.0356664910967,-0.61310946848669,-0.415174219884167,2.71428571428571,-2.19703671817458,-1.28803637704802,-0.716510022354834,2.28571428571429,-3.00034122787911,-1.63685943854125,-1.0080772210436,2.42857142857143,-1.01673534860782,-0.65046960197403,-0.322482528402847,2.28571428571429,-2.64504563774628,-1.49339014319828,-1.07426930940083,2.71428571428571,-1.34709500353279,-0.530798202396754,-0.40144013030176,2,-0.828915728028531,-0.587694347450185,-0.346338725843645,2.75,2.19936357037368,1.17271913234374,0.535794303888021,-1.73082811831251,-1.31255773561749,-0.646780614305633,-1.33680287033029,-0.835385045354628,-0.567507952998885
"256",256,"female","white","yr1","Health","stats","Auditory",3,-0.787823058449714,-0.451648876016844,-0.655670798693447,1.2,-1.5819585307646,-0.870336402023775,-0.389446695623462,3.66666666666667,1.08677935656856,0.655269020945832,1.49072619695178,3.4,0.574504715243775,0.20595129300037,0.212871540041868,3,0.222371945698911,-0.0535217550321993,0.100962877338227,2.85714285714286,-0.987513240269649,-0.426644736535619,-0.414934185380949,3.42857142857143,-0.50757531055559,-0.10041469727539,-0.203602199784005,2.85714285714286,-1.46483751581015,-0.953914559771286,-0.465811454237314,3,0.269247980696024,0.343933722739785,0.0733215519120135,3,-0.784093029062507,-0.543400734074782,-0.239785917102578,2.57142857142857,-1.62809502456642,-0.811690907613616,-0.503170522442245,2,-0.828915728028531,-0.587694347450185,-0.346338725843645,1.25,-1.19847666055308,-0.652507558069461,-0.294912104566007,-0.887425214415315,-0.716779440585335,-0.306553195858161,-0.255104054396073,-0.0750132378756858,-0.108381707313459
"257",257,"female","Asian","yr1","Other","stats","Auditory",3.25,-0.332593548734429,-0.224741515930415,-0.238183486949403,2.8,1.68466889829336,1.02197721656128,0.40609966600818,3,0.0351606362619581,0.179885888597477,0.220552313763931,3.2,-0.109585616133586,-0.107360442116885,-0.0870949892070271,4.33333333333333,2.69314230126085,1.82707979755895,1.23688484354665,4,1.63445260902962,1.02399349125302,0.586406600707224,3.28571428571429,-0.847889506738163,-0.610035596688917,-0.278768049256632,3.71428571428571,0.584018708522208,0.36478528264172,0.199188618039368,3.42857142857143,1.05333956883502,0.377245949951338,0.321843156733871,3.85714285714286,1.0801719591661,0.695118245104751,0.434685932586479,3.42857142857143,0.260789179813913,0.275062756786814,0.179191815238636,2,-0.828915728028531,-0.587694347450185,-0.346338725843645,2,0.56814825597861,0.443678416353276,0.17970236257254,0.566760941160247,0.478634014195255,0.252340703475972,1.23174852563505,1.03577409317461,0.522527177790995
"258",258,"female","Asian","yr3","STEM","math03","Auditory",1.75,-2.80447272076117,-1.84893900013653,-1.39148682827344,1.6,-0.773222717782108,-0.347807681606077,-0.21315239928286,4,0.677218871108836,0.274300602015368,1.7169465618504,3.5,0.892945959047374,0.694231314869619,0.212929019485943,3,0.0953953084744368,0.11598476499985,0.0429453745200661,2,-2.94890922957577,-1.63390205878976,-1.1449856651735,2,-3.91185397809692,-2.36125816533672,-1.27136178627285,2,-3.66094416973899,-2.15866943392002,-1.24410030127154,2,-1.99193584946364,-1.0048287834881,-0.723565462380426,2,-3.29829366063917,-1.99527973375992,-1.31334420860687,2,-2.90770274572559,-1.59596132381597,-1.00926110497425,4,3.15807262649247,2.39996650073212,1.31578972865656,4,5.04757304625318,3.01879940308196,1.24495378186575,-3.16378452147217,-2.40849235333743,-1.15824963514684,-1.59610188794852,-0.941207436983649,-0.677770924677192
"259",259,"female","other","yr1","STEM","math02","Kinesthetic",4.25,1.25756795334126,1.08522541740242,0.374461492910856,1.4,-1.16286378286451,-0.696000145459213,-0.273872413771114,3,0.965626400932056,0.653159720235885,-0.340204930996185,3.4,0.551092319869612,0.147169989844051,0.312281953415605,2.5,-0.926073294004816,-0.425172523901108,-0.428759217101807,3.14285714285714,-0.26859639529734,-0.0762005208924345,-0.124140333698194,4.14285714285714,1.28148061382513,0.706495225259967,0.406071944074195,3.85714285714286,0.939260901900773,0.396817561222496,0.28425728328827,1.71428571428571,-2.56258571834904,-0.917814451055513,-1.01595274036529,3.14285714285714,-0.502684506205662,-0.422514735981916,-0.159260950419436,3,-0.678635870227954,-0.674493268127993,-0.352590698538323,1.66666666666667,-1.48430576836186,-1.24074264462042,-0.602692038594524,1,-1.67156413915867,-0.843882077011064,-0.352923347074065,-0.0868295187486099,-0.161887614330405,-0.0170025515938583,-0.878053865780515,-0.803926218125171,-0.372620047192789
"260",260,"male","white","yr1","STEM","stats","Kinesthetic",2,-2.37798456052541,-1.76161580934968,-1.26831577855371,1.2,-1.53857351907136,-0.949298128879659,-0.381982142993917,4.33333333333333,0.267658385649109,-0.106667816915096,1.94316692674902,4.5,3.68343706172499,2.42371808857796,1.06170465466961,3.33333333333333,0.856600389654134,0.422226693497735,0.386438481128574,4.57142857142857,2.97779921965424,1.66359138469066,1.10306993240236,3.85714285714286,0.501501958959016,0.281603907510009,0.138381982947661,4.42857142857143,2.38743581825966,1.54364783820876,0.835325583370909,2.71428571428571,-0.159339817604149,-0.0299961651550965,0.0756828000455742,4.42857142857143,2.31421132806953,1.59977123956938,0.840605674276424,4,1.53464590465979,0.806656484077546,0.462899508751568,3,1.20116474940005,0.657710852781627,0.550414414456535,1,-1.67156413915867,-0.843882077011064,-0.352923347074065,1.65686048978094,1.29554706986757,0.665726305574218,1.00652663697308,0.618654327932656,0.427264301395984
"261",261,"male","Black","yr2","Health","stats","Auditory",5,2.60497927545839,1.82267254687374,1.54215099375782,4.8,5.80717695850564,3.26106681592012,1.45584030890715,1,-1.2489558334318,-0.00894353823830593,-2.772236182409,1.4,-5.74069112481462,-3.06575505929287,-1.94023038457508,1,-3.79203261148157,-2.34739938273651,-1.73356025113357,1,-5.24059014887847,-2.96284983381114,-2.01068179811386,1,-6.31970842253928,-3.78772181336567,-2.06035708730125,5,3.74208800854917,2.29084272651677,1.25970296808463,1,-4.18029773117153,-2.11604396904223,-1.50915977671223,1,-5.60816077889747,-3.44335093428261,-2.21347729201926,1,-5.12124873642247,-2.86899746458199,-1.80440478596134,2.33333333333333,-0.182787931602778,-0.151535293840168,-0.0936700371453748,1,-1.67156413915867,-0.843882077011064,-0.352923347074065,-5.38942132187592,-4.12346698214753,-1.96973502526328,-1.31975534151074,-1.51949589155687,-0.559602056333812
"262",262,"male","Black","yr3","STEM","other","Visual",2.5,-1.7409711258296,-0.852751883243831,-1.65125003409864,1.6,-0.745171399248518,-0.619465691282072,-0.159486902944962,3.33333333333333,-0.374399849197768,-0.201082530332987,0.446772678662553,4.1,2.53709325069517,1.59242126030636,0.749604233918062,3.5,1.09625895147088,0.732836977040372,0.508581548411239,3.71428571428571,1.15509324361213,0.548710940412142,0.472216706549644,4,0.903854910787779,0.491669130721172,0.306628815783969,3.57142857142857,0.258565480547998,0.25382973241162,0.104010132822405,2.57142857142857,-0.480420780949374,-0.635649113431811,0.107234997818581,4.14285714285714,1.64524100006603,1.139896198283,0.597392119236536,3.85714285714286,1.20894155972992,0.546993957630626,0.298220640279069,3,1.16457844923197,0.906136076640967,0.484725501406459,4,5.04757304625318,3.01879940308196,1.24495378186575,1.10629676123303,0.850722973779799,0.423925472942506,0.506534031758963,0.420036028933073,0.214881565387209
"263",263,"female","Black","yr1","STEM","stats","Kinesthetic",4.75,2.22899322774988,1.42960337541737,1.45481316270121,1.4,-1.11947877117128,-0.774961872315096,-0.266407861141569,3.33333333333333,1.49633984202829,1.0362374398763,1.26450583205315,3.3,0.524496662683755,-0.00373861957111132,0.424020585708067,3.16666666666667,0.397841968631072,0.337366198391417,0.185290382075443,4,1.57658042479018,1.17995680804524,0.547172383867634,5,3.31170935523013,1.91813277875012,1.09562411681238,3.42857142857143,-0.14259118351457,0.0396164970880438,-0.0299817061688681,2.71428571428571,-0.132611547356181,0.0214612619187624,0.14176912424897,2.71428571428571,-1.48730622810573,-1.0133746328613,-0.518680212884216,5,3.73293522636506,2.2231470984821,1.37616993798703,4,3.15807262649247,2.39996650073212,1.31578972865656,3.25,3.22208180402654,1.34324007096032,0.715352476872378,1.72081354861841,1.34881189246836,0.485150170342651,0.216263578718549,0.194693979483014,0.0917497384017305
"264",264,"male","other","yr2","Business","stats","Kinesthetic",3.25,-0.357844604998059,-0.071868525595654,-0.256100096280965,1.2,-1.567326019747,-0.726541020397375,-0.436242024844913,3.33333333333333,0.55606591547233,0.272191301305421,-0.113984566097563,3.8,1.81650986550009,1.04371125432759,0.579543444642833,2.33333333333333,-1.24912491364426,-0.570859034153112,-0.577172642387884,2.71428571428571,-1.31779817026623,-0.54833518930287,-0.550578838528762,3,-1.50399953365457,-0.934794517307775,-0.482366485244439,3,-1.19326677697627,-0.675498713774425,-0.409499211486148,3,0.196426032244247,0.106386402066042,0.0620288519513763,3.28571428571429,-0.0913252472156875,-0.223061372138895,0.0307195425621459,3,-0.694156755028705,-0.322925183049944,-0.214117423987157,2,-0.828915728028531,-0.587694347450185,-0.346338725843645,2,0.56814825597861,0.443678416353276,0.17970236257254,-0.847167138106469,-0.600663987163768,-0.316765162389111,-0.65434976745955,-0.467338762708514,-0.27763667810518
"265",265,"female","white","yr1","Other","math01","Auditory",2.5,-1.48580274812357,-1.25107603996478,-0.518113589450786,1,-1.95766826697144,-1.12363438544422,-0.497556424846265,5,1.31927710595571,0.36871531543326,3.21334080993687,3.4,0.766441156770818,0.223591044402518,0.504536418226686,5,3.98282322843044,2.57936891273621,1.8194510001737,4.71428571428571,3.21747890236299,1.9012326601111,1.16016487948115,5,3.31170935523013,1.91813277875012,1.09562411681238,5,3.74208800854917,2.29084272651677,1.25970296808463,4.14285714285714,2.87480204907822,1.41448958923949,1.02636623895103,5,3.63130769413571,2.34893386780816,1.3870550416303,5,3.73293522636506,2.2231470984821,1.37616993798703,4,3.15807262649247,2.39996650073212,1.31578972865656,3,2.67245104897927,1.36409365128534,0.593805546396079,3.31538989842737,2.59691752006251,1.18278335438465,3.06722539324311,2.26982164252172,1.30168648068264
"266",266,"female","other","yr2","Business","stats","Auditory",2.75,-1.1350677566787,-0.705133878173644,-0.44869236772574,2.6,1.30895916208651,0.768679233140836,0.297989936785378,1.66666666666667,-1.12780287779529,-0.0068342375283583,-0.941305054461042,2.4,-2.44187245743919,-1.37615808657985,-0.745767761737466,3.83333333333333,1.71367976758112,1.14170419264115,0.781088696584313,3.85714285714286,1.27329067089724,0.891664016630924,0.437957506338939,3.42857142857143,-0.480400469877609,-0.215419650243707,-0.187992537211481,3.85714285714286,0.911741751112521,0.537229877150294,0.311976843374325,3.28571428571429,0.777195686195838,0.456424487098984,0.29337731609011,3.14285714285714,-0.629534315317613,-0.400065624457025,-0.239179905213443,3,-0.694156755028705,-0.322925183049944,-0.214117423987157,4,3.15807262649247,2.39996650073212,1.31578972865656,4,5.04757304625318,3.01879940308196,1.24495378186575,-0.121517392519664,-0.126289238727377,0.00463327868095337,1.00808005387651,0.788442415489916,0.427739837416577
"267",267,"male","white","yr5+","STEM","other","Auditory",1,-4.07264058087151,-2.7525479409778,-2.22902684843296,1,-1.95766826697144,-1.12363438544422,-0.497556424846265,5,1.31927710595571,0.36871531543326,3.21334080993687,3.6,1.07313674561751,0.629263883378505,0.050388701871058,3.33333333333333,0.67081005578516,0.669070296617467,0.299544078033606,4,1.63445260902962,1.02399349125302,0.586406600707224,5,3.31170935523013,1.91813277875012,1.09562411681238,4,1.27441061578645,0.807672006371172,0.42510187829924,4,2.38478791395213,1.21760158762018,0.847623166283179,3.71428571428571,0.642395117278969,0.506824703840934,0.257704324512959,3.28571428571429,-0.0722475420823775,0.0746403703633059,0.008687807795171,2.33333333333333,-0.173525687695199,0.0653539497200516,-0.0899854130927663,2,0.432738653841988,0.076533157921001,0.0611798367494736,1.39513253323553,0.927261094391609,0.54087295405043,1.25078641110729,0.905970017339127,0.530973038386314
"268",268,"male","white","yr2","STEM","math03","Kinesthetic",1,-4.07264058087151,-2.7525479409778,-2.22902684843296,1,-1.95766826697144,-1.12363438544422,-0.497556424846265,3,0.965626400932056,0.653159720235885,-0.340204930996185,4,2.21457891444923,1.44769481588828,0.631774592114571,4.33333333333333,2.69711670295625,1.81518803049556,1.22820988354256,4.71428571428571,3.356168915627,1.99360953808672,1.25936313342098,4.57142857142857,2.28072325509301,1.37292859401842,0.76833440987435,4.71428571428571,3.02048018757843,1.79647468614896,0.988710890357233,4.57142857142857,3.61399109942131,1.66024957930078,1.29146192060095,4.28571428571429,2.0198555322399,1.24502455778793,0.775561995051422,4.42857142857143,2.46358727946255,1.56505518998352,0.96730739157736,2,-0.828915728028531,-0.587694347450185,-0.346338725843645,1,-1.67156413915867,-0.843882077011064,-0.352923347074065,2.50710298412116,1.93726625966339,0.920862420552655,2.68218747878599,1.97908837400495,1.13840780141888
"269",269,"female","Asian","yr1","STEM","stats","Visual",2.5,-1.6260124651084,-0.975477466436925,-1.09364011644049,1,-1.95766826697144,-1.12363438544422,-0.497556424846265,4.33333333333333,0.267658385649109,-0.106667816915096,1.94316692674902,2.8,-1.31399996095121,-0.843077892074505,-0.421110401244034,3,0.135804856810439,0.0439443520212726,0.0692248446601883,3.14285714285714,-0.17805963286038,-0.17028837486789,-0.025182114261579,3.71428571428571,0.194811106781311,0.249158746036591,0.0199273234862954,3,-1.18148663174134,-0.89652173590844,-0.40484671545963,3.28571428571429,0.946614689419577,0.387075274490236,0.469442612934727,3.42857142857143,0.0516892569077233,-0.00859150949972746,0.0205827769725334,3.14285714285714,-0.373212669807601,-0.242094500045315,-0.145401199949731,2.33333333333333,-0.182787931602778,-0.151535293840168,-0.0936700371453748,1.5,-0.621148175827482,-0.512726667522369,-0.191568062242842,-0.0750168818628967,-0.0788124595282248,-0.0133923904857448,0.102994692624969,0.188761131949072,0.0436741728405319
"270",270,"female","white","yr2","Other","stats","Auditory",4.25,1.33681141534805,0.919063606032471,0.704610973598293,3.2,2.55518204046529,1.51254857896146,0.613498618054061,2,-2.47763728981098,-1.1518487950297,-2.09357508771314,3.8,1.81650986550009,1.04371125432759,0.579543444642833,1.5,-2.77056400900232,-1.80624209383555,-1.2618556595117,1.57142857142857,-3.99132430168501,-2.09965288264358,-1.55826399617397,1.71428571428571,-4.59544088362138,-2.6756370450539,-1.51951578414674,2.42857142857143,-2.65237092018269,-1.49711694942481,-0.898796542393535,2.42857142857143,-1.16489681260177,-0.336266046691863,-0.543613700861289,1.14285714285714,-5.36689216218615,-3.23760651210189,-2.16124126638782,1.85714285714286,-3.21917863150541,-1.83143412556326,-1.14661248344856,2,-0.838177971936109,-0.804583591010405,-0.350023349896254,1.25,-1.09423565443307,-0.704101186463973,-0.2495793047509,-4.24016609878694,-3.22996263623725,-1.59393185514871,-2.00129448958595,-1.46968763915556,-0.849298144341066
"271",271,"male","white","yr1","STEM","stats","Auditory",1,-4.07264058087151,-2.7525479409778,-2.22902684843296,1,-1.95766826697144,-1.12363438544422,-0.497556424846265,4,0.677218871108836,0.274300602015368,1.7169465618504,4,2.21457891444923,1.44769481588828,0.631774592114571,4,2.03910926845244,1.34767683886803,0.931198187346884,4,1.63445260902962,1.02399349125302,0.586406600707224,4,0.903854910787779,0.491669130721172,0.306628815783969,4,1.27441061578645,0.807672006371172,0.42510187829924,4,2.38478791395213,1.21760158762018,0.847623166283179,4,1.32144057587741,0.900862667285468,0.486921958217911,4,1.51938923566818,0.950110957716078,0.581026256999934,2,-0.828915728028531,-0.587694347450185,-0.346338725843645,1.25,-1.0907647880948,-0.445996770509297,-0.158186690589807,1.28748907933531,1.02145690428275,0.464721145086021,1.65732795103539,1.28552764298991,0.703346916873826
"272",272,"female","other","yr2","Business","math01","Visual",3.75,0.505595857924257,0.299087074489666,0.199785830797642,2.8,1.6707375694178,0.927082736128593,0.453489380742728,2.66666666666667,-0.495552804834275,-0.203191831042935,-1.38415844928541,3,-0.578167544750077,-0.345116344965432,-0.129250551785608,2.83333333333333,-0.251435301713591,-0.021464488349752,-0.117004143171338,3.28571428571429,0.0240248237037807,0.0284670654633626,-0.014460295600948,2.42857142857143,-2.89942313551148,-1.63760982036,-0.940039545625135,2.42857142857143,-2.6748879999049,-1.52590388831115,-0.912898735826638,2.28571428571429,-1.30846974733137,-0.814946566692347,-0.401061755017697,3.28571428571429,-0.291480665044933,-0.197748967555191,-0.149309787174651,2.71428571428571,-1.34341527364183,-0.696627966243542,-0.420583690927158,2.33333333333333,-0.182787931602778,-0.151535293840168,-0.0936700371453748,2.25,1.17664533672082,1.00219819372715,0.356236130903665,-1.06807812477296,-0.773288717374224,-0.33518081774913,-1.15803542746919,-0.694385114227357,-0.491695680579337
"273",273,"female","white","yr2","Business","math01","Visual",3.5,0.043392498974075,0.16832765552596,-0.150845655892796,1.6,-0.744470217106474,-0.570564790088361,-0.158892517431864,3.33333333333333,-0.38420801108363,-0.491854837265455,-1.49247496424828,2.7,-1.40781933078728,-1.03643148373514,-0.44018132077616,1.5,-2.78957244802161,-1.80272507373425,-1.27829510272298,3,-0.444666006821894,-0.263190280318992,-0.129115350327079,4.28571428571429,1.61771158724627,0.941594008187138,0.52215594575308,3.57142857142857,0.402201365627725,0.0300931438827936,0.203951965207022,3.57142857142857,1.57348222412229,0.793416199286113,0.567245210854168,3.85714285714286,1.16061454042525,0.63701322456323,0.471322988566966,3.71428571428571,0.892166592201525,0.517986191457404,0.333361892584082,2.66666666666667,0.509188408898638,0.253087779470729,0.22837218865558,1.25,-1.19847666055308,-0.652507558069461,-0.294912104566007,0.80574115333286,0.621960524889683,0.258160125976131,-0.179848012778519,-0.313563197109866,-0.075871359860193
"274",274,"female","white","yr2","Other","math02","Visual",1.25,-3.63568827818496,-2.46891553167933,-1.89631197107409,1,-1.95766826697144,-1.12363438544422,-0.497556424846265,3.66666666666667,1.08677935656856,0.655269020945832,1.49072619695178,3.7,1.44685090840345,0.794767242475817,0.476584139921052,3,0.0632125040033642,0.090781405437673,0.0249250543061025,3,-0.657228310273073,-0.304954283768369,-0.279289532233136,3.28571428571429,-0.847889506738163,-0.610035596688917,-0.278768049256632,3.42857142857143,-0.0551076021912783,-0.0781488399524953,0.013484143631959,2.57142857142857,-0.555581946660537,-0.55534184986446,-0.06783800494338,2.85714285714286,-1.31222696656949,-0.786242064234756,-0.523681286213103,3.85714285714286,1.21132886397017,0.756922003561517,0.444877844203028,3,1.16457844923197,0.906136076640967,0.484725501406459,1.25,-1.19847666055308,-0.652507558069461,-0.294912104566007,-0.450899652318919,-0.254262660641165,-0.245567567894615,-0.0246275286758686,-0.0210384468879678,-0.0104641262092687
"275",275,"female","white","yr2","Business","math02","Kinesthetic",3.75,0.584839319931037,0.132925263119719,0.529935311485079,2.2,0.475230654906993,0.372116608417386,0.137871190890964,3,-1.84538721684996,-1.34820638854427,-2.5364284825375,2.6,-1.95943526111359,-1.08934123942756,-0.601270006270558,2.5,-0.777518477406075,-0.532518047805102,-0.362676609472335,2.57142857142857,-1.32952721401752,-0.858162708553389,-0.385211194387218,2.85714285714286,-1.65541259476979,-1.2978200558947,-0.48950550781965,3,-1.12972722367733,-0.952455577988988,-0.435324192554009,2.57142857142857,-0.870957506920221,-0.272714863944608,-0.347490027606161,3.57142857142857,0.272968228663393,0.150337181085155,0.016538018882383,2.28571428571429,-2.29577347144487,-0.930876160313862,-0.493477703762406,2.66666666666667,0.5550369529743,0.22155179917161,0.297745725758265,2.5,1.48315461717318,0.407688567409696,0.222535121580696,-0.919463870680981,-0.701514828784144,-0.302338959420794,-0.876862643834085,-0.615976916876579,-0.372191185773077
"276",276,"male","white","yr1","Business","math03","Visual",4,1.02179162261759,0.416557672418186,0.862650188843956,1.4,-1.12088113545537,-0.872763674702518,-0.267596632167764,4,0.677218871108836,0.274300602015368,1.7169465618504,2.7,-1.38497292100622,-0.955562308089312,-0.377149751797033,1.16666666666667,-3.44520200129354,-2.2099501293869,-1.57361073344216,3,-0.381530736377413,-0.47556539122602,-0.0572657484247135,4.42857142857143,2.01494962869294,0.839619826550276,0.732631241604386,3.71428571428571,0.538104237838205,0.18260432589892,0.150265444296997,1.85714285714286,-2.15971626077671,-1.08460727377019,-0.756055321385108,3.28571428571429,-0.388265698606296,-0.194321202276308,-0.186943879582011,3,-0.722613673328792,-0.371304632449206,-0.268772403983539,2.33333333333333,-0.146201631434694,-0.399960517699508,-0.0279811240952987,1,-1.67156413915867,-0.843882077011064,-0.352923347074065,0.239892542201443,0.0592785360510529,0.0913845509193946,-1.51042058176369,-1.37589879712458,-0.640693735351686
"277",277,"male","white","yr1","STEM","math03","Kinesthetic",4.25,1.41605487735483,0.752901794662524,1.03476045428573,1.4,-1.16356496500656,-0.744901046652924,-0.274466799284212,3.33333333333333,1.49633984202829,1.0362374398763,1.26450583205315,3.9,1.9134994203568,1.21811593739335,0.537314867773009,1.33333333333333,-3.09599350987364,-2.01221474006243,-1.41196515027427,1.57142857142857,-3.81635722437842,-2.09677471428339,-1.45446294268607,2.71428571428571,-2.24997049526464,-1.20578784111374,-0.799613078664701,2.42857142857143,-2.77456959586887,-1.6038999514778,-1.05877710228529,2.14285714285714,-2.00443925683617,-0.749922907642031,-0.908665320196051,1.71428571428571,-3.90619090514757,-2.46338372264575,-1.57934311079483,2,-2.92850997823117,-1.55137183925351,-0.939759223278368,2,-0.828915728028531,-0.587694347450185,-0.346338725843645,1.75,-0.144589830883611,-0.0632477326260903,-0.0421642055736916,-3.13812910091761,-2.42762126069881,-1.19717345903519,-2.53257596893214,-1.86207795260946,-1.07482307235302
"278",278,"female","white","yr1","STEM","math02","Kinesthetic",3.25,-0.357844604998059,-0.071868525595654,-0.256100096280965,2,0.00765043744926691,-0.015067922053758,0.0579213265268383,3.33333333333333,-0.38420801108363,-0.491854837265455,-1.49247496424828,3.7,1.501540809514,0.662688443194201,0.476002815158399,3.33333333333333,0.807787027395641,0.460826490011734,0.353674783179815,4,1.81606941949413,1.07698144152528,0.7441848547604,4.42857142857143,1.9803877516548,1.12879546185096,0.684105820126793,4.42857142857143,2.32874355041354,1.30528538643342,0.767060427842433,3.42857142857143,1.18886368067239,0.4152881738333,0.405467370501277,4.28571428571429,2.11021262785976,1.29957234668409,0.882475756088427,3.71428571428571,0.911694133100148,0.335710880582967,0.188196751802952,3,1.16457844923197,0.906136076640967,0.484725501406459,1.75,-0.0368779584253253,0.143263054934073,0.094561208402509,1.68604498366067,1.23282687771298,0.670563984069018,1.20215476346192,0.78682540629815,0.51033020337838
"279",279,"female","white","yr2","STEM","math02","Kinesthetic",4.5,1.7737637180346,1.20269601533094,1.03732585095717,3.8,3.79796072103213,1.72111420765045,1.0407485451984,3.33333333333333,-1.32448193763959,-1.25590097583633,-2.870965362399,3.7,1.36391949964602,0.671268139626994,0.38331987582261,1.33333333333333,-3.13640305820964,-1.94017432708385,-1.43824462041439,2.14285714285714,-2.43693900426382,-1.48108662442797,-0.871971271340099,3,-1.63117197520301,-0.58623411562015,-0.620291921494493,3.28571428571429,-0.53636059803463,-0.345582350961807,-0.246274508811792,1.42857142857143,-3.22440065644567,-1.48479269537714,-1.23976421185168,2,-3.25085365603653,-1.87010000272577,-1.31867113218208,1.71428571428571,-3.54988036913768,-2.33423427168312,-1.43101973027509,3,1.16457844923197,0.906136076640967,0.484725501406459,2.5,1.67743054500475,1.35420718354087,0.396044485258588,-2.7455110192828,-2.23297176677554,-0.953718847746785,-2.1518675623891,-1.76881520103515,-0.913114905071838
"280",280,"female","other","yr2","STEM","math04","Kinesthetic",4.75,2.22899322774988,1.42960337541737,1.45481316270121,1,-1.95766826697144,-1.12363438544422,-0.497556424846265,4,-0.263055055447124,-0.489745536555507,0.338456163699681,3.9,1.8403691866359,1.14681578845494,0.611417621148484,2.33333333333333,-1.14483416679907,-1.01023047774814,-0.527520278478373,3.71428571428571,1.20317800958831,0.757038641040945,0.492865254420454,4.71428571428571,2.58283435179056,1.60291054210907,0.834857409927038,4.14285714285714,1.854033623152,0.959421590068839,0.717461309515574,3.71428571428571,1.9533750669497,0.822110549917738,0.720434085211658,4.14285714285714,1.81785681389237,0.976509717136033,0.780282906737504,3.28571428571429,-0.0441175499892018,-0.212102718287832,0.0508910933961202,2.66666666666667,0.481864352638133,0.718402246890289,0.166367899658112,1.75,-0.0126510950852678,0.0457931098515091,-0.015034293911718,1.4832281603664,1.04850458090709,0.586029571951369,0.854881949395143,0.442978775588216,0.363208928506928
"281",281,"female","white","yr1","Other","math01","Kinesthetic",3.25,-0.357844604998059,-0.071868525595654,-0.256100096280965,1.6,-0.830539058350898,-0.363740435182883,-0.173227237177857,2.66666666666667,-2.36629249606033,-1.44051180125222,-2.20189160267601,4.3,3.14041900358193,1.86654742884698,0.956862643608022,4.5,2.96975843987368,2.07165224029983,1.35423063636046,4,1.78971674341655,0.758463196364216,0.717350697445933,4.14285714285714,1.28148061382513,0.706495225259967,0.406071944074195,3.57142857142857,0.275232332988615,-0.0731171423459183,0.12492982558025,3.28571428571429,0.883296586837045,0.334306385666444,0.30635297458662,4.57142857142857,2.6910039738703,1.70233575058708,1.04932059857233,5,3.73293522636506,2.2231470984821,1.37616993798703,2.33333333333333,-0.182787931602778,-0.151535293840168,-0.0936700371453748,1.5,-0.621148175827482,-0.512726667522369,-0.191568062242842,2.28380254070847,1.89455490297793,0.774002486616687,1.23303698245008,1.0664688092322,0.523025445096525
"282",282,"male","white","yr2","STEM","math02","Auditory",2.5,-1.57202005936525,-0.988766287472111,-0.781407245084617,1,-1.95766826697144,-1.12363438544422,-0.497556424846265,3.33333333333333,1.49633984202829,1.0362374398763,1.26450583205315,4.1,2.70372061115911,1.47806358597729,0.953876142267475,3.33333333333333,0.89571036786203,0.137090472829752,0.422488321047829,3.42857142857143,0.561134170206789,-0.0146933111061154,0.258472825842608,4.28571428571429,1.58078442964267,0.913111069065754,0.491610844630492,3.85714285714286,0.913086481013177,0.585532453136377,0.307714045629253,3.57142857142857,1.56247457771276,0.898472525645136,0.676260370759443,3.85714285714286,1.19005916878423,0.521300073779319,0.516749470360589,4,1.4794451714807,1.15017297992831,0.614040425102992,3,1.15531620532439,0.689246833080747,0.48104087735385,1.75,-0.14806069722189,-0.321352148580766,-0.133556819734785,1.24414326761869,0.985954273772696,0.41932367728506,1.09090225637111,0.821072044357832,0.463036261264542
"283",283,"female","white","yr3","STEM","other","Visual",4,0.899859112661494,0.635431196734004,0.371896096239416,2.2,0.457539519552831,0.374013140772732,0.114825473328328,4.33333333333333,1.19812415031921,0.366606014723312,1.3824096819889,3,-0.752138315864847,-0.326185008669774,-0.321851886565081,4.5,3.08118283041451,1.81313920462942,1.40897119669946,3.85714285714286,1.31290628138141,0.738243009294236,0.46907315630841,4,0.976576492195659,0.468586324150947,0.372425775761291,4.57142857142857,2.62802235750015,1.6049558285774,0.88569567540038,3.57142857142857,1.76489959442418,0.555877792766985,0.879560107883314,4.57142857142857,2.70107910446524,1.63649867274523,1.0353246772374,3,-0.688104069669239,-0.519851149385333,-0.283955544101441,4,3.15807262649247,2.39996650073212,1.31578972865656,1.5,-0.617677309489203,-0.254622251567694,-0.100175448081749,1.07054127303784,0.746278202324331,0.486563245687474,2.37215834741492,1.77774054811404,1.00670293317058
"284",284,"female","white","yr2","Other","math01","Auditory",3,-0.733830652706563,-0.464937697052029,-0.343437927337572,1,-1.95766826697144,-1.12363438544422,-0.497556424846265,4,0.677218871108836,0.274300602015368,1.7169465618504,3,-0.491045621311944,-0.471964087178355,-0.00105171798933561,4,2.03910926845244,1.34767683886803,0.931198187346884,3.42857142857143,0.35235785421164,0.320601391978755,0.116033322627961,4,0.903854910787779,0.491669130721172,0.306628815783969,3.71428571428571,0.648638132149814,0.447134947895313,0.247504557911751,3.14285714285714,0.516531130156407,0.162994936082397,0.177688843347389,4,1.32144057587741,0.900862667285468,0.486921958217911,3.85714285714286,1.20364247798134,0.753458993204694,0.47071327105839,2.66666666666667,0.509188408898638,0.253087779470729,0.22837218865558,1.5,-0.621148175827482,-0.512726667522369,-0.191568062242842,0.901719723704168,0.729761638629567,0.301198773938662,0.95555269641713,0.777364780508232,0.405377872423632
"285",285,"female","white","yr3","STEM","math02","Visual",4,1.02179162261759,0.416557672418186,0.862650188843956,1.4,-1.16286378286451,-0.696000145459213,-0.273872413771114,2.66666666666667,0.454529283607546,0.851626614460409,1.93357959177614,4.5,3.77525602026089,2.32844006745896,1.19631667117678,3.5,1.12101538270664,0.775934675842754,0.504200084020322,3.42857142857143,0.523808290249306,0.275036386738804,0.253595566074762,3.71428571428571,0.195069749596094,0.340237535510814,0.0575019118796498,4.28571428571429,1.89779792094662,1.16999542275917,0.643178408819222,2.42857142857143,-1.25702218718351,-0.296921275214582,-0.686593769938955,3.57142857142857,0.494493126118918,0.106832755792766,0.218840581621818,4,1.51281046231264,1.01889016697817,0.677855628694006,3.66666666666667,2.50268258615914,1.74691820356188,1.05943641590568,1.5,-0.621148175827482,-0.512726667522369,-0.191568062242842,0.766301379665764,0.670632888510349,0.234701829455727,0.292024427924677,0.115182668387623,0.12384713490137
"286",286,"female","white","yr1","Other","math01","Kinesthetic",2.5,-1.57202005936525,-0.988766287472111,-0.781407245084617,2.2,0.399521996841997,0.309179486002215,0.154156249920233,3,0.975434562817917,0.943932027168352,1.59904271191465,2.6,-1.73650173493457,-1.07444482032464,-0.470165201441814,4,2.01850430896963,1.42337176200759,0.925129769616183,3.14285714285714,-0.162534327652368,-0.327964559502812,0.00628926831751503,3.57142857142857,-0.0902040317457444,-0.0250521148891424,0.00988420996853097,2.85714285714286,-1.49239079844967,-0.629049094742642,-0.475866075966916,4,2.57960973671455,1.01810094790571,1.08175847858484,3.85714285714286,0.997640151688801,0.661829136287937,0.376451797199286,4.71428571428571,3.06211587163546,1.88449473061228,1.13655104207787,3,1.15531620532439,0.689246833080747,0.48104087735385,1.25,-1.19847666055308,-0.652507558069461,-0.294912104566007,0.939565156621714,0.887459178981945,0.238775641748603,1.10232972829645,1.07416718935792,0.467645186404345
"287",287,"female","white","yr3","Other","other","Kinesthetic",3.75,0.444629602946209,0.408523836647575,-0.0455912155046277,2.2,0.414154507859597,0.452974867628616,0.107360920698783,3.33333333333333,-1.32448193763959,-1.25590097583633,-2.870965362399,2,-3.39144891372582,-2.24165877110033,-0.86328519008764,3.83333333333333,1.64771763817546,1.16347537655506,0.755419081636974,4,1.60705111703715,0.905706234321446,0.559297983172976,4,0.896223620166858,0.452201089213718,0.29430499777281,3.42857142857143,-0.165108263236778,0.0108295582017057,-0.0440838996019715,2.57142857142857,-0.628096413500441,0.0179701758990108,-0.148126148236104,3,-1.14185706030524,-0.778879481737833,-0.509988649415799,2.57142857142857,-1.67905246662144,-0.747346462343833,-0.670038901126563,3.33333333333333,1.81070624565772,1.34229513025098,0.737394190104729,1.5,-0.725389181947489,-0.461133039127857,-0.23690086205795,-0.118997256054531,-0.25571613658415,0.0431265311702231,0.331420696111508,0.342493655281143,0.140430839704401
"288",288,"female","Asian","yr3","Business","math03","Visual",3,-0.794796907684611,-0.355500934894121,-0.588814973639841,1.2,-1.53927470121341,-0.99819903007337,-0.382576528507014,3,0.0253524743760969,-0.110886418334991,-1.7186953291469,3.3,0.345724231597608,0.153018656444468,0.238322093159752,2.16666666666667,-1.46930523684447,-0.953054695956548,-0.667337600401384,3.57142857142857,0.888418384799748,0.477672003638773,0.388691983851735,3.14285714285714,-1.17368190865838,-0.782300233823774,-0.401544133427966,2.57142857142857,-2.23905566323229,-1.49653777726042,-0.7727495200721,2.71428571428571,-0.539224620854264,-0.198675724508653,-0.328839313550619,4.14285714285714,1.62577654479583,0.904300991644511,0.623406825791692,3.28571428571429,-0.0716943712708135,-0.0696322602335625,-0.062415704006378,1.66666666666667,-1.52089206852995,-0.992317420761083,-0.6683809516446,1.25,-1.0907647880948,-0.445996770509297,-0.158186690589807,0.309450600641925,0.274953491364455,0.178531394408363,-1.33652251213838,-0.921881429840694,-0.567263212258971
"289",289,"female","white","yr1","STEM","math03","Visual",2,-2.43895081550346,-1.65217904719177,-1.51369282485598,2.6,1.38192480448161,0.345213539618085,0.394040509144864,2.66666666666667,0.434912959835824,0.270082000595473,-1.94491569404552,4.2,2.8393395094895,1.63696855035205,0.862402919266461,3,0.107596454034757,0.00684922539570821,0.0425295644421301,3.14285714285714,-0.427810846567303,0.0339513821721887,-0.221050582670664,2.42857142857143,-2.87323658733888,-1.77658593909757,-0.931748261323661,2.85714285714286,-1.59076609987345,-1.10721377989822,-0.581050006251508,2.42857142857143,-1.15106411748997,-0.419761223243325,-0.523078531561482,2.57142857142857,-2.04844309921638,-1.22659926641613,-0.894337842008754,2.42857142857143,-1.95588336996236,-0.976416250729287,-0.667911816924607,1.66666666666667,-1.47504352445428,-1.0238534010602,-0.599007414541915,1.25,-1.19847666055308,-0.652507558069461,-0.294912104566007,-1.81340029487422,-1.39157550684569,-0.624335662599344,-0.882012529265336,-0.545360345868647,-0.374538062343362
"290",290,"female","white","yr1","Health","stats","Kinesthetic",3,-0.708579596442934,-0.617810687386791,-0.32552131800601,1.6,-0.756359712454183,-0.227957355776839,-0.22443281959917,3.33333333333333,1.49633984202829,1.0362374398763,1.26450583205315,3,-0.702557131271479,-0.326110850212567,-0.26038116509647,1.5,-2.78719456678974,-1.74243893775937,-1.27659903724649,1.85714285714286,-3.27919415957235,-1.75559251155701,-1.28063031832131,2.85714285714286,-1.89488222636175,-1.04450830636495,-0.658615711381936,2.42857142857143,-2.61149794231759,-1.55513220123425,-0.91840894845967,1.85714285714286,-2.36020510668457,-0.88630547486317,-0.895011372101853,2.85714285714286,-1.36730841439979,-0.741167173613259,-0.643523128897095,2.14285714285714,-2.5901741745863,-1.55741448840407,-0.941747846614224,2,-0.828915728028531,-0.587694347450185,-0.346338725843645,1.25,-1.19847666055308,-0.652507558069461,-0.294912104566007,-2.33558841477072,-1.81098389653323,-0.859091963551562,-2.31806916156375,-1.71566706932239,-0.983788671059623
"291",291,"male","other","yr1","STEM","math02","Visual",2,-2.40323561678904,-1.60874281901492,-1.28623238788527,2,0.0811286012039387,0.0718142561585753,0.006121358592428,3,0.0351606362619581,0.179885888597477,0.220552313763931,3,-0.702557131271479,-0.326110850212567,-0.26038116509647,3,0.0953953084744368,0.11598476499985,0.0429453745200661,3,-0.657228310273073,-0.304954283768369,-0.279289532233136,3,-1.50399953365457,-0.934794517307775,-0.482366485244439,3,-1.19326677697627,-0.675498713774425,-0.409499211486148,3,0.196426032244247,0.106386402066042,0.0620288519513763,3,-0.988426542380879,-0.547208533237225,-0.413211125194478,3,-0.694156755028705,-0.322925183049944,-0.214117423987157,2,-0.828915728028531,-0.587694347450185,-0.346338725843645,2,0.56814825597861,0.443678416353276,0.17970236257254,-0.938147721068434,-0.693517724527344,-0.346764245030412,-0.255233020154602,-0.0947131141922041,-0.108410916539852
"292",292,"male","white","yr1","STEM","math03","Visual",1.5,-3.29541742919088,-2.11928258839981,-2.03643457698819,1.2,-1.52241169588548,-0.878348704244132,-0.393856948823324,3.33333333333333,2.42680560669839,1.5095112715147,0.703748587293039,3,-0.702557131271479,-0.326110850212567,-0.26038116509647,2.5,-0.869033187881393,-0.561016092955862,-0.38773636922689,3.14285714285714,0.0261923510765401,-0.197703854646536,0.131287105047062,3.28571428571429,-0.763697666208693,-0.532766969105156,-0.220973482580499,3.14285714285714,-0.680880085827912,-0.438685898428355,-0.16411317675553,2.57142857142857,-0.704448719619503,-0.300260216983254,-0.28497960358337,3,-0.743953122916978,-0.628259158162633,-0.211496976050868,3.42857142857143,0.284485838405241,0.144610362743785,0.137884150799945,3,1.16457844923197,0.906136076640967,0.484725501406459,1.25,-1.09423565443307,-0.704101186463973,-0.2495793047509,-0.122746861390113,-0.0608430437850391,-0.0532678372435082,-0.616942861670528,-0.481737798189583,-0.261806754228867
"293",293,"female","other","yr5+","Health","math02","Kinesthetic",2.25,-1.92275505081012,-1.53470844926325,-0.850828466809663,2.4,0.863342407821118,0.793155029261395,0.163670681987175,4.33333333333333,0.267658385649109,-0.106667816915096,1.94316692674902,4.1,2.46654921843557,1.59707959096699,0.865625951499803,5,3.98282322843044,2.57936891273621,1.8194510001737,4.14285714285714,1.93879117883746,1.11205529443784,0.6958959384557,4.71428571428571,2.62605920707028,1.39072023667751,0.89439633860705,4.57142857142857,2.62802235750015,1.6049558285774,0.88569567540038,4.42857142857143,3.36670794996093,1.84118836595817,1.18709462916558,3.71428571428571,0.808838566904192,0.508395169170042,0.340165044568402,4.57142857142857,2.78111585060183,1.60360202539542,1.03482064993738,2.33333333333333,-0.182787931602778,-0.151535293840168,-0.0936700371453748,1.75,-0.252301703341897,-0.269758520186254,-0.178889619549892,1.9926659117546,1.5494882612138,0.666511964002055,2.89108419371363,2.225049974963,1.226874087557
"294",294,"female","white","yr4","Other","other","Auditory",4.5,1.7737637180346,1.20269601533094,1.03732585095717,2,0.0671972723283819,-0.0230802242741141,0.0535110733269762,3.66666666666667,2.01724512123866,1.12854285258424,0.929968952191661,2.2,-2.90174210065264,-1.90241922815226,-0.850416882111077,4.83333333333333,3.63361473701054,2.38163352341173,1.6578054170058,4.42857142857143,2.79494290527004,1.4702177807075,1.08493474194338,3.42857142857143,-0.523128659832677,-0.61328733354782,-0.110376056225467,4.57142857142857,2.75603183871507,1.65807718090789,0.928501402639731,2.42857142857143,-0.992385041076686,-1.04864978509622,-0.297980303435537,4.71428571428571,2.97241249672714,1.82322174867994,1.12984556525548,3.28571428571429,-0.0414189393239457,-0.268863863538683,-0.200552740139141,4,3.15807262649247,2.39996650073212,1.31578972865656,2.5,1.4796837508349,0.14958415145502,0.131142507419603,1.23101944732666,0.913468638876728,0.593571039790134,1.59233507347436,1.17609115745554,0.675520788781824
"295",295,"female","white","yr2","Other","math01","Auditory",3.5,0.122635960980856,0.00216584415601384,0.179303824794641,1.8,-0.366017465229734,0.169136009270007,-0.163118419597818,3.33333333333333,0.565874077358191,0.562963608237888,1.82526307681327,3.7,1.46498105157174,0.924828742092257,0.486527994998052,3.5,1.03427122376061,0.742716393890893,0.474236973459806,3.85714285714286,1.34030777337389,0.856530266225808,0.496181773842659,4.14285714285714,1.21462898572691,0.798636408680944,0.384165323039076,3.14285714285714,-0.850845177408451,-0.372354479161412,-0.292866629876343,3.28571428571429,0.866059439264722,0.379763795413252,0.363997390014298,3,-0.988426542380879,-0.547208533237225,-0.413211125194478,3.85714285714286,1.21370181943868,0.725825801072916,0.394183284714142,2.66666666666667,0.463339864822976,0.284623759769849,0.158998651552895,1.75,-0.00918022874698926,0.303897525806185,0.0763583202493751,0.614312723068199,0.450009500507666,0.197012958535818,0.368923243644105,0.408135230051349,0.156439237622564
"296",296,"female","white","yr2","Health","stats","Visual",2.75,-1.14553189912949,-0.901443096685258,-0.658236195364887,1.2,-1.567326019747,-0.726541020397375,-0.436242024844913,3,1.90590032748802,1.41720585880676,1.03828546715453,3.3,0.179342877300197,0.264880155326971,-0.0441953948629547,3.83333333333333,1.74586257205219,1.16690755220333,0.799109016798276,4.14285714285714,2.10690306843354,1.13041258691916,0.806945331481094,4.42857142857143,1.92573603236877,1.25418045572096,0.62394059566818,4.14285714285714,1.59986384376066,0.918627556601273,0.520280363516204,3.85714285714286,2.07922082011679,1.13661979945332,0.748508770368521,4.28571428571429,2.01838645321336,1.2503222329675,0.750823296237738,4.14285714285714,1.82669600375529,1.13376084263196,0.614520159131803,1.66666666666667,-1.48430576836186,-1.24074264462042,-0.602692038594524,1,-1.67156413915867,-0.843882077011064,-0.352923347074065,1.8610868118557,1.42736604265635,0.690689423801787,1.56892079430505,1.17956868211986,0.665867218474461
"297",297,"female","Asian","yr1","Business","math03","Kinesthetic",4.75,2.16802697277184,1.53904013757527,1.20943611639894,3,2.09066044734412,0.979672134508571,0.603389800474022,4.33333333333333,1.19812415031921,0.366606014723312,1.3824096819889,3.2,-0.140580203735532,0.07557905315829,-0.133071622821876,3.16666666666667,0.420824809345759,0.321957411226729,0.193054865282637,4.14285714285714,2.10730938432238,1.4153021824978,0.807624173396224,3,-1.50399953365457,-0.934794517307775,-0.482366485244439,3.57142857142857,0.275232332988615,-0.0731171423459183,0.12492982558025,2.85714285714286,-0.109141061591094,0.025404613899187,-0.0370855439632811,3.42857142857143,0.0516892569077233,-0.00859150949972746,0.0205827769725334,3,-0.694156755028705,-0.322925183049944,-0.214117423987157,2,-0.828915728028531,-0.587694347450185,-0.346338725843645,2,0.56814825597861,0.443678416353276,0.17970236257254,0.0665006384547059,0.0433262760963409,0.115206716079592,0.201212776087481,0.144644174052516,0.0853679758678801
"298",298,"female","white","yr2","STEM","math02","Kinesthetic",5,2.60497927545839,1.82267254687374,1.54215099375782,3.2,2.49219100777424,0.985257164050184,0.729650117129581,3,-0.914921452179862,-0.874932556905867,-3.09718572729762,3.6,1.19622073414695,0.454491997721292,0.380680140882711,2.16666666666667,-1.37610792455458,-1.07558667251251,-0.616969392316598,2,-2.80502461495759,-1.57607400625121,-0.992763512803296,2.85714285714286,-1.83546102973898,-0.976024930045979,-0.660996160172097,3,-1.11899028919006,-0.702645616968635,-0.425874495147423,3.14285714285714,0.742240243224625,0.435772376295161,0.418701681761869,1.85714285714286,-3.62418331104593,-2.32570739411578,-1.4454114490322,3.71428571428571,0.904798050916532,0.252281015859924,0.166694400775727,2,-0.828915728028531,-0.587694347450185,-0.346338725843645,2.75,2.4736536409852,2.16511406516296,0.864231969695248,-1.96368452917392,-1.40412450462416,-0.847987363495881,-0.398067414061119,-0.265089081346042,-0.168812136123479
"299",299,"male","white","yr2","Business","math02","Auditory",3,-0.787823058449714,-0.451648876016844,-0.655670798693447,2.2,0.500223349104021,0.246150512723138,0.121695640444776,2,0.323568166085179,0.558745006817993,-1.83659917908265,3,-0.524151042550364,-0.244635833398063,-0.0115225701088073,4,2.03910926845244,1.34767683886803,0.931198187346884,4.14285714285714,1.92859744468536,1.19145671628023,0.67663142757179,4.14285714285714,1.22201602208707,0.624465726348575,0.417081081944145,4.28571428571429,2.02476695358573,1.27320570898788,0.722200548445994,4,2.38478791395213,1.21760158762018,0.847623166283179,4.14285714285714,1.64524100006603,1.139896198283,0.597392119236536,4.14285714285714,1.84167806651622,1.16748963657027,0.744502159795032,3,1.16457844923197,0.906136076640967,0.484725501406459,2.75,2.22706130005202,1.33335360321585,0.517591415734887,1.60023236725573,1.27058998551237,0.57046975023502,1.90300534298102,1.4043971015061,0.807677016074753
"300",300,"female","white","yr3","Other","other","Kinesthetic",4.25,1.39777767032609,0.809626843874562,0.949988019900563,1.6,-0.801274036315697,-0.0761496719300825,-0.266817895620758,4,0.667410709222975,-0.0164717049170995,-0.222301081060435,2,-3.50680641477441,-2.47065104828026,-1.01519606694642,3.5,1.13331739868355,0.462654508819299,0.531168265994256,2.42857142857143,-1.89970745460689,-1.16176739037932,-0.718547160342928,3.57142857142857,-0.280205775391957,0.091161603254558,-0.20888422717095,3.71428571428571,0.493224864007006,0.471150509302009,0.174329440507969,3.14285714285714,0.536539865251395,-0.0547752336676652,0.305386638645966,3.71428571428571,0.792267329958643,0.652399198162776,0.30814607051389,2.85714285714286,-1.04192328487783,-0.403729458964214,-0.415368129044975,3.33333333333333,1.81070624565772,1.34229513025098,0.737394190104729,1.5,-0.621148175827482,-0.512726667522369,-0.191568062242842,-0.704512191945228,-0.536454068434767,-0.250550918805802,0.743351564849333,0.591029304270826,0.315425105364105
"301",301,"male","white","yr3","Other","math02","Kinesthetic",4.25,1.33681141534805,0.919063606032471,0.704610973598293,1.4,-1.16286378286451,-0.696000145459213,-0.273872413771114,3,0.0253524743760969,-0.110886418334991,-1.7186953291469,2.5,-2.14945852627365,-1.54537907849608,-0.6943899611744,4.66666666666667,3.28916200805439,2.304470406037,1.49955196479089,5,3.92613352833232,2.35294126627441,1.45210273364758,5,3.31170935523013,1.91813277875012,1.09562411681238,5,3.74208800854917,2.29084272651677,1.25970296808463,5,4.57314979566002,2.32881677317432,1.63321748061498,5,3.63130769413571,2.34893386780816,1.3870550416303,5,3.73293522636506,2.2231470984821,1.37616993798703,2.33333333333333,-0.182787931602778,-0.151535293840168,-0.0936700371453748,1.25,-1.19847666055308,-0.652507558069461,-0.294912104566007,3.51312587973905,2.73643153309284,1.27620653520245,3.36399736773612,2.47354275558644,1.42780659669313
"302",302,"female","white","yr1","Other","math01","Kinesthetic",2,-2.51819427751024,-1.48601723582182,-1.84384230554341,1,-1.95766826697144,-1.12363438544422,-0.497556424846265,3.66666666666667,2.95751904779462,1.89258899115512,2.30845935034238,2.9,-0.975490282924058,-0.470763136173442,-0.31674008543135,4.83333333333333,3.67402428534654,2.30959311043315,1.68408488714593,4.57142857142857,2.91654736384761,1.72738559052728,1.05677987878649,4.14285714285714,1.27134394764833,0.886285077166381,0.397404327829119,4.85714285714286,3.44176875288675,2.04126121827101,1.1772841329141,3,0.175441431716194,-0.224887842444256,0.0815432458218191,4.71428571428571,3.03052670316952,1.89935473230934,1.16392941542481,4.14285714285714,1.81535697069099,1.02370820845176,0.615386886390802,2,-0.828915728028531,-0.587694347450185,-0.346338725843645,1,-1.67156413915867,-0.843882077011064,-0.352923347074065,2.1147836539945,1.64872340865526,0.820899473731227,2.1293375597016,1.53904486592673,0.903526947999971
"303",303,"male","white","yr2","Business","math03","Visual",3,-0.708579596442934,-0.617810687386791,-0.32552131800601,1.8,-0.311444140330835,-0.301334053091109,-0.0907079503140647,3.33333333333333,-0.374399849197768,-0.201082530332987,0.446772678662553,4.1,2.53709325069517,1.59242126030636,0.749604233918062,3.33333333333333,0.717245536811778,0.570184364128593,0.330611710505871,2.42857142857143,-2.02645279623556,-1.00004379546617,-0.842516692695198,3.57142857142857,-0.199166516181915,-0.111105993737688,-0.108085372173894,3.14285714285714,-0.83298309077881,-0.403270226641408,-0.25589496642874,2.85714285714286,-0.169634115471366,-0.00580312511704434,-0.0706248531063067,2.28571428571429,-2.66953712034054,-1.65611607386544,-1.06953079942144,3,-0.68468855558742,-0.477567301792604,-0.282752578424039,2.33333333333333,-0.182787931602778,-0.151535293840168,-0.0936700371453748,1.25,-1.19847666055308,-0.652507558069461,-0.294912104566007,-1.48391113109359,-1.15876651983382,-0.611064071265016,-0.0529471300642403,0.053049907903479,-0.0226205232577256
"304",304,"female","Black","yr1","Health","stats","Visual",4,1.07578402836074,0.403268851383001,1.17488306019983,2,0.153266113572806,-0.229904579179592,0.0678457930729691,2,-0.606897598584919,0.0854711751795855,-1.27584193432254,2.4,-2.45500164186016,-1.53662134974376,-0.776131558413968,3.83333333333333,1.71367976758112,1.14170419264115,0.781088696584313,2.71428571428571,-1.42608597613414,-0.89309967232455,-0.617242979795661,5,3.31170935523013,1.91813277875012,1.09562411681238,2.42857142857143,-2.56924081279897,-1.15544941369123,-0.831926818943212,3.28571428571429,0.822098223991748,0.243976724249252,0.276803239262046,3,-0.988426542380879,-0.547208533237225,-0.413211125194478,5,3.73293522636506,2.2231470984821,1.37616993798703,2.33333333333333,-0.146201631434694,-0.399960517699508,-0.0279811240952987,2.5,1.72280522542981,0.723240197447459,0.386390447218871,0.997399784722872,0.845211681256081,0.140277821083057,0.0484325387671602,0.319951541394643,0.0202142520169764
"305",305,"female","white","yr2","Business","math03","Kinesthetic",5,2.60497927545839,1.82267254687374,1.54215099375782,2.2,0.49869403693574,0.318996469714012,0.0867751170527326,2.66666666666667,-1.42601856950437,-0.676465662681343,-0.823401204525293,2.7,-1.42955844104248,-0.998327809185024,-0.350953333382525,1.33333333333333,-3.14957742366142,-1.96889470674733,-1.43982549741706,1.85714285714286,-3.18180220942487,-1.86515948965358,-1.18892043842219,2.71428571428571,-2.15559872604903,-1.15676385721189,-0.786085182874373,3,-1.09851130997084,-0.900974261350628,-0.390245375086486,1.85714285714286,-2.44402197835228,-0.930932874148605,-1.07281659017576,2,-3.24582662871246,-1.9429692786971,-1.29739493560632,3.14285714285714,-0.384314569878249,-0.287841357994866,-0.120768738771771,1.33333333333333,-2.1670198649557,-1.4284764743711,-0.921049640342871,1.75,-0.252301703341897,-0.269758520186254,-0.178889619549892,-2.2748070028989,-1.65635324900554,-0.938009848823094,-2.1336526037152,-1.71844121192043,-0.905391208700939
"306",306,"female","other","yr2","Other","math01","Visual",4.75,2.1497497657431,1.59576518678731,1.12466368201378,2.8,1.65540387625816,0.734386453308481,0.499690324451081,2.66666666666667,-0.495552804834275,-0.203191831042935,-1.38415844928541,2.5,-2.0514156705778,-1.34703635676794,-0.620743001051648,3.83333333333333,1.6716736987816,1.28592250865799,0.765180251924779,3.42857142857143,0.391904979844943,0.189043353319799,0.167557485965024,3.42857142857143,-0.527665152803478,-0.264205338706083,-0.215242002765025,2.85714285714286,-1.54627857749159,-1.05543741144311,-0.587315469944721,3.28571428571429,0.874282774957991,0.359156634028199,0.345167697401313,3.28571428571429,-0.289391438826788,-0.106354838196857,-0.127712707767944,3.14285714285714,-0.358747077663908,-0.153598999115036,-0.0943079760325787,3,1.16457844923197,0.906136076640967,0.484725501406459,1,-1.67156413915867,-0.843882077011064,-0.352923347074065,-0.183378633685755,-0.139677717891962,-0.0454917633753204,0.297095370350867,0.452866614143051,0.125813944251383
"307",307,"female","white","yr3","Other","other","Auditory",3.5,0.104358753952123,0.0588908933680515,0.0945313904094736,1.6,-0.756359712454183,-0.227957355776839,-0.22443281959917,3.33333333333333,-0.38420801108363,-0.491854837265455,-1.49247496424828,3.3,0.310147891347482,0.189185450591845,0.213983304429656,2,-1.84831865150357,-1.11570730886833,-0.845307438306751,2.42857142857143,-1.99709940475436,-1.05220041228274,-0.810257040242045,2.71428571428571,-2.18556645905299,-1.18768494289403,-0.724512415656024,2.85714285714286,-1.45637039593898,-0.765593643029407,-0.473971496948722,2.42857142857143,-1.06220036442109,-0.496421914929056,-0.452458457637294,3.14285714285714,-0.53274928175625,-0.403493389735908,-0.201545812806082,2.57142857142857,-1.64834908626044,-0.911374053648023,-0.504772152547913,2,-0.828915728028531,-0.587694347450185,-0.346338725843645,1.5,-0.621148175827482,-0.512726667522369,-0.191568062242842,-1.52732247959993,-1.13035612798469,-0.557809103038474,-1.30639583546885,-0.98993786662419,-0.554384627852502
"308",308,"female","white","yr2","Business","math03","Kinesthetic",4.75,2.22899322774988,1.42960337541737,1.45481316270121,1.8,-0.309914828162554,-0.374180010081982,-0.0557874269220216,3.33333333333333,-0.38420801108363,-0.491854837265455,-1.49247496424828,3.9,2.01554438997466,1.24570303510793,0.605659018378702,2.16666666666667,-1.42492128681307,-1.03698687599851,-0.649733090265356,3.57142857142857,0.824808313615555,0.427020487644892,0.336572053401831,4,0.858653470497301,0.655917104614226,0.232453130561856,3.42857142857143,-0.177421641737822,-0.121656439814873,-0.0884074660093126,2.85714285714286,-0.253450987139078,-0.0504305244024801,-0.248430071180214,3.85714285714286,1.08313083621883,0.610756313875896,0.377816735269073,2.57142857142857,-1.66623019248595,-1.04215340217103,-0.557068342142467,2.33333333333333,-0.182787931602778,-0.151535293840168,-0.0936700371453748,1.5,-0.621148175827482,-0.512726667522369,-0.191568062242842,0.301485127046465,0.122502650321645,0.202792542871371,-0.692690458421462,-0.58503317700677,-0.293864937651022
"309",309,"female","Black","yr4","Other","other","Kinesthetic",4.75,2.16802697277184,1.53904013757527,1.20943611639894,4.6,5.41683471128119,2.86397345087327,1.3945259089058,2.66666666666667,-2.36629249606033,-1.44051180125222,-2.20189160267601,2.9,-0.980187318021822,-0.502332857267366,-0.32315326814224,4,1.95669365131692,1.56393556786345,0.889010272547228,4.42857142857143,2.55019082436106,1.62960494134226,0.855306885987835,4.71428571428571,2.5619572087887,1.47724225052444,0.848241574911938,4,1.27441061578645,0.807672006371172,0.42510187829924,3.28571428571429,0.963146528026876,0.282495942342468,0.415787771325501,4.28571428571429,1.89720489456389,1.37649534715977,0.632490604126055,5,3.73293522636506,2.2231470984821,1.37616993798703,2.66666666666667,0.509188408898638,0.253087779470729,0.22837218865558,1.25,-1.19847666055308,-0.652507558069461,-0.294912104566007,2.45442849278581,1.95770717326473,0.822739268910345,1.27247980116745,0.978421401031308,0.53996567862091
"310",310,"female","Asian","yr4","Other","stats","Visual",4.5,1.80250506751412,1.34228018463051,1.33164211298148,3.2,2.5390202172794,1.44159915432593,0.625373423883468,3,-1.8355790549641,-1.05743408161181,-0.597180839626671,3.6,0.972573764192911,0.609934854561059,0.265102687513606,2.33333333333333,-1.21409020754834,-0.639958860338394,-0.559831834516405,3,-0.47892268652489,-0.365998413129442,-0.148975628323831,2.71428571428571,-2.24124986595968,-1.09981723738571,-0.783367329305897,2.71428571428571,-1.90640747807584,-0.981545837400358,-0.68865133192495,3,0.120832496269805,0.0411518413955538,-0.134606058735516,2.14285714285714,-2.97449323645056,-1.75624620276239,-1.20287404758824,2.57142857142857,-1.62754185375485,-0.955963538210484,-0.574274034243794,2.33333333333333,-0.182787931602778,-0.151535293840168,-0.0936700371453748,1.75,-0.14806069722189,-0.321352148580766,-0.133556819734785,-1.78603624044484,-1.38580076402876,-0.633077972677423,-1.03690147280629,-0.696904396780537,-0.440085261249351
"311",311,"female","white","yr2","Business","math02","Visual",4.75,2.1497497657431,1.59576518678731,1.12466368201378,2.8,1.7318137164652,0.846224476917363,0.483999650934909,4.33333333333333,2.13839807687517,1.13065215329419,2.76090008013962,2.6,-1.99154170429611,-1.46156393556532,-0.81244271251718,5,3.98282322843044,2.57936891273621,1.8194510001737,4.57142857142857,2.96753700065127,1.76485577521078,1.10421393488604,4.71428571428571,2.6358115239959,1.53420812876721,0.909331777157115,5,3.74208800854917,2.29084272651677,1.25970296808463,3,0.610857574666169,0.0329225375190357,0.610794356327502,4.57142857142857,2.7892580864582,1.69361031012863,1.11169338979338,4.57142857142857,2.8026766867183,1.56855161007164,1.06797327890654,1.66666666666667,-1.48430576836186,-1.24074264462042,-0.602692038594524,1,-1.67156413915867,-0.843882077011064,-0.352923347074065,2.7782053036456,2.15838380525766,1.00796171426322,2.72300128241723,1.99867720349207,1.15553759608489
"312",312,"female","white","yr3","STEM","math02","Kinesthetic",4.25,1.33681141534805,0.919063606032471,0.704610973598293,2.4,0.934778738047942,0.442535292729517,0.224800730954618,3,0.0253524743760969,-0.110886418334991,-1.7186953291469,3.7,1.51543037140766,0.814132375832659,0.485083720301271,4,2.03910926845244,1.34767683886803,0.931198187346884,3.42857142857143,0.301368217407983,0.283131207295254,0.0685992665284097,3.71428571428571,0.164541335847278,0.113612748287806,0.0525541913910801,3.85714285714286,0.948957387812237,0.696716456141072,0.329923393082277,3.71428571428571,1.71736361643697,0.713511358464958,0.584446832884001,3.85714285714286,1.0801719591661,0.695118245104751,0.434685932586479,3.71428571428571,0.876672790216265,0.597134888865288,0.427722906913487,2.33333333333333,-0.136939387527115,-0.183071274139288,-0.0242965000426901,1.75,-0.14806069722189,-0.321352148580766,-0.133556819734785,0.618508798230085,0.536386492961938,0.201546575297879,1.36063007245878,1.07573435198162,0.577369531324489
"313",313,"female","Black","yr3","Other","other","Visual",2.25,-1.91229090835933,-1.33839923075163,-0.641284639170516,2,0.083359095514263,0.0478692003614128,0.0416362674975688,3.33333333333333,1.49633984202829,1.0362374398763,1.26450583205315,3,-0.702557131271479,-0.326110850212567,-0.26038116509647,2.83333333333333,-0.262216996867958,-0.115191240789206,-0.125184436456468,3,-0.657228310273073,-0.304954283768369,-0.279289532233136,3,-1.50399953365457,-0.934794517307775,-0.482366485244439,3,-1.19326677697627,-0.675498713774425,-0.409499211486148,2.85714285714286,-0.0953083664793,-0.0580905626522751,-0.016550374663474,3,-0.988426542380879,-0.547208533237225,-0.413211125194478,3,-0.694156755028705,-0.322925183049944,-0.214117423987157,2.66666666666667,0.509188408898638,0.253087779470729,0.22837218865558,1.5,-0.725389181947489,-0.461133039127857,-0.23690086205795,-0.938147721068434,-0.693517724527344,-0.346764245030412,-0.428532043017115,-0.24701131105008,-0.181927185969303
"314",314,"female","Asian","yr5+","STEM","math02","Kinesthetic",3,-0.733830652706563,-0.464937697052029,-0.343437927337572,2.4,0.91861691486206,0.37158586809399,0.236675536784026,2.33333333333333,-1.01645808404465,-0.295497243750879,-1.04962156942391,3,-0.702557131271479,-0.326110850212567,-0.26038116509647,3,0.0953953084744368,0.11598476499985,0.0429453745200661,3.28571428571429,0.0616200498483664,0.0673529005525483,0.0319128328172112,3.57142857142857,-0.144169496456465,0.0196791326834646,-0.0719085355325962,3.28571428571429,-0.469273777529075,-0.182917031318752,-0.178986343891246,3,0.321883820195013,-0.0987498817067054,0.150899998043741,3,-0.988426542380879,-0.547208533237225,-0.413211125194478,3.42857142857143,0.253721018656626,0.126189285370709,0.153020149964871,2.33333333333333,-0.182787931602778,-0.151535293840168,-0.0936700371453748,2.25,1.01006713856759,0.216314048468092,0.164523879072639,-0.192686510559867,-0.1307576875218,-0.0978398323799891,0.00899635093289823,0.0555002571737657,0.00379102922883528
"315",315,"female","white","yr4","Other","other","Kinesthetic",4,0.960825367639542,0.525994434576095,0.617273142541686,3.2,2.36312272831195,1.95203887692493,0.526268552094298,3.66666666666667,-0.803576658429217,-1.16359556312839,-3.20550224226049,3,-0.702557131271479,-0.326110850212567,-0.26038116509647,5,3.98282322843044,2.57936891273621,1.8194510001737,5,3.92613352833232,2.35294126627441,1.45210273364758,4.42857142857143,1.93587269854556,1.07439060381454,0.632608211913256,4,1.27441061578645,0.807672006371172,0.42510187829924,1.57142857142857,-2.93876565113084,-1.46705639570412,-1.08756763157684,4,1.19374183493052,1.02530125852783,0.379122685203244,3.28571428571429,-0.0198057832312432,0.208391526764777,0.0931603321370432,4,3.15807262649247,2.39996650073212,1.31578972865656,1.5,-0.621148175827482,-0.512726667522369,-0.191568062242842,1.7571231905138,1.23719906667691,0.740147589004911,0.626073946849779,0.556637587181749,0.265174211714891
"316",316,"female","white","yr1","Business","math02","Kinesthetic",5,2.60497927545839,1.82267254687374,1.54215099375782,3.8,3.76563707466037,1.5792153583794,1.06449815685722,2.66666666666667,-2.36629249606033,-1.44051180125222,-2.20189160267601,3.6,1.18063431078613,0.6993608457762,0.421990555769227,1.83333333333333,-2.19009654889243,-1.41785800099585,-1.00246548074662,1,-5.24059014887847,-2.96284983381114,-2.01068179811386,1.42857142857143,-5.22441933236916,-3.26694612686559,-1.65457027043115,2.14285714285714,-3.32132561805339,-2.27052326373608,-1.18474853016055,1.85714285714286,-2.11098962345059,-1.20133904060671,-0.553719396997182,1,-5.60816077889747,-3.44335093428261,-2.21347729201926,2.57142857142857,-1.6586088605171,-1.03755256135179,-0.602000188670251,1.33333333333333,-2.1670198649557,-1.4284764743711,-0.921049640342871,2.5,1.8963251562596,2.02533317461587,0.760887927372083,-4.34964892918344,-3.2049850442766,-1.72318782552254,-2.07917794150646,-1.43482468045043,-0.882482204238039
"317",317,"female","white","yr1","Other","math02","Kinesthetic",3.25,-0.3073424924708,-0.377614506265176,-0.220266877617842,1,-1.95766826697144,-1.12363438544422,-0.497556424846265,3.66666666666667,0.146505430012603,-0.108777117625043,0.112235798801059,3,-0.702557131271479,-0.326110850212567,-0.26038116509647,3.66666666666667,1.34732250901405,0.927140190716581,0.626537196417835,2.14285714285714,-2.67828405388035,-1.40748473019221,-1.09549479024183,3.85714285714286,0.576973170183527,0.252901931365739,0.179930800264989,2,-3.56630406659392,-2.32086957930561,-1.16675751462139,2.57142857142857,-0.877129344356099,-0.268226924582958,-0.533404895581465,2.42857142857143,-2.14140318283356,-1.41327474370547,-0.785635430310913,3.14285714285714,-0.392173034840749,-0.356747975044751,-0.0996026261629477,2.66666666666667,0.509188408898638,0.253087779470729,0.22837218865558,1.25,-1.09423565443307,-0.704101186463973,-0.2495793047509,-1.14973501350724,-0.892010860998546,-0.521302333020948,-0.999024768169484,-0.435512914247373,-0.424477038151143
"318",318,"female","Asian","yr1","STEM","math03","Kinesthetic",4,0.960825367639542,0.525994434576095,0.617273142541686,1.6,-0.744470217106474,-0.570564790088361,-0.158892517431864,3.33333333333333,-0.374399849197768,-0.201082530332987,0.446772678662553,4.4,3.47676778137868,2.05428653121343,1.13081036067979,3,0.129174633409025,0.0690102215237645,0.0505946692534411,3.14285714285714,-0.208868156145319,-0.202790365400466,-0.0583950688496432,4.14285714285714,1.21462898572691,0.798636408680944,0.384165323039076,3.57142857142857,0.285969267475888,0.176692818674435,0.134379522986835,3.57142857142857,1.54391618197847,0.632534027375409,0.647136235464235,4,1.52012691468012,0.880847937881332,0.642212589141024,3,-0.702332528819282,-0.544040874084964,-0.311283034099632,2,-0.828915728028531,-0.587694347450185,-0.346338725843645,1.25,-1.19847666055308,-0.652507558069461,-0.294912104566007,0.462251045915567,0.286075097881438,0.214139576683993,0.684088183467935,0.509249440611988,0.290438040410428
"319",319,"female","white","yr1","STEM","math02","Kinesthetic",3.75,0.595303462381826,0.329234481631333,0.739479139124226,1.8,-0.310041776046748,-0.203532250703687,-0.0895191792878693,3.33333333333333,-0.38420801108363,-0.491854837265455,-1.49247496424828,3.4,0.707557216680899,0.0983125170850109,0.399381396368754,2.83333333333333,-0.271239890566781,-0.0251189985107379,-0.13721519558076,3.28571428571429,0.206758934934052,-0.1406389411716,0.123183905304417,3.85714285714286,0.585693799488485,0.358872535093769,0.196176549623793,3.57142857142857,0.191478660042442,0.091164412768565,0.0367219679018587,2.85714285714286,0.00738808170137878,-0.218246430889469,0.0746048685605208,3.28571428571429,-0.201212456833823,-0.0492432008134637,-0.0513439952119637,2.42857142857143,-1.96771179082841,-1.30412156558768,-0.790046126633445,2.33333333333333,-0.136939387527115,-0.183071274139288,-0.0242965000426901,4,5.04757304625318,3.01879940308196,1.24495378186575,-0.278005570585159,-0.35279239350402,-0.0152484395655037,0.00822003463382764,-0.0162317759125896,0.00354373239450025
"320",320,"female","other","yr2","Health","math02","Visual",2.75,-1.09237870872938,-0.757845591119515,-0.288087755808637,3.4,2.88597745281062,1.91765424622866,0.679223271255275,2.66666666666667,-0.495552804834275,-0.203191831042935,-1.38415844928541,3.3,0.395606542700352,0.259027914145194,0.17451006482967,3.83333333333333,1.78804571090927,1.15337362519182,0.813242539340288,3.28571428571429,0.0511305100167717,-0.102088964987069,0.0576374133645601,3.14285714285714,-1.28381604309969,-0.50695401883014,-0.488221925299482,3.14285714285714,-0.703628879663236,-0.301846298324835,-0.217352036934461,3.14285714285714,0.640427453839972,0.183606554544757,0.358322334455266,3,-1.10162219665356,-0.57826662624513,-0.567136818047804,3,-0.706198342737822,-0.290998561654232,-0.268545732527976,1.66666666666667,-1.48430576836186,-1.24074264462042,-0.602692038594524,2.5,1.89285428992132,1.7672287586612,0.66949531321099,-0.842780336755425,-0.645394731256692,-0.287374049426707,0.644855972110187,0.638352595753319,0.273473556060775
"321",321,"male","white","yr1","Other","math03","Visual",3.5,0.194066358409693,0.0890383005097185,0.634224698736058,2.4,0.887121398516536,0.107940160638351,0.294751286321786,3,-0.905113290294001,-0.584160249973399,-1.15793808438679,2.9,-0.978606056517588,-0.635285528874107,-0.376395634033629,1.66666666666667,-2.50632608600737,-1.58321850049586,-1.14231913450243,3.14285714285714,-0.463882456057277,0.0578611857544159,-0.286878922321504,3.14285714285714,-1.14127997413076,-0.734046941051534,-0.329045299950515,2.85714285714286,-1.53568837654409,-0.978642948387439,-0.526131793095953,2.42857142857143,-1.0932702071052,-0.367469328630786,-0.415349211509423,2.28571428571429,-2.7058692175984,-1.75760906072391,-1.12680861956989,2.28571428571429,-2.28524036196769,-1.34266840099958,-0.85755938499347,1.66666666666667,-1.48430576836186,-1.24074264462042,-0.602692038594524,2,0.56814825597861,0.443678416353276,0.17970236257254,-1.66051854972656,-1.37359483865366,-0.573158561766101,-1.50995114707223,-1.16506767824673,-0.640703133429387
"322",322,"female","Black","yr2","STEM","math02","Kinesthetic",4,0.857170064712179,0.688142909679875,0.211291484322314,4.2,4.5497657669212,2.90870580560473,1.07538571098426,3,-1.84538721684996,-1.34820638854427,-2.5364284825375,1.4,-5.74069112481462,-3.06575505929287,-1.94023038457508,4,1.95669365131692,1.56393556786345,0.889010272547228,4.28571428571429,2.1682771273941,1.42909799170067,0.73372637465058,5,3.31170935523013,1.91813277875012,1.09562411681238,5,3.74208800854917,2.29084272651677,1.25970296808463,5,4.57314979566002,2.32881677317432,1.63321748061498,3.71428571428571,0.66819255298452,0.398973076723827,0.247847059011874,5,3.73293522636506,2.2231470984821,1.37616993798703,2,-0.856239784289036,-0.122379880030626,-0.408343014841113,1.75,0.153927103067969,0.831677255110572,0.176677957919308,2.32154361818973,1.82215095413815,0.746550968373097,2.9710440787519,2.10667147009642,1.26119414548184
"323",323,"female","white","yr1","Other","math01","Auditory",3,-0.683328540179304,-0.770683677721552,-0.307604708674449,2,0.0399740838210293,0.126830927217296,0.0341717148680235,3,-0.89530512840814,-0.293387943040931,0.781309558524047,3,-0.702557131271479,-0.326110850212567,-0.26038116509647,5,3.98282322843044,2.57936891273621,1.8194510001737,4.71428571428571,3.21069219950334,1.89484881555449,1.14700470565105,4.57142857142857,2.29116182659394,1.43576273981074,0.7616423273819,4.14285714285714,1.62134047490706,0.997503429385833,0.570598969336728,2.57142857142857,-0.53481444142093,-0.520116187402746,7.83350155711959e-05,4.14285714285714,1.77858691552859,1.03928013560722,0.723325969419991,3.28571428571429,-0.0593271283649485,-0.127223824391526,-0.208736669511934,3.66666666666667,2.50268258615914,1.74691820356188,1.05943641590568,2.25,1.00659627222931,-0.0417903674865835,0.0731312649115457,1.67744889199293,1.14095691714586,0.730860697005452,1.64730132472227,1.32449766720051,0.69877223778989
"324",324,"male","white","yr3","Business","stats","Kinesthetic",1,-4.07264058087151,-2.7525479409778,-2.22902684843296,1,-1.95766826697144,-1.12363438544422,-0.497556424846265,3.66666666666667,2.01724512123866,1.12854285258424,0.929968952191661,4.6,4.33557686227166,2.41353335886774,1.41946805438214,4.16666666666667,2.40654483812328,1.40943116907807,1.09721612276899,4,1.6947514934975,0.96061292761356,0.611062181013257,4.14285714285714,1.26627243238153,0.587791794910773,0.431004101764328,4,1.29931287398512,0.834672587345371,0.398724861599851,3.14285714285714,0.565454059609793,0.240858925652892,0.173693306333177,4,1.40753033165223,0.866580175310526,0.541693591367185,4.28571428571429,2.15002739321664,1.42451957156748,0.829893587093188,1.66666666666667,-1.47504352445428,-1.0238534010602,-0.599007414541915,1.75,-0.0403488247636039,-0.114841361020602,0.00316859424141591,1.58390341897342,1.26962277778368,0.548490299143873,1.18414201148678,0.935020537352218,0.502380816331952
"325",325,"male","white","yr2","Business","math03","Kinesthetic",3.25,-0.332593548734429,-0.224741515930415,-0.238183486949403,1.2,-1.53927470121341,-0.99819903007337,-0.382576528507014,3.33333333333333,-0.38420801108363,-0.491854837265455,-1.49247496424828,2.7,-1.50750866384302,-0.757654141782935,-0.522708562366869,2.33333333333333,-1.19763671981848,-0.834446405419903,-0.543313534664087,2.85714285714286,-0.658467814192773,-0.44533993747927,-0.139646468638941,3.28571428571429,-0.728589496979724,-0.503678968499379,-0.164094102683252,3.71428571428571,0.468787024469403,0.36784542534377,0.175724872586123,3.57142857142857,1.45448995089223,0.650794643256383,0.429966155477535,3.14285714285714,-0.712066122794909,-0.433354733273839,-0.297414040600636,3,-0.66689724257517,-0.617604715089349,-0.219142349305957,1.66666666666667,-1.53015431243752,-1.2092066643213,-0.672065575697209,2.25,1.07240433060082,1.05379182212167,0.310903331088557,-0.533726137632879,-0.42341351814924,-0.189945463652826,0.156144746590931,0.0272204401671648,0.066509042397639
"326",326,"female","white","yr3","Other","other","Visual",4.25,1.39777767032609,0.809626843874562,0.949988019900563,1.4,-1.12088113545537,-0.872763674702518,-0.267596632167764,3.66666666666667,1.0769711946827,0.364496714013365,-0.448521445959057,2.4,-2.39071788047343,-1.60430505805498,-0.721457757842475,3.16666666666667,0.372011447087265,0.360557207740728,0.160291167333878,3.57142857142857,0.631653147404559,0.404821660062504,0.204243919676223,4.42857142857143,1.91529746086784,1.19134630992864,0.63063267816063,4.42857142857143,2.29160048092555,1.40981685631681,0.741930826031004,3.57142857142857,1.58461577573858,0.731005178330958,0.661970391063009,2.57142857142857,-1.88147410295855,-1.26014022115915,-0.679783351218263,4.57142857142857,2.79111013803919,1.57710666372606,0.939194243920714,3.33333333333333,1.81070624565772,1.34229513025098,0.737394190104729,2.75,2.09165169791539,0.966208344783574,0.399068889911821,0.770301452776309,0.622361546519499,0.161358570606415,1.26937521517742,0.827926046123849,0.538939942166787
"327",327,"female","white","yr1","Other","math02","Kinesthetic",4,0.960825367639542,0.525994434576095,0.617273142541686,2.6,1.25094163937568,0.703845578370319,0.337320713377283,2.66666666666667,-1.42601856950437,-0.676465662681343,-0.823401204525293,2.7,-1.67501487738587,-1.12810668947158,-0.611013080854723,3.33333333333333,0.799661153947297,0.353925635133175,0.372799625305527,3,-0.47899117137576,-0.34413544445171,-0.12856711495624,3.28571428571429,-0.826081722294304,-0.48938141319394,-0.290066078126866,3.57142857142857,0.162730143213897,0.119998750519667,0.0106153754824994,1.85714285714286,-2.32692615449514,-1.24597089696945,-0.89332841356598,3.28571428571429,-0.219023988162578,-0.0986227808965341,-0.0770797304525215,4,1.48122698493315,0.992067850828828,0.571240697521473,3,1.16457844923197,0.906136076640967,0.484725501406459,1.75,-0.14806069722189,-0.321352148580766,-0.133556819734785,-0.00404298569488609,0.112981164986027,-0.0678482044552509,-0.486868235826113,-0.351750530658402,-0.20684864414277
"328",328,"female","white","yr2","STEM","math02","Visual",4.25,1.35508862237678,0.862338556820433,0.78938340798346,1.8,-0.352598657713744,-0.246317382032388,-0.0626575940384692,3,0.0351606362619581,0.179885888597477,0.220552313763931,2.8,-1.29763234676854,-0.953983990684029,-0.427596283875602,2.33333333333333,-1.15289862967197,-0.657009807451202,-0.529258868763104,2,-2.85344181919174,-1.7509795404928,-1.05937831991575,4.28571428571429,1.51304555521774,1.0238124831688,0.458989398400917,2.28571428571429,-2.89049535244682,-2.07195789787121,-1.00277756088685,2.57142857142857,-0.873513819468054,-0.250908861752099,-0.423839596578091,3.28571428571429,-0.0948831955132118,-0.15548977134714,0.0341820448000657,4,1.51938923566818,0.950110957716078,0.581026256999934,2,-0.874764272104193,-0.556158367151066,-0.41571226294633,1,-1.67156413915867,-0.843882077011064,-0.352923347074065,0.00806233077669705,0.0790696399495499,-0.141704367063396,-1.51655839152245,-0.992929062057231,-0.64376971188505
"329",329,"female","white","yr2","STEM","stats","Visual",2.75,-1.18906016242185,-0.691845057138459,-0.760925239081616,1.4,-1.10401813012744,-0.75291334887328,-0.278877052484074,2.33333333333333,-1.01645808404465,-0.295497243750879,-1.04962156942391,2.4,-2.48344661375935,-1.54728687854538,-0.895486319592878,5,3.98282322843044,2.57936891273621,1.8194510001737,5,3.92613352833232,2.35294126627441,1.45210273364758,4.57142857142857,2.31936835489258,1.35827507520409,0.775941679145685,5,3.74208800854917,2.29084272651677,1.25970296808463,4.28571428571429,3.2697953739998,1.47721076152537,1.34265071485239,5,3.63130769413571,2.34893386780816,1.3870550416303,4.14285714285714,1.83691780680746,0.988657793127978,0.648539515359959,3,1.16457844923197,0.906136076640967,0.484725501406459,3,2.80786065111589,1.73123890971762,0.712328072219146,2.82773048368657,2.14605971157366,1.10785361471461,3.32920833058202,2.47618492256526,1.41291783511584
"330",330,"female","white","yr1","STEM","math02","Kinesthetic",2.75,-1.22477536113627,-0.735281285315311,-0.988385676052324,1.8,-0.321103141368219,0.0173283254232505,-0.12073334357623,2.66666666666667,0.454529283607546,0.851626614460409,1.93357959177614,4.5,3.75439796812902,2.23050853826823,1.19358246372556,3,0.184618219068932,0.00534455550727333,0.101988542608947,2.71428571428571,-1.04021718173272,-0.86752720183093,-0.302995506433844,3.42857142857143,-0.498226077738698,-0.104083113703652,-0.2142162136241,2.85714285714286,-1.40248790679865,-0.933053938796167,-0.435105254482925,1.71428571428571,-2.68538310826175,-1.50125451731622,-1.05681769380145,3.42857142857143,0.21875285372455,0.0896707603672827,0.0999018776209988,3.14285714285714,-0.370575498529952,-0.481304313973433,-0.216442285741416,1.33333333333333,-2.13043356478762,-1.67690169823044,-0.855360727292794,1,-1.67156413915867,-0.843882077011064,-0.352923347074065,-0.434829291545867,-0.324069259767637,-0.150305647317378,-1.16516273091026,-0.799483104644567,-0.49476783158101
"331",331,"female","white","yr3","Other","other","Kinesthetic",3.25,-0.357844604998059,-0.071868525595654,-0.256100096280965,1.8,-0.454829322144049,-0.110442451762437,-0.0651175079550547,3.33333333333333,1.49633984202829,1.0362374398763,1.26450583205315,3,-0.702557131271479,-0.326110850212567,-0.26038116509647,4.83333333333333,3.65739372755912,2.37339626650933,1.66934150941113,4,1.63445260902962,1.02399349125302,0.586406600707224,4,0.903854910787779,0.491669130721172,0.306628815783969,4,1.27441061578645,0.807672006371172,0.42510187829924,3,0.196426032244247,0.106386402066042,0.0620288519513763,4.14285714285714,1.64524100006603,1.139896198283,0.597392119236536,4,1.51938923566818,0.950110957716078,0.581026256999934,2,-0.828915728028531,-0.587694347450185,-0.346338725843645,2,0.56814825597861,0.443678416353276,0.17970236257254,1.35585462127112,1.07682504096824,0.493789913694704,1.48168849548567,1.21650443687365,0.628502061785697
"332",332,"male","white","yr1","Business","math02","Kinesthetic",5,2.60497927545839,1.82267254687374,1.54215099375782,3,2.18170279856876,1.23530553974385,0.540903797736399,2,-0.606897598584919,0.0854711751795855,-1.27584193432254,2,-3.66915907913597,-2.21519365480449,-1.18595661618048,2.5,-0.894686639367637,-0.407140694601218,-0.414510506085976,2.85714285714286,-0.89690799298182,-0.542595559188807,-0.336384479311926,2.85714285714286,-1.89389393385637,-1.0205371405957,-0.651297333110886,3,-1.10112820256042,-0.733561364448631,-0.38890283169982,2.85714285714286,-0.175863616634155,-0.0654020417292592,-0.121995597583903,2.57142857142857,-2.02854234166948,-1.08582555697472,-0.847005027361489,3,-0.655994504293684,-0.364882076162695,-0.204331864508696,1,-2.82240990528903,-2.08152477154134,-1.17740295309375,1.75,0.0185175009313467,0.464531996678296,0.0581554320962412,-1.36735999425931,-1.01104327129827,-0.521687229271002,-0.685056586506501,-0.48142408441653,-0.290732626493133
"333",333,"female","white","yr1","Other","math01","Kinesthetic",3.5,0.104358753952123,0.0588908933680515,0.0945313904094736,2.6,1.35387348594802,0.61687154929408,0.340375012806966,3.33333333333333,-0.374399849197768,-0.201082530332987,0.446772678662553,2.7,-1.57304355071013,-0.836286245396922,-0.468388416436041,3,0.0633895740609265,0.221465794443006,0.0231501321885802,3,-0.657228310273073,-0.304954283768369,-0.279289532233136,3,-1.50399953365457,-0.934794517307775,-0.482366485244439,3,-1.19326677697627,-0.675498713774425,-0.409499211486148,3,0.202035391662773,0.0434983868996333,0.101393713864169,2.85714285714286,-1.33359644619577,-0.768050043526071,-0.545954519215741,3,-0.682064118353519,-0.203333479631065,-0.112329640581119,1.33333333333333,-2.17628210886328,-1.64536571793132,-0.924734264395479,1,-1.67156413915867,-0.843882077011064,-0.352923347074065,-0.958313589099344,-0.698311300527727,-0.36970045110254,-0.235367042828748,-0.0809239344960097,-0.0999690081230884
"334",334,"female","other","yr2","Business","math02","Kinesthetic",4,0.820615650654713,0.80159300810395,0.0417466155519794,1.4,-1.14670195967863,-0.625050720823686,-0.285747219600522,4.33333333333333,0.257850223763248,-0.397440123847564,0.00391928383818685,2.8,-1.23149670212918,-1.11127390369904,-0.402371757232538,3.16666666666667,0.394994287801953,0.34514842057604,0.168055650541073,3.85714285714286,1.55232679123449,0.657130611452009,0.686494140568769,5,3.31170935523013,1.91813277875012,1.09562411681238,4.57142857142857,2.81599626925011,1.68072415979515,0.999686812526613,2.71428571428571,-0.43250778101611,-0.0685198403256191,-0.225105530512772,4.28571428571429,2.18909724268362,1.34072297916771,0.885426144180912,3.28571428571429,-0.0519663975728674,-0.0980958712724521,-0.0338228223209215,2,-0.828915728028531,-0.587694347450185,-0.346338725843645,2,0.42926778750371,-0.181571258033675,-0.0302127774116195,1.82550899075836,1.26392459466281,0.733069801049004,0.752738988945696,0.356937669040262,0.319605147240574
"335",335,"female","white","yr1","Other","math01","Auditory",2.75,-1.10981670041507,-0.858006868508405,-0.430775758394179,1,-1.95766826697144,-1.12363438544422,-0.497556424846265,4.66666666666667,0.788563664859481,-0.0143624042071519,1.60863004688753,3.8,1.81650986550009,1.04371125432759,0.579543444642833,4,2.03910926845244,1.34767683886803,0.931198187346884,5,3.92613352833232,2.35294126627441,1.45210273364758,5,3.31170935523013,1.91813277875012,1.09562411681238,5,3.74208800854917,2.29084272651677,1.25970296808463,4.85714285714286,4.28141539693647,2.164339808456,1.55463825400013,5,3.63130769413571,2.34893386780816,1.3870550416303,5,3.73293522636506,2.2231470984821,1.37616993798703,2.66666666666667,0.509188408898638,0.253087779470729,0.22837218865558,3,2.80786065111589,1.73123890971762,0.712328072219146,3.51312587973905,2.73643153309284,1.27620653520245,2.93310852594452,2.08075208634351,1.24507207577687
"336",336,"female","white","yr1","Business","math02","Visual",3.75,0.505595857924257,0.299087074489666,0.199785830797642,1,-1.95766826697144,-1.12363438544422,-0.497556424846265,3.33333333333333,0.55606591547233,0.272191301305421,-0.113984566097563,2.2,-2.89288761233405,-1.88305568413505,-0.853564444549929,2.16666666666667,-1.51653686770498,-0.861340293729961,-0.702176842071781,3,-0.657228310273073,-0.304954283768369,-0.279289532233136,3,-1.50399953365457,-0.934794517307775,-0.482366485244439,3,-1.19326677697627,-0.675498713774425,-0.409499211486148,3,0.196426032244247,0.106386402066042,0.0620288519513763,3,-0.988426542380879,-0.547208533237225,-0.413211125194478,3,-0.694156755028705,-0.322925183049944,-0.214117423987157,2,-0.828915728028531,-0.587694347450185,-0.346338725843645,2,0.56814825597861,0.443678416353276,0.17970236257254,-0.938147721068434,-0.693517724527344,-0.346764245030412,-0.734804242602951,-0.542453127562371,-0.311749428119847
"337",337,"female","white","yr3","Business","other","Auditory",4.5,1.71279746305655,1.31213277748885,0.7919488046549,3.2,2.49289218991628,1.0341580652439,0.730244502642679,3,-1.8355790549641,-1.05743408161181,-0.597180839626671,2.3,-2.79867265969732,-1.70501825962014,-0.977949364840909,4.66666666666667,3.37760355788052,2.06136615753129,1.54652804192269,4.85714285714286,3.56844710634327,2.11296355657558,1.28934946296552,5,3.31170935523013,1.91813277875012,1.09562411681238,4.57142857142857,2.74875995303293,1.76578739144356,0.952713416040896,4.28571428571429,3.29865610717861,1.57897101103512,1.26674926406077,4.85714285714286,3.39003907742439,2.14318944562744,1.33481901599887,5,3.73293522636506,2.2231470984821,1.37616993798703,3.33333333333333,1.81070624565772,1.34229513025098,0.737394190104729,1.75,-0.14806069722189,-0.321352148580766,-0.133556819734785,3.37056270456947,2.63247253759806,1.21037855598973,2.83682461367431,2.13983741028122,1.20394257857969
"338",338,"male","white","yr1","STEM","math04","Visual",1.75,-2.89418032521874,-1.8790864072782,-1.93118013660002,1,-1.95766826697144,-1.12363438544422,-0.497556424846265,4,2.54795856233489,1.51162057222465,2.534679715241,4.4,3.50491412381853,2.13921312374749,1.16891116468647,2.83333333333333,-0.154263587728314,-0.155888231969103,-0.0753108950906464,3.71428571428571,1.43314903288535,0.49254555478499,0.7000703671921,4.14285714285714,1.25145509715185,0.784587951351006,0.41810687108507,4.71428571428571,3.08148506668928,1.76903273113799,1.02367988785669,2.14285714285714,-1.44696557584864,-0.86507363209309,-0.291115720847053,4.14285714285714,2.00733802988188,1.00024405995707,0.92090146272975,2.42857142857143,-1.95539559688861,-1.51323145456024,-0.983726567004221,1.33333333333333,-2.13043356478762,-1.67690169823044,-0.855360727292794,1,-1.67156413915867,-0.843882077011064,-0.352923347074065,0.764687427635333,0.396179982717026,0.459728715304371,0.561268047864892,0.177230572670079,0.238403091468566
"339",339,"female","Asian","yr1","Business","math03","Kinesthetic",3.5,0.00767730025965657,0.124891427349108,-0.378306092863504,1.2,-1.53857351907136,-0.949298128879659,-0.381982142993917,4.33333333333333,1.20793231220507,0.65737832165578,3.32165732489974,3.6,1.14975500563377,0.767097361017501,0.40406494975002,2.66666666666667,-0.570234579183499,-0.252503004079123,-0.248483458527162,2.85714285714286,-0.711815666373989,-0.59725584399327,-0.192910401572526,3.28571428571429,-0.75056724856044,-0.366538181113703,-0.301451547940418,2.14285714285714,-3.23592569605356,-1.86736668372403,-1.10026906659223,2.42857142857143,-1.0478776353191,-0.370288411268813,-0.544905503910264,2.14285714285714,-2.86398587964082,-1.83337256954992,-1.12395212922111,2.57142857142857,-1.63230211346361,-1.13479538165278,-0.670236678678866,2,-0.828915728028531,-0.587694347450185,-0.346338725843645,2,0.42926778750371,-0.181571258033675,-0.0302127774116195,-1.46011882593145,-1.20077420088636,-0.513132877093937,-1.51674583219353,-0.942209822060933,-0.643960160385562
"340",340,"female","white","yr2","Business","math03","Auditory",4.75,2.1497497657431,1.59576518678731,1.12466368201378,2.8,1.74714740962484,1.03892075973747,0.437798707226556,3.33333333333333,1.49633984202829,1.0362374398763,1.26450583205315,3,-0.702557131271479,-0.326110850212567,-0.26038116509647,1,-3.79203261148157,-2.34739938273651,-1.73356025113357,1.85714285714286,-3.0943346472424,-1.56670951297367,-1.07497920075667,1.14285714285714,-5.98347744911813,-3.5526230304385,-1.94427308562237,1.14285714285714,-5.76595269782779,-3.37139802484474,-1.96557635613201,2,-2.24725072610633,-0.836535882789852,-0.991240083825113,1.71428571428571,-3.92409132388507,-2.41880532488325,-1.6140268151097,3.14285714285714,-0.383760128056523,-0.0713265077790835,0.0213287178684882,2.33333333333333,-0.136939387527115,-0.183071274139288,-0.0242965000426901,2.25,0.902355266109302,0.00980326090792849,0.0277984650964382,-3.18490637537007,-2.21436448214925,-1.2674396625374,-3.55780913540102,-2.47201080332503,-1.51005854027755
"341",341,"female","white","yr2","Business","math04","Visual",3,-0.618871991985364,-0.587663280245124,0.214171990320574,2,0.128785940735345,0.406409388249741,-0.0638291967747397,2.66666666666667,-0.495552804834275,-0.203191831042935,-1.38415844928541,4,2.21457891444923,1.44769481588828,0.631774592114571,2.33333333333333,-1.09346585325114,-0.857859749281931,-0.494835437170643,3.57142857142857,1.04597224971336,0.348450399258201,0.54587447079207,4,1.07060296097185,0.261440187761652,0.409942059368934,4.28571428571429,2.0547876331032,1.0286558983487,0.751227395223759,1.57142857142857,-2.7955082375904,-1.65925001341892,-0.909790894849646,3.71428571428571,1.02021445220543,0.325158016239744,0.585352323840024,3,-0.702923670835334,-0.671049800695847,-0.303388202192265,1.66666666666667,-1.52089206852995,-0.992317420761083,-0.6683809516446,1.5,-0.621148175827482,-0.512726667522369,-0.191568062242842,0.86069282416843,0.563156238710558,0.400142026173143,-0.446498284158644,-0.587529425674749,-0.189333945291614
"342",342,"male","white","yr1","Other","math01","Auditory",5,2.60497927545839,1.82267254687374,1.54215099375782,3.2,2.48240505885266,1.47456730194284,0.665892971501569,4.66666666666667,0.788563664859481,-0.0143624042071519,1.60863004688753,3,-0.78363084583626,-0.0379910452390394,-0.28147090663193,3.5,0.991186843857322,1.03974438162226,0.446862093544645,2.85714285714286,-0.953799846157234,-0.565000261948345,-0.354935722564143,2.85714285714286,-1.78553552528033,-1.14373308588043,-0.591219549595591,3.28571428571429,-0.56484326889879,-0.66682770130141,-0.195470252669668,3.42857142857143,1.18885095747879,0.327424578804016,0.680995048519822,3.14285714285714,-0.619088898121213,-0.250431087606397,-0.23079106909653,3.42857142857143,0.286569838871326,0.0496731794125359,0.137946576809809,2.33333333333333,-0.136939387527115,-0.183071274139288,-0.0242965000426901,2.5,1.62203508564808,1.03293824179665,0.432450261564856,-0.744608387394945,-0.475446632596909,-0.309618901323724,0.694417255177836,0.637482795339533,0.294653013348659
"343",343,"female","white","yr5+","Health","stats","Kinesthetic",4.25,1.25756795334126,1.08522541740242,0.374461492910856,1.8,-0.293051822834629,-0.254329684252744,-0.0670678472383313,2.66666666666667,-2.36629249606033,-1.44051180125222,-2.20189160267601,4.3,3.25888966996081,1.89257252675934,1.11027828332656,1.5,-2.74916289968561,-1.87476548671282,-1.25201563258286,3.42857142857143,0.455515051029135,0.239694869313679,0.219677416414928,3.57142857142857,-0.156671310592784,-0.256188675464281,-0.0182902333715769,4,1.27441061578645,0.807672006371172,0.42510187829924,3.14285714285714,0.506588718948016,0.623943613487168,0.0447441157238538,3.28571428571429,-0.425446727699096,-0.193824709417311,-0.272102017951128,3.28571428571429,-0.059652783561697,-0.101558881629275,-0.00798739546555929,2,-0.828915728028531,-0.587694347450185,-0.346338725843645,3.25,3.38518913584149,1.87101980026471,0.815672114542311,-0.0355879669248108,-0.0429623171270499,-0.00573650190568561,-0.412855571434953,-0.550201291027554,-0.174794080365022
"344",344,"female","white","yr2","Business","math03","Kinesthetic",4.5,1.79204092506333,1.1459709661189,1.12209828534234,2.6,1.25164282151772,0.75274647956403,0.337915098890381,3.33333333333333,-0.374399849197768,-0.201082530332987,0.446772678662553,2.5,-2.10600600056367,-1.26382008095053,-0.620512150869346,1,-3.79203261148157,-2.34739938273651,-1.73356025113357,1.71428571428571,-3.48273374794025,-2.0390065592374,-1.29230543911685,2.28571428571429,-3.23492445924203,-1.93981622699214,-1.08637975742632,2.42857142857143,-2.6066112351119,-1.66105605385777,-0.902141751728343,1.71428571428571,-2.58923734202253,-1.25028753637327,-0.901259084909934,1.85714285714286,-3.52948714675555,-2.26686123378248,-1.37957615557324,2.14285714285714,-2.60466684954548,-1.37349060166418,-0.948728810309616,3,1.16457844923197,0.906136076640967,0.484725501406459,2.5,1.72974695810637,1.23944902935681,0.569175675541057,-3.12748663735311,-2.38913614392347,-1.16788309586412,-2.60389924587962,-1.98782052275744,-1.10497487505027
"345",345,"male","white","yr2","STEM","math02","Auditory",5,2.60497927545839,1.82267254687374,1.54215099375782,3.2,2.62884886500243,1.13798378663242,0.710143575926645,3.33333333333333,-1.32448193763959,-1.25590097583633,-2.870965362399,4.8,4.55770231442493,2.84726931753331,1.37311170464917,4.66666666666667,3.35699859839771,2.13706108067085,1.54045962419199,3.71428571428571,1.28329371704455,0.47164595284814,0.597139541036826,4.57142857142857,2.33743821701443,1.46057726250386,0.781573414664394,4.14285714285714,1.66967425591879,0.993444879115648,0.616817114762263,2.14285714285714,-1.66528006961002,-1.35934309865188,-0.672308836651937,4.85714285714286,3.27179531988084,2.10509915449006,1.21616544105624,4.71428571428571,3.08367670775193,1.8494443152885,1.16970367104702,1.33333333333333,-2.13043356478762,-1.67690169823044,-0.855360727292794,1.25,-1.19847666055308,-0.652507558069461,-0.294912104566007,2.46451982575323,1.97056183045768,0.852152336510838,0.949009442196588,0.736638748252233,0.402401565300688
"346",346,"male","white","yr1","Business","math02","Auditory",2.75,-1.18906016242185,-0.691845057138459,-0.760925239081616,1,-1.95766826697144,-1.12363438544422,-0.497556424846265,3.66666666666667,2.02705328312452,1.41931515951671,2.8692165951025,4,2.21457891444923,1.44769481588828,0.631774592114571,3.83333333333333,1.74268854098642,1.09944988596616,0.79364134212365,4,1.63445260902962,1.02399349125302,0.586406600707224,4.42857142857143,1.91628575337322,1.2153174756979,0.637951056431681,4.57142857142857,2.68414052940532,1.68343772618996,0.904397476168513,4,2.54797741601309,1.08865345839922,0.972317718650199,4.28571428571429,2.12237698467285,1.32512939820058,0.890076914160198,4.71428571428571,3.08604966322044,1.8183481127999,1.11900911155814,1.66666666666667,-1.52089206852995,-0.992317420761083,-0.6683809516446,2,0.672389262098617,0.392084787958764,0.225035162387648,2.11571740489294,1.70429014575679,0.719821302197148,2.06842070805944,1.4759954111594,0.877972332340437
"347",347,"female","white","yr2","Other","other","Auditory",2.75,-1.22477536113627,-0.735281285315311,-0.988385676052324,1.2,-1.53857351907136,-0.949298128879659,-0.381982142993917,3.66666666666667,1.08677935656856,0.655269020945832,1.49072619695178,2,-3.61969317699218,-2.09991651631341,-1.15253692230751,4.66666666666667,3.3395718907764,2.19369270648474,1.52194463725906,4.71428571428571,3.28102048869631,1.97374714478272,1.23269332329864,4.85714285714286,2.94727185351034,1.76052166042959,0.965240763369707,4.71428571428571,3.04907920869535,2.01536889968932,1.03513225121142,3.14285714285714,0.612676896395623,0.413961917025344,0.333247452238907,4.85714285714286,3.39003907742439,2.14318944562744,1.33481901599887,5,3.73293522636506,2.2231470984821,1.37616993798703,4,3.15807262649247,2.39996650073212,1.31578972865656,4,5.04757304625318,3.01879940308196,1.24495378186575,3.23336358579255,2.54461184835319,1.158552206079,2.11592347445789,1.54896771601532,0.897881213718146
"348",348,"male","white","yr1","Business","math02","Visual",2.25,-1.88703985209571,-1.4912722210864,-0.623368029838954,1.4,-1.10401813012744,-0.75291334887328,-0.278877052484074,3,0.0449687981478194,0.470658195529945,2.15979995667477,3.6,1.24647098151403,0.507611752325501,0.451725905785235,3.5,1.12826468588439,0.627355947597216,0.528376790742724,3.57142857142857,0.561256373360719,0.347786299512014,0.138963815396223,3.85714285714286,0.538429116562616,0.310086846631393,0.168927084070249,3.85714285714286,0.875639130200344,0.591672413135457,0.250630829175475,2.85714285714286,-0.152887001889235,-0.260889215075558,-0.015287052961208,4.14285714285714,1.61005423968522,0.946315540919775,0.619268169957841,4.42857142857143,2.43652692879817,1.65275894104582,0.932889370920938,3.66666666666667,2.50268258615914,1.74691820356188,1.05943641590568,3,2.94674111959079,2.35648858410457,0.922243212203305,1.17622533707978,1.02318187504052,0.362232186206263,0.539031632604239,0.410653107132643,0.228682606537186
"349",349,"male","white","yr1","Business","math02","Visual",3,-0.892317576720125,-0.132614074312137,-1.00373688871245,1,-1.95766826697144,-1.12363438544422,-0.497556424846265,3.66666666666667,2.95751904779462,1.89258899115512,2.30845935034238,4.6,4.09379974914934,2.43891471609107,1.29394674593603,4.5,3.07295608654958,1.91038297717018,1.4007120467733,5,3.92613352833232,2.35294126627441,1.45210273364758,5,3.31170935523013,1.91813277875012,1.09562411681238,5,3.74208800854917,2.29084272651677,1.25970296808463,4,2.59967193298914,0.994204687966459,1.15366439236224,5,3.63130769413571,2.34893386780816,1.3870550416303,5,3.73293522636506,2.2231470984821,1.37616993798703,2.33333333333333,-0.146201631434694,-0.399960517699508,-0.0279811240952987,1,-1.67156413915867,-0.843882077011064,-0.352923347074065,3.51312587973905,2.73643153309284,1.27620653520245,2.90316194025562,2.10126069036178,1.23218400962169
"350",350,"female","white","yr2","Other","math02","Auditory",3.75,0.444629602946209,0.408523836647575,-0.0455912155046277,2,0.0238122606351482,0.0558815025817691,0.0460465206974309,3.33333333333333,-0.38420801108363,-0.491854837265455,-1.49247496424828,1.8,-4.12352621116586,-2.77721750825176,-1.21565904075871,2.33333333333333,-1.13644514194211,-0.851497352532711,-0.512740568910787,2.42857142857143,-1.70419407301833,-1.02512284096643,-0.580389149783285,4,0.935112974227189,0.65118629423921,0.281320326150235,3.71428571428571,0.527668822503926,0.451929924019018,0.141350150525408,2.14285714285714,-1.63838714869785,-0.497748171737012,-0.524678375899664,2.85714285714286,-1.11416077495839,-0.902948598176794,-0.365249035883013,2.57142857142857,-1.66623019248595,-1.04215340217103,-0.557068342142467,2.66666666666667,0.509188408898638,0.253087779470729,0.22837218865558,1,-1.67156413915867,-0.843882077011064,-0.352923347074065,-0.742407447514639,-0.665349173430144,-0.273543596038998,-0.643348934815311,-0.591030093909251,-0.272949635942247
"351",351,"male","white","yr1","STEM","math02","Kinesthetic",3,-0.744294795157352,-0.661246915563643,-0.552981754976719,1.2,-1.567326019747,-0.726541020397375,-0.436242024844913,4,0.677218871108836,0.274300602015368,1.7169465618504,2.8,-1.30936308796017,-0.587873916256618,-0.489785416254186,4,2.03910926845244,1.34767683886803,0.931198187346884,4.85714285714286,3.59584859833575,2.23125081350716,1.31645808049977,4.57142857142857,2.23444686467251,1.3481140713253,0.748403322591857,4.71428571428571,2.99069122217408,1.87539795779828,0.998820710325295,4.85714285714286,4.20086014678162,2.15702832937902,1.4491930310797,4.57142857142857,2.82497003652446,1.6984114924492,1.17211282934881,4.85714285714286,3.41908638511673,2.01877049922341,1.2895131190016,2.66666666666667,0.509188408898638,0.253087779470729,0.22837218865558,1.5,-0.725389181947489,-0.461133039127857,-0.23690086205795,2.97228438445679,2.3494419396902,1.07629453768289,2.63003749757773,1.90757395483183,1.11637672600468
"352",352,"female","white","yr1","STEM","math02","Kinesthetic",3.75,0.401101339653846,0.618121876194374,-0.148280259221356,2.6,1.29209615675858,0.648828907311598,0.309270357101687,3.33333333333333,-0.38420801108363,-0.491854837265455,-1.49247496424828,2,-3.63358273888584,-2.25136044895187,-1.16161782745038,3.16666666666667,0.473612573299643,0.271465847649343,0.217143603227301,2.71428571428571,-1.04557611251389,-0.611298061683792,-0.314250878406563,3.28571428571429,-0.827799664490275,-0.446244955258224,-0.267128246275612,3.57142857142857,0.221349843848281,0.0943431534208421,0.0860635831144529,2.57142857142857,-0.750403769422957,-0.355841210149986,-0.301973317245041,3.28571428571429,-0.189579359803593,-0.214335931680444,-0.0316532486588984,3.71428571428571,0.869577546243487,0.720680805119348,0.445663501861483,1.66666666666667,-1.47504352445428,-1.0238534010602,-0.599007414541915,1.25,-1.19847666055308,-0.652507558069461,-0.294912104566007,-0.160782505258437,-0.0184606148065752,-0.124184145046472,-0.0348330334225713,-0.0292603875056122,-0.0148628638046257
"353",353,"female","white","yr2","STEM","math03","Visual",5,2.60497927545839,1.82267254687374,1.54215099375782,2.2,0.485590838086421,0.102355131096738,0.168490969666226,4.33333333333333,0.257850223763248,-0.397440123847564,0.00391928383818685,1.8,-4.01245148885398,-2.66053875176393,-1.04662114238812,1,-3.79203261148157,-2.34739938273651,-1.73356025113357,1.57142857142857,-3.80970749122051,-2.04666493237132,-1.40048574212079,1.71428571428571,-4.5750100872376,-2.84867027021174,-1.50551511439092,1,-6.12862156250171,-3.64184015406562,-2.07870139105692,1.28571428571429,-3.55683464892934,-1.74774081105101,-1.3331775940653,1.28571428571429,-4.92911532029902,-3.04931297083808,-1.9842596583143,1.42857142857143,-4.18125778152529,-2.57715770635371,-1.58518980762054,1.66666666666667,-1.52089206852995,-0.992317420761083,-0.6683809516446,1.5,-0.621148175827482,-0.512726667522369,-0.191568062242842,-4.28023242680005,-3.32534407859998,-1.54492926817983,-3.93458641351629,-2.74037312068208,-1.67003693014872
"354",354,"male","white","yr3","Business","math03","Kinesthetic",3,-0.733830652706563,-0.464937697052029,-0.343437927337572,3,2.11992546937932,1.26726289776137,0.50979914203112,3,0.0351606362619581,0.179885888597477,0.220552313763931,3,-0.702557131271479,-0.326110850212567,-0.26038116509647,3,0.0953953084744368,0.11598476499985,0.0429453745200661,3,-0.657228310273073,-0.304954283768369,-0.279289532233136,3,-1.50399953365457,-0.934794517307775,-0.482366485244439,3,-1.19326677697627,-0.675498713774425,-0.409499211486148,3,0.196426032244247,0.106386402066042,0.0620288519513763,3,-0.988426542380879,-0.547208533237225,-0.413211125194478,3,-0.694156755028705,-0.322925183049944,-0.214117423987157,2,-0.828915728028531,-0.587694347450185,-0.346338725843645,2,0.56814825597861,0.443678416353276,0.17970236257254,-0.938147721068434,-0.693517724527344,-0.346764245030412,-0.255233020154602,-0.0947131141922041,-0.108410916539852
"355",355,"female","white","yr1","Business","math03","Visual",4,0.899859112661494,0.635431196734004,0.371896096239416,2.6,1.25164282151772,0.75274647956403,0.337915098890381,3.33333333333333,0.55606591547233,0.272191301305421,-0.113984566097563,3.6,0.986770382632375,0.767051769180615,0.219034388656373,2,-1.79553088754968,-1.16619887244571,-0.821218700362087,3.71428571428571,0.946481257043993,0.662325328786945,0.28800867687735,3.85714285714286,0.501501958959016,0.281603907510009,0.138381982947661,3.42857142857143,-0.110185325520636,-0.206719671463277,-0.0414340695235958,2.42857142857143,-1.0682997578298,-0.643162579974353,-0.37884110397731,2.57142857142857,-1.76531957163314,-1.3134440593801,-0.582726855682343,3.14285714285714,-0.406350445024723,-0.229419374929791,-0.0795706412959192,1.66666666666667,-1.48430576836186,-1.24074264462042,-0.602692038594524,1,-1.67156413915867,-0.843882077011064,-0.352923347074065,-0.106379117374625,-0.136370624585929,-0.0335513559157306,-0.872239015154025,-0.754371986785184,-0.370029935681687
"356",356,"female","white","yr5+","Business","math03","Kinesthetic",4.5,1.85300718004138,1.03653420396099,1.36747533164461,1.8,-0.395282487264934,-0.118454753982794,-0.0695277611549169,3,-0.905113290294001,-0.584160249973399,-1.15793808438679,3.3,0.132352947917047,0.220231339119165,-0.0767127024869954,2.33333333333333,-1.11850022496105,-0.827497209670334,-0.516063042714074,3.14285714285714,-0.266808825235634,-0.0249640799305087,-0.0772207723216422,3.14285714285714,-1.1045661787793,-0.461315153641914,-0.438526983875537,3.28571428571429,-0.424007903971543,-0.290969692535934,-0.111645290279212,2.28571428571429,-1.39789597841761,-0.796685950811374,-0.618231835004397,3,-1.02413849244714,-0.552009715557795,-0.473630564749911,3,-0.702858616815354,-0.672187631158261,-0.284291782519843,1,-2.82240990528903,-2.08152477154134,-1.17740295309375,1.25,-1.19847666055308,-0.652507558069461,-0.294912104566007,-0.84817756531327,-0.649358824832285,-0.294937498645634,-0.932186455508929,-0.755290247600284,-0.395599993999717
"357",357,"female","white","yr1","Business","math02","Kinesthetic",1.5,-3.25970223047646,-2.07584636022296,-1.80897414001748,1.2,-1.53927470121341,-0.99819903007337,-0.382576528507014,3.33333333333333,2.43661376858425,1.80028357844717,2.64299623020387,3.2,0.141992672025276,-0.0805428454298002,0.205793336712994,3.5,1.10103372379589,0.641595776676436,0.485763953728423,5,3.92613352833232,2.35294126627441,1.45210273364758,5,3.31170935523013,1.91813277875012,1.09562411681238,5,3.74208800854917,2.29084272651677,1.25970296808463,4.71428571428571,3.98968099821293,1.99986284373768,1.47605902738528,5,3.63130769413571,2.34893386780816,1.3870550416303,5,3.73293522636506,2.2231470984821,1.37616993798703,4,3.15807262649247,2.39996650073212,1.31578972865656,2.25,1.17317447038255,0.744093777772479,0.264843516742572,3.51312587973905,2.73643153309284,1.27620653520245,2.58133244523102,1.76182312323468,1.09588141723516
"358",358,"female","other","yr3","STEM","math02","Auditory",5,2.60497927545839,1.82267254687374,1.54215099375782,3.2,2.52285839409352,1.37064972969041,0.637248229712876,2.66666666666667,-2.36629249606033,-1.44051180125222,-2.20189160267601,2.3,-2.81638883069628,-1.48315573704833,-0.973007681383896,2,-1.80267932031084,-1.22176477161949,-0.81801141503262,2,-2.77401063712005,-1.60916092175183,-1.02077609831801,3.42857142857143,-0.50107675373399,-0.140995340580929,-0.186571624040701,2.85714285714286,-1.45201692199941,-1.22502651580352,-0.497375370598218,2.85714285714286,-0.000215112247626853,-0.075152337725792,0.10544044373831,2.42857142857143,-2.49133585583632,-1.24806555386305,-1.10154361573236,1.71428571428571,-3.54199355034952,-2.17695956149074,-1.28309713466387,2,-0.828915728028531,-0.587694347450185,-0.346338725843645,1.75,-0.252301703341897,-0.269758520186254,-0.178889619549892,-2.29311057068722,-1.90333589231912,-0.814685192341126,-0.846065295065992,-0.618892476444299,-0.358951672288169
"359",359,"female","white","yr5+","Health","stats","Kinesthetic",2.5,-1.60076140884477,-1.12835045677169,-1.07572350710893,1.4,-1.16356496500656,-0.744901046652924,-0.274466799284212,3.33333333333333,0.565874077358191,0.562963608237888,1.82526307681327,3.2,-0.022799578574847,-0.263242933049308,-0.0854833667073399,1.83333333333333,-2.09115546518181,-1.40725429508529,-0.955003936387189,3.42857142857143,0.621268725247652,0.143606439964494,0.324896932606288,2.71428571428571,-2.20432270835608,-1.07133429826433,-0.752822228183308,3,-1.10578319565298,-0.793264050814965,-0.366033361685321,2.57142857142857,-0.502553458328915,-0.2505311172514,-0.0752504585269946,2,-3.15503323081591,-1.98324298699802,-1.11713365336689,2.14285714285714,-2.5830422304192,-1.77046632826303,-1.10968073010985,2,-0.838177971936109,-0.804583591010405,-0.350023349896254,1,-1.67156413915867,-0.843882077011064,-0.352923347074065,-1.71489473528316,-1.42687203944235,-0.514064358965059,-0.975294891148422,-0.766554262510035,-0.413759100413375
"360",360,"male","white","yr3","STEM","math03","Kinesthetic",4.75,2.22899322774988,1.42960337541737,1.45481316270121,2,0.109179919737529,-0.19984375351742,0.0597868549303262,4,1.60768463577893,0.747574433653776,1.15618931709028,4.8,4.54133470024226,2.95817541614284,1.37959758728074,2.16666666666667,-1.46425252404531,-1.11775613473447,-0.664546125149852,3.42857142857143,0.492999766964367,0.242534396206229,0.220382611486698,3.85714285714286,0.622275656652665,0.131185353924007,0.250710038563697,3.42857142857143,-0.083856119019824,-0.0493145022013934,-0.0126224487874003,2.57142857142857,-0.841784113609027,-0.859327029093455,-0.342390152500886,3.14285714285714,-0.567315894945455,-0.50038224256123,-0.182811381491754,2.14285714285714,-2.59460750808815,-1.40112379379596,-1.02525879665386,2.33333333333333,-0.228636475678439,-0.119999313541049,-0.16304357424806,1.25,-1.19847666055308,-0.652507558069461,-0.294912104566007,-0.395429487600122,-0.489475501679007,-0.0323589957266803,-0.717384522450571,-0.624917881661959,-0.304338413886427
"361",361,"male","Black","yr1","Other","math02","Auditory",3,-0.787823058449714,-0.451648876016844,-0.655670798693447,3.6,3.33312351924429,1.82033249311723,0.848463049445521,1.33333333333333,-1.65851631889152,-0.38991195716877,-2.54601581751038,3,-0.702557131271479,-0.326110850212567,-0.26038116509647,3.83333333333333,1.63949089431053,1.26071914909581,0.747159931710816,5,3.92613352833232,2.35294126627441,1.45210273364758,5,3.31170935523013,1.91813277875012,1.09562411681238,5,3.74208800854917,2.29084272651677,1.25970296808463,4.71428571428571,3.91805439271637,2.03106612567661,1.34779453803341,4.42857142857143,2.31421132806953,1.59977123956938,0.840605674276424,5,3.73293522636506,2.2231470984821,1.37616993798703,2,-0.828915728028531,-0.587694347450185,-0.346338725843645,2,0.56814825597861,0.443678416353276,0.17970236257254,3.17495033264871,2.46254867654254,1.13241557781177,2.6433272987083,1.83520701412047,1.1221062758634
"362",362,"female","Black","yr2","Health","math02","Kinesthetic",3,-0.733830652706563,-0.464937697052029,-0.343437927337572,1.2,-1.567326019747,-0.726541020397375,-0.436242024844913,2.33333333333333,-2.8871977752707,-1.53281721396016,-1.86735472281452,4.3,3.1849910427828,1.94991202157881,1.08003493672755,3,0.0953953084744368,0.11598476499985,0.0429453745200661,1.57142857142857,-4.17294111214951,-2.15264083291585,-1.71604225022714,3,-1.50399953365457,-0.934794517307775,-0.482366485244439,3,-1.19326677697627,-0.675498713774425,-0.409499211486148,3,0.196426032244247,0.106386402066042,0.0620288519513763,1.71428571428571,-3.87180813687327,-2.55800817155541,-1.52158840149976,3,-0.694156755028705,-0.322925183049944,-0.214117423987157,1.66666666666667,-1.48430576836186,-1.24074264462042,-0.602692038594524,2,0.56814825597861,0.443678416353276,0.17970236257254,-2.59722233321644,-1.93565028073351,-1.09819510044797,-0.255233020154602,-0.0947131141922041,-0.108410916539852
"363",363,"female","white","yr1","Health","stats","Kinesthetic",4.25,1.33681141534805,0.919063606032471,0.704610973598293,3.2,2.5390202172794,1.44159915432593,0.625373423883468,3.33333333333333,-0.38420801108363,-0.491854837265455,-1.49247496424828,2.2,-3.02672166185429,-1.88116610821773,-0.979250746418068,1.5,-2.80274681347339,-1.83144545339772,-1.27987597972566,2.71428571428571,-1.0126787200385,-0.792965882254823,-0.316703915634779,3.28571428571429,-0.818349385494724,-0.407381975235163,-0.281138707039112,3.57142857142857,0.190133930141787,0.0428618367824816,0.04098476564693,1.85714285714286,-2.49904430121438,-1.1555375287644,-0.995203699501564,2.42857142857143,-2.17364607201104,-1.39168954897222,-0.858465341178584,2.14285714285714,-2.58832730711387,-1.71665744796596,-0.965451154523322,3,1.15531620532439,0.689246833080747,0.48104087735385,1,-1.67156413915867,-0.843882077011064,-0.352923347074065,-1.54404249517589,-1.29645906183271,-0.512423762042301,-1.60982532315337,-1.39915342011109,-0.683014998639619
"364",364,"male","white","yr1","Other","math02","Kinesthetic",3.25,-0.447552209455629,-0.102015932737321,-0.795793404607548,1.6,-0.712974700760949,-0.306919082632722,-0.216968266969624,3.66666666666667,0.146505430012603,-0.108777117625043,0.112235798801059,2.3,-2.75626448296235,-1.80714214454013,-0.923794212332116,1.83333333333333,-2.2241580350969,-1.21090225554294,-1.01780960153749,1.71428571428571,-3.51361075607606,-2.04964558109225,-1.30510988033732,3.14285714285714,-1.14321127857887,-0.446661634827583,-0.446134253146872,2.71428571428571,-1.91140954914188,-0.812346582586223,-0.646829578405792,2.14285714285714,-1.98374839817104,-0.43368158693642,-1.02152895989585,2.28571428571429,-2.47598777221746,-1.58920502355349,-0.887916019661943,2.85714285714286,-1.00801994504878,-0.768326030728125,-0.498126006385424,2,-0.828915728028531,-0.587694347450185,-0.346338725843645,1,-1.67156413915867,-0.843882077011064,-0.352923347074065,-2.072219036573,-1.57704056092047,-0.824050373349538,-2.03173000795625,-1.53405048839765,-0.862292104537099
"365",365,"female","Black","yr3","Health","stats","Visual",2,-2.42151282381777,-1.55201776980288,-1.37100482227043,1.6,-0.72760721177855,-0.450714464259123,-0.170172937748174,3.66666666666667,-0.793768496543356,-0.872823256195919,-1.26625459934966,3,-0.702557131271479,-0.326110850212567,-0.26038116509647,3,0.0953953084744368,0.11598476499985,0.0429453745200661,2,-2.94890922957577,-1.63390205878976,-1.1449856651735,4,0.903854910787779,0.491669130721172,0.306628815783969,2,-3.66094416973899,-2.15866943392002,-1.24410030127154,2.57142857142857,-0.644445699729421,-0.478681158178728,-0.138458078867568,2,-3.29829366063917,-1.99527973375992,-1.31334420860687,3,-0.694156755028705,-0.322925183049944,-0.214117423987157,2.66666666666667,0.509188408898638,0.253087779470729,0.22837218865558,2,0.56814825597861,0.443678416353276,0.17970236257254,-1.48353648911638,-1.19054222162777,-0.656749257944183,-1.11144910644687,-0.55944769839609,-0.471999564664894
"366",366,"male","white","yr3","Business","math01","Auditory",2.5,-1.47533860567278,-1.05476682145317,-0.308569761811639,2.2,0.500223349104021,0.246150512723138,0.121695640444776,3.66666666666667,2.95751904779462,1.89258899115512,2.30845935034238,3,-0.702557131271479,-0.326110850212567,-0.26038116509647,3,0.0953953084744368,0.11598476499985,0.0429453745200661,2.85714285714286,-0.994299943129296,-0.433028581092229,-0.428094359211044,3,-1.50399953365457,-0.934794517307775,-0.482366485244439,3,-1.19326677697627,-0.675498713774425,-0.409499211486148,3.14285714285714,0.286619073052395,0.201136409674913,-0.0319157626402533,3,-0.988426542380879,-0.547208533237225,-0.413211125194478,2.85714285714286,-1.00221712672671,-0.516114137204505,-0.350265836784064,3,1.16457844923197,0.906136076640967,0.484725501406459,3.75,4.43907596551096,2.46027962570808,1.06842001353463,-1.12184412129856,-0.84720895720956,-0.41042547466469,-0.3330486828037,-0.156008309773036,-0.141449486305099
"367",367,"female","white","yr3","Other","math02","Visual",4.25,1.33681141534805,0.919063606032471,0.704610973598293,2,0.109179919737529,-0.19984375351742,0.0597868549303262,3,0.965626400932056,0.653159720235885,-0.340204930996185,3.3,0.353167213373132,0.199582471013676,0.22630104500946,5,3.98282322843044,2.57936891273621,1.8194510001737,4,1.63445260902962,1.02399349125302,0.586406600707224,3,-1.47175317770978,-0.751306188020484,-0.500356596607123,4,1.27441061578645,0.807672006371172,0.42510187829924,2.14285714285714,-1.67183075155148,-0.948220249471741,-0.607905470984414,4,1.32144057587741,0.900862667285468,0.486921958217911,3.85714285714286,1.2073222078723,0.587629229357906,0.451569710432993,1.66666666666667,-1.47504352445428,-1.0238534010602,-0.599007414541915,1,-1.67156413915867,-0.843882077011064,-0.352923347074065,0.596998215154664,0.566716473419733,0.2409131994813,1.02338494798005,0.869598431973559,0.433862452391267
"368",368,"female","white","yr2","Health","stats","Visual",5,2.60497927545839,1.82267254687374,1.54215099375782,3.4,2.86981562962474,1.84670482159314,0.691098077084682,3.33333333333333,0.55606591547233,0.272191301305421,-0.113984566097563,2.9,-0.761964307775955,-0.478407067622257,-0.0490929344903542,1.66666666666667,-2.53215660755118,-1.56002749114655,-1.16731834924399,2.57142857142857,-1.39790360372177,-1.10750491152975,-0.465748777115905,5,3.31170935523013,1.91813277875012,1.09562411681238,2.71428571428571,-1.91013738645296,-1.0280620554743,-0.643909324047386,1.57142857142857,-2.88437199065929,-1.58258932173319,-0.980410968773833,2.42857142857143,-2.26391428022215,-1.54019531571395,-0.956431133141271,2.42857142857143,-1.91227392465567,-1.5833322852078,-0.917421309065908,2.33333333333333,-0.182787931602778,-0.151535293840168,-0.0936700371453748,1.5,-0.621148175827482,-0.512726667522369,-0.191568062242842,-0.63284951415753,-0.74580189939708,-0.22443334838562,-2.09148251754727,-1.59589322559451,-0.887606053372922
"369",369,"female","white","yr3","Health","stats","Auditory",3.25,-0.332593548734429,-0.224741515930415,-0.238183486949403,1.4,-1.1033169479854,-0.704012447679569,-0.278282666970976,3.66666666666667,1.08677935656856,0.655269020945832,1.49072619695178,3.9,2.01554438997466,1.24570303510793,0.605659018378702,2.5,-0.768213422437376,-0.782571492060386,-0.34295102429055,4,1.63445260902962,1.02399349125302,0.586406600707224,4.14285714285714,1.21462898572691,0.798636408680944,0.384165323039076,4,1.23230827188105,0.754109280003918,0.390888131859961,2.42857142857143,-0.859645239955589,-0.926158396240289,-0.124170622375842,3.57142857142857,0.334316998200967,0.225776623568139,0.151372819328185,2.42857142857143,-1.94642951929282,-1.37208261789144,-0.933898734774334,1.66666666666667,-1.48430576836186,-1.24074264462042,-0.602692038594524,1.25,-1.19847666055308,-0.652507558069461,-0.294912104566007,0.216086607460027,-0.0294312201000236,0.217963179268514,0.0040247189131157,-0.127848386734877,0.00186436367378653
"370",370,"female","Black","yr1","Other","math02","Auditory",4.5,1.85300718004138,1.03653420396099,1.36747533164461,3.4,2.89786694815833,1.57504681191714,0.74476357342258,2,-1.54717152514088,-0.67857496339129,-2.65433233247325,4.4,3.66400968485799,2.2205527244976,1.20952534918279,2,-1.72769429720636,-1.33360819781187,-0.78031104096099,2,-2.79476239595462,-1.67733839677133,-0.993907515286977,2.28571428571429,-3.3198459494621,-1.94997723087093,-1.11391811398015,3,-1.19326677697627,-0.675498713774425,-0.409499211486148,1.57142857142857,-2.91557194109748,-1.36649498700184,-1.06828982078354,3,-0.988426542380879,-0.547208533237225,-0.413211125194478,2.85714285714286,-0.956773547991327,-0.768829495155259,-0.382014613199856,1,-2.82240990528903,-2.08152477154134,-1.17740295309375,3,2.81133151745417,1.98934332567229,0.803720686380239,-2.00310278415332,-1.4312941469404,-0.758448389512294,-1.72135158046515,-1.32689238820776,-0.730583698250949
"371",371,"female","white","yr2","Other","other","Kinesthetic",4,0.935574311375912,0.678867424910856,0.599356533210125,1.8,-0.309213646020511,-0.325279108888271,-0.0551930414089239,2.33333333333333,-0.085992319374548,0.177776587887529,-1.61037881418403,3.7,1.49658678446436,0.854410152158906,0.490667216683912,2,-1.77890032976226,-1.23000202852189,-0.806475322627292,2,-2.76388538781881,-1.66669937491649,-0.981103074066505,3.57142857142857,-0.0686982852319531,-0.00902284346080548,-0.0303597182152679,2.85714285714286,-1.52841649086195,-1.0863531589231,-0.550343806497118,2.42857142857143,-1.13723142237818,-0.503256399794787,-0.502543362261675,2.42857142857143,-2.12421179869641,-1.4605869681603,-0.756758075663378,1.57142857142857,-3.86740894027696,-2.37278110709502,-1.49853298863511,1,-2.82240990528903,-2.08152477154134,-1.17740295309375,1.5,-0.617677309489203,-0.254622251567694,-0.100175448081749,-2.06565340030386,-1.76941152155697,-0.696277223979563,-1.38604290938689,-1.0298389322285,-0.588220688526317
"372",372,"male","white","yr3","Business","math02","Kinesthetic",4,0.874608056397864,0.788304187068765,0.353979486907855,1.6,-0.757889024622464,-0.155111398785966,-0.259353342991213,2.66666666666667,1.37518688639178,1.03412813916635,-0.566425295894807,3.2,-0.159166800726955,-0.107434600574093,-0.148565710675638,4.83333333333333,3.68640250096443,2.33114195983434,1.68189415495047,4.28571428571429,2.39757238794594,1.40552404702309,0.911474334659436,4.42857142857143,1.98210569385077,1.08565900391525,0.661167988275539,4.71428571428571,3.11631552491254,1.93030566804091,1.08210564769714,4.14285714285714,2.78870988353201,1.31883752092197,1.1410883757531,4.57142857142857,2.69309320008844,1.79372987994541,1.07091767797904,5,3.73293522636506,2.2231470984821,1.37616993798703,2.33333333333333,-0.182787931602778,-0.151535293840168,-0.0936700371453748,1,-1.67156413915867,-0.843882077011064,-0.352923347074065,2.62200356221278,2.11707603810127,0.90773315218978,2.92685872706586,2.19095932164175,1.24212820963287
"373",373,"male","white","yr2","STEM","math03","Visual",2.75,-1.18906016242185,-0.691845057138459,-0.760925239081616,1.2,-1.53857351907136,-0.949298128879659,-0.381982142993917,3.66666666666667,1.08677935656856,0.655269020945832,1.49072619695178,2.4,-2.69274756799659,-1.18744793495121,-0.996432635042346,3,0.0953953084744368,0.11598476499985,0.0429453745200661,3,-0.657228310273073,-0.304954283768369,-0.279289532233136,3.71428571428571,0.255131920231531,-0.00726047223005646,0.135946138701231,3,-1.28563706550525,-0.451809524110363,-0.469232258018302,3.28571428571429,0.932076685342759,0.411448528640737,0.452897017453372,3,-0.988426542380879,-0.547208533237225,-0.413211125194478,3.71428571428571,0.89406450864003,0.510261556710098,0.357018059540204,2.33333333333333,-0.173525687695199,0.0653539497200516,-0.0899854130927663,2.25,1.0412357345842,0.635052935294879,0.237713605080598,-0.12170182036627,-0.0588430262617115,-0.119673963531353,0.0191340864836501,0.136413864949894,0.00807408759943753
"374",374,"female","white","yr2","Other","stats","Visual",4.25,1.47702113233287,0.643465032504615,1.280137500588,2.8,1.71119090465867,0.823165163876161,0.424844638954035,3.66666666666667,-0.793768496543356,-0.872823256195919,-1.26625459934966,2.1,-3.16841201919685,-1.98313331234533,-0.938876778729379,2.66666666666667,-0.447836634365214,-0.41189740705559,-0.195633008779511,3.57142857142857,0.716520507747642,0.0822560046232115,0.269907912134932,4.14285714285714,1.28636227462942,0.751582436341466,0.442643904745347,3.71428571428571,0.703715855479172,0.575705779406095,0.302422771067306,3,0.122100283252181,0.158673839601273,0.00795437350854366,4.14285714285714,1.64315177384788,1.04850206892466,0.575795039829829,4,1.49490100226147,0.799742725312676,0.456470730879405,2.33333333333333,-0.182787931602778,-0.151535293840168,-0.0936700371453748,1.25,-1.19847666055308,-0.652507558069461,-0.294912104566007,1.15536263490337,0.902612501961472,0.407299102827719,0.135127755900605,0.0114855627482888,0.0574665191592028
"375",375,"female","white","yr3","STEM","math04","Kinesthetic",3.75,0.419378546682579,0.561396826982336,-0.063507824836189,2,-0.0218032453684099,0.158788285234815,0.00306705916274477,3.33333333333333,1.49633984202829,1.0362374398763,1.26450583205315,4,2.18643257200938,1.36276822335422,0.59367378810789,1.83333333333333,-2.10432983063358,-1.43597467474877,-0.956584813389863,2.71428571428571,-0.98527722804602,-0.67467862532325,-0.28959529810053,3,-1.44728457173315,-0.847145848822338,-0.469127480454395,2.85714285714286,-1.44909851025683,-0.87330385356507,-0.498183510349887,2.42857142857143,-1.18671682984892,-0.63952046517004,-0.645097831309975,3.71428571428571,0.856803761192282,0.444795425161534,0.417133611269923,2.14285714285714,-2.61147079489363,-1.7304776845198,-0.99524700188618,2.33333333333333,-0.182787931602778,-0.151535293840168,-0.0936700371453748,3.75,4.57448556764759,2.82742488414035,1.18694253935769,-0.896895448322513,-0.74988176393258,-0.220185559322625,-1.55760291306959,-1.19218077944481,-0.661001469066449
"376",376,"male","white","yr1","Business","math02","Visual",3,-0.733830652706563,-0.464937697052029,-0.343437927337572,3,2.11992546937932,1.26726289776137,0.50979914203112,3,0.0351606362619581,0.179885888597477,0.220552313763931,2.9,-1.16227043839002,-0.571787596250633,-0.497991922640214,3,0.0953953084744368,0.11598476499985,0.0429453745200661,3,-0.657228310273073,-0.304954283768369,-0.279289532233136,3,-1.50399953365457,-0.934794517307775,-0.482366485244439,3,-1.19326677697627,-0.675498713774425,-0.409499211486148,3,0.196426032244247,0.106386402066042,0.0620288519513763,3,-0.988426542380879,-0.547208533237225,-0.413211125194478,3,-0.694156755028705,-0.322925183049944,-0.214117423987157,2,-0.828915728028531,-0.587694347450185,-0.346338725843645,2,0.56814825597861,0.443678416353276,0.17970236257254,-0.938147721068434,-0.693517724527344,-0.346764245030412,-0.255233020154602,-0.0947131141922041,-0.108410916539852
"377",377,"female","white","yr5+","STEM","other","Kinesthetic",3.5,0.0686435552377044,0.0154546651911992,-0.132929046561235,2,0.0811286012039387,0.0718142561585753,0.006121358592428,3,-0.914921452179862,-0.874932556905867,-3.09718572729762,4,2.21457891444923,1.44769481588828,0.631774592114571,3.16666666666667,0.532249199886581,0.0634443755563261,0.24779542562163,3,-0.39172447052952,-0.396163969383633,-0.0765302593086241,3.42857142857143,-0.414034237209229,-0.0268144861198914,-0.156421646947968,3.57142857142857,0.222694573748937,0.142645729406926,0.0818007853693815,3.14285714285714,0.313583356858276,-0.154762919665921,-0.0656080921987215,2.85714285714286,-1.19607243524408,-0.839545902455705,-0.426624790677183,2,-2.88563978776362,-1.92680269455121,-1.09457146267186,1.66666666666667,-1.53015431243752,-1.2092066643213,-0.672065575697209,2.5,1.58739562329319,0.356094939015184,0.267867921395804,-1.09821675562122,-0.985414714839753,-0.304915110953639,0.177154596576042,0.141671668713848,0.0751301050523973
"378",378,"female","other","yr1","Other","math01","Auditory",4,0.899859112661494,0.635431196734004,0.371896096239416,1.4,-1.19161628354015,-0.473243036976929,-0.32813229562211,3.66666666666667,1.08677935656856,0.655269020945832,1.49072619695178,3.6,1.26594652709717,0.722836961311913,0.460412421262183,1.83333333333333,-2.11511152578795,-1.52970142718822,-0.964765106674994,2.14285714285714,-2.40613048097889,-1.4485846338954,-0.838758316752035,2.71428571428571,-1.98391123139135,-1.45091940086309,-0.596662138410781,1.85714285714286,-3.86685503636946,-2.40482454856151,-1.28831301653774,2.42857142857143,-0.966759907146894,-0.30457685638707,-0.292910274927324,2.71428571428571,-1.45879977593759,-1.08680838105269,-0.559880298843881,2.85714285714286,-1.03357308849137,-0.661544141188464,-0.327235005711771,2,-0.828915728028531,-0.587694347450185,-0.346338725843645,1,-1.67156413915867,-0.843882077011064,-0.352923347074065,-1.56336986643378,-1.15628828253892,-0.60726078146146,-1.92452127498644,-1.28343919699815,-0.816840365107184
"379",379,"female","white","yr3","STEM","math02","Visual",3.5,0.0686435552377044,0.0154546651911992,-0.132929046561235,2,0.114153429717745,0.26261400662334,-0.0170338675532892,3.66666666666667,-0.793768496543356,-0.872823256195919,-1.26625459934966,5,5.13171496016993,3.22150048198912,1.52393034932561,3.66666666666667,1.4576685884511,0.821436826760708,0.669811321501201,3,-0.609481375334865,-0.403379147395939,-0.279728339645047,4.42857142857143,1.95394256066741,1.17669279111431,0.638239947431965,3.28571428571429,-0.507761576917716,-0.12668813742145,-0.199853147957603,4.28571428571429,2.8783404463228,1.35518745272608,0.900593755098957,4,1.54011655963576,0.927663669477166,0.698493372862606,4.14285714285714,1.81120220177003,1.21290954003984,0.708881173461208,3.33333333333333,1.81070624565772,1.34229513025098,0.737394190104729,3,2.80786065111589,1.73123890971762,0.712328072219146,1.16097316493704,0.945728018460232,0.343986359767659,1.0161829642646,0.912977798948946,0.431183919884846
"380",380,"female","Asian","yr1","Business","math03","Kinesthetic",3.75,0.559588263667408,0.28579825345448,0.512018702153518,1.8,-0.353426787739982,-0.124570523847803,-0.0969837319174146,3.66666666666667,-0.793768496543356,-0.872823256195919,-1.26625459934966,2.6,-1.83053967627923,-1.27308655154755,-0.626757188434307,2.16666666666667,-1.45107815859353,-1.08903575507099,-0.662965248147177,3.57142857142857,0.958271873253006,0.293543705966087,0.494110272951788,3.85714285714286,0.587411741684456,0.315736077158053,0.173238717772539,3.85714285714286,0.999225332435813,0.419464540109755,0.355442693175152,1.71428571428571,-2.67540195159591,-1.19471100028384,-1.04606916974316,3.71428571428571,0.91934592371393,0.431268802382513,0.419086962935534,2.71428571428571,-1.32265909010232,-0.892735775620594,-0.537445047488258,1.33333333333333,-2.13043356478762,-1.67690169823044,-0.855360727292794,1.5,-0.725389181947489,-0.461133039127857,-0.23690086205795,0.400797513378635,0.202769533707156,0.251075169846244,-0.994873282055592,-0.935827833371434,-0.422126889595825
"381",381,"female","white","yr1","Business","math03","Kinesthetic",4.25,1.33681141534805,0.919063606032471,0.704610973598293,2,-0.00717073435080945,0.302583666861215,-0.0437282700587057,3,-0.905113290294001,-0.584160249973399,-1.15793808438679,3,-0.693018199172213,-0.56717999138173,-0.293881872732128,1.83333333333333,-2.13633556504709,-1.33049364530561,-0.976380055721349,2.57142857142857,-1.81424309037016,-0.858826808299576,-0.792121849783065,2.57142857142857,-2.43254057364061,-1.68579914676738,-0.784840058529583,2.71428571428571,-1.86114160451831,-1.08959849861754,-0.621310278312916,1.85714285714286,-2.11098962345059,-1.20133904060671,-0.553719396997182,2,-3.31766315840322,-1.94540366081785,-1.37276661173543,2.42857142857143,-1.98635923470856,-0.930996347259714,-0.703532803258431,1,-2.82240990528903,-2.08152477154134,-1.17740295309375,2.25,1.11777901102587,0.422824836028256,0.301249293048839,-2.40662151844626,-1.8573912036768,-0.899207446882972,-1.59646957160384,-1.1937179093202,-0.677504938140235
"382",382,"female","white","yr1","STEM","stats","Kinesthetic",3,-0.733830652706563,-0.464937697052029,-0.343437927337572,3,2.11992546937932,1.26726289776137,0.50979914203112,3,-0.905113290294001,-0.584160249973399,-1.15793808438679,3,-0.702557131271479,-0.326110850212567,-0.26038116509647,3,0.0953953084744368,0.11598476499985,0.0429453745200661,3,-0.657228310273073,-0.304954283768369,-0.279289532233136,3,-1.50399953365457,-0.934794517307775,-0.482366485244439,3,-1.19326677697627,-0.675498713774425,-0.409499211486148,3,0.196426032244247,0.106386402066042,0.0620288519513763,3,-0.988426542380879,-0.547208533237225,-0.413211125194478,3,-0.694156755028705,-0.322925183049944,-0.214117423987157,2,-0.828915728028531,-0.587694347450185,-0.346338725843645,3,2.80786065111589,1.73123890971762,0.712328072219146,-0.938147721068434,-0.693517724527344,-0.346764245030412,-0.255233020154602,-0.0947131141922041,-0.108410916539852
"383",383,"female","white","yr2","STEM","math04","Auditory",4.25,1.31853420831931,0.975788655244508,0.619838539213126,1.2,-1.53857351907136,-0.949298128879659,-0.381982142993917,4,-0.243438731675401,0.0917990773094282,4.21695144952135,2.6,-1.97586095787462,-1.08777923962533,-0.686341495383401,4.16666666666667,2.36453876932376,1.55364948509491,1.08130767810945,4,1.6411708270384,1.05224030448736,0.619975287904911,3.14285714285714,-1.19223716621006,-0.603856073578749,-0.397511599718281,4.57142857142857,2.68641034402142,1.74492677046844,0.922007216286507,3.57142857142857,1.38626359530888,0.84982274583691,0.302274323374718,3.85714285714286,1.06227154042859,0.73969664286725,0.400002228271604,3.42857142857143,0.216638026729242,0.152020304959888,0.0451398271050717,2.66666666666667,0.518450652806216,0.469977023030949,0.232056812708189,1,-1.67156413915867,-0.843882077011064,-0.352923347074065,0.396400215922658,0.340626296592266,0.207473729926466,1.71312222962541,1.21872109787542,0.727016532711909
"384",384,"female","white","yr1","Other","math02","Kinesthetic",4.25,1.25756795334126,1.08522541740242,0.374461492910856,1.4,-1.11947877117128,-0.774961872315096,-0.266407861141569,3.33333333333333,-0.374399849197768,-0.201082530332987,0.446772678662553,4.6,4.01990112197133,2.49625421091054,1.26370339933702,3.5,1.0680505486952,0.695741850414808,0.481886268193181,3.28571428571429,0.35128267971895,-0.0414645764422143,0.213907859764508,3.85714285714286,0.636739667245716,0.57755542797586,0.153561963657514,4.14285714285714,1.68723206122359,0.864137621751346,0.621835163567516,3,0.445780143878578,-0.0781382632443451,0.331533489151618,4.14285714285714,1.74140588643579,1.03977662846621,0.638167831050874,3.28571428571429,-0.0701504638547116,-0.140060045361103,-0.00709897122392833,2.33333333333333,-0.182787931602778,-0.151535293840168,-0.0936700371453748,1,-1.67156413915867,-0.843882077011064,-0.352923347074065,0.654630767622772,0.491168921687842,0.276460232385227,1.10334305660568,0.757523273712847,0.468319272180221
"385",385,"male","white","yr2","STEM","math02","Kinesthetic",3,-0.708579596442934,-0.617810687386791,-0.32552131800601,1.6,-0.772521535640064,-0.298906780412366,-0.212558013769762,3.66666666666667,0.146505430012603,-0.108777117625043,0.112235798801059,3.8,1.71446489588223,1.016124156613,0.51119929403714,2.66666666666667,-0.457036598121599,-0.452509553782455,-0.20588884578628,3.28571428571429,0.112678171502893,0.0829601165583169,0.0589383755491708,3.42857142857143,-0.472769179256687,-0.175951608736253,-0.175668719200322,3.57142857142857,0.252483539153291,0.063722457757601,0.0716909654013195,3,0.104300657662506,0.145731173543322,-0.0809512171262896,3,-0.871651863863869,-0.503820566920273,-0.319296249065535,3,-0.679664080069521,-0.506849069789831,-0.207136460291766,3.33333333333333,1.81070624565772,1.34229513025098,0.737394190104729,1.75,-0.0403488247636039,-0.114841361020602,0.00316859424141591,-0.414224284980762,-0.337593511407141,-0.133730910733964,-0.135911992872308,-0.145000558078786,-0.0576231674928128
"386",386,"male","white","yr1","STEM","math03","Kinesthetic",4,0.989566717119064,0.665578603875671,0.911589404566,1.2,-1.53927470121341,-0.99819903007337,-0.382576528507014,3.66666666666667,0.146505430012603,-0.108777117625043,0.112235798801059,4.6,4.06219401625671,2.50933330602442,1.28980752425017,3.5,1.1224348331126,0.573072383799159,0.495603980657256,3.57142857142857,1.06665552369706,0.438490842955432,0.539414401128631,4.71428571428571,2.67538713263154,1.65253958749531,0.874719584492025,5,3.74208800854917,2.29084272651677,1.25970296808463,3.28571428571429,1.08489140593204,0.597907252586706,0.423084934271926,4.42857142857143,2.66623322729044,1.52595617908529,1.17811093910457,2.14285714285714,-2.58123206314109,-1.84020336422002,-0.983391749471318,2,-0.828915728028531,-0.587694347450185,-0.346338725843645,1.25,-1.19847666055308,-0.652507558069461,-0.294912104566007,1.16134376763314,0.661396757612144,0.594043151588202,1.71547218353651,1.08071143173146,0.728255329597445
"387",387,"female","white","yr2","STEM","stats","Visual",2,-2.40323561678904,-1.60874281901492,-1.28623238788527,2,0.0811286012039387,0.0718142561585753,0.006121358592428,2.33333333333333,-0.085992319374548,0.177776587887529,-1.61037881418403,3,-0.702557131271479,-0.326110850212567,-0.26038116509647,3,0.0953953084744368,0.11598476499985,0.0429453745200661,3,-0.657228310273073,-0.304954283768369,-0.279289532233136,3,-1.50399953365457,-0.934794517307775,-0.482366485244439,3,-1.19326677697627,-0.675498713774425,-0.409499211486148,3,0.196426032244247,0.106386402066042,0.0620288519513763,3,-0.988426542380879,-0.547208533237225,-0.413211125194478,3,-0.694156755028705,-0.322925183049944,-0.214117423987157,2,-0.828915728028531,-0.587694347450185,-0.346338725843645,1.75,-0.0403488247636039,-0.114841361020602,0.00316859424141591,-0.938147721068434,-0.693517724527344,-0.346764245030412,-0.255233020154602,-0.0947131141922041,-0.108410916539852
"388",388,"male","white","yr2","Other","math04","Kinesthetic",2.75,-1.10981670041507,-0.858006868508405,-0.430775758394179,1.2,-1.53927470121341,-0.99819903007337,-0.382576528507014,3.66666666666667,2.01724512123866,1.12854285258424,0.929968952191661,3.8,1.65260198691328,1.04600491251742,0.504465049839976,4.33333333333333,2.68236060610649,1.73335304511949,1.22870455026152,4.57142857142857,2.99848249363794,1.75363182838789,1.09660986273892,4.42857142857143,1.98141943927546,1.16631275021263,0.682795509318054,4.85714285714286,3.35201535694735,2.09753751103308,1.11620854299528,3.14285714285714,0.464966720934428,0.170301958082074,0.121330267772926,4.42857142857143,2.37936790649477,1.48885927110604,0.946451595625481,4,1.54197828162621,0.747416344054134,0.468724647722534,1.66666666666667,-1.48430576836186,-1.24074264462042,-0.602692038594524,1.5,-0.621148175827482,-0.512726667522369,-0.191568062242842,2.13417666925595,1.60285156827049,0.83289355284494,1.81869973404966,1.2669322994594,0.771801776995288
"389",389,"male","Black","yr2","STEM","math03","Kinesthetic",3.25,-0.3073424924708,-0.377614506265176,-0.220266877617842,1,-1.95766826697144,-1.12363438544422,-0.497556424846265,3,-0.905113290294001,-0.584160249973399,-1.15793808438679,4,2.21457891444923,1.44769481588828,0.631774592114571,3.83333333333333,1.74268854098642,1.09944988596616,0.79364134212365,3.14285714285714,-0.241601219193703,-0.242802859539503,-0.0977105580790751,4.14285714285714,1.27099864720891,0.630114956875235,0.421392715646435,3.57142857142857,0.311103239787676,0.0380668606587762,0.147139173033273,3,0.376982789631593,-0.15516088533481,0.254067087028299,3.71428571428571,0.658117422389579,0.46481015456567,0.26184298034681,3.14285714285714,-0.364260940983554,-0.341969911796007,-0.292925131132689,2,-0.828915728028531,-0.587694347450185,-0.346338725843645,1.25,-1.19847666055308,-0.652507558069461,-0.294912104566007,0.23962205239896,0.105134019093177,0.113252939479826,0.847290014889505,0.704385135769402,0.35945577719777
"390",390,"female","other","yr1","STEM","stats","Visual",4.75,2.16802697277184,1.53904013757527,1.20943611639894,2,0.109881101879572,-0.150942852323709,0.0603812404434238,3.33333333333333,1.49633984202829,1.0362374398763,1.26450583205315,2.7,-1.32806653413694,-0.973917518004969,-0.149214399103433,1.66666666666667,-2.485544056467,-1.52822903463009,-1.13802563888925,2.57142857142857,-1.40469030658142,-1.11388875608636,-0.478908950946,3.57142857142857,-0.164215943589068,-0.130565386154811,-0.0921770275934055,3.14285714285714,-0.906301348390703,-0.508314269647023,-0.335187530335542,4,2.49088461204603,1.22527054002459,0.939351066756223,3.28571428571429,-0.26915229022816,-0.331986971726113,-0.146756581363498,3.42857142857143,0.221425369253491,0.0584327607320135,0.0969902113183839,2.33333333333333,-0.182787931602778,-0.151535293840168,-0.0936700371453748,1.5,-0.621148175827482,-0.512726667522369,-0.191568062242842,-0.423261458112642,-0.284759277842097,-0.20303418531513,-0.227174262754631,-0.202201684311569,-0.0960560487099743
"391",391,"female","white","yr2","Health","stats","Auditory",3.25,-0.393559803712477,-0.115304753772506,-0.483560533251673,2,0.0377435895107051,0.150775983014458,-0.00134319403711733,3,0.975434562817917,0.943932027168352,1.59904271191465,4,2.21457891444923,1.44769481588828,0.631774592114571,2.66666666666667,-0.501420548152992,-0.368577373740491,-0.223493355922307,3.42857142857143,0.446438617642798,0.0970023342488384,0.180278852383208,4.28571428571429,1.54322866852714,0.994267150100662,0.487925506706802,3.57142857142857,0.311103239787676,0.0380668606587762,0.147139173033273,3.57142857142857,1.48342312809819,0.601326288359178,0.613596926321209,3.71428571428571,0.628672794030594,0.580523305349581,0.216416498553187,2.71428571428571,-1.32213300210624,-0.764589018547297,-0.564436299068047,1.66666666666667,-1.48430576836186,-1.24074264462042,-0.602692038594524,1,-1.67156413915867,-0.843882077011064,-0.352923347074065,0.284889896307675,0.0815507275613887,0.17546190834375,0.490451390895901,0.327773448071758,0.208326951938234
"392",392,"female","white","yr1","Other","math03","Kinesthetic",3.5,0.147887017244485,-0.150707146178747,0.197220434126202,1,-1.95766826697144,-1.12363438544422,-0.497556424846265,3,0.975434562817917,0.943932027168352,1.59904271191465,2.9,-0.796827204251066,-0.612579549417567,-0.0889590746800901,1.16666666666667,-3.44520200129354,-2.2099501293869,-1.57361073344216,2.85714285714286,-0.627590806056965,-0.434700915624427,-0.126842027418469,3.85714285714286,0.644428741535944,0.508009657710131,0.215423621876147,3.85714285714286,0.91547165948964,0.583746095224238,0.267234835496761,2.28571428571429,-1.59767951536044,-0.539262229503395,-0.761177459539594,3.85714285714286,1.29604968210595,0.627791291245783,0.618853918157127,3.14285714285714,-0.380555437195566,-0.213784703884578,0.0765358836880987,2.33333333333333,-0.182787931602778,-0.151535293840168,-0.0936700371453748,1.5,-0.621148175827482,-0.512726667522369,-0.191568062242842,0.509698491230104,0.398215715678555,0.188176327356862,-1.41793877247014,-1.33244122853069,-0.601419758225221
"393",393,"female","white","yr1","Health","stats","Kinesthetic",3.5,0.00767730025965657,0.124891427349108,-0.378306092863504,1.6,-0.685624564369403,-0.627477993502428,-0.163897156144824,3,-0.905113290294001,-0.584160249973399,-1.15793808438679,2.3,-2.73873723735508,-1.64956834071799,-0.882506409571781,4,2.02673105283456,1.32612798946684,0.933388919542342,2.71428571428571,-1.15727094967427,-0.870277278306475,-0.387019356727278,3.85714285714286,0.537440824057239,0.286115680862139,0.161608705799199,2.85714285714286,-1.46260183304532,-0.707972366391967,-0.485975895934978,2.57142857142857,-0.957554486756881,-0.362680152093024,-0.513862020364313,3.57142857142857,0.35169222725302,0.369977700848293,0.103761033366322,2.14285714285714,-2.58201274956747,-1.57732304578854,-1.04193399991459,4,3.15807262649247,2.39996650073212,1.31578972865656,1.75,-0.14806069722189,-0.321352148580766,-0.133556819734785,-0.707177289585678,-0.68776867839483,-0.176318076066179,-0.222389788391898,0.0340050013225884,-0.0948011329306504
"395",395,"female","white","yr2","STEM","math03","Auditory",4.25,1.27584516037,1.02850036819038,0.459233927296023,2.6,1.23548099833184,0.681797054928503,0.349789904719788,3,0.965626400932056,0.653159720235885,-0.340204930996185,2.3,-2.68001864630868,-1.63805124540633,-0.771330795545787,1.83333333333333,-2.12810882118217,-1.42773741784637,-0.96812090579519,3.57142857142857,0.66920634819066,0.385798218277321,0.1845406013804,3.28571428571429,-0.816631443298753,-0.450518433170879,-0.304076538890366,3.14285714285714,-0.742189246263607,-0.509635453301697,-0.231035788897341,2.28571428571429,-1.34500611848634,-0.622384118631466,-0.553856950683582,3.71428571428571,0.740649229866875,0.498099263382484,0.320077115734003,2.28571428571429,-2.28524036196769,-1.34266840099958,-0.85755938499347,2,-0.828915728028531,-0.587694347450185,-0.346338725843645,1.75,-0.116892101205275,0.0973867382460212,-0.0603670937268255,-0.426871048440195,-0.411482308330581,-0.0351175929011156,-1.26854128737131,-1.03269558626217,-0.538249438776218
"396",396,"female","other","yr1","STEM","stats","Kinesthetic",4,0.820615650654713,0.80159300810395,0.0417466155519794,1.8,-0.368760480899625,-0.317266806667915,-0.0507827882090618,3.33333333333333,-0.38420801108363,-0.491854837265455,-1.49247496424828,3,-0.283755778625357,-0.529039807133909,0.329289292108553,1.33333333333333,-3.12817631434471,-2.0374180996246,-1.42998547048823,1.28571428571429,-4.58002028888532,-2.71946892827664,-1.73939249181823,1.42857142857143,-5.20551877437806,-3.18922016681946,-1.68259119195815,2,-3.54628851560093,-2.18794514570789,-1.2094017280521,2.28571428571429,-1.62338981651099,-1.21997014883488,-0.750252031664552,1.71428571428571,-3.8374763784248,-2.64186729190084,-1.47695969168369,2,-2.91872524300451,-1.40182176380844,-0.768180460711022,2.66666666666667,0.463339864822976,0.284623759769849,0.158998651552895,1.5,-0.48573857369086,-0.145581409090094,-0.0730455364197756,-3.8325316126196,-2.82005073295807,-1.4693898303231,-2.53751291803709,-1.82981283313848,-1.07692350308731
"397",397,"female","white","yr1","Business","math02","Auditory",2.75,-1.08456564415144,-1.01087985884317,-0.412859149062617,1.4,-1.16286378286451,-0.696000145459213,-0.273872413771114,2.66666666666667,-0.495552804834275,-0.203191831042935,-1.38415844928541,3.7,1.55807492398182,0.982827643371048,0.696964724492759,3,0.0869914945519453,0.0825441485352717,0.0364611467114297,2.85714285714286,-1.09532624539785,-0.508382592656391,-0.501327998100309,3,-1.50966862781876,-0.803760292911121,-0.538220076000761,3.14285714285714,-0.740844516362952,-0.461332877315613,-0.235298586642412,2,-1.97960695489214,-0.798489201830583,-0.745812071562815,2.85714285714286,-1.30049891203311,-0.665863515521181,-0.589427649343753,4.42857142857143,2.47380908251472,1.41995214047954,1.00132674780552,2,-0.828915728028531,-0.587694347450185,-0.346338725843645,1,-1.67156413915867,-0.843882077011064,-0.352923347074065,-0.499782235921282,-0.176776032369458,-0.335408949908877,-0.784502198133994,-0.555996301027556,-0.33311017313665
"398",398,"female","Black","yr1","STEM","math02","Auditory",4.75,2.22899322774988,1.42960337541737,1.45481316270121,3.8,3.76563707466037,1.5792153583794,1.06449815685722,2,-2.47763728981098,-1.1518487950297,-2.09357508771314,3.6,0.872301830175505,0.570271047254706,0.0603159394207775,1.83333333333333,-2.07214702616251,-1.41077131518659,-0.9385644931759,1.85714285714286,-3.13176554395997,-1.82727566277292,-1.16312085563248,2.42857142857143,-2.91010596127317,-1.91408268999214,-0.912755522238775,2.57142857142857,-2.27858391119674,-1.39021994946489,-0.757399911751036,1.57142857142857,-2.8789779062156,-1.49497057908885,-1.05003874861537,2,-3.18431724294066,-2.04601972349363,-1.24683276155197,2,-2.90770274572559,-1.59596132381597,-1.00926110497425,1.66666666666667,-1.48430576836186,-1.24074264462042,-0.602692038594524,1.75,-0.0126510950852678,0.0457931098515091,-0.015034293911718,-2.8630993687115,-2.21663924531219,-1.05387460311108,-2.09577482521626,-1.54927333995216,-0.889521268221873
"399",399,"female","white","yr1","Business","math03","Visual",3.25,-0.332593548734429,-0.224741515930415,-0.238183486949403,1.6,-0.701085205413241,-0.649526516944244,-0.151427964802319,4,0.677218871108836,0.274300602015368,1.7169465618504,3,-0.677941059227494,-0.457785567221672,-0.210354582793841,2.5,-0.905291264464442,-0.370183058035339,-0.424465721488629,3,-0.657228310273073,-0.304954283768369,-0.279289532233136,3,-1.50399953365457,-0.934794517307775,-0.482366485244439,3.28571428571429,-0.440525260700529,-0.211751369069854,-0.152879751471887,2.85714285714286,-0.00865372291572877,0.0959615814700057,0.0152774945969703,2.85714285714286,-1.34731876944415,-0.694351442017424,-0.587242345175513,2.85714285714286,-0.995675053565493,-0.495387422861697,-0.29710291993051,2,-0.828915728028531,-0.587694347450185,-0.346338725843645,2,0.56814825597861,0.443678416353276,0.17970236257254,-1.09638267468678,-0.831076677968365,-0.402336300600858,-0.382585996276925,-0.303407726923992,-0.162290341928046
"400",400,"male","white","yr2","Business","math03","Kinesthetic",1.75,-2.944682437746,-1.57334042660867,-1.96701335526314,1.2,-1.52241169588548,-0.878348704244132,-0.393856948823324,3.33333333333333,1.49633984202829,1.0362374398763,1.26450583205315,2.9,-0.975490282924058,-0.470763136173442,-0.31674008543135,3.16666666666667,0.402597731094823,0.457938470341168,0.18868251302843,2.85714285714286,-0.857292382497647,-0.696016566525495,-0.305268829342455,3.71428571428571,0.381648999213273,0.182720444507764,0.13488037005228,4.57142857142857,2.62802235750015,1.6049558285774,0.88569567540038,2.85714285714286,-0.204666686086047,-0.103075435265136,-0.180638270289996,4,1.32144057587741,0.900862667285468,0.486921958217911,4.85714285714286,3.42800141374645,2.00840101107762,1.29198147636627,2,-0.828915728028531,-0.587694347450185,-0.346338725843645,1.25,-1.19847666055308,-0.652507558069461,-0.294912104566007,0.986296283612369,0.946485009841347,0.218760176334075,0.708585829391294,0.352737432704581,0.300842892064243
"401",401,"male","white","yr1","Health","math02","Kinesthetic",2.5,-1.5110538043872,-1.09820304963002,-0.536030198782347,2,0.0957611122215391,0.215609637784976,-0.0406739706290225,3,-0.905113290294001,-0.584160249973399,-1.15793808438679,3.1,-0.429623979618899,-0.181458564251691,-0.20402224476159,2.33333333333333,-1.23487223708872,-0.694948326204163,-0.564125330129583,2.42857142857143,-1.86889893132195,-1.12926539984675,-0.685334205754863,2.85714285714286,-1.87410612953855,-0.961371411231647,-0.668603429443431,3,-1.13938428783594,-0.842959009541186,-0.370632969020351,1.85714285714286,-2.28367024818719,-1.16930574820641,-0.802144688995277,3.14285714285714,-0.513379783992205,-0.453369462677975,-0.142123409677523,3.14285714285714,-0.373501624810024,-0.305935480887964,-0.0946442144509813,1.66666666666667,-1.47504352445428,-1.0238534010602,-0.599007414541915,1.5,-0.509965437030917,-0.0481114640075301,0.0365499658944514,-1.11381141031139,-0.766051469277544,-0.439422715543565,-1.32962024130674,-1.00778779919027,-0.564341494340035
"402",402,"female","white","yr2","STEM","math03","Kinesthetic",4.25,1.33681141534805,0.919063606032471,0.704610973598293,1.4,-1.16286378286451,-0.696000145459213,-0.273872413771114,2.66666666666667,-2.36629249606033,-1.44051180125222,-2.20189160267601,3.1,-0.256434756587251,-0.306139100545387,0.0494026444766297,2.16666666666667,-1.53111589449717,-0.812490890100694,-0.703457097470339,2.57142857142857,-1.86863975846628,-0.81051172658408,-0.845660242936431,2.28571428571429,-3.15279586134795,-2.07558126176381,-0.981658971081622,3,-1.31241728687068,-0.880621701221239,-0.478263513954665,2.71428571428571,-0.537413338702102,0.322348863719587,-0.35505297840051,3.28571428571429,-0.347182260066838,-0.249365881471596,-0.266010010451666,2.57142857142857,-1.59680177319952,-1.20949705311957,-0.558999574212769,1.66666666666667,-1.52089206852995,-0.992317420761083,-0.6683809516446,1.75,0.0185175009313467,0.464531996678296,0.0581554320962412,-1.81912335708325,-1.33235850405829,-0.658946925303861,-1.13796576169351,-0.842864709654596,-0.482926193458564
"403",403,"male","Asian","yr3","STEM","stats","Visual",1.5,-3.18045876846968,-2.2420081715929,-1.47882465933004,1,-1.95766826697144,-1.12363438544422,-0.497556424846265,3.33333333333333,0.55606591547233,0.272191301305421,-0.113984566097563,5,5.13171496016993,3.22150048198912,1.52393034932561,2.33333333333333,-1.17463909003826,-0.975147701335443,-0.543844533215843,3.57142857142857,1.07539412604543,0.2744308137639,0.55772560987763,4,1.02865404757355,0.724786505394709,0.328500878986272,4,1.36678090431542,0.58398281670711,0.484834924831394,3.14285714285714,0.710843936081069,0.0989681303739791,0.209482268065364,4.42857142857143,2.66623322729044,1.52595617908529,1.17811093910457,2,-2.92218268664102,-1.92548107316574,-1.25770609230425,1.33333333333333,-2.13043356478762,-1.67690169823044,-0.855360727292794,1.25,-1.19847666055308,-0.652507558069461,-0.294912104566007,0.592693637818895,0.249116159892183,0.426418232633372,0.228782909981254,0.00671945586426582,0.097372117199892
"404",404,"female","white","yr1","Health","stats","Kinesthetic",3.25,-0.332593548734429,-0.224741515930415,-0.238183486949403,1.8,-0.29458113500291,-0.181483727261871,-0.101988370630374,3.33333333333333,-0.374399849197768,-0.201082530332987,0.446772678662553,3.2,-0.019077945184797,-0.125320020437136,0.0814227760814136,2.5,-0.835076792889243,-0.477306247426615,-0.381861996611037,3.14285714285714,-0.2020540935604,-0.374360898198459,-0.046186394742012,4.14285714285714,1.24111757182958,0.764285202010014,0.421402506654114,4.14285714285714,1.59882339518485,0.968716490499495,0.556496775903625,3.28571428571429,1.07943965776144,0.446201653968505,0.627256837611167,3.14285714285714,-0.54847158686686,-0.361478840460644,-0.205684468639934,3.28571428571429,-0.0470069760749472,-0.126239808807264,0.02269687613893,1.66666666666667,-1.47504352445428,-1.0238534010602,-0.599007414541915,1,-1.67156413915867,-0.843882077011064,-0.352923347074065,0.177392045173931,0.0868708594344951,0.0439092207470998,0.738344547679545,0.405307489106795,0.313664518803974
"405",405,"female","white","yr1","Other","math01","Kinesthetic",2.75,-1.243052568165,-0.678556236103273,-1.07315811043749,1.8,-0.338794276722381,0.019224857778597,-0.143779061138865,3,-1.8355790549641,-1.05743408161181,-0.597180839626671,1.8,-4.01245148885398,-2.66053875176393,-1.04662114238812,3.16666666666667,0.458679406392323,0.0589464732679429,0.219413192063788,3.42857142857143,0.613068915942747,0.110473264933108,0.376859903355263,3.71428571428571,0.238538859136579,0.341685953919076,0.0964488996657522,5,3.74208800854917,2.29084272651677,1.25970296808463,3.71428571428571,1.52909247561602,0.50188914899929,0.285908154914816,4.14285714285714,1.75070025360489,1.05573763336599,0.711586155514369,4.14285714285714,1.84928504971333,0.931066228970015,0.502218549854403,4,3.15807262649247,2.39996650073212,1.31578972865656,1,-1.67156413915867,-0.843882077011064,-0.352923347074065,1.07729730449887,0.888132856420046,0.393177539014305,1.42408639571568,0.825247346012232,0.604642326995488
"406",406,"female","white","yr1","Other","stats","Visual",3.5,0.043392498974075,0.16832765552596,-0.150845655892796,1.4,-1.14670195967863,-0.625050720823686,-0.285747219600522,3.66666666666667,0.156313591898464,0.181995189307425,2.05148344171189,3,-0.67324402412973,-0.426215846127748,-0.203941400082951,3.16666666666667,0.495013682616349,0.202942454772066,0.226983630156134,3.71428571428571,1.0938413878055,0.612505146248761,0.425926652933774,4.28571428571429,1.55996493770419,0.81642805134003,0.510227251771776,4,1.31162625248616,0.96715858536195,0.443048428007192,3.85714285714286,2.13971387399707,1.16782753846956,0.782048079511547,4.28571428571429,2.00831132261842,1.31615931080934,0.764819217572675,3.57142857142857,0.559683041116799,0.173291174437028,0.0917543733390685,4,3.15807262649247,2.39996650073212,1.31578972865656,1.75,-0.14806069722189,-0.321352148580766,-0.133556819734785,1.20714809136361,0.88220585806113,0.481458083204405,1.16460909423967,0.826764072496651,0.494412443230149
"407",407,"female","Black","yr3","Health","stats","Visual",3,-0.787823058449714,-0.451648876016844,-0.655670798693447,2.6,1.25591514935589,1.16630333851108,0.260499990893668,3.66666666666667,-0.783960334657495,-0.582050949263451,0.672993043561175,3.1,-0.429623979618899,-0.181458564251691,-0.20402224476159,3.5,1.1084600970312,0.62370143743623,0.508165738333303,2.57142857142857,-1.59648618556482,-0.85161163028727,-0.588923769446641,4.14285714285714,1.19282120128305,0.677982225185968,0.39546335190931,4.14285714285714,1.54836653309679,1.08430149445589,0.440934910917914,3.57142857142857,1.31905100627563,0.549387409996758,0.330346485326874,3.42857142857143,0.0730587365340033,-0.0267835302084122,0.0428560099751714,3.14285714285714,-0.398691141851385,0.0464630230971969,-0.0612938079295208,1.66666666666667,-1.52089206852995,-0.992317420761083,-0.6683809516446,2.75,2.19936357037368,1.17271913234374,0.535794303888021,-0.107211138463038,-0.110964364783687,-0.0809723761962054,0.969683306309575,0.700161633218821,0.411547804976591
"408",408,"female","white","yr1","Business","math02","Visual",4.25,1.47702113233287,0.643465032504615,1.280137500588,3,2.09136162948616,1.02857303570228,0.603984185987119,2.66666666666667,-2.36629249606033,-1.44051180125222,-2.20189160267601,3.1,-0.420229909423372,-0.118319122063843,-0.191195879339811,3.33333333333333,0.762425636677064,0.493423714348915,0.351987829840031,3,-0.657228310273073,-0.304954283768369,-0.279289532233136,3,-1.50399953365457,-0.934794517307775,-0.482366485244439,3,-1.19326677697627,-0.675498713774425,-0.409499211486148,3,0.147503102790861,0.0285224124955469,0.0660243889655879,3.14285714285714,-0.664626118192267,-0.308175002239694,-0.302740964175853,3,-0.694156755028705,-0.322925183049944,-0.214117423987157,2.33333333333333,-0.136939387527115,-0.183071274139288,-0.0242965000426901,2,0.56814825597861,0.443678416353276,0.17970236257254,-0.869782179132618,-0.638149587841848,-0.317695476421728,-0.0530193542798669,0.0935958006524372,-0.0226702899318303
"409",409,"male","white","yr3","STEM","math04","Kinesthetic",2.75,-1.16380910615822,-0.84471804747322,-0.743008629750054,1.8,-0.282691639655202,-0.524091161573393,-0.0364480684630688,3.66666666666667,1.08677935656856,0.655269020945832,1.49072619695178,4.1,2.54744748844404,1.6477970207513,0.783576467718579,2.83333333333333,-0.184394861204161,-0.19604534397819,-0.0798680929683729,3.28571428571429,0.0549703166904584,0.0172431186404739,-0.0220643677480674,4,0.879386304811145,0.587508791523026,0.275399699631241,3,-1.06245148570729,-0.628123346271014,-0.277993462740627,2.42857142857143,-1.09106109759989,-0.598182164438799,-0.37655700684568,3.71428571428571,0.738560003648729,0.40670513402415,0.298480036327297,3.57142857142857,0.55940843488612,0.35047444201387,0.339863122250663,2.33333333333333,-0.136939387527115,-0.183071274139288,-0.0242965000426901,1.25,-1.19847666055308,-0.652507558069461,-0.294912104566007,0.588212501094509,0.475393735580757,0.183931477490681,-0.588819442694943,-0.402055665888368,-0.249988332001949
"410",410,"female","white","yr5+","Health","stats","Kinesthetic",2.25,-2.02724956908053,-1.21567364755854,-1.19889455682866,2.6,1.31118965639683,0.744734177343674,0.333504845690519,2.33333333333333,-0.085992319374548,0.177776587887529,-1.61037881418403,2.5,-2.25535597209491,-1.22210866362159,-0.791853396607087,2.83333333333333,-0.251435301713591,-0.021464488349752,-0.117004143171338,2.71428571428571,-1.19105282863755,-0.710058784216017,-0.426609306176491,2.28571428571429,-3.22620382993707,-1.83384562326411,-1.07013400806752,2.71428571428571,-1.92214648362915,-1.06215654360658,-0.656279275812377,3.14285714285714,0.516531130156407,0.162994936082397,0.177688843347389,2.71428571428571,-1.65739687038438,-1.0070835745236,-0.656424680234366,2.71428571428571,-1.31056645342713,-0.773144072201715,-0.43565726408222,2,-0.828915728028531,-0.587694347450185,-0.346338725843645,1.5,-0.589979579810867,-0.0939877806955822,-0.118378336234883,-1.76885355679722,-1.29421192261119,-0.635910661888746,-0.466443814412966,-0.214099241613628,-0.198044590375413
"411",411,"female","white","yr1","Business","math03","Kinesthetic",3.75,0.559588263667408,0.28579825345448,0.512018702153518,2.8,1.68466889829336,1.02197721656128,0.40609966600818,3.33333333333333,-0.374399849197768,-0.201082530332987,0.446772678662553,3,-0.702557131271479,-0.326110850212567,-0.26038116509647,1.5,-2.77896782292481,-1.83968271030013,-1.26833988732033,1.57142857142857,-3.95177717605171,-2.23121092130254,-1.50673983283691,2.57142857142857,-2.57748083938083,-1.33491602031288,-0.899451330984782,1.57142857142857,-4.77989652799369,-2.73863247923587,-1.63437479068711,2.57142857142857,-0.571623751277644,-0.241133837504985,-0.127165378906931,1.14285714285714,-5.2492685518342,-3.29620802550241,-2.03944607203822,1.57142857142857,-3.85190078951996,-2.21090555608341,-1.39554223955167,2,-0.828915728028531,-0.587694347450185,-0.346338725843645,1.75,-0.0368779584253253,0.143263054934073,0.094561208402509,-3.81149860550705,-3.00620356764525,-1.41447856705505,-2.26878350316873,-1.49617324782715,-0.962918492363013
"412",412,"female","other","yr2","Other","math02","Visual",4,0.960825367639542,0.525994434576095,0.617273142541686,2.6,1.30825797994447,0.719778331947125,0.29739555127228,2.66666666666667,-2.36629249606033,-1.44051180125222,-2.20189160267601,1.8,-4.19828757538537,-2.62092038189701,-1.2817177220992,2,-1.89298054200911,-0.958314890412383,-0.888521018377127,2.42857142857143,-1.87797536470828,-1.27195793491159,-0.724732769786584,3,-1.51409280471608,-0.741458542808943,-0.499662790569304,3.14285714285714,-0.896562065830608,-0.535708825793223,-0.340427318688544,3,0.0862322959184039,0.0894213554853021,-0.223057567994274,2.42857142857143,-2.13559539208366,-1.56794210241841,-0.85177347953358,3.85714285714286,1.21442834023408,1.00778425798176,0.54095005560094,3,1.17384069313955,1.12302532020119,0.488410125459067,1.5,-0.621148175827482,-0.512726667522369,-0.191568062242842,-1.06457629843479,-0.676287384861314,-0.520214427862428,-1.03376207976592,-0.812798397369801,-0.438605495617079
"413",413,"female","white","yr3","Business","math03","Visual",3.5,0.208853272222533,-0.260143908336656,0.442597480428472,1.4,-1.16356496500656,-0.744901046652924,-0.274466799284212,2.66666666666667,-2.35648433417447,-1.14973949431975,-0.262643959765176,4.2,3.06382575284375,1.72483254176497,1.10436227663492,2.33333333333333,-1.19031121699976,-0.648196117240795,-0.548295742111078,2.42857142857143,-1.99038118674558,-1.0239535990484,-0.776688353044359,2,-3.91185397809692,-2.36125816533672,-1.27136178627285,2.85714285714286,-1.4935860326387,-0.925080222020184,-0.491918046656674,2,-1.97739784538682,-1.0292020376386,-0.707019866899071,2.57142857142857,-1.76678865065968,-1.30814638420053,-0.607465554496027,2,-2.90770274572559,-1.59596132381597,-1.00926110497425,1.33333333333333,-2.13043356478762,-1.67690169823044,-0.855360727292794,1.25,-1.19847666055308,-0.652507558069461,-0.294912104566007,-2.47748866241331,-1.87869743781182,-0.854647950023351,-1.34093213355446,-0.984736922346162,-0.569158934094331
"414",414,"female","white","yr1","Health","stats","Auditory",3.25,-0.3073424924708,-0.377614506265176,-0.220266877617842,2.2,0.517914484458183,0.244253980367792,0.144741358007411,3,-0.905113290294001,-0.584160249973399,-1.15793808438679,3.7,1.38027998055138,1.01387353189837,0.406268717576107,3,0.224246406636574,-0.199159896484442,0.116200921791987,3,-0.724313897600594,-0.24795756468552,-0.317105286369264,3.85714285714286,0.595446116414104,0.50236042718347,0.211111988173857,2.71428571428571,-1.84167170419548,-1.00154730894601,-0.543109775056255,3.28571428571429,0.839951310761018,0.450793300118018,0.309916948375706,3.85714285714286,0.919699426206034,0.804160303667405,0.315944617643747,3.28571428571429,-0.0785620996287757,-0.0646940318141198,0.0851706531864437,2.33333333333333,-0.136939387527115,-0.183071274139288,-0.0242965000426901,2.5,1.6185642193098,0.774833825841971,0.341057647403763,0.195360699291926,0.158698625238033,0.0474866271739869,-0.113240968455313,0.0575853565155112,-0.0481614839184743
"415",415,"female","white","yr4","Other","math04","Kinesthetic",4.5,1.7737637180346,1.20269601533094,1.03732585095717,1.6,-0.728308393920593,-0.499615365452834,-0.170767323261272,4.33333333333333,0.267658385649109,-0.106667816915096,1.94316692674902,2.9,-0.968773728888797,-0.421517246912184,-0.314974749248296,4.83333333333333,3.65739372755912,2.37339626650933,1.66934150941113,3.42857142857143,0.267084177979715,0.358277451839407,0.0496904882541218,3.57142857142857,-0.0922672743811352,-0.238085777244573,0.0568104296371002,4.14285714285714,1.53158707896766,1.0537797221479,0.509523379417908,2.85714285714286,-0.0553675428638015,-0.212615243908502,0.0580652362749254,3.71428571428571,0.601561182382491,0.289421517911131,0.261445798065477,2.71428571428571,-1.28976049193171,-1.17852103757683,-0.718360114219909,3,1.16457844923197,0.906136076640967,0.484725501406459,1.5,-0.725389181947489,-0.461133039127857,-0.23690086205795,-0.196191244673375,-0.252635427303718,0.0159687817488869,1.54821536287821,1.24769545462152,0.65675385068638
"416",416,"male","white","yr2","Other","stats","Visual",2,-2.32399215478226,-1.77490463038486,-0.956082907197831,1.6,-0.729837706088874,-0.426769408461961,-0.205687846653315,3,1.90590032748802,1.41720585880676,1.03828546715453,3.4,0.587778078097825,0.365407457646644,0.276755407475426,3.66666666666667,1.4576685884511,0.821436826760708,0.669811321501201,3.14285714285714,-0.24838792205335,-0.249186704096113,-0.11087073190917,3.85714285714286,0.548080387309575,0.411043342269771,0.187258969543719,3.71428571428571,0.605495339668608,0.443661155426281,0.249507223859893,3.14285714285714,0.538841181393748,0.675878034772281,0.166190758223298,3.85714285714286,1.16270376664339,0.728407353921564,0.492920067973673,3.71428571428571,0.88904003312213,0.539543324707325,0.281401941407931,2,-0.828915728028531,-0.587694347450185,-0.346338725843645,1.25,-1.19847666055308,-0.652507558069461,-0.294912104566007,0.54598648866776,0.453857870163664,0.177009704073831,0.779452424371072,0.613598006870148,0.33070687069571
"417",417,"female","white","yr2","STEM","math02","Kinesthetic",1.75,-2.83321407024069,-1.98852316943611,-1.68580309029775,1.8,-0.309213646020511,-0.325279108888271,-0.0551930414089239,4,2.54795856233489,1.51162057222465,2.534679715241,4.1,2.47362250420815,1.44090316921069,0.679052607306578,2.66666666666667,-0.477641557604411,-0.376814630642892,-0.21195726351698,3,-0.472204468516113,-0.3377515998951,-0.115406941126144,4.42857142857143,2.00017555597262,1.18796119121502,0.666799723794248,3.42857142857143,0.0228656485131811,0.0865978894194537,0.0699072375242613,2,-1.9951974709765,-1.04214470369655,-0.795925457533904,3.57142857142857,0.479390968199911,0.245539109605932,0.21156030638099,2.85714285714286,-1.00879590008225,-0.447334927942413,-0.253436465089992,4,3.15807262649247,2.39996650073212,1.31578972865656,1.75,-0.0403488247636039,-0.114841361020602,0.00316859424141591,0.406571966454937,0.209836397661081,0.162433641705959,-0.733516065390792,-0.615853505214412,-0.311348687439136
"418",418,"female","white","yr1","Health","math02","Kinesthetic",3.5,0.043392498974075,0.16832765552596,-0.150845655892796,1.8,-0.369461663041669,-0.366167707861626,-0.0513771737221595,2.66666666666667,0.454529283607546,0.851626614460409,1.93357959177614,2.8,-1.2531204696744,-0.646985143228241,-0.37951218847712,1.33333333333333,-3.13402517697777,-1.87988819110897,-1.4365485549379,2.71428571428571,-1.17425138668602,-0.797259701020698,-0.419444041441283,3,-1.39465283257316,-1.03401929682326,-0.414970323458093,1.85714285714286,-3.9996358609297,-2.41529745045909,-1.4054748907589,2.42857142857143,-1.08609938341948,-0.656105246032304,-0.467746694612143,2.42857142857143,-2.21239078068937,-1.51769860554369,-0.833126788219359,2,-2.91246300543434,-1.77479316725826,-1.10522374940932,2.33333333333333,-0.136939387527115,-0.183071274139288,-0.0242965000426901,1.5,-0.621148175827482,-0.512726667522369,-0.191568062242842,-1.78450247215524,-1.48002777941575,-0.589690273662824,-2.46987100587784,-1.72788190366973,-1.048216326528
"419",419,"female","Asian","yr5+","Health","stats","Kinesthetic",5,2.60497927545839,1.82267254687374,1.54215099375782,2,0.0930180965516473,-0.270793178152947,0.0716616607597336,3.66666666666667,-0.783960334657495,-0.582050949263451,0.672993043561175,1.1,-6.26637204382095,-3.79969821873665,-1.9892361454326,2.16666666666667,-1.38688961970895,-1.16931342495197,-0.625149685601728,3.28571428571429,0.299653912748571,-0.120281073316556,0.227972001575066,3.85714285714286,0.509191033249244,0.212058137244279,0.200243641166295,4,1.32694837502613,0.591909134618328,0.468230918510108,3.42857142857143,1.07564962007236,0.890129048641222,0.31034507160978,4,1.42187280209221,0.889573378339782,0.57983979791998,2.71428571428571,-1.30109825398585,-0.927786190944375,-0.504292418519102,4,3.15807262649247,2.39996650073212,1.31578972865656,2.75,2.16819497435706,0.753980245516951,0.462604577880062,0.360676431548368,0.188853003802453,0.219093485463111,0.246269642150552,0.0170293835851224,0.104825376955919
"420",420,"male","white","yr3","Other","math04","Visual",2.5,-1.57202005936525,-0.988766287472111,-0.781407245084617,3,2.11992546937932,1.26726289776137,0.50979914203112,3.33333333333333,-0.38420801108363,-0.491854837265455,-1.49247496424828,3,-0.702557131271479,-0.326110850212567,-0.26038116509647,3.33333333333333,0.717245536811778,0.570184364128593,0.330611710505871,2.57142857142857,-1.70295456909863,-0.884737187255533,-0.72003221337748,3.71428571428571,0.15592175272098,0.0501735410110986,0.0329119951088709,2.71428571428571,-1.88627557683009,-0.950972540601881,-0.634069928359354,2.85714285714286,-0.063676045777831,-0.128643073145786,0.0928903852711664,3.28571428571429,-0.289391438826788,-0.106354838196857,-0.127712707767944,3.71428571428571,0.906395051351569,0.542175916157035,0.360689382582273,3,1.16457844923197,0.906136076640967,0.484725501406459,2.5,1.4796837508349,0.14958415145502,0.131142507419603,-0.319402664145149,-0.172184414526727,-0.211786278638617,-0.230226280461111,0.00842906163495841,-0.0979163656142638
"421",421,"male","white","yr3","Other","math04","Kinesthetic",3.25,-0.393559803712477,-0.115304753772506,-0.483560533251673,2.4,0.773001238738522,0.586422525219824,0.226751070237895,2,-0.606897598584919,0.0854711751795855,-1.27584193432254,3.8,1.69562130893893,1.05640193293925,0.516782790419781,1.66666666666667,-2.48254709545879,-1.59145575739826,-1.1307830420971,3.14285714285714,-0.337137114428604,-0.103862409158731,-0.162909389969233,2.42857142857143,-2.97953175327952,-1.4403563314574,-1.03875226450752,2.71428571428571,-1.94600829325202,-1.139246058479,-0.666118671500409,2.42857142857143,-1.13652611341315,-0.444134477393826,-0.506532936080127,2.57142857142857,-1.88294318198509,-1.25484254597958,-0.704522050031947,2,-2.90770274572559,-1.59596132381597,-1.00926110497425,2,-0.828915728028531,-0.587694347450185,-0.346338725843645,1,-1.67156413915867,-0.843882077011064,-0.352923347074065,-1.94551947474444,-1.525580481061,-0.623656630369386,-1.69381334573633,-1.27363840593435,-0.718780863225052
"422",422,"female","white","yr3","Other","math04","Auditory",3.25,-0.332593548734429,-0.224741515930415,-0.238183486949403,1.4,-1.16286378286451,-0.696000145459213,-0.273872413771114,3,0.0253524743760969,-0.110886418334991,-1.7186953291469,3.4,0.366507358818602,0.33310417163619,-0.0318085727977932,4,2.03910926845244,1.34767683886803,0.931198187346884,4,1.67879251267537,1.01135389402445,0.579863456241497,3.85714285714286,0.477033352982382,0.377443568311863,0.107152866794933,4.14285714285714,1.59963212964754,1.08425409559113,0.481143696770377,4,2.45301426953549,1.01857348503965,0.975314998385996,3.57142857142857,0.38322608183015,0.345658679422717,0.170784594566652,3.85714285714286,1.21498151104564,0.863511627384893,0.469846543799391,2,-0.828915728028531,-0.587694347450185,-0.346338725843645,2.5,1.64973281532642,1.19357271266876,0.414247373411722,0.868515949041693,0.699449392586172,0.31478795603363,1.809439120822,1.39126396577864,0.767933574405204
"423",423,"female","white","yr5+","Health","stats","Auditory",3.5,0.0686435552377044,0.0154546651911992,-0.132929046561235,3.2,2.52285839409352,1.37064972969041,0.637248229712876,2.33333333333333,-2.8871977752707,-1.53281721396016,-1.86735472281452,1.4,-5.44509661610257,-3.29511303857075,-1.81925699817903,2.66666666666667,-0.44880985425667,-0.54975332632321,-0.197629695860121,2.28571428571429,-2.22999238460346,-1.28345784314657,-0.854191813490741,2.28571428571429,-3.14506352454837,-1.99358182380503,-0.972731599993868,2.57142857142857,-2.24655926302756,-1.2232010277349,-0.787674173416762,2.57142857142857,-0.813864702953161,-0.40933194556998,-0.314523375712184,2.42857142857143,-2.15877841188561,-1.55747582098562,-0.73802364434905,2.42857142857143,-1.95351041449386,-1.00751245321789,-0.718606376413493,2.66666666666667,0.545774709066722,0.00466255561139023,0.294061101705656,2.75,2.23053216639029,1.59145801917052,0.608984029895981,-2.20743828170408,-1.66565635398923,-0.802380315999876,-1.03469527276047,-0.636267202251896,-0.439289631676615
"424",424,"female","other","yr1","Other","math02","Kinesthetic",2.75,-1.10981670041507,-0.858006868508405,-0.430775758394179,1.2,-1.53927470121341,-0.99819903007337,-0.382576528507014,3.66666666666667,0.146505430012603,-0.108777117625043,0.112235798801059,2.7,-1.53746721046,-0.872453039544298,-0.444049627705945,3,0.226005208092118,-0.0153609017665204,0.112350455952826,2.85714285714286,-0.819903511138556,-0.493359693600611,-0.283203621180629,2.42857142857143,-2.76186990613143,-1.81432226448213,-0.858344032075005,3,-1.13107195357799,-1.00075815397507,-0.431061394808938,2.71428571428571,-0.179325367304254,-0.287115563459746,0.184556865926925,3.57142857142857,0.562447965362655,0.0900487433800929,0.352089932044921,4,1.53435694965736,0.742815503234897,0.513656494250318,3.66666666666667,2.50268258615914,1.74691820356188,1.05943641590568,1.75,-0.252301703341897,-0.269758520186254,-0.178889619549892,-0.308980649910311,-0.0456769567880756,-0.158051852027693,-0.126901467441419,0.0183097320237572,-0.0539517926287143
"425",425,"female","other","yr1","STEM","math02","Visual",3.25,-0.271627293756382,-0.334178278088324,0.00719355935286649,1.2,-1.52241169588548,-0.878348704244132,-0.393856948823324,2.66666666666667,-1.42601856950437,-0.676465662681343,-0.823401204525293,3.3,0.346707649289749,-0.0729548483062115,0.203458124590003,3.83333333333333,1.72208358150361,1.17514480910573,0.787572924392949,3.42857142857143,0.355764885504099,0.234816125579758,0.122137659681777,3,-1.50399953365457,-0.934794517307775,-0.482366485244439,3.57142857142857,0.220077681159357,0.310058626308922,0.0831433287560472,3.14285714285714,0.545954341352563,0.323155261396898,0.248337398618286,3,-0.988426542380879,-0.547208533237225,-0.413211125194478,3.14285714285714,-0.371867924180661,-0.105546504195753,-0.05064152119206,2,-0.828915728028531,-0.587694347450185,-0.346338725843645,2.25,1.2531886131625,0.789970094460531,0.419771818871906,-0.566703513871936,-0.402525815624967,-0.199041255466135,0.785718748570882,0.6713954596665,0.333311743848782
"426",426,"female","white","yr3","Other","math04","Auditory",3.75,0.49862200868936,0.395235015612389,0.266641655851248,2.4,0.873702591000546,0.523393551940746,0.194290460762437,3,-0.905113290294001,-0.584160249973399,-1.15793808438679,2.5,-2.1227387538705,-1.2679310631294,-0.650434435982082,3.33333333333333,0.759251605611295,0.425966048111752,0.346520155165405,3.71428571428571,0.925729498209422,0.594147853767447,0.31487725990838,3.57142857142857,-0.114974675652445,-0.0338373661539281,-0.0502908054977614,3.85714285714286,0.906855043906839,0.643153729773817,0.295709646642997,3,0.290813977510896,0.0302027045915644,0.188009244171612,3.42857142857143,0.0516892569077233,-0.00859150949972746,0.0205827769725334,3.28571428571429,-0.0412185065246217,-0.115052163703135,-0.0267947176725542,2,-0.828915728028531,-0.587694347450185,-0.346338725843645,2,0.56814825597861,0.443678416353276,0.17970236257254,0.174316150850228,0.122901462914596,0.0912584572252889,0.627656003534017,0.452055392449866,0.266380771118735
"427",427,"male","white","yr2","STEM","stats","Visual",4.25,1.25756795334126,1.08522541740242,0.374461492910856,2.4,0.905386768128547,0.325592288855011,0.284659637031672,4,2.54795856233489,1.51162057222465,2.534679715241,3.6,1.34552103048668,0.623875873391,0.685210862996626,5,3.98282322843044,2.57936891273621,1.8194510001737,3.71428571428571,1.24903703734155,0.36883782003769,0.577279263040074,4,0.865511848918276,0.610947561602144,0.327967445826199,4.14285714285714,1.64196618766606,0.972190282968527,0.554494109955483,3.28571428571429,1.09446769582844,0.631457080029709,0.530820217519745,5,3.63130769413571,2.34893386780816,1.3870550416303,3,-0.671014538259103,-0.669892427308756,-0.397522545066107,3.33333333333333,1.85655478973339,1.31075914995186,0.806767727207414,1.5,-0.621148175827482,-0.512726667522369,-0.191568062242842,1.25864941883196,0.884668374007468,0.588872511620857,2.07360492656444,1.66434246811206,0.879768831661177
"428",428,"female","white","yr3","STEM","math04","Visual",4.25,1.27584516037,1.02850036819038,0.459233927296023,1.8,-0.308512463878467,-0.27637820769456,-0.0545986558958262,3,-0.89530512840814,-0.293387943040931,0.781309558524047,3.8,1.66499899373845,0.900847018121921,0.477779600164171,2.33333333333333,-1.26290356980684,-0.601359063824395,-0.592595532465163,3.42857142857143,0.217143357090958,0.120576278926411,0.00253089237435183,3.42857142857143,-0.482463712512999,-0.428453312599138,-0.141066317542912,3.85714285714286,0.971474467534445,0.72550339502741,0.34402558651538,2,-1.94292775278949,-0.990329803295263,-0.743556455777893,2.14285714285714,-2.90515856253619,-1.83803796747958,-1.10363224788408,2.85714285714286,-1.02877612858829,-0.572218221351073,-0.381264649824324,2.33333333333333,-0.182787931602778,-0.151535293840168,-0.0936700371453748,2.25,1.17664533672082,1.00219819372715,0.356236130903665,-1.01763267711485,-0.847146047721152,-0.369744284565137,-0.708447800004524,-0.70073329449004,-0.300544683070019
"429",429,"male","Black","yr1","STEM","math02","Visual",2.75,-1.10981670041507,-0.858006868508405,-0.430775758394179,1,-1.95766826697144,-1.12363438544422,-0.497556424846265,4,0.677218871108836,0.274300602015368,1.7169465618504,4,2.21457891444923,1.44769481588828,0.631774592114571,4.66666666666667,3.38998177349841,2.08291500693248,1.54433730972723,4,1.78859944265078,0.980557153271444,0.737484750593743,4.42857142857143,1.94449228167186,1.13782981109125,0.652250408195465,4.14285714285714,1.63469430198391,1.07990049350419,0.578706123356648,3.85714285714286,2.15354656910886,1.08433236191809,0.802583248811354,3.57142857142857,0.363856584066106,0.395534752364784,0.111362191438093,4.14285714285714,1.82432304828678,1.16485704512056,0.665214718620689,2,-0.828915728028531,-0.587694347450185,-0.346338725843645,1.25,-1.19847666055308,-0.652507558069461,-0.294912104566007,1.47063085767839,1.1176170767886,0.513485067619701,2.14166448923515,1.68603012525171,0.908768636364509
"430",430,"male","white","yr1","STEM","math01","Visual",3,-0.752107859735296,-0.408212647839992,-0.428210361722739,2.8,1.61048955239664,0.886194137155238,0.457305248429493,4,-0.272863217332985,-0.780517843487975,-1.60079147921115,1.7,-4.71280606606405,-2.61931534861959,-1.54679818247593,4.16666666666667,2.38593987864047,1.48512609221763,1.09114770503829,4.28571428571429,2.35330096915106,1.39630067557394,0.897608965757571,4.85714285714286,2.94628356100497,1.73655049466034,0.957922385098657,4,1.31651295969185,0.861234732738427,0.459315624738519,4.57142857142857,3.61399109942131,1.66024957930078,1.29146192060095,4.14285714285714,1.56270919258873,1.10660708946618,0.539157983849343,4.42857142857143,2.46358727946255,1.56505518998352,0.96730739157736,1,-2.82240990528903,-2.08152477154134,-1.17740295309375,1.75,-0.0403488247636039,-0.114841361020602,0.00316859424141591,2.25947699943457,1.7342878118906,0.79188709499468,2.15620378728656,1.68491688746637,0.915100416451512
"431",431,"female","white","yr1","Other","math01","Kinesthetic",2.5,-1.7409711258296,-0.852751883243831,-1.65125003409864,1.8,-0.309213646020511,-0.325279108888271,-0.0551930414089239,3.33333333333333,1.49633984202829,1.0362374398763,1.26450583205315,3,-0.702557131271479,-0.326110850212567,-0.26038116509647,2.33333333333333,-1.13167459041282,-0.856217589333811,-0.517643919716749,2.71428571428571,-1.34000506090454,-0.701171271671513,-0.524663557632643,3.57142857142857,-0.123350004517983,0.116362150409188,-0.0905249426738806,3.28571428571429,-0.398422916795131,-0.1581886427026,-0.118666005032607,2.14285714285714,-1.93337512935696,-0.839526265385713,-0.926950836906696,3.14285714285714,-0.549091734058463,-0.458170644998546,-0.202542849232957,2.85714285714286,-0.985416550318994,-0.729996395970577,-0.41307585224998,3.66666666666667,2.46609628599106,1.99534342742122,0.993747502855608,1.5,-0.621148175827482,-0.512726667522369,-0.191568062242842,-0.798128529342075,-0.643188713599385,-0.292028766108064,-1.19472586047277,-0.960476286305375,-0.507067538428416
"432",432,"female","white","yr1","Other","math01","Auditory",4.75,2.1497497657431,1.59576518678731,1.12466368201378,3,2.06178099878429,1.37307700236915,0.515398166257178,2.33333333333333,-2.8871977752707,-1.53281721396016,-1.86735472281452,1.8,-4.23361197943255,-2.68751188045862,-1.314168544704,1,-3.79203261148157,-2.34739938273651,-1.73356025113357,1.14285714285714,-4.88283524203854,-2.74473509279005,-1.86833704079939,1.42857142857143,-5.25189621097721,-3.25656608596391,-1.69912583231723,2.28571428571429,-2.98617590416771,-1.8596688185874,-1.04390393514958,1.42857142857143,-3.22660976595099,-1.25407985956913,-1.27855641651542,1.57142857142857,-4.30958497876039,-2.74630171281923,-1.69857000957328,2.57142857142857,-1.69677111125212,-0.995595668239044,-0.611785748148713,1.33333333333333,-2.17628210886328,-1.64536571793132,-0.924734264395479,1.25,-1.09423565443307,-0.704101186463973,-0.2495793047509,-3.97431025992766,-2.90559347384075,-1.55481272336865,-3.03364625256255,-2.29071149407931,-1.28744496569292
"433",433,"female","white","yr2","Other","math01","Auditory",1.5,-3.27016637292725,-2.27215557873457,-2.01851796765663,1,-1.95766826697144,-1.12363438544422,-0.497556424846265,2.33333333333333,-1.02626624593051,-0.586269550683347,-2.98886921233475,3.2,-0.0815545561433204,0.0927691304510419,-0.0770452127959879,3,0.0953953084744368,0.11598476499985,0.0429453745200661,3,-0.657228310273073,-0.304954283768369,-0.279289532233136,3,-1.50399953365457,-0.934794517307775,-0.482366485244439,3,-1.19326677697627,-0.675498713774425,-0.409499211486148,3,0.196426032244247,0.106386402066042,0.0620288519513763,3,-0.988426542380879,-0.547208533237225,-0.413211125194478,3,-0.694156755028705,-0.322925183049944,-0.214117423987157,2.33333333333333,-0.173525687695199,0.0653539497200516,-0.0899854130927663,2,0.56814825597861,0.443678416353276,0.17970236257254,-0.938147721068434,-0.693517724527344,-0.346764245030412,-0.255233020154602,-0.0947131141922041,-0.108410916539852
"434",434,"female","white","yr1","Other","math02","Visual",3.75,0.444629602946209,0.408523836647575,-0.0455912155046277,2.8,1.64351438091045,1.07699388762,0.434150022283776,3.33333333333333,1.50614800391415,1.32700974680876,3.20375347496399,2.1,-3.23862063076252,-1.77015689410646,-1.04139909869179,2.66666666666667,-0.464467192152635,-0.348094250979414,-0.210376386514306,3.57142857142857,0.785799981025711,0.36138532208093,0.355322069562742,4.57142857142857,2.27480990666806,1.29032409457525,0.733072760011937,4,1.34037476931471,0.938324247610848,0.469155020426551,2.71428571428571,-0.367110676682337,-0.159322038876758,-0.148211785638502,3.57142857142857,0.393301212425091,0.279821601580874,0.156788673231716,3.57142857142857,0.605667056619995,0.289746821979063,0.230366108756332,3,1.16457844923197,0.906136076640967,0.484725501406459,1.75,-0.116892101205275,0.0973867382460212,-0.0603670937268255,1.036354784334,0.731681733574319,0.372792377536512,0.134158600228663,-0.032556250505858,0.0570726486353136
"435",435,"female","white","yr2","STEM","stats","Auditory",1.75,-2.82274992778991,-1.79221395092449,-1.4762592626586,1.4,-1.12017995331332,-0.823862773508807,-0.267002246654667,4.33333333333333,0.267658385649109,-0.106667816915096,1.94316692674902,2.2,-3.07877881920829,-1.95186858895821,-1.04162385413561,4.16666666666667,2.41732653327765,1.50315792151752,1.10539641605412,4.28571428571429,2.31375384351776,1.52785871423289,0.846084802420508,4.28571428571429,1.6159936450503,0.984730466122854,0.545093777604334,4.14285714285714,1.69931372561152,1.16225015875778,0.62702206322903,2.28571428571429,-1.40223755085376,-0.616275937439245,-0.515036264673129,4,1.19816979100979,0.935641652119406,0.346992186699521,3.14285714285714,-0.333785076237362,-0.38738981526558,-0.257304144798865,2.33333333333333,-0.182787931602778,-0.151535293840168,-0.0936700371453748,2.5,1.58739562329319,0.356094939015184,0.267867921395804,1.04702218590115,0.678116433979058,0.473849264078924,0.807706400564583,0.581908785566598,0.342569368063237
"436",436,"male","other","yr3","STEM","math03","Visual",1,-4.07264058087151,-2.7525479409778,-2.22902684843296,1,-1.95766826697144,-1.12363438544422,-0.497556424846265,4,0.677218871108836,0.274300602015368,1.7169465618504,2.2,-3.22162412804305,-1.69593295475272,-1.10030577483577,4,2.03910926845244,1.34767683886803,0.931198187346884,4,1.63445260902962,1.02399349125302,0.586406600707224,4,0.903854910787779,0.491669130721172,0.306628815783969,4,1.27441061578645,0.807672006371172,0.42510187829924,4,2.38478791395213,1.21760158762018,0.847623166283179,4,1.32144057587741,0.900862667285468,0.486921958217911,4,1.51938923566818,0.950110957716078,0.581026256999934,2,-0.828915728028531,-0.587694347450185,-0.346338725843645,2,0.56814825597861,0.443678416353276,0.17970236257254,1.28748907933531,1.02145690428275,0.464721145086021,1.65732795103539,1.28552764298991,0.703346916873826
"437",437,"female","white","yr1","Other","math01","Visual",4.25,1.33681141534805,0.919063606032471,0.704610973598293,2,0.0818297833459822,0.120715157352286,0.0067157441055257,3.66666666666667,1.08677935656856,0.655269020945832,1.49072619695178,2.9,-1.10510456451884,-0.633238073248973,-0.497670861153939,2,-1.79315300631781,-1.10591273647084,-0.819522634885594,2.28571428571429,-2.24018611875557,-1.20405642130418,-0.873456324374651,2.85714285714286,-1.89561187605234,-0.977400682659984,-0.628359501259632,2.71428571428571,-1.88004413972376,-1.00859381723932,-0.622065529373098,2.14285714285714,-1.6389496267152,-0.556148247541771,-0.671228381962176,3,-0.842207235504884,-0.619533717704183,-0.273869767271912,3.28571428571429,-0.0727736300784501,-0.0535063867099912,0.0356790593749594,3,1.16457844923197,0.906136076640967,0.484725501406459,1.5,-0.621148175827482,-0.512726667522369,-0.191568062242842,-1.21289977479171,-0.824177176613266,-0.508534842525684,-1.5934728117019,-1.17643531623359,-0.67629060830741
"438",438,"male","white","yr1","STEM","math02","Visual",3.75,0.505595857924257,0.299087074489666,0.199785830797642,2.2,0.442907008535231,0.230217759146332,0.161620802549779,2,-0.606897598584919,0.0854711751795855,-1.27584193432254,3,-0.702557131271479,-0.326110850212567,-0.26038116509647,2.5,-0.885663745668814,-0.497212936879686,-0.402479746961685,3,-0.657228310273073,-0.304954283768369,-0.279289532233136,3,-1.50399953365457,-0.934794517307775,-0.482366485244439,3,-1.19326677697627,-0.675498713774425,-0.409499211486148,2.71428571428571,-0.439365944569445,-0.468256337582691,-0.0917067215131617,2.42857142857143,-2.25044146061675,-1.34144605209751,-0.839818649864362,3,-0.694156755028705,-0.322925183049944,-0.214117423987157,3,1.16457844923197,0.906136076640967,0.484725501406459,3,2.80786065111589,1.73123890971762,0.712328072219146,-1.20215796916643,-0.907335315804329,-0.45902039915389,-0.669256308978946,-0.462673185807788,-0.28403017467029
"439",439,"female","white","yr1","Business","math03","Auditory",3.25,-0.393559803712477,-0.115304753772506,-0.483560533251673,1.6,-0.787855228799708,-0.491603063232478,-0.16635707006141,3.33333333333333,0.55606591547233,0.272191301305421,-0.113984566097563,2.7,-1.53746721046,-0.872453039544298,-0.444049627705945,2.66666666666667,-0.531225471392189,-0.333494597327792,-0.239817610659777,4,1.63445260902962,1.02399349125302,0.586406600707224,2.57142857142857,-2.50781079311371,-1.59500365500779,-0.794046529609941,3.14285714285714,-0.830597912302346,-0.405056584553547,-0.296374176561233,3,0.196426032244247,0.106386402066042,0.0620288519513763,2.85714285714286,-1.3279492716801,-0.744227514959491,-0.527819942046954,3,-0.694156755028705,-0.322925183049944,-0.214117423987157,2.33333333333333,-0.182787931602778,-0.151535293840168,-0.0936700371453748,1.5,-0.725389181947489,-0.461133039127857,-0.23690086205795,-0.658958641686052,-0.482559818198364,-0.180439621538727,-0.343677719275577,-0.21936246859439,-0.145849566789916
"440",440,"female","white","yr1","STEM","math02","Auditory",3.5,0.043392498974075,0.16832765552596,-0.150845655892796,1.2,-1.52241169588548,-0.878348704244132,-0.393856948823324,3,0.0449687981478194,0.470658195529945,2.15979995667477,4.5,3.75093857767625,2.38585372073564,1.22754404604638,2.33333333333333,-1.15653189206517,-0.695170660716881,-0.540646447377703,3.57142857142857,0.804125039631853,0.336980043947661,0.343032123065269,2.85714285714286,-1.74772112135002,-1.13381037744112,-0.549959623278547,2.57142857142857,-2.1141675277448,-1.29314962323526,-0.621294555670486,2.28571428571429,-1.28125564564053,-0.424073405569833,-0.369205404410544,2.85714285714286,-1.06853431053143,-0.785494606418545,-0.234552891271062,2.71428571428571,-1.3185170552251,-0.56849347111902,-0.389475310924059,2,-0.828915728028531,-0.587694347450185,-0.346338725843645,2,0.56814825597861,0.443678416353276,0.17970236257254,-0.564087800665511,-0.444445672642741,-0.138733836710113,-1.16317667359407,-0.811493408639183,-0.493700706984105
"441",441,"female","white","yr1","Business","math02","Auditory",4,1.02179162261759,0.416557672418186,0.862650188843956,2.8,1.70083072147924,1.09292664119681,0.394224860178773,2.66666666666667,-2.36629249606033,-1.44051180125222,-2.20189160267601,2.1,-3.34923599810024,-2.02589255263581,-1.09708038822156,3.33333333333333,0.753402742978241,0.583495956627383,0.33995707071574,3.14285714285714,-0.323536348984038,-0.269049097400115,-0.137540542031507,3.28571428571429,-0.856264835603701,-0.4598360801258,-0.319002186432751,2.71428571428571,-1.86114160451831,-1.08959849861754,-0.621310278312916,2.85714285714286,-0.0285858114362391,0.0327160929761711,0.0683596789571476,3,-0.96107114024004,-0.75431581337947,-0.389381722807562,3.14285714285714,-0.391120858848604,-0.100454460898157,-0.153585129322525,3,1.16457844923197,0.906136076640967,0.484725501406459,1.5,-0.725389181947489,-0.461133039127857,-0.23690086205795,-0.666707062503069,-0.50095774568156,-0.245781011306899,-0.233979373803521,0.00314445861745209,-0.099512357287307
"442",442,"female","white","yr2","Other","math02","Kinesthetic",3,-0.744294795157352,-0.661246915563643,-0.552981754976719,1,-1.95766826697144,-1.12363438544422,-0.497556424846265,3.66666666666667,2.01724512123866,1.12854285258424,0.929968952191661,2.9,-0.99407687991548,-0.653776789905825,-0.332234173285113,2.16666666666667,-1.37848580578646,-1.13587280848739,-0.618665457793091,3.57142857142857,0.936096834887086,0.401110108688935,0.408661689807415,4.42857142857143,1.91529746086784,1.19134630992864,0.63063267816063,4.57142857142857,2.72016093191601,1.5468931779032,0.906292055186707,2.42857142857143,-0.837196560317893,-0.282766397117253,-0.207456045404362,3.57142857142857,0.579734307005962,0.328207798505816,0.295530177008741,3,-0.693654633183211,-0.618716138461404,-0.332580410653926,3,1.16457844923197,0.906136076640967,0.484725501406459,1.5,-0.725389181947489,-0.461133039127857,-0.23690086205795,0.737893154535485,0.437504393507311,0.333564411087873,0.183783281307371,-0.141650629377988,0.0783247958173885
"443",443,"female","Black","yr1","Business","math03","Visual",4.5,1.85300718004138,1.03653420396099,1.36747533164461,2.8,1.72958322215487,0.870169532714525,0.448484742029769,3,-0.905113290294001,-0.584160249973399,-1.15793808438679,3.5,0.742298645949878,0.593378744502459,0.271256059836182,3.33333333333333,0.74942834128285,0.59538772369077,0.348632030719835,3.42857142857143,0.503193501116474,0.163132974363842,0.239647122370609,3,-1.50399953365457,-0.934794517307775,-0.482366485244439,2.85714285714286,-1.4038326366993,-0.98135651478225,-0.430842456737854,2.85714285714286,0.00248403124787752,-0.0962364933220988,0.0312504328292765,3.42857142857143,0.148474290469087,-0.0120192747786099,0.0582168693798938,3.57142857142857,0.553630355757333,0.370217140772417,0.161592493453352,2,-0.828915728028531,-0.587694347450185,-0.346338725843645,2.75,2.06742483457534,1.06367828986614,0.508664392226048,-0.0661239864909972,0.0186401972675013,-0.0123797715063917,-0.10163215401173,0.0603512164603653,-0.043310376447388
"444",444,"female","white","yr1","Business","stats","Visual",4.25,1.35508862237678,0.862338556820433,0.78938340798346,2.8,1.69860022716892,1.11687169699397,0.358709951273632,3.33333333333333,-0.374399849197768,-0.201082530332987,0.446772678662553,3.9,2.10192676209841,1.13392290977583,0.801364861328658,2.83333333333333,-0.162993751887456,-0.264568736855467,-0.0700280660395397,1.85714285714286,-3.21558408838815,-1.70494099556313,-1.2285103878714,3.57142857142857,-0.162239358578314,-0.0826230546163042,-0.0775402710513051,3.14285714285714,-0.867813549002062,-0.564543163544325,-0.314320726269184,3,0.320942497672076,0.249484952307027,0.254668225624057,3.14285714285714,-0.66044802270314,-0.279054798493547,-0.30934508582075,4,1.51938923566818,0.950110957716078,0.581026256999934,3.33333333333333,1.77411994548964,1.59072035411032,0.671705277054653,2.25,1.0412357345842,0.635052935294879,0.237713605080598,-0.725754818196326,-0.424066714923718,-0.424881784367965,-0.0896732182317882,0.00117241764277728,-0.0380697069639275
"445",445,"female","white","yr2","STEM","stats","Visual",4.25,1.39777767032609,0.809626843874562,0.949988019900563,2,0.0979916065318634,0.191664581987813,-0.00515906172388175,3.66666666666667,2.01724512123866,1.12854285258424,0.929968952191661,3.8,1.93599260511333,0.825136012564828,0.798685690073957,2,-1.79790876878156,-1.22648500842059,-0.822914765838581,3.28571428571429,-0.0374543529314711,-0.178444984759756,-0.0361697711531505,3.57142857142857,-0.0969048135305955,0.0684648211458407,-0.0446590699790525,3.42857142857143,-0.111225774096444,-0.156630737565055,-0.00521765713617445,2.28571428571429,-1.33890672507763,-0.475643453586169,-0.627474304343566,3.42857142857143,0.150563516687232,0.0793748545797243,0.0798139487866006,3.42857142857143,0.266088261562491,0.0685977212127457,0.00669918445931457,3.66666666666667,2.50268258615914,1.74691820356188,1.05943641590568,1,-1.67156413915867,-0.843882077011064,-0.352923347074065,-0.00213527999517936,0.00776754111958581,-9.24073636096485e-05,-1.04932890500883,-0.903124385100956,-0.445214572917275
"446",446,"female","white","yr1","Health","stats","Kinesthetic",3.75,0.674546924388607,0.163072670261386,1.06962861981166,2.4,0.87593308531087,0.499448496143584,0.229805369667578,3.66666666666667,0.146505430012603,-0.108777117625043,0.112235798801059,3.7,1.51603901964831,0.746457118198537,0.649783015343205,2.33333333333333,-1.19348524806553,-0.715653783477957,-0.553763416785704,3.57142857142857,0.592037536920386,0.558242667399193,0.173128269706751,4.42857142857143,1.87073901264332,1.1233953292998,0.587763759026883,4.57142857142857,2.65053943722236,1.63374276746374,0.899797868833483,3.14285714285714,0.550916055532975,0.265232179803393,0.157147710851822,3.14285714285714,-0.664626118192267,-0.308175002239694,-0.302740964175853,4.85714285714286,3.42800141374645,2.00840101107762,1.29198147636627,2.33333333333333,-0.173525687695199,0.0653539497200516,-0.0899854130927663,1.75,-0.0368779584253253,0.143263054934073,0.094561208402509,1.16489964260139,0.990459670251172,0.281104374096445,0.52219145586389,0.132640060155054,0.221979923384726
"447",447,"female","Asian","yr1","STEM","stats","Auditory",2,-2.40323561678904,-1.60874281901492,-1.28623238788527,1.4,-1.16286378286451,-0.696000145459213,-0.273872413771114,3.66666666666667,0.146505430012603,-0.108777117625043,0.112235798801059,2.8,-1.30682695309281,-0.740879848697304,-0.413794832284216,4,2.03910926845244,1.34767683886803,0.931198187346884,4.57142857142857,2.91307184770428,1.83503382560401,1.07108405510026,4.42857142857143,1.98210569385077,1.08565900391525,0.661167988275539,4.57142857142857,2.68879552249789,1.7431404125563,0.881528006154014,4.28571428571429,3.04881196155408,1.5538669961338,1.11022684243331,4.42857142857143,2.27964471488032,1.50288238674405,0.859340105590752,4.14285714285714,1.82744960736618,1.14329991187064,0.717174669796841,2.33333333333333,-0.136939387527115,-0.183071274139288,-0.0242965000426901,2.25,1.1801162030591,1.26030260968183,0.447628745064758,2.1978786654778,1.68760354101301,0.825487865245353,2.25227507056595,1.639482820481,0.955979762769556
"448",448,"female","white","yr1","Other","stats","Visual",2.75,-1.13855804989459,-0.997591037807981,-0.725092020418493,1.6,-0.772521535640064,-0.298906780412366,-0.212558013769762,3.33333333333333,-0.374399849197768,-0.201082530332987,0.446772678662553,3,-0.702557131271479,-0.326110850212567,-0.26038116509647,1.83333333333333,-2.13651263510466,-1.46117803431095,-0.974605133603827,2.14285714285714,-2.58774729144339,-1.50157258416766,-0.996536570805211,2,-3.91185397809692,-2.36125816533672,-1.27136178627285,2,-3.66094416973899,-2.15866943392002,-1.24410030127154,2,-1.99193584946364,-1.0048287834881,-0.723565462380426,2.14285714285714,-2.96884606193489,-1.73242367419581,-1.18473947041946,2,-2.90770274572559,-1.59596132381597,-1.00926110497425,2,-0.828915728028531,-0.587694347450185,-0.346338725843645,2,0.56814825597861,0.443678416353276,0.17970236257254,-2.98364835575983,-2.27309283358098,-1.07690372128534,-2.25101182113498,-1.55264817511664,-0.955453164143575
"449",449,"female","white","yr4","Other","math04","Auditory",2,-2.28827695606784,-1.73146840220801,-0.728622470227123,1,-1.95766826697144,-1.12363438544422,-0.497556424846265,2.33333333333333,-1.01645808404465,-0.295497243750879,-1.04962156942391,3,-0.702557131271479,-0.326110850212567,-0.26038116509647,5,3.98282322843044,2.57936891273621,1.8194510001737,4.42857142857143,2.68358589914764,1.51799112834119,1.03325361890538,4.71428571428571,2.66470430686985,1.37606671786317,0.902003607878385,4.57142857142857,2.71881620201536,1.49859060191712,0.910554852931779,2.71428571428571,-0.27547113354347,-0.538082544402693,0.0289982570354069,5,3.63130769413571,2.34893386780816,1.3870550416303,2.85714285714286,-1.00218042653238,-0.605620060809405,-0.500258125331689,3.33333333333333,1.81070624565772,1.34229513025098,0.737394190104729,2.25,1.01353800490587,0.474418464422768,0.255916493233732,1.9400234513831,1.30787911869449,0.871035723826826,1.95237306775724,1.4793834580416,0.828322807736694
"450",450,"female","white","yr1","Other","math01","Auditory",2.75,-1.16380910615822,-0.84471804747322,-0.743008629750054,1.2,-1.5819585307646,-0.870336402023775,-0.389446695623462,5,1.31927710595571,0.36871531543326,3.21334080993687,2.4,-2.51708742595324,-1.12096701161199,-0.729139809193502,5,3.98282322843044,2.57936891273621,1.8194510001737,4,1.52316408775809,1.04990387020898,0.51431696430164,4.14285714285714,1.21364069322154,0.774665242911691,0.376846944768026,4.71428571428571,3.0142487504721,1.8540959627864,0.976706491370977,4.71428571428571,3.90351638863955,2.05543937982711,1.33124894255206,4.42857142857143,2.33420097302518,1.64658697116521,0.896886457998006,4.85714285714286,3.41064639551701,2.00576841962791,1.21269403519193,4,3.15807262649247,2.39996650073212,1.31578972865656,2,0.42926778750371,-0.181571258033675,-0.0302127774116195,1.93024803788209,1.6083476305822,0.642103650695912,3.08574810056177,2.35551855339763,1.30953011553189
"451",451,"female","other","yr2","Other","stats","Visual",4.5,1.7737637180346,1.20269601533094,1.03732585095717,1.2,-1.53857351907136,-0.949298128879659,-0.381982142993917,4,0.677218871108836,0.274300602015368,1.7169465618504,2.6,-1.78349166431772,-1.11909363653245,-0.502682509065855,3,0.177014775776062,-0.107445494257854,0.0813616801215892,4,1.91243991345197,0.989691074303598,0.834668774717273,3.71428571428571,0.258427709633059,0.443383079734452,0.0757463564098019,4,1.32933355350259,0.590122776706189,0.427751708377616,2.14285714285714,-1.41859487666003,-0.972942062795053,-0.25403495606589,3.85714285714286,1.03220676487801,0.758717989113259,0.357717365884958,2.85714285714286,-0.978809423137801,-0.710407512090183,-0.340816515724005,3,1.16457844923197,0.906136076640967,0.484725501406459,1.25,-1.19847666055308,-0.652507558069461,-0.294912104566007,0.639328346460341,0.408571115539184,0.341881687782248,0.20003321152044,0.0571366223087296,0.0849305226090045
"452",452,"male","other","yr4","Other","stats","Kinesthetic",1.75,-2.89418032521874,-1.8790864072782,-1.93118013660002,1.2,-1.567326019747,-0.726541020397375,-0.436242024844913,3,0.975434562817917,0.943932027168352,1.59904271191465,2.9,-1.04645118932809,-0.277553585863717,-0.448617894487291,1.83333333333333,-2.120960388421,-1.37217151867259,-0.971328191124658,3.42857142857143,0.476198325012836,0.32973531301091,0.21321734675149,3.71428571428571,0.241087497201803,0.273973268729714,0.0398584107687888,4.42857142857143,2.35853251581789,1.2263621147841,0.756950607874371,2.28571428571429,-1.19454333835005,-0.205934405473687,-0.471921658647808,3.57142857142857,0.604750979285676,0.302154254130328,0.373087157306087,3.42857142857143,0.250543410611162,-0.0037719061939618,0.0537007239234997,3,1.21042699330763,0.874600096341847,0.554099038509144,1.25,-1.19847666055308,-0.652507558069461,-0.294912104566007,0.440957147964881,0.341847432398542,0.184265565319343,-0.385749799762697,-0.585868955496278,-0.163365172671079
"453",453,"female","white","yr3","Other","math04","Auditory",2.5,-1.7409711258296,-0.852751883243831,-1.65125003409864,1.4,-1.19161628354015,-0.473243036976929,-0.32813229562211,3.66666666666667,1.08677935656856,0.655269020945832,1.49072619695178,2.2,-3.22162412804305,-1.69593295475272,-1.10030577483577,4,2.03910926845244,1.34767683886803,0.931198187346884,4,1.63445260902962,1.02399349125302,0.586406600707224,4,0.903854910787779,0.491669130721172,0.306628815783969,4,1.27441061578645,0.807672006371172,0.42510187829924,4,2.38478791395213,1.21760158762018,0.847623166283179,4,1.32144057587741,0.900862667285468,0.486921958217911,4,1.51938923566818,0.950110957716078,0.581026256999934,4,3.15807262649247,2.39996650073212,1.31578972865656,4,5.04757304625318,3.01879940308196,1.24495378186575,1.28748907933531,1.02145690428275,0.464721145086021,1.65732795103539,1.28552764298991,0.703346916873826
"454",454,"female","white","yr1","Business","math01","Kinesthetic",4.25,1.27584516037,1.02850036819038,0.459233927296023,3.4,2.95518328872712,1.59097956549395,0.704838411317577,2.66666666666667,-2.36629249606033,-1.44051180125222,-2.20189160267601,2.7,-1.69132529169731,-1.24174766970323,-0.668033542371924,3,0.0953953084744368,0.11598476499985,0.0429453745200661,1,-5.24059014887847,-2.96284983381114,-2.01068179811386,2.28571428571429,-3.2808555492231,-1.70846062939412,-1.13029923252613,1.71428571428571,-4.3372861171522,-2.76109013550502,-1.4477513253869,2.57142857142857,-0.935864577263804,0.0277160148182362,-0.537365988053208,1,-5.60816077889747,-3.44335093428261,-2.21347729201926,2.85714285714286,-1.03908568080086,-0.489127573056784,-0.312651192370074,2.33333333333333,-0.182787931602778,-0.151535293840168,-0.0936700371453748,1,-1.67156413915867,-0.843882077011064,-0.352923347074065,-3.77607619279816,-2.78506675131794,-1.55360369506613,-1.61027369913802,-0.901200512020107,-0.683802771674907
"455",455,"female","white","yr1","Other","math01","Auditory",3.75,0.383663347968161,0.517960598805484,-0.290968261806897,2.6,1.26544720250908,1.01828871937502,0.256793631789985,4,0.677218871108836,0.274300602015368,1.7169465618504,1.2,-6.13876017376375,-3.46973862085356,-1.99246153204681,2.5,-0.879637812978198,-0.524058456389983,-0.397691584629542,3.14285714285714,-0.205461124852859,-0.288575631799462,-0.0522907317958276,2.14285714285714,-3.52097128538975,-2.25154437627954,-1.09511256013535,3.14285714285714,-0.86554373438596,-0.503054119265852,-0.296710986151191,2.42857142857143,-1.0644094739264,-0.265709079121044,-0.491250662301038,3.57142857142857,0.277146681099683,0.333125439801823,0.0597321776957966,4.57142857142857,2.78818401175912,1.75247549681153,1.06099231521115,4,3.15807262649247,2.39996650073212,1.31578972865656,2,0.42926778750371,-0.181571258033675,-0.0302127774116195,-0.179666269758987,0.139739429687149,-0.157785384329154,-0.903855466333006,-0.675356161161574,-0.383628609378788
"456",456,"male","white","yr1","Business","math02","Auditory",3.75,0.534337207403779,0.438671243789242,0.494102092821956,3.2,2.51026771660377,1.66435626280822,0.571113542032472,2,0.323568166085179,0.558745006817993,-1.83659917908265,3,-0.596292393728153,-0.462888265490835,-0.247281488345228,3,0.0953953084744368,0.11598476499985,0.0429453745200661,3,-0.657228310273073,-0.304954283768369,-0.279289532233136,3,-1.50399953365457,-0.934794517307775,-0.482366485244439,3,-1.19326677697627,-0.675498713774425,-0.409499211486148,3.14285714285714,0.583038410224635,0.404308349521588,0.153606255213686,3,-0.988426542380879,-0.547208533237225,-0.413211125194478,3.14285714285714,-0.386096383330704,-0.129736228895384,-0.077969011190251,2,-0.828915728028531,-0.587694347450185,-0.346338725843645,2,0.56814825597861,0.443678416353276,0.17970236257254,-0.855240129368821,-0.610938744928061,-0.330722123569046,-0.179378152374079,-0.0349624316421892,-0.0762048508728209
"457",457,"female","white","yr5+","Health","stats","Auditory",3,-0.708579596442934,-0.617810687386791,-0.32552131800601,1.6,-0.729837706088874,-0.426769408461961,-0.205687846653315,4,0.677218871108836,0.274300602015368,1.7169465618504,4.3,3.17568828728625,1.82470765271851,1.03635063633822,4.33333333333333,2.66095949678978,1.80187643799677,1.21886452333269,4,1.69134446220504,1.04639819401256,0.604957843959442,4.57142857142857,2.29189147628453,1.36865511610577,0.731386117259596,4,1.32206166782044,0.697832987241852,0.451963721778781,2.85714285714286,-0.0814756713675059,-0.141585739203737,0.00398479463633303,3.71428571428571,0.587313669448667,0.551899594462431,0.137862481828967,2.57142857142857,-1.61993487055775,-1.19238694581074,-0.816557644184423,2.33333333333333,-0.182787931602778,-0.151535293840168,-0.0936700371453748,1,-1.67156413915867,-0.843882077011064,-0.352923347074065,0.55492323118476,0.205710365910702,0.323905246505814,1.16588904728986,0.918691156077649,0.494589997558933
"458",458,"male","white","yr1","STEM","math03","Auditory",3.75,0.505595857924257,0.299087074489666,0.199785830797642,3.2,2.45295137603498,1.64842350923141,0.611038704137475,3,-0.89530512840814,-0.293387943040931,0.781309558524047,4.9,4.85878180851735,3.07684819602824,1.46757142899073,4.66666666666667,3.3395718907764,2.19369270648474,1.52194463725906,4.57142857142857,2.91307184770428,1.83503382560401,1.07108405510026,4.85714285714286,2.93683328200942,1.69768751463728,0.971932845862157,4.57142857142857,2.69037196651166,1.62581644955252,0.916401875154769,4.57142857142857,3.53122673976114,1.88365093603181,1.14722449301678,4.57142857142857,2.57546958973649,1.85233139334593,0.949122483629438,4.42857142857143,2.46046072038315,1.58661232323344,0.915347440401208,3,1.12799214906389,1.15456130050031,0.419036588356383,3.5,3.86174748078536,2.32049873516099,0.965075971211462,2.60966434721739,1.99768189070841,0.952776171880601,2.69197150745148,2.03255184055972,1.142448035325
"459",459,"male","white","yr2","Health","stats","Kinesthetic",4.25,1.37252661406246,0.962499834209323,0.932071410569002,3.8,3.72499507863702,2.14457990117321,0.944697972838916,2,-1.53736336325502,-0.387802656458823,-0.71508468956242,2.2,-2.94394261817512,-1.70377123612412,-0.878224923025271,2.83333333333333,-0.250639151879697,-0.0142929580874654,-0.113232533973205,2.71428571428571,-1.45648818353024,-0.640712067278485,-0.649777092468595,2.71428571428571,-2.10202195689301,-1.47121134766806,-0.671675360476141,2.57142857142857,-2.24655926302756,-1.2232010277349,-0.787674173416762,2.57142857142857,-0.932151667218201,-0.49283157919875,-0.455792004907269,2.57142857142857,-1.86200964768835,-1.02454501452066,-0.705798057773419,3,-0.688104069669239,-0.519851149385333,-0.283955544101441,2,-0.828915728028531,-0.587694347450185,-0.346338725843645,1.25,-1.06306705841646,-0.285362299637186,-0.176389578742941,-1.55617291028219,-1.14783172150276,-0.599467739284344,-1.09739088099009,-0.677725661089737,-0.465939794741514
"460",460,"male","white","yr1","Business","math03","Visual",3,-0.733830652706563,-0.464937697052029,-0.343437927337572,3,2.11992546937932,1.26726289776137,0.50979914203112,2.33333333333333,-1.01645808404465,-0.295497243750879,-1.04962156942391,3.3,-0.035583620605619,0.0789291027157265,-0.263548036078499,3.5,1.05822728436675,0.865163525993825,0.48399814374761,3.85714285714286,1.27676618704057,0.784015781554196,0.423653330025163,3.42857142857143,-0.434368333717877,-0.404243851390408,-0.147469509035078,3.14285714285714,-0.71186428542129,-0.655793754056572,-0.170055327477226,3.42857142857143,1.14948533507424,0.628212930894286,0.47740176562539,3.42857142857143,-0.0865441455914771,-0.0934975322329466,-0.154351581691675,2.57142857142857,-1.63598184335457,-0.968965617805986,-0.651093118053469,2,-0.828915728028531,-0.587694347450185,-0.346338725843645,2.25,1.14894760704249,0.841563722855043,0.374439019056798,-0.31409087359587,-0.336758398658153,-0.0186381868412235,0.570695484676487,0.537129514299826,0.242111997458683
"461",461,"female","white","yr4","Other","math04","Kinesthetic",4.75,2.1497497657431,1.59576518678731,1.12466368201378,3,2.14797678791291,0.995604888085377,0.563464638369019,3,0.0253524743760969,-0.110886418334991,-1.7186953291469,3.3,0.128355875758906,0.0589214337186675,0.0507154748765066,2.5,-0.879637812978198,-0.524058456389983,-0.397691584629542,2.42857142857143,-1.88921791477529,-0.992325524839703,-0.744271740890277,3.14285714285714,-1.16605061803746,-0.74283219231632,-0.389220315416808,2.71428571428571,-2.00847425251628,-1.05775554265487,-0.794050488251111,2.14285714285714,-1.63007864578382,-0.581720342499728,-0.559503524895905,2.14285714285714,-2.99186846550261,-1.90044728004254,-1.15526226162638,2,-2.8879760430378,-1.98521241566751,-1.1938691917306,1.33333333333333,-2.17628210886328,-1.64536571793132,-0.924734264395479,2,0.543921392638553,0.541148361435841,0.289297864886767,-2.23833548601095,-1.83847715826459,-0.782194455478178,-1.37165120267201,-0.91887449547565,-0.582279165564813
"462",462,"male","white","yr1","Business","math02","Visual",4.75,2.1497497657431,1.59576518678731,1.12466368201378,3.4,2.97357560622333,1.63798393433231,0.728478514393311,3,-1.84538721684996,-1.34820638854427,-2.5364284825375,2.9,-1.00363662536391,-0.555689728707494,-0.354840889438031,3,0.0953953084744368,0.11598476499985,0.0429453745200661,3,-0.657228310273073,-0.304954283768369,-0.279289532233136,3,-1.50399953365457,-0.934794517307775,-0.482366485244439,3,-1.19326677697627,-0.675498713774425,-0.409499211486148,3,0.196426032244247,0.106386402066042,0.0620288519513763,4,1.32144057587741,0.900862667285468,0.486921958217911,3,-0.694156755028705,-0.322925183049944,-0.214117423987157,2,-0.828915728028531,-0.587694347450185,-0.346338725843645,2,0.56814825597861,0.443678416353276,0.17970236257254,-0.381091539612618,-0.242367014344972,-0.109906073760758,-0.255233020154602,-0.0947131141922041,-0.108410916539852
"463",463,"female","white","yr2","Business","math03","Kinesthetic",3.5,0.201879422987637,-0.163995967213933,0.509453305482077,2.6,1.35234417377974,0.689717506284953,0.305454489414923,3.66666666666667,-0.793768496543356,-0.872823256195919,-1.26625459934966,2.8,-1.14005001599474,-0.868057514725531,-0.274733184084615,2,-1.94011552324876,-0.984224152042272,-0.8780620241188,2.57142857142857,-1.52474478992659,-0.745963970584271,-0.56835829637812,2.57142857142857,-2.48994179013734,-1.69279406895543,-0.776451542277112,3,-1.17405996044598,-0.658111885268338,-0.376790345783616,3,0.187987421576145,0.27750032126184,-0.0281340971899633,2,-3.21073482583781,-2.03485990091443,-1.23383387664391,2.71428571428571,-1.32866072649571,-0.544291484470614,-0.420247452508755,2.33333333333333,-0.173525687695199,0.0653539497200516,-0.0899854130927663,2.25,1.0412357345842,0.635052935294879,0.237713605080598,-1.99021685635001,-1.50508959692858,-0.755495540362302,-0.895642017794684,-0.693882564954974,-0.379969714316651
"464",464,"male","Black","yr3","Business","math03","Visual",3.75,0.52387306495299,0.242362025277628,0.284558265182809,1.8,-0.395282487264934,-0.118454753982794,-0.0695277611549169,3.33333333333333,1.49633984202829,1.0362374398763,1.26450583205315,4,2.30706164156863,1.39317281182524,0.884048733538266,2.16666666666667,-1.51051093501436,-0.888185813240258,-0.697388679739639,3,-0.602763157326087,-0.375132334161597,-0.24615965244736,1.85714285714286,-4.24980289371404,-2.55322049032818,-1.36450795610048,2.42857142857143,-2.56939559841219,-1.501569474867,-0.884195202020391,2.14285714285714,-1.63838714869785,-0.497748171737012,-0.524678375899664,3.57142857142857,0.357589262358833,0.275020419260303,0.096369233676283,3.71428571428571,0.909521610430964,0.520618782907115,0.412649333758425,2.33333333333333,-0.136939387527115,-0.183071274139288,-0.0242965000426901,1.25,-1.19847666055308,-0.652507558069461,-0.294912104566007,-0.887302793148861,-0.453382867059069,-0.3561995451621,-1.61023697145217,-1.11230583477868,-0.683472498657976
"465",465,"female","Asian","yr1","Health","math02","Kinesthetic",4.75,2.22899322774988,1.42960337541737,1.45481316270121,1.4,-1.17698377252255,-0.329447655350529,-0.374927624843561,3.66666666666667,0.146505430012603,-0.108777117625043,0.112235798801059,2.9,-0.885777104275706,-0.642185536136963,-0.159587837790508,2,-1.84071098741497,-1.08943822266604,-0.842594819696248,2.42857142857143,-1.8245590276762,-1.14190499707532,-0.691877350220591,3.42857142857143,-0.438207302218545,-0.46512724403694,-0.127143297722729,3,-1.19326677697627,-0.675498713774425,-0.409499211486148,2.71428571428571,-0.378114120544554,-0.184052766354684,-0.117948867709762,2.71428571428571,-1.62283025719518,-0.91019472169828,-0.675159111548694,3.71428571428571,0.869577546243487,0.720680805119348,0.445663501861483,2,-0.828915728028531,-0.587694347450185,-0.346338725843645,1.25,-1.19847666055308,-0.652507558069461,-0.294912104566007,-0.708694965637677,-0.456190689242509,-0.37818148986382,-0.974257353004875,-0.744257990236653,-0.413363296749568
"466",466,"male","white","yr3","Health","math02","Visual",2.25,-1.91229090835933,-1.33839923075163,-0.641284639170516,2.8,1.67003638727576,0.878181834934882,0.452894995229631,2.66666666666667,-0.495552804834275,-0.203191831042935,-1.38415844928541,2.3,-2.94869097639047,-1.55128066879185,-1.04394685450089,2.16666666666667,-1.49563917868249,-1.13578796403436,-0.678794836165682,2.71428571428571,-1.24993860666017,-0.619928890101782,-0.516388031061594,2.57142857142857,-2.50702349235974,-1.63312600485385,-0.819070497575861,2.14285714285714,-3.35835509946047,-1.84759888139579,-1.14407172598302,3.14285714285714,0.563677320367759,0.617113585698745,0.156463009594365,1.85714285714286,-3.7388687633448,-2.2777012310744,-1.51772924575443,3,-0.659395669603758,-0.166141675335932,-0.00818306677325265,3.33333333333333,1.8199684895653,1.5591843738112,0.741078814157338,2.5,1.62550595198636,1.29104265775132,0.523842875725949,-1.91208425206456,-1.39248024944859,-0.776029321128239,-1.24896818133459,-0.760691556914952,-0.530112697466987
"467",467,"female","white","yr4","Other","math04","Auditory",4,0.935574311375912,0.678867424910856,0.599356533210125,2.8,1.75763454068846,0.598511523038531,0.502150238367667,3.33333333333333,-1.30486561386787,-0.674356361971395,1.00752992342267,3.4,0.380968656984984,0.422297278356717,0.0108735927174845,5,3.98282322843044,2.57936891273621,1.8194510001737,5,3.92613352833232,2.35294126627441,1.45210273364758,5,3.31170935523013,1.91813277875012,1.09562411681238,5,3.74208800854917,2.29084272651677,1.25970296808463,3,0.402385609170274,-0.285312312440536,0.312137102485343,5,3.63130769413571,2.34893386780816,1.3870550416303,4.57142857142857,2.78029719297097,1.59520078661916,0.913069719599925,1.66666666666667,-1.47504352445428,-1.0238534010602,-0.599007414541915,1.5,-0.725389181947489,-0.461133039127857,-0.23690086205795,3.23112094825804,2.45554435489518,1.22164027328625,2.47561922423635,1.80381499808024,1.05050540706742
"468",468,"female","Black","yr3","STEM","math02","Auditory",5,2.60497927545839,1.82267254687374,1.54215099375782,4.2,4.63615021683229,2.06978672077958,1.2718971089031,1.66666666666667,-2.06807680435125,-0.770880376099234,-2.31979545261176,3,-0.490680482187783,-0.356947006389961,0.0353564497549695,3.33333333333333,0.770829450599556,0.526864330813493,0.358472057648668,4,1.63445260902962,1.02399349125302,0.586406600707224,3.85714285714286,0.567623937366635,0.256570347794,0.190544814105084,3.14285714285714,-0.850845177408451,-0.372354479161412,-0.292866629876343,3.71428571428571,1.80401826000054,0.867563502587238,0.616274702144445,2,-3.29829366063917,-1.99527973375992,-1.31334420860687,3.28571428571429,-0.0417716773361856,0.029220466893733,0.0443087941289948,1.33333333333333,-2.17628210886328,-1.64536571793132,-0.924734264395479,1,-1.67156413915867,-0.843882077011064,-0.352923347074065,-0.241443844734069,-0.260502134607177,-0.102235964780507,0.50338019429821,0.50317380524076,0.21356905001457
"469",469,"female","other","yr1","STEM","stats","Visual",3.5,0.122635960980856,0.00216584415601384,0.179303824794641,1.8,-0.293879952860867,-0.13258282606816,-0.101393985117277,3.66666666666667,0.146505430012603,-0.108777117625043,0.112235798801059,2.5,-2.08803054886293,-1.19332733255997,-0.563180651086595,2,-1.81108313423333,-1.25520538808407,-0.824495642841256,2.28571428571429,-2.14958087146774,-1.32000724395737,-0.794906618305628,2.85714285714286,-1.96912089082012,-0.778196440611605,-0.713438091322124,2.71428571428571,-1.91225770535743,-1.33727965104423,-0.681833832600208,2.71428571428571,-0.642626377999967,-0.0976417786724198,-0.416004982956162,2.42857142857143,-2.54494822464008,-1.20828833842112,-1.19664675960266,2.85714285714286,-1.00297073033759,-0.525653206443185,-0.452920347449101,2,-0.828915728028531,-0.587694347450185,-0.346338725843645,2,0.540450526300274,0.283043945481165,0.197905250725674,-2.09278427553662,-1.58515643742571,-0.80577290928496,-1.43469205057362,-1.03681361528486,-0.60887881911512
"470",470,"male","Black","yr2","Other","math02","Kinesthetic",3.25,-0.32212940628364,-0.0284322974188017,-0.0286396593102562,2.8,1.65814689192805,1.2207892692464,0.387354693062325,3,-0.905113290294001,-0.584160249973399,-1.15793808438679,4.3,3.18239978757258,1.9944866793294,1.05108152288298,3,0.13977925850583,0.0320525849578854,0.0605498846560937,3,-0.535677569998566,-0.432129053244445,-0.208343898311232,3.42857142857143,-0.47099345339141,-0.328101878445152,-0.149068710844101,3,-1.19192204707562,-0.627196137788342,-0.413762009231219,3.28571428571429,0.710473131152777,0.365617831470538,0.208467262469489,2.85714285714286,-1.3458496904176,-0.699649117196992,-0.562503646361829,3.57142857142857,0.567569859904953,0.330565884629398,0.239676968950293,2.33333333333333,-0.182787931602778,-0.151535293840168,-0.0936700371453748,2.75,2.22706130005202,1.33335360321585,0.517591415734887,-0.453523089375332,-0.303811821360672,-0.223739245322648,-0.126130486918531,0.00970514304473777,-0.053604050047133
"471",471,"female","white","yr1","Business","math02","Visual",3.75,0.60311652695977,0.0762002139076817,0.614707745870246,3.8,3.76685077816198,2.1384641313082,0.917242002076418,3.33333333333333,-1.32448193763959,-1.25590097583633,-2.870965362399,3.1,-0.382518767786166,-0.25201272807776,-0.143453909541907,2.33333333333333,-1.15227954989564,-0.780522666194248,-0.523712337447449,3.28571428571429,0.0308115265634279,0.0348509100199724,-0.00130012177085293,4,0.903854910787779,0.491669130721172,0.306628815783969,3.71428571428571,0.588673701614774,0.424487969008054,0.176319148024869,3.42857142857143,1.16601717368154,0.523633598746517,0.423746924016163,3.71428571428571,0.72127973210283,0.547975336324551,0.260654712605444,3.71428571428571,0.896926851910284,0.696818034899696,0.429324537019155,3,1.15531620532439,0.689246833080747,0.48104087735385,1.75,-0.144589830883611,-0.0632477326260903,-0.0421642055736916,0.657015803247662,0.535179298034507,0.199234832097128,0.164100296355781,0.0351786605736841,0.0698795684581153
"472",472,"male","white","yr4","Other","stats","Visual",2.5,-1.60076140884477,-1.12835045677169,-1.07572350710893,2,0.00694925530722348,-0.063968823247469,0.0573269410137406,3.33333333333333,-0.38420801108363,-0.491854837265455,-1.49247496424828,4,2.21457891444923,1.44769481588828,0.631774592114571,1,-3.79203261148157,-2.34739938273651,-1.73356025113357,1.71428571428571,-3.53585427929285,-1.92021620969167,-1.3701499501141,2.71428571428571,-2.15632837573962,-1.08965623350692,-0.755828972752069,1.57142857142857,-4.71423665579028,-2.7063717478805,-1.62227526320215,2.14285714285714,-1.57474366278933,-1.04548810254253,-0.556115089673211,2,-3.20003954805127,-2.00400517421837,-1.25097141738582,2.42857142857143,-1.93486297061371,-1.38063767154586,-0.805119699788507,1.66666666666667,-1.48430576836186,-1.24074264462042,-0.602692038594524,1.25,-1.19847666055308,-0.652507558069461,-0.294912104566007,-2.76263088389228,-2.12067148325793,-1.05660599359729,-2.91350571731029,-2.05075363042061,-1.23647850419601
"473",473,"female","white","yr3","STEM","math04","Visual",3.25,-0.386585954477581,-0.21145269489523,-0.550416358305279,1.2,-1.5819585307646,-0.870336402023775,-0.389446695623462,3,0.965626400932056,0.653159720235885,-0.340204930996185,4.6,3.97688179994568,2.48585719048871,1.25138565875722,1.33333333333333,-3.11739461919035,-1.94369134718515,-1.4218051772031,2.14285714285714,-2.4301249416789,-1.65265715722597,-0.859762597232468,3.28571428571429,-0.716735021212891,-0.588606192709421,-0.22266991634052,2.14285714285714,-3.29234814928358,-2.04424009122089,-1.15092448200271,2.28571428571429,-1.41022487298911,-1.00302553246889,-0.595985225822008,2.42857142857143,-2.13428692929135,-1.39474989031846,-0.742762154328443,3,-0.708911302174821,-0.475261664822872,-0.21445366240556,1.66666666666667,-1.48430576836186,-1.24074264462042,-0.602692038594524,1.75,-0.14806069722189,-0.321352148580766,-0.133556819734785,-1.33862743238127,-1.01522431234915,-0.552163341078391,-2.35611045780767,-1.70084746485983,-0.999903346894404
"474",474,"female","other","yr1","STEM","stats","Kinesthetic",2.5,-1.6260124651084,-0.975477466436925,-1.09364011644049,1.4,-1.19161628354015,-0.473243036976929,-0.32813229562211,3.66666666666667,1.08677935656856,0.655269020945832,1.49072619695178,3.7,1.54419041583709,0.71085057338295,0.67491826898819,3.83333333333333,1.7550667566043,1.12099873536736,0.791450609928191,3.71428571428571,1.19464036924543,0.417152901753186,0.523740869886707,4.57142857142857,2.31936835489258,1.35827507520409,0.775941679145685,4.28571428571429,2.02476695358573,1.27320570898788,0.722200548445994,3,0.457970410049728,-0.00230758201998543,0.381074217873659,4.57142857142857,2.72671592393656,1.70713693290765,1.10974003812777,3,-0.666821798133652,-0.587812201689088,-0.42780815224233,2,-0.828915728028531,-0.587694347450185,-0.346338725843645,1.25,-1.09423565443307,-0.704101186463973,-0.2495793047509,1.37186926565532,0.91056975039857,0.610972170477757,1.42661268024398,1.01601853318366,0.605464335572408
"475",475,"male","white","yr3","STEM","math03","Visual",3.5,0.00767730025965657,0.124891427349108,-0.378306092863504,1.4,-1.14823127184691,-0.552204763832812,-0.320667742992565,3.33333333333333,0.565874077358191,0.562963608237888,1.82526307681327,3,-0.702557131271479,-0.326110850212567,-0.26038116509647,2.66666666666667,-0.518051105940413,-0.304774217664314,-0.238236733657103,2.42857142857143,-1.76101744134287,-1.06939051240371,-0.619348906403095,3.71428571428571,0.1757095570388,0.109339270375151,0.0156058987763259,3.14285714285714,-0.868853997577871,-0.514454229646103,-0.278104313881763,3.28571428571429,0.860450079846197,0.442651810579662,0.324632528101506,3.42857142857143,0.0323197591436789,0.0412845634423399,-0.0388396261560257,3.28571428571429,-0.0782731446263531,-0.000853050971470686,0.0344136676876939,4,3.15807262649247,2.39996650073212,1.31578972865656,1.5,-0.621148175827482,-0.512726667522369,-0.191568062242842,-0.408010519541734,-0.285491649288858,-0.199097782231729,-0.11003412902228,-0.0397640859500498,-0.0466496368037109
"476",476,"male","Black","yr3","STEM","math04","Auditory",4.5,1.7667898687997,1.29884395645366,1.10418167601078,3.8,3.79643140886385,1.79396016464133,1.00582802180636,4,0.677218871108836,0.274300602015368,1.7169465618504,1.4,-5.74069112481462,-3.06575505929287,-1.94023038457508,5,3.98282322843044,2.57936891273621,1.8194510001737,5,3.92613352833232,2.35294126627441,1.45210273364758,5,3.31170935523013,1.91813277875012,1.09562411681238,5,3.74208800854917,2.29084272651677,1.25970296808463,4,2.39056612658218,1.83506401845783,0.889779922768314,5,3.63130769413571,2.34893386780816,1.3870550416303,5,3.73293522636506,2.2231470984821,1.37616993798703,1,-2.82240990528903,-2.08152477154134,-1.17740295309375,1,-1.67156413915867,-0.843882077011064,-0.352923347074065,3.51312587973905,2.73643153309284,1.27620653520245,2.9540890016707,2.18070440040542,1.25365161933591
"477",477,"female","other","yr5+","STEM","math02","Kinesthetic",5,2.60497927545839,1.82267254687374,1.54215099375782,1.8,-0.368760480899625,-0.317266806667915,-0.0507827882090618,3,-1.84538721684996,-1.34820638854427,-2.5364284825375,1.8,-4.20087883059559,-2.57634572414641,-1.31067113594377,2.83333333333333,-0.135581498945668,-0.234645140492189,-0.0471043950196144,2.42857142857143,-1.69406882371709,-1.08266129413109,-0.540716125531783,4,0.896467874427618,0.665839813053542,0.2737130568789,3.14285714285714,-0.734917360581461,-0.61734566383736,-0.255247802298507,2,-2.03960997478222,-0.620068260635109,-0.892333596278617,3.14285714285714,-0.48888830139794,-0.29064353201081,-0.146861919656916,3.71428571428571,0.92033455549919,0.502524660014017,0.438773858079214,1.33333333333333,-2.1670198649557,-1.4284764743711,-0.921049640342871,1,-1.67156413915867,-0.843882077011064,-0.352923347074065,0.0202672371602822,0.0635348233332101,-0.0880098241585646,-0.976148474859005,-0.70979167275388,-0.414448928462997
"478",478,"male","white","yr1","STEM","math03","Kinesthetic",2.25,-2.0019985128169,-1.3685466378933,-1.1809779474971,1.4,-1.16286378286451,-0.696000145459213,-0.273872413771114,4,2.54795856233489,1.51162057222465,2.534679715241,4.8,4.65505024894502,2.84328669415397,1.43504267254397,2.83333333333333,-0.0780231834624989,-0.289856940870676,-0.0279190078809121,4.28571428571429,2.40671730618315,1.5263536134102,0.930464385323565,4.85714285714286,2.93683328200942,1.69768751463728,0.971932845862157,4.85714285714286,3.3807638737759,2.06870317328198,1.14231513541464,2.85714285714286,-0.210823743221674,-0.313902956284298,0.0275232068676965,4.57142857142857,2.90750184400176,1.73170060126601,1.23034696473601,5,3.73293522636506,2.2231470984821,1.37616993798703,2.33333333333333,-0.136939387527115,-0.183071274139288,-0.0242965000426901,1.25,-1.19847666055308,-0.652507558069461,-0.294912104566007,2.96907596686767,2.35093785749296,1.03607480228329,0.953805384059651,0.46107365053209,0.405055693981925
"479",479,"male","white","yr1","Business","math02","Visual",4.75,2.16802697277184,1.53904013757527,1.20943611639894,3.2,2.4514220638667,1.72126946622229,0.576118180745432,3,-1.8355790549641,-1.05743408161181,-0.597180839626671,2.9,-1.04037188812288,-0.496100261006153,-0.353035488681203,2.83333333333333,-0.239057086095708,8.43610514391496e-05,-0.119194875366796,3.71428571428571,1.03708650433182,0.546374506133757,0.366558382946373,4,0.912575540092737,0.597639734449202,0.322874565142773,3.57142857142857,0.222694573748937,0.142645729406926,0.0818007853693815,3.85714285714286,2.13971387399707,1.16782753846956,0.782048079511547,4,1.2878178520293,0.987455614323231,0.448099598069185,4.14285714285714,1.83929076227597,0.957561590639378,0.597844955871073,2.66666666666667,0.518450652806216,0.469977023030949,0.232056812708189,1.5,-0.725389181947489,-0.461133039127857,-0.23690086205795,1.13711069766108,0.914710823859916,0.390332020444235,0.643080119083577,0.474211709794703,0.273085957389878
"480",480,"female","white","yr4","Other","stats","Visual",4,0.935574311375912,0.678867424910856,0.599356533210125,3.6,3.34928534243017,1.89128191775276,0.836588243616113,3.66666666666667,-0.803576658429217,-1.16359556312839,-3.20550224226049,1.6,-4.84331624787727,-2.91037327073318,-1.51737700570618,2.5,-0.799096656780342,-0.594679043933158,-0.370741714283646,2.14285714285714,-2.75208785921665,-1.3787348243437,-1.16687923157564,3.57142857142857,-0.172677930079243,-0.145457200408619,-0.0708481885588551,3,-1.25323120751131,-0.698145692661684,-0.48068462137303,2.14285714285714,-1.60360439596813,-1.14724835205227,-0.480213638881597,2,-3.24520648152086,-1.84627747415919,-1.3005365550133,2.71428571428571,-1.32316121194781,-0.596944820209135,-0.41898206082149,1.66666666666667,-1.48430576836186,-1.24074264462042,-0.602692038594524,1.5,-0.589979579810867,-0.0939877806955822,-0.118378336234883,-1.901302111714,-1.49482506520378,-0.782077849668238,-1.02949984894189,-0.725568924142983,-0.436997425300302
"481",481,"female","white","yr4","Other","math04","Visual",3.25,-0.332593548734429,-0.224741515930415,-0.238183486949403,1.4,-1.1033169479854,-0.704012447679569,-0.278282666970976,3.66666666666667,1.08677935656856,0.655269020945832,1.49072619695178,2.7,-1.45215499414897,-0.848976924008585,-0.405627762212989,4.83333333333333,3.67402428534654,2.30959311043315,1.68408488714593,4,1.7525278331608,1.00446695685367,0.671656410942904,4.28571428571429,1.58744181631224,0.806048010438354,0.554782813657865,4.57142857142857,2.75603183871507,1.65807718090789,0.928501402639731,3.71428571428571,1.79018556488875,0.9510586791387,0.595739532844638,4.28571428571429,1.8844203905592,1.25424649110538,0.628031065461261,4,1.55517853093469,0.939250267091927,0.641506375967282,4,3.15807262649247,2.39996650073212,1.31578972865656,1.5,-0.725389181947489,-0.461133039127857,-0.23690086205795,1.65747625343695,1.28529533429509,0.600391245331332,2.34952978580856,1.77499967545321,0.996996874722111
"482",482,"male","white","yr2","STEM","math03","Kinesthetic",4.5,1.85300718004138,1.03653420396099,1.36747533164461,2.2,0.544436490823492,0.0454419276826702,0.163486330953266,3.33333333333333,-1.32448193763959,-1.25590097583633,-2.870965362399,4.6,4.33557686227166,2.41353335886774,1.41946805438214,4,2.03910926845244,1.34767683886803,0.931198187346884,2.71428571428571,-1.48736519166604,-0.651351089133329,-0.662581533689067,4.57142857142857,2.36461305769241,1.34557230953554,0.797183077236918,4.14285714285714,1.63707948046037,1.07811413559205,0.538226913224155,3.85714285714286,2.24467289286265,0.970832744235165,0.856203645878112,4,1.32144057587741,0.900862667285468,0.486921958217911,4.42857142857143,2.45332750520589,1.43887668227975,0.870079355455021,3,1.16457844923197,0.906136076640967,0.484725501406459,1.5,-0.621148175827482,-0.512726667522369,-0.191568062242842,0.989358488429907,0.828598587704956,0.22586744535084,1.75798085149307,1.33638750445348,0.746089853051511
"483",483,"female","white","yr3","Other","math04","Visual",3.5,0.0686435552377044,0.0154546651911992,-0.132929046561235,1,-1.95766826697144,-1.12363438544422,-0.497556424846265,4,0.677218871108836,0.274300602015368,1.7169465618504,3,-0.702557131271479,-0.326110850212567,-0.26038116509647,4,1.98869938573043,1.45845453842029,0.908805514878714,3.85714285714286,1.34030777337389,0.856530266225808,0.496181773842659,3.71428571428571,0.24774488387137,0.166910210102313,0.103030379796162,3.57142857142857,0.250098360676827,0.0655088156697402,0.112170175533812,4.57142857142857,3.71844536857456,1.82724438948101,1.41219538049623,3.57142857142857,0.29860504813471,0.220975441247569,0.0909533797727522,3.85714285714286,1.18397955830338,0.780784773781169,0.461216809045356,3.33333333333333,1.81070624565772,1.34229513025098,0.737394190104729,3.75,4.4667736951893,2.62091409658019,1.05021712538149,0.754052424600438,0.612290869800042,0.264920178854989,1.85178884468006,1.51522907612736,0.785895564327461
"484",484,"male","white","yr1","Other","stats","Kinesthetic",3.5,0.0686435552377044,0.0154546651911992,-0.132929046561235,1.2,-1.5819585307646,-0.870336402023775,-0.389446695623462,3.66666666666667,1.0769711946827,0.364496714013365,-0.448521445959057,3.5,0.630604695712984,0.392965281127398,0.194693954021744,3.16666666666667,0.49076134044681,0.288294460249433,0.210049520225881,4.42857142857143,2.62011279766519,1.42361367499184,0.940316661720296,4.85714285714286,2.99354824393084,1.78533618312272,0.985171850652201,4.42857142857143,2.3526053600364,1.38237490130584,0.776899823530465,4.28571428571429,3.15490865964798,1.56153594853821,1.20195474290635,4.71428571428571,3.14877046071307,1.93744502344673,1.28258299036744,4.85714285714286,3.41540665522577,2.1846002630702,1.308656679627,1.66666666666667,-1.4384572242862,-1.27227862491954,-0.533318501491839,1,-1.67156413915867,-0.843882077011064,-0.352923347074065,2.97699826634211,2.34704991546723,1.04843933076608,1.77759375734517,1.22413542807998,0.754700893526482
"485",485,"female","white","yr3","Other","math01","Kinesthetic",3.75,0.444629602946209,0.408523836647575,-0.0455912155046277,2.2,0.398820814699954,0.260278584808504,0.153561864407136,3.66666666666667,-0.793768496543356,-0.872823256195919,-1.26625459934966,3.8,1.81650986550009,1.04371125432759,0.579543444642833,4.33333333333333,2.63115457355058,1.83695921440947,1.20254026859522,3.71428571428571,1.0731581138218,0.52246470255153,0.432386722597212,4,0.921924772909629,0.593971318020941,0.312260551302678,3.71428571428571,0.519052206921125,0.511337558568598,0.169824961671644,3.85714285714286,2.03525960484382,1.00083272828932,0.66131461961627,4.42857142857143,2.19596757052598,1.56168094843199,0.721952099333798,3.85714285714286,1.19657431682406,0.604585521788589,0.444541605784625,2,-0.828915728028531,-0.587694347450185,-0.346338725843645,2,0.56814825597861,0.443678416353276,0.17970236257254,1.24977496313731,0.985493207403487,0.462651958377022,1.46655146923633,1.22488007678874,0.62222914151119
"486",486,"female","white","yr2","Business","math03","Visual",4.75,2.16802697277184,1.53904013757527,1.20943611639894,3.2,2.52368652411976,1.24890287150582,0.671574367591821,2.33333333333333,-1.95673201060061,-1.05954338232175,-2.42811196757463,3.8,1.8752284565465,1.05522834963924,0.690719058668826,1.16666666666667,-3.44520200129354,-2.2099501293869,-1.57361073344216,2,-2.94890922957577,-1.63390205878976,-1.1449856651735,2.14285714285714,-3.60107990315779,-2.05429088737695,-1.19382527901774,2,-3.66094416973899,-2.15866943392002,-1.24410030127154,2,-2.00024435237767,-0.920856612725379,-0.688740313384185,2.71428571428571,-1.64167456527377,-1.04909812379887,-0.652286024400515,2.28571428571429,-2.26446982965644,-1.29775196195715,-0.777068978141725,1.33333333333333,-2.17628210886328,-1.64536571793132,-0.924734264395479,2.5,1.86515656024299,1.60659428778909,0.687698201364124,-2.55451961186636,-1.90018617471019,-0.936903850472188,-2.60769415044564,-1.88986543252616,-1.10667014269336
"487",487,"female","white","yr2","Other","math01","Kinesthetic",2.25,-2.03771371153132,-1.41198286607015,-1.40843838446781,2,0.0081629588088343,0.495279949681327,-0.0899292137670586,4,0.677218871108836,0.274300602015368,1.7169465618504,2.9,-0.986903872057082,-0.551578746528623,-0.324918604325295,4.83333333333333,3.65739372755912,2.37339626650933,1.66934150941113,5,3.92613352833232,2.35294126627441,1.45210273364758,4.85714285714286,3.000935280291,1.61116550079035,1.01808760955727,4.57142857142857,2.62417609887028,1.6607907473027,0.833212066281631,2.71428571428571,-0.187005207827737,0.136994187947828,0.0346124614459601,5,3.63130769413571,2.34893386780816,1.3870550416303,4.28571428571429,2.15608007857611,1.22759360523209,0.760055466978904,3,1.16457844923197,0.906136076640967,0.484725501406459,1,-1.67156413915867,-0.843882077011064,-0.352923347074065,3.07917375105398,2.32658775167373,1.183572633256,1.79645435402253,1.36190158342054,0.762173479675963
"488",488,"male","white","yr2","STEM","math03","Kinesthetic",4.75,2.22899322774988,1.42960337541737,1.45481316270121,2.4,0.888523762800622,0.205741963025773,0.295940057347981,3,-1.84538721684996,-1.34820638854427,-2.5364284825375,5,5.13171496016993,3.22150048198912,1.52393034932561,4.83333333333333,3.65739372755912,2.37339626650933,1.66934150941113,4.57142857142857,2.98451743766302,1.69183819792501,1.13663861960004,5,3.31170935523013,1.91813277875012,1.09562411681238,4.28571428571429,2.08711656259723,1.294066329963,0.752906748200384,3.57142857142857,1.73176347318243,0.91626506146947,0.727337569466479,4.57142857142857,2.72106874942089,1.68331440434107,1.09160546095898,4.57142857142857,2.76852109208115,1.779801277388,1.05149585319811,1.66666666666667,-1.48430576836186,-1.24074264462042,-0.602692038594524,2.5,1.4796837508349,0.14958415145502,0.131142507419603,2.91890285067161,2.24066724581413,1.05925527553212,2.3038422050165,1.78174745471746,0.977591720408674
"489",489,"female","white","yr5+","STEM","stats","Visual",4.5,1.74851266177097,1.3555690056657,1.01940924162561,1.8,-0.232803805813471,-0.213441085279389,-0.0708837149250958,1.33333333333333,-0.728050554221426,0.0833618744696379,-3.1067730622705,1.9,-3.91121292563619,-2.42758245600667,-1.22438993049615,4,2.17131568853364,1.14415326906339,0.990232243299055,3.28571428571429,0.078421491799897,-0.0198480162521331,0.039078097552419,3.71428571428571,0.267532688189191,0.226075939466366,0.085724283463617,3.42857142857143,-0.146205728031328,-0.0701751231765129,-0.0433286485417898,2.85714285714286,-0.44452115439845,0.396014715732151,-0.523187603901173,4.42857142857143,2.26392240976971,1.54489693601932,0.855201449756901,2.14285714285714,-2.58677300927623,-1.75615488923083,-1.13789664434967,4,3.15807262649247,2.39996650073212,1.31578972865656,2,0.533508793623717,-0.233164886428187,0.015120022403488,-0.0694891780544904,-0.201098439847713,0.126850846390112,0.172505562568196,0.239180857352543,0.0728727620399153
"490",490,"female","white","yr1","STEM","math03","Visual",4.25,1.27584516037,1.02850036819038,0.459233927296023,1.8,-0.382179288415615,0.0981865846344803,-0.15124361376841,3.66666666666667,2.02705328312452,1.41931515951671,2.8692165951025,2.3,-2.75626448296235,-1.80714214454013,-0.923794212332116,1.33333333333333,-3.12817631434471,-2.0374180996246,-1.42998547048823,2.28571428571429,-2.04490005799563,-1.33811812795103,-0.710717735751341,3,-1.49923005631783,-0.740926147118807,-0.544912158493212,2.42857142857143,-2.59121654536021,-1.77228745572723,-0.884142313328903,2.71428571428571,-0.559018080974419,-0.131412312569335,-0.347544467094871,3.42857142857143,0.238122351488594,0.0397946874252152,0.159324280749558,3.42857142857143,0.256382929127556,0.158934063724758,0.0515686049772351,2.33333333333333,-0.182787931602778,-0.151535293840168,-0.0936700371453748,2,0.432738653841988,0.076533157921001,0.0611798367494736,-0.761661702091658,-0.480746215817276,-0.319029415208463,-1.93498037723127,-1.4369252606942,-0.821079644914696
"491",491,"male","white","yr2","STEM","math02","Kinesthetic",4,0.99654056635396,0.569430662752947,0.844733579512394,1.6,-0.741727201436583,-0.0841619741504386,-0.27122814882062,3,-0.905113290294001,-0.584160249973399,-1.15793808438679,2.9,-0.944495695322112,-0.653702631448617,-0.270763451816502,3.16666666666667,0.446200320357855,0.241542251286065,0.194219932207376,3.28571428571429,-0.0339158453865343,0.20629335093332,-0.033285999072947,3.42857142857143,-0.428454985292926,-0.321639351947238,-0.112207859172665,2.85714285714286,-1.53318684781488,-1.08278044309882,-0.469385386232133,2.85714285714286,0.0375166018625583,0.00103581682599326,0.141263850012966,3.28571428571429,-0.201212456833823,-0.0492432008134637,-0.0513439952119637,3.42857142857143,0.234468083988683,0.131281328668305,0.0500765418344062,2,-0.828915728028531,-0.587694347450185,-0.346338725843645,2.5,1.64973281532642,1.19357271266876,0.414247373411722,-0.106134683448786,-0.0617728868439322,-0.0460280390744319,-0.14176028086501,0.0239241999947685,-0.0602935189367738
"492",492,"female","Asian","yr1","Other","math02","Kinesthetic",1.75,-2.84018791947559,-1.89237522831338,-1.61894726524414,1.4,-1.16356496500656,-0.744901046652924,-0.274466799284212,3.33333333333333,1.49633984202829,1.0362374398763,1.26450583205315,4.6,4.11388098073763,2.58555184332615,1.3287380145851,2.16666666666667,-1.53129296455474,-0.943175279106027,-0.701682175352817,3,-0.509868179511568,-0.354774466306553,-0.141371556176712,3.57142857142857,-0.161937320648247,0.0220018574503361,-0.0485943717377404,3,-1.19326677697627,-0.675498713774425,-0.409499211486148,2.71428571428571,-0.458669370699409,-0.191364245431669,-0.22339409063019,3.42857142857143,0.191302494077556,0.0113067609289722,0.161509584917798,2.71428571428571,-1.34055293037158,-0.510071488053945,-0.348277213448207,3,1.16457844923197,0.906136076640967,0.484725501406459,2,0.42926778750371,-0.181571258033675,-0.0302127774116195,-0.241978334777779,-0.218701854761355,-0.0551042050858482,-0.970905757710564,-0.728383218615561,-0.4119923655612
"493",493,"male","white","yr1","STEM","math04","Kinesthetic",3.25,-0.3073424924708,-0.377614506265176,-0.220266877617842,2.4,0.832548073617636,0.578410222999467,0.222340817038033,3,0.965626400932056,0.653159720235885,-0.340204930996185,3.7,1.52275557368357,0.795703007459795,0.65154835152626,2.33333333333333,-1.21409020754834,-0.639958860338394,-0.559831834516405,2.85714285714286,-0.722009400526096,-0.517854422150883,-0.212174912456437,2.71428571428571,-2.18964968181442,-1.46220705938039,-0.683594263449765,2.85714285714286,-1.46618224571081,-1.00221713575737,-0.461548656492243,2.42857142857143,-0.849525454889397,-0.489105978774765,-0.185209436221974,2.85714285714286,-1.1666278068851,-0.955259053239616,-0.38119830888356,2.71428571428571,-1.29633799427709,-0.748954347502084,-0.408329774084029,3,1.11872990515631,0.937672056940086,0.415351964303774,1.5,-0.621148175827482,-0.512726667522369,-0.191568062242842,-1.14366520402522,-0.857009583466201,-0.39175136068596,-0.891020799150611,-0.639057131272343,-0.378131439287318
"494",494,"female","white","yr1","Other","math01","Kinesthetic",2.75,-1.10981670041507,-0.858006868508405,-0.430775758394179,1,-1.95766826697144,-1.12363438544422,-0.497556424846265,3.33333333333333,1.49633984202829,1.0362374398763,1.26450583205315,3.5,0.865665254800046,0.318338034642814,0.318449926284793,4.83333333333333,3.63599261824242,2.4419196593866,1.6595014824823,5,3.92613352833232,2.35294126627441,1.45210273364758,4.28571428571429,1.58817146600283,0.738940386733384,0.524526603535561,4.85714285714286,3.37453243666956,2.12632444991941,1.13031073642839,3.57142857142857,1.51298917024202,0.762208460269882,0.533705901711143,4.71428571428571,2.91228294562597,1.86126444117196,1.04527584048218,4.57142857142857,2.80533859718924,1.60129638842569,0.966521733918905,4,3.15807262649247,2.39996650073212,1.31578972865656,1.5,-0.621148175827482,-0.512726667522369,-0.191568062242842,2.61929117702376,2.0504154056138,0.990411408492057,2.44920477204249,1.80049721823669,1.0393401655912
"495",495,"female","white","yr1","STEM","stats","Kinesthetic",4.25,1.33681141534805,0.919063606032471,0.704610973598293,1.6,-0.743769034964431,-0.52166388889465,-0.158298131918767,3,-0.914921452179862,-0.874932556905867,-3.09718572729762,2.9,-0.882375796401286,-0.906874817411662,-0.28510679185574,1.83333333333333,-2.13571648527076,-1.45400650404866,-0.970833524405694,2.14285714285714,-2.44038716068188,-1.55139276670585,-0.858618594748787,4,0.821726312893701,0.627434165492842,0.201908029439268,3,-1.16917325324029,-0.764035737891862,-0.360523149052289,3.28571428571429,0.922585562667114,0.314533691820071,0.329166277822298,2.42857142857143,-2.169378732166,-1.30285926810113,-0.806323213290853,2.71428571428571,-1.33688754925236,-0.916925500320225,-0.56477253748645,2,-0.828915728028531,-0.587694347450185,-0.346338725843645,1.25,-1.06306705841646,-0.285362299637186,-0.176389578742941,-1.26870388152074,-1.06107567840435,-0.500073595841111,-0.645942378763752,-0.509995395928035,-0.273918070398648
"496",496,"female","white","yr1","Other","math02","Kinesthetic",5,2.60497927545839,1.82267254687374,1.54215099375782,3,2.10529295836172,1.12346751613497,0.556594471252571,2.66666666666667,-2.36629249606033,-1.44051180125222,-2.20189160267601,1.4,-5.43146196463242,-3.25335602940492,-1.80556768282313,1.83333333333333,-2.14473937896959,-1.36393426177019,-0.982864283529985,2,-2.94890922957577,-1.63390205878976,-1.1449856651735,2.28571428571429,-3.35440782650024,-1.66080159557024,-1.16244353545774,2.28571428571429,-3.00034122787911,-1.63685943854125,-1.0080772210436,1.85714285714286,-2.30297367431715,-0.89241365605539,-0.933832058112305,2,-3.29829366063917,-1.99527973375992,-1.31334420860687,2.14285714285714,-2.59622685994577,-1.36048852206868,-0.871909726499941,2.33333333333333,-0.182787931602778,-0.151535293840168,-0.0936700371453748,1.25,-1.19847666055308,-0.652507558069461,-0.294912104566007,-2.99758929718956,-2.27440554149193,-1.11391734195027,-2.23532169384466,-1.60036874721237,-0.948771265348834
"497",497,"female","white","yr1","Health","stats","Kinesthetic",3.5,0.043392498974075,0.16832765552596,-0.150845655892796,1.8,-0.3372649645541,-0.0536210992122764,-0.108858537746822,3,0.975434562817917,0.943932027168352,1.59904271191465,2.3,-2.68001864630868,-1.63805124540633,-0.771330795545787,2.33333333333333,-1.17368065921234,-0.711999273316971,-0.533552364376283,3.28571428571429,0.260106787115268,0.0112769653424002,0.176447838238003,3.28571428571429,-0.853942950153527,-0.155723628296147,-0.328353817707966,3.57142857142857,0.21661263235423,-0.0474615452470935,0.0494816179482964,1.71428571428571,-2.71375380745036,-1.39338608661425,-1.09389845858261,3.57142857142857,0.426923936273203,0.19322865454311,0.195611033380443,2.85714285714286,-1.01039290051728,-0.737229828239525,-0.447431446896538,2.66666666666667,0.518450652806216,0.469977023030949,0.232056812708189,1,-1.67156413915867,-0.843882077011064,-0.352923347074065,-0.278033130648296,-0.240293330564528,-0.0284084691778044,-1.20420490532462,-1.01168637345168,-0.511073959730178
"498",498,"female","other","yr1","STEM","math02","Auditory",3.25,-0.357844604998059,-0.071868525595654,-0.256100096280965,1.2,-1.53927470121341,-0.99819903007337,-0.382576528507014,3.66666666666667,2.02705328312452,1.41931515951671,2.8692165951025,2.7,-1.43425547614024,-1.02989753027895,-0.357366516093415,3.16666666666667,0.527196487087421,0.228145814334243,0.245003950370098,3.28571428571429,-0.110851842378928,0.135194516667391,-0.106875370571835,4,0.876378032179731,0.502049171622849,0.26207325389788,3.71428571428571,0.602955375578928,0.0993274521626554,0.237718050915206,2.42857142857143,-0.808964489529636,-0.521143728252368,-0.0985879427187708,3.28571428571429,-0.238393485926623,-0.0487467079544667,-0.136502133581081,3.85714285714286,1.1631723257978,0.82537425834363,0.530718690741237,2,-0.828915728028531,-0.587694347450185,-0.346338725843645,1,-1.67156413915867,-0.843882077011064,-0.352923347074065,0.367695829078126,0.326396468653861,0.061375363269858,0.276971682412597,0.180858865455744,0.117522327937441
"499",499,"female","white","yr3","Health","stats","Kinesthetic",4.75,2.22899322774988,1.42960337541737,1.45481316270121,3,2.10599414050377,1.17236841732868,0.557188856765669,3.33333333333333,-0.374399849197768,-0.201082530332987,0.446772678662553,3.1,-0.418210390485875,-0.10064295389651,-0.195843725867646,3,0.0953953084744368,0.11598476499985,0.0429453745200661,2.85714285714286,-0.951373145928806,-0.472417508795579,-0.369514359097701,3.28571428571429,-0.811063395313222,-0.624084054018855,-0.244826501210638,3.14285714285714,-0.863967290372188,-0.620378082269626,-0.261837117150436,2.57142857142857,-0.644445699729421,-0.478681158178728,-0.138458078867568,2.71428571428571,-1.67111919363276,-0.933384973014955,-0.697712506194138,2.85714285714286,-0.995638353371167,-0.584893346466597,-0.447095208478136,2,-0.828915728028531,-0.587694347450185,-0.346338725843645,1.5,-0.621148175827482,-0.512726667522369,-0.191568062242842,-1.13715279609139,-0.909795867032819,-0.416562330368396,-0.299194184000133,-0.166443270745184,-0.1270649495414
"500",500,"female","Asian","yr1","STEM","math03","Visual",4.5,1.85300718004138,1.03653420396099,1.36747533164461,2.4,0.963531238723575,0.219778184247233,0.279060612805614,3.33333333333333,-0.38420801108363,-0.491854837265455,-1.49247496424828,2.3,-2.72255297018218,-1.80141635562896,-0.942195221779936,1.33333333333333,-3.12817631434471,-2.0374180996246,-1.42998547048823,2.42857142857143,-1.9576481236972,-0.983941104909364,-0.737372863814927,3.85714285714286,0.512184784720705,0.558076777142147,0.111097959561301,3.28571428571429,-0.369863317431071,-0.34868989252862,-0.182601977506084,2.14285714285714,-1.44356532593543,-0.697248811451486,-0.290543063598004,2.42857142857143,-2.20509068223226,-1.3076604504217,-0.866742652846286,1.71428571428571,-3.55280649541775,-2.15886543859765,-1.30922165898466,2.33333333333333,-0.136939387527115,-0.183071274139288,-0.0242965000426901,2.5,1.48662548351146,0.665792983364371,0.313927735741789,-1.74613490858525,-1.52728774311665,-0.588357980284029,-1.30764624669352,-1.119047118016,-0.554678213052548
"501",501,"male","other","yr5+","Business","math03","Kinesthetic",3,-0.672864397728515,-0.574374459209938,-0.098060881035302,1.4,-1.10401813012744,-0.75291334887328,-0.278877052484074,2.66666666666667,-1.42601856950437,-0.676465662681343,-0.823401204525293,2.9,-0.938615452451559,-0.846850766322831,-0.256785477762995,3.83333333333333,1.6748519506431,1.26685921133232,0.752733682722552,3.14285714285714,-0.370165983156476,-0.392718190679773,-0.157235787767406,2.85714285714286,-1.97857116981567,-0.817059420634666,-0.699427630558624,3.28571428571429,-0.504608688890172,-0.361336063428998,-0.130105409956092,3,0.124526488045941,0.224009585841846,-0.0406841556571068,3.71428571428571,0.602415827367674,0.413193240649265,0.145142757069795,2.85714285714286,-1.03897084882497,-0.699534559517258,-0.45939626627424,2.66666666666667,0.518450652806216,0.469977023030949,0.232056812708189,2,0.533508793623717,-0.233164886428187,0.015120022403488,-0.823820308473487,-0.60530554968718,-0.245779530057795,0.347554999049078,0.376564433780245,0.147275776692019
"502",502,"female","white","yr2","Other","stats","Kinesthetic",4.75,2.1497497657431,1.59576518678731,1.12466368201378,2.4,0.87593308531087,0.499448496143584,0.229805369667578,3.33333333333333,-1.32448193763959,-1.25590097583633,-2.870965362399,2.6,-1.86389495419222,-1.27597835858953,-0.645585180702441,1.83333333333333,-2.120960388421,-1.37217151867259,-0.971328191124658,3.14285714285714,-0.11256614703834,-0.268217763944419,0.052497364474821,3,-1.5009479985138,-0.697789689183091,-0.521974326641958,3.71428571428571,0.547916087610031,0.419227818626883,0.137842603840518,3.14285714285714,0.462450129817242,-0.409844552547127,0.151533506441269,3.14285714285714,-0.52710210724058,-0.379670861169329,-0.183411235637295,1.85714285714286,-3.22631184668267,-1.97916976651695,-1.19188056839474,1.33333333333333,-2.17628210886328,-1.64536571793132,-0.924734264395479,1.25,-1.19847666055308,-0.652507558069461,-0.294912104566007,-1.19663710998322,-1.03129792512116,-0.305564304128501,-0.381286961333662,-0.426794482768343,-0.161515517779372
"503",503,"female","white","yr2","Other","math01","Kinesthetic",2.75,-1.14553189912949,-0.901443096685258,-0.658236195364887,1.4,-1.16286378286451,-0.696000145459213,-0.273872413771114,2.66666666666667,-1.42601856950437,-0.676465662681343,-0.823401204525293,2.4,-2.13421407184601,-1.44334534681046,-0.349585019996912,3.16666666666667,0.60246367146178,-0.0436788138349498,0.290399150499222,4.57142857142857,3.04134080598757,1.73610586936228,1.17559837621985,4.28571428571429,1.67363911580779,1.20536411215073,0.516113320457953,3.57142857142857,0.386806675876032,0.141324545752252,0.185952526807582,1.85714285714286,-2.37911070546138,-1.3611508067484,-0.961692871705247,3.85714285714286,1.22561050261626,0.704591143379411,0.661441536307476,3.28571428571429,-0.0761373221514956,-0.0962550296907187,-0.0400466257201533,2,-0.828915728028531,-0.587694347450185,-0.346338725843645,3.5,4.10139808904199,2.63605036519875,1.12893129684964,1.57514221861691,1.11145468974382,0.680149735954965,-0.451539476816169,-0.375717123460427,-0.191805705583742
"504",504,"female","white","yr1","STEM","stats","Kinesthetic",3.25,-0.332593548734429,-0.224741515930415,-0.238183486949403,2,0.0811286012039387,0.0718142561585753,0.006121358592428,4,0.677218871108836,0.274300602015368,1.7169465618504,2.5,-2.02463573606792,-1.29322259612523,-0.501699278138288,2.83333333333333,-0.287592507880054,-0.034776080848542,-0.126349503381207,3.57142857142857,0.631653147404559,0.404821660062504,0.204243919676223,3.42857142857143,-0.427466692787549,-0.297668186177985,-0.104889480901614,3.14285714285714,-0.857076614514789,-0.314733202523972,-0.304871028862599,3.57142857142857,1.37449717875473,0.701883239984157,0.471070938619618,2.57142857142857,-1.92664103642814,-1.10241252109998,-0.729348488845737,3.57142857142857,0.574665103877731,0.207019968375339,0.221736374002297,2.33333333333333,-0.136939387527115,-0.183071274139288,-0.0242965000426901,2.25,1.01006713856759,0.216314048468092,0.164523879072639,-0.254760856624398,-0.180548909800807,-0.126306223957103,0.0611411179438944,0.112304322436584,0.0259837621252314
"505",505,"female","white","yr2","STEM","math02","Visual",4.25,1.39777767032609,0.809626843874562,0.949988019900563,2.4,0.91861691486206,0.37158586809399,0.236675536784026,2.66666666666667,-1.42601856950437,-0.676465662681343,-0.823401204525293,2.7,-1.45215499414897,-0.848976924008585,-0.405627762212989,4.33333333333333,2.73912277175576,1.67096971447872,1.24411832820209,5,3.92613352833232,2.35294126627441,1.45210273364758,4.85714285714286,2.94727185351034,1.76052166042959,0.965240763369707,5,3.74208800854917,2.29084272651677,1.25970296808463,4.85714285714286,4.28141539693647,2.164339808456,1.55463825400013,5,3.63130769413571,2.34893386780816,1.3870550416303,4.85714285714286,3.42800141374645,2.00840101107762,1.29198147636627,2,-0.828915728028531,-0.587694347450185,-0.346338725843645,1,-1.67156413915867,-0.843882077011064,-0.352923347074065,3.36303464707829,2.6245828403065,1.23259097098406,3.13450836497367,2.26878414998422,1.33046573908211
"506",506,"female","white","yr1","Other","math01","Visual",4.75,2.22899322774988,1.42960337541737,1.45481316270121,2.6,1.39878780980954,0.465063865447323,0.382760088828555,3.33333333333333,-1.32448193763959,-1.25590097583633,-2.870965362399,3.5,0.786812602572393,0.567399238426988,0.302870981211295,3.33333333333333,0.791434410082368,0.45116940767393,0.364540475379368,3.85714285714286,1.2766977021897,0.805878750231928,0.444061843392755,4.57142857142857,2.27210367196671,1.30948938674171,0.748692213592141,4.14285714285714,1.63707948046037,1.07811413559205,0.538226913224155,4.42857142857143,3.41217296577419,1.68714067891319,1.31707055840002,4,1.52012691468012,0.880847937881332,0.642212589141024,4.42857142857143,2.45467225083283,1.57542467812931,0.964839034212693,3,1.11872990515631,0.937672056940086,0.415351964303774,3.5,3.88597434412542,2.22302879007842,0.855480468897235,1.85596575804868,1.47015264842223,0.619501202011107,1.7750145437594,1.29658355021606,0.753531327765227
"507",507,"female","white","yr5+","STEM","other","Kinesthetic",4.25,1.35508862237678,0.862338556820433,0.78938340798346,2.2,0.555497856144964,-0.175418648444267,0.194700495241627,4,2.54795856233489,1.51162057222465,2.534679715241,2.1,-3.53885934497937,-1.97958406225341,-1.29917360540029,4.66666666666667,3.3319642266878,2.16742362028245,1.51923201864856,4.42857142857143,2.61892701204855,1.6675706005768,0.980859228235698,4.42857142857143,1.90938411244289,1.10874181048547,0.595371028298218,4.85714285714286,3.37941914387524,2.02040059729589,1.14657793315971,3.28571428571429,1.1488613563,0.515924154000644,0.637976880322755,4.85714285714286,3.30750726994709,2.10990033681063,1.27658488061168,2.85714285714286,-1.00796889608271,-0.616807705913534,-0.450766531520205,4,3.15807262649247,2.39996650073212,1.31578972865656,1.5,-0.621148175827482,-0.512726667522369,-0.191568062242842,1.63389437225125,1.11453719467038,0.75178671902452,2.4587461945156,1.79075130257405,1.04344423365407
"508",508,"male","white","yr2","Business","math02","Kinesthetic",2.5,-1.5110538043872,-1.09820304963002,-0.536030198782347,1.2,-1.567326019747,-0.726541020397375,-0.436242024844913,3.33333333333333,0.565874077358191,0.562963608237888,1.82526307681327,3.7,1.32064318766849,0.884162549263792,0.392079719479208,2.5,-0.844276756645629,-0.51791839415348,-0.392117833617806,4.42857142857143,2.68358589914764,1.51799112834119,1.03325361890538,5,3.31170935523013,1.91813277875012,1.09562411681238,4.71428571428571,3.01675027920132,1.74995846807501,1.0334528982348,5,4.57314979566002,2.32881677317432,1.63321748061498,4,1.32144057587741,0.900862667285468,0.486921958217911,5,3.73293522636506,2.2231470984821,1.37616993798703,2,-0.828915728028531,-0.587694347450185,-0.346338725843645,1.25,-1.19847666055308,-0.652507558069461,-0.294912104566007,2.67237390637727,2.08511726063885,0.905312246233483,1.95940073270274,1.2463254756532,0.832132786038143
"509",509,"male","white","yr2","STEM","math04","Visual",3.75,0.559588263667408,0.28579825345448,0.512018702153518,2.2,0.48406152591814,0.175201088087611,0.133570446274183,3,-0.905113290294001,-0.584160249973399,-1.15793808438679,2.7,-1.49263818130726,-1.0123798768711,-0.341954918822824,2.16666666666667,-1.41651747289058,-1.00354625953394,-0.64324886245672,2.28571428571429,-2.03441051816404,-1.16867626241142,-0.73644231629869,3.14285714285714,-1.16605061803746,-0.74283219231632,-0.389220315416808,3.28571428571429,-0.422663174070888,-0.24266711654985,-0.115908088024284,2.42857142857143,-0.988815937951957,-0.200474518450555,-0.294615751614146,3.14285714285714,-0.415125671404299,-0.462094903136425,-0.0797506184564791,3.42857142857143,0.266051561368165,0.158103644817646,0.15669147300694,3.66666666666667,2.51194483006672,1.9638074471221,1.06312103995829,1.5,-0.621148175827482,-0.512726667522369,-0.191568062242842,-0.745017448185557,-0.476520016655582,-0.337548104130705,-0.749514240720874,-0.62227421798221,-0.317995285771075
"510",510,"male","Black","yr1","STEM","stats","Kinesthetic",3.25,-0.447552209455629,-0.102015932737321,-0.795793404607548,2.6,1.30895916208651,0.768679233140836,0.297989936785378,2.66666666666667,-2.36629249606033,-1.44051180125222,-2.20189160267601,5,5.13171496016993,3.22150048198912,1.52393034932561,4.16666666666667,2.32127731936291,1.71999308382094,1.05570772031182,4,2.02137021934595,0.849334973517142,0.900928534288823,3.57142857142857,-0.254446838979879,0.123918020288597,-0.141390833433607,3.57142857142857,0.328965326417317,0.00715111317878034,0.184110836480876,3.42857142857143,1.17716344849143,0.549086172820646,0.24294442620646,4.71428571428571,2.91437217184411,1.95265857053029,1.06687291988889,4,1.54491875667803,0.813071759388157,0.544278339844943,3,1.12799214906389,1.15456130050031,0.419036588356383,1.75,-0.252301703341897,-0.269758520186254,-0.178889619549892,1.49747390429746,1.23127984052928,0.597863453643149,1.03731927045683,0.869394736657912,0.440043265824796
"511",511,"female","other","yr1","STEM","math03","Kinesthetic",3.75,0.444629602946209,0.408523836647575,-0.0455912155046277,1.2,-1.567326019747,-0.726541020397375,-0.436242024844913,3.33333333333333,-0.38420801108363,-0.491854837265455,-1.49247496424828,4.9,4.93268043569537,3.01950870120877,1.49781477558974,5,3.98282322843044,2.57936891273621,1.8194510001737,5,3.92613352833232,2.35294126627441,1.45210273364758,5,3.31170935523013,1.91813277875012,1.09562411681238,5,3.74208800854917,2.29084272651677,1.25970296808463,5,4.57314979566002,2.32881677317432,1.63321748061498,5,3.63130769413571,2.34893386780816,1.3870550416303,5,3.73293522636506,2.2231470984821,1.37616993798703,2,-0.828915728028531,-0.587694347450185,-0.346338725843645,1.75,-0.0403488247636039,-0.114841361020602,0.00316859424141591,3.51312587973905,2.73643153309284,1.27620653520245,3.56988892222538,2.66576840017202,1.5151047502875
"512",512,"female","white","yr1","Health","math02","Auditory",2.75,-1.17078295539312,-0.748570106350496,-0.676152804696448,2,0.0979916065318634,0.191664581987813,-0.00515906172388175,3.33333333333333,-0.374399849197768,-0.201082530332987,0.446772678662553,3,-0.702557131271479,-0.326110850212567,-0.26038116509647,2.5,-0.819701616263154,-0.518984120793594,-0.376810132014346,3,-0.657228310273073,-0.304954283768369,-0.279289532233136,3,-1.50399953365457,-0.934794517307775,-0.482366485244439,3,-1.19326677697627,-0.675498713774425,-0.409499211486148,3,0.196426032244247,0.106386402066042,0.0620288519513763,2.85714285714286,-1.31787414108516,-0.810064592801335,-0.54181586338189,3,-0.694156755028705,-0.322925183049944,-0.214117423987157,2,-0.828915728028531,-0.587694347450185,-0.346338725843645,2,0.56814825597861,0.443678416353276,0.17970236257254,-1.01773602383386,-0.757974992052848,-0.380604888891879,-0.525393615176024,-0.346941986077884,-0.2229591853012
"513",513,"male","white","yr1","Business","math03","Kinesthetic",4,1.02179162261759,0.416557672418186,0.862650188843956,1.8,-0.311444140330835,-0.301334053091109,-0.0907079503140647,4,-0.253246893561262,-0.19897322962304,2.27770380661051,3.9,2.10342139669527,1.09754638327852,0.820662042123966,2.16666666666667,-1.48565363336201,-1.04923274185719,-0.674386152078685,2.42857142857143,-1.91516427496403,-1.02595417442213,-0.770427056289614,3.14285714285714,-1.1280917728132,-0.676831964833265,-0.359985525102959,3.42857142857143,-0.147400962220352,-0.366206250454055,-0.0593806192315476,2.85714285714286,-0.0881375427935742,-0.346726480053792,-0.0689478577661941,2,-3.20864559961967,-1.94346577155609,-1.2122367972372,3.14285714285714,-0.345071789325428,0.0148633561814632,0.0041230257671614,2,-0.828915728028531,-0.587694347450185,-0.346338725843645,1.75,-0.252301703341897,-0.269758520186254,-0.178889619549892,-1.53963416854551,-1.1392770166564,-0.656843941316702,-0.535886909339726,-0.471128261737033,-0.22727887430535
"514",514,"male","white","yr1","Other","math01","Visual",3,-0.848789313427762,-0.342212113858936,-0.901047844995717,1.8,-0.276188817506705,-0.134479358423506,-0.0783482675546411,3.33333333333333,1.49633984202829,1.0362374398763,1.26450583205315,3,-0.702557131271479,-0.326110850212567,-0.26038116509647,3.83333333333333,1.73871413929103,1.11134165302955,0.802316302127744,2.42857142857143,-1.72818853371835,-1.229195364297,-0.601393430263718,3,-1.34433648190059,-0.886227865868285,-0.383023101250978,2.28571428571429,-2.92598252169141,-1.58190432943386,-0.965001069524221,2.28571428571429,-1.31558290729019,-0.462223793316965,-0.483208395412685,2.85714285714286,-1.28687154629089,-1.02503339661038,-0.462702713700266,2.57142857142857,-1.60836832187863,-1.20094199946516,-0.687778609198596,1.66666666666667,-1.48430576836186,-1.24074264462042,-0.602692038594524,1.25,-1.19847666055308,-0.652507558069461,-0.294912104566007,-1.40008244842529,-1.11323162263825,-0.493000642974001,-0.6774755478231,-0.216413973860768,-0.288005581897702
"515",515,"female","white","yr1","Business","math03","Visual",3.75,0.444629602946209,0.408523836647575,-0.0455912155046277,1,-1.95766826697144,-1.12363438544422,-0.497556424846265,3,0.975434562817917,0.943932027168352,1.59904271191465,4.3,3.02347239883606,1.93211673816905,0.813710982146868,1,-3.79203261148157,-2.34739938273651,-1.73356025113357,2.14285714285714,-2.41986272267593,-1.75392154774608,-0.860906599716149,3.71428571428571,0.269552668315229,0.28756439359729,0.0917323509259277,3.57142857142857,0.337277660675271,-0.150648031255105,0.123682410692289,1.28571428571429,-3.54450575435783,-1.5414012293935,-1.35542420324769,3.28571428571429,-0.268303358393221,-0.433976451443583,-0.118876263142838,2.57142857142857,-1.64391971110879,-1.27775865281295,-0.846375188529913,1.33333333333333,-2.17628210886328,-1.64536571793132,-0.924734264395479,1,-1.67156413915867,-0.843882077011064,-0.352923347074065,-1.0998104412556,-0.939784308895909,-0.381567291234504,-2.13181423499096,-1.87371232608796,-0.904464656597465
"516",516,"female","white","yr2","STEM","other","Kinesthetic",4.5,1.71279746305655,1.31213277748885,0.7919488046549,2.2,0.414154507859597,0.452974867628616,0.107360920698783,3.33333333333333,0.55606591547233,0.272191301305421,-0.113984566097563,2.5,-2.05901607118052,-1.21917126474273,-0.587994843245305,1,-3.79203261148157,-2.34739938273651,-1.73356025113357,1.28571428571429,-4.53186703805827,-2.53300419632557,-1.73915245731501,2.57142857142857,-2.57576289718486,-1.3780524782486,-0.922389162836036,1.71428571428571,-4.28433147489916,-2.52099285030802,-1.46217683179152,1.71428571428571,-2.52724048760197,-1.50891455556601,-0.824937997284713,1.57142857142857,-4.26804200926357,-2.52616470019709,-1.69650513345846,1.14285714285714,-4.80372016528318,-2.83045062917009,-1.73689152760132,1.66666666666667,-1.48430576836186,-1.24074264462042,-0.602692038594524,1.25,-1.19847666055308,-0.652507558069461,-0.294912104566007,-3.98193499074246,-3.163122096954,-1.44476119343632,-3.00378666500263,-2.16209455535463,-1.27479784334556
"517",517,"female","white","yr1","Business","math03","Kinesthetic",4.25,1.45177007606925,0.796338022839376,1.26222089125644,2.6,1.26627533253532,0.896541861190431,0.29111976966893,2.66666666666667,-0.485744642948413,0.087580475889533,0.555089193625425,2.5,-1.96146153951186,-1.40042179482839,-0.528870782722403,1.66666666666667,-2.46194213597598,-1.66715068053783,-1.1247146243664,3.85714285714286,1.37644786771474,0.810757493965849,0.541601600125907,3.71428571428571,0.22400592758533,0.195642247199198,0.0415450535211301,3,-1.13938428783594,-0.842959009541186,-0.370632969020351,2.28571428571429,-1.08836999368168,-0.479281111313174,-0.19941377851601,2.42857142857143,-2.10422215374076,-1.41377123656446,-0.700477291941796,1.71428571428571,-3.5385780362677,-2.13467571389802,-1.28189416898646,2.33333333333333,-0.136939387527115,-0.183071274139288,-0.0242965000426901,1,-1.67156413915867,-0.843882077011064,-0.352923347074065,-0.813039064312454,-0.848597198736764,-0.15007721838309,-1.19117285878003,-0.951384549637357,-0.505353068280841
"518",518,"female","other","yr1","STEM","math02","Visual",4,0.899859112661494,0.635431196734004,0.371896096239416,2.2,0.457539519552831,0.374013140772732,0.114825473328328,3.66666666666667,-0.793768496543356,-0.872823256195919,-1.26625459934966,4,2.21457891444923,1.44769481588828,0.631774592114571,2.83333333333333,-0.213403634609464,-0.153791037303205,-0.0924207385077098,3,-0.535677569998566,-0.432129053244445,-0.208343898311232,3.14285714285714,-1.08284707001336,-0.689534730501813,-0.338744127011726,3,-1.19326677697627,-0.675498713774425,-0.409499211486148,2.85714285714286,-0.0953083664793,-0.0580905626522751,-0.016550374663474,3,-0.988426542380879,-0.547208533237225,-0.413211125194478,3,-0.694156755028705,-0.322925183049944,-0.214117423987157,2,-0.828915728028531,-0.587694347450185,-0.346338725843645,1.25,-1.19847666055308,-0.652507558069461,-0.294912104566007,-0.781235446766156,-0.592656152153684,-0.286943667555731,-0.40744486251526,-0.22732377760794,-0.172986207662108
"519",519,"female","white","yr2","Business","math03","Kinesthetic",5,2.60497927545839,1.82267254687374,1.54215099375782,3.6,3.33242233710225,1.77143159192352,0.847868663932423,3,-1.84538721684996,-1.34820638854427,-2.5364284825375,2.8,-1.09531544313328,-0.886733085663093,-0.154465385177081,3.16666666666667,0.474408723133537,0.278637377911629,0.220915212425434,3.14285714285714,-0.296066372140689,-0.172624809146275,-0.13084043786485,3,-1.50399953365457,-0.934794517307775,-0.482366485244439,3,-1.19326677697627,-0.675498713774425,-0.409499211486148,3,0.196426032244247,0.106386402066042,0.0620288519513763,3,-0.988426542380879,-0.547208533237225,-0.413211125194478,3.28571428571429,-0.0472711918840886,0.0818738026322535,0.0430434024417293,2,-0.828915728028531,-0.587694347450185,-0.346338725843645,2,0.56814825597861,0.443678416353276,0.17970236257254,-0.681001743162185,-0.466598048813067,-0.268958179538684,-0.140689109340086,0.0122280235552484,-0.0598442235329882
"520",520,"female","white","yr2","Other","math01","Auditory",3,-0.733830652706563,-0.464937697052029,-0.343437927337572,1,-1.95766826697144,-1.12363438544422,-0.497556424846265,3.33333333333333,1.49633984202829,1.0362374398763,1.26450583205315,4,2.21457891444923,1.44769481588828,0.631774592114571,3,0.0953953084744368,0.11598476499985,0.0429453745200661,3.28571428571429,0.0342185578558873,-0.0509343563790243,0.00480421528296266,3,-1.50399953365457,-0.934794517307775,-0.482366485244439,4.14285714285714,1.56730320015351,0.818843663976829,0.479464343793752,3,0.322589129160037,-0.0396279593057445,0.146910424225289,3,-0.988426542380879,-0.547208533237225,-0.413211125194478,4.28571428571429,2.16730300865436,1.18726574506011,0.692732845182264,3.66666666666667,2.50268258615914,1.74691820356188,1.05943641590568,1.75,-0.14806069722189,-0.321352148580766,-0.133556819734785,-0.193498150942349,-0.00771455333592856,-0.148998732212212,0.550179013048181,0.316343957925422,0.233611575528993
"521",521,"male","white","yr1","Health","stats","Auditory",2.25,-1.96628331410249,-1.32511040971645,-0.953517510526391,1.8,-0.339495458864425,-0.029676043415114,-0.144373446651963,3.33333333333333,0.55606591547233,0.272191301305421,-0.113984566097563,2.7,-1.34393115220121,-1.08879902490065,-0.242051680381561,3.33333333333333,0.771629821229177,0.447514897512944,0.344329422969947,3.85714285714286,1.27676618704057,0.784015781554196,0.423653330025163,4.14285714285714,1.24111757182958,0.764285202010014,0.421402506654114,3.71428571428571,0.637785833802181,0.260600389065573,0.296143810755651,3.57142857142857,1.33946460814005,0.604610929836065,0.361057521435929,3.71428571428571,0.717101636613703,0.518855132578404,0.267258834250341,3,-0.675736826763373,-0.577442713543296,-0.430276509606997,2.33333333333333,-0.173525687695199,0.0653539497200516,-0.0899854130927663,1.25,-1.19847666055308,-0.652507558069461,-0.294912104566007,0.512472310827654,0.273698699916327,0.265338638087585,0.769943390432086,0.563819951574134,0.326793251821022
"522",522,"male","white","yr1","Health","stats","Kinesthetic",2.25,-2.0019985128169,-1.3685466378933,-1.1809779474971,1.2,-1.53857351907136,-0.949298128879659,-0.381982142993917,3.66666666666667,1.08677935656856,0.655269020945832,1.49072619695178,3,-0.702557131271479,-0.326110850212567,-0.26038116509647,4,2.03910926845244,1.34767683886803,0.931198187346884,4,1.63445260902962,1.02399349125302,0.586406600707224,4,0.903854910787779,0.491669130721172,0.306628815783969,4,1.27441061578645,0.807672006371172,0.42510187829924,4,2.38478791395213,1.21760158762018,0.847623166283179,4,1.32144057587741,0.900862667285468,0.486921958217911,4,1.51938923566818,0.950110957716078,0.581026256999934,3,1.16457844923197,0.906136076640967,0.484725501406459,2.5,1.6185642193098,0.774833825841971,0.341057647403763,1.28748907933531,1.02145690428275,0.464721145086021,1.65732795103539,1.28552764298991,0.703346916873826
"524",524,"male","other","yr4","Other","math02","Auditory",5,2.60497927545839,1.82267254687374,1.54215099375782,3.8,3.70953443759319,2.12253137773139,0.957167164181421,3,-1.84538721684996,-1.34820638854427,-2.5364284825375,3,-0.702557131271479,-0.326110850212567,-0.26038116509647,3,0.0953953084744368,0.11598476499985,0.0429453745200661,3,-0.657228310273073,-0.304954283768369,-0.279289532233136,3,-1.50399953365457,-0.934794517307775,-0.482366485244439,3,-1.19326677697627,-0.675498713774425,-0.409499211486148,2.71428571428571,-0.414708155426436,-0.0555771742676684,-0.136199939877939,3.85714285714286,0.932483573263559,0.772741104751277,0.27060587585023,3.14285714285714,-0.407657219447175,-0.0946858135716025,-0.111121640159408,2.66666666666667,0.518450652806216,0.469977023030949,0.232056812708189,1.5,-0.725389181947489,-0.461133039127857,-0.23690086205795,-0.452241572980295,-0.288314897610199,-0.15469099608768,-0.419428752495205,-0.224049666561354,-0.178124287517022
"525",525,"female","Asian","yr1","Other","math01","Kinesthetic",4,0.820615650654713,0.80159300810395,0.0417466155519794,2,0.0530772826703489,0.34347226583457,-0.0475441377454702,3.33333333333333,-0.374399849197768,-0.201082530332987,0.446772678662553,1.9,-3.87041258641929,-2.71110518792674,-1.23405216040168,2.16666666666667,-1.42967704927683,-1.15755914794826,-0.653125221218344,3,-0.56952793381272,-0.250047590476254,-0.227525334392854,3.42857142857143,-0.480098431947542,-0.110794738177067,-0.159046637897916,3.42857142857143,-0.0417537751144254,0.00424822416586104,0.0215912976518788,2.57142857142857,-0.645949500269711,-0.188846399969755,-0.181239857349763,3.57142857142857,0.183159551409651,0.277013106160851,-0.00029676609582692,2.71428571428571,-1.31845327221528,-0.930418782394086,-0.583579859693444,3.66666666666667,2.50268258615914,1.74691820356188,1.05943641590568,1,-1.67156413915867,-0.843882077011064,-0.352923347074065,-0.62747301926606,-0.535184892378636,-0.181521689873937,-0.548258685807277,-0.499221888431782,-0.23253356989099
"526",526,"male","white","yr4","Other","math02","Visual",3,-0.759081708970192,-0.312064706717268,-0.361354536669133,1.2,-1.5819585307646,-0.870336402023775,-0.389446695623462,2.66666666666667,-1.42601856950437,-0.676465662681343,-0.823401204525293,3,-0.702557131271479,-0.326110850212567,-0.26038116509647,2.83333333333333,-0.230034192396885,-0.0899878812270287,-0.107164116242505,3,-0.657228310273073,-0.304954283768369,-0.279289532233136,3,-1.50399953365457,-0.934794517307775,-0.482366485244439,3,-1.19326677697627,-0.675498713774425,-0.409499211486148,3,0.196426032244247,0.106386402066042,0.0620288519513763,3,-0.988426542380879,-0.547208533237225,-0.413211125194478,3,-0.694156755028705,-0.322925183049944,-0.214117423987157,2,-0.828915728028531,-0.587694347450185,-0.346338725843645,2,0.56814825597861,0.443678416353276,0.17970236257254,-0.938147721068434,-0.693517724527344,-0.346764245030412,-0.351845616562445,-0.18491311615757,-0.149374720525329
"527",527,"male","white","yr2","STEM","math02","Visual",1.75,-2.74350646578312,-1.95837576229444,-1.14610978197117,1.2,-1.53857351907136,-0.949298128879659,-0.381982142993917,3.33333333333333,1.49633984202829,1.0362374398763,1.26450583205315,3,-0.702557131271479,-0.326110850212567,-0.26038116509647,2.83333333333333,-0.151693847373343,-0.090210215739746,-0.0836852334906245,3.85714285714286,1.33788107314546,0.763947513073042,0.510760410376217,4.85714285714286,2.97547838180899,1.68303399582295,0.979540115133492,4.14285714285714,1.59986384376066,0.918627556601273,0.520280363516204,3.85714285714286,2.16808457318568,1.05995910776759,0.819128844292709,4.85714285714286,3.39003907742439,2.14318944562744,1.33481901599887,4.14285714285714,1.84509358059804,1.209773484163,0.745705125472433,3,1.16457844923197,0.906136076640967,0.484725501406459,1,-1.67156413915867,-0.843882077011064,-0.352923347074065,2.37129905625228,1.82387425720442,0.856935030141155,1.05923751246722,0.695179112042892,0.449794759382204
"528",528,"female","white","yr2","Health","stats","Auditory",4.75,2.1497497657431,1.59576518678731,1.12466368201378,2.8,1.64198506874217,1.14983984461088,0.399229498891733,3.33333333333333,-0.364591687311907,0.0896897765994806,2.38602032157339,3.2,0.0464985811897756,0.102342449503053,0.129434171559217,2.66666666666667,-0.551030060245379,-0.337149107488778,-0.260028663069199,2.57142857142857,-1.57961625876242,-0.960675515769683,-0.602167018079025,3.14285714285714,-1.13578084710342,-0.607286194567535,-0.421847183321592,2.71428571428571,-1.79786691079135,-1.05555140935003,-0.568731540695463,2.28571428571429,-1.57049995657973,-1.04566831665497,-0.685877147343737,2.71428571428571,-1.66313328925596,-1.09061618021513,-0.733305506935781,1.28571428571429,-4.49878635266458,-2.61570454176561,-1.65270306598056,2.33333333333333,-0.136939387527115,-0.183071274139288,-0.0242965000426901,1.25,-1.19847666055308,-0.652507558069461,-0.294912104566007,-2.18508935759118,-1.85259049021489,-0.688182618745377,-1.2014052979853,-0.828457105561178,-0.510031481344677
"529",529,"female","white","yr1","Health","stats","Kinesthetic",5,2.60497927545839,1.82267254687374,1.54215099375782,3.2,2.43538718856501,1.47967228220846,0.621724738940687,2.66666666666667,-2.36629249606033,-1.44051180125222,-2.20189160267601,3.3,0.160871562758358,-0.0333364784392867,-0.0316384551210751,1,-3.79203261148157,-2.34739938273651,-1.73356025113357,1.14285714285714,-4.87942821074608,-2.83052035918905,-1.86223270374557,2.28571428571429,-3.14473695896651,-2.20784575602797,-1.02853726250633,1,-6.12862156250171,-3.64184015406562,-2.07870139105692,1.71428571428571,-2.85078171982801,-1.14159355228724,-1.22030445083222,1.14285714285714,-5.28436035470885,-3.20431740328508,-2.10300713100063,2.14285714285714,-2.59441796367782,-1.79101303883832,-0.958821714303221,2,-0.838177971936109,-0.804583591010405,-0.350023349896254,2.25,1.20781393273744,1.42093708055394,0.429425856911624,-3.92351745116107,-3.00324046019545,-1.52686777561789,-3.84109198092801,-2.66672779869774,-1.63034154969993
"530",530,"male","Black","yr3","Business","math02","Auditory",4,0.856330849369131,0.845029236280803,0.269207052522688,2.4,0.863342407821118,0.793155029261395,0.163670681987175,2.66666666666667,-2.36629249606033,-1.44051180125222,-2.20189160267601,3.8,1.79113307153129,1.07568505769402,0.636564534419005,2.5,-0.897064520599513,-0.467426830576093,-0.41620657156247,2,-2.98269110853906,-1.4736835646993,-1.18457561462271,1.85714285714286,-4.28600040162704,-2.64881105315453,-1.42530926734537,1.71428571428571,-4.32258756017469,-2.63039049540058,-1.44390696911205,1.71428571428571,-2.6331985572955,-1.38607460753727,-0.988453235662186,1.85714285714286,-3.63843653713,-2.28899052002009,-1.42481140605237,2.14285714285714,-2.58520309165668,-1.19384060126355,-0.89978940232136,1.66666666666667,-1.47504352445428,-1.0238534010602,-0.599007414541915,2.75,2.23053216639029,1.59145801917052,0.608984029895981,-3.30960463129826,-2.48865226964684,-1.22713672325801,-2.27625341247039,-1.46988119522449,-0.966391026628402
"531",531,"female","white","yr2","Other","math04","Kinesthetic",3.25,-0.332593548734429,-0.224741515930415,-0.238183486949403,1.6,-0.773222717782108,-0.347807681606077,-0.21315239928286,3.33333333333333,1.49633984202829,1.0362374398763,1.26450583205315,2.3,-2.74591024521348,-1.75176638409519,-0.889821978531599,3,0.112025866261858,0.0521816089236739,0.0576887522548611,3,-0.472135983665243,-0.359614568572832,-0.135815454493736,2.85714285714286,-1.84761754343588,-0.995722617902577,-0.631366245828393,3.42857142857143,-0.117457211202782,-0.0990094609276146,-0.0172220561224304,2.42857142857143,-1.01001581345484,-0.381242005150109,-0.384093999498028,2.85714285714286,-1.20171960975975,-0.863368431022284,-0.44475936784597,2.42857142857143,-1.96429627674659,-1.26183771799496,-0.788843160956043,3.33333333333333,1.85655478973339,1.31075914995186,0.806767727207414,1.75,-0.14806069722189,-0.321352148580766,-0.133556819734785,-1.32340784048554,-1.05882160155629,-0.41537837750864,-0.290891322548106,-0.219981190043646,-0.123527371220951
"532",532,"female","white","yr2","STEM","math03","Kinesthetic",4.5,1.85300718004138,1.03653420396099,1.36747533164461,2.4,0.859070079982946,0.379598170314346,0.241085789983888,2.33333333333333,-0.0761841574886868,0.468548894819997,0.328868828726803,2.7,-1.53075065642474,-0.82320715028304,-0.44228429152289,4.83333333333333,3.65739372755912,2.37339626650933,1.66934150941113,5,3.92613352833232,2.35294126627441,1.45210273364758,5,3.31170935523013,1.91813277875012,1.09562411681238,4.85714285714286,3.38180432235171,2.01861423938375,1.10609872302722,4.42857142857143,3.39507864914954,1.7333199352562,1.22417539394674,5,3.63130769413571,2.34893386780816,1.3870550416303,5,3.73293522636506,2.2231470984821,1.37616993798703,2,-0.828915728028531,-0.587694347450185,-0.346338725843645,2.25,1.01353800490587,0.474418464422768,0.255916493233732,3.51312587973905,2.73643153309284,1.27620653520245,3.00744222634978,2.24722719274782,1.27634832160527
"533",533,"male","Asian","yr3","Business","math02","Auditory",3.25,-0.332593548734429,-0.224741515930415,-0.238183486949403,1,-1.95766826697144,-1.12363438544422,-0.497556424846265,3,0.0351606362619581,0.179885888597477,0.220552313763931,3.9,1.89217986065286,1.18776539143632,0.541995977906721,3,0.110947555158089,0.204991280638203,0.0462223169992345,2.85714285714286,-0.722009400526096,-0.517854422150883,-0.212174912456437,3.85714285714286,0.585693799488485,0.358872535093769,0.196176549623793,3.71428571428571,0.613807673926562,0.285862010992396,0.189078798071306,2.57142857142857,-0.750403769422957,-0.355841210149986,-0.301973317245041,3.71428571428571,0.750724360461815,0.432262185540641,0.306081194399067,3.14285714285714,-0.380307913780379,-0.118548583791255,-0.127460605001735,1.33333333333333,-2.17628210886328,-1.64536571793132,-0.924734264395479,1.25,-1.19847666055308,-0.652507558069461,-0.294912104566007,0.119526078636105,0.0679685636508532,0.0495562031489472,-0.059654860851849,-0.0907496028985699,-0.0253309121688799
"534",534,"female","white","yr3","Other","math04","Auditory",3.5,0.104358753952123,0.0588908933680515,0.0945313904094736,1.2,-1.5819585307646,-0.870336402023775,-0.389446695623462,3.66666666666667,-0.793768496543356,-0.872823256195919,-1.26625459934966,3.2,0.0164983950653286,-0.161486814584512,0.10576156481151,4.16666666666667,2.38831775987234,1.54541222819251,1.09284377051478,3.85714285714286,1.15869096290939,0.803542315953543,0.338403519789483,3.42857142857143,-0.424717062970918,-0.30328735575203,-0.129137623561608,3.71428571428571,0.545530909133567,0.421014176539023,0.178321813973011,3.42857142857143,1.25067798271463,0.757891820866065,0.525775230367189,3.57142857142857,0.428393015299746,0.187930979363542,0.220349732194126,4,1.52306896555914,0.784281193869289,0.561882696374537,3.66666666666667,2.50268258615914,1.74691820356188,1.05943641590568,1.25,-1.19847666055308,-0.652507558069461,-0.294912104566007,0.612591619379469,0.554564080889028,0.200339069021518,1.29070627389925,1.07392946465163,0.547610858130075
"535",535,"female","white","yr2","Health","stats","Kinesthetic",4.5,1.7737637180346,1.20269601533094,1.03732585095717,2.8,1.68192588262347,0.53557440062336,0.518435297396936,2.66666666666667,-2.36629249606033,-1.44051180125222,-2.20189160267601,3.1,0.0738544762969709,-0.420294257617722,0.406998527302193,3.5,1.07468077209661,0.670675980912316,0.500516443599928,2.71428571428571,-1.19347952886598,-0.802641537368783,-0.412030669642934,4.14285714285714,1.28941380977018,0.98858726446615,0.403036063347828,3.28571428571429,-0.428745115465594,-0.432774391203869,-0.148227255445369,1.14285714285714,-3.94905638632825,-1.98277474334015,-1.4641198592404,2.57142857142857,-1.91020969671718,-1.14169324368291,-0.719403483344546,2.57142857142857,-1.64121714209333,-1.12442589350698,-0.672705036043534,2,-0.838177971936109,-0.804583591010405,-0.350023349896254,1.75,-0.14806069722189,-0.321352148580766,-0.133556819734785,-0.825708445535661,-0.775789659635642,-0.295027693393929,-1.00881301469491,-0.710978401940457,-0.428512027087218
"536",536,"male","white","yr1","STEM","math04","Visual",2.25,-2.09170611727447,-1.39869404503497,-1.72067125582368,1.2,-1.5819585307646,-0.870336402023775,-0.389446695623462,3.33333333333333,1.49633984202829,1.0362374398763,1.26450583205315,4.3,3.10225140812159,1.94728888074495,0.903570441033355,2.83333333333333,-0.190420793894777,-0.169199824467893,-0.0846562553005154,2.71428571428571,-1.06285235520514,-0.787123771780019,-0.301686471689309,2.85714285714286,-1.90506215504789,-1.01626366268304,-0.614349040496132,3.57142857142857,0.258565480547998,0.25382973241162,0.104010132822405,1.42857142857143,-3.17000699597412,-1.60032562140621,-1.13260754904867,3,-0.83856004285145,-0.627395241370987,-0.218586019977204,3.14285714285714,-0.3479979156055,0.190232189266932,0.125921097057596,1.66666666666667,-1.48430576836186,-1.24074264462042,-0.602692038594524,1,-1.67156413915867,-0.843882077011064,-0.352923347074065,-0.725842295614643,-0.461959121069122,-0.296761423858859,-0.902261474241893,-0.745386327976915,-0.383038290974083
"537",537,"female","white","yr2","Other","stats","Kinesthetic",4,0.820615650654713,0.80159300810395,0.0417466155519794,1.2,-1.5819585307646,-0.870336402023775,-0.389446695623462,4.33333333333333,1.19812415031921,0.366606014723312,1.3824096819889,2.4,-2.26309409631661,-1.63317747985785,-0.489935723390564,4.16666666666667,2.35613495540127,1.52020886863033,1.07482345030082,3.57142857142857,0.806483255009413,0.45142576577816,0.348861999899303,4,0.903854910787779,0.491669130721172,0.306628815783969,4,1.27441061578645,0.807672006371172,0.42510187829924,4,2.38478791395213,1.21760158762018,0.847623166283179,3.85714285714286,1.0801719591661,0.695118245104751,0.434685932586479,4,1.51938923566818,0.950110957716078,0.581026256999934,2,-0.828915728028531,-0.587694347450185,-0.346338725843645,3,2.80786065111589,1.73123890971762,0.712328072219146,1.09426807803945,0.881755923098833,0.374959154376563,1.7497672064965,1.37183130663508,0.74254122157181
"538",538,"female","white","yr1","STEM","math02","Visual",4.25,1.33681141534805,0.919063606032471,0.704610973598293,1.6,-0.744470217106474,-0.570564790088361,-0.158892517431864,3.33333333333333,-0.374399849197768,-0.201082530332987,0.446772678662553,3,-0.80460210088934,-0.35369794792715,-0.328725315702162,2,-1.79553088754968,-1.16619887244571,-0.821218700362087,2.14285714285714,-2.44227057531973,-1.40281186163544,-0.884178143035282,2,-3.88296119522297,-2.51939957624076,-1.27868995555158,2.57142857142857,-2.21426876889398,-1.40626179409561,-0.741037586521004,2.42857142857143,-1.03391483245324,-0.540925336253356,-0.399382236472877,1.57142857142857,-4.23797723371298,-2.5451860464431,-1.65422027107181,1.57142857142857,-3.86978189574547,-2.34168490460642,-1.44783842914623,2,-0.838177971936109,-0.804583591010405,-0.350023349896254,1,-1.67156413915867,-0.843882077011064,-0.352923347074065,-3.47071442829714,-2.72413337176534,-1.21805617458563,-1.46777098591842,-1.04768630216542,-0.622928830512275
"540",540,"female","white","yr3","Other","stats","Kinesthetic",4.25,1.33681141534805,0.919063606032471,0.704610973598293,3,2.16483979324084,1.11545521391462,0.552184218052709,3,-1.8355790549641,-1.05743408161181,-0.597180839626671,3.3,0.177181977069795,0.0803045017923605,0.0253820063961256,1,-3.79203261148157,-2.34739938273651,-1.73356025113357,2.85714285714286,-0.746072346076985,-0.70006397680372,-0.212770679569278,3.57142857142857,-0.133044537774295,-0.136139553453697,-0.0559225410164703,3,-1.13330234644123,-0.652851734887167,-0.338313801599266,2.71428571428571,-0.565952891102232,-0.250133151582511,-0.394925637754015,2.57142857142857,-1.81475384494777,-1.24454664019202,-0.684434121197549,2.14285714285714,-2.56758512862826,-1.76010910206601,-1.05404945589162,4,3.15807262649247,2.39996650073212,1.31578972865656,1.5,-0.725389181947489,-0.461133039127857,-0.23690086205795,-1.24919360623623,-1.10830653434266,-0.385605357658062,-1.71825436754468,-1.43186960877176,-0.728911251791476
"541",541,"female","white","yr1","Health","math02","Visual",3,-0.618871991985364,-0.587663280245124,0.214171990320574,3,2.13678847470725,1.38711322359061,0.498518721714811,3,-0.905113290294001,-0.584160249973399,-1.15793808438679,3.4,0.408944596632393,0.513995576234556,0.0679605392539235,3,0.0895464458413831,0.27351467351548,0.0363822900704013,2.71428571428571,-1.46148731632818,-0.595859470873169,-0.616017704922138,2.71428571428571,-2.10674817172039,-1.51353450963252,-0.662063974358248,2.57142857142857,-2.32653924455559,-1.37877244021988,-0.816215369872928,2.57142857142857,-0.632822114122941,-0.331463498922178,-0.156715114231504,2.85714285714286,-1.41621749802898,-0.861049229467836,-0.662934904135562,2.71428571428571,-1.28272775995859,-0.57935416174317,-0.328995191956711,3,1.12799214906389,1.15456130050031,0.419036588356383,3,2.9121016572359,1.6796452813231,0.757660872034253,-1.52692255052924,-1.13305258095021,-0.580208515300259,-0.776968349682068,-0.404106259333698,-0.329953830195877
"542",542,"female","white","yr1","STEM","math04","Auditory",3.5,0.043392498974075,0.16832765552596,-0.150845655892796,1.2,-1.53927470121341,-0.99819903007337,-0.382576528507014,3.33333333333333,1.49633984202829,1.0362374398763,1.26450583205315,4,2.21457891444923,1.44769481588828,0.631774592114571,3.83333333333333,1.73031032536854,1.07790103656497,0.795832074319108,3.57142857142857,0.753066917977327,0.321372827941893,0.31600658033331,4.14285714285714,1.406833934393,0.496538970688824,0.526026061047819,3.71428571428571,0.654869569256152,0.389513671257873,0.259508956898007,3.14285714285714,0.629208735002922,0.309382584877575,0.279592610629681,4,1.42187280209221,0.889573378339782,0.57983979791998,4.14285714285714,1.80956850114067,1.01252056334763,0.664878480202286,2.33333333333333,-0.182787931602778,-0.151535293840168,-0.0936700371453748,1.75,-0.14806069722189,-0.321352148580766,-0.133556819734785,1.37919923299572,1.09194986716101,0.46922076936312,0.962764189375895,0.767315200071081,0.408490588271449
"543",543,"female","white","yr2","Business","math02","Auditory",1,-4.07264058087151,-2.7525479409778,-2.22902684843296,1,-1.95766826697144,-1.12363438544422,-0.497556424846265,4,2.54795856233489,1.51162057222465,2.534679715241,5,5.13171496016993,3.22150048198912,1.52393034932561,3,0.222371945698911,-0.0535217550321993,0.100962877338227,2,-2.78976326315668,-1.72219099317665,-1.02766690283343,3.85714285714286,0.602430068665538,0.181033436333137,0.218478294688767,3,-1.099667122407,-0.787609925261793,-0.295940012448579,2.28571428571429,-1.14721641607399,-0.799601761942176,-0.340710889057803,3.42857142857143,0.238122351488594,0.0397946874252152,0.159324280749558,3.85714285714286,1.19732792043495,0.614124591027268,0.547196116449663,3.33333333333333,1.84729254582581,1.09386990639164,0.803083103154805,1,-1.67156413915867,-0.843882077011064,-0.352923347074065,-0.0959106833955784,0.0242994391141986,-0.164769789672364,-0.457582611147388,-0.277187526998468,-0.194336611625321
"544",544,"female","white","yr1","STEM","math03","Kinesthetic",4,0.960825367639542,0.525994434576095,0.617273142541686,1.4,-1.16356496500656,-0.744901046652924,-0.274466799284212,4,-0.263055055447124,-0.489745536555507,0.338456163699681,4.6,3.95084123739337,2.47707497679918,1.19074462361685,1.5,-2.76818612777044,-1.74595595786067,-1.2601595940352,2.14285714285714,-2.40606199612802,-1.47044760257313,-0.859166830119626,4,0.851909426203097,0.597888832424703,0.230844137745153,2.57142857142857,-2.17070633122757,-1.36767189393288,-0.769175588077282,1.85714285714286,-2.33523465740917,-1.16199872620674,-0.85850326456974,3.14285714285714,-0.415125671404299,-0.462094903136425,-0.0797506184564791,2.71428571428571,-1.35843403659709,-0.640850836576953,-0.400573403042761,3,1.17384069313955,1.12302532020119,0.488410125459067,1.75,-0.0438196911018824,-0.372945776975278,-0.0882240199196771,-0.697507304015052,-0.584093341430449,-0.28223559568333,-2.15384398579366,-1.62226017037098,-0.914057989897039
"545",545,"female","white","yr3","Health","stats","Visual",3,-0.672864397728515,-0.574374459209938,-0.098060881035302,1.2,-1.5819585307646,-0.870336402023775,-0.389446695623462,3,0.0351606362619581,0.179885888597477,0.220552313763931,3.8,1.81650986550009,1.04371125432759,0.579543444642833,4.16666666666667,2.35613495540127,1.52020886863033,1.07482345030082,2.85714285714286,-0.809709776986449,-0.572761115442998,-0.263939110296719,3.28571428571429,-0.763697666208693,-0.532766969105156,-0.220973482580499,3.57142857142857,0.245211653471145,0.171432668293264,0.0959029788024849,1.85714285714286,-2.09645161937377,-1.22571229475721,-0.537173801515827,3.57142857142857,0.275677602073141,0.338423114981391,0.0349934788821128,3.85714285714286,1.21445542304957,0.735364870311596,0.496837795379179,2,-0.828915728028531,-0.587694347450185,-0.346338725843645,2.25,1.07240433060082,1.05379182212167,0.310903331088557,-0.019314442401741,0.0915431230017743,-0.072588801266944,0.330498375480214,0.336592525220656,0.139931425239539
"546",546,"female","white","yr1","Other","math02","Visual",3.25,-0.332593548734429,-0.224741515930415,-0.238183486949403,1.6,-0.773222717782108,-0.347807681606077,-0.21315239928286,3,-0.89530512840814,-0.293387943040931,0.781309558524047,3,-0.702557131271479,-0.326110850212567,-0.26038116509647,1.33333333333333,-3.12817631434471,-2.0374180996246,-1.42998547048823,2.28571428571429,-2.1187723481828,-1.2875052534248,-0.761693663717564,2.28571428571429,-3.22113231467027,-1.5353523410085,-1.10373378200273,2.71428571428571,-1.89701251131737,-1.20078250162223,-0.643519625765939,1.85714285714286,-2.41238965765081,-1.00148538464212,-0.963375830241119,2.28571428571429,-2.49317915635461,-1.54189279909866,-0.916793374309477,2.57142857142857,-1.66385723701744,-1.07324960465963,-0.607762901631353,3,1.15531620532439,0.689246833080747,0.48104087735385,1.25,-1.19847666055308,-0.652507558069461,-0.294912104566007,-2.2872161900708,-1.70489585980689,-0.840616068553881,-2.24610610272588,-1.74245783268749,-0.953158239514762
"547",547,"male","Black","yr3","STEM","stats","Kinesthetic",5,2.60497927545839,1.82267254687374,1.54215099375782,3,2.15142098572485,1.53090860521701,0.45172339249336,2.66666666666667,-1.42601856950437,-0.676465662681343,-0.823401204525293,5,5.13171496016993,3.22150048198912,1.52393034932561,2.16666666666667,-1.44632239612978,-0.968463483121236,-0.659573117194189,3.14285714285714,-0.374621830363836,-0.106701936051281,-0.163614585041003,4.28571428571429,1.56961620845115,0.917384546978409,0.528559137245246,3.57142857142857,0.246483816160069,-0.0442828045948164,0.0988232331608905,1.85714285714286,-2.13369329949377,-1.09227176909729,-0.68597942336326,3.14285714285714,-0.564814039169073,-0.416156095723282,-0.206681505066808,2.28571428571429,-2.23400831368199,-1.58419611384621,-0.938799755220746,2.33333333333333,-0.182787931602778,-0.151535293840168,-0.0936700371453748,2,0.42926778750371,-0.181571258033675,-0.0302127774116195,-0.407045323779085,-0.502972421847535,-0.0795296398040489,-0.906626838788855,-0.801518698190465,-0.384679642905767
"548",548,"female","white","yr1","Other","stats","Visual",2.5,-1.65126352137203,-0.822604476102164,-1.11155672577205,1.2,-1.53857351907136,-0.949298128879659,-0.381982142993917,3.33333333333333,1.49633984202829,1.0362374398763,1.26450583205315,3.6,1.09129340453924,0.532288835647217,0.271811751487624,3.5,1.08705898771449,0.692224830313507,0.49832571140447,3.42857142857143,0.385118276985295,0.182659508763189,0.154397312134929,4.28571428571429,1.5912230011436,0.975945214858069,0.484918762138042,4.14285714285714,1.60120857366131,0.966930132587356,0.516017565771132,3,0.339683445784688,-0.0858072156487547,0.239805588678574,3.57142857142857,0.527356162488,0.181939365597424,0.288528873082511,4,1.52176219113668,0.919014755227477,0.530331697511048,2.33333333333333,-0.136939387527115,-0.183071274139288,-0.0242965000426901,1.25,-1.09423565443307,-0.704101186463973,-0.2495793047509,0.976367327239312,0.767940229746539,0.314372448465118,0.9504413012674,0.665215051583095,0.403387246708909
"549",549,"female","white","yr1","STEM","stats","Auditory",3.75,0.383663347968161,0.517960598805484,-0.290968261806897,1.6,-0.743769034964431,-0.52166388889465,-0.158298131918767,3,0.0351606362619581,0.179885888597477,0.220552313763931,2.1,-3.49455727969563,-1.8405852407136,-1.15666469517065,3.16666666666667,0.486786938751419,0.30018622731282,0.218724480229976,5,3.92613352833232,2.35294126627441,1.45210273364758,5,3.31170935523013,1.91813277875012,1.09562411681238,5,3.74208800854917,2.29084272651677,1.25970296808463,5,4.57314979566002,2.32881677317432,1.63321748061498,4.71428571428571,2.94799489569223,1.86606562349253,1.10569528003762,5,3.73293522636506,2.2231470984821,1.37616993798703,2,-0.828915728028531,-0.587694347450185,-0.346338725843645,2.25,1.0412357345842,0.635052935294879,0.237713605080598,3.33900363348857,2.59541276753645,1.20217041784626,2.539638639948,1.70390026970642,1.07827795762958
"550",550,"female","Black","yr3","Other","math04","Visual",4.25,1.35508862237678,0.862338556820433,0.78938340798346,1.4,-1.11947877117128,-0.774961872315096,-0.266407861141569,4.66666666666667,1.72883759141544,0.749683734363724,2.98712044503824,2.6,-1.86423055506704,-1.07573109665389,-0.426339058271228,4.33333333333333,2.64353278916847,1.85850806381066,1.20034953639976,4.28571428571429,2.30696714065811,1.52147486967628,0.832924628590413,4.28571428571429,1.65085756001851,0.800179742888808,0.622565098395492,3.71428571428571,0.639096431851566,0.493356114152503,0.254106831194923,4.57142857142857,3.62958161550567,1.90390508116674,1.34157530657204,3.85714285714286,0.955660879915271,0.536513620862885,0.301039399882043,4.14285714285714,1.82011723039975,1.20254005189405,0.711349530825875,3.66666666666667,2.46609628599106,1.99534342742122,0.993747502855608,2,0.42926778750371,-0.181571258033675,-0.0302127774116195,1.65825168553168,1.27243686550775,0.59170211210548,2.0983056235856,1.70112848943646,0.890462994696491
"551",551,"female","white","yr2","Other","stats","Kinesthetic",4.25,1.3908038210912,0.905774784997285,1.01684384495417,2.4,0.873702591000546,0.523393551940746,0.194290460762437,2.66666666666667,-2.36629249606033,-1.44051180125222,-2.20189160267601,2.4,-2.49740981859513,-1.43449746482376,-0.830286710922761,3.16666666666667,0.441429768828571,0.246262488087166,0.199123283013337,2.85714285714286,-0.963925095458471,-0.507461808783691,-0.394608746815646,3.71428571428571,0.202198143141472,0.0749880637042212,0.0528430823913644,3.71428571428571,0.606535788244416,0.393572221528059,0.213290811472472,2.71428571428571,-0.369805617630525,-0.2680249371174,-0.152774016706003,3.42857142857143,0.185655319561887,-0.0125157676376069,0.143375007749011,3.28571428571429,-0.0580190829323343,0.0988300950629367,0.0360152977933621,2,-0.828915728028531,-0.587694347450185,-0.346338725843645,1.75,0.126229373389633,0.67104278423846,0.194880846072442,-0.113824307927983,-0.0684323243894076,-0.0694190308650625,0.182359718537803,0.108161753551221,0.0773676446650792
"552",552,"male","white","yr2","Health","stats","Visual",2.75,-1.1350677566787,-0.705133878173644,-0.44869236772574,3.6,3.39337153626545,1.86122109209059,0.844647181758756,3,-0.905113290294001,-0.584160249973399,-1.15793808438679,2.2,-3.05221373827268,-1.73398932481742,-0.950280684237537,2.83333333333333,-0.14159264257075,-0.333092129732743,-0.0601880391107065,3.71428571428571,0.797529024777006,0.671212841331449,0.189954425421198,4.57142857142857,2.32675539125274,1.18410439287172,0.808857438050754,3.42857142857143,-0.14259118351457,0.0396164970880438,-0.0299817061688681,4.57142857142857,3.71623625906925,2.05795722528902,1.37340317583249,3.85714285714286,0.961928201622544,0.657027953967366,0.316032357643853,4.57142857142857,2.78873718257068,1.60820286621466,0.9898888034096,2,-0.865502028196614,-0.339269123590846,-0.412027638893721,1.5,-0.621148175827482,-0.512726667522369,-0.191568062242842,1.54284990353604,1.22847731948269,0.470854570621723,1.07845021802543,0.850780453743746,0.457903174455038
"553",553,"male","Black","yr1","Business","math03","Auditory",2.25,-2.0019985128169,-1.3685466378933,-1.1809779474971,1,-1.95766826697144,-1.12363438544422,-0.497556424846265,3.33333333333333,1.48653168014243,0.745465132943829,-0.674741810857679,4.4,3.47676778137868,2.05428653121343,1.13081036067979,3,0.106796083405135,0.0861986586962576,0.0566721991208514,3.57142857142857,0.797338336772206,0.330596199391052,0.329871949235174,3.71428571428571,0.164541335847278,0.113612748287806,0.0525541913910801,3.42857142857143,-0.163763533336122,0.0591321341877892,-0.0483466973470428,3.28571428571429,0.731730670382575,0.610472174143957,0.163401386855663,3.14285714285714,-0.709976896576763,-0.341960603915505,-0.275816961193929,3.57142857142857,0.576535937500744,0.471714721298198,0.28950480118018,2.33333333333333,-0.136939387527115,-0.183071274139288,-0.0242965000426901,2.75,2.22706130005202,1.33335360321585,0.517591415734887,0.271604967654554,0.221304406370738,0.0819111061811904,0.13621499090868,0.12417434813566,0.0578093139773017
"554",554,"female","other","yr2","STEM","stats","Auditory",3.5,0.0791076976884934,0.211763883702813,0.0766147810779123,1.6,-0.744470217106474,-0.570564790088361,-0.158892517431864,2,-0.616705760470781,-0.205301131752882,-3.21508957723337,2.5,-2.08704713117079,-1.41930083731065,-0.598044619656344,3.16666666666667,0.42479921104115,0.310065644163342,0.184379905278542,3.14285714285714,-0.181466664152839,-0.0845031084688931,-0.0312864513153946,3.85714285714286,0.567623937366635,0.256570347794,0.190544814105084,3.57142857142857,0.246252102046953,0.121343734395041,0.0596865664150635,3.14285714285714,0.590856879148473,0.110707498547166,0.231763321790222,3.57142857142857,0.411201631162593,0.235243203818374,0.191472377546591,3.57142857142857,0.584106220503524,0.324797237302844,0.197213479787176,3.66666666666667,2.51194483006672,1.9638074471221,1.06312103995829,2.5,1.48662548351146,0.665792983364371,0.313927735741789,0.364560775997027,0.29127193359026,0.114084925863047,0.364369715738674,0.288740941909439,0.154638748882164
"555",555,"female","white","yr3","Other","math04","Kinesthetic",3,-0.848789313427762,-0.342212113858936,-0.901047844995717,1.4,-1.20624879455775,-0.61703841860333,-0.28133696640066,4.66666666666667,0.788563664859481,-0.0143624042071519,1.60863004688753,2.5,-2.09052733497272,-1.40693773481408,-0.6201904611241,4,2.04751308237493,1.38111745533261,0.93768241515552,3.57142857142857,0.739466152532761,0.486559516183276,0.290637732395583,3.71428571428571,0.194811106781311,0.249158746036591,0.0199273234862954,3.42857142857143,-0.16999497044246,0.116753410825229,-0.0603510963332988,2.85714285714286,-0.21359533074434,-0.141590196281044,-0.157819003858559,3.85714285714286,0.961928201622544,0.657027953967366,0.316032357643853,4,1.51938923566818,0.950110957716078,0.581026256999934,3,1.16457844923197,0.906136076640967,0.484725501406459,1.75,-0.14806069722189,-0.321352148580766,-0.133556819734785,0.764094855173252,0.660799906385828,0.251010581235809,0.427247530208904,0.439182001034371,0.181047960509677
"556",556,"female","white","yr2","Other","math01","Auditory",3.25,-0.3073424924708,-0.377614506265176,-0.220266877617842,1.4,-1.19161628354015,-0.473243036976929,-0.32813229562211,3,-1.8355790549641,-1.05743408161181,-0.597180839626671,4.7,4.29680488098141,2.67515829265739,1.34026188671614,4.66666666666667,3.34877185453278,2.2343048532116,1.53220047426583,4.14285714285714,2.2701948202919,1.20780581532469,0.977013532031742,5,3.31170935523013,1.91813277875012,1.09562411681238,4,1.27441061578645,0.807672006371172,0.42510187829924,1.85714285714286,-2.10311349079984,-1.43085303560726,-0.610106453918354,4.71428571428571,3.14877046071307,1.93744502344673,1.28258299036744,5,3.73293522636506,2.2231470984821,1.37616993798703,2.66666666666667,0.518450652806216,0.469977023030949,0.232056812708189,2.25,1.01006713856759,0.216314048468092,0.164523879072639,3.12668387714733,2.45702957072501,1.09668255378354,0.836683331537321,0.695555049194643,0.354699798325136
"557",557,"female","Asian","yr1","Other","math01","Auditory",4,0.881581905632761,0.692156245946042,0.287123661854249,1.8,-0.368059298757582,-0.268365905474204,-0.0501884026959641,3.66666666666667,1.08677935656856,0.655269020945832,1.49072619695178,3.4,0.500606088065764,0.26329078781984,0.182628193442857,3.16666666666667,0.446200320357855,0.241542251286065,0.194219932207376,3.57142857142857,0.824808313615555,0.427020487644892,0.336572053401831,4.14285714285714,1.24008588420892,0.726767913648344,0.422712817462854,3.42857142857143,-0.0740101373967281,0.00285584142572326,0.0127288925717774,3,0.233020067126129,-0.0220891900209736,0.0802799241195531,3.85714285714286,1.06444965405549,0.737132794380015,0.430547276752628,4,1.51938923566818,0.950110957716078,0.581026256999934,2,-0.828915728028531,-0.587694347450185,-0.346338725843645,1.25,-1.19847666055308,-0.652507558069461,-0.294912104566007,1.17136897720693,0.927927270605028,0.399937528081769,0.206396712069182,0.177028946036419,0.0875603307112582
"558",558,"male","white","yr3","Other","math02","Kinesthetic",4.75,2.1497497657431,1.59576518678731,1.12466368201378,4.2,4.56318457443719,2.49325241430233,1.17584653654361,2.33333333333333,-2.8871977752707,-1.53281721396016,-1.86735472281452,3.3,0.408345365441341,0.0426426512067762,0.344545372249037,2.33333333333333,-1.21188939637403,-0.710357113368851,-0.556360846922389,1.85714285714286,-3.2213219753329,-1.91155582834923,-1.24139610148172,3.85714285714286,0.604551094970236,0.285053286915384,0.221089915227672,3.57142857142857,0.171893395859251,0.0663886252876486,0.016610414895683,2.42857142857143,-1.02994790197535,-0.444487493643944,-0.33101181513785,3,-0.768370723951896,-0.585415283350046,-0.235647261268727,3.57142857142857,0.576521588729,0.230690472878706,0.0921530377673348,2.33333333333333,-0.182787931602778,-0.151535293840168,-0.0936700371453748,1.75,-0.0368779584253253,0.143263054934073,0.094561208402509,-0.760225264066801,-0.550583659941437,-0.390038906901087,-0.61415680996358,-0.540789900531834,-0.260548373884669
"559",559,"male","white","yr1","Other","stats","Visual",4,0.960825367639542,0.525994434576095,0.617273142541686,1.6,-0.772521535640064,-0.298906780412366,-0.212558013769762,2,-0.597089436699058,0.376243482112053,0.663405708588298,3.9,2.01306841721403,1.17507471282465,0.604756632129773,1.5,-2.82097389172433,-1.69546439428329,-1.28424833197987,2.42857142857143,-1.75241580869625,-1.18972460423977,-0.560220670918912,4.28571428571429,1.70283393661181,1.15184761331334,0.537731050492788,4,1.33348409345731,0.632679367865195,0.512188932138714,1.42857142857143,-3.27893294531759,-1.49976866978123,-1.27513353675026,4.14285714285714,1.67886372391414,1.05330325124523,0.636214479385263,1.85714285714286,-3.21447069177288,-2.16490808774821,-1.31121028232051,2.66666666666667,0.509188408898638,0.253087779470729,0.22837218865558,1,-1.67156413915867,-0.843882077011064,-0.352923347074065,-0.373868517217919,-0.491647638139542,-0.0261608766381715,-1.4548602663328,-1.39589480827722,-0.617184757511572
"560",560,"male","white","yr2","STEM","math04","Visual",4,0.99654056635396,0.569430662752947,0.844733579512394,1.2,-1.5819585307646,-0.870336402023775,-0.389446695623462,4.66666666666667,0.788563664859481,-0.0143624042071519,1.60863004688753,2.9,-0.954280771739891,-0.854308097046053,-0.363139858409466,2.16666666666667,-1.50388071161295,-0.91325168274275,-0.678758504332892,2.71428571428571,-1.33619171372324,-0.502066942491869,-0.517880378663698,3.14285714285714,-1.08357671970396,-0.622427106796843,-0.308487916889421,2.28571428571429,-3.03640105214266,-1.90971035362086,-1.12032913338946,1.85714285714286,-2.30090319321219,-1.25363539229655,-0.823252515544133,2.42857142857143,-2.34782592237008,-1.50847667222625,-0.98065771780952,2.42857142857143,-1.94246995381082,-1.1442142639456,-0.562836089847878,2.33333333333333,-0.182787931602778,-0.151535293840168,-0.0936700371453748,2.25,1.01006713856759,0.216314048468092,0.164523879072639,-1.53148069250755,-1.22239213100547,-0.56858428209925,-2.04082385526071,-1.39039644614714,-0.866312947297342
"561",561,"male","white","yr1","Business","math03","Kinesthetic",3,-0.823538257164133,-0.495085104193697,-0.883131235664156,1.2,-1.567326019747,-0.726541020397375,-0.436242024844913,2.66666666666667,0.454529283607546,0.851626614460409,1.93357959177614,3.8,1.79599578188195,0.946028275401768,0.652758067861034,4,2.05148748407032,1.36922568826922,0.929007455151425,4.14285714285714,2.14982986563403,1.09102365921581,0.865525331594437,4.57142857142857,2.29287976878991,1.39262628187502,0.738704495530646,4.71428571428571,2.98934649227343,1.8270953818122,1.00308350807037,4.42857142857143,3.41217296577419,1.68714067891319,1.31707055840002,4.57142857142857,2.6910039738703,1.70233575058708,1.04932059857233,4.85714285714286,3.39752554900026,2.05382091454719,1.25636049003245,2.66666666666667,0.472602108730554,0.501513003330069,0.162683275605504,2.5,1.6185642193098,0.774833825841971,0.341057647403763,2.56332689262701,2.04777201822578,0.893267317653314,2.52271358561427,1.82175834640734,1.07081081749965
"562",562,"male","other","yr1","STEM","stats","Visual",3,-0.698115453992145,-0.421501468875177,-0.115977490366863,1.8,-0.277718129674986,-0.0616334014326327,-0.113268790946684,4,0.677218871108836,0.274300602015368,1.7169465618504,2.2,-3.22162412804305,-1.69593295475272,-1.10030577483577,3.66666666666667,1.35021859960567,1.06805809536772,0.606395801158114,3,-0.717527194740948,-0.241573720128911,-0.303945112539169,3.14285714285714,-1.14536319689218,-1.00856905753789,-0.288127147744257,3.57142857142857,0.15284136494217,0.395121857957326,0.0361699322703304,2,-1.99193584946364,-1.0048287834881,-0.723565462380426,3.85714285714286,0.899480996607049,0.956025856326942,0.228641896294527,2.85714285714286,-1.06664942432089,-0.466420347395674,-0.441807194801535,3,1.17384069313955,1.12302532020119,0.488410125459067,2.25,1.17664533672082,1.00219819372715,0.356236130903665,-0.54905757645077,-0.431147652890498,-0.162388897586341,-0.174773732044184,-0.0903957152660745,-0.0744256386466905
"563",563,"male","white","yr1","Business","math03","Visual",3.75,0.49862200868936,0.395235015612389,0.266641655851248,1.6,-0.72913652394683,-0.377868507268249,-0.205093461140217,3.33333333333333,-0.38420801108363,-0.491854837265455,-1.49247496424828,3,-0.702557131271479,-0.326110850212567,-0.26038116509647,3,0.0993697101698275,0.104092997936463,0.0342704145159715,3.57142857142857,0.621459413252452,0.484223081904891,0.184979408792312,3.85714285714286,0.528978837567064,0.271223866608332,0.18293754483375,3.14285714285714,-0.834178324967834,-0.69930135391895,-0.271946937118498,2.57142857142857,-0.851596417063346,-0.485520100121766,-0.35034678198684,2.85714285714286,-1.33159646433354,-0.736365991292688,-0.583103689341662,2.85714285714286,-1.0109317225571,-0.351932949223165,-0.178976171682144,2,-0.828915728028531,-0.587694347450185,-0.346338725843645,1.25,-1.19847666055308,-0.652507558069461,-0.294912104566007,-0.203158249403064,-0.225317165829463,-0.0668189630673364,-0.488647974086027,-0.313950068531018,-0.207499787122549
"564",564,"female","white","yr2","STEM","math03","Visual",3.5,-0.0715661617471244,0.291053238719055,-0.708455573550941,1.8,-0.353426787739982,-0.124570523847803,-0.0969837319174146,3.66666666666667,0.156313591898464,0.181995189307425,2.05148344171189,2.6,-1.7922567983693,-1.4690309834794,-0.545413958263998,3,0.148360142485883,0.196177590427797,0.0652591903472078,2.85714285714286,-0.754673978723611,-0.579729884967653,-0.271898915053461,3.57142857142857,-0.0204019146854232,0.0772801333632414,-0.00442056347046374,4.28571428571429,1.98993649536248,1.11193277208497,0.66377478860555,1,-4.18029773117153,-2.11604396904223,-1.50915977671223,4.14285714285714,1.9850096550651,1.13448206412799,0.918348256918597,4.14285714285714,1.8250256029316,1.02287778954465,0.720509754420507,1.66666666666667,-1.48430576836186,-1.24074264462042,-0.602692038594524,1.25,-1.19847666055308,-0.652507558069461,-0.294912104566007,0.822309309116485,0.767103736171072,0.239627154045045,-0.654795699192595,-0.677026195857612,-0.277985130705459
"565",565,"male","Black","yr3","STEM","math03","Kinesthetic",1.5,-3.21617396718409,-2.28544439976976,-1.70628509630075,1,-1.95766826697144,-1.12363438544422,-0.497556424846265,4.66666666666667,1.72883759141544,0.749683734363724,2.98712044503824,5,5.13171496016993,3.22150048198912,1.52393034932561,2,-1.81090606417577,-1.12452099907873,-0.826270564958778,4.42857142857143,2.61332609480554,1.41722983043523,0.927156487890201,4.57142857142857,2.34654319557056,1.24327012223577,0.791551341718209,4.57142857142857,2.75364666023861,1.65986353882003,0.968980612772223,3.28571428571429,0.918243990230965,0.494943705192199,0.432361848153565,5,3.63130769413571,2.34893386780816,1.3870550416303,2.42857142857143,-1.93723592608222,-1.34954146905726,-0.754425140299621,2,-0.828915728028531,-0.587694347450185,-0.346338725843645,1.25,-1.19847666055308,-0.652507558069461,-0.294912104566007,1.62966867865166,1.05152149955219,0.778590613313318,0.631974507574936,0.176138518590781,0.268696786978069
"566",566,"female","other","yr2","Other","math04","Kinesthetic",3.75,0.52387306495299,0.242362025277628,0.284558265182809,1.4,-1.16286378286451,-0.696000145459213,-0.273872413771114,3,0.0253524743760969,-0.110886418334991,-1.7186953291469,2.5,-2.08704713117079,-1.41930083731065,-0.598044619656344,4,2.03910926845244,1.34767683886803,0.931198187346884,3.85714285714286,1.39477292632088,0.786352215832581,0.529311653628434,4.14285714285714,1.21462898572691,0.798636408680944,0.384165323039076,4,1.27441061578645,0.807672006371172,0.42510187829924,3.85714285714286,2.09305351522859,1.05312462290186,0.769043939668329,4,1.32144057587741,0.900862667285468,0.486921958217911,3.71428571428571,0.883251563571805,0.528355679603196,0.330893535219415,2.33333333333333,-0.182787931602778,-0.151535293840168,-0.0936700371453748,1.5,-0.725389181947489,-0.461133039127857,-0.23690086205795,1.15526820637469,0.878605087733308,0.437015722624007,1.59223965815061,1.23425776355206,0.675712067639528
"567",567,"male","Black","yr1","Other","math02","Auditory",4.5,1.85300718004138,1.03653420396099,1.36747533164461,4.6,5.35932970992992,3.30948766783784,1.28600614520381,1,-1.2489558334318,-0.00894353823830593,-2.772236182409,4.7,4.53461138674623,2.61552513964808,1.445583628118,3,0.184163208537222,-0.0518795950840794,0.0781543947921213,1.85714285714286,-3.11439345669259,-1.85126729870903,-1.19704527543979,1.57142857142857,-4.86195841566013,-3.15727734008357,-1.53882367353058,1.71428571428571,-4.32758963124073,-2.46119124058644,-1.40208521559289,1.57142857142857,-2.89987733952289,-1.88960983297682,-1.04651981112818,2.14285714285714,-2.91488887503483,-1.60550942021175,-1.20059981309169,1.57142857142857,-3.86585337142916,-2.05149106754723,-1.45777751001965,1,-2.82240990528903,-2.08152477154134,-1.17740295309375,1.75,0.0708339140329609,0.349773842494237,0.23128662237871,-3.605120753216,-2.7735966231571,-1.2672117888951,-1.97158973430903,-1.19397554750725,-0.837218136970879
"568",568,"male","white","yr3","STEM","math04","Kinesthetic",3,-0.813074114713344,-0.298775885682083,-0.673587408025008,1.8,-0.309213646020511,-0.325279108888271,-0.0551930414089239,3,0.965626400932056,0.653159720235885,-0.340204930996185,3.9,2.01554438997466,1.24570303510793,0.605659018378702,3.33333333333333,0.774007702461053,0.507801033487819,0.34602548844644,2.85714285714286,-1.07326171724129,-0.651995303575876,-0.461547348302326,2.85714285714286,-1.76750892566784,-1.19297610680517,-0.532653526946002,2.71428571428571,-1.81176737493076,-1.14374598278595,-0.611308545274803,2.42857142857143,-1.15495440139337,-0.797214724096634,-0.410668973237754,3.71428571428571,0.720659584911227,0.451283531786649,0.263796332012421,2.42857142857143,-1.94745772913439,-1.20443841955328,-0.788444496527777,1.33333333333333,-2.1670198649557,-1.4284764743711,-0.921049640342871,1,-1.67156413915867,-0.843882077011064,-0.352923347074065,-1.03047411061313,-0.813092028133757,-0.30761097874529,-0.618589259293775,-0.301754863592489,-0.262809537283063
"569",569,"female","white","yr1","Other","math04","Kinesthetic",3.25,-0.253350086727648,-0.390903327300362,0.0919659937380336,2.2,0.456838337410788,0.325112239579021,0.11423108781523,3.66666666666667,0.146505430012603,-0.108777117625043,0.112235798801059,2.2,-2.83416902128764,-1.87153858882339,-0.742388830523935,2.5,-0.744434431888795,-0.790808748962787,-0.331414931885222,3,-0.47892268652489,-0.365998413129442,-0.148975628323831,3.57142857142857,-0.115962968157822,-0.0578085319231816,-0.0576091837688116,2,-3.56653578070703,-2.15524304031576,-1.20589418136722,2.42857142857143,-1.02339722003389,-0.855610342824085,-0.395415180805374,3.14285714285714,-0.539016603463522,-0.524007722840389,-0.216538770567893,2.42857142857143,-2.00274748248403,-1.28372180572485,-0.747871734935755,2.66666666666667,0.472602108730554,0.501513003330069,0.162683275605504,1.75,-0.0438196911018824,-0.372945776975278,-0.0882240199196771,-0.731253619763911,-0.658386682776654,-0.20642929103703,-1.533640458721,-0.936767012397384,-0.651110250945405
"570",570,"male","white","yr1","Other","math01","Visual",2.75,-1.19952430487264,-0.888154275650072,-0.970469066720763,1.8,-0.281990457513158,-0.475190260379681,-0.0358536829499712,1.33333333333333,-0.728050554221426,0.0833618744696379,-3.1067730622705,3.1,-0.518167251973049,-0.254254092454196,-0.330150686452466,2.33333333333333,-1.16465776551352,-0.802071515595439,-0.521521605251991,1.57142857142857,-3.9247135150972,-2.41967622862734,-1.50071857058538,2.28571428571429,-3.24407283291345,-1.73605520931647,-1.08772899540035,2.42857142857143,-2.66761611422275,-1.63361409884681,-0.937110749227804,2.14285714285714,-1.67183075155148,-0.948220249471741,-0.607905470984414,1.85714285714286,-3.60984084060595,-2.30271419108653,-1.4072652424794,2,-2.90770274572559,-1.59596132381597,-1.00926110497425,3,1.16457844923197,0.906136076640967,0.484725501406459,2.5,1.72627609176809,0.981344613402134,0.477783061379964,-3.32366894387137,-2.5399565351143,-1.24934460946243,-1.60974164150995,-1.08210222916939,-0.683331041882054
"571",571,"female","white","yr2","Other","math02","Visual",3.75,0.444629602946209,0.408523836647575,-0.0455912155046277,1.4,-1.19161628354015,-0.473243036976929,-0.32813229562211,3.66666666666667,2.01724512123866,1.12854285258424,0.929968952191661,2.7,-1.56091651780209,-0.925809910984426,-0.475737249001736,2,-1.70391530665778,-1.34184545471427,-0.768774948555663,1.57142857142857,-3.82314392723806,-2.10315855884,-1.46762311651617,3,-1.48184644877129,-0.557970213521652,-0.517652901931988,2.28571428571429,-2.93671945617868,-1.83171429045421,-0.974450766930807,3.14285714285714,0.405664807462054,0.537631875515458,0.0495714112152057,2.57142857142857,-1.73890198873599,-1.3246038819593,-0.595725740590405,2.42857142857143,-1.98792788131794,-1.13252315441434,-0.728439076844931,1,-2.82240990528903,-2.08152477154134,-1.17740295309375,1,-1.67156413915867,-0.843882077011064,-0.352923347074065,-2.19592509433886,-1.68129245173492,-0.844790678102889,-1.25515720815212,-0.816637223717241,-0.532694780698491
"572",572,"female","other","yr1","STEM","stats","Kinesthetic",5,2.60497927545839,1.82267254687374,1.54215099375782,2.4,0.892094908496751,0.570397920779111,0.217930563838171,2.33333333333333,-1.95673201060061,-1.05954338232175,-2.42811196757463,2.4,-2.43634140192662,-1.61784104237145,-0.834917984373195,3,0.116177338014811,0.17097423086562,0.0472388701332442,3.57142857142857,0.915413560903385,0.311069664991704,0.415121759470854,3.85714285714286,0.538429116562616,0.310086846631393,0.168927084070249,4,1.27441061578645,0.807672006371172,0.42510187829924,3,0.412505394236465,0.151740105024988,0.251098288639211,4,1.32144057587741,0.900862667285468,0.486921958217911,3.28571428571429,-0.0627793426410925,-0.0800017483793542,-0.0599473466417108,1.33333333333333,-2.17628210886328,-1.64536571793132,-0.924734264395479,1,-1.67156413915867,-0.843882077011064,-0.352923347074065,0.676781451231325,0.486630633339095,0.29879631023045,0.594289147736415,0.365151939456359,0.252334075903919
"573",573,"female","white","yr1","Other","math03","Kinesthetic",3.75,0.444629602946209,0.408523836647575,-0.0455912155046277,2,0.0369154594844676,0.272522841199043,-0.0356693319160627,3,0.0351606362619581,0.179885888597477,0.220552313763931,3,-0.702557131271479,-0.326110850212567,-0.26038116509647,2.33333333333333,-1.17190706869126,-0.653492787349901,-0.545698311974393,2,-2.94890922957577,-1.63390205878976,-1.1449856651735,2.42857142857143,-2.81480368322149,-1.73207372854785,-0.941447088384871,2.42857142857143,-2.54926369716644,-1.47099617806852,-0.829613798454795,1.57142857142857,-2.87676879671028,-1.72568341489687,-1.01124654395162,2.71428571428571,-1.6360273907581,-1.02527559523229,-0.634151447231728,1.71428571428571,-3.54988036913768,-2.33423427168312,-1.43101973027509,1.33333333333333,-2.17628210886328,-1.64536571793132,-0.924734264395479,1.5,-0.621148175827482,-0.512726667522369,-0.191568062242842,-2.75022903289457,-2.17008216008417,-0.943962127840328,-1.87050368863993,-1.3167845662452,-0.794027262872283
"574",574,"male","white","yr1","STEM","math03","Visual",2.75,-1.14553189912949,-0.901443096685258,-0.658236195364887,1,-1.95766826697144,-1.12363438544422,-0.497556424846265,3.66666666666667,2.95751904779462,1.89258899115512,2.30845935034238,5,5.13171496016993,3.22150048198912,1.52393034932561,2.16666666666667,-1.47850520060085,-0.993666842683414,-0.677593437408153,3.28571428571429,-0.193732081101564,0.0212518874510567,-0.217658375937371,3.42857142857143,-0.506845660864996,-0.16752232098036,-0.233858409906309,3.42857142857143,-0.141550734938762,-0.0104724368101789,-0.0661981185562895,1.28571428571429,-3.63116039792141,-1.69545337351578,-1.38725207250814,3,-0.862196880460531,-0.666349449300018,-0.330150550993494,3.14285714285714,-0.39322959850797,-0.277471869849074,-0.123237096136438,3.33333333333333,1.84729254582581,1.09386990639164,0.803083103154805,1.75,-0.14806069722189,-0.321352148580766,-0.133556819734785,-0.601301303239458,-0.451456674377109,-0.230253561370355,-1.63555886533626,-1.33592525430752,-0.694171192194668
"575",575,"female","white","yr1","Other","math02","Kinesthetic",5,2.60497927545839,1.82267254687374,1.54215099375782,3.4,2.93089177667213,1.76584656238191,0.721608347276863,3,-1.84538721684996,-1.34820638854427,-2.5364284825375,3,-0.702557131271479,-0.326110850212567,-0.26038116509647,1.33333333333333,-3.11739461919035,-1.94369134718515,-1.4218051772031,2,-2.94890922957577,-1.63390205878976,-1.1449856651735,2,-3.91185397809692,-2.36125816533672,-1.27136178627285,2.42857142857143,-2.54064708158364,-1.5304038126181,-0.858088609601032,1.85714285714286,-2.28367024818719,-1.16930574820641,-0.802144688995277,1.57142857142857,-4.20853260535399,-2.66089919722701,-1.60879378927819,1.85714285714286,-3.21576311742359,-1.78915027797053,-1.14540951777116,1.66666666666667,-1.52089206852995,-0.992317420761083,-0.6683809516446,2.25,1.14894760704249,0.841563722855043,0.374439019056798,-3.42953398206251,-2.63915197856485,-1.25203542437221,-2.28472288700216,-1.71819456173718,-0.969572625352258
"576",576,"male","white","yr1","Business","math02","Auditory",2,-2.30655416309657,-1.67474335299597,-0.81339490461229,2.2,0.45390666095842,0.300156394182473,0.078121793396992,4,0.677218871108836,0.274300602015368,1.7169465618504,3.2,-0.304488082322343,0.077872711348122,-0.208150017624732,4,2.02168256083113,1.40430846468192,0.912683200413956,3.71428571428571,0.982621351384837,0.616552556526985,0.333428503160597,3.57142857142857,-0.144212758965818,-0.131866075541042,-0.0189742484017162,3.28571428571429,-0.403077909887697,-0.217891329068934,-0.0957965350181078,4.28571428571429,3.04058862586082,1.57447415751885,1.12905653504629,4.57142857142857,2.70672627898091,1.66032120131181,1.05345925440619,4.42857142857143,2.44854016268164,1.53246422650762,0.818228971241709,2,-0.828915728028531,-0.587694347450185,-0.346338725843645,2,0.595845985656946,0.604312887225388,0.161499474419406,1.36440085185913,1.17658681648913,0.476643847015178,1.44778441461468,1.24961443021009,0.614348861649892
"577",577,"female","white","yr1","STEM","math01","Auditory",4.5,1.71279746305655,1.31213277748885,0.7919488046549,2.4,0.920847409172385,0.347640812296827,0.272190445689167,3.33333333333333,-0.38420801108363,-0.491854837265455,-1.49247496424828,1.9,-3.82120367422739,-2.37253661937703,-1.17955488229231,2.66666666666667,-0.501420548152992,-0.368577373740491,-0.223493355922307,2,-2.83083400544459,-1.6534285931891,-1.05973585493782,3.14285714285714,-1.17687353878956,-0.482388594112518,-0.376260410619369,2.71428571428571,-1.91848914246377,-1.27965837440679,-0.693838231586464,3.28571428571429,0.882591277872021,0.275184463265484,0.310342548405072,2.42857142857143,-2.22246591128431,-1.45186152770185,-0.819130866884423,2.57142857142857,-1.64489687198429,-0.958596129660195,-0.653561475418136,1.66666666666667,-1.48430576836186,-1.24074264462042,-0.602692038594524,1.75,-0.0126510950852678,0.0457931098515091,-0.015034293911718,-1.9051446510817,-1.48700526029109,-0.727684943491521,-0.456161150177918,-0.206564055269325,-0.193642218362084
"578",578,"female","white","yr1","STEM","math01","Auditory",2.5,-1.5110538043872,-1.09820304963002,-0.536030198782347,1.6,-0.713675882902993,-0.355819983826433,-0.217562652482722,3.33333333333333,0.565874077358191,0.562963608237888,1.82526307681327,3,-0.672858071656408,-0.16821668536852,-0.11142580855007,2.33333333333333,-1.24309898095365,-0.597704553663409,-0.572384480055741,2.85714285714286,-0.869369531287601,-0.468034239612699,-0.350092888512861,2.71428571428571,-2.21411828779105,-1.36636739857853,-0.714823379602493,2.42857142857143,-2.60765168368771,-1.61096711995955,-0.865925339340922,2.14285714285714,-1.73127129342421,-0.711399232471508,-0.607876989637705,2.57142857142857,-2.02071705352692,-1.06456687689538,-0.798325401711678,2.57142857142857,-1.59293830290319,-0.918165385597974,-0.588035074758615,2,-0.828915728028531,-0.587694347450185,-0.346338725843645,2,0.56814825597861,0.443678416353276,0.17970236257254,-1.62832511204024,-1.25554206111241,-0.574893153177053,-1.58358934409703,-1.08416552991301,-0.672203448040553
"579",579,"female","white","yr1","Health","stats","Kinesthetic",3.25,-0.3073424924708,-0.377614506265176,-0.220266877617842,2.6,1.27969414005131,0.481088469888035,0.391580595228279,3.33333333333333,-1.31467377575373,-0.965128668903863,-0.931717719488165,3.7,1.49759885769872,0.609809812483792,0.556393822396501,1.83333333333333,-2.09354813547922,-1.34224792230932,-0.948404520104733,3,-0.605668028153563,-0.204274818216295,-0.272945160676102,3.28571428571429,-0.808011860172455,-0.387079225894171,-0.284434342608157,3,-1.10216865113622,-0.683472430550408,-0.352686419312399,2,-1.9951974709765,-1.04214470369655,-0.795925457533904,3.28571428571429,-0.0677776539625158,-0.243817241334815,0.0835378240458082,3.28571428571429,-0.0932552073872844,-0.0345818449097813,-0.0955683329755346,2.66666666666667,0.463339864822976,0.284623759769849,0.158998651552895,2.75,2.06048310189878,0.547469457956787,0.325879163903862,-0.404218525658825,-0.277331806362137,-0.148899759388871,-1.55695590331968,-1.22746090204539,-0.660719176261253
"580",580,"female","white","yr2","Health","stats","Kinesthetic",2.5,-1.55723314555241,-1.33794849631849,-0.973034463392203,1.2,-1.567326019747,-0.726541020397375,-0.436242024844913,3.33333333333333,2.42680560669839,1.5095112715147,0.703748587293039,2.5,-2.13150388792207,-1.61786841007635,-0.693165885180226,1.83333333333333,-2.13156501351781,-1.33521388210671,-0.981283406527311,2.71428571428571,-1.35208220969449,-0.473188944758717,-0.56948761680305,4.14285714285714,1.21291104353094,0.84177286661666,0.40710315489033,2.57142857142857,-2.19629131840398,-1.50045294376622,-0.762154873323887,1.57142857142857,-2.8865811001646,-1.35187648592518,-1.01920317343758,3.42857142857143,0.253844656599205,-0.00221986185004859,0.163462936583409,1.42857142857143,-4.17602248278653,-2.42169743065271,-1.56357788963047,2,-0.828915728028531,-0.587694347450185,-0.346338725843645,1.5,-0.725389181947489,-0.461133039127857,-0.23690086205795,-0.925401445837039,-0.946990879414988,-0.217019749358063,-2.10165975905111,-1.55672636479386,-0.892004423647358
"581",581,"male","other","yr1","Business","math02","Auditory",5,2.60497927545839,1.82267254687374,1.54215099375782,4.6,5.41683471128119,2.86397345087327,1.3945259089058,1.66666666666667,-0.187528951239331,0.757211901042518,0.437185343689676,1.5,-5.02613992916509,-2.94986154781767,-1.4861216433445,2,-1.84831865150357,-1.11570730886833,-0.845307438306751,2.14285714285714,-2.59122280758672,-1.39392434909093,-0.982232394491434,2.28571428571429,-3.16515336679626,-2.15737246523573,-0.984371402974888,2.85714285714286,-1.5022026482215,-0.865672587470605,-0.463443235510437,2.28571428571429,-1.25018580295641,-0.553025991868103,-0.406314650538415,2,-3.29829366063917,-1.99527973375992,-1.31334420860687,2.42857142857143,-1.91649247658645,-1.03220564234465,-0.629822473226116,3,1.12799214906389,1.15456130050031,0.419036588356383,3,2.80786065111589,1.73123890971762,0.712328072219146,-2.60496325015911,-1.96677467576669,-0.987289580667292,-1.25946821288062,-0.955618465541935,-0.534459573795563
"582",582,"female","white","yr1","Other","math01","Kinesthetic",4.5,1.74851266177097,1.3555690056657,1.01940924162561,2.8,1.75833572283051,0.647412424232242,0.502744623880764,3,-1.84538721684996,-1.34820638854427,-2.5364284825375,4.1,2.62146139807163,1.47525454589796,0.841870841913232,2.5,-0.788818381920188,-0.706876568920822,-0.34901944202125,3,-0.838438804848732,-0.0730526384619934,-0.436388944371181,4,0.95850663007381,0.366284136851178,0.366794040242582,3.71428571428571,0.508315272433851,0.261527597548245,0.160375264265059,1.71428571428571,-2.61866055321868,-1.41044786168777,-0.971907640180831,3,-0.710950546260469,-0.811543909738299,-0.169532996495165,3.71428571428571,0.875630231602954,0.523754838783959,0.375825381747199,2,-0.828915728028531,-0.587694347450185,-0.346338725843645,2,0.328497647721981,0.128126786315513,0.015847036934366,0.109118807172132,0.107243070400769,-0.0439512267810267,-0.89268978458935,-0.776838610933501,-0.3788725911376
"583",583,"female","white","yr2","Other","math02","Kinesthetic",3.75,0.505595857924257,0.299087074489666,0.199785830797642,1.2,-1.53857351907136,-0.949298128879659,-0.381982142993917,3.66666666666667,1.08677935656856,0.655269020945832,1.49072619695178,3.8,1.61702564666316,1.0821717066648,0.48012626110988,1,-3.79203261148157,-2.34739938273651,-1.73356025113357,3.42857142857143,0.391904979844943,0.189043353319799,0.167557485965024,2,-3.92480906244261,-2.01352186215638,-1.36352758285764,2.42857142857143,-2.65102619028203,-1.44881437343873,-0.903059340138606,1.85714285714286,-2.2732378029886,-1.42062574539948,-0.782182176944519,1.42857142857143,-4.63111233181596,-2.70242781272344,-1.86393223179459,2.42857142857143,-1.9467041255235,-1.1948993503146,-0.685789985862739,2,-0.828915728028531,-0.587694347450185,-0.346338725843645,1.25,-1.19847666055308,-0.652507558069461,-0.294912104566007,-2.48838645086559,-1.90397011505789,-0.868806994578264,-2.50602492051818,-1.9104946143273,-1.06341996940625
"584",584,"male","white","yr1","Other","math01","Auditory",1,-4.07264058087151,-2.7525479409778,-2.22902684843296,1,-1.95766826697144,-1.12363438544422,-0.497556424846265,1,-1.2489558334318,-0.00894353823830593,-2.772236182409,4.6,4.33557686227166,2.41353335886774,1.41946805438214,1,-3.79203261148157,-2.34739938273651,-1.73356025113357,1,-5.24059014887847,-2.96284983381114,-2.01068179811386,1,-6.31970842253928,-3.78772181336567,-2.06035708730125,1,-6.12862156250171,-3.64184015406562,-2.07870139105692,1,-4.18029773117153,-2.11604396904223,-1.50915977671223,1,-5.60816077889747,-3.44335093428261,-2.21347729201926,1,-5.12124873642247,-2.86899746458199,-1.80440478596134,4,3.15807262649247,2.39996650073212,1.31578972865656,4,5.04757304625318,3.01879940308196,1.24495378186575,-5.38942132187592,-4.12346698214753,-1.96973502526328,-4.08035496253459,-2.85519462855643,-1.73192658336721
"585",585,"female","white","yr3","Business","math03","Auditory",4.25,1.42651901980562,0.949211013174137,1.24430428192488,2.2,0.533248177617827,0.436950263187903,0.0985404142990586,2.66666666666667,-2.36629249606033,-1.44051180125222,-2.20189160267601,3.5,0.762608211947828,0.535351276603345,0.184379169966512,2.5,-0.914672519074118,-0.454958630204701,-0.415032392501022,2.14285714285714,-2.60141654173882,-1.31452292724855,-1.00149690537534,2,-3.90446694173676,-2.53542884766909,-1.23844602736778,2.57142857142857,-2.190175245158,-1.49479881821304,-0.692061524087145,2.42857142857143,-1.0772284024881,-0.681677340990261,-0.356021837545872,2.85714285714286,-1.38615272247839,-0.880070575713845,-0.620650041748916,2.14285714285714,-2.60332210391854,-1.23694260581462,-0.853969131551945,3.33333333333333,1.8199684895653,1.5591843738112,0.741078814157338,2.75,2.19936357037368,1.17271913234374,0.535794303888021,-2.51840211320219,-1.88320346536725,-0.903253973986673,-1.12992830557147,-0.755724752916549,-0.479635867337588
"586",586,"female","white","yr2","Health","stats","Visual",3.5,0.122635960980856,0.00216584415601384,0.179303824794641,1.4,-1.14823127184691,-0.552204763832812,-0.320667742992565,2.66666666666667,-1.42601856950437,-0.676465662681343,-0.823401204525293,2.9,-0.975490282924058,-0.470763136173442,-0.31674008543135,4,2.03910926845244,1.34767683886803,0.931198187346884,4,1.63445260902962,1.02399349125302,0.586406600707224,4,0.903854910787779,0.491669130721172,0.306628815783969,4,1.27441061578645,0.807672006371172,0.42510187829924,4,2.38478791395213,1.21760158762018,0.847623166283179,3.85714285714286,1.0801719591661,0.695118245104751,0.434685932586479,4,1.51938923566818,0.950110957716078,0.581026256999934,2.33333333333333,-0.219374231770861,0.096889930019171,-0.159358950195451,1.25,-1.19847666055308,-0.652507558069461,-0.294912104566007,1.25516230287425,0.995275975601195,0.450975922592307,1.65732795103539,1.28552764298991,0.703346916873826
"587",587,"female","white","yr1","STEM","math03","Kinesthetic",3,-0.698115453992145,-0.421501468875177,-0.115977490366863,1.6,-0.787855228799708,-0.491603063232478,-0.16635707006141,3,0.0253524743760969,-0.110886418334991,-1.7186953291469,4.2,2.76938283412678,1.74718667588193,0.751768565429347,2,-1.73372022989698,-1.30676267830157,-0.785099203293132,3.28571428571429,0.272658736644934,0.046321265330512,0.201542225955948,4.28571428571429,1.58950505894763,1.01908167279378,0.507856593989295,3.28571428571429,-0.464387070323392,-0.288840883942276,-0.162719147159919,2.42857142857143,-1.00108716879655,-0.342727244134201,-0.406913265929465,3.57142857142857,0.479390968199911,0.245539109605932,0.21156030638099,3,-0.697055798493285,-0.419975737634641,-0.136431612918483,1.66666666666667,-1.48430576836186,-1.24074264462042,-0.602692038594524,1.5,-0.621148175827482,-0.512726667522369,-0.191568062242842,0.572027110403159,0.358170745837141,0.236570503254296,-0.97253785129424,-0.799510235825308,-0.412636487522769
"588",588,"female","white","yr1","STEM","math03","Kinesthetic",3.5,0.0686435552377044,0.0154546651911992,-0.132929046561235,1.6,-0.684923382227359,-0.578577092308717,-0.163302770631726,3.33333333333333,-1.31467377575373,-0.965128668903863,-0.931717719488165,2.7,-1.48018605413923,-1.04910649657651,-0.415677538624028,2.33333333333333,-1.14387573597314,-0.74708204972967,-0.517228109638813,3.14285714285714,-0.181466664152839,-0.0845031084688931,-0.0312864513153946,3.14285714285714,-1.12912346043386,-0.714349253194935,-0.358675214294219,3.14285714285714,-0.788495568396948,-0.351493858186293,-0.262160430121953,2.85714285714286,-0.0953083664793,-0.0580905626522751,-0.016550374663474,3.28571428571429,-0.161603810471151,-0.324751407284787,-0.0109654656789591,3,-0.694156755028705,-0.322925183049944,-0.214117423987157,1.33333333333333,-2.13043356478762,-1.67690169823044,-0.855360727292794,1,-1.67156413915867,-0.843882077011064,-0.352923347074065,-0.427483702023565,-0.315726919389089,-0.129588690320565,-0.559019246593739,-0.423637902732133,-0.237173146288348
"589",589,"female","white","yr1","Business","math03","Visual",2,-2.43895081550346,-1.65217904719177,-1.51369282485598,1,-1.95766826697144,-1.12363438544422,-0.497556424846265,3.33333333333333,1.49633984202829,1.0362374398763,1.26450583205315,3.9,2.04833770091835,1.13323493669618,0.684244624859976,2.66666666666667,-0.534681663727834,-0.240971061588138,-0.252980111391898,3.14285714285714,-0.16118970605798,-0.279352260350303,-0.038425362893963,4,0.877668362615175,0.630645249458742,0.298337531482495,3.28571428571429,-0.441869990601185,-0.260053945055938,-0.148616953726815,2.57142857142857,-0.571623751277644,-0.241133837504985,-0.127165378906931,3.85714285714286,1.10814750849854,0.584702769500408,0.455373715566419,3.14285714285714,-0.376628183889419,-0.284378347638044,-0.146604165627133,2,-0.838177971936109,-0.804583591010405,-0.350023349896254,1.25,-1.19847666055308,-0.652507558069461,-0.294912104566007,0.39537755099197,0.261844364178127,0.168588700062456,-0.386677887105237,-0.291595795355873,-0.164090714192718
"590",590,"female","Black","yr2","STEM","math03","Visual",5,2.60497927545839,1.82267254687374,1.54215099375782,2.6,1.30691732855866,0.331177318396625,0.410919953687232,2,0.33337632797104,0.849517313750461,0.102648463828181,3.8,1.81650986550009,1.04371125432759,0.579543444642833,2,-1.84831865150357,-1.11570730886833,-0.845307438306751,4,1.63445260902962,1.02399349125302,0.586406600707224,4.14285714285714,1.21462898572691,0.798636408680944,0.384165323039076,4,1.27441061578645,0.807672006371172,0.42510187829924,2,-1.99193584946364,-1.0048287834881,-0.723565462380426,3,-0.988426542380879,-0.547208533237225,-0.413211125194478,3,-0.694156755028705,-0.322925183049944,-0.214117423987157,3.66666666666667,2.51194483006672,1.9638074471221,1.06312103995829,3,2.80786065111589,1.73123890971762,0.712328072219146,0.304999211888157,0.124170417999566,0.154210877839196,-0.787494180832672,-0.807104502874538,-0.334006486436832
"591",591,"female","white","yr3","Other","math04","Visual",3.75,0.365386140939428,0.574685648017521,-0.375740696192065,2.4,0.800351375130068,0.265863614350118,0.279822181062695,3.66666666666667,0.146505430012603,-0.108777117625043,0.112235798801059,2.7,-1.52442510861173,-0.911427284431371,-0.52006899651102,2.83333333333333,-0.295819251744984,0.0624676916922127,-0.134608653307366,3.71428571428571,0.857827909244881,0.607832277691991,0.214610005727231,3,-1.43409637041559,-0.789930872604069,-0.500067705606839,3,-1.16347781157192,-0.75442198542375,-0.41960903145421,2.28571428571429,-1.62559892601631,-0.98925731302687,-0.789044236328295,2.57142857142857,-1.86922085873672,-1.32854114748823,-0.663234224072175,2.57142857142857,-1.64548801400034,-1.08560505627108,-0.64566664351077,4,3.15807262649247,2.39996650073212,1.31578972865656,1.75,-0.14806069722189,-0.321352148580766,-0.133556819734785,-1.03455652695215,-0.852803786021071,-0.309924792831018,-1.08282530492212,-0.76074132612732,-0.459720874601138
"592",592,"female","white","yr2","Business","math03","Kinesthetic",4.25,1.35508862237678,0.862338556820433,0.78938340798346,1.2,-1.52241169588548,-0.878348704244132,-0.393856948823324,3.66666666666667,-0.803576658429217,-1.16359556312839,-3.20550224226049,2,-3.55380157808738,-1.98620137762455,-1.0340457393217,1.83333333333333,-2.19752714292347,-1.31344269819281,-1.00695302147465,1.85714285714286,-3.23144722463414,-1.85401737518458,-1.28106912573322,3.42857142857143,-0.505857368359619,-0.143551155211106,-0.226540031635259,3.28571428571429,-0.507761576917716,-0.12668813742145,-0.199853147957603,2.42857142857143,-1.25702218718351,-0.296921275214582,-0.686593769938955,2,-3.23575149811752,-2.00880635653894,-1.31139085694126,2.85714285714286,-1.00563264080852,-0.558397984797234,-0.351468802461465,3,1.16457844923197,0.906136076640967,0.484725501406459,2.25,1.01006713856759,0.216314048468092,0.164523879072639,-2.06225788817677,-1.58647043168617,-0.853757439089719,-1.37769637780139,-1.13015899141706,-0.584577315992994
"593",593,"female","white","yr1","Business","math03","Visual",4,0.881581905632761,0.692156245946042,0.287123661854249,2.2,0.472172030570431,0.517808522399133,0.0680301441068776,3,-0.905113290294001,-0.584160249973399,-1.15793808438679,2.7,-1.72620160874742,-0.793932993907874,-0.652950417261487,2.33333333333333,-1.18208447313483,-0.74543988978155,-0.540036592184919,3.57142857142857,0.897088502297242,0.335474943124973,0.427411705968326,3.57142857142857,-0.0780475180488451,-0.00535442703254383,-0.019745704375173,3.85714285714286,0.870984137107778,0.531969726769123,0.273500299189974,3,0.178626406654573,0.0934437360080917,-0.026876738683457,3.14285714285714,-0.59643678115495,-0.297879096452136,-0.282653035341455,2.71428571428571,-1.32844755965264,-0.903923420724723,-0.487953453676774,1.66666666666667,-1.4384572242862,-1.27227862491954,-0.533318501491839,1,-1.67156413915867,-0.843882077011064,-0.352923347074065,-0.194793094865712,-0.240771986673603,0.00103461228257741,-0.1393030044801,-0.229762585624267,-0.058924708594848
"594",594,"female","white","yr2","Other","math02","Visual",5,2.60497927545839,1.82267254687374,1.54215099375782,1.8,-0.265127452185233,-0.355339934550443,-0.0471341032662809,3,-0.905113290294001,-0.584160249973399,-1.15793808438679,2.9,-0.754775739553793,-0.749786469412428,-0.207615251087937,2.5,-0.819419454993278,-0.678965322770411,-0.369115305956852,4.28571428571429,2.31904428944807,1.29349254276349,0.87774868776082,5,3.31170935523013,1.91813277875012,1.09562411681238,4.57142857142857,2.8411302415619,1.54209820177949,1.01244646257305,2,-1.86577275254785,-1.15084314485988,-0.638683890106514,4.14285714285714,1.93045339692025,0.990777479706838,0.880801904511343,4.28571428571429,2.09524937909133,1.23235869404971,0.646123333692576,3.66666666666667,2.46609628599106,1.99534342742122,0.993747502855608,1.75,-0.252301703341897,-0.269758520186254,-0.178889619549892,2.36624147016414,1.76541758135388,0.873173284837924,0.0749865322406582,-0.230584122982649,0.0320479628151745
"595",595,"female","white","yr2","STEM","stats","Kinesthetic",4.25,1.33681141534805,0.919063606032471,0.704610973598293,1.4,-1.16356496500656,-0.744901046652924,-0.274466799284212,3.33333333333333,-0.364591687311907,0.0896897765994806,2.38602032157339,2.8,-1.13977219988456,-1.08530065842879,-0.249586650700963,2.66666666666667,-0.395225940468892,-0.59307335963831,-0.169769348717324,3.28571428571429,0.151244966072165,0.129770097451124,0.0897795652988606,3.28571428571429,-0.755965329409112,-0.450767531146379,-0.212046111492746,3.42857142857143,-0.173841229072334,0.17258832955053,-0.112834705452047,2.85714285714286,-0.207044648802878,-0.552713045461186,-0.222222369526082,3.42857142857143,-0.0251953760539024,-0.018058089749962,-0.0195167812458728,3.85714285714286,1.2252683681178,0.717270747418498,0.522962319699969,2,-0.828915728028531,-0.587694347450185,-0.346338725843645,1.75,-0.14806069722189,-0.321352148580766,-0.133556819734785,0.209207924124243,0.253268210676395,0.0316465963380752,-0.382270195956551,-0.289299352769943,-0.162247458889379
"596",596,"female","white","yr1","Health","stats","Kinesthetic",3.75,0.699797980652237,0.0101996799266251,1.08754522914322,1.6,-0.787855228799708,-0.491603063232478,-0.16635707006141,3.66666666666667,1.08677935656856,0.655269020945832,1.49072619695178,1.8,-4.17025651539511,-2.42079080932908,-1.27166794568816,1.83333333333333,-2.05074591684581,-1.47929470806387,-0.928724466247067,2.85714285714286,-0.749073061480603,-0.329389114826083,-0.218196174707964,3.71428571428571,0.184372535280382,0.186324600244277,0.0266194059787454,4,1.35462231142759,0.797616879866296,0.492779741501233,3.28571428571429,0.976416745121318,0.140600689986247,0.289772934562796,2.14285714285714,-2.8690339829117,-1.8404047676794,-1.08868001131041,1.71428571428571,-3.58398491480876,-1.97146627955216,-1.4001376811183,3,1.19190250549247,0.440821609221407,0.546729790403927,1,-1.67156413915867,-0.843882077011064,-0.352923347074065,-1.65122736414013,-1.48494286134704,-0.5131606732702,0.0541443741966872,-0.168987611848704,0.0233677998808461
"597",597,"female","white","yr1","STEM","math02","Visual",4.75,2.1497497657431,1.59576518678731,1.12466368201378,2,0.0369154594844676,0.272522841199043,-0.0356693319160627,3,-0.905113290294001,-0.584160249973399,-1.15793808438679,2.7,-1.46983181639037,-0.993730736131572,-0.381705304823511,2.33333333333333,-1.19031121699976,-0.648196117240795,-0.548295742111078,2.85714285714286,-0.947897629785477,-0.580065743872308,-0.383818535411477,3,-1.4861305306782,-1.03258493125541,-0.464771497911609,3,-1.1683645187776,-0.648498132800227,-0.435876228185537,2.85714285714286,0.00844059370892197,0.0497823251269954,0.108172659050255,3,-1.15392645961217,-0.518965253673769,-0.603026917171285,3,-0.696544059268956,-0.532853228980836,-0.360774627911116,2,-0.783067183952869,-0.619230327749305,-0.27696518874096,2,0.56814825597861,0.443678416353276,0.17970236257254,-1.20238761597871,-0.919357630728724,-0.442895321344636,-0.619354344569565,-0.43043322106042,-0.262791097981935
"598",598,"female","other","yr1","STEM","stats","Kinesthetic",1.5,-3.29541742919088,-2.11928258839981,-2.03643457698819,1.2,-1.52241169588548,-0.878348704244132,-0.393856948823324,3.66666666666667,2.95751904779462,1.89258899115512,2.30845935034238,4.1,2.54027448058564,1.5455989773741,0.776260898758761,3.33333333333333,0.774980922352509,0.645656952755439,0.348022175527051,4,1.71479563731448,1.00930705911995,0.666100309259928,5,3.31170935523013,1.91813277875012,1.09562411681238,4.28571428571429,1.98889604678667,1.16202170598319,0.699991200992971,4.85714285714286,4.34190845081675,2.19554754747223,1.58817756314316,5,3.63130769413571,2.34893386780816,1.3870550416303,4.85714285714286,3.42145934058524,1.98767429673481,1.23881855951272,3,1.16457844923197,0.906136076640967,0.484725501406459,2,0.42926778750371,-0.181571258033675,-0.0302127774116195,2.89710887310213,2.27750066490932,1.00849363588577,2.12271135569418,1.52826657799742,0.901172535872418
"599",599,"female","other","yr1","Other","math01","Kinesthetic",4.75,2.22899322774988,1.42960337541737,1.45481316270121,2.8,1.62665137558252,0.957143561790765,0.445430442600085,3.66666666666667,-0.793768496543356,-0.872823256195919,-1.26625459934966,3,-0.702557131271479,-0.326110850212567,-0.26038116509647,2.83333333333333,-0.230034192396885,-0.0899878812270287,-0.107164116242505,3,-0.657228310273073,-0.304954283768369,-0.279289532233136,3,-1.50399953365457,-0.934794517307775,-0.482366485244439,3,-1.19326677697627,-0.675498713774425,-0.409499211486148,3,0.196426032244247,0.106386402066042,0.0620288519513763,3,-0.871651863863869,-0.503820566920273,-0.319296249065535,3,-0.694156755028705,-0.322925183049944,-0.214117423987157,3,1.16457844923197,0.906136076640967,0.484725501406459,1.5,-0.725389181947489,-0.461133039127857,-0.23690086205795,-0.880027579455644,-0.646447170358133,-0.322051781701557,-0.351845616562445,-0.18491311615757,-0.149374720525329
"600",600,"female","white","yr1","Other","math01","Kinesthetic",5,2.60497927545839,1.82267254687374,1.54215099375782,2.4,0.862514277794881,0.914901887445979,0.129344544108229,3.33333333333333,-0.38420801108363,-0.491854837265455,-1.49247496424828,3.2,-0.312209576314659,-0.180284329118919,-0.305076683905442,5,3.98282322843044,2.57936891273621,1.8194510001737,4,1.54384736174179,1.13994431390621,0.507856894638202,4.85714285714286,2.94628356100497,1.73655049466034,0.957922385098657,4.28571428571429,2.02976902465177,1.10400645417375,0.680378794926836,4,2.43441615237054,1.35458749959164,0.839638055450515,3.85714285714286,1.22639126604209,0.622793060637792,0.574027290509045,4.42857142857143,2.44147200152435,1.38359075509152,0.792057305967944,1.66666666666667,-1.52089206852995,-0.992317420761083,-0.6683809516446,1.5,-0.725389181947489,-0.461133039127857,-0.23690086205795,1.91034993262533,1.45921050008617,0.655688335091164,2.43349994211712,1.91620063955284,1.03258036881237
"601",601,"female","Asian","yr1","STEM","math03","Kinesthetic",2.5,-1.48580274812357,-1.25107603996478,-0.518113589450786,1,-1.95766826697144,-1.12363438544422,-0.497556424846265,3.66666666666667,2.95751904779462,1.89258899115512,2.30845935034238,4.6,4.33557686227166,2.41353335886774,1.41946805438214,1,-3.79203261148157,-2.34739938273651,-1.73356025113357,5,3.92613352833232,2.35294126627441,1.45210273364758,4.14285714285714,1.3229441317936,0.523895255171704,0.497177393685251,5,3.74208800854917,2.29084272651677,1.25970296808463,4,2.77298122011628,1.30230897621102,1.21732013088313,3.85714285714286,0.997640151688801,0.661829136287937,0.376451797199286,4.14285714285714,1.83691780680746,0.988657793127978,0.648539515359959,4,3.15807262649247,2.39996650073212,1.31578972865656,4,5.04757304625318,3.01879940308196,1.24495378186575,1.99101809481307,1.50957967220147,0.76988386760561,0.938626808772606,0.259425868990289,0.399250103869312
"602",602,"male","white","yr1","Other","math02","Visual",2.75,-1.14553189912949,-0.901443096685258,-0.658236195364887,1.6,-0.770992223471783,-0.37175273740324,-0.177637490377719,3.66666666666667,2.02705328312452,1.41931515951671,2.8692165951025,2.9,-0.915297870629948,-0.638604647329923,-0.242374714398625,2.66666666666667,-0.530429321558295,-0.326323067065506,-0.236046001461644,3,-0.336757157117551,-0.381269770230556,-0.0640815506977745,3.57142857142857,-0.0854345544090061,0.168816255299826,-0.052661463280242,3.71428571428571,0.607576236820224,0.343483287629836,0.17707439908505,2.71428571428571,-0.472502065811203,-0.107869068880207,-0.243929259929998,3.85714285714286,1.16061454042525,0.63701322456323,0.471322988566966,3,-0.699443102733536,-0.629903783565533,-0.283088816842442,2.33333333333333,-0.182787931602778,-0.151535293840168,-0.0936700371453748,1.25,-1.19847666055308,-0.652507558069461,-0.294912104566007,0.0387167720961085,0.0111571232122784,0.0577826744042877,-0.203174733049199,-0.227294636669482,-0.086162402219796
"603",603,"male","white","yr1","STEM","math04","Auditory",3.75,0.620554518645456,0.176361491296572,0.757395748455787,1.6,-0.685624564369403,-0.627477993502428,-0.163897156144824,2.66666666666667,-2.35648433417447,-1.14973949431975,-0.262643959765176,4,2.21457891444923,1.44769481588828,0.631774592114571,2,-1.81108313423333,-1.25520538808407,-0.824495642841256,2.42857142857143,-1.90325145560108,-1.03225618662486,-0.68383447066156,3.14285714285714,-1.17270800470702,-0.635769133688919,-0.452392284444181,2.57142857142857,-2.2129581708446,-1.17350606900868,-0.783074566081732,2.42857142857143,-1.32153563272125,-0.618440766651041,-0.732711618895833,3.14285714285714,-0.534838507974395,-0.494887519094242,-0.223142892212789,2.28571428571429,-2.26788534373826,-1.34003580954987,-0.778271943819127,2.33333333333333,-0.173525687695199,0.0653539497200516,-0.0899854130927663,1.25,-1.19847666055308,-0.652507558069461,-0.294912104566007,-1.41535226564409,-1.11978861593148,-0.484935809072176,-1.78074284711853,-1.28395885136325,-0.755810652310481
"604",604,"male","white","yr2","Business","math03","Visual",3,-0.733830652706563,-0.464937697052029,-0.343437927337572,3,2.11992546937932,1.26726289776137,0.50979914203112,3,0.0351606362619581,0.179885888597477,0.220552313763931,3,-0.702557131271479,-0.326110850212567,-0.26038116509647,3,0.0953953084744368,0.11598476499985,0.0429453745200661,3,-0.657228310273073,-0.304954283768369,-0.279289532233136,3,-1.50399953365457,-0.934794517307775,-0.482366485244439,3,-1.19326677697627,-0.675498713774425,-0.409499211486148,3,0.196426032244247,0.106386402066042,0.0620288519513763,3,-0.988426542380879,-0.547208533237225,-0.413211125194478,3,-0.694156755028705,-0.322925183049944,-0.214117423987157,2,-0.828915728028531,-0.587694347450185,-0.346338725843645,2,0.56814825597861,0.443678416353276,0.17970236257254,-0.938147721068434,-0.693517724527344,-0.346764245030412,-0.255233020154602,-0.0947131141922041,-0.108410916539852
"605",605,"male","white","yr3","Business","stats","Kinesthetic",2.5,-1.52151794683799,-1.29451226814163,-0.745574026421494,1.6,-0.72760721177855,-0.450714464259123,-0.170172937748174,3.33333333333333,1.49633984202829,1.0362374398763,1.26450583205315,3.7,1.53416916281659,0.876518617814977,0.659726870420204,2.66666666666667,-0.524077038631029,-0.277928698154017,-0.243024895989245,3.42857142857143,0.523945259951045,0.23131044938334,0.212778539339579,3.28571428571429,-0.856994485294294,-0.392728456420831,-0.288745976310447,4,1.29954458809824,0.669046048355514,0.437861528345678,2.85714285714286,0.00304650926522987,-0.0378364175173403,0.177800438891788,3.85714285714286,1.18051529797215,0.777786934004635,0.518655803214231,2,-2.90953687915427,-1.95016200034373,-1.22702182069976,2.66666666666667,0.509188408898638,0.253087779470729,0.22837218865558,1.75,-0.0438196911018824,-0.372945776975278,-0.0882240199196771,-0.498216822697278,-0.515404441785131,-0.0133989060852749,0.357308853359053,0.148015132938692,0.151826406075012
"606",606,"female","white","yr2","STEM","math04","Visual",3,-0.708579596442934,-0.617810687386791,-0.32552131800601,1,-1.95766826697144,-1.12363438544422,-0.497556424846265,3,0.965626400932056,0.653159720235885,-0.340204930996185,3.3,0.188420061386116,-0.0414307190491722,0.0248407462072452,3.66666666666667,1.4462678135204,0.8512229330643,0.656084496900415,3.57142857142857,0.715878007721583,0.567376588431348,0.27031229383028,4,0.903854910787779,0.491669130721172,0.306628815783969,3.71428571428571,0.55888473621042,0.503411240657379,0.186428967992931,3.14285714285714,0.815860683251667,0.324363016358969,0.476765734023154,3.71428571428571,0.83890334245478,0.489373822924034,0.382449906955048,3.71428571428571,0.877463094021479,0.517168034499068,0.380385129030899,2.33333333333333,-0.136939387527115,-0.183071274139288,-0.0242965000426901,1.5,-0.621148175827482,-0.512726667522369,-0.191568062242842,0.886557406043735,0.696340756309676,0.312436019041278,0.975710532354122,0.782750014553317,0.414033590514358
"607",607,"female","white","yr5+","STEM","math04","Auditory",5,2.60497927545839,1.82267254687374,1.54215099375782,5,6.19751920573009,3.65816018096697,1.51715470890851,2.33333333333333,-2.8871977752707,-1.53281721396016,-1.86735472281452,3,-0.702557131271479,-0.326110850212567,-0.26038116509647,3,0.0953953084744368,0.11598476499985,0.0429453745200661,3,-0.657228310273073,-0.304954283768369,-0.279289532233136,3,-1.50399953365457,-0.934794517307775,-0.482366485244439,3,-1.19326677697627,-0.675498713774425,-0.409499211486148,3,0.196426032244247,0.106386402066042,0.0620288519513763,3,-0.988426542380879,-0.547208533237225,-0.413211125194478,3,-0.694156755028705,-0.322925183049944,-0.214117423987157,2,-0.828915728028531,-0.587694347450185,-0.346338725843645,2,0.56814825597861,0.443678416353276,0.17970236257254,-0.938147721068434,-0.693517724527344,-0.346764245030412,-0.255233020154602,-0.0947131141922041,-0.108410916539852
"608",608,"female","white","yr1","Other","math01","Kinesthetic",3,-0.848789313427762,-0.342212113858936,-0.901047844995717,1.4,-1.1033169479854,-0.704012447679569,-0.278282666970976,1.66666666666667,-2.06807680435125,-0.770880376099234,-2.31979545261176,1.3,-5.72545768603706,-3.65165029138146,-1.8783230772607,3,0.110947555158089,0.204991280638203,0.0462223169992345,5,3.92613352833232,2.35294126627441,1.45210273364758,4.85714285714286,3.000935280291,1.61116550079035,1.01808760955727,5,3.74208800854917,2.29084272651677,1.25970296808463,2.57142857142857,-0.628096413500441,0.0179701758990108,-0.148126148236104,5,3.63130769413571,2.34893386780816,1.3870550416303,4.28571428571429,2.16206898092576,1.39259295017177,0.884321895634007,4,3.15807262649247,2.39996650073212,1.31578972865656,1.75,-0.252301703341897,-0.269758520186254,-0.178889619549892,3.15484580713791,2.40195987438876,1.19821472199654,0.953101496364723,0.437987413777182,0.404738004944283
"609",609,"male","white","yr2","Business","math02","Kinesthetic",4,0.899859112661494,0.635431196734004,0.371896096239416,1.6,-0.772521535640064,-0.298906780412366,-0.212558013769762,4.33333333333333,1.19812415031921,0.366606014723312,1.3824096819889,2.8,-1.24257730653383,-0.971045709177251,-0.391769440893951,3.83333333333333,1.77884574715289,1.11276147846495,0.802986702333519,3.71428571428571,1.15850027490459,0.462925674013146,0.47832104360346,4.71428571428571,2.62605920707028,1.39072023667751,0.89439633860705,4.42857142857143,2.35126063013575,1.33407232531976,0.781162621275536,3,0.150961016430984,0.260434089111016,-0.0679470772830711,4.42857142857143,2.47980013270957,1.47756998216035,1.03936943532755,4.71428571428571,3.12306760112785,1.79365492367314,1.20779301474552,3,1.11872990515631,0.937672056940086,0.415351964303774,1.5,-0.621148175827482,-0.512726667522369,-0.191568062242842,2.38333864362675,1.90086992455222,0.80125316359206,1.11086376543035,0.7535724157324,0.471405339127333
"610",610,"female","white","yr3","Other","math04","Kinesthetic",3.75,0.444629602946209,0.408523836647575,-0.0455912155046277,1.8,-0.396299278073648,0.464739074743165,-0.252298824840857,3.66666666666667,1.08677935656856,0.655269020945832,1.49072619695178,2.3,-2.73202068331982,-1.60032245145673,-0.880741073388726,3.16666666666667,0.414798876655143,0.348802930737026,0.188266702950495,4.42857142857143,2.68358589914764,1.51799112834119,1.03325361890538,3.71428571428571,0.139084437365267,0.185481243320408,0.0140066969673022,3.71428571428571,0.545530909133567,0.421014176539023,0.178321813973011,3.14285714285714,0.560492345429381,0.298782007246397,0.264882994099641,4.14285714285714,1.68033280294068,1.04800557606567,0.660953178198946,3.28571428571429,-0.0811625707120985,0.0850098585090976,0.00621945043050373,2.66666666666667,0.509188408898638,0.253087779470729,0.22837218865558,1.5,-0.621148175827482,-0.512726667522369,-0.191568062242842,1.12602645335319,0.837162513415692,0.510158289015662,0.492406892615499,0.360151866689984,0.209007324454405
"611",611,"female","white","yr1","STEM","math02","Visual",4.25,1.42651901980562,0.949211013174137,1.24430428192488,2.8,1.75540404637814,0.622456578835693,0.466635329462526,2.33333333333333,-2.8871977752707,-1.53281721396016,-1.86735472281452,2.6,-1.76453279492484,-1.27457439289257,-0.480214977852853,2.66666666666667,-0.489042332535109,-0.347028524339299,-0.225684088117766,3.14285714285714,-0.299541888284018,-0.0649765740695457,-0.116536261551074,3,-1.44934781436854,-1.06017951117777,-0.422201260785826,3.28571428571429,-0.477740897400245,-0.371237948060632,-0.170826301179838,3.28571428571429,0.733939779887888,0.379759338335945,0.202193591519407,3.42857142857143,-0.0659343534442268,0.0500100039007901,-0.10121241737707,3.85714285714286,1.21445542304957,0.735364870311596,0.496837795379179,2,-0.783067183952869,-0.619230327749305,-0.27696518874096,1,-1.67156413915867,-0.843882077011064,-0.352923347074065,-0.156289093840366,-9.49323572480227e-05,-0.113263689495344,-0.114662447551524,-0.0691858621107984,-0.0486115186562481
"612",612,"male","white","yr1","Business","math03","Visual",2.25,-2.0019985128169,-1.3685466378933,-1.1809779474971,1.6,-0.787154046657665,-0.442702162038767,-0.165762684548312,3.33333333333333,1.49633984202829,1.0362374398763,1.26450583205315,4.5,3.77784727547111,2.28386540970836,1.22527008502135,4,2.08111533725196,1.20345852285119,0.947106632006417,4.14285714285714,1.95947445282116,1.20209573813507,0.689435868792262,4.14285714285714,1.30693751230714,0.634626730227366,0.444619438497973,4.14285714285714,1.62238092348287,0.947414495487611,0.534382556949307,3.42857142857143,1.05183576829473,0.667080708160312,0.279061378251676,4.14285714285714,1.71395552678879,0.961412629027904,0.699775538347673,4.42857142857143,2.45277433439432,1.58314931287662,0.941182867256571,2.33333333333333,-0.182787931602778,-0.151535293840168,-0.0936700371453748,1,-1.67156413915867,-0.843882077011064,-0.352923347074065,1.81290764449329,1.46015665148676,0.631799597910868,1.28698560714533,0.967845863193282,0.54611098014548
"613",613,"female","other","yr3","Other","math01","Auditory",5,2.60497927545839,1.82267254687374,1.54215099375782,3,2.00223416390518,1.38108930458951,0.51980841945704,3.33333333333333,2.42680560669839,1.5095112715147,0.703748587293039,5,5.13171496016993,3.22150048198912,1.52393034932561,2.33333333333333,-1.00787620504985,-1.00666081204019,-0.44717984769636,4.14285714285714,2.24509092123257,1.13771721534847,0.926824756595853,5,3.31170935523013,1.91813277875012,1.09562411681238,4.42857142857143,2.54081098589948,1.29251669353373,0.930027627402525,2.42857142857143,-0.948366162076802,-0.848775857958355,-0.345330276180993,5,3.63130769413571,2.34893386780816,1.3870550416303,5,3.73293522636506,2.2231470984821,1.37616993798703,4,3.15807262649247,2.39996650073212,1.31578972865656,1.5,-0.725389181947489,-0.461133039127857,-0.23690086205795,3.15734345970892,2.48540674309366,1.10811206328194,0.199578125682376,-0.119066761228692,0.0849692504883753
"614",614,"female","white","yr3","STEM","math03","Visual",5,2.60497927545839,1.82267254687374,1.54215099375782,2.2,0.483360343776097,0.1263001868939,0.132976060761085,3.66666666666667,1.08677935656856,0.655269020945832,1.49072619695178,2.3,-2.58649738115428,-1.81011547952996,-0.600957792817241,1.33333333333333,-3.09599350987364,-2.01221474006243,-1.41196515027427,3,-0.276622602076687,-0.222970019159946,0.00234255606590608,3.14285714285714,-1.16196739527603,-0.468310075829965,-0.430138467623066,3.85714285714286,1.02174241215802,0.448251478996093,0.369544886608255,2.42857142857143,-1.30368254595198,-0.411624190782276,-0.699597909782174,3.28571428571429,-0.121390022766275,-0.204040025892886,-0.0115653198245003,1.57142857142857,-3.87632396890668,-2.36241161894922,-1.50100134599978,2,-0.828915728028531,-0.587694347450185,-0.346338725843645,1.25,-1.19847666055308,-0.652507558069461,-0.294912104566007,-1.24289126809704,-1.11381516886268,-0.289084803413468,-1.17829174490068,-1.15419664779058,-0.49972393967646
"615",615,"female","white","yr1","Other","math01","Visual",3.5,0.0686435552377044,0.0154546651911992,-0.132929046561235,1.6,-0.743769034964431,-0.52166388889465,-0.158298131918767,3.33333333333333,-1.31467377575373,-0.965128668903863,-0.931717719488165,2.6,-1.81040036211258,-1.01710532550517,-0.500408548040825,2.16666666666667,-1.50148804131554,-0.978258055518725,-0.685357920615347,3.28571428571429,0.239925673596549,0.00630877119147506,0.162226736726516,4.85714285714286,3.000935280291,1.61116550079035,1.01808760955727,3.85714285714286,0.793544119669429,0.720732017547768,0.256748275678495,4,2.46334932957651,1.30511914469443,1.02326882629419,3.57142857142857,0.497911534129016,0.297652516381335,0.243102391288888,5,3.73293522636506,2.2231470984821,1.37616993798703,3.66666666666667,2.50268258615914,1.74691820356188,1.05943641590568,3,2.64128245296266,0.945354764458554,0.52061582038812,1.8727488079284,1.51051139621008,0.542378335317842,0.623164045815307,0.361391101078238,0.264852069400796
"616",616,"female","white","yr2","STEM","math02","Auditory",4.25,1.39777767032609,0.809626843874562,0.949988019900563,2.6,1.22289032084209,0.975503588046314,0.283655217039385,2.66666666666667,-2.36629249606033,-1.44051180125222,-2.20189160267601,2.7,-1.49407561603289,-1.20055042921497,-0.424758443766901,2.16666666666667,-1.48673194446578,-0.896423070142659,-0.685852587334312,2.14285714285714,-2.53668916978886,-1.48596536816189,-0.969511028073251,2.57142857142857,-2.53227939909035,-1.49916399420594,-0.825275645762669,3,-1.22448269068277,-0.726980030412786,-0.454578028953671,2.57142857142857,-0.684301356124159,-0.387521486300164,-0.229069146189223,2.57142857142857,-1.79623327901867,-1.19243323341662,-0.65289203628965,2.42857142857143,-1.96484944755815,-1.11756508739809,-0.717739649154494,2,-0.783067183952869,-0.619230327749305,-0.27696518874096,1.75,-0.14806069722189,-0.321352148580766,-0.133556819734785,-2.12056930368782,-1.60882749992273,-0.778672320001766,-1.00269500046236,-0.740610132363837,-0.425498414397219
"617",617,"female","white","yr1","Business","math03","Kinesthetic",4,0.881581905632761,0.692156245946042,0.287123661854249,2.2,0.441504644251144,0.13241595675891,0.160432031523583,3.66666666666667,0.146505430012603,-0.108777117625043,0.112235798801059,3,-0.702557131271479,-0.326110850212567,-0.26038116509647,2.5,-0.848251158341019,-0.506026627090093,-0.383442873613712,2.71428571428571,-1.59183965035266,-0.797011242975365,-0.722462495987021,2.42857142857143,-2.75112929670043,-1.64686320662317,-0.83609021525389,2.57142857142857,-2.17443623960469,-1.41418811200683,-0.724433580199718,1.71428571428571,-2.48994114375506,-1.57826822525207,-0.810676498934988,2.71428571428571,-1.71247831821469,-0.962008683902105,-0.776266522918358,2.42857142857143,-1.95274407683922,-1.51141702006886,-0.857415889383061,1,-2.82240990528903,-2.08152477154134,-1.17740295309375,1,-1.67156413915867,-0.843882077011064,-0.352923347074065,-2.12284218084857,-1.64236199902684,-0.751331242123772,-1.5129629382489,-1.04633929498889,-0.642276756020162
"618",618,"female","white","yr2","STEM","math04","Kinesthetic",4.5,1.69452025602782,1.36885782670088,0.707176370269733,2.2,0.398820814699954,0.260278584808504,0.153561864407136,2.66666666666667,-1.42601856950437,-0.676465662681343,-0.823401204525293,1.4,-5.38910890824031,-3.463911189015,-1.70437536018893,1.66666666666667,-2.445134508131,-1.60026944760867,-1.11174616874913,3.28571428571429,0.353001764929787,0.0316348331974439,0.281235934508651,1.85714285714286,-4.26275797805973,-2.20548418714783,-1.45667375268527,1.57142857142857,-4.61336511553886,-2.92619316990353,-1.53292807756575,1.28571428571429,-3.54008753534721,-2.00282690100952,-1.2778397939202,1.71428571428571,-3.88535232835698,-2.51855747076738,-1.49518200885259,2.14285714285714,-2.59779550655515,-1.5620153292233,-0.89681600008644,2,-0.828915728028531,-0.587694347450185,-0.346338725843645,2,0.42926778750371,-0.181571258033675,-0.0302127774116195,-2.3822897087169,-1.83624528240511,-0.784334094092644,-3.03722906976,-2.11225814170545,-1.28923158615505
"619",619,"female","Black","yr2","Business","math01","Auditory",4.75,2.20374217148625,1.58247636575213,1.43689655336965,2.6,1.23975332617001,1.09535391387555,0.272374796723075,2,0.323568166085179,0.558745006817993,-1.83659917908265,3.6,1.08970430084195,0.826850422149227,0.28057096688525,3,0.0687644163010091,0.218525207649711,0.0320887944572231,3,-0.825112879040531,-0.0526053201899458,-0.414919503322197,2.57142857142857,-2.42465064020491,-1.5552523157857,-0.734941652125069,2.42857142857143,-2.51301158054263,-1.77316726534514,-0.788582552690774,2.57142857142857,-0.541580398337225,0.0415134195881398,-0.0445109410712302,2.57142857142857,-1.9539307798409,-1.35926640781781,-0.752013407940392,2.71428571428571,-1.2911677495583,-0.592356241338673,-0.405814275766386,3.33333333333333,1.77411994548964,1.59072035411032,0.671705277054653,2.25,1.01353800490587,0.474418464422768,0.255916493233732,-1.54785834437358,-1.16216590569105,-0.567180503776721,-0.663941207947934,-0.322421436857123,-0.28196175162923
"620",620,"female","white","yr2","Business","math03","Kinesthetic",4.5,1.85300718004138,1.03653420396099,1.36747533164461,3.2,2.56789966583923,1.04819428646536,0.713365058100312,3,-1.84538721684996,-1.34820638854427,-2.5364284825375,4.6,4.14078967853249,2.48356353229887,1.32646405356007,2.5,-0.85268057056812,-0.551359010618058,-0.398602061426442,2.57142857142857,-1.82443682452227,-0.779425386457189,-0.811386360666975,2.71428571428571,-2.25365063391734,-1.33315364908213,-0.733145474068283,2.71428571428571,-1.89597206274156,-1.25087143552046,-0.679736038153361,2.57142857142857,-0.431065481232708,-0.412243299623476,0.124801368729301,2.57142857142857,-1.953746934926,-1.16775310608282,-0.82850254854979,2,-2.90112397237005,-1.66474053307806,-1.10609047666832,1.33333333333333,-2.17628210886328,-1.64536571793132,-0.924734264395479,2.5,1.59433735596974,0.872303770924535,0.45065314971799,-2.28880204353775,-1.81387560002902,-0.796229256127808,-0.710888585698191,-0.427202033194983,-0.301727332735389
"621",621,"male","white","yr1","STEM","stats","Visual",3,-0.813074114713344,-0.298775885682083,-0.673587408025008,2.2,0.487632671614269,0.539857045840949,0.0555609527643725,3.33333333333333,1.49633984202829,1.0362374398763,1.26450583205315,3.7,1.65836241836299,0.648914005510029,0.735913587028187,3,0.1315525146409,0.12929635749864,0.052290734729935,3.42857142857143,0.445321316877028,0.319096291156066,0.200412905531018,3.42857142857143,-0.498226077738698,-0.104083113703652,-0.2142162136241,3.57142857142857,0.245211653471145,0.171432668293264,0.0959029788024849,2.57142857142857,-0.770465965697539,-0.331944950210739,-0.373879231022444,3.42857142857143,0.140488386092291,0.145211932421567,0.0938098701215366,2.42857142857143,-1.97139152071937,-1.13829180174089,-0.770902566008048,3,1.20116474940005,0.657710852781627,0.550414414456535,1,-1.67156413915867,-0.843882077011064,-0.352923347074065,-0.43526836309757,-0.422849433832674,-0.0561437505125704,-0.192358957936238,-0.171298659135284,-0.0816827663955609
"622",622,"male","other","yr1","STEM","math03","Visual",3.5,0.0503663482089714,0.0721797144032368,-0.217701480946402,1.4,-1.16356496500656,-0.744901046652924,-0.274466799284212,3.33333333333333,1.49633984202829,1.0362374398763,1.26450583205315,4.2,2.81884873627056,1.86246381437301,0.785188259302316,1.5,-2.74678501845374,-1.81447935073795,-1.25031956710637,2.28571428571429,-2.25705604555797,-1.09499253582177,-0.860213075742267,2.85714285714286,-1.80897244363631,-1.01037613671691,-0.623758976557058,2.57142857142857,-2.23186070605005,-1.09250138763046,-0.783829817141914,1.85714285714286,-2.41799901706933,-0.938597369475707,-1.00274069215391,2.28571428571429,-2.51316880131026,-1.58870853069449,-0.97307415803106,2.57142857142857,-1.6838127263302,-0.926178305786124,-0.766001545561635,2.33333333333333,-0.182787931602778,-0.151535293840168,-0.0936700371453748,1.75,0.126229373389633,0.67104278423846,0.194880846072442,-2.12133582768198,-1.65239647235206,-0.781554929222316,-2.2791026238062,-1.71631981471436,-0.967244356649982
"623",623,"male","white","yr2","Other","stats","Auditory",3.5,0.158351159695274,0.0456020723328662,0.406764261765349,1.4,-1.14893245398896,-0.601105665026523,-0.321262128505662,3.66666666666667,0.146505430012603,-0.108777117625043,0.112235798801059,2.6,-1.82465714265877,-0.950587985400767,-0.529428446904633,3.66666666666667,1.43388959790252,0.829674083663109,0.658275229095874,3.85714285714286,1.09174234528361,0.816813097680927,0.259770738918172,4.28571428571429,1.58748507882159,0.95759321866286,0.501848526526985,4,1.2757553456871,0.855974582357256,0.420839080554169,3.57142857142857,1.64289972011354,0.992925753155202,0.656717495542291,4.14285714285714,1.5132749192741,1.17550450865426,0.437450718334138,4.28571428571429,2.15865346684394,1.35030910257904,0.883118929956605,2,-0.828915728028531,-0.587694347450185,-0.346338725843645,2.5,1.4796837508349,0.14958415145502,0.131142507419603,1.36756264741397,1.11480842968664,0.433223422939346,1.32001597822881,0.995265624613251,0.560233294785212
"624",624,"female","white","yr2","STEM","math04","Visual",3.5,0.043392498974075,0.16832765552596,-0.150845655892796,2.2,0.397992684673716,0.382025442993089,0.11923572652819,3.33333333333333,1.49633984202829,1.0362374398763,1.26450583205315,2.8,-1.29021790932203,-0.701499932198086,-0.275520413594786,2.66666666666667,-0.507446480843608,-0.341731854230193,-0.22828151825445,3.57142857142857,0.782557279160263,0.225490273769859,0.307449206051279,4.71428571428571,2.65731727050969,1.55023740019554,0.869087848973316,3.71428571428571,0.622463711262219,0.635849839809194,0.270961320252734,1.85714285714286,-2.52625840290522,-1.54641068988691,-1.02706005010872,3.42857142857143,0.156210691202902,0.103197383146303,0.0979485259553876,3.71428571428571,0.908967168609238,0.304103932691333,0.270551877118166,4,3.15807262649247,2.39996650073212,1.31578972865656,3.25,3.30517499306154,1.82514348357666,0.660743812412976,1.0950800178136,0.767097849476038,0.381875799239335,-0.76921864226124,-0.696027038948633,-0.326486406077708
"625",625,"male","white","yr3","Business","math02","Visual",3.75,0.52387306495299,0.242362025277628,0.284558265182809,2,0.0530772826703489,0.34347226583457,-0.0475441377454702,3,-1.8355790549641,-1.05743408161181,-0.597180839626671,2.9,-0.975490282924058,-0.470763136173442,-0.31674008543135,2.83333333333333,-0.280444075118894,0.020789818325233,-0.129556788710675,4,1.53712914373302,1.11169750067186,0.474288207440515,4.28571428571429,1.63200026453676,0.873998991067192,0.597651732791612,4.14285714285714,1.56730320015351,0.818843663976829,0.479464343793752,2.85714285714286,-0.0953083664793,-0.0580905626522751,-0.016550374663474,3.28571428571429,-0.203301683051968,-0.140637330171798,-0.0729410746186705,3.71428571428571,0.890937949560634,0.531818689960019,0.305058108364053,3,1.15531620532439,0.689246833080747,0.48104087735385,1.5,-0.621148175827482,-0.512726667522369,-0.191568062242842,0.917603395653643,0.655562336820318,0.324215548479971,0.303757266705929,0.106036523557482,0.129050855789195
"626",626,"female","white","yr1","Health","math02","Kinesthetic",4.5,1.7737637180346,1.20269601533094,1.03732585095717,1.8,-0.293879952860867,-0.13258282606816,-0.101393985117277,3,-1.8355790549641,-1.05743408161181,-0.597180839626671,4,2.21457891444923,1.44769481588828,0.631774592114571,2,-1.78711228456166,-1.25805076473199,-0.823029954312401,4.42857142857143,2.96741479749734,1.40237616459265,1.22372294533242,5,3.31170935523013,1.91813277875012,1.09562411681238,5,3.74208800854917,2.29084272651677,1.25970296808463,5,4.57314979566002,2.32881677317432,1.63321748061498,2.85714285714286,-1.04273687482588,-0.893346233535652,-0.244410156772147,5,3.73293522636506,2.2231470984821,1.37616993798703,2.33333333333333,-0.182787931602778,-0.151535293840168,-0.0936700371453748,1.5,-0.725389181947489,-0.461133039127857,-0.23690086205795,2.34879095652666,1.80959362432546,0.773824013434883,1.86915071657134,1.07791551973629,0.793990640146816
"627",627,"male","white","yr1","Business","math02","Visual",4.75,2.20374217148625,1.58247636575213,1.43689655336965,2.6,1.2824371557212,0.967491285825958,0.279244963839523,3.33333333333333,-1.31467377575373,-0.965128668903863,-0.931717719488165,2.4,-2.32935796762288,-1.4083982084542,-0.615400349735615,1.83333333333333,-2.14156534790382,-1.29647659553303,-0.977396608855359,2,-2.91796373658909,-1.64512600561264,-1.15258973732062,2.85714285714286,-1.90605044755327,-1.0402348284523,-0.621667418767182,3,-1.08777437548356,-0.651164300330275,-0.380795677679901,2.57142857142857,-0.541749251548743,-0.638837026415922,-0.0473028356435729,2.14285714285714,-2.97449323645056,-1.75624620276239,-1.20287404758824,2.71428571428571,-1.31606596797503,-0.720490736463195,-0.436922655769486,3,1.16457844923197,0.906136076640967,0.484725501406459,3,2.80786065111589,1.73123890971762,0.712328072219146,-2.25960500330506,-1.7067234682357,-0.896272043428163,-0.978765000576191,-0.767681584466611,-0.415225223307926
"628",628,"male","white","yr1","STEM","math04","Kinesthetic",2.25,-1.92275505081012,-1.53470844926325,-0.850828466809663,1.4,-1.20624879455775,-0.61703841860333,-0.28133696640066,3.66666666666667,2.01724512123866,1.12854285258424,0.929968952191661,4.4,3.40131643702545,2.03865845372291,0.989712461541055,2,-1.86574535912488,-1.05907568305444,-0.863822425239679,2.42857142857143,-1.8038757536925,-1.05186455337809,-0.698337419884029,2.85714285714286,-1.82132994908461,-1.09216734018882,-0.626471408450324,3.28571428571429,-0.458155633217055,-0.346462160579716,-0.150714748173663,1.85714285714286,-2.35529685368375,-1.13810246626749,-0.930409178347143,3,-0.779665072983236,-0.633060340483204,-0.271916415606301,3.71428571428571,0.888714377925381,0.565208267469576,0.482151215454306,2.66666666666667,0.472602108730554,0.501513003330069,0.162683275605504,1.75,-0.0438196911018824,-0.372945776975278,-0.0882240199196771,-0.819768647715742,-0.467828786320382,-0.398885995203295,-1.44689765504817,-1.18357229126727,-0.614007742244909
"629",629,"female","white","yr1","Other","math01","Auditory",5,2.60497927545839,1.82267254687374,1.54215099375782,3.8,3.73758575612678,1.85087336805539,1.01083266051932,2.66666666666667,-2.36629249606033,-1.44051180125222,-2.20189160267601,2.4,-2.35750431006273,-1.49332480098825,-0.653501153742296,3,0.180188806841831,-0.0399878280206922,0.0868293547962159,2.71428571428571,-1.01615423618183,-0.685317647178094,-0.302399739321003,3.71428571428571,0.201166455520811,0.0374707753425505,0.0541533932001039,3,-1.11756334088792,-0.57224102868095,-0.370685857711839,3.14285714285714,0.329874979360345,0.277801558437952,0.0592679619304506,3.57142857142857,0.381136855612005,0.254264550064382,0.149187515159945,3,-0.700471312575103,-0.46225958522737,-0.137634578595885,1.66666666666667,-1.48430576836186,-1.24074264462042,-0.602692038594524,1.75,-0.14806069722189,-0.321352148580766,-0.133556819734785,-0.152522931775377,-0.126167472834315,-0.0585039140795666,-0.197179941214651,-0.0546155752153369,-0.0837764276227915
"630",630,"female","white","yr1","STEM","math02","Auditory",2.25,-2.0019985128169,-1.3685466378933,-1.1809779474971,1,-1.95766826697144,-1.12363438544422,-0.497556424846265,3.66666666666667,2.01724512123866,1.12854285258424,0.929968952191661,3.2,-0.054402349231974,-0.19191151899875,0.048971953476611,2.5,-0.88468630498163,-0.445877981174902,-0.418397303757928,3.71428571428571,1.31271559337661,0.397626367353839,0.608990680122387,4,0.952837535909619,0.497318361247832,0.310940449486259,4.14285714285714,1.6286123605892,0.889793218850171,0.546386955935563,2.57142857142857,-0.810406789313038,-0.177420268954511,-0.448494841960843,3.71428571428571,0.660456152250705,0.283756418798914,0.20811540243638,4,1.51728049600881,0.77309354876516,0.611374290186021,1.66666666666667,-1.52089206852995,-0.992317420761083,-0.6683809516446,2.25,1.17317447038255,0.744093777772479,0.264843516742572,1.15199206804048,0.912927802372656,0.403274149460957,-0.184590567240991,-0.322577331225553,-0.0781777136684593
"631",631,"female","white","yr2","Business","math02","Kinesthetic",3.5,0.0686435552377044,0.0154546651911992,-0.132929046561235,1.4,-1.14823127184691,-0.552204763832812,-0.320667742992565,3.33333333333333,-0.38420801108363,-0.491854837265455,-1.49247496424828,3.2,-0.0211887788212708,-0.0809312619320181,0.11692855757679,2.66666666666667,-0.489219402592672,-0.477712913344632,-0.223909166000243,4.14285714285714,2.05014818495986,1.06428194680415,0.747577061493693,4.71428571428571,2.58184605928518,1.57893937633981,0.827539031655987,4.85714285714286,3.37941914387524,2.02040059729589,1.14657793315971,2.14285714285714,-1.69113417768144,-0.671328157320718,-0.739592840101442,4.42857142857143,2.43036585939494,1.54646740134842,0.937662169812344,4.57142857142857,2.78140480560426,1.66744300623807,0.984063664438634,2,-0.828915728028531,-0.587694347450185,-0.346338725843645,1.25,-1.19847666055308,-0.652507558069461,-0.294912104566007,2.31585436079497,1.81169919585202,0.817015011140507,0.195775189985547,-0.155503543320888,0.0832879079739695
"632",632,"male","other","yr5+","STEM","math04","Visual",5,2.60497927545839,1.82267254687374,1.54215099375782,3.4,2.9274475788602,1.23054284525027,0.833349593152522,4,1.60768463577893,0.747574433653776,1.15618931709028,2.6,-1.93751785759757,-0.965969860326594,-0.624329513725909,1,-3.79203261148157,-2.34739938273651,-1.73356025113357,2.14285714285714,-2.77277113320035,-1.46877526804093,-1.1604191619122,1.14285714285714,-6.00893434760014,-3.4807545354059,-1.98282058004615,3.14285714285714,-0.787455119821139,-0.401582792084516,-0.298376842509375,1.71428571428571,-2.58639957012667,-1.14086279153642,-1.0472364337234,1.85714285714286,-3.57683826394944,-2.48599894266219,-1.3653012629237,3,-0.74048043078256,-0.261059732552722,-0.123716830165249,2,-0.828915728028531,-0.587694347450185,-0.346338725843645,1,-1.67156413915867,-0.843882077011064,-0.352923347074065,-3.20639326247715,-2.23647941751034,-1.25638501930403,-2.22554794756052,-1.84149813685964,-0.944292411657476
"633",633,"male","white","yr3","Business","math03","Auditory",4.25,1.37252661406246,0.962499834209323,0.932071410569002,3.4,2.98769559588136,1.27143144422363,0.829533725465757,2,-0.606897598584919,0.0854711751795855,-1.27584193432254,3.8,1.81650986550009,1.04371125432759,0.579543444642833,2,-1.84831865150357,-1.11570730886833,-0.845307438306751,2,-2.94890922957577,-1.63390205878976,-1.1449856651735,2,-3.91185397809692,-2.36125816533672,-1.27136178627285,2,-3.66094416973899,-2.15866943392002,-1.24410030127154,2,-1.99193584946364,-1.0048287834881,-0.723565462380426,2,-3.29829366063917,-1.99527973375992,-1.31334420860687,2,-2.90770274572559,-1.59596132381597,-1.00926110497425,4,3.15807262649247,2.39996650073212,1.31578972865656,4,5.04757304625318,3.01879940308196,1.24495378186575,-3.16378452147217,-2.40849235333743,-1.15824963514684,-2.16779399134459,-1.47495387137431,-0.92016874995353
"634",634,"male","white","yr2","Business","math02","Auditory",3.5,0.104358753952123,0.0588908933680515,0.0945313904094736,1.4,-1.11947877117128,-0.774961872315096,-0.266407861141569,3.66666666666667,0.146505430012603,-0.108777117625043,0.112235798801059,2.7,-1.54950292866907,-0.844994300629244,-0.467558730107792,3.16666666666667,0.528793007550937,0.15596791129598,0.234632924889509,3.28571428571429,0.193591845103599,0.131482965293822,0.0975423995593574,4.85714285714286,2.97547838180899,1.68303399582295,0.979540115133492,3.85714285714286,0.971706181647562,0.559876856037553,0.383162253261207,3,0.33477519278387,0.165989775755565,0.275203394923864,3.28571428571429,-0.118680649356527,-0.01595409199665,0.00689014017522956,4.14285714285714,1.8327630378865,1.17785912471606,0.742033802430364,2,-0.828915728028531,-0.587694347450185,-0.346338725843645,2.75,2.23053216639029,1.59145801917052,0.608984029895981,1.26737988260157,0.958611082032439,0.374841337099201,0.700184427339948,0.47670359720061,0.297222236640934
"635",635,"female","Black","yr4","Other","stats","Kinesthetic",3.75,0.444629602946209,0.408523836647575,-0.0455912155046277,1.8,-0.308512463878467,-0.27637820769456,-0.0545986558958262,3,-1.84538721684996,-1.34820638854427,-2.5364284825375,3.6,1.20008654597008,0.591407811815831,0.58110635442852,4,2.06368440883492,1.34661111222791,0.946505888950344,2.28571428571429,-2.28776872426677,-1.32731187238668,-0.914786043420387,4,0.955889071050387,0.734323189372516,0.27133260808874,4.14285714285714,1.75581310734143,0.827376966089025,0.664545762308162,2.71428571428571,-0.400385426324451,0.0705563293925752,-0.228646986150908,4.14285714285714,1.86529681849501,1.10168944817018,0.774955983162287,2.14285714285714,-2.59573908687202,-1.89730372589963,-1.18772447657955,2.33333333333333,-0.182787931602778,-0.151535293840168,-0.0936700371453748,1.25,-1.19847666055308,-0.652507558069461,-0.294912104566007,-0.654883188227749,-0.640850353400293,-0.157414436384698,0.973691692047147,0.688303402753185,0.413103992638698
"636",636,"female","Asian","yr1","Other","math02","Kinesthetic",3.5,0.140073952666541,0.102327121544904,0.321991827380182,1.8,-0.282691639655202,-0.524091161573393,-0.0364480684630688,4.66666666666667,0.788563664859481,-0.0143624042071519,1.60863004688753,4.3,3.19242104059308,1.82881863489738,1.06627292145096,3.33333333333333,0.8286699273526,0.31167132845819,0.385352270844864,3.42857142857143,0.24004787675048,0.368788381809605,0.0427177262801312,4,0.953737152737071,0.17241576666221,0.429339713491355,3.28571428571429,-0.501834421136225,-0.282700923943197,-0.219802363613697,3,0.403144379314892,-0.0323164802287602,0.252355647145718,3.14285714285714,-0.513379783992205,-0.453369462677975,-0.142123409677523,4.14285714285714,1.81243084441092,1.19907704153723,0.737184957681237,2,-0.828915728028531,-0.587694347450185,-0.346338725843645,1.75,-0.14806069722189,-0.321352148580766,-0.133556819734785,0.718047803839314,0.598277735644579,0.175322831397888,0.279659783454326,0.31111608129093,0.118578396043818
"637",637,"female","Black","yr1","STEM","stats","Visual",3,-0.759081708970192,-0.312064706717268,-0.361354536669133,2.4,0.892796090638795,0.619298821972822,0.218524949351268,3.33333333333333,-0.374399849197768,-0.201082530332987,0.446772678662553,2.6,-1.76712405013506,-1.22999973514197,-0.509168391697423,3.33333333333333,0.733593933329323,0.666362410029233,0.337660262183172,3.57142857142857,0.968829897935471,0.441122602827972,0.447977179036847,3.14285714285714,-1.11208515332674,-0.787563439888927,-0.30742756991568,3.42857142857143,-0.0743144187215753,-0.0955356684585829,-0.0192247220705727,3.42857142857143,1.15779383798827,0.54424076013157,0.442576616629149,3.14285714285714,-0.55925575206215,-0.298375589311133,-0.197494896972338,3,-0.695501500655646,-0.459473178899506,-0.308877102744828,2,-0.828915728028531,-0.587694347450185,-0.346338725843645,1.75,-0.0368779584253253,0.143263054934073,0.094561208402509,-0.237163916885283,-0.213764595492409,-0.0232231678688746,0.572389310703445,0.486821269153246,0.242896230480853
"638",638,"male","white","yr5+","STEM","other","Kinesthetic",3.75,0.444629602946209,0.408523836647575,-0.0455912155046277,1.2,-1.5819585307646,-0.870336402023775,-0.389446695623462,4,0.667410709222975,-0.0164717049170995,-0.222301081060435,3.8,1.65260198691328,1.04600491251742,0.504465049839976,3.16666666666667,0.429051553210688,0.224713638685974,0.201314015208796,3.57142857142857,0.683144944673199,0.527364094292311,0.230996804600848,3.57142857142857,-0.107587639292284,-0.208008048486298,-0.0173750465926924,3.71428571428571,0.647597683574006,0.497223881793536,0.283720970299172,3,0.249315892175514,0.280688234245951,0.126403736272191,3.28571428571429,-0.277758341796558,-0.271447569063837,-0.108021961214879,3.71428571428571,0.870130717055051,0.576408174522479,0.374559990059934,3.66666666666667,2.46609628599106,1.99534342742122,0.993747502855608,2.25,0.902355266109302,0.00980326090792849,0.0277984650964382,0.307267401637585,0.277140364413415,0.0863727128320515,0.473256854540182,0.319809917176673,0.200879566535721
"639",639,"female","other","yr3","Other","math04","Visual",4.25,1.39777767032609,0.809626843874562,0.949988019900563,2.4,0.86130057429327,0.355653114517184,0.276600698889029,3,0.0449687981478194,0.470658195529945,2.15979995667477,2.4,-2.35750431006273,-1.49332480098825,-0.653501153742296,3.16666666666667,0.408446593727877,0.300408561825538,0.195245597478095,3.57142857142857,0.453347523656376,0.465865789423578,0.0739300157669183,3.85714285714286,0.592394581273336,0.265355599058786,0.250719829571376,3.57142857142857,0.216308351029383,-0.1458530551314,0.0175280033059464,3.28571428571429,0.932076685342759,0.411448528640737,0.452897017453372,3.71428571428571,0.513367194540126,0.531837663853061,0.147240321237928,3.85714285714286,1.19342067492917,0.898562042708675,0.436693914830234,4,3.15807262649247,2.39996650073212,1.31578972865656,1.5,-0.621148175827482,-0.512726667522369,-0.191568062242842,0.599894347209275,0.492691956988012,0.179885172104712,0.519669381368123,0.422683506616402,0.220567984071128
"640",640,"male","white","yr1","Business","math03","Kinesthetic",2,-2.42151282381777,-1.55201776980288,-1.37100482227043,1,-1.95766826697144,-1.12363438544422,-0.497556424846265,4,1.6174927976648,1.03834674058624,3.09543696000112,3.7,1.54419041583709,0.71085057338295,0.67491826898819,5,3.98282322843044,2.57936891273621,1.8194510001737,5,3.92613352833232,2.35294126627441,1.45210273364758,5,3.31170935523013,1.91813277875012,1.09562411681238,5,3.74208800854917,2.29084272651677,1.25970296808463,4.28571428571429,3.2436337843165,1.35436635641933,1.34436215473497,5,3.63130769413571,2.34893386780816,1.3870550416303,5,3.73293522636506,2.2231470984821,1.37616993798703,2.66666666666667,0.472602108730554,0.501513003330069,0.162683275605504,1.25,-1.19847666055308,-0.652507558069461,-0.294912104566007,3.51312587973905,2.73643153309284,1.27620653520245,3.3306259406188,2.47730157031333,1.41351971662023
"641",641,"male","white","yr2","Business","math03","Visual",4,0.971289510090331,0.722303653087708,0.826816970180833,3.4,2.93089177667213,1.76584656238191,0.721608347276863,3.33333333333333,1.49633984202829,1.0362374398763,1.26450583205315,3.3,-0.0187588349880134,0.186046927868494,-0.149564886421634,3,0.0953953084744368,0.11598476499985,0.0429453745200661,2.42857142857143,-1.97317342890521,-0.826264920274441,-0.768844246394021,3.85714285714286,0.538429116562616,0.310086846631393,0.168927084070249,2.57142857142857,-2.18036339538618,-1.25817532548508,-0.704484364543624,2.85714285714286,-0.0546087727191829,0.0403805883032734,-0.00171621906470022,2.85714285714286,-1.30153168878295,-0.755387337538697,-0.540818826955016,3.14285714285714,-0.383170257050633,-0.305105061980852,-0.199767082480686,2.33333333333333,-0.173525687695199,0.0653539497200516,-0.0899854130927663,2,0.672389262098617,0.392084787958764,0.225035162387648,-0.846315677526903,-0.67908822905748,-0.366996416898437,-0.551963649035035,-0.254328124219297,-0.234416779690643
"642",642,"female","white","yr1","Business","math03","Kinesthetic",4.25,1.27584516037,1.02850036819038,0.459233927296023,2.4,0.876634267452914,0.548349397337295,0.230399755180676,4,1.60768463577893,0.747574433653776,1.15618931709028,1.3,-5.6135803887904,-3.41029491170495,-1.74855804186967,3.33333333333333,0.709920033993055,0.383934075949485,0.335593917952861,3.14285714285714,-0.236269648137798,-0.321077622332038,-0.0855036863838917,4.57142857142857,2.27382161416268,1.266352928806,0.725754381740887,4.28571428571429,1.90537408795361,1.16067672210781,0.650920010060407,3.14285714285714,0.828050949422817,0.400193697583329,0.526306462745194,3.42857142857143,0.0159773068414657,-0.0133926918202982,-0.0398366625828998,2.85714285714286,-1.0003192102882,-0.523838771951811,-0.326609669827942,4,3.15807262649247,2.39996650073212,1.31578972865656,1,-1.67156413915867,-0.843882077011064,-0.352923347074065,0.271372746767179,0.0812282808678796,0.112465350994658,1.19457135086482,0.808335611728738,0.507108688359565
"643",643,"female","white","yr1","Business","math01","Visual",5,2.60497927545839,1.82267254687374,1.54215099375782,4,4.17061183290241,2.12010410505265,1.07901722763712,3.33333333333333,-1.32448193763959,-1.25590097583633,-2.870965362399,2.7,-1.38546878384731,-1.18328619346501,-0.307261312272402,3,0.103799122396928,0.149425381464428,0.0494296023287024,4,1.63445260902962,1.02399349125302,0.586406600707224,5,3.31170935523013,1.91813277875012,1.09562411681238,4.14285714285714,1.63469430198391,1.07990049350419,0.578706123356648,5,4.57314979566002,2.32881677317432,1.63321748061498,3.42857142857143,-0.0364897250852417,-0.0657031468831203,-0.0557859355834469,5,3.73293522636506,2.2231470984821,1.37616993798703,2,-0.828915728028531,-0.587694347450185,-0.346338725843645,2,0.56814825597861,0.443678416353276,0.17970236257254,2.03385441419677,1.59956618306283,0.619510067366064,1.86754686278245,1.32970438897774,0.792937614880945
"644",644,"female","white","yr2","Health","stats","Auditory",1.75,-2.74350646578312,-1.95837576229444,-1.14610978197117,1,-1.95766826697144,-1.12363438544422,-0.497556424846265,3,-0.905113290294001,-0.584160249973399,-1.15793808438679,3.9,2.01554438997466,1.24570303510793,0.605659018378702,2.83333333333333,-0.143467103508413,-0.187453988280501,-0.0754260835644659,4,1.63445260902962,1.02399349125302,0.586406600707224,4.42857142857143,1.92745397456474,1.21104399778524,0.601002763816927,3.71428571428571,0.606535788244416,0.393572221528059,0.213290811472472,2.71428571428571,-0.167250493165027,-0.697761418428633,0.17551381855545,4.14285714285714,1.75340962701464,1.24382356726223,0.730041615514099,2.85714285714286,-1.03116343282854,-0.782146267281964,-0.527921853748282,2,-0.828915728028531,-0.587694347450185,-0.346338725843645,1,-1.67156413915867,-0.843882077011064,-0.352923347074065,0.985774062728946,0.607930560253579,0.474106440853888,0.277581344731893,0.157381489661375,0.117897802773384
"645",645,"female","white","yr1","Health","stats","Kinesthetic",2.75,-1.08456564415144,-1.01087985884317,-0.412859149062617,1.2,-1.52241169588548,-0.878348704244132,-0.393856948823324,4,0.677218871108836,0.274300602015368,1.7169465618504,2.9,-0.975490282924058,-0.470763136173442,-0.31674008543135,2.16666666666667,-1.38688961970895,-1.16931342495197,-0.625149685601728,3,-0.317989150044091,-0.403050906554407,0.0152626953927826,2.42857142857143,-2.84625624144955,-1.31490707689566,-0.980042511052509,2.85714285714286,-1.45186213638619,-0.878906454627759,-0.445106987521039,1.71428571428571,-2.5559583898331,-1.60995295847955,-0.899576126374062,4,1.49215136534767,0.991263413485674,0.621524806161085,2.71428571428571,-1.30605767548377,-0.899642253409563,-0.560812116978953,3.66666666666667,2.50268258615914,1.74691820356188,1.05943641590568,1.25,-1.19847666055308,-0.652507558069461,-0.294912104566007,-0.686620087334845,-0.476441906235828,-0.149695252545496,-1.51118442495137,-1.13782434935466,-0.641411953353723
"646",646,"female","white","yr3","Other","math04","Visual",5,2.60497927545839,1.82267254687374,1.54215099375782,3.2,2.5073360401514,1.63940041741167,0.535004247614234,3.33333333333333,-0.364591687311907,0.0896897765994806,2.38602032157339,2.8,-1.30471611945634,-0.785268607202422,-0.449300613779593,2.66666666666667,-0.571015939951859,-0.384967043092261,-0.260550549484244,3.57142857142857,0.602231271072493,0.478841245556806,0.192392780590662,3.57142857142857,-0.134762479970266,-0.0930030955179809,-0.0329847091652164,2,-3.78548860214879,-1.8542706146945,-1.25324431770314,2.42857142857143,-0.901848634255995,-0.734794788986864,-0.181786556456811,3.28571428571429,-0.272111167280889,-0.247625040497258,-0.0898873840460916,3.85714285714286,1.19710040482013,0.732732278861886,0.417550354204837,2,-0.828915728028531,-0.587694347450185,-0.346338725843645,2,0.56814825597861,0.443678416353276,0.17970236257254,0.306690373150608,0.286578968248471,0.0798222684448129,-1.3502343684589,-0.773745470482529,-0.573270286085407
"647",647,"female","white","yr1","STEM","stats","Kinesthetic",3.75,0.505595857924257,0.299087074489666,0.199785830797642,2.2,0.497992854793697,0.2700955685203,0.0861807315396349,2.33333333333333,-1.01645808404465,-0.295497243750879,-1.04962156942391,2.7,-1.58445713984315,-0.917101855752104,-0.476566935329986,3.83333333333333,1.71367976758112,1.14170419264115,0.781088696584313,3.42857142857143,0.509980203976121,0.169516818920451,0.252807296200704,4.57142857142857,2.23345857216714,1.32414290555604,0.741084944320806,4.28571428571429,1.96253270843459,1.18906968582215,0.633405398441119,2.57142857142857,-0.710462945807458,-0.510365891406213,-0.227357706306641,4.14285714285714,1.70892849946473,1.03428190499923,0.678499341771909,3.57142857142857,0.591503651489931,0.264419266817017,0.222135038430563,1.33333333333333,-2.17628210886328,-1.64536571793132,-0.924734264395479,1,-1.67156413915867,-0.843882077011064,-0.352923347074065,1.29084557681064,0.942917590825073,0.478368654401353,0.842544122381327,0.577286999362732,0.35748089463194
"648",648,"female","white","yr1","Health","stats","Visual",3.75,0.559588263667408,0.28579825345448,0.512018702153518,2.6,1.27899295790927,0.432187568694324,0.390986209715181,2.66666666666667,-1.42601856950437,-0.676465662681343,-0.823401204525293,3.4,0.512382319272914,0.278927315987469,0.433751587052029,4,2.03910926845244,1.34767683886803,0.931198187346884,4,1.63445260902962,1.02399349125302,0.586406600707224,4,0.903854910787779,0.491669130721172,0.306628815783969,4,1.27441061578645,0.807672006371172,0.42510187829924,3.28571428571429,0.960447384531371,0.303580097938774,0.489977782234534,4,1.32144057587741,0.900862667285468,0.486921958217911,4,1.51938923566818,0.950110957716078,0.581026256999934,2,-0.828915728028531,-0.587694347450185,-0.346338725843645,1.75,-0.0403488247636039,-0.114841361020602,0.00316859424141591,1.28748907933531,1.02145690428275,0.464721145086021,1.36108518422951,1.05217798416022,0.577569702038537
"649",649,"female","white","yr1","STEM","stats","Visual",3.5,0.158351159695274,0.0456020723328662,0.406764261765349,1.8,-0.338794276722381,0.019224857778597,-0.143779061138865,3.33333333333333,-1.32448193763959,-1.25590097583633,-2.870965362399,2.2,-3.07877881920829,-1.95186858895821,-1.04162385413561,3,0.238825433428769,-0.248009300113709,0.117481177190545,2.57142857142857,-1.6499025225969,-0.981664568123538,-0.621779189012635,4.71428571428571,2.63924740838784,1.44793521289578,0.863456113454607,2.57142857142857,-2.29578399690347,-1.41678209485795,-0.817990674889705,2.71428571428571,-0.444836675587615,-0.274859421983131,-0.202858921330383,1.71428571428571,-3.86900987605477,-2.46388021550474,-1.49418497242571,2.57142857142857,-1.64229640090097,-1.10830001998341,-0.574610272662196,2.33333333333333,-0.136939387527115,-0.183071274139288,-0.0242965000426901,2.5,1.4796837508349,0.14958415145502,0.131142507419603,-1.03854458594117,-0.990202192951421,-0.435475395377635,-0.76446156754188,-0.386191700382434,-0.324673863724535
"650",650,"male","white","yr1","STEM","math03","Auditory",3.5,0.043392498974075,0.16832765552596,-0.150845655892796,1,-1.95766826697144,-1.12363438544422,-0.497556424846265,3.33333333333333,0.565874077358191,0.562963608237888,1.82526307681327,3.6,1.3497376440107,0.655631493730405,0.627164850367569,1.66666666666667,-2.5039482047755,-1.52293236452098,-1.14062306902593,2.14285714285714,-2.39941226297011,-1.42033782066105,-0.805189629554348,3.71428571428571,0.272000260201793,0.177320311956605,0.0385383089523696,2.42857142857143,-2.49130698384737,-1.40009814768566,-0.885861058378575,1.85714285714286,-2.34756355198067,-1.36833830786425,-0.836256655387351,3,-0.716597720776139,-0.835366438304878,-0.187667573663952,2.57142857142857,-1.59188301024613,-1.3582289716063,-0.777601573226932,1.33333333333333,-2.13043356478762,-1.67690169823044,-0.855360727292794,1,-1.67156413915867,-0.843882077011064,-0.352923347074065,-1.10308324531119,-0.93072186960662,-0.387482603066724,-2.15497116916095,-1.58260222479065,-0.914589246431852
"651",651,"male","white","yr3","STEM","stats","Visual",2,-2.40323561678904,-1.60874281901492,-1.28623238788527,2,0.0811286012039387,0.0718142561585753,0.006121358592428,1.66666666666667,-1.12780287779529,-0.0068342375283583,-0.941305054461042,3.3,0.253241504478208,0.207540660507501,-0.0139520482639435,3,0.0953953084744368,0.11598476499985,0.0429453745200661,3,-0.657228310273073,-0.304954283768369,-0.279289532233136,3,-1.50399953365457,-0.934794517307775,-0.482366485244439,3,-1.19326677697627,-0.675498713774425,-0.409499211486148,3,0.196426032244247,0.106386402066042,0.0620288519513763,3,-0.988426542380879,-0.547208533237225,-0.413211125194478,3,-0.694156755028705,-0.322925183049944,-0.214117423987157,2,-0.828915728028531,-0.587694347450185,-0.346338725843645,2,0.56814825597861,0.443678416353276,0.17970236257254,-0.938147721068434,-0.693517724527344,-0.346764245030412,-0.255233020154602,-0.0947131141922041,-0.108410916539852
"652",652,"female","white","yr1","Other","math02","Kinesthetic",4.25,1.41605487735483,0.752901794662524,1.03476045428573,2.2,0.501752661272302,0.173304555732264,0.156616163836819,4,-0.263055055447124,-0.489745536555507,0.338456163699681,3.1,-0.310597693828799,-0.452985960130394,0.00956976789277104,3.16666666666667,0.531170888782812,0.216254047270856,0.236328990366003,4.42857142857143,2.52265236266684,1.55504362176615,0.86901529518877,4.14285714285714,1.26189366865278,0.847422097143321,0.41141478859262,4.28571428571429,1.9911317295515,1.40796389936251,0.679826759295307,3.71428571428571,1.77189590530888,0.728487332869044,0.619816157782581,4.28571428571429,2.10594528801472,1.21074206581299,0.830333628200696,4.14285714285714,1.87080918563547,0.985521737251134,0.685363467371184,3.33333333333333,1.84729254582581,1.09386990639164,0.803083103154805,1.75,-0.14806069722189,-0.321352148580766,-0.133556819734785,1.83438905570295,1.4407680963376,0.684897519793907,1.232042072271,0.821264885049825,0.523056602422239
"653",653,"female","Black","yr1","STEM","math02","Visual",4.25,1.39777767032609,0.809626843874562,0.949988019900563,3,2.09117296870369,1.49002000624366,0.455539260180125,2,-0.606897598584919,0.0854711751795855,-1.27584193432254,3.1,-0.460246294819384,-0.337013479069021,-0.243025435017199,2,-1.77890032976226,-1.23000202852189,-0.806475322627292,2.57142857142857,-1.6123493218108,-1.00068800990872,-0.641482507308457,2.14285714285714,-3.5390411475116,-2.35384656357931,-1.10074429565406,2.57142857142857,-2.24655926302756,-1.2232010277349,-0.787674173416762,2.14285714285714,-1.56185229020047,-0.780748445080255,-0.431811692793088,2.57142857142857,-1.91865513205135,-1.25964372830015,-0.76494148958738,2.42857142857143,-1.94384178225325,-1.008342872125,-0.613483508383789,2.33333333333333,-0.182787931602778,-0.151535293840168,-0.0936700371453748,1.75,0.095060777373018,0.252303897411673,0.121691120064483,-2.11303715060901,-1.57341542300244,-0.762090867967252,-1.52370853394556,-1.07864538158792,-0.646687353566879
"654",654,"male","white","yr2","STEM","math04","Kinesthetic",2.75,-1.18906016242185,-0.691845057138459,-0.760925239081616,1,-1.95766826697144,-1.12363438544422,-0.497556424846265,3.66666666666667,1.08677935656856,0.655269020945832,1.49072619695178,3.9,1.93694872769888,1.27147280883348,0.569002489068801,4,2.03910926845244,1.34767683886803,0.931198187346884,3.71428571428571,1.07994481668144,0.52884854710814,0.445546896427307,3.71428571428571,0.208855529811039,-0.032074994923179,0.116015051418738,3.57142857142857,0.222694573748937,0.142645729406926,0.0818007853693815,3.14285714285714,0.321709307393987,0.362495575796871,-0.0564464689542719,4.28571428571429,1.97468859877031,1.40275225784711,0.725996857423948,4.28571428571429,2.15973272565158,1.33418322905547,0.785024166575268,2.66666666666667,0.509188408898638,0.253087779470729,0.22837218865558,1.25,-1.19847666055308,-0.652507558069461,-0.294912104566007,1.31978349912615,1.10883410635797,0.457329163440493,0.624591005909183,0.558302388606102,0.264847791945188
"655",655,"female","white","yr3","Other","math04","Kinesthetic",3.5,0.043392498974075,0.16832765552596,-0.150845655892796,1.6,-0.743769034964431,-0.52166388889465,-0.158298131918767,3,-0.905113290294001,-0.584160249973399,-1.15793808438679,3.2,-0.166339808585353,-0.209632643951294,-0.155881279635456,5,3.98282322843044,2.57936891273621,1.8194510001737,4.85714285714286,3.57516532435204,2.14121036980992,1.32291815016321,5,3.31170935523013,1.91813277875012,1.09562411681238,4.71428571428571,3.08044461811347,1.81912166503622,1.05989630024412,4,2.47365166702102,1.14094089593445,0.918243240207367,5,3.63130769413571,2.34893386780816,1.3870550416303,4.42857142857143,2.48807424185909,1.35463594157427,0.878661949256081,3.33333333333333,1.84729254582581,1.09386990639164,0.803083103154805,1,-1.67156413915867,-0.843882077011064,-0.352923347074065,3.12266874992946,2.37293884063163,1.17624564378225,2.81244106687326,2.11933276797271,1.19349690244753
"656",656,"male","white","yr3","STEM","math04","Visual",2.5,-1.56504621013035,-1.08491422859483,-0.848263070138223,1.4,-1.14823127184691,-0.552204763832812,-0.320667742992565,3.66666666666667,0.146505430012603,-0.108777117625043,0.112235798801059,4.9,4.85878180851735,3.07684819602824,1.46757142899073,2.66666666666667,-0.467641223218404,-0.415551917216576,-0.215844061188932,2.71428571428571,-1.04888729923021,-0.72533014131713,-0.341715228550435,3.28571428571429,-0.826081722294304,-0.48938141319394,-0.290066078126866,3.71428571428571,0.570664881445355,0.282388218523364,0.191081464019448,2.71428571428571,-0.490301691400878,-0.120811734938157,-0.332834850564831,3.57142857142857,0.589898325009649,0.168412742818403,0.290482224748122,3.85714285714286,1.21921568275833,0.914196713753887,0.592800439814252,2,-0.828915728028531,-0.587694347450185,-0.346338725843645,2.25,1.12124987736415,0.680929251982932,0.392641907209932,0.0921851974133973,0.208420394894242,-0.0367984051329392,-0.252231496677254,-0.267558586365798,-0.106997111727644
"657",657,"female","Black","yr2","Health","math02","Auditory",4.25,1.33681141534805,0.919063606032471,0.704610973598293,2,0.0811286012039387,0.0718142561585753,0.006121358592428,3.66666666666667,-0.783960334657495,-0.582050949263451,0.672993043561175,2.5,-2.13962619864486,-1.33161079653415,-0.632969076389067,3,0.0953953084744368,0.11598476499985,0.0429453745200661,2.42857142857143,-1.9162815757298,-0.803860217514903,-0.750293003141803,3,-1.50399953365457,-0.934794517307775,-0.482366485244439,3,-1.19326677697627,-0.675498713774425,-0.409499211486148,3,0.196426032244247,0.106386402066042,0.0620288519513763,3,-0.942455616804781,-0.416731127023512,-0.443276747583379,3,-0.694156755028705,-0.322925183049944,-0.214117423987157,3,1.16457844923197,0.906136076640967,0.484725501406459,1.75,-0.0438196911018824,-0.372945776975278,-0.0882240199196771,-1.27577521985147,-0.933674325876654,-0.50540167744401,-0.255233020154602,-0.0947131141922041,-0.108410916539852
"658",658,"male","white","yr1","Other","math02","Visual",3.5,0.0686435552377044,0.0154546651911992,-0.132929046561235,2,0.0384447716527486,0.19967688420817,-0.000748808524019625,3.66666666666667,1.08677935656856,0.655269020945832,1.49072619695178,2.7,-1.48283242969231,-1.112963113516,-0.397593782343199,2.16666666666667,-1.40829072902565,-1.10079003207469,-0.634989712530561,3,-0.402214010361115,-0.56560583492325,-0.0508056787612752,3.28571428571429,-0.765717646334731,-0.594255423236081,-0.22698155004281,2.85714285714286,-1.45637039593898,-0.765593643029407,-0.473971496948722,2,-1.90245195465049,-0.959002543395203,-0.640939505891435,3.42857142857143,0.0680317092099365,0.0460857457629106,0.0215798133994074,3.28571428571429,-0.0993078927467513,0.162344121425608,-0.025730212861251,3,1.16457844923197,0.906136076640967,0.484725501406459,1.5,-0.725389181947489,-0.461133039127857,-0.23690086205795,-0.206027313306951,-0.133083204062649,-0.0710394399960676,-1.32715390287968,-0.98653558353362,-0.563275699393865
"659",659,"male","white","yr3","STEM","stats","Auditory",3,-0.672864397728515,-0.574374459209938,-0.098060881035302,1.2,-1.53927470121341,-0.99819903007337,-0.382576528507014,3.33333333333333,-1.31467377575373,-0.965128668903863,-0.931717719488165,2.4,-2.20846941106172,-1.42108888706586,-0.552639695512563,4.83333333333333,3.63599261824242,2.4419196593866,1.6595014824823,5,3.92613352833232,2.35294126627441,1.45210273364758,5,3.31170935523013,1.91813277875012,1.09562411681238,4.42857142857143,2.41122506067079,1.35671930420702,0.852348031162418,5,4.57314979566002,2.32881677317432,1.63321748061498,5,3.63130769413571,2.34893386780816,1.3870550416303,5,3.73293522636506,2.2231470984821,1.37616993798703,3.33333333333333,1.85655478973339,1.31075914995186,0.806767727207414,3.75,4.57448556764759,2.82742488414035,1.18694253935769,3.51312587973905,2.73643153309284,1.27620653520245,3.1300924332297,2.40667248289626,1.32840763844496
"660",660,"female","Black","yr1","STEM","stats","Visual",3,-0.762572002186085,-0.604521866351606,-0.637754189361886,1.8,-0.368760480899625,-0.317266806667915,-0.0507827882090618,3.33333333333333,-0.38420801108363,-0.491854837265455,-1.49247496424828,2.5,-2.12821260951184,-1.25079518617897,-0.624790557495123,1.5,-2.78719456678974,-1.74243893775937,-1.27659903724649,2.71428571428571,-1.23397962583804,-0.670669856512667,-0.485189306289834,3.57142857142857,-0.153619775452016,-0.0191838473395964,-0.0578980747690959,3.57142857142857,0.252483539153291,0.063722457757601,0.0716909654013195,3.57142857142857,1.43795811228493,0.755373975404151,0.483620997086762,3,-0.836560060989214,-0.595711189137604,-0.255735190103125,3.57142857142857,0.564443300825558,0.352123017879319,0.187717017774141,3.33333333333333,1.8199684895653,1.5591843738112,0.741078814157338,2.75,2.19936357037368,1.17271913234374,0.535794303888021,-0.413727773832731,-0.271371033562366,-0.214171150281152,-0.357393043700717,-0.420023327951495,-0.151262779714232
"661",661,"female","white","yr2","Business","math02","Auditory",3,-0.708579596442934,-0.617810687386791,-0.32552131800601,2,0.142905930393378,0.0398568981410566,0.0372260142977067,3.66666666666667,1.08677935656856,0.655269020945832,1.49072619695178,3.4,0.769032411981036,0.17901638665192,0.533489832071256,3.66666666666667,1.53311284288302,0.680296587596848,0.713431599512802,3.28571428571429,0.226324908151983,0.171495459432859,0.136857888788789,3.71428571428571,0.298445451189181,0.129422982693258,0.0844041816471978,3.42857142857143,-0.112455140136739,-0.268208715741751,-0.0590438096415888,2.28571428571429,-1.31884452880304,-0.499539713525416,-0.555568390566163,3,-0.791829429796322,-0.658617391999695,-0.279517573678072,3.57142857142857,0.562019296390981,0.231700895553328,0.191052102397808,3,1.11872990515631,0.937672056940086,0.415351964303774,2,0.42926778750371,-0.181571258033675,-0.0302127774116195,0.102770168334094,0.0823437229464686,0.0158015009864179,-0.0454639335952401,0.0454379584665619,-0.0195704536805044
"662",662,"female","white","yr3","Other","math04","Visual",3.25,-0.357844604998059,-0.071868525595654,-0.256100096280965,1.4,-1.10401813012744,-0.75291334887328,-0.278877052484074,3.66666666666667,2.01724512123866,1.12854285258424,0.929968952191661,2.8,-1.24842343457664,-0.615415422134317,-0.37309900576623,5,3.98282322843044,2.57936891273621,1.8194510001737,4.28571428571429,2.49732255347098,1.41040279075702,1.00901409139259,4.14285714285714,1.23447457371404,0.748788326271813,0.416397066914006,4.71428571428571,3.14144949722432,1.79167971002525,1.09486529774358,3.71428571428571,1.60318221105017,0.856958467878753,0.439761287119513,4.28571428571429,1.92075248781706,1.35573947796385,0.685308885609717,3.71428571428571,0.907459961387462,0.285025794213973,0.0652428557880909,3.33333333333333,1.81070624565772,1.34229513025098,0.737394190104729,1,-1.67156413915867,-0.843882077011064,-0.352923347074065,1.46561718350553,1.06118197925992,0.619757164132893,2.44502427771423,1.82113309145493,1.03750354139775
"663",663,"male","white","yr1","STEM","math04","Visual",5,2.60497927545839,1.82267254687374,1.54215099375782,2.2,0.486804541588032,0.661603904025533,0.021234814885427,3,-0.89530512840814,-0.293387943040931,0.781309558524047,3.5,0.922881195265159,0.485851969684201,0.284699368007364,3,0.0953953084744368,0.11598476499985,0.0429453745200661,3,-0.657228310273073,-0.304954283768369,-0.279289532233136,3,-1.50399953365457,-0.934794517307775,-0.482366485244439,3,-1.19326677697627,-0.675498713774425,-0.409499211486148,2.42857142857143,-1.03277715322493,-0.336261589614555,-0.381809902366398,3,-0.988426542380879,-0.547208533237225,-0.413211125194478,3,-0.694156755028705,-0.322925183049944,-0.214117423987157,2.33333333333333,-0.173525687695199,0.0653539497200516,-0.0899854130927663,2.5,1.64973281532642,1.19357271266876,0.414247373411722,-0.938147721068434,-0.693517724527344,-0.346764245030412,-0.622870983509078,-0.384300584112856,-0.264500733000228
"664",664,"female","white","yr1","STEM","math02","Kinesthetic",3,-0.744294795157352,-0.661246915563643,-0.552981754976719,2.8,1.7318137164652,0.846224476917363,0.483999650934909,3.66666666666667,-0.774152172771634,-0.291278642330983,2.61224068647201,1.5,-5.18206735549253,-3.43297404174298,-1.76650762283986,2.16666666666667,-1.41889535412246,-1.06383239550881,-0.644944927933214,3.28571428571429,0.390733960776112,0.0267947309311648,0.286792036191627,5,3.31170935523013,1.91813277875012,1.09562411681238,4.42857142857143,2.33008828031419,1.35358796241951,0.762797630097361,4.28571428571429,3.0307763224065,1.94828108649054,1.12109990556034,3.85714285714286,1.04654923531798,0.781711192142514,0.395863572437753,4.28571428571429,2.17574299825408,1.20026782465562,0.769551928991939,2.66666666666667,0.463339864822976,0.284623759769849,0.158998651552895,2.5,1.59433735596974,0.872303770924535,0.45065314971799,1.74102644505952,1.31481634189834,0.570999177108163,1.14867258293421,0.651976842192588,0.487991728050537
"665",665,"male","white","yr1","Business","math02","Visual",4.25,1.33681141534805,0.919063606032471,0.704610973598293,1.6,-0.743769034964431,-0.52166388889465,-0.158298131918767,3.66666666666667,2.02705328312452,1.41931515951671,2.8692165951025,5,5.13171496016993,3.22150048198912,1.52393034932561,3.16666666666667,0.524199526079214,0.291372537102414,0.237761353577949,3,-0.590279692647291,-0.318225065495753,-0.200656751361824,4,0.897456166932995,0.689810978822795,0.28103143514995,3.85714285714286,0.968313700054166,0.466374733355701,0.342317490349979,3.28571428571429,1.07596276127375,0.559392491570798,0.445904200703364,4.14285714285714,1.55435264466331,0.894698627003369,0.502567946680826,4.28571428571429,2.18209787062717,1.06650980408846,0.742575962469039,2.33333333333333,-0.228636475678439,-0.119999313541049,-0.16304357424806,1,-1.67156413915867,-0.843882077011064,-0.352923347074065,0.843050354011693,0.739221664967555,0.229389456229731,0.809816409430933,0.573617040829562,0.343765079001014
"666",666,"female","white","yr1","STEM","math03","Visual",4.25,1.39777767032609,0.809626843874562,0.949988019900563,2.8,1.71424952899523,0.677473249894414,0.494685685738121,3.33333333333333,-0.38420801108363,-0.491854837265455,-1.49247496424828,2.9,-0.980187318021822,-0.502332857267366,-0.32315326814224,2.33333333333333,-1.10664021870291,-0.886580128945409,-0.496416314173317,2.57142857142857,-1.33972094816963,-0.778761286711002,-0.404475705271129,3.71428571428571,0.219538488178659,0.10639878907687,0.133036626083468,4.71428571428571,3.01320830189629,1.90418489668462,1.0129229037584,3.14285714285714,0.659337255164101,0.528664832593037,0.346251592082126,3.28571428571429,-0.257857941196821,-0.284341914592954,-0.110487427025924,2.71428571428571,-1.29872529851734,-0.958882393432975,-0.554986978007988,2.33333333333333,-0.182787931602778,-0.151535293840168,-0.0936700371453748,1.5,-0.725389181947489,-0.461133039127857,-0.23690086205795,-0.576720514484253,-0.521462465728798,-0.188288927484127,0.809283869995128,0.335743969455072,0.343859188064391
"667",667,"male","white","yr1","Business","math02","Visual",1,-4.07264058087151,-2.7525479409778,-2.22902684843296,1,-1.95766826697144,-1.12363438544422,-0.497556424846265,3.66666666666667,2.95751904779462,1.89258899115512,2.30845935034238,3.1,-0.398902267085103,-0.116754774561406,-0.246515370100685,3,0.0657674552928021,0.281751930417881,0.0248461976650741,3.85714285714286,1.39477292632088,0.786352215832581,0.529311653628434,3.57142857142857,-0.154608067957393,-0.0431550131088499,-0.0652164530401461,4,1.27441061578645,0.807672006371172,0.42510187829924,3.71428571428571,1.74479299310265,0.953877761776726,0.725295825245479,3.85714285714286,0.997640151688801,0.661829136287937,0.376451797199286,4.14285714285714,1.81877248477281,1.06599205604449,0.616589852068204,3,1.11872990515631,0.937672056940086,0.415351964303774,3.25,3.28094812972149,1.92261342865922,0.770339314727203,0.920266496532277,0.787018338900361,0.325473476563442,0.972661481498122,0.66109169142744,0.41298971039127
"668",668,"male","white","yr2","Business","stats","Auditory",1,-4.07264058087151,-2.7525479409778,-2.22902684843296,1,-1.95766826697144,-1.12363438544422,-0.497556424846265,3,0.0351606362619581,0.179885888597477,0.220552313763931,2.7,-1.65835576702117,-0.859762360932635,-0.506810281928997,5,3.98282322843044,2.57936891273621,1.8194510001737,5,3.92613352833232,2.35294126627441,1.45210273364758,5,3.31170935523013,1.91813277875012,1.09562411681238,5,3.74208800854917,2.29084272651677,1.25970296808463,5,4.57314979566002,2.32881677317432,1.63321748061498,4.85714285714286,3.29178496483648,2.15191488608589,1.27244622477782,5,3.73293522636506,2.2231470984821,1.37616993798703,2.33333333333333,-0.182787931602778,-0.151535293840168,-0.0936700371453748,3,2.67245104897927,1.36409365128534,0.593805546396079,3.44219909007481,2.67898908367176,1.24604873379364,3.56988892222538,2.66576840017202,1.5151047502875
"669",669,"female","white","yr1","Other","math02","Kinesthetic",3.75,0.559588263667408,0.28579825345448,0.512018702153518,1.8,-0.368760480899625,-0.317266806667915,-0.0507827882090618,3.33333333333333,0.55606591547233,0.272191301305421,-0.113984566097563,3.5,0.758666260132543,0.482472645892936,0.264770177204614,1.66666666666667,-2.42135551758241,-1.60850670451107,-1.1002100763438,1.42857142857143,-4.30946359804076,-2.47118863100136,-1.66949310351897,2.85714285714286,-1.86770738568376,-1.15951325933327,-0.643006048809412,2.28571428571429,-2.97043689861439,-1.77905811238118,-1.07627599126215,2.28571428571429,-1.32181240845297,-0.521822709929179,-0.534579139890281,2,-3.41444819196458,-1.94197589553897,-1.41040070414279,2,-2.93770357144178,-1.57391298808769,-1.11923281775308,2.33333333333333,-0.136939387527115,-0.183071274139288,-0.0242965000426901,1.25,-1.09423565443307,-0.704101186463973,-0.2495793047509,-3.16981158345681,-2.48155357891926,-1.20220450941306,-2.03653528515809,-1.43767065663411,-0.864333175688467
"670",670,"female","white","yr3","STEM","math04","Kinesthetic",3.75,0.505595857924257,0.299087074489666,0.199785830797642,1.8,-0.325375469206392,-0.396228533523798,-0.0433182355795165,3.66666666666667,0.146505430012603,-0.108777117625043,0.112235798801059,2.5,-2.12521472663113,-1.33855938541268,-0.651336822231011,3.5,1.05805021430919,0.734479136988492,0.485773065865133,2.85714285714286,-0.939834790182311,-0.503206631485457,-0.394964479425269,2.57142857142857,-2.54828601857681,-1.38843251915027,-0.877833600949947,2.71428571428571,-1.85159990422006,-1.13581966487473,-0.627912551596089,2.14285714285714,-1.58517610798791,-0.79416810534946,-0.576077601723969,3.14285714285714,-0.60155876598517,-0.510481100061368,-0.218492122233504,3.57142857142857,0.547577670397866,0.567143107107805,0.231430613567636,2,-0.828915728028531,-0.587694347450185,-0.346338725843645,1,-1.67156413915867,-0.843882077011064,-0.352923347074065,-0.924422744567046,-0.565330975740143,-0.38224863461962,-0.679386276872368,-0.332347235694913,-0.28867527133434
"671",671,"male","white","yr5+","STEM","math04","Kinesthetic",4.25,1.33681141534805,0.919063606032471,0.704610973598293,2,0.0642655958760141,-0.0480360696706628,0.0174017789087377,3.33333333333333,1.49633984202829,1.0362374398763,1.26450583205315,2.3,-2.75626448296235,-1.80714214454013,-0.923794212332116,2.66666666666667,-0.560234244797492,-0.291240290652807,-0.252370256199114,3.14285714285714,-0.2031029094753,-0.174129909968964,-0.0464608549617935,3.85714285714286,0.567623937366635,0.256570347794,0.190544814105084,3.85714285714286,1.06622993453988,0.500027847451208,0.363279422915042,2.85714285714286,-0.386275955480936,-0.109556903880748,-0.406244295856653,3.42857142857143,0.236653272462052,0.045092362604783,0.134585581935874,3,-0.712037861254217,-0.453704531572952,-0.266413613581711,2.66666666666667,0.509188408898638,0.253087779470729,0.22837218865558,1.75,-0.14806069722189,-0.321352148580766,-0.133556819734785,0.0367520928588662,-0.0256984158350801,0.0396316032210429,-0.194152102464167,-0.26850721731501,-0.082312007638985
"672",672,"female","white","yr5+","STEM","math03","Kinesthetic",4.25,1.41605487735483,0.752901794662524,1.03476045428573,2.4,0.874403773142589,0.572294453134458,0.194884846275535,3.33333333333333,-1.31467377575373,-0.965128668903863,-0.931717719488165,2.8,-1.19299612194046,-0.970971550720043,-0.33029871942534,1.83333333333333,-2.07452490739439,-1.47105745116147,-0.940260558652394,2.57142857142857,-1.4013791198651,-0.999856676453025,-0.451444600802129,2.85714285714286,-1.69203771444332,-1.22167808294944,-0.491104709628674,2.71428571428571,-1.9508950004577,-1.03332220585547,-0.682385868231736,1.28571428571429,-3.63116039792141,-1.69545337351578,-1.38725207250814,3.14285714285714,-0.410858331559263,-0.373264622265327,-0.0276084905687481,1.14285714285714,-4.80372016528318,-2.83045062917009,-1.73689152760132,4,3.15807262649247,2.39996650073212,1.31578972865656,2,0.325026781383703,-0.129977629639163,-0.075545577226727,-1.7500348394033,-1.51021490448673,-0.482073414022209,-2.31415428312918,-1.74029784387759,-0.982233586092037
"673",673,"male","white","yr1","Business","math02","Visual",2,-2.45722802253219,-1.59545399797973,-1.59846525924114,1,-1.95766826697144,-1.12363438544422,-0.497556424846265,3.33333333333333,0.565874077358191,0.562963608237888,1.82526307681327,3.7,1.3796688352607,0.901352626556544,0.448106129505096,3,0.185595659756116,0.056679511212057,0.0860709858127033,3.14285714285714,-0.147182624724572,-0.159649353013046,-0.0123776730411067,5,3.31170935523013,1.91813277875012,1.09562411681238,4.71428571428571,3.02656212897314,1.98658196080298,1.02103005777832,3.57142857142857,1.45354862836929,0.999029477270115,0.533734383057851,4.57142857142857,2.79134731267635,1.78500443948696,1.13329046920009,4.85714285714286,3.42800141374645,2.00840101107762,1.29198147636627,2,-0.828915728028531,-0.587694347450185,-0.346338725843645,1,-1.67156413915867,-0.843882077011064,-0.352923347074065,2.31288956425079,1.85832052742912,0.730862836392387,1.34617960419942,0.811326404545368,0.571596933111098
"674",674,"female","white","yr1","Other","math02","Auditory",4.75,2.16802697277184,1.53904013757527,1.20943611639894,2.8,1.67500989725597,1.34063959507564,0.376074272746015,3.33333333333333,-1.32448193763959,-1.25590097583633,-2.870965362399,2.1,-3.34923599810024,-2.02589255263581,-1.09708038822156,1,-3.79203261148157,-2.34739938273651,-1.73356025113357,1.71428571428571,-3.54627533427357,-2.11152104390902,-1.36483388293435,1.57142857142857,-4.98941850658461,-3.03590178482818,-1.64752847980693,1,-6.12862156250171,-3.64184015406562,-2.07870139105692,1.57142857142857,-2.90934243993469,-1.30689607038962,-1.01691907630595,1.14285714285714,-5.28436035470885,-3.20431740328508,-2.10300713100063,2.14285714285714,-2.60201532949609,-1.37167616717281,-0.822418132688457,4,3.15807262649247,2.39996650073212,1.31578972865656,2,0.325026781383703,-0.129977629639163,-0.075545577226727,-3.97272244996553,-2.97138162886911,-1.51159253174512,-3.67262497767621,-2.53402677731339,-1.55881470471018
"675",675,"female","white","yr3","STEM","stats","Visual",5,2.60497927545839,1.82267254687374,1.54215099375782,3.8,3.87061075476056,1.92974324404737,0.954622439385047,3.33333333333333,-1.32448193763959,-1.25590097583633,-2.870965362399,3.2,-0.140580203735532,0.07557905315829,-0.133071622821876,4.16666666666667,2.44713145651684,1.46807514510482,1.12172067079159,4,1.63445260902962,1.02399349125302,0.586406600707224,3,-1.50399953365457,-0.934794517307775,-0.482366485244439,3,-1.19326677697627,-0.675498713774425,-0.409499211486148,4,2.38478791395213,1.21760158762018,0.847623166283179,4,1.32144057587741,0.900862667285468,0.486921958217911,3,-0.694156755028705,-0.322925183049944,-0.214117423987157,2,-0.828915728028531,-0.587694347450185,-0.346338725843645,2,0.56814825597861,0.443678416353276,0.17970236257254,0.205263644964079,0.171340012159687,0.16712578492672,1.08980101722617,1.06608691504323,0.462258005107745
"676",676,"male","white","yr3","Other","math02","Auditory",2,-2.32399215478226,-1.77490463038486,-0.956082907197831,1.8,-0.29458113500291,-0.181483727261871,-0.101988370630374,3.66666666666667,0.146505430012603,-0.108777117625043,0.112235798801059,3,-0.702557131271479,-0.326110850212567,-0.26038116509647,3.5,1.07883224384956,0.789468602854261,0.490066561478311,3.57142857142857,0.561256373360719,0.347786299512014,0.138963815396223,3.57142857142857,-0.200884458377885,-0.0679695358019725,-0.0851475403226396,3.28571428571429,-0.507529862804599,-0.292314676411308,-0.160716481211776,3.14285714285714,0.530363825268201,0.0794997595309348,0.198224012647196,4,1.32144057587741,0.900862667285468,0.486921958217911,3.57142857142857,0.592546210103242,0.337799316898346,0.274032563596851,2,-0.828915728028531,-0.587694347450185,-0.346338725843645,2,0.56814825597861,0.443678416353276,0.17970236257254,0.500533633883995,0.438777914022428,0.184113012906194,0.351076790606488,0.362359884615693,0.148865871976608
"677",677,"male","white","yr3","Business","math03","Kinesthetic",2,-2.48247907879582,-1.44258100764497,-1.6163818685727,1.8,-0.321103141368219,0.0173283254232505,-0.12073334357623,3.33333333333333,1.49633984202829,1.0362374398763,1.26450583205315,4.6,4.33557686227166,2.41353335886774,1.41946805438214,1.83333333333333,-2.18692251782667,-1.35040033475868,-0.996997806071997,2.42857142857143,-1.7542992233341,-1.04114369916936,-0.585780219205408,3.42857142857143,-0.372814973501519,-0.423053180047978,-0.0447242564430018,2,-3.66094416973899,-2.15866943392002,-1.24410030127154,1.71428571428571,-2.78807955644242,-1.34109864907902,-1.14797293702545,2.28571428571429,-2.49944647806189,-1.66240713220314,-0.931786332071287,3.57142857142857,0.570985373986771,0.372849732222127,0.240879934627695,1,-2.82240990528903,-2.08152477154134,-1.17740295309375,1,-1.67156413915867,-0.843882077011064,-0.352923347074065,-0.857882384789632,-0.619895266803869,-0.414586574479289,-2.61696682017761,-1.8430131320849,-1.11082016155142
"678",678,"female","Asian","yr3","STEM","stats","Auditory",3.25,-0.332593548734429,-0.224741515930415,-0.238183486949403,1,-1.95766826697144,-1.12363438544422,-0.497556424846265,3.66666666666667,1.08677935656856,0.655269020945832,1.49072619695178,3.8,1.71806038213375,0.88855807408256,0.561396163100538,3.33333333333333,0.80381262570025,0.472718257075121,0.36234974318391,4.14285714285714,1.91367941737167,1.1300767280145,0.695025711123078,4.71428571428571,2.5988843663923,1.50572518964582,0.878786676034526,4.28571428571429,1.96637896706446,1.13323476709685,0.685889007559868,3.14285714285714,0.56483391786553,0.118371993874268,0.161687423768374,4,1.40961955787038,0.957974304668861,0.563290670773892,2.57142857142857,-1.65386294958008,-1.09974496632899,-0.703389307648023,3,1.11872990515631,0.937672056940086,0.415351964303774,1.5,-0.621148175827482,-0.512726667522369,-0.191568062242842,1.05984539864654,0.599338893696099,0.516101811718567,0.938689264058145,0.600504478461065,0.39846026463571
"679",679,"male","Black","yr1","Business","math02","Auditory",3,-0.733830652706563,-0.464937697052029,-0.343437927337572,3,2.11992546937932,1.26726289776137,0.50979914203112,3,0.0351606362619581,0.179885888597477,0.220552313763931,3,-0.702557131271479,-0.326110850212567,-0.26038116509647,3,0.0953953084744368,0.11598476499985,0.0429453745200661,2.85714285714286,-1.15708026166947,-0.529660636366078,-0.526936880541254,3,-1.52378733797239,-0.993960246671828,-0.465060388911894,3,-1.21443912679783,-0.65598307667468,-0.427864202664323,3.14285714285714,0.600348001824119,0.207622335367833,0.355494061421296,3.14285714285714,-0.631623541535758,-0.49145975381536,-0.26077698462015,3.42857142857143,0.240862044326805,0.510502148802807,0.1900418795284,2,-0.783067183952869,-0.619230327749305,-0.27696518874096,1.75,-0.0126510950852678,0.0457931098515091,-0.015034293911718,-0.75231930932737,-0.482259558423106,-0.333809077474417,-0.0273380193938973,0.0894136345299763,-0.011653780546579
"680",680,"female","white","yr2","Business","math02","Kinesthetic",2.75,-1.19952430487264,-0.888154275650072,-0.970469066720763,2.6,1.29725832752128,0.649839696910984,0.380894560425067,2.66666666666667,-0.485744642948413,0.087580475889533,0.555089193625425,2.7,-1.42116040654702,-1.03191641928376,-0.359651128598141,3.16666666666667,0.50341749653884,0.236383071236644,0.233467857964771,3.71428571428571,1.24910552219242,0.346974851359958,0.556870749672482,4.57142857142857,2.28811029145317,1.19875791168605,0.801250168779419,4.71428571428571,3.01809500910197,1.7982610440611,1.02919010048973,2.85714285714286,-0.0953083664793,-0.0580905626522751,-0.016550374663474,5,3.63130769413571,2.34893386780816,1.3870550416303,3.28571428571429,-0.0580190829323343,0.0988300950629367,0.0360152977933621,3,1.16457844923197,0.906136076640967,0.484725501406459,1.5,-0.725389181947489,-0.461133039127857,-0.23690086205795,1.86755600481123,1.35851846325447,0.755737983743282,0.991985334243712,0.544121915143717,0.421161097432825
"681",681,"male","white","yr1","STEM","math03","Kinesthetic",1.25,-3.67140347689938,-2.51235175985619,-2.1237724080448,1,-1.95766826697144,-1.12363438544422,-0.497556424846265,3.66666666666667,1.08677935656856,0.655269020945832,1.49072619695178,4.6,4.33557686227166,2.41353335886774,1.41946805438214,3.33333333333333,0.796487122881528,0.286467968896013,0.3673319506309,5,3.92613352833232,2.35294126627441,1.45210273364758,5,3.31170935523013,1.91813277875012,1.09562411681238,5,3.74208800854917,2.29084272651677,1.25970296808463,5,4.57314979566002,2.32881677317432,1.63321748061498,4.71428571428571,3.14877046071307,1.93744502344673,1.28258299036744,5,3.73293522636506,2.2231470984821,1.37616993798703,3,1.16457844923197,0.906136076640967,0.484725501406459,3,2.80786065111589,1.73123890971762,0.712328072219146,3.44847232681694,2.68406967572973,1.24871609021503,2.63528451475643,1.79319771555168,1.11883187102543
"682",682,"male","white","yr1","STEM","math03","Kinesthetic",2.75,-1.17078295539312,-0.748570106350496,-0.676152804696448,1.2,-1.52241169588548,-0.878348704244132,-0.393856948823324,3.66666666666667,2.01724512123866,1.12854285258424,0.929968952191661,3,-0.702557131271479,-0.326110850212567,-0.26038116509647,2.66666666666667,-0.507446480843608,-0.341731854230193,-0.22828151825445,3,-0.739094955212538,-0.353063490306713,-0.339528029553159,2.85714285714286,-1.92442234760518,-1.24716192781871,-0.656245053599456,3,-1.21216931218172,-0.594494032396207,-0.41025446254633,3.14285714285714,0.634818094421447,0.246494569711166,0.318957472542474,4.14285714285714,1.76286461041798,1.08129468488248,0.71918731358614,2.42857142857143,-1.95351041449386,-1.00751245321789,-0.718606376413493,2,-0.828915728028531,-0.587694347450185,-0.346338725843645,3.25,3.52406960431639,2.49626947465166,1.02558725452647,-0.717153379885555,-0.541795868649874,-0.172445008666944,-0.21760539047738,-0.0903582010921149,-0.0923350010933252
"683",683,"female","white","yr2","Other","math02","Auditory",3.5,0.104358753952123,0.0588908933680515,0.0945313904094736,1.8,-0.325375469206392,-0.396228533523798,-0.0433182355795165,3,-1.84538721684996,-1.34820638854427,-2.5364284825375,3.8,1.64056626870422,1.07346365143247,0.480955947438129,3.83333333333333,1.74268854098642,1.09944988596616,0.79364134212365,4,1.63445260902962,1.02399349125302,0.586406600707224,4,0.9605698727092,0.579317799206609,0.319867820574012,3.42857142857143,-0.177266856124606,0.224463621360892,-0.0361390829321335,3.57142857142857,1.49173163101222,0.517354117596462,0.578771777324968,3.85714285714286,0.961928201622544,0.657027953967366,0.316032357643853,4,1.51938923566818,0.950110957716078,0.581026256999934,2,-0.828915728028531,-0.587694347450185,-0.346338725843645,1.75,-0.14806069722189,-0.321352148580766,-0.133556819734785,1.1917669392683,0.94197836035897,0.423175235596558,0.96469073511697,0.842912473867871,0.409287797881328
"684",684,"female","white","yr2","Business","math02","Visual",3.75,0.584839319931037,0.132925263119719,0.529935311485079,1,-1.95766826697144,-1.12363438544422,-0.497556424846265,3,-0.905113290294001,-0.584160249973399,-1.15793808438679,3.4,0.643538135021089,0.0980724174972088,0.433458060169773,3.66666666666667,1.4172590401151,0.893477239739285,0.643531851361079,2.28571428571429,-2.34806760873464,-1.26393130874722,-0.93944162372642,2.85714285714286,-1.78553552528033,-1.14373308588043,-0.591219549595591,3.42857142857143,-0.0729696888209199,-0.0472330924724994,-0.023487519815644,3.57142857142857,1.53008348686667,0.716029203926871,0.626601066164428,3.42857142857143,0.0416141263127827,0.0572455683421156,0.0345786983074693,3.28571428571429,-0.0693214158023062,-0.100728462722163,-0.113110263495264,2.33333333333333,-0.136939387527115,-0.183071274139288,-0.0242965000426901,1.25,-1.19847666055308,-0.652507558069461,-0.294912104566007,-1.12916160387954,-0.774046445090396,-0.456419944240265,0.918157674458591,0.788981119064762,0.389587425727721
"685",685,"male","white","yr1","Business","math02","Visual",3.75,0.505595857924257,0.299087074489666,0.199785830797642,3.6,3.31849100822669,1.67653711149083,0.895258378666971,2.66666666666667,-2.36629249606033,-1.44051180125222,-2.20189160267601,3,-0.678439478767484,-0.384780152271784,-0.334037299878436,1.5,-2.81699949002894,-1.70735616134667,-1.29292329198396,1.85714285714286,-3.26900042542024,-1.83499393339939,-1.2613658074374,3.71428571428571,0.164541335847278,0.113612748287806,0.0525541913910801,2.14285714285714,-3.310356969453,-2.18633984170558,-1.13616216600813,2.14285714285714,-1.54731428612365,-0.805121699230756,-0.415266097311733,1.85714285714286,-3.55955192230614,-2.24783988753647,-1.42186101795988,3.28571428571429,-0.0603920384008416,0.129926297551537,0.086709857282248,2.33333333333333,-0.182787931602778,-0.151535293840168,-0.0936700371453748,2,0.536979659961995,0.0249395295264888,0.106512636564581,-1.63890824714402,-1.23653620637836,-0.752763064049913,-2.11126073836749,-1.49958442240204,-0.895992874410664
"686",686,"female","white","yr5+","STEM","math04","Kinesthetic",4,0.899859112661494,0.635431196734004,0.371896096239416,1.8,-0.295282317144954,-0.230384628455582,-0.102582756143472,3.33333333333333,-0.374399849197768,-0.201082530332987,0.446772678662553,2.8,-1.28798336614951,-0.781157625023551,-0.419378328666856,2.83333333333333,-0.16061587065558,-0.204282600880591,-0.0683320005630458,2.85714285714286,-1.01839024840546,-0.437283758390463,-0.427738626601421,3.28571428571429,-0.774136237709622,-0.595601114897471,-0.214281400088049,3,-1.19326677697627,-0.675498713774425,-0.409499211486148,2.42857142857143,-1.02725296102717,-0.335784595403301,-0.32644958407035,3.42857142857143,0.139868238900688,0.0485201278836654,0.0969514895285136,3.14285714285714,-0.360315724273291,-0.355125806269662,-0.119214249619078,1.66666666666667,-1.48430576836186,-1.24074264462042,-0.602692038594524,1.25,-1.19847666055308,-0.652507558069461,-0.294912104566007,-0.461988833711331,-0.32621946434336,-0.179561755014987,-0.648634939393653,-0.415046124707762,-0.275398338986984
"687",687,"female","white","yr1","STEM","math02","Auditory",2.25,-2.05599091856006,-1.35525781685812,-1.49321081885297,1.4,-1.16286378286451,-0.696000145459213,-0.273872413771114,3.33333333333333,0.565874077358191,0.562963608237888,1.82526307681327,4.4,3.40510369737319,2.03196833320744,0.956709099008704,3.16666666666667,0.404194251558338,0.385760567302905,0.178311487547842,2.71428571428571,-1.2580699311142,-0.674925033810901,-0.484833573680211,2.85714285714286,-1.92515199729578,-1.18005430411374,-0.625988843477152,2.85714285714286,-1.62078677939092,-0.862663969259039,-0.610076853029273,3,0.13863212185948,0.0540945074535043,-0.0457004681006827,3,-0.925884379859231,-0.560735156016246,-0.411257773528867,3.14285714285714,-0.380782952810382,-0.095177016049961,-0.0531098785567272,2.66666666666667,0.509188408898638,0.253087779470729,0.22837218865558,1.25,-1.19847666055308,-0.652507558069461,-0.294912104566007,-1.08697206681633,-0.760066473315593,-0.43017250026602,-0.423205242406182,-0.163912812083772,-0.179792340968856
"688",688,"female","white","yr5+","STEM","math02","Kinesthetic",5,2.60497927545839,1.82267254687374,1.54215099375782,4.6,5.41683471128119,2.86397345087327,1.3945259089058,2.33333333333333,-2.8871977752707,-1.53281721396016,-1.86735472281452,2.3,-2.70938983602878,-1.64729034829845,-0.919327932303717,1.33333333333333,-3.14640339259565,-1.90143704051016,-1.43435782274244,2,-2.83414519216091,-1.76746067282244,-1.08720020508169,2.28571428571429,-3.25539865074109,-1.78032912442672,-1.09175173810235,2.28571428571429,-2.86744503945851,-1.68966193883428,-0.949004297072924,1.57142857142857,-3.13704538753339,-1.49946743260512,-1.18773147762985,1.14285714285714,-5.27871318019318,-3.1804948747185,-2.08487255383184,2,-2.90238931520526,-1.56140211097054,-0.984401972340725,1,-2.82240990528903,-2.08152477154134,-1.17740295309375,1.75,-0.0438196911018824,-0.372945776975278,-0.0882240199196771,-3.45083879745855,-2.66875773398002,-1.29342834729592,-2.68736914946325,-2.0136931678457,-1.14052807578287
"689",689,"female","white","yr2","Other","math04","Visual",5,2.60497927545839,1.82267254687374,1.54215099375782,3.2,2.4234976932173,1.82227971651999,0.556184436773382,2.66666666666667,-0.495552804834275,-0.203191831042935,-1.38415844928541,3.7,1.40873843328596,0.983939969063879,0.376254767220986,4,1.99692612959536,1.36121076587953,0.917064664804872,3.14285714285714,-0.251794953345809,-0.163401437697116,-0.116975068962986,3.71428571428571,0.248474533561964,0.0998025863973439,0.0727741696738579,3.71428571428571,0.57774447476724,0.749700010343936,0.238090117200121,3.14285714285714,0.63306027344888,-0.0806561087062591,0.289379255871191,3.57142857142857,0.598159915428913,0.0948499257006635,0.412509371600354,3.42857142857143,0.2926839636184,0.0351958817544135,-0.112294291048051,3.66666666666667,2.46609628599106,1.99534342742122,0.993747502855608,2,0.543921392638553,0.541148361435841,0.289297864886767,0.165573294183004,0.118474003858306,0.0779216934716954,1.03118591377865,0.837978931015461,0.437494367065556
"690",690,"male","white","yr2","STEM","math04","Visual",3.5,0.0686435552377044,0.0154546651911992,-0.132929046561235,1.8,-0.276188817506705,-0.134479358423506,-0.0783482675546411,2.66666666666667,0.425104797949962,-0.0206903063369947,-3.88416333695636,4.6,4.33557686227166,2.41353335886774,1.41946805438214,4.16666666666667,2.44270204428974,1.42274276157686,1.10656148297886,3.57142857142857,0.798930438277688,0.371528869384732,0.290008224634902,4,0.903854910787779,0.491669130721172,0.306628815783969,3.28571428571429,-0.435638553494847,-0.317675221693378,-0.136612554740559,4,2.38478791395213,1.21760158762018,0.847623166283179,4.85714285714286,3.30186009543143,2.08607780824405,1.25845030344289,4,1.51938923566818,0.950110957716078,0.581026256999934,2,-0.828915728028531,-0.587694347450185,-0.346338725843645,2,0.42926778750371,-0.181571258033675,-0.0302127774116195,1.56419976633093,1.26650469766404,0.572888077798387,1.3057002972501,1.16616004805883,0.553948904189742
"691",691,"male","other","yr2","Business","math03","Visual",4.75,2.16802697277184,1.53904013757527,1.20943611639894,3.4,2.88253325499869,1.38235052909703,0.790964517130933,2.66666666666667,-2.36629249606033,-1.44051180125222,-2.20189160267601,4.5,3.83155375888952,2.37776011517742,1.25955272882844,1.33333333333333,-3.11977250042222,-2.00397748316002,-1.42350124267959,2,-2.74985184699302,-1.62676871313133,-1.04154034429522,3.14285714285714,-1.20860347468996,-0.626734784448633,-0.484247696375509,2.71428571428571,-1.72586023762124,-1.14418735682271,-0.602716564474731,1.57142857142857,-3.08202306467128,-1.27486277798933,-1.26534436830404,1.42857142857143,-4.61539002670535,-2.7444423619987,-1.85979357596074,2.85714285714286,-1.04832763563749,-0.813880622961392,-0.327571244130174,2,-0.828915728028531,-0.587694347450185,-0.346338725843645,1,-1.67156413915867,-0.843882077011064,-0.352923347074065,-2.42018241429259,-1.85251380338402,-0.985195874603993,-2.458316659553,-1.91925884017822,-1.04325691542662
"692",692,"female","white","yr2","STEM","stats","Auditory",3.25,-0.325619699499533,-0.320889457053139,-0.305039312003009,1.2,-1.52241169588548,-0.878348704244132,-0.393856948823324,5,1.31927710595571,0.36871531543326,3.21334080993687,3,-0.702557131271479,-0.326110850212567,-0.26038116509647,4.5,3.09356104603239,1.83468805403061,1.406780464504,4.14285714285714,2.32465997323889,1.13762776493146,1.01014341181752,4,0.903854910787779,0.491669130721172,0.306628815783969,4,1.27441061578645,0.807672006371172,0.42510187829924,4,2.38478791395213,1.21760158762018,0.847623166283179,4.28571428571429,2.19118646890177,1.43211710852604,0.907023223587619,4,1.51938923566818,0.950110957716078,0.581026256999934,2,-0.828915728028531,-0.587694347450185,-0.346338725843645,1.25,-1.19847666055308,-0.652507558069461,-0.294912104566007,1.83447920211672,1.43451287009725,0.710865494618763,1.9634194471046,1.57130252715174,0.833129911149949
"693",693,"male","Black","yr1","Other","math02","Auditory",3,-0.690302389414201,-0.674535736598828,-0.240748883620843,3.4,2.90284045813855,2.0375045720579,0.667942850938965,2.66666666666667,0.434912959835824,0.270082000595473,-1.94491569404552,3.6,1.07278785607324,0.67307727950079,0.283210532741099,2.66666666666667,-0.570234579183499,-0.252503004079123,-0.248483458527162,2.85714285714286,-1.07811848755748,-0.310693913882432,-0.493483891449971,2.71428571428571,-2.16945879338787,-1.25588502149837,-0.675350907392151,2.42857142857143,-2.6464437644012,-1.65312973594655,-0.918745758049629,2.28571428571429,-1.43732778519535,-0.777635103561203,-0.490505558359111,2.57142857142857,-1.90711092242986,-1.33077848132156,-0.754198712108632,3,-0.716219712990671,0.00791618768529619,-0.128807066289545,3,1.11872990515631,0.937672056940086,0.415351964303774,2.5,1.72627609176809,0.981344613402134,0.477783061379964,-1.38857349344222,-1.00500982182288,-0.544857297675843,-1.32157998605898,-0.834088332928401,-0.561084420221587
"694",694,"female","white","yr2","STEM","math02","Visual",2.5,-1.53979515386672,-1.2377872189296,-0.830346460806661,1,-1.95766826697144,-1.12363438544422,-0.497556424846265,3.66666666666667,1.08677935656856,0.655269020945832,1.49072619695178,2.6,-1.88553663393558,-1.14668073424703,-0.571026659671547,3.16666666666667,0.404194251558338,0.385760567302905,0.178311487547842,3.85714285714286,1.39477292632088,0.786352215832581,0.529311653628434,4,0.903854910787779,0.491669130721172,0.306628815783969,4.42857142857143,2.28891102112424,1.31321170434464,0.750456421521147,1.57142857142857,-2.9931593116024,-1.35152346967506,-1.19472429437985,3.14285714285714,-0.664626118192267,-0.308175002239694,-0.302740964175853,3.28571428571429,-0.0716943712708135,-0.0696322602335625,-0.062415704006378,2,-0.828915728028531,-0.587694347450185,-0.346338725843645,2.25,1.0412357345842,0.635052935294879,0.237713605080598,0.36830270980041,0.208118234718179,0.162845155871209,-0.249903309141743,-0.369255379146109,-0.106113477733262
"695",695,"female","white","yr1","Business","math02","Auditory",1,-4.07264058087151,-2.7525479409778,-2.22902684843296,1,-1.95766826697144,-1.12363438544422,-0.497556424846265,4,0.677218871108836,0.274300602015368,1.7169465618504,2.2,-3.22162412804305,-1.69593295475272,-1.10030577483577,4,2.03910926845244,1.34767683886803,0.931198187346884,4,1.63445260902962,1.02399349125302,0.586406600707224,4,0.903854910787779,0.491669130721172,0.306628815783969,4,1.27441061578645,0.807672006371172,0.42510187829924,4,2.38478791395213,1.21760158762018,0.847623166283179,4,1.32144057587741,0.900862667285468,0.486921958217911,4,1.51938923566818,0.950110957716078,0.581026256999934,2,-0.828915728028531,-0.587694347450185,-0.346338725843645,2,0.56814825597861,0.443678416353276,0.17970236257254,1.28748907933531,1.02145690428275,0.464721145086021,1.65732795103539,1.28552764298991,0.703346916873826
"696",696,"male","white","yr1","STEM","math02","Kinesthetic",2.75,-1.14553189912949,-0.901443096685258,-0.658236195364887,2,-0.0049402400404851,0.278638611064053,-0.00821336115356494,4,0.677218871108836,0.274300602015368,1.7169465618504,4,2.21457891444923,1.44769481588828,0.631774592114571,3.66666666666667,1.43388959790252,0.829674083663109,0.658275229095874,3.57142857142857,0.643259988001924,0.352169568694894,0.158385285981063,4.14285714285714,1.23441679004473,0.857802138044997,0.366859226706531,4,1.27441061578645,0.807672006371172,0.42510187829924,3.71428571428571,1.78408617148003,0.804318014093404,0.669356886504622,4,1.40397238335471,0.934151776102281,0.545156093605105,3.14285714285714,-0.376628183889419,-0.284378347638044,-0.146604165627133,2.33333333333333,-0.136939387527115,-0.183071274139288,-0.0242965000426901,1.25,-1.19847666055308,-0.652507558069461,-0.294912104566007,0.636180804090874,0.432842549156646,0.27290371909108,1.33401036657106,1.00521788346837,0.566175270383115
