"","ID","sex","race","class","major","math.level","modality","Anxiety.mea.avg","Anxiety.mea.pca1","Anxiety.mea.wt.pca","Anxiety.mea.cfa","Anxiety.mla.avg","Anxiety.mla.pca1","Anxiety.mla.wt.pca","Anxiety.mla.cfa","SelfEfficacy.avg","SelfEfficacy.pca1","SelfEfficacy.wt.pca","SelfEfficacy.cfa","Technology.avg","Technology.pca1","Technology.wt.pca","Technology.cfa","Cooporative.avg","Cooporative.pca1","Cooporative.wt.pca","Cooporative.cfa","Deductive.avg","Deductive.pca1","Deductive.wt.pca","Deductive.cfa","Demonstration.avg","Demonstration.pca1","Demonstration.wt.pca","Demonstration.cfa","Inductive.avg","Inductive.pca1","Inductive.wt.pca","Inductive.cfa","Integrative.avg","Integrative.pca1","Integrative.wt.pca","Integrative.cfa","LectureType.avg","LectureType.pca1","LectureType.wt.pca","LectureType.cfa","Repetitive.avg","Repetitive.pca1","Repetitive.wt.pca","Repetitive.cfa","SocialEngage.avg","SocialEngage.pca1","SocialEngage.wt.pca","SocialEngage.cfa","BehaveEngage.avg","BehaveEngage.pca1","BehaveEngage.wt.pca","BehaveEngage.cfa","Resource.avg","Resource.pca1","Resource.wt.pca","Resource.cfa"
"1",1,"female","Asian","yr3","Health","stats","Visual",5,2.14245548464502,1.47441255690006,1.14164342203661,2.75,1.29969842769496,0.657150017436564,0.570518689622336,3,-1.83256366660196,-1.05828541938447,-0.609449950242083,2.4,-2.26491373740271,-1.60455616930547,-0.641865975297061,4,1.99828340439225,1.3672439778738,0.908533254943683,3.28571428571429,0.107548706114597,0.117369620985091,0.0514597522409534,4,0.859125260520872,0.679471070179282,0.239222438899662,4,1.32387778819058,0.749324516032496,0.450319129682942,4,2.48286422485843,0.979155039415682,0.937917590346076,3.71428571428571,0.65814522239399,0.465417261029778,0.241144283686279,4.14285714285714,1.81202540979783,1.06253353164221,0.631655003059494,2,-0.831501585872319,-0.591434741262175,-0.348936508282686,3,-0.0487548449240131,-0.0622943890997189,-0.00699482262527438,1,-1.67193309805374,-0.844137146503784,-0.357745495736532
"2",2,"female","white","yr2","Health","stats","Auditory",4.33333333333333,1.18691665109635,0.970300264498127,0.634605472386928,3.75,3.04782248211267,1.8539527174274,1.38169101062603,2.66666666666667,-0.483699362371816,0.0865649369968614,0.53895572198059,3.2,-0.248935665503634,-0.05092384569567,-0.279637905927994,4.33333333333333,2.68793531265153,1.79938060732306,1.22549362239599,4.57142857142857,2.91387332010357,1.85398182817028,1.07104077586752,4.85714285714286,2.97546835252201,1.68640701877519,0.978782847390504,4.42857142857143,2.35443335156257,1.33457674744486,0.748432670880938,4.85714285714286,4.21373025946769,2.16408576349462,1.44273175176483,4.14285714285714,1.89547087706695,0.988785804270854,0.822728468054497,4.71428571428571,3.1136913202081,1.87895378911012,1.16345214859362,3.33333333333333,1.81047658471522,1.55041986458201,0.735038483842714,3.33333333333333,0.645883100744526,0.212897730859546,0.270245613160334,2.25,1.01403610221817,0.218955367342158,0.170502342279625
"3",3,"female","white","yr2","STEM","other","Visual",4,0.710140718174002,0.304272391931583,0.376241401080745,1.25,-1.38304712852697,-0.855036885449504,-0.608775446018514,4.33333333333333,1.19974076503037,0.369414042336875,1.37126754082799,3.6,1.12888612639536,0.743601384699936,0.370321858235724,3.33333333333333,0.807328146278474,0.471506806061027,0.369348916781597,4.14285714285714,2.17552653512914,1.18345904987417,0.889823753963901,4.28571428571429,1.59836734447004,1.08294650667977,0.526625470142994,4.57142857142857,2.75239065791482,1.65587048510775,0.969126561444995,3.71428571428571,1.96390328890083,0.575142402247866,0.860174287557621,4.28571428571429,2.1213101097634,1.3326416464228,0.86666511471279,4.42857142857143,2.45716410151634,1.49554194919728,0.997188881989259,2,-0.831501585872319,-0.591434741262175,-0.348936508282686,4,1.99088942395612,1.28966377199986,0.673570682943099,2,0.436956924685793,0.0823445371913509,0.0641550073240141
"4",4,"female","other","yr1","Other","math02","Visual",2.66666666666667,-1.20093694892333,-0.703952192872288,-0.637834498218624,1,-1.79422804288445,-1.11806932750387,-0.821282758780936,2.66666666666667,-0.483699362371816,0.0865649369968614,0.53895572198059,2.8,-1.17049548129266,-0.706280808741537,-0.342293072440893,1.66666666666667,-2.45385797810574,-1.57714532329451,-1.11874120776066,2.57142857142857,-1.45090899939585,-1.13171233851878,-0.474149499510764,2.42857142857143,-2.80425977522644,-1.56858531741825,-0.918758791078998,2.71428571428571,-1.80273734106732,-1.40423632364263,-0.600888559050553,1.57142857142857,-2.94152381144468,-1.47572603011853,-1.09019088874858,3.14285714285714,-0.425728571275999,-0.399926017271336,-0.0643210684686493,2.14285714285714,-2.59665121526377,-1.6827805046313,-1.0276342372835,3,1.15940245490286,0.901589107000962,0.48377051699264,2.66666666666667,-0.743392790592552,-0.337486509058984,-0.284235258410882,1.5,-0.619486307717012,-0.512652640687681,-0.191071487197587
"5",5,"female","other","yr1","STEM","math04","Kinesthetic",3,-0.751338591599941,-0.752101239418778,-0.4553657226779,1,-1.79422804288445,-1.11806932750387,-0.821282758780936,4,1.6185110305944,1.03976074795585,3.06014287786092,3.4,0.559603625358558,0.258260390008068,0.208052513273045,2,-1.86398928967066,-0.995902941651267,-0.866969519259088,3.85714285714286,1.30678765917904,1.16289880924919,0.500198336355141,5,3.31150917686338,1.92132264130113,1.09454554129571,5,3.74144114399981,2.28283476961181,1.26187175459162,4.57142857142857,3.72210564851427,1.99227480599081,1.38680592887244,4.57142857142857,2.82458988797689,1.69942685774868,1.17150766645697,5,3.73794706238797,2.23668202166913,1.38459868253754,4,3.15030649567803,2.3946129552641,1.31647754226797,4,1.99088942395612,1.28966377199986,0.673570682943099,2.5,1.48540727295645,0.150316370944525,0.142276529880302
"6",6,"female","white","yr1","Other","math02","Auditory",4,0.726844657074171,0.567189852853173,0.419840539947484,1.75,-0.408764200219983,-0.376524148145278,-0.24460210413126,3.66666666666667,0.158121451973574,0.182244141921628,2.01710182343001,2.7,-1.46508369267825,-1.26882172811727,-0.513023222698438,2.5,-0.897384329646344,-0.455147545195692,-0.415808898274446,2.85714285714286,-1.03820469194215,-0.429591016275196,-0.441532452442246,3.42857142857143,-0.451056592078701,-0.271780977559326,-0.165954727737103,3.57142857142857,0.276429066393591,-0.0810363670656854,0.0864246274254931,2.57142857142857,-0.797318710607079,-0.00749659477808943,-0.361913044801761,3.28571428571429,-0.237346362228231,-0.233474179271374,-0.143883582009189,3.28571428571429,-0.0804055681290849,0.112304439641192,0.0547233008435477,3,1.15940245490286,0.901589107000962,0.48377051699264,3.66666666666667,1.29625147828758,1.0144716520406,0.396330247157491,2,0.432960482619717,-0.181168134871578,-0.0243974786586425
"7",7,"female","white","yr1","Health","stats","Auditory",4,0.726844657074171,0.567189852853173,0.419840539947484,1.75,-0.528815814569494,-0.338199802658583,-0.201215049141716,3.33333333333333,-1.31175401007357,-0.964700469176849,-0.932367091543093,2.6,-1.79133406444545,-1.15289882787922,-0.532812483665638,2,-1.85058647964328,-1.11410907494576,-0.84842192104252,2.28571428571429,-2.21302252578107,-1.10492823908682,-0.844652740963512,2.42857142857143,-2.78816863647475,-1.7462156478875,-0.896839314527592,2,-3.63960878390031,-2.11227601434368,-1.23200465105205,2.71428571428571,-0.36923588277172,0.115928138721698,-0.117044328961933,2,-3.28400638755684,-2.05096936007107,-1.25721830371507,1,-5.12332136998956,-2.885301797618,-1.81352883295966,2,-0.835712472562919,-0.801528133211202,-0.348885292458535,3.66666666666667,1.29625147828758,1.0144716520406,0.396330247157491,2.5,1.59511172181663,0.619078869555894,0.365402163217893
"8",8,"male","white","yr3","Business","math03","Visual",4.33333333333333,1.2098508921979,1.04487572814986,0.689507593221686,3.75,3.01595299687016,1.8631805187452,1.39914523927407,2.66666666666667,-1.42327928446425,-0.677366718829742,-0.827002473751335,3,-0.696168605977766,-0.314361307404878,-0.255894690265229,1.83333333333333,-2.19350115158578,-1.27240035634583,-1.01400904601388,3,-0.41663463848437,-0.502486617143659,-0.0785409818845753,3.71428571428571,0.194368734307322,0.316047546992742,0.0501892384564537,3.42857142857143,-0.142965047373053,-0.138120965650079,-0.0356929735687852,2.85714285714286,-0.282655607937265,-0.277644722483178,-0.194184021270422,3.14285714285714,-0.516062344535555,-0.355877320679198,-0.243186106925084,2.85714285714286,-1.01388925339041,-0.691978131127808,-0.493046954929196,2,-0.831501585872319,-0.591434741262175,-0.348936508282686,3.33333333333333,0.630764815853194,0.608602426094005,0.186146219329896,1,-1.67193309805374,-0.844137146503784,-0.357745495736532
"9",9,"female","white","yr2","Other","other","Visual",2,-2.18988366027234,-1.7338994071174,-1.23207072560179,1.25,-1.32691729198234,-0.960377226056248,-0.637221851462357,3.33333333333333,1.49749987277741,1.03766649323871,1.25907963511049,2.6,-1.82469122758999,-1.19287566843067,-0.626708624677408,2.16666666666667,-1.54148812566687,-0.846160498658198,-0.712519243665282,3.42857142857143,0.35818910614414,0.340664799628146,0.108034966749532,4.28571428571429,1.66892963016887,0.909249619214485,0.627857028333057,3.57142857142857,0.2565302604986,0.244831018963302,0.101632238845049,3.28571428571429,1.01540811957591,0.507825618221185,0.478345535300773,4,1.43670446469089,0.84421689627909,0.606479286611667,3.42857142857143,0.255324429629861,0.190523081525823,0.109253951120539,2,-0.831501585872319,-0.591434741262175,-0.348936508282686,2.33333333333333,-1.42291245136976,-1.00838332425271,-0.477376300366052,1,-1.67193309805374,-0.844137146503784,-0.357745495736532
"10",10,"male","Asian","yr5+","STEM","other","Kinesthetic",2,-2.15024548027062,-1.39640648254408,-1.13356946590029,1,-1.79422804288445,-1.11806932750387,-0.821282758780936,3,0.976690216249011,0.944081543031088,1.5819967764115,5,5.14006484697988,3.24043328690884,1.54541374373052,2.5,-0.834682135607992,-0.606863162842488,-0.377828907986581,4.28571428571429,2.49648766805121,1.40994553454235,1.00820625959195,4.28571428571429,1.57723504023286,0.917448078675929,0.514948077187284,2.85714285714286,-1.59830541071293,-0.948077038010708,-0.563551458811377,3,0.284617362903135,0.0307228865465239,0.178030993592827,3.85714285714286,1.01125661387879,0.500287218883936,0.402227127053044,2.42857142857143,-1.94801852195637,-1.16885896835257,-0.738319769864453,1.33333333333333,-2.12943895880644,-1.67900286447524,-0.851523657806985,2,-2.08839911380415,-1.4142525501993,-0.687560328193648,1.75,-0.00803737398882659,0.306084828725672,0.0742586811832034
"11",11,"male","Black","yr3","STEM","math01","Visual",4,0.703910415972623,0.492614389201437,0.364938419112726,1.5,-0.859606541080229,-0.80268512460863,-0.453160944143778,2.33333333333333,-2.88366886308507,-1.53488332486397,-1.87004352818225,5,5.14006484697988,3.24043328690884,1.54541374373052,1.33333333333333,-3.15124315089507,-1.90013411563118,-1.44217099387396,2.57142857142857,-1.48633638654616,-0.879347193505898,-0.516828891559823,2.14285714285714,-3.56991788001994,-1.83236174300432,-1.18731965700142,2.71428571428571,-1.79342848192039,-1.1022938512223,-0.55879284351764,2.28571428571429,-1.19496023802063,-0.441270171200042,-0.44188342609899,3.14285714285714,-0.688691442512131,-0.354867112996486,-0.362261520188716,3,-0.719545905996964,-0.493207339357373,-0.258804843751769,3,1.15519156821226,0.691495715051936,0.48382173281679,2,-2.08839911380415,-1.4142525501993,-0.687560328193648,1.25,-1.19656548524939,-0.649263470838488,-0.297418822153198
"12",12,"male","white","yr5+","STEM","math03","Visual",4,0.74354859597434,0.830107313774762,0.463439678814223,1.75,-0.472685978024866,-0.443540143265327,-0.229661454585559,4,-0.270134697016774,-0.777530568761602,-1.57820137414511,5,5.14006484697988,3.24043328690884,1.54541374373052,2.5,-0.862221577585591,-0.518112543900024,-0.401496019157316,3.42857142857143,0.440953664285083,0.174571096344355,0.192340968928555,4.57142857142857,2.26488338782666,1.46599141924767,0.723843388797153,3,-1.08477454937602,-1.05099854117186,-0.363869722534388,1.57142857142857,-2.88469996322646,-1.56327230597796,-1.02556334222897,3.57142857142857,0.342884360577544,0.342059721353467,0.105215451898245,3.71428571428571,0.900791224470718,0.526320313838759,0.31845659326256,2,-0.831501585872319,-0.591434741262175,-0.348936508282686,3,-0.0487548449240131,-0.0622943890997189,-0.00699482262527438,1.5,-0.615489865650935,-0.249139968624752,-0.102519001214931
"13",13,"female","white","yr2","Health","stats","Auditory",3,-0.728404350498393,-0.677525775767043,-0.400463601843142,3.5,2.59609561373107,2.04097328743336,1.22464161510373,3.33333333333333,1.49749987277741,1.03766649323871,1.25907963511049,3.5,0.757101713764344,0.425888611178795,0.275828908638423,2.66666666666667,-0.473041508466277,-0.465479423627018,-0.205896064542063,3.85714285714286,1.32212462383506,0.706791494537571,0.52600804527225,4.28571428571429,1.49398442500022,0.947932548084744,0.48723061414336,2.71428571428571,-1.98909547470534,-1.23858555802548,-0.737221701021903,3.28571428571429,0.694885905607461,0.31855727522129,0.23328864453096,2.57142857142857,-1.85665488002123,-1.17348858426538,-0.786789367846098,3.57142857142857,0.581882319947597,0.296628296712721,0.149322162611065,2.66666666666667,0.462224900371202,0.286039990001859,0.153701857065764,4,1.99088942395612,1.28966377199986,0.673570682943099,1,-1.67193309805374,-0.844137146503784,-0.357745495736532
"14",14,"female","white","yr5+","STEM","other","Kinesthetic",4,0.726844657074171,0.567189852853173,0.419840539947484,1.5,-0.971866214169485,-0.592004443395141,-0.396268133256092,3.33333333333333,1.49749987277741,1.03766649323871,1.25907963511049,2.3,-2.73326656799652,-2.09555233106641,-0.892074509085242,2,-1.70229245334824,-1.34012970136639,-0.760167405102661,2.57142857142857,-1.31728986588092,-0.8284362680605,-0.444683743373784,3.14285714285714,-1.0538935214826,-0.482607089584757,-0.342568004534757,3.57142857142857,0.408361879217908,0.259687366498197,0.228538777746406,2.57142857142857,-0.758714756751334,-0.32931405293828,-0.506972506901066,4,1.63934116499035,0.920532720075314,0.763021896214473,2.57142857142857,-1.63664470818726,-1.20865338529786,-0.845246759237896,1.66666666666667,-1.52867914040397,-1.20698385826128,-0.679005168209562,4,1.99088942395612,1.28966377199986,0.673570682943099,1.5,-0.721197872445042,-0.454389795173192,-0.237092148569864
"15",15,"male","white","yr1","STEM","math04","Visual",3,-0.728404350498393,-0.677525775767043,-0.400463601843142,2,-0.0615050636673842,-0.180507701210964,-0.017154141823137,4,1.60902514716809,0.750332742891604,1.15371501731874,3.2,-0.133297217609826,0.0238043130845201,-0.123047590383223,3.33333333333333,0.739066361189706,0.497347262539024,0.335114397652765,4,1.58333247703616,1.00964282120839,0.538028958097297,4,0.960026839100827,0.579823972578804,0.318750104378876,4.14285714285714,1.73800080508595,1.27763677352282,0.612278556586324,3.14285714285714,0.43443606555984,0.20982972434059,0.121650890731924,4.14285714285714,1.88999576429542,0.969116897057343,0.805406965896749,3.42857142857143,0.260215387931455,0.164597224564033,0.157617230554362,4,3.15030649567803,2.3946129552641,1.31647754226797,4,1.99088942395612,1.28966377199986,0.673570682943099,2.25,0.908328095424066,0.0137055407937179,0.0359291949246917
"16",16,"female","white","yr1","Other","math02","Kinesthetic",4.66666666666667,1.67615318842146,1.25964414252496,0.915575507629149,3.25,2.10559184636806,1.45168377656102,1.02003124784112,2.33333333333333,-2.88366886308507,-1.53488332486397,-1.87004352818225,4.2,2.66376260070172,1.65194383867584,0.709929120609589,1.66666666666667,-2.39888904859744,-1.61971310382872,-1.08723063613379,2.42857142857143,-1.7596470233183,-1.17089188921943,-0.591815239100854,3.28571428571429,-0.829120745080424,-0.556257729001162,-0.296174774731557,4.14285714285714,1.59902246087388,1.13984683496406,0.519912682086852,2.42857142857143,-0.937326936967164,-0.226778781758279,-0.338139289069739,3.14285714285714,-0.582536038157862,-0.456134176347612,-0.277987483181809,3.71428571428571,0.842802773706183,0.569631562388032,0.319879868529788,1,-2.82240562664749,-2.08445858952531,-1.18164353355801,3.33333333333333,0.616731817510375,0.343574836846872,0.203189205202321,1,-1.67193309805374,-0.844137146503784,-0.357745495736532
"17",17,"female","white","yr1","Other","math01","Auditory",3.33333333333333,-0.239167813173285,-0.388181897740207,-0.11949356660092,1,-1.79422804288445,-1.11806932750387,-0.821282758780936,3,1.90678425491513,1.41858519379344,1.04152711160124,3,-0.696168605977766,-0.314361307404878,-0.255894690265229,5,3.98859198390332,2.58540564800849,1.81924269522743,5,3.92602569497344,2.35757411541285,1.45039537239774,5,3.31150917686338,1.92132264130113,1.09454554129571,5,3.74144114399981,2.28283476961181,1.26187175459162,3,0.193256545329035,0.132147891150883,0.0631382206629184,5,3.63024410131203,2.35278064546,1.38533618864896,5,3.73794706238797,2.23668202166913,1.38459868253754,4,3.15030649567803,2.3946129552641,1.31647754226797,4,1.99088942395612,1.28966377199986,0.673570682943099,1.75,-0.245830259640692,-0.259516119507896,-0.17676547498653
"18",18,"female","Black","yr2","Health","stats","Kinesthetic",3.33333333333333,-0.245398115374665,-0.199839900470353,-0.13079654856894,2.25,0.365076925890742,0.341765814541327,0.202396874985178,4.33333333333333,0.269646726364252,-0.105089608425478,1.91173720563825,3.5,0.864997763559984,0.497748616318608,0.33291993374529,4,2.04219916272112,1.3522340736904,0.930021156470777,3.85714285714286,1.27673084950595,0.819989751366021,0.443619131712715,3.85714285714286,0.537454729545996,0.311619446047492,0.168370595120801,3.85714285714286,0.882271666122142,0.603713465305668,0.279882068672576,3.71428571428571,1.79885811518524,0.937922450487907,0.61313117112547,3.57142857142857,0.30708879926884,0.155334064387718,0.0772304386006364,3.85714285714286,1.2129579459233,0.783449144531845,0.452030323320542,2.33333333333333,-0.184638342750558,-0.152697375630158,-0.0976173256084611,3.66666666666667,1.31136976317891,0.618766956806137,0.480429640987929,3,2.81401314720692,1.99304113631967,0.807510013996818
"19",19,"male","Asian","yr1","Other","math02","Visual",5,2.14245548464502,1.47441255690006,1.14164342203661,1.75,-0.496946329326985,-0.347427603976387,-0.218669277789762,3.33333333333333,0.557919950684978,0.273734837412108,-0.106878560621431,1.7,-4.42637085672205,-2.69049741134327,-1.3433757963024,2.33333333333333,-1.20480085577623,-0.68209782738502,-0.547272174690322,2.71428571428571,-1.30629533960469,-0.770048211648697,-0.526079699242261,3.71428571428571,0.265129734191956,-0.2062296490463,0.155040943089175,3,-1.10640003678197,-0.678779559681147,-0.316375336336757,2.14285714285714,-1.48380220010754,-1.03561584398199,-0.338285630615503,1.85714285714286,-3.549329523028,-2.2201139691807,-1.33366238825696,2.14285714285714,-2.60322321182649,-1.40614306351892,-0.929323753176486,1.66666666666667,-1.47836482899408,-1.03017210689419,-0.600255690956911,3,-0.0638731298153453,0.33341030613474,-0.0910942164557125,1,-1.67193309805374,-0.844137146503784,-0.357745495736532
"20",20,"female","white","yr3","Business","math03","Visual",4.33333333333333,1.2098508921979,1.04487572814986,0.689507593221686,1.75,-0.496946329326985,-0.347427603976387,-0.218669277789762,3.33333333333333,-0.381659971407452,-0.490196818414496,-1.47283675635336,2.8,-1.38622932393727,-0.894592761999994,-0.613241236381712,1.5,-2.77153337298195,-1.74867425276529,-1.26350886925109,2.57142857142857,-1.46376852598223,-0.984056921300521,-0.517170018878801,3,-1.50292226078673,-0.721660649512112,-0.530034943082623,3,-1.31835657272423,-0.850680910348426,-0.482144409570868,2.28571428571429,-1.26505442444114,-0.825542675856127,-0.415941211553569,2.71428571428571,-1.70381822734818,-0.945391428088833,-0.722492234602842,3.28571428571429,-0.0925604755153467,0.282955097237354,0.118385636130297,3,1.15940245490286,0.901589107000962,0.48377051699264,2.66666666666667,-0.714241507358401,-0.468163615046309,-0.21717885045287,2.75,2.27789890614311,0.960939526255142,0.606322645528437
"21",21,"male","white","yr2","Business","math03","Auditory",3,-0.711700411598224,-0.414608314845453,-0.356864462976403,1,-1.79422804288445,-1.11806932750387,-0.821282758780936,3.33333333333333,0.557919950684978,0.273734837412108,-0.106878560621431,4,2.34310574825122,1.40216038925309,0.734418903107918,2.33333333333333,-1.11236900929587,-0.863143577495323,-0.498601076256517,3.28571428571429,0.38259425050013,0.036560323780657,0.27434658628056,3.42857142857143,-0.364125153203366,-0.323589076223015,-0.0274836712123789,3.57142857142857,0.352343814932191,0.128955751010046,0.175226519268396,2.71428571428571,-0.449334818517239,-0.28294279250099,-0.205326715392158,3.42857142857143,0.303836089342749,-0.0665435929564287,0.24569369967382,2.28571428571429,-2.26459596997183,-1.59371041893078,-0.881263682319744,2.33333333333333,-0.142745804721866,-0.396072408161124,-0.0187654167075087,2,-2.08839911380415,-1.4142525501993,-0.687560328193648,1.25,-1.19656548524939,-0.649263470838488,-0.297418822153198
"22",22,"male","other","yr2","Health","stats","Auditory",4,0.726844657074171,0.567189852853173,0.419840539947484,1.75,-0.464894036764612,-0.271183807538533,-0.216155698687417,2.33333333333333,-1.95357482441896,-1.06037967410162,-2.41051319299251,3.7,1.5399615887368,0.740839619788138,0.521746850633195,3,0.136638639096994,0.0470392044860807,0.0671906763868289,2.85714285714286,-0.987879154889049,-0.435950217506574,-0.414658749615748,2.71428571428571,-2.15006843255794,-1.26479484520078,-0.72318753570124,2.85714285714286,-1.53337632818458,-1.0841582261476,-0.512875427642024,2,-2.10299443872639,-0.891844162552096,-0.889478963109366,2.71428571428571,-1.56257174232348,-1.01741784509982,-0.59591794085429,3,-0.651935522369642,-0.458425494400881,-0.241170773150596,3,1.15940245490286,0.901589107000962,0.48377051699264,2,-2.08839911380415,-1.4142525501993,-0.687560328193648,1.5,-0.721197872445042,-0.454389795173192,-0.237092148569864
"23",23,"male","white","yr5+","STEM","other","Visual",2,-2.17317972137217,-1.47098194619581,-1.18847158673505,1.25,-1.38304712852697,-0.855036885449504,-0.608775446018514,4,1.60902514716809,0.750332742891604,1.15371501731874,3.6,1.19104970819344,0.685119161188545,0.426882961477494,1.33333333333333,-3.15371928117469,-1.96899588609714,-1.44332867986053,3.57142857142857,0.799979902552495,0.480596617408585,0.337181102556125,2.57142857142857,-2.53189708647615,-1.24615449975724,-0.848926893145889,3,-1.14085958268121,-0.840001301594559,-0.371491960209573,2.85714285714286,-0.116323412956431,0.0847260569580212,-0.19185119045547,2.71428571428571,-1.59591441163055,-1.01633873840959,-0.674633679356962,1.57142857142857,-3.85948907977702,-2.16237168613034,-1.35478627508154,3,1.15940245490286,0.901589107000962,0.48377051699264,3.33333333333333,0.616731817510375,0.343574836846872,0.203189205202321,1.75,-0.144118694912662,-0.317778965022385,-0.130744813614253
"24",24,"female","white","yr3","STEM","stats","Kinesthetic",4,0.687206477072454,0.229696928279847,0.321339280245987,1.5,-0.932204787666722,-0.428875908986152,-0.400216606005996,4,0.678931108501971,0.275829092129251,1.694184682129,4.1,2.49337288200101,1.53080518020226,0.701281054176713,2.33333333333333,-1.14444830058583,-0.743165188088145,-0.517817112519254,3,-0.600233664272189,-0.240287739715611,-0.238677025949163,3.14285714285714,-1.16688241480698,-0.746479022663707,-0.388946095061824,3.14285714285714,-0.779227309083082,-0.616050297225153,-0.253026742031117,3.14285714285714,0.485081929984939,0.3904337659138,0.141998033595221,2.85714285714286,-1.23341136098985,-0.756504076522484,-0.468411135002873,3.28571428571429,-0.0720853969502269,0.0824500332902638,0.00523165724432381,2.66666666666667,0.508328325090495,0.252758349419919,0.232502550142566,3.33333333333333,0.601613532619042,0.73927953208133,0.119089811371883,1.25,-1.19656548524939,-0.649263470838488,-0.297418822153198
"25",25,"female","white","yr1","Health","stats","Auditory",1,-3.61172479004456,-2.45278011389444,-1.96517658965893,1.5,-0.932204787666722,-0.428875908986152,-0.400216606005996,3.66666666666667,1.08821549063969,0.656747792683981,1.47663215861975,3.3,0.183172931386765,0.12942813968597,0.134875452761709,4,2.04219916272112,1.3522340736904,0.930021156470777,4,1.63407371542722,1.02491321206767,0.585424469232283,4,0.90343254616492,0.49231116248744,0.30641406295181,4,1.27311160476219,0.803739556066415,0.425235390964391,3.71428571428571,1.92037179675767,0.962935286986497,0.757735040721225,4,1.31890860635435,0.90116551605563,0.48437333144762,4,1.52262995429359,0.956186066847349,0.585066803663237,2.33333333333333,-0.184638342750558,-0.152697375630158,-0.0976173256084611,3,-0.0487548449240131,-0.0622943890997189,-0.00699482262527438,2.25,1.17649429520566,0.997920456226903,0.357383698536949
"26",26,"male","white","yr2","Other","math02","Kinesthetic",5,2.14245548464502,1.47441255690006,1.14164342203661,2.75,1.33935985419773,0.820278551845553,0.566570216872433,2.33333333333333,-1.95357482441896,-1.06037967410162,-2.41051319299251,2.1,-3.32191706382609,-2.12114818007532,-1.03937282916122,3.83333333333333,1.73310080874472,1.08428549740285,0.794118479093539,4,1.63407371542722,1.02491321206767,0.585424469232283,4,0.90343254616492,0.49231116248744,0.30641406295181,4,1.27311160476219,0.803739556066415,0.425235390964391,3.14285714285714,0.731076444849015,0.222248610531106,0.36741799195924,4,1.31890860635435,0.90116551605563,0.48437333144762,4,1.52262995429359,0.956186066847349,0.585066803663237,4,3.15030649567803,2.3946129552641,1.31647754226797,4,1.99088942395612,1.28966377199986,0.673570682943099,3.25,3.42146563886903,2.5482659336701,0.984287696394952
"27",27,"female","white","yr2","STEM","other","Visual",3.66666666666667,0.220904180848895,0.0149285139047472,0.0952713658385237,1.75,-0.481362446806476,-0.00271493252279979,-0.191657765993478,3.66666666666667,1.08821549063969,0.656747792683981,1.47663215861975,2.1,-3.35602142932826,-2.10138718053718,-1.11061386071723,1.66666666666667,-2.47197660281379,-1.57208616087301,-1.13114776936599,2.57142857142857,-1.43865817387814,-0.951054130128441,-0.515669005086294,3.28571428571429,-0.803188555171763,-0.329066269616025,-0.303636898193716,3,-1.22608531200884,-0.946808003474052,-0.451692322800941,2.85714285714286,-0.113506873962274,-0.0210377816030415,-0.183957573685685,3.14285714285714,-0.548999542384069,-0.362646304708307,-0.203748525790443,2.42857142857143,-1.94045209969436,-1.20215747947633,-0.705039733891399,2,-0.835712472562919,-0.801528133211202,-0.348885292458535,2.33333333333333,-1.40887945302694,-0.743355735005575,-0.494419286238478,1,-1.67193309805374,-0.844137146503784,-0.357745495736532
"28",28,"male","white","yr3","STEM","other","Visual",4.33333333333333,1.17021271219618,0.707382803576537,0.591006333520189,2,-0.0140516959043659,0.154977168924818,-0.00759685867489887,2.66666666666667,-1.42327928446425,-0.677366718829742,-0.827002473751335,2.7,-1.63420592369925,-0.899024563766942,-0.556732768501167,1.83333333333333,-2.05222310488272,-1.5360549827677,-0.922461141152599,2.42857142857143,-1.7686590646482,-1.07925665635751,-0.650781320768873,2.57142857142857,-2.46997944638975,-1.61302507995121,-0.78585466126915,2.71428571428571,-1.94358329377638,-1.0730193649649,-0.689669237278361,2.71428571428571,-0.36923588277172,0.115928138721698,-0.117044328961933,3,-0.809740010774759,-0.519796150564093,-0.315904214279579,2.85714285714286,-1.00794207299462,-0.603033593806154,-0.382149704374026,1.66666666666667,-1.48257571568468,-1.24026549884322,-0.60020447513276,2.33333333333333,-1.40887945302694,-0.743355735005575,-0.494419286238478,1,-1.67193309805374,-0.844137146503784,-0.357745495736532
"29",29,"female","other","yr3","STEM","math01","Kinesthetic",5,2.14245548464502,1.47441255690006,1.14164342203661,4.25,3.9098457373304,2.54314613594511,1.80275716340097,3.66666666666667,-0.800430236971485,-1.16054352403348,-3.16171209338629,4.5,4.06334202330612,2.23337159917995,1.37682517207053,1.33333333333333,-3.16162851107306,-2.00422279032227,-1.4481081368183,1,-5.24178222321143,-2.97306949796786,-2.00948824026407,2.42857142857143,-3.08895089713492,-1.53458267077998,-1.1553661893883,1.28571428571429,-5.40525885202779,-3.09738240824638,-1.8556829732791,1,-4.17798314799999,-2.05659479008181,-1.50606043356177,1.14285714285714,-5.29141260995659,-3.21243501079365,-2.10832993646272,1.57142857142857,-3.88709437043935,-2.16887801112941,-1.35084445282974,1.33333333333333,-2.17133149683513,-1.43562783194427,-0.930375566707937,3,-0.0487548449240131,-0.0622943890997189,-0.00699482262527438,2.25,1.07478273047763,1.05618330174139,0.311363037164672
"30",30,"male","Asian","yr3","STEM","other","Visual",2.33333333333333,-1.68394318404706,-1.18163806816898,-0.907501551492826,1.25,-1.35117764328446,-0.864264686767308,-0.62622967466656,3.33333333333333,-0.381659971407452,-0.490196818414496,-1.47283675635336,3.6,1.25511528390657,0.674138094300976,0.474703644390873,2.16666666666667,-1.40896308523193,-1.157770219601,-0.628146361213963,3,-0.700023162518121,-0.436282907089366,-0.288497671708624,2.71428571428571,-2.15711360345523,-1.02545112172959,-0.725606198460381,3.28571428571429,-0.41059937874483,-0.504550658606841,-0.15599287975539,1.42857142857143,-3.26109224820537,-1.65559526051715,-1.21315951159933,4.14285714285714,1.96830771985725,1.08687951032312,0.895005483177197,2.42857142857143,-1.9619863926704,-1.32983301363066,-0.745111786607831,3,1.20129499293155,0.658214074469996,0.562622425893592,3.33333333333333,0.645883100744526,0.212897730859546,0.270245613160334,1,-1.67193309805374,-0.844137146503784,-0.357745495736532
"31",31,"female","white","yr2","Business","math03","Auditory",3.33333333333333,-0.245398115374665,-0.199839900470353,-0.13079654856894,1,-1.79422804288445,-1.11806932750387,-0.821282758780936,3.66666666666667,1.08821549063969,0.656747792683981,1.47663215861975,3.9,1.94841989463911,1.2761638838794,0.585757874385091,2,-1.78232469455451,-1.13994953142375,-0.814187401913688,2.14285714285714,-2.5024037568093,-1.52775968441155,-0.904410292242524,3.42857142857143,-0.426121115167149,-0.345083928196105,-0.127581932545307,2.14285714285714,-3.21668947078731,-1.82369316477548,-1.04937175552023,2.28571428571429,-1.36729778619676,-0.819509794663725,-0.507419997419292,2.71428571428571,-1.42943681783014,-1.11760086552503,-0.470403804210685,2.57142857142857,-1.62531314266701,-0.746827542992256,-0.500099100030046,2,-0.831501585872319,-0.591434741262175,-0.348936508282686,3.33333333333333,0.616731817510375,0.343574836846872,0.203189205202321,1,-1.67193309805374,-0.844137146503784,-0.357745495736532
"32",32,"male","other","yr2","STEM","stats","Kinesthetic",2.33333333333333,-1.68394318404706,-1.18163806816898,-0.907501551492826,1,-1.79422804288445,-1.11806932750387,-0.821282758780936,1.66666666666667,-1.13500606014352,-0.298542272992156,-2.84561824001102,4,2.14291869271684,1.52904298608085,0.611785687410681,3.33333333333333,0.802612331597803,0.358359835188034,0.37548995339283,4.71428571428571,3.39163014817317,1.95072102989353,1.30308793525714,4.85714285714286,2.94553136024446,1.74063092486118,0.956502073464702,3.85714285714286,0.969241171332571,0.412922145911998,0.310422555601756,3.85714285714286,2.17091811498274,0.894099485327112,0.915838238182099,4.42857142857143,2.31077859096896,1.60133460671196,0.835658926165934,4.85714285714286,3.42827505401769,2.06394509935363,1.25156220219484,2,-0.831501585872319,-0.591434741262175,-0.348936508282686,3.66666666666667,1.32540276152173,0.883794546053271,0.463386655115504,2.75,2.09285976461855,0.705541168294949,0.319054212278437
"33",33,"female","other","yr1","Business","math03","Visual",4,0.710140718174002,0.304272391931583,0.376241401080745,1.75,-0.560685299812004,-0.328972001340778,-0.18376082049367,2.66666666666667,0.455880559720614,0.850496592823465,1.90491391771252,3.3,0.513264663763853,-0.0299302227172874,0.447636822760465,3.66666666666667,1.36208883827009,1.01145792863643,0.616602366510611,2.57142857142857,-1.49588707238699,-0.996884489599669,-0.536016604761811,3.85714285714286,0.678819812190667,0.153065775085325,0.232464887805377,3.57142857142857,0.309023125437954,0.144064383467651,0.094429202785525,2.71428571428571,-0.369701203504634,-0.32920708414912,-0.150601739394755,3,-0.71960006398193,-0.658411825485767,-0.132562394711837,3.85714285714286,1.17503876987623,0.566937085549001,0.450629930317493,1.66666666666667,-1.47836482899408,-1.03017210689419,-0.600255690956911,4,1.99088942395612,1.28966377199986,0.673570682943099,1,-1.67193309805374,-0.844137146503784,-0.357745495736532
"34",34,"female","white","yr1","STEM","math03","Visual",2.66666666666667,-1.17800270782178,-0.629376729220553,-0.582932377383866,2,-0.0296355784248751,-0.189735502528769,-0.0346083704711827,3.66666666666667,2.02779541273212,1.42067944851058,2.84259035435167,3.8,1.64522994038257,0.945645200926726,0.485352449186544,3.66666666666667,1.39809536670059,0.961221120227899,0.633310811079941,3,-0.598097267879944,-0.390761258857332,-0.215421112743656,3.57142857142857,-0.0939221352580163,0.0643173547256956,-0.0696907326620765,3.85714285714286,0.931361042687211,0.505167591479454,0.308935662250491,1.85714285714286,-2.33120205791298,-1.17313839755507,-0.897554813030214,4.42857142857143,2.4285744493055,1.54438598693542,0.95776488132998,4,1.53478486167985,0.785535409251187,0.521404468376488,3.66666666666667,2.49923236586567,1.74578219768306,1.06520957541789,3.33333333333333,0.630764815853194,0.608602426094005,0.186146219329896,1.5,-0.619486307717012,-0.512652640687681,-0.191071487197587
"35",35,"female","white","yr3","Other","stats","Kinesthetic",2.66666666666667,-1.22387119002488,-0.778527656524024,-0.692736619053382,1.5,-0.939996728926976,-0.601232244712945,-0.413722361904138,2.66666666666667,-2.36285920655668,-1.44129837465635,-2.19296066948326,2.6,-1.63697509617009,-1.02590867307607,-0.287813314720319,3,0.225805777757598,-0.246273705964519,0.118337533751886,5,3.92602569497344,2.35757411541285,1.45039537239774,5,3.31150917686338,1.92132264130113,1.09454554129571,5,3.74144114399981,2.28283476961181,1.26187175459162,4.85714285714286,4.24599986978227,2.27658881458303,1.51856061210155,4.42857142857143,2.35243062876465,1.60159941745872,0.932400044640137,5,3.73794706238797,2.23668202166913,1.38459868253754,3,1.15940245490286,0.901589107000962,0.48377051699264,2.66666666666667,-0.743392790592552,-0.337486509058984,-0.284235258410882,1.25,-1.19656548524939,-0.649263470838488,-0.297418822153198
"36",36,"female","white","yr5+","STEM","other","Kinesthetic",3,-0.728404350498393,-0.677525775767043,-0.400463601843142,1.25,-1.32691729198234,-0.960377226056248,-0.637221851462357,4.33333333333333,1.19974076503037,0.369414042336875,1.37126754082799,3,-0.808368917157988,-0.171736874725876,-0.471390864234887,4,2.15739415598814,1.08908890504344,0.998354032398934,4.14285714285714,2.04386890860379,1.33956039841399,0.735423842381348,3.85714285714286,0.595847211382846,0.483069363764976,0.220067446544709,4.57142857142857,2.72891677802582,1.84072204940696,0.952135798245729,3.85714285714286,2.22412440402644,1.16711102254876,0.850106270195514,4.57142857142857,2.69126113701682,1.70504289984435,1.05047031092467,4.14285714285714,1.85127675384597,1.0873649468268,0.736002575484745,3.66666666666667,2.45733982783698,1.98915723021402,0.986357666516939,3.33333333333333,0.630764815853194,0.608602426094005,0.186146219329896,1.75,-0.0424071301846323,-0.376041810536874,-0.0847241522419766
"37",37,"female","white","yr1","STEM","math02","Kinesthetic",3.33333333333333,-0.222463874273117,-0.125264436818617,-0.0758944277341815,1.75,-0.504555463267375,-0.434312341947522,-0.212207225937513,3.33333333333333,-0.381659971407452,-0.490196818414496,-1.47283675635336,2.8,-1.24322505770165,-0.688105519150044,-0.373897994960338,4,2.15201053030604,1.10758848521235,1.00040954185473,3.71428571428571,1.09541252536625,0.897774747254669,0.428421371193128,4.85714285714286,2.97374750713682,1.73110134763859,1.00177422096544,4,1.29653561000354,0.709370421021229,0.470543074082369,2.28571428571429,-1.31781703518249,-0.992211927414803,-0.482406118087734,4.14285714285714,1.79743101473458,0.996829806729436,0.760956592130428,3.85714285714286,1.16804112751901,0.742919236646418,0.475380857209044,3.33333333333333,1.80626569802462,1.34032647263298,0.735089699666865,3.33333333333333,0.659916099087344,0.47792532010668,0.253202627287908,1.75,-0.144118694912662,-0.317778965022385,-0.130744813614253
"38",38,"female","Asian","yr1","STEM","stats","Auditory",4.33333333333333,1.19314695329773,0.781958267228272,0.645908454354947,2,-0.0296355784248751,-0.189735502528769,-0.0346083704711827,4,-0.260648813590459,-0.488102563697352,0.328226486397073,3.7,1.5468225957332,0.866069092951245,0.530964414728871,3,0.0801638471104944,0.192983432259774,0.0295507420953665,1.71428571428571,-3.48082172306505,-2.11826273101181,-1.28605587323419,2.85714285714286,-1.89879937628695,-1.04354673729884,-0.633856938937951,3,-1.19521793447544,-0.675355657478984,-0.411400972662834,2,-2.09635113420036,-0.714859257113917,-0.811641149020239,2.85714285714286,-1.23341136098985,-0.756504076522484,-0.468411135002873,2.85714285714286,-0.991820504334308,-0.33214421562271,-0.242854615777332,3,1.15940245490286,0.901589107000962,0.48377051699264,3.33333333333333,0.645883100744526,0.212897730859546,0.270245613160334,2,0.573038245609629,0.706208330939408,0.269158502121471
"39",39,"female","white","yr1","Other","math02","Kinesthetic",3.33333333333333,-0.222463874273117,-0.125264436818617,-0.0758944277341815,2,-0.00644256196397569,0.241861906895954,-0.0140589105271473,3,-0.902469627935849,-0.583781768622119,-1.14991961505235,3,-0.696168605977766,-0.314361307404878,-0.255894690265229,2,-1.75726138285654,-1.29756192083217,-0.791677976729527,3,-0.657878264118997,-0.307747691277502,-0.279546433933169,3.85714285714286,0.585243356079917,0.35912059455115,0.195429409693368,2.85714285714286,-1.55512352656261,-0.945658257310121,-0.562152965619365,3,0.193256545329035,0.132147891150883,0.0631382206629184,2.71428571428571,-1.57068330285485,-1.04557444851404,-0.596978097959238,3.42857142857143,0.28640295474338,0.239762280358761,0.122382423533324,1.66666666666667,-1.48257571568468,-1.24026549884322,-0.60020447513276,4,1.99088942395612,1.28966377199986,0.673570682943099,1,-1.67193309805374,-0.844137146503784,-0.357745495736532
"40",40,"male","white","yr1","STEM","math03","Kinesthetic",2,-2.16694941917079,-1.65932394346567,-1.17716860476703,1,-1.79422804288445,-1.11806932750387,-0.821282758780936,3.33333333333333,2.43707979486984,1.80159814906531,2.62503783084242,4,2.22194812050106,1.46303598975198,0.644759526732645,2,-1.78788428560493,-1.26582469259255,-0.810441930754655,2.85714285714286,-0.787252732329978,-0.581384252717717,-0.283888647080668,4.14285714285714,1.21629741073781,0.820151125031524,0.391988679876171,3.42857142857143,-0.141238365862092,-0.18447256111181,-0.0679797483468603,2.28571428571429,-1.28612678256634,-0.285071390842956,-0.40994525092437,3.42857142857143,0.25340196102498,0.0688298256588651,0.178543257474727,4.14285714285714,1.83081945010183,1.11274005184571,0.665174787714362,3,1.15940245490286,0.901589107000962,0.48377051699264,3.66666666666667,1.29625147828758,1.0144716520406,0.396330247157491,1.75,-0.144118694912662,-0.317778965022385,-0.130744813614253
"41",41,"male","white","yr1","STEM","math03","Visual",2,-2.18988366027234,-1.7338994071174,-1.23207072560179,1.75,-0.472685978024866,-0.443540143265327,-0.229661454585559,4,2.54860506926052,1.51426439871821,2.51967321305066,4.6,4.05664271590075,2.46201801934805,1.29257580309072,3.16666666666667,0.50843918711175,0.163272163126844,0.241073344051931,3.71428571428571,1.39474662537,0.540152611023228,0.653701182810776,4.42857142857143,1.91827737994023,1.17144274575266,0.614618749826496,4,1.36486818090618,0.5710684712149,0.484962475614283,3,0.37281675572964,0.0927349345693127,0.209880599245697,3.85714285714286,1.29023096118583,0.613956590486395,0.579657792234386,4.42857142857143,2.45432144336484,1.46702417963189,0.969093001230555,3,1.20129499293155,0.658214074469996,0.562622425893592,3.66666666666667,1.29625147828758,1.0144716520406,0.396330247157491,1.25,-1.19656548524939,-0.649263470838488,-0.297418822153198
"42",42,"male","white","yr1","STEM","math03","Visual",4.33333333333333,1.19314695329773,0.781958267228272,0.645908454354947,1.25,-1.32691729198234,-0.960377226056248,-0.637221851462357,4,-0.260648813590459,-0.488102563697352,0.328226486397073,4.6,3.8522397381674,2.6637461070481,1.07718931891699,3,0.186655308046041,-0.133252116980045,0.0963858760405476,2.85714285714286,-0.692810698146008,-0.513857733031695,-0.199074598896659,3.42857142857143,-0.50768857841086,-0.16387551021791,-0.234793015065653,3.14285714285714,-0.801506286404347,-0.362847894302131,-0.25565618124438,2.42857142857143,-1.20343511461094,-0.70844788608485,-0.504170920067342,3.85714285714286,1.13100498075396,0.842109376252108,0.444494658081185,1.85714285714286,-3.23485406101996,-2.16330253757861,-1.3488624941461,1.66666666666667,-1.47836482899408,-1.03017210689419,-0.600255690956911,3.33333333333333,0.645883100744526,0.212897730859546,0.270245613160334,1,-1.67193309805374,-0.844137146503784,-0.357745495736532
"43",43,"female","white","yr1","STEM","math02","Visual",4.33333333333333,1.19314695329773,0.781958267228272,0.645908454354947,3.25,2.16172168291269,1.34634343595428,0.991584842397277,2.33333333333333,-1.95357482441896,-1.06037967410162,-2.41051319299251,3.1,-0.340622469278557,-0.41485278033019,-0.138202941657457,1.33333333333333,-3.15371928117469,-1.96899588609714,-1.44332867986053,2.28571428571429,-2.3924607411531,-1.05007919878955,-1.01896479937103,3.57142857142857,-0.0833569517129674,0.123950405694762,-0.076228787596626,3.28571428571429,-0.544325842099582,-0.457193941643535,-0.220130234495404,1.28571428571429,-3.48822779950706,-1.80132202292205,-1.21204300145549,2.85714285714286,-1.09196706800789,-0.855343179510699,-0.324871618387737,3,-0.660190904836869,-0.343729419937153,-0.170043618029039,1.33333333333333,-2.17554238352573,-1.6457212238933,-0.930324350883787,3.33333333333333,0.616731817510375,0.343574836846872,0.203189205202321,1.25,-1.19656548524939,-0.649263470838488,-0.297418822153198
"44",44,"female","white","yr3","Other","other","Visual",3.33333333333333,-0.245398115374665,-0.199839900470353,-0.13079654856894,1,-1.79422804288445,-1.11806932750387,-0.821282758780936,3,1.90678425491513,1.41858519379344,1.04152711160124,2.8,-1.12822993867237,-0.870609292637367,-0.246011291388196,3.66666666666667,1.42400245476831,0.816336921115287,0.658215801716302,3.28571428571429,0.0328695599727544,-0.0456227552165834,0.00314012027400021,3.28571428571429,-0.820477077829616,-0.622818031950013,-0.232689294302641,3.57142857142857,0.34707483970303,0.195055521299407,0.164371100393051,2.85714285714286,-0.287588893247668,-0.157946093907581,-0.248195401711076,3.57142857142857,0.30708879926884,0.155334064387718,0.0772304386006364,3.42857142857143,0.23269565311846,0.281112812567558,0.0899048581531967,3,1.15940245490286,0.901589107000962,0.48377051699264,2.33333333333333,-1.40887945302694,-0.743355735005575,-0.494419286238478,1,-1.67193309805374,-0.844137146503784,-0.357745495736532
"45",45,"female","white","yr1","STEM","math02","Visual",4.66666666666667,1.65944924952129,0.996726681603372,0.87197636876241,2,-0.0461039884667395,0.0787333724869645,-0.0101104377772435,2.66666666666667,-0.493185245798131,-0.202863068067389,-1.3674721385616,3,-0.696168605977766,-0.314361307404878,-0.255894690265229,4,2.04219916272112,1.3522340736904,0.930021156470777,4,1.63407371542722,1.02491321206767,0.585424469232283,4,0.90343254616492,0.49231116248744,0.30641406295181,4,1.27311160476219,0.803739556066415,0.425235390964391,3.57142857142857,1.50340023802584,0.451661607478474,0.611158108978355,3.85714285714286,0.979884271635453,0.703155055340467,0.370779846274393,4,1.52262995429359,0.956186066847349,0.585066803663237,2,-0.831501585872319,-0.591434741262175,-0.348936508282686,2,-2.08839911380415,-1.4142525501993,-0.687560328193648,2,0.569041803543553,0.442695658876479,0.180606016138814
"46",46,"female","white","yr5+","STEM","other","Kinesthetic",2.33333333333333,-1.70687742514861,-1.25621353182071,-0.962403672327584,1,-1.79422804288445,-1.11806932750387,-0.821282758780936,3.66666666666667,2.0183095293058,1.13125144344633,0.936162493809483,4.2,2.90265574175335,1.65931571480134,0.971984458613302,3.66666666666667,1.50303149122129,0.753497304299474,0.688339301933538,5,3.92602569497344,2.35757411541285,1.45039537239774,5,3.31150917686338,1.92132264130113,1.09454554129571,5,3.74144114399981,2.28283476961181,1.26187175459162,3.71428571428571,1.49218559711752,0.625835402520094,0.280872512463982,5,3.63024410131203,2.35278064546,1.38533618864896,3.28571428571429,-0.025043474995988,-0.401549058869381,-0.358379881671153,3,1.15940245490286,0.901589107000962,0.48377051699264,3,-0.0487548449240131,-0.0622943890997189,-0.00699482262527438,1.75,-0.144118694912662,-0.317778965022385,-0.130744813614253
"47",47,"female","white","yr2","STEM","math04","Visual",2.66666666666667,-1.24057512892505,-1.04144511744561,-0.736335757920121,1,-1.79422804288445,-1.11806932750387,-0.821282758780936,3.66666666666667,2.0183095293058,1.13125144344633,0.936162493809483,4.6,3.88267566868055,2.56743626537285,1.07639610793294,2.66666666666667,-0.456604711604744,-0.511536880146745,-0.197928903898089,2.71428571428571,-1.0873666997424,-0.740477353948143,-0.405346384924718,4.28571428571429,1.59964721749377,0.845662763620808,0.516442671418814,4,1.3670596723409,0.751743296733084,0.451717622874954,2.42857142857143,-1.12245838400891,-0.228783258016808,-0.553527121676949,4,1.65996151745196,0.802400248310621,0.788228360963085,2.14285714285714,-2.56984668740894,-1.93968991144604,-1.15442165814172,4,3.15030649567803,2.3946129552641,1.31647754226797,3.33333333333333,0.601613532619042,0.73927953208133,0.119089811371883,1,-1.67193309805374,-0.844137146503784,-0.357745495736532
"48",48,"female","Asian","yr1","STEM","stats","Kinesthetic",2,-2.156475782472,-1.20806448527422,-1.14487244786831,2,-0.0461039884667395,0.0787333724869645,-0.0101104377772435,3.33333333333333,-0.381659971407452,-0.490196818414496,-1.47283675635336,4.4,3.73469726937896,1.99741216999179,1.23997622382796,2.16666666666667,-1.55478098124735,-0.862887822714418,-0.715243191167248,2,-2.94983024366521,-1.64040859462268,-1.14451733709862,2.42857142857143,-2.90135624398494,-1.66150727239269,-0.946837551497317,2.14285714285714,-3.29664622488578,-1.99659963694434,-1.11871669923626,3,0.255829632367,0.258641793523435,0.096996780068202,3,-1.03563351129566,-0.486467198796329,-0.481391943578198,2.28571428571429,-2.28740250504461,-1.19804592153152,-0.794300221629974,2.33333333333333,-0.184638342750558,-0.152697375630158,-0.0976173256084611,3.66666666666667,1.31136976317891,0.618766956806137,0.480429640987929,1.5,-0.619486307717012,-0.512652640687681,-0.191071487197587
"49",49,"female","white","yr2","Business","math03","Auditory",4,0.710140718174002,0.304272391931583,0.376241401080745,1.75,-0.496946329326985,-0.347427603976387,-0.218669277789762,4,-0.251162930164145,-0.198674558633102,2.23465434693926,2.9,-0.824904995615121,-0.731570645083092,-0.142710727661815,2.5,-0.846342637278589,-0.56745690672856,-0.381790734954173,3.57142857142857,0.81166698478557,0.447660394360635,0.379624728963621,3.85714285714286,0.530370886890819,0.486647451273926,0.13477584057577,3,-1.21747981742487,-0.673399680367393,-0.43140351276021,3.14285714285714,0.423553521378323,0.114437600928634,0.145064877796109,3,-1.1257556395634,-0.544833571253068,-0.537626881286012,4.42857142857143,2.4564929161321,1.40180955360907,0.917614306427514,1.33333333333333,-2.17133149683513,-1.43562783194427,-0.930375566707937,2,-2.08839911380415,-1.4142525501993,-0.687560328193648,2,0.595418675607206,0.597796954013167,0.162483877598681
"50",50,"female","Black","yr5+","STEM","other","Kinesthetic",2,-2.17317972137217,-1.47098194619581,-1.18847158673505,1.5,-0.859606541080229,-0.80268512460863,-0.453160944143778,4,0.678931108501971,0.275829092129251,1.694184682129,4,2.22194812050106,1.46303598975198,0.644759526732645,3,0.136638639096994,0.0470392044860807,0.0671906763868289,3.71428571428571,1.09967816862695,0.618060126548349,0.438117032091688,4.14285714285714,1.21453789359475,0.800529735650164,0.38380396166522,4.14285714285714,1.65989456511263,0.886969829928903,0.55672151748275,3.85714285714286,1.99182897233804,1.32492446278234,0.609165941537095,3.57142857142857,0.409739417915303,0.236186823589382,0.191451431173818,4,1.52262995429359,0.956186066847349,0.585066803663237,2.33333333333333,-0.180427456059958,0.0573960163188686,-0.0976685414326116,3.33333333333333,0.630764815853194,0.608602426094005,0.186146219329896,1.5,-0.619486307717012,-0.512652640687681,-0.191071487197587
"51",51,"male","white","yr1","STEM","math03","Kinesthetic",4.66666666666667,1.67615318842146,1.25964414252496,0.915575507629149,2.75,1.32395877899708,0.561037478147624,0.559526512826539,2.33333333333333,-1.94408894099264,-0.770951669037365,-0.504085332450325,3.9,1.83990861925449,1.18953498245166,0.436079589756392,1.66666666666667,-2.42486742926722,-1.66501613170427,-1.0987393742699,1.42857142857143,-4.18060930500479,-2.28210370863362,-1.58547223749589,3.14285714285714,-1.11913148166932,-0.50355959672727,-0.41838952639074,1.42857142857143,-5.11408367174755,-3.25753313465429,-1.76408232469605,1.85714285714286,-2.58526257796442,-1.2061092041454,-1.09166716756026,2.14285714285714,-2.89014881319791,-1.79702048726208,-1.14665536044226,2,-2.91537936890878,-2.00423708429689,-1.21238916111105,2,-0.831501585872319,-0.591434741262175,-0.348936508282686,3,-0.0336365600326808,-0.457999084334178,0.0771045712051638,1,-1.67193309805374,-0.844137146503784,-0.357745495736532
"52",52,"male","Black","yr2","Health","stats","Kinesthetic",1.66666666666667,-2.63325171539435,-1.87409235784077,-1.40323651917449,1.25,-1.38304712852697,-0.855036885449504,-0.608775446018514,3.66666666666667,1.08821549063969,0.656747792683981,1.47663215861975,5,5.14006484697988,3.24043328690884,1.54541374373052,1,-3.79697930082548,-2.34728064926384,-1.73764345979917,1.71428571428571,-3.48381008912752,-2.02563208805134,-1.27130296593073,2.28571428571429,-3.23387705567857,-1.59744612047837,-1.07155696309621,3.28571428571429,-0.359833195316438,-0.55896569864076,-0.130909141036839,2.71428571428571,-0.367929342941825,-0.285468660097569,-0.179633526231141,2.28571428571429,-2.51797563563868,-1.69465611156668,-0.949869355655053,2,-2.91668113059271,-2.11218458415358,-1.28093815057868,1.33333333333333,-2.12943895880644,-1.67900286447524,-0.851523657806985,4,1.99088942395612,1.28966377199986,0.673570682943099,1,-1.67193309805374,-0.844137146503784,-0.357745495736532
"53",53,"female","white","yr2","Other","math01","Kinesthetic",4,0.703910415972623,0.492614389201437,0.364938419112726,2,-0.0218436371646205,-0.0173791668019752,-0.0211026145730408,2.66666666666667,0.446394676294299,0.561068587759215,-0.0015139428296729,3.5,0.798124460741336,0.672520250258973,0.279911895078623,2.83333333333333,-0.241438784906254,-0.0482870782096624,-0.112709327701664,2,-2.87369042678447,-1.74788696784835,-1.04966650069707,2,-3.86665293408327,-2.27351631777289,-1.21979870558849,3,-1.22209530273872,-0.488283331510335,-0.392135106224661,2.14285714285714,-1.63198686589986,-0.846644563518202,-0.517805950065015,2.14285714285714,-2.98007711499891,-1.76081988138928,-1.20736707926138,3.14285714285714,-0.38536736907588,0.00540622290344818,-0.0143294068892701,2.33333333333333,-0.184638342750558,-0.152697375630158,-0.0976173256084611,1.66666666666667,-2.78303705947268,-1.68944467015856,-0.964800763979256,1.25,-1.19656548524939,-0.649263470838488,-0.297418822153198
"54",54,"female","white","yr2","STEM","stats","Auditory",2.66666666666667,-1.22387119002488,-0.778527656524024,-0.692736619053382,1.5,-0.876074951122094,-0.534216249592896,-0.428663011449839,4.33333333333333,1.19974076503037,0.369414042336875,1.37126754082799,2.6,-1.89531733963699,-1.05559746341688,-0.655833422293366,4.83333333333333,3.66300735912874,2.37864981431257,1.66969557677923,4.85714285714286,3.68569272380007,2.1154674466026,1.3930629557432,5,3.31150917686338,1.92132264130113,1.09454554129571,5,3.74144114399981,2.28283476961181,1.26187175459162,3.14285714285714,0.766734889416106,0.457434917958639,0.451900595640998,5,3.63024410131203,2.35278064546,1.38533618864896,4.71428571428571,3.10687143641226,1.74986117385001,1.08189052182806,3,1.15940245490286,0.901589107000962,0.48377051699264,3.33333333333333,0.616731817510375,0.343574836846872,0.203189205202321,3.5,3.86246349547757,2.06101297007285,0.885631536553106
"55",55,"female","white","yr1","STEM","math02","Kinesthetic",3.33333333333333,-0.222463874273117,-0.125264436818617,-0.0758944277341815,2.75,1.30855770379644,0.301796404449696,0.552482808780646,3,-0.902469627935849,-0.583781768622119,-1.14991961505235,3.5,0.842197042161791,0.479331512401625,0.300733724989974,1.33333333333333,-3.10038270557628,-2.0676972468015,-1.41058022876804,1,-5.24178222321143,-2.97306949796786,-2.00948824026407,4.28571428571429,1.61921969713532,0.902693489347062,0.49822933849064,3.14285714285714,-0.705814442942835,-0.712442174908625,-0.278833824996005,1.71428571428571,-2.53691740660508,-1.07040769906998,-1.01841582752199,2.85714285714286,-1.01171916383396,-1.00795754497659,-0.215777198738163,2,-2.93007301095127,-1.96463975830131,-1.26418929323722,1,-2.82240562664749,-2.08445858952531,-1.18164353355801,4,1.99088942395612,1.28966377199986,0.673570682943099,1.25,-1.06448060639163,-0.28891234915336,-0.180967813338398
"56",56,"male","white","yr1","STEM","other","Visual",1.66666666666667,-2.67912019759744,-2.02324328514424,-1.51304076084401,1.25,-1.3433857020242,-0.691908351040515,-0.612723918768418,4,2.54860506926052,1.51426439871821,2.51967321305066,3.8,1.82035082159515,1.05294119882383,0.589966067076426,2.83333333333333,-0.137296962818659,-0.28387437050581,-0.0543991218732787,3.28571428571429,0.0511717772759772,0.129382137695113,-0.00689666794353718,3,-1.44456942906939,-0.874260445716927,-0.484188029329013,4,1.33612532578803,0.822019805803473,0.457116293539671,2.28571428571429,-1.38201415835024,-0.374566081691311,-0.556558074272539,3.42857142857143,0.0838962850407567,0.0938499642212866,-0.0219137143740276,4.14285714285714,1.84080288472083,1.00730402027237,0.652991147230653,2.66666666666667,0.508328325090495,0.252758349419919,0.232502550142566,2.66666666666667,-0.700208509015583,-0.203136025799176,-0.234221836325296,1.25,-1.09485392052136,-0.707526316352977,-0.251398160780922
"57",57,"female","other","yr3","Other","math01","Visual",3.66666666666667,0.237608119749063,0.277845974826337,0.138870504705263,4,3.55479465951755,2.174773353284,1.5618034451947,3,-1.84204955002828,-1.34771342444872,-2.51587781078427,2.9,-0.980754225849348,-0.459528264280888,-0.323002698607492,3,0.0958063415389203,0.119062499372324,0.0407996177141286,3,-0.657878264118997,-0.307747691277502,-0.279546433933169,3,-1.50464408453354,-0.936700316326251,-0.481717415392091,3,-1.19521793447544,-0.675355657478984,-0.411400972662834,3,0.193256545329035,0.132147891150883,0.0631382206629184,3,-0.99242688860333,-0.550449613348739,-0.416589525753715,3,-0.692687153800795,-0.324309887974433,-0.214465075211061,2,-0.831501585872319,-0.591434741262175,-0.348936508282686,2.66666666666667,-0.75742578893537,-0.602514098306118,-0.267192272538456,2,0.569041803543553,0.442695658876479,0.180606016138814
"58",58,"female","white","yr3","STEM","math04","Visual",4,0.726844657074171,0.567189852853173,0.419840539947484,1.5,-0.932204787666722,-0.428875908986152,-0.400216606005996,3,0.967204332822696,0.654653537966838,-0.324431084130683,4.4,3.52650081424511,2.01740989452114,1.0808852337275,2.33333333333333,-1.1406970288136,-0.817798348427202,-0.518634742509425,3.71428571428571,1.10266653468943,0.525429483587878,0.423364124788222,4.28571428571429,1.69022295519561,0.92158601607734,0.586652321829943,3.71428571428571,0.571644130591596,0.126855149236099,0.209265572666108,2.42857142857143,-0.854032124580424,-0.529359748335657,-0.19193891230586,3.28571428571429,-0.0470265073156738,-0.282059811268953,0.0773030734768702,2.85714285714286,-1.01736548015832,-0.948021208779652,-0.600809310074839,2.66666666666667,0.466435787061802,0.496133381950885,0.153650641241613,4,1.99088942395612,1.28966377199986,0.673570682943099,1.75,-0.144118694912662,-0.317778965022385,-0.130744813614253
"59",59,"female","white","yr2","STEM","other","Kinesthetic",1.66666666666667,-2.63948201759573,-1.68575036057091,-1.41453950114251,1,-1.79422804288445,-1.11806932750387,-0.821282758780936,3.33333333333333,0.557919950684978,0.273734837412108,-0.106878560621431,5,5.14006484697988,3.24043328690884,1.54541374373052,2.66666666666667,-0.501188280935046,-0.364880424921445,-0.223502332580617,2.42857142857143,-1.72666935771953,-1.12145386231615,-0.57416130821436,2.42857142857143,-2.9228490517645,-1.41785898380517,-1.05651924795458,3.28571428571429,-0.403670691024182,-0.275273169292477,-0.131734214855295,2.57142857142857,-0.843052932152333,-0.646592202134745,-0.494003092177979,4.14285714285714,1.94855172385308,1.13578412764108,0.834671403937219,3.28571428571429,-0.0766178458123341,-0.288463438645024,-0.165064669022667,1.66666666666667,-1.48257571568468,-1.24026549884322,-0.60020447513276,3.33333333333333,0.616731817510375,0.343574836846872,0.203189205202321,1.5,-0.619486307717012,-0.512652640687681,-0.191071487197587
"60",60,"male","other","yr2","STEM","math02","Auditory",3.33333333333333,-0.211990237574327,0.325995021372827,-0.0435982708354617,2.75,1.38681322196074,1.15576342198134,0.576127500020671,3.66666666666667,-0.781458470118856,-0.581687513904975,0.651143627698084,3,-0.669429980182247,-0.323235037356644,-0.226695605977483,3.83333333333333,1.66955483833662,1.22327292475384,0.753742923353475,3.57142857142857,0.595022783262193,0.459580856865988,0.177662387560073,3.85714285714286,0.585243356079917,0.35912059455115,0.195429409693368,3.57142857142857,0.222070714599361,0.0836092770498894,0.0465156149722324,2,-1.96673699554694,-1.02670530381523,-0.72347006020184,3.85714285714286,0.979884271635453,0.703155055340467,0.370779846274393,3.57142857142857,0.545956858106407,0.319976378064578,0.202755628462089,1.66666666666667,-1.48257571568468,-1.24026549884322,-0.60020447513276,2.33333333333333,-1.39376116813561,-1.13906043024003,-0.41031989240804,2.25,1.15011742314201,0.842819161090215,0.375505837077082
"61",61,"female","white","yr1","Other","math01","Visual",2.66666666666667,-1.20093694892333,-0.703952192872288,-0.637834498218624,1.25,-1.35117764328446,-0.864264686767308,-0.62622967466656,3.66666666666667,1.08821549063969,0.656747792683981,1.47663215861975,3.8,1.82035082159515,1.05294119882383,0.589966067076426,3.16666666666667,0.459029848653873,0.33171510482986,0.205817301266032,3.57142857142857,0.741919601367728,0.391507073756032,0.275789886263632,3.57142857142857,-0.107930946720518,0.047840635417724,-0.0419234334024576,3.28571428571429,-0.441068915373945,-0.207247728556537,-0.151552287051927,2,-2.11881026821831,-0.867537657388456,-0.920076356485834,4.71428571428571,3.03028547173571,1.90305336055951,1.1640637960979,2.57142857142857,-1.62127988076052,-1.15451831570522,-0.713872051549982,3,1.15519156821226,0.691495715051936,0.48382173281679,3.66666666666667,1.32540276152173,0.883794546053271,0.463386655115504,1.5,-0.721197872445042,-0.454389795173192,-0.237092148569864
"62",62,"female","white","yr2","Business","math02","Kinesthetic",2.66666666666667,-1.1717724056204,-0.817718726490407,-0.571629395415847,1,-1.79422804288445,-1.11806932750387,-0.821282758780936,3.33333333333333,-0.381659971407452,-0.490196818414496,-1.47283675635336,5,5.14006484697988,3.24043328690884,1.54541374373052,4.16666666666667,2.34338828679916,1.58495574575283,1.06114437689025,4.14285714285714,2.16556014795035,1.04429216168973,0.850114232453425,4.42857142857143,1.89870490029867,1.1144120200264,0.632832082754671,4.71428571428571,3.00763864634523,1.96713230145173,1.00323048048401,4.42857142857143,3.23214952631886,1.65052712157194,1.06985450672625,5,3.63024410131203,2.35278064546,1.38533618864896,4.42857142857143,2.42574249414093,1.255359169534,0.748154597226984,3.33333333333333,1.84815823605331,1.09695144010201,0.813941608567817,4,1.99088942395612,1.28966377199986,0.673570682943099,2.5,1.49739659915467,0.940854387133312,0.407933987828272
"63",63,"female","white","yr2","Health","stats","Visual",4.66666666666667,1.67615318842146,1.25964414252496,0.915575507629149,1.5,-0.859606541080229,-0.80268512460863,-0.453160944143778,3.33333333333333,-0.362688204554823,0.088659191714005,2.34001896473102,1.3,-5.6192689269741,-3.42201266469581,-1.79103137968384,4.33333333333333,2.76163019735904,1.73990528460424,1.26334991249601,4.85714285714286,3.68569272380007,2.1154674466026,1.3930629557432,4.85714285714286,2.99331998677838,1.78813207336484,0.983560888037269,5,3.74144114399981,2.28283476961181,1.26187175459162,3.85714285714286,2.21149738873566,1.31305021029594,0.87481900055461,4.85714285714286,3.3892596289255,2.14672618228625,1.3335145793998,3.71428571428571,0.915704159350001,0.258008711265247,0.0773647593810191,3,1.15940245490286,0.901589107000962,0.48377051699264,4,1.99088942395612,1.28966377199986,0.673570682943099,2,0.463333796749446,0.237445832328039,0.0460328687838809
"64",64,"female","white","yr2","Health","stats","Visual",2.66666666666667,-1.22387119002488,-0.778527656524024,-0.692736619053382,3,1.75054076855521,1.08331099389992,0.779077529634855,3,0.0371102941565809,0.180149887204485,0.216038580679579,3.3,0.271616724856913,0.285807630903141,0.15934230009784,3,0.0958063415389203,0.119062499372324,0.0407996177141286,3,-0.657878264118997,-0.307747691277502,-0.279546433933169,3,-1.50464408453354,-0.936700316326251,-0.481717415392091,3,-1.19521793447544,-0.675355657478984,-0.411400972662834,3,0.193256545329035,0.132147891150883,0.0631382206629184,3,-0.99242688860333,-0.550449613348739,-0.416589525753715,3,-0.692687153800795,-0.324309887974433,-0.214465075211061,2,-0.831501585872319,-0.591434741262175,-0.348936508282686,2,-2.08839911380415,-1.4142525501993,-0.687560328193648,2,0.569041803543553,0.442695658876479,0.180606016138814
"65",65,"female","white","yr5+","STEM","stats","Kinesthetic",4.66666666666667,1.65321894731991,1.18506867887323,0.860673386794391,1.25,-1.32691729198234,-0.960377226056248,-0.637221851462357,3.66666666666667,-0.790944353545171,-0.871115518969226,-1.2552842328441,3,-0.696168605977766,-0.314361307404878,-0.255894690265229,4.5,3.0441428401745,1.97439921277935,1.39380469486932,2.85714285714286,-0.674758898968119,-0.703776924332727,-0.123378707174113,4.14285714285714,1.25331922403216,0.850633209396633,0.422538054231412,3.85714285714286,1.01086795959165,0.60492910547353,0.412562827828104,2.42857142857143,-0.867731207756099,-0.518988033186551,-0.176418542011459,4.28571428571429,2.14106610576756,1.28373702910484,0.926999193952768,2.42857142857143,-1.94142575825594,-1.40731616457515,-0.929919960146769,3.66666666666667,2.50344325255627,1.95587558963208,1.06515835959374,2.66666666666667,-0.743392790592552,-0.337486509058984,-0.284235258410882,2,0.463333796749446,0.237445832328039,0.0460328687838809
"66",66,"male","white","yr4","Other","math01","Kinesthetic",4.33333333333333,1.17644301439756,0.519040806306683,0.602309315488208,2,-0.0933745489098934,-0.171279899893159,0.000300086824908674,3.66666666666667,-0.790944353545171,-0.871115518969226,-1.2552842328441,3,-0.696168605977766,-0.314361307404878,-0.255894690265229,2.83333333333333,-0.211659658527607,-0.0927524967450865,-0.0963409391287356,3.28571428571429,0.207939755905422,0.00628358032736825,0.149004257431524,3,-1.50464408453354,-0.936700316326251,-0.481717415392091,4,1.27311160476219,0.803739556066415,0.425235390964391,3,0.193256545329035,0.132147891150883,0.0631382206629184,3.71428571428571,0.718949976778036,0.451438231155145,0.263100938896564,3,-0.692687153800795,-0.324309887974433,-0.214465075211061,3.33333333333333,1.84815823605331,1.09695144010201,0.813941608567817,3,-0.0638731298153453,0.33341030613474,-0.0910942164557125,1.25,-1.19656548524939,-0.649263470838488,-0.297418822153198
"67",67,"male","white","yr5+","STEM","other","Kinesthetic",3,-0.711700411598224,-0.414608314845453,-0.356864462976403,1,-1.79422804288445,-1.11806932750387,-0.821282758780936,3.33333333333333,1.49749987277741,1.03766649323871,1.25907963511049,4.7,4.23680537729622,2.60618598431773,1.25163784284534,2.83333333333333,-0.144241649808585,-0.131321143518889,-0.0645019854521036,3.14285714285714,-0.0709788547961782,-0.264626933394055,0.0208207292274965,4.71428571428571,2.67513079669338,1.65494150542855,0.872576234778827,4.28571428571429,1.86959547069618,1.27702934527146,0.604914036597272,3.14285714285714,0.594347933913656,-0.0343022690794261,0.361339007113941,4.57142857142857,2.90729068415246,1.73461725593877,1.22987136090148,3.71428571428571,0.885098293921639,0.569396429488253,0.34341312236239,3,1.15940245490286,0.901589107000962,0.48377051699264,2,-2.1175503970383,-1.28357544421197,-0.75461673615166,1.25,-1.09485392052136,-0.707526316352977,-0.251398160780922
"68",68,"female","white","yr1","Other","math02","Auditory",1.66666666666667,-2.63325171539435,-1.87409235784077,-1.40323651917449,1,-1.79422804288445,-1.11806932750387,-0.821282758780936,3.33333333333333,2.43707979486984,1.80159814906531,2.62503783084242,4.1,2.50023388899741,1.65603465336537,0.710498618272389,1.83333333333333,-2.1440918131279,-1.44084329804885,-0.978753003227984,1.71428571428571,-3.45953113969935,-2.03588848106059,-1.3108455687552,3.42857142857143,-0.398065779269727,-0.0343131017235679,-0.202020096219056,3.28571428571429,-0.533290301441698,-0.201603064684937,-0.210321293740565,1.85714285714286,-2.1087171025212,-1.29077648860254,-0.624008137242913,4,1.55097142957652,0.771106436342181,0.691813480723522,2.42857142857143,-1.95539362896998,-1.56829020985324,-0.936711976890148,2,-0.831501585872319,-0.591434741262175,-0.348936508282686,3.33333333333333,0.601613532619042,0.73927953208133,0.119089811371883,1,-1.67193309805374,-0.844137146503784,-0.357745495736532
"69",69,"male","white","yr3","STEM","math03","Auditory",3.33333333333333,-0.222463874273117,-0.125264436818617,-0.0758944277341815,1.25,-1.35117764328446,-0.864264686767308,-0.62622967466656,4,1.60902514716809,0.750332742891604,1.15371501731874,3.7,1.40031088789532,0.811370575150218,0.426843385679791,2.66666666666667,-0.456604711604744,-0.511536880146745,-0.197928903898089,3.14285714285714,0.0369384668119387,-0.201299359968947,0.174984875168488,4,0.929889175914222,0.463160195883484,0.3435014922416,3.42857142857143,0.00872776600234018,-0.10573720495699,0.0118147420417125,1.71428571428571,-2.44770647182376,-1.38924444687334,-0.728420446226425,3.85714285714286,1.21742220762916,0.592764882840529,0.595541497708042,3.14285714285714,-0.383988803992096,-0.356731650757754,-0.306308821123736,2,-0.831501585872319,-0.591434741262175,-0.348936508282686,2.66666666666667,-0.714241507358401,-0.468163615046309,-0.21717885045287,1.25,-1.19656548524939,-0.649263470838488,-0.297418822153198
"70",70,"male","white","yr1","STEM","math03","Kinesthetic",2.66666666666667,-1.2176408878235,-0.966869653793878,-0.681433637085363,1.25,-1.3433857020242,-0.691908351040515,-0.612723918768418,3.66666666666667,2.95788945139823,1.89518309927294,2.30212068954141,4,2.14446100145765,1.47508472160267,0.606417165021012,3.66666666666667,1.46702496279079,0.803734112708001,0.671630857364208,3.57142857142857,0.681702336796407,0.438307357245274,0.27019519389158,4.14285714285714,1.24447488587229,0.746305829564168,0.406084735591022,4.14285714285714,1.57102679277152,0.980876161385092,0.490012801075384,3.14285714285714,0.512824982089725,0.312017121549503,0.186106843513675,4.28571428571429,2.2094860187105,1.3875009518264,0.942350311315048,4.42857142857143,2.50904094551003,1.49388261848353,0.949179320034398,2.66666666666667,0.508328325090495,0.252758349419919,0.232502550142566,3,-0.00557056334704364,0.0720560941600898,0.0430185994603118,1.75,-0.245830259640692,-0.259516119507896,-0.17676547498653
"71",71,"female","Asian","yr1","STEM","stats","Kinesthetic",2,-2.17317972137217,-1.47098194619581,-1.18847158673505,1,-1.79422804288445,-1.11806932750387,-0.821282758780936,4,1.6185110305944,1.03976074795585,3.06014287786092,4.7,4.30366523274999,2.71539556054686,1.35356499150096,4.83333333333333,3.67949362992692,2.31745707172093,1.68334001785019,4.71428571428571,3.39163014817317,1.95072102989353,1.30308793525714,4.42857142857143,1.98195551553131,1.08392755061759,0.660549545798594,4.42857142857143,2.32415249492501,1.52386983508294,0.803955166956549,3.85714285714286,2.20960936734143,0.843743930890286,0.950407008044886,4.14285714285714,1.58140146759894,0.967255450635021,0.581555542153619,4.42857142857143,2.4564929161321,1.40180955360907,0.917614306427514,2.66666666666667,0.508328325090495,0.252758349419919,0.232502550142566,3,-0.0487548449240131,-0.0622943890997189,-0.00699482262527438,1.25,-1.19656548524939,-0.649263470838488,-0.297418822153198
"72",72,"male","white","yr1","Business","math02","Visual",3,-0.705470109396845,-0.602950312115307,-0.345561481008384,1.5,-0.939996728926976,-0.601232244712945,-0.413722361904138,2,-1.54429044228124,-0.679460973546886,-2.62806571650176,3.4,0.528505749195358,0.189497550128323,0.0551928456064868,3,0.0958063415389203,0.119062499372324,0.0407996177141286,2.71428571428571,-1.37638376469992,-0.668223153901665,-0.589447818285815,3,-1.47818745478424,-0.965851282930208,-0.444629986102301,3.14285714285714,-0.829528682587713,-0.334608836211319,-0.279068558710922,2.71428571428571,-0.34256489855183,-0.0980559782406796,-0.0821278791081751,2.85714285714286,-1.23341136098985,-0.756504076522484,-0.468411135002873,2.57142857142857,-1.64067797009374,-0.800962612584894,-0.63147380771796,2.33333333333333,-0.184638342750558,-0.152697375630158,-0.0976173256084611,2.33333333333333,-1.39376116813561,-1.13906043024003,-0.41031989240804,1.25,-1.19656548524939,-0.649263470838488,-0.297418822153198
"73",73,"female","white","yr2","Other","math01","Visual",3.33333333333333,-0.239167813173285,-0.388181897740207,-0.11949356660092,1,-1.79422804288445,-1.11806932750387,-0.821282758780936,3.33333333333333,0.567405834111292,0.563162842476358,1.79954929992076,3.8,1.61977514071195,1.04020445469124,0.448908926142526,3.66666666666667,1.34233785965216,0.960383510887773,0.605433684370901,3.71428571428571,1.01001024903027,0.731964269129533,0.360337133063646,3.28571428571429,-0.846971400975171,-0.398248787913278,-0.326278969493914,3.57142857142857,0.184861170241151,0.0436248753736105,0.077779446147749,2.71428571428571,-0.505958646684089,-0.19434594288599,-0.31661064230228,3.42857142857143,0.0606292141107833,-0.0703893059995368,0.00808732719373097,4.42857142857143,2.45432144336484,1.46702417963189,0.969093001230555,2.66666666666667,0.462224900371202,0.286039990001859,0.153701857065764,4,1.99088942395612,1.28966377199986,0.673570682943099,1.25,-1.19656548524939,-0.649263470838488,-0.297418822153198
"74",74,"male","other","yr2","Other","math02","Kinesthetic",2.66666666666667,-1.2176408878235,-0.966869653793878,-0.681433637085363,1,-1.79422804288445,-1.11806932750387,-0.821282758780936,4.66666666666667,1.73003630498508,0.752426997608748,2.95477826006917,4.1,2.50170948737019,1.53258278610031,0.882564989679825,2.83333333333333,-0.106674060070266,-0.315611598745429,-0.0356351678481506,3.85714285714286,1.53850831549093,0.843973861712061,0.639779803588253,3.14285714285714,-1.17777136728361,-0.378881964862362,-0.473989754667751,3.57142857142857,0.143217287610237,0.10286434162351,-0.00698772519448616,2.57142857142857,-0.582472330846367,-0.0391197650767357,-0.178104569503004,3.71428571428571,0.743094813395938,0.319961398761498,0.292200195300605,1.71428571428571,-3.56022615182025,-1.98485402225646,-1.28312571147061,3.66666666666667,2.45733982783698,1.98915723021402,0.986357666516939,3.66666666666667,1.29625147828758,1.0144716520406,0.396330247157491,2.5,1.55015034328198,1.25105697740669,0.371689710748006
"75",75,"male","white","yr2","Business","math03","Kinesthetic",5,2.14245548464502,1.47441255690006,1.14164342203661,2.25,0.404738352393506,0.504894348950316,0.198448402235275,3,-1.84204955002828,-1.34771342444872,-2.51587781078427,3.5,0.882300938977047,0.566504044197216,0.257656594313842,1.33333333333333,-3.19207544845314,-1.82811082074494,-1.46856205254666,1.28571428571429,-4.58697271426283,-2.67440067142694,-1.77193898125342,4.14285714285714,1.18632174670238,0.81005931287276,0.338531814164478,2.57142857142857,-2.1569262423734,-1.26236584697178,-0.724370110208881,2.57142857142857,-0.544074144064984,-0.308264594995342,-0.0830203227167407,1.85714285714286,-3.69235649014023,-2.13392963929971,-1.53342392481874,2.85714285714286,-1.0712065187707,-0.554934486990323,-0.412049104100222,2,-0.831501585872319,-0.591434741262175,-0.348936508282686,3.66666666666667,1.31136976317891,0.618766956806137,0.480429640987929,1.5,-0.483404986793176,0.111211153060376,0.0139320075998693
"76",76,"female","white","yr2","Other","math01","Kinesthetic",3,-0.728404350498393,-0.677525775767043,-0.400463601843142,2,0.0264942581197532,-0.295075843135513,-0.0630547759150258,3,-1.83256366660196,-1.05828541938447,-0.609449950242083,3.3,0.432137213006964,0.148032702975876,0.273376570959567,4.33333333333333,2.8053699903196,1.58052063908313,1.28652777572634,3.85714285714286,1.53365954124308,0.482935229002557,0.571757122467363,3.14285714285714,-1.20238209690196,-0.473075127318455,-0.446106989434663,3.28571428571429,-0.380581610897614,-0.420103873053726,-0.0438500898752136,3.57142857142857,1.53239717491933,0.867049257581879,0.631777005316133,3.85714285714286,0.957505237101942,0.517083728289984,0.42093502455038,3.42857142857143,0.214508009487076,0.239797019839471,0.114324137537741,2.66666666666667,0.462224900371202,0.286039990001859,0.153701857065764,2.33333333333333,-1.42291245136976,-1.00838332425271,-0.477376300366052,2,0.595418675607206,0.597796954013167,0.162483877598681
"77",77,"male","white","yr3","STEM","other","Visual",2.33333333333333,-1.66100894294551,-1.10706260451724,-0.852599430658068,1.75,-0.560685299812004,-0.328972001340778,-0.18376082049367,3.33333333333333,1.49749987277741,1.03766649323871,1.25907963511049,4.9,4.93926619752692,3.03538589144476,1.51801701390241,2.83333333333333,-0.122492519867003,-0.386065407195687,-0.0451940817636781,3.14285714285714,-0.190531241084237,-0.365156244252157,-0.0654943327490195,3,-1.42307662128983,-1.11790873430445,-0.374506332871745,2.85714285714286,-1.54562598742413,-0.751725627302011,-0.468975346714303,3.28571428571429,0.880229806721434,-0.0448303483012169,0.324136859056034,3.71428571428571,0.956875565705196,0.530182015314279,0.478909028107599,3.57142857142857,0.558197321342006,0.272347633471012,0.0674390985223747,2,-0.785398161153026,-0.624716381844115,-0.270135815205884,2.33333333333333,-1.43803073626109,-0.612678629018249,-0.56147569419649,2.75,2.19856777141266,0.91079099484339,0.45362735963337
"78",78,"female","white","yr3","STEM","other","Auditory",3,-0.711700411598224,-0.414608314845453,-0.356864462976403,1,-1.79422804288445,-1.11806932750387,-0.821282758780936,3.66666666666667,2.02779541273212,1.42067944851058,2.84259035435167,4.6,4.014322070244,2.56410204593004,1.27971954396651,2.5,-0.780556982469444,-0.662159133672511,-0.348713901811915,3.28571428571429,0.120816784515156,0.0125762134346164,0.0781859144050219,4,0.921084487873863,0.682882529973317,0.332898111271509,3.71428571428571,0.679516542631081,0.191685013466039,0.238575113574036,2.57142857142857,-0.685230420661216,-0.591719670329534,-0.328165783008305,3.71428571428571,0.926867963382307,0.452855983835344,0.441441831768425,2.28571428571429,-2.27845751769882,-1.59348230631648,-1.05299959989139,2.33333333333333,-0.138534918031266,-0.185979016212098,-0.0188166325316591,2.33333333333333,-1.40887945302694,-0.743355735005575,-0.494419286238478,1.5,-0.721197872445042,-0.454389795173192,-0.237092148569864
"79",79,"male","white","yr1","Business","math02","Kinesthetic",3.33333333333333,-0.245398115374665,-0.199839900470353,-0.13079654856894,2,-0.0218436371646205,-0.0173791668019752,-0.0211026145730408,3.66666666666667,1.08821549063969,0.656747792683981,1.47663215861975,3.1,-0.352014268068825,-0.264767406546089,-0.167768240301717,3.16666666666667,0.475516119452045,0.270522362238216,0.219461742336995,2.85714285714286,-0.894807167891929,-0.620855410957566,-0.331109949582684,3.42857142857143,-0.480993584356247,-0.21755707147333,-0.188235501662905,3.28571428571429,-0.478931949647468,-0.366248708800512,-0.170412281287304,2.71428571428571,-0.449334818517239,-0.28294279250099,-0.205326715392158,3.28571428571429,-0.174880145504207,-0.256774861959771,-0.0264127798976802,3.57142857142857,0.562644214354776,0.520239192403704,0.30938961944233,2,-0.831501585872319,-0.591434741262175,-0.348936508282686,2.66666666666667,-0.743392790592552,-0.337486509058984,-0.284235258410882,2,0.569041803543553,0.442695658876479,0.180606016138814
"80",80,"female","white","yr4","Other","other","Kinesthetic",3,-0.734634652699772,-0.489183778497188,-0.411766583811161,2.75,1.29969842769496,0.657150017436564,0.570518689622336,4,0.678931108501971,0.275829092129251,1.694184682129,2.9,-1.13233334924836,-0.384335299037044,-0.462882132904643,3.83333333333333,1.69390086509652,1.21244237245924,0.766489540955213,3.71428571428571,1.09967816862695,0.618060126548349,0.438117032091688,3.28571428571429,-0.811671411427629,-0.582806370362307,-0.247412067448142,2.85714285714286,-1.48499243782457,-0.806110360670917,-0.454931494771842,3.85714285714286,2.14962409437561,1.09472725937686,0.802736294248244,3.85714285714286,0.995223337792255,0.659920654691799,0.374188027753951,3.57142857142857,0.583119292919896,0.319734128456614,0.196235640556357,2,-0.831501585872319,-0.591434741262175,-0.348936508282686,2.33333333333333,-1.42291245136976,-1.00838332425271,-0.477376300366052,2,0.569041803543553,0.442695658876479,0.180606016138814
"81",81,"female","white","yr5+","STEM","math02","Auditory",3.66666666666667,0.220904180848895,0.0149285139047472,0.0952713658385237,1.25,-1.38304712852697,-0.855036885449504,-0.608775446018514,3.33333333333333,1.49749987277741,1.03766649323871,1.25907963511049,3.1,-0.345995017070684,-0.0934764205425155,-0.113080521413665,3.33333333333333,0.748487178459256,0.413655806018056,0.346374947218164,3,-0.479819702123856,-0.348471998694021,-0.148435204079111,3.85714285714286,0.585243356079917,0.35912059455115,0.195429409693368,3.85714285714286,0.939010189342647,0.511732804296058,0.337628131758656,3.14285714285714,0.480377369596545,0.0268913250692047,0.209692424315712,4.14285714285714,1.64434626777034,1.05135046614307,0.579585157358153,2.85714285714286,-1.03292883328414,-0.735261756904557,-0.532581757930342,3.33333333333333,1.81047658471522,1.55041986458201,0.735038483842714,4,1.99088942395612,1.28966377199986,0.673570682943099,2,0.432960482619717,-0.181168134871578,-0.0243974786586425
"82",82,"female","white","yr1","STEM","stats","Visual",4.33333333333333,1.17644301439756,0.519040806306683,0.602309315488208,1.5,-0.876074951122094,-0.534216249592896,-0.428663011449839,2.66666666666667,-2.36285920655668,-1.44129837465635,-2.19296066948326,1.2,-6.1308047600295,-3.45906111079044,-2.00240966460476,3,0.0909805724113451,0.14084898585004,0.0311170036107586,3.71428571428571,0.98830396432661,0.627960427087644,0.364605020276161,4,0.90343254616492,0.49231116248744,0.30641406295181,3.57142857142857,0.215075057859239,0.196060642800982,0.0679469708749618,2.71428571428571,-0.141617622018165,-0.120358007145791,0.163857346875502,3.71428571428571,0.672044741911171,0.602973489930808,0.232722257749662,4,1.53111010921284,0.796386853067075,0.613244373063256,1,-2.82240562664749,-2.08445858952531,-1.18164353355801,3,-0.0627878432668317,-0.327321978346853,0.0100481632471516,1.25,-1.19656548524939,-0.649263470838488,-0.297418822153198
"83",83,"female","white","yr1","Business","stats","Kinesthetic",3.66666666666667,0.243838421950443,0.0895039775564828,0.150173486673282,2.75,1.2600370011922,0.494021483027575,0.57446716237224,3.66666666666667,0.158121451973574,0.182244141921628,2.01710182343001,1.7,-4.42152515940135,-2.79627812393144,-1.34612788126665,1.83333333333333,-2.18239850646971,-1.31509351876857,-0.998309095487122,2.85714285714286,-1.16294935082172,-0.487856553050526,-0.560522886773271,2.71428571428571,-2.1268547793932,-1.5531374626517,-0.636497212818912,2.57142857142857,-2.26190985061,-1.46596046459705,-0.760661282874282,2.14285714285714,-1.74732256367917,-1.13980771744943,-0.618129416004464,2.14285714285714,-2.82699236803468,-1.81534054080291,-1.02599564448911,3,-0.692687153800795,-0.324309887974433,-0.214465075211061,2.33333333333333,-0.184638342750558,-0.152697375630158,-0.0976173256084611,3,-0.0487548449240131,-0.0622943890997189,-0.00699482262527438,1.5,-0.619486307717012,-0.512652640687681,-0.191071487197587
"84",84,"male","white","yr2","Business","math02","Visual",3,-0.734634652699772,-0.489183778497188,-0.411766583811161,2,-0.0383120472064849,0.251089708213758,0.00339531812089843,3,-1.83256366660196,-1.05828541938447,-0.609449950242083,3,-0.696168605977766,-0.314361307404878,-0.255894690265229,3.5,1.11961991547258,0.661535315700721,0.516172087727831,3,-0.657878264118997,-0.307747691277502,-0.279546433933169,3,-1.50464408453354,-0.936700316326251,-0.481717415392091,3,-1.19521793447544,-0.675355657478984,-0.411400972662834,3,0.193256545329035,0.132147891150883,0.0631382206629184,3,-0.99242688860333,-0.550449613348739,-0.416589525753715,3,-0.692687153800795,-0.324309887974433,-0.214465075211061,2,-0.831501585872319,-0.591434741262175,-0.348936508282686,2,-2.08839911380415,-1.4142525501993,-0.687560328193648,2,0.569041803543553,0.442695658876479,0.180606016138814
"85",85,"female","white","yr2","Business","math02","Auditory",2.33333333333333,-1.71310772734999,-1.06787153455086,-0.973706654295603,1.5,-0.939996728926976,-0.601232244712945,-0.413722361904138,1.33333333333333,-0.725721678005802,0.0823764275625742,-3.06317076352027,3.1,-0.356842632546527,-0.12807591957261,-0.0492109602934666,3.5,1.06549476233403,0.716831286530744,0.487057081553165,3,-0.657878264118997,-0.307747691277502,-0.279546433933169,3,-1.48331208774892,-0.860048201218637,-0.491746030109315,3.14285714285714,-0.925856921592703,-0.355277559983953,-0.323387841254304,2.71428571428571,-0.449334818517239,-0.28294279250099,-0.205326715392158,3.14285714285714,-0.683216329740598,-0.335198205782976,-0.344940018030969,2.57142857142857,-1.63343478814678,-0.983867658109061,-0.650209716263233,3,1.15940245490286,0.901589107000962,0.48377051699264,2.33333333333333,-1.39376116813561,-1.13906043024003,-0.41031989240804,2.5,1.75756991480412,1.39804395844064,0.552283519475216
"86",86,"female","white","yr5+","Business","math02","Visual",3.33333333333333,-0.280792960878972,0.10226863041762,-0.208304633339736,1,-1.79422804288445,-1.11806932750387,-0.821282758780936,2.66666666666667,-2.36285920655668,-1.44129837465635,-2.19296066948326,3,-0.696168605977766,-0.314361307404878,-0.255894690265229,3.16666666666667,0.517016228011554,0.0668525163100707,0.24993832816513,5,3.92602569497344,2.35757411541285,1.45039537239774,5,3.31150917686338,1.92132264130113,1.09454554129571,5,3.74144114399981,2.28283476961181,1.26187175459162,5,4.56449623865807,2.32089057238357,1.63233687488761,5,3.63024410131203,2.35278064546,1.38533618864896,5,3.73794706238797,2.23668202166913,1.38459868253754,3,1.15940245490286,0.901589107000962,0.48377051699264,3,-0.0487548449240131,-0.0622943890997189,-0.00699482262527438,3,2.81001670514085,1.72952846425674,0.718957528014161
"87",87,"female","white","yr2","Business","math02","Auditory",4.33333333333333,1.2098508921979,1.04487572814986,0.689507593221686,3.25,2.16172168291269,1.34634343595428,0.991584842397277,3.66666666666667,-0.790944353545171,-0.871115518969226,-1.2552842328441,1.8,-4.14670429436742,-2.29102017621984,-1.26006349380974,3,0.0958063415389203,0.119062499372324,0.0407996177141286,4,1.63407371542722,1.02491321206767,0.585424469232283,4,0.90343254616492,0.49231116248744,0.30641406295181,4,1.27311160476219,0.803739556066415,0.425235390964391,2.42857142857143,-0.984111583966757,-0.662648924505166,-0.31366741155708,4,1.31890860635435,0.90116551605563,0.48437333144762,4,1.52262995429359,0.956186066847349,0.585066803663237,2,-0.831501585872319,-0.591434741262175,-0.348936508282686,3.66666666666667,1.31136976317891,0.618766956806137,0.480429640987929,3.5,3.83608662341392,1.90591167493616,0.903753675093239
"88",88,"female","white","yr2","Health","stats","Kinesthetic",4.33333333333333,1.19314695329773,0.781958267228272,0.645908454354947,1.75,-0.528815814569494,-0.338199802658583,-0.201215049141716,3.33333333333333,-0.381659971407452,-0.490196818414496,-1.47283675635336,2.2,-3.12470467611882,-1.90847887438133,-1.0631553771937,1.83333333333333,-2.10392732657126,-1.38122004189319,-0.956447471710718,3.28571428571429,0.197557667388674,-0.154512899947728,0.0887729276125598,2.28571428571429,-3.05897150062942,-1.96017876327093,-0.936780486576816,3,-1.39550041257423,-0.626531015425105,-0.550561423631549,2.57142857142857,-0.662798676096806,-0.724111005265689,-0.191997532001234,2,-3.3102912699621,-2.0175665730601,-1.26239052011336,2.57142857142857,-1.55480551494397,-0.977831695332255,-0.488935608849123,2,-0.835712472562919,-0.801528133211202,-0.348885292458535,4,1.99088942395612,1.28966377199986,0.673570682943099,1,-1.67193309805374,-0.844137146503784,-0.357745495736532
"89",89,"male","white","yr1","Business","math01","Visual",3.33333333333333,-0.245398115374665,-0.199839900470353,-0.13079654856894,3,1.69441093201058,1.18865133450666,0.807523935078698,3.33333333333333,-0.372174087981137,-0.200768813350245,0.433591104188832,3.2,-0.0294697650376381,0.074391863372771,0.0614169998027805,2.66666666666667,-0.507465156923538,-0.343973748976425,-0.229519669004007,3,-0.657878264118997,-0.307747691277502,-0.279546433933169,3,-1.50464408453354,-0.936700316326251,-0.481717415392091,2.71428571428571,-1.8863532325511,-1.12518333666437,-0.639368755698461,3,0.193256545329035,0.132147891150883,0.0631382206629184,3.28571428571429,-0.272920007836579,-0.248730859501189,-0.0881846558217493,3,-0.692687153800795,-0.324309887974433,-0.214465075211061,2,-0.831501585872319,-0.591434741262175,-0.348936508282686,2,-2.08839911380415,-1.4142525501993,-0.687560328193648,1.25,-1.19656548524939,-0.649263470838488,-0.297418822153198
"90",90,"female","Black","yr3","Business","stats","Auditory",4.33333333333333,1.2098508921979,1.04487572814986,0.689507593221686,1.25,-1.35117764328446,-0.864264686767308,-0.62622967466656,4,0.678931108501971,0.275829092129251,1.694184682129,4.7,4.19983778017781,2.66480801025861,1.16910040131496,5,3.98859198390332,2.58540564800849,1.81924269522743,5,3.92602569497344,2.35757411541285,1.45039537239774,5,3.31150917686338,1.92132264130113,1.09454554129571,5,3.74144114399981,2.28283476961181,1.26187175459162,5,4.56449623865807,2.32089057238357,1.63233687488761,4,1.46279552062942,0.716247130938584,0.616128284121264,5,3.73794706238797,2.23668202166913,1.38459868253754,3,1.20129499293155,0.658214074469996,0.562622425893592,3.66666666666667,1.31136976317891,0.618766956806137,0.480429640987929,2,0.432960482619717,-0.181168134871578,-0.0243974786586425
"91",91,"female","white","yr3","Other","other","Kinesthetic",4,0.726844657074171,0.567189852853173,0.419840539947484,1.5,-0.900335302424213,-0.438103710303957,-0.417670834654042,4,-0.270134697016774,-0.777530568761602,-1.57820137414511,2.8,-1.12822993867237,-0.870609292637367,-0.246011291388196,3.5,1.01215818673561,0.81553264723511,0.454308630460672,3.14285714285714,-0.553688807672674,-0.246721891451666,-0.3376937665431,3.14285714285714,-1.19890173437371,-0.498148066800494,-0.460913644798651,3.14285714285714,-0.730311639779838,-0.452704865834012,-0.241730907925013,3,0.227793514684913,0.118269162405953,0.113403447073224,4,1.26210503965058,0.643438374195502,0.440135415624013,3.14285714285714,-0.382994378292807,-0.113392720769134,-0.174718301043664,3,1.15940245490286,0.901589107000962,0.48377051699264,3.66666666666667,1.29625147828758,1.0144716520406,0.396330247157491,1.5,-0.619486307717012,-0.512652640687681,-0.191071487197587
"92",92,"female","white","yr1","Business","math03","Kinesthetic",2.66666666666667,-1.20093694892333,-0.703952192872288,-0.637834498218624,1,-1.79422804288445,-1.11806932750387,-0.821282758780936,3.33333333333333,1.49749987277741,1.03766649323871,1.25907963511049,3.2,0.0106923132206684,-0.209039535945359,0.15521865595199,2.33333333333333,-1.09823237734565,-0.833688063143296,-0.493481563302351,3.28571428571429,-0.0624340500714905,0.0955642949339073,-0.0856006878035454,3.14285714285714,-1.17568808120897,-0.786490684251413,-0.374223321916323,2.71428571428571,-1.81928253323566,-0.990107270029055,-0.593620657349725,2.71428571428571,-0.422198513564436,-0.0517916865925496,-0.136852855105579,4,1.56631049573332,0.727872035693513,0.69522166220308,3.42857142857143,0.244652034805636,0.377356676439128,0.225844782698859,2.66666666666667,0.508328325090495,0.252758349419919,0.232502550142566,3.66666666666667,1.31136976317891,0.618766956806137,0.480429640987929,3,2.70430869834674,1.5242786377083,0.584384380659228
"93",93,"female","white","yr3","Other","math02","Auditory",5,2.14245548464502,1.47441255690006,1.14164342203661,2.25,0.381545335932607,0.073296939525594,0.177898942291239,3.66666666666667,-0.790944353545171,-0.871115518969226,-1.2552842328441,2.1,-3.34286057095664,-2.02398941411146,-1.10002737981904,4,2.07445441937939,1.37663042562093,0.947547231030279,3.85714285714286,1.46042510194865,0.751982536380195,0.585691270616278,4.28571428571429,1.58932137661566,1.02123311367782,0.507124656350728,4.28571428571429,1.99805295882177,1.29577239859752,0.65819597246194,3.71428571428571,1.85779870971971,0.836441384613945,0.723876481315941,4,1.43865068401152,0.847723963332231,0.587029027717223,4.14285714285714,1.83230196266387,1.12892298916285,0.718103284005932,2,-0.831501585872319,-0.591434741262175,-0.348936508282686,2.66666666666667,-0.743392790592552,-0.337486509058984,-0.284235258410882,1.25,-1.19656548524939,-0.649263470838488,-0.297418822153198
"94",94,"female","white","yr1","Health","stats","Visual",4.33333333333333,1.2098508921979,1.04487572814986,0.689507593221686,1.5,-0.876074951122094,-0.534216249592896,-0.428663011449839,3.33333333333333,-1.32123989349988,-1.2541284742411,-2.83879495208528,2.7,-1.38711862025423,-0.894496810235277,-0.29786748447712,3.33333333333333,0.71949662962074,0.501526614427824,0.326373113727409,3.14285714285714,-0.0454754434615679,-0.459740481054554,0.0921477297355404,4,0.924526178644227,0.593493872246517,0.28691536412163,4,1.22806423375699,0.865199783985752,0.376724849259594,3.42857142857143,1.21625202430478,0.271848438349458,0.492336948867036,3.57142857142857,0.423114446226379,0.386427403265985,0.087202989687893,4.14285714285714,1.81250863385328,1.08219525861327,0.761340160577064,1.66666666666667,-1.52446825371337,-0.996890466312252,-0.679056384033712,3.33333333333333,0.616731817510375,0.343574836846872,0.203189205202321,1,-1.67193309805374,-0.844137146503784,-0.357745495736532
"95",95,"male","white","yr2","Business","math03","Auditory",4,0.726844657074171,0.567189852853173,0.419840539947484,2.75,1.22710018110847,1.03095923305904,0.623463027760119,3.33333333333333,1.49749987277741,1.03766649323871,1.25907963511049,4.5,3.71038491362982,2.29332120306696,1.20196922822372,5,3.98859198390332,2.58540564800849,1.81924269522743,5,3.92602569497344,2.35757411541285,1.45039537239774,4.71428571428571,2.61125005304614,1.5253366917166,0.848924097770446,5,3.74144114399981,2.28283476961181,1.26187175459162,3.57142857142857,1.52513218991234,0.411099321088849,0.785550506886508,5,3.63024410131203,2.35278064546,1.38533618864896,5,3.73794706238797,2.23668202166913,1.38459868253754,4,3.15030649567803,2.3946129552641,1.31647754226797,4,1.99088942395612,1.28966377199986,0.673570682943099,4,5.05099160673814,3.01636126963701,1.25730903988951
"96",96,"female","white","yr1","Health","stats","Kinesthetic",4.33333333333333,1.17644301439756,0.519040806306683,0.602309315488208,2.25,0.437675172477235,-0.0320434010811506,0.149452536847396,3,-0.892983744509534,-0.294353763557868,0.756508245489842,3.1,-0.201862228517451,-0.375983082587538,0.0722706788366271,2,-1.82708422925312,-1.13766781753616,-0.838070868892982,3.42857142857143,0.655809660617387,0.133913357051966,0.367396838982616,4.28571428571429,1.58051571021367,0.981221452090112,0.521847429496229,4,1.29467012314866,0.773249429641154,0.423431025569584,2,-1.99131862290413,-1.11172571207808,-0.684535702843255,4.14285714285714,1.64982138054188,1.07101937335658,0.5969066595159,2.14285714285714,-2.5930412515084,-1.77847361655999,-1.14110965349261,1.33333333333333,-2.12943895880644,-1.67900286447524,-0.851523657806985,4,1.99088942395612,1.28966377199986,0.673570682943099,1.25,-1.19656548524939,-0.649263470838488,-0.297418822153198
"97",97,"female","white","yr1","Other","stats","Visual",2.33333333333333,-1.70687742514861,-1.25621353182071,-0.962403672327584,1.5,-0.932204787666722,-0.428875908986152,-0.400216606005996,3.33333333333333,0.557919950684978,0.273734837412108,-0.106878560621431,3.5,0.787510644516581,0.509797348169295,0.294577572033656,2.33333333333333,-1.15483366076382,-0.847253862779228,-0.523754255463591,3.28571428571429,0.0511717772759772,0.129382137695113,-0.00689666794353718,3.57142857142857,-0.118497108627194,-0.271526411228881,-0.0100592243523159,2.57142857142857,-2.1971694480732,-1.49403181032172,-0.761067155077077,1.85714285714286,-2.13025478137932,-1.19544042646019,-0.651569587046537,3.42857142857143,0.0507652607255149,-0.00748599813735858,0.0220006478719201,3.57142857142857,0.574799121741038,0.349588534807542,0.245727284155581,2.33333333333333,-0.184638342750558,-0.152697375630158,-0.0976173256084611,3.33333333333333,0.616731817510375,0.343574836846872,0.203189205202321,1.25,-1.19656548524939,-0.649263470838488,-0.297418822153198
"98",98,"female","Black","yr1","Health","stats","Kinesthetic",4,0.710140718174002,0.304272391931583,0.376241401080745,3,1.69441093201058,1.18865133450666,0.807523935078698,3.66666666666667,-0.771972586692541,-0.292259508840725,2.55757148824027,2.8,-1.08533363208416,-0.679479742530231,-0.152497292889515,2.16666666666667,-1.44653067497025,-0.973479764374464,-0.657013178817916,2.57142857142857,-1.4079121313265,-0.945334246525667,-0.503207082244282,4.57142857142857,2.31951749271044,1.36299515717635,0.775026873801795,3.71428571428571,0.654365855878765,0.332405743972956,0.225554205234134,2.85714285714286,-0.0209071049284436,-0.217191273067287,0.114691550954925,4.14285714285714,1.85031803505398,1.04926115177012,0.777376309124457,2.57142857142857,-1.63201706429638,-1.05252638890472,-0.618916731493996,2.66666666666667,0.508328325090495,0.252758349419919,0.232502550142566,2.66666666666667,-0.743392790592552,-0.337486509058984,-0.284235258410882,1.5,-0.721197872445042,-0.454389795173192,-0.237092148569864
"99",99,"female","white","yr1","Health","math02","Kinesthetic",3.33333333333333,-0.245398115374665,-0.199839900470353,-0.13079654856894,2,-0.0296355784248751,-0.189735502528769,-0.0346083704711827,3.33333333333333,1.49749987277741,1.03766649323871,1.25907963511049,2.6,-1.82469122758999,-1.19287566843067,-0.626708624677408,2,-1.81833122298501,-1.08971272301523,-0.830895846483018,2.71428571428571,-1.22301985347091,-0.720320660399602,-0.439315793915776,3.42857142857143,-0.452816109221763,-0.291402366940686,-0.174139445948054,3.14285714285714,-0.770571939851472,-0.433124403372521,-0.261054851909097,2.57142857142857,-0.705258100355067,-0.200750647928977,-0.285244418772935,3.42857142857143,0.174230058300313,0.049801267629148,0.156951324082407,3.42857142857143,0.273426517411907,0.108816961251315,0.156488866388961,1.66666666666667,-1.47836482899408,-1.03017210689419,-0.600255690956911,2.66666666666667,-0.743392790592552,-0.337486509058984,-0.284235258410882,1,-1.67193309805374,-0.844137146503784,-0.357745495736532
"100",100,"male","white","yr5+","STEM","other","Visual",3.33333333333333,-0.245398115374665,-0.199839900470353,-0.13079654856894,1,-1.79422804288445,-1.11806932750387,-0.821282758780936,4,1.60902514716809,0.750332742891604,1.15371501731874,4.8,4.53789186719077,2.8176017518481,1.3495631431404,4,2.04219916272112,1.3522340736904,0.930021156470777,4.14285714285714,2.14990525503222,0.9346350041692,0.885864837023932,5,3.31150917686338,1.92132264130113,1.09454554129571,4.85714285714286,3.37980887040168,2.05888376524241,1.14340653641316,4.28571428571429,2.94392349768992,1.388869681842,1.13532831504528,5,3.63024410131203,2.35278064546,1.38533618864896,5,3.73794706238797,2.23668202166913,1.38459868253754,4,3.15030649567803,2.3946129552641,1.31647754226797,4,1.99088942395612,1.28966377199986,0.673570682943099,2.25,0.908328095424066,0.0137055407937179,0.0359291949246917
"101",101,"female","white","yr4","Other","other","Auditory",2.33333333333333,-1.68394318404706,-1.18163806816898,-0.907501551492826,1.25,-1.3433857020242,-0.691908351040515,-0.612723918768418,4,1.6185110305944,1.03976074795585,3.06014287786092,3.7,1.70871796267313,0.814975669823351,0.795083186627824,5,3.98859198390332,2.58540564800849,1.81924269522743,4.14285714285714,2.13353682820047,1.22565625583281,0.813203741409389,4.85714285714286,2.97546835252201,1.68640701877519,0.978782847390504,4.28571428571429,1.92465718705336,1.14091785046956,0.666629954542715,1.85714285714286,-2.38500934708568,-1.19030538650114,-1.00094512317055,4.14285714285714,1.63272992153117,1.20531368528164,0.608471955819479,3.57142857142857,0.564949424109489,0.103288376800346,0.0366731532845457,4,3.15030649567803,2.3946129552641,1.31647754226797,4,1.99088942395612,1.28966377199986,0.673570682943099,2,0.331248917891687,-0.122905289357089,-0.0704181400309192
"102",102,"female","Black","yr2","STEM","math03","Kinesthetic",4.66666666666667,1.65944924952129,0.996726681603372,0.87197636876241,1.5,-0.939996728926976,-0.601232244712945,-0.413722361904138,4.33333333333333,1.19974076503037,0.369414042336875,1.37126754082799,3.5,0.912673730543782,0.615525819716527,0.377976652984026,3.16666666666667,0.550005306592666,0.238910515887116,0.254036317462229,4.85714285714286,3.59602480420338,2.22937158918378,1.31528305671516,5,3.31150917686338,1.92132264130113,1.09454554129571,5,3.74144114399981,2.28283476961181,1.26187175459162,3.42857142857143,1.3840792851209,0.341319396721273,0.772398859012358,3.85714285714286,1.02660196925359,0.852316528326839,0.34524714329114,3.42857142857143,0.252972205984494,0.3475022700882,0.176353139099635,3,1.11329903018356,0.934870747582902,0.404969823915838,2.66666666666667,-0.72827450570122,-0.733191204293443,-0.200135864580444,2.5,1.59111527975055,0.355566197492965,0.276849677235236
"103",103,"female","white","yr3","Other","math01","Kinesthetic",3.33333333333333,-0.222463874273117,-0.125264436818617,-0.0758944277341815,2.25,0.421206762435371,0.236425473934583,0.173950469541335,3.66666666666667,0.148635568547259,-0.107183863142622,0.110673962887821,2.8,-1.17049548129266,-0.706280808741537,-0.342293072440893,3.66666666666667,1.34397021356204,1.01651709105792,0.604195804905275,3.71428571428571,0.946314257397942,0.670157633046286,0.287985007721649,3.57142857142857,-0.16988823692642,0.0906615016893937,-0.110845602949495,3.28571428571429,-0.528021326212537,-0.267702834974298,-0.199465874865219,3.14285714285714,0.6204453074581,0.292627897444472,0.1994001352993,2.85714285714286,-1.32158726993696,-0.81136338192608,-0.544096331605131,3.85714285714286,1.20445702386634,0.905068113422323,0.517142460095821,3,1.15519156821226,0.691495715051936,0.48382173281679,4,1.99088942395612,1.28966377199986,0.673570682943099,1.5,-0.619486307717012,-0.512652640687681,-0.191071487197587
"104",104,"male","Asian","yr3","STEM","stats","Auditory",2.66666666666667,-1.23434482672367,-1.22978711471547,-0.725032775952102,1.5,-0.939996728926976,-0.601232244712945,-0.413722361904138,3.66666666666667,1.08821549063969,0.656747792683981,1.47663215861975,4,2.16388020613332,1.56471696316812,0.565105345019697,3.83333333333333,1.76053029627541,1.13046833581109,0.801961939549671,3,-0.52053213185429,-0.493358770481229,-0.200606648431598,4.28571428571429,1.59488600358017,0.848285450484267,0.566758279622575,3.71428571428571,0.544578082336766,0.421937317616966,0.177449535732132,4,2.24366362724544,1.21187811041774,0.718654048473909,4.85714285714286,3.27126994412224,2.10910782373326,1.21588540534706,3.42857142857143,0.291249891471051,0.167175000173966,0.0558204852695153,3,1.20129499293155,0.658214074469996,0.562622425893592,3.66666666666667,1.29625147828758,1.0144716520406,0.396330247157491,2,0.331248917891687,-0.122905289357089,-0.0704181400309192
"105",105,"female","white","yr2","STEM","math03","Kinesthetic",4.33333333333333,1.19314695329773,0.781958267228272,0.645908454354947,2.5,0.848856086834717,0.230989040973212,0.361959849609818,2.66666666666667,-1.42327928446425,-0.677366718829742,-0.827002473751335,2.2,-2.94971702608534,-1.84403464425958,-0.945997828706539,1.83333333333333,-2.15968483361968,-1.38205765123332,-0.984324598419758,1.71428571428571,-3.51497183301713,-2.05298156374478,-1.30428669708123,2.85714285714286,-1.80173964213924,-0.968708174503464,-0.612200767480713,1.71428571428571,-4.28569671097077,-2.62356392144841,-1.41146189238288,2.14285714285714,-1.88778611003757,-0.69200726094654,-0.904106889795201,1.71428571428571,-3.87657177427462,-2.5544226691113,-1.56878017359918,1.28571428571429,-4.50036738949362,-2.63552106491568,-1.66093128848337,1.66666666666667,-1.48257571568468,-1.24026549884322,-0.60020447513276,2.33333333333333,-1.42291245136976,-1.00838332425271,-0.477376300366052,1.25,-1.09485392052136,-0.707526316352977,-0.251398160780922
"106",106,"male","white","yr3","Business","math03","Kinesthetic",5,2.14245548464502,1.47441255690006,1.14164342203661,3.75,3.05561442337293,2.02630905315419,1.39519676652417,2.33333333333333,-2.88366886308507,-1.53488332486397,-1.87004352818225,2.7,-1.41361477640237,-0.80924417762362,-0.382546061393215,1.66666666666667,-2.45385797810574,-1.57714532329451,-1.11874120776066,1.42857142857143,-4.3197411857943,-2.37055393465757,-1.68619907945689,3.14285714285714,-1.11757263543531,-0.654825890127226,-0.363172646391262,1.85714285714286,-4.06304278158472,-2.53740285563776,-1.38536254870389,2.14285714285714,-1.78148725782806,-0.898532467559892,-0.620978135448991,1.85714285714286,-3.69783160291176,-2.15359854651322,-1.55074542697648,2.14285714285714,-2.63299997525608,-1.34743476249516,-0.873903236121646,2.33333333333333,-0.184638342750558,-0.152697375630158,-0.0976173256084611,3,-0.0487548449240131,-0.0622943890997189,-0.00699482262527438,1.75,-0.144118694912662,-0.317778965022385,-0.130744813614253
"107",107,"female","Black","yr5+","Health","math02","Kinesthetic",4,0.726844657074171,0.567189852853173,0.419840539947484,2.75,1.2832300176531,0.925618892452298,0.595016622316276,2,0.325383518477306,0.558974333042071,-1.8025771855801,2.8,-1.24798260033607,-0.694232076890849,-0.380635434152527,1.33333333333333,-3.1622963220745,-1.87257623928036,-1.45219366397373,2.57142857142857,-1.36327510001275,-0.922183717093144,-0.4008732533368,3.28571428571429,-0.744310305252153,-0.478274496132395,-0.238566585803749,3.42857142857143,-0.220091792851216,-0.165217496538189,-0.121483088513579,2.57142857142857,-0.749725980987043,-0.649505006934826,-0.261311157979927,3,-0.955579433588461,-0.73364854259176,-0.367820742817317,2.28571428571429,-2.28015932309765,-1.38095096705569,-0.813036130175247,1.66666666666667,-1.52446825371337,-0.996890466312252,-0.679056384033712,4,1.99088942395612,1.28966377199986,0.673570682943099,1.75,0.0672973186755506,0.0927206880744952,0.138401481095613
"108",108,"female","other","yr1","STEM","stats","Visual",1.33333333333333,-3.12248825271946,-2.1634362358676,-1.68420655441671,1.5,-0.915736377624857,-0.697344784001885,-0.424714538699935,2.33333333333333,-0.0933867470867269,-0.111372372576909,-3.49145252261304,3.4,0.60327413406532,0.209433521359863,0.259369527936684,1.33333333333333,-3.12937325441479,-1.97982643839174,-1.43058206225879,2.71428571428571,-1.00857955847656,-0.782607991782654,-0.284781732170202,3.71428571428571,0.203213072467189,0.420374926825207,0.0666425570968437,3,-1.03806746587933,-0.817081509487476,-0.301955934804842,2.14285714285714,-1.49430672205908,-0.957334648246492,-0.460942465080588,2.85714285714286,-1.06323515501492,-0.945319047861175,-0.298604996534177,2.14285714285714,-2.57152772567007,-1.68897832729545,-1.00774789460088,2.66666666666667,0.508328325090495,0.252758349419919,0.232502550142566,3,-0.0487548449240131,-0.0622943890997189,-0.00699482262527438,1.5,-0.457028114729523,0.266312448197064,-0.00419013094026399
"109",109,"male","Asian","yr3","STEM","math03","Auditory",3.66666666666667,0.220904180848895,0.0149285139047472,0.0952713658385237,1,-1.79422804288445,-1.11806932750387,-0.821282758780936,3,0.967204332822696,0.654653537966838,-0.324431084130683,5,5.14006484697988,3.24043328690884,1.54541374373052,2,-1.70066009943836,-1.28399612119624,-0.761405284568287,2.85714285714286,-0.656872383002856,-0.550401623511693,-0.153937303700138,4,0.926247024029409,0.548799543383118,0.26392399054669,2.71428571428571,-1.75267664384398,-1.08205762437365,-0.546914481039736,2.14285714285714,-1.69455420591484,-1.02686166788791,-0.745151837965347,4.28571428571429,2.30733205457614,1.28488997103828,1.00859896835042,3,-0.698089313746232,-0.522061234030201,-0.264733717207385,2,-0.831501585872319,-0.591434741262175,-0.348936508282686,3.66666666666667,1.32540276152173,0.883794546053271,0.463386655115504,1.25,-1.19656548524939,-0.649263470838488,-0.297418822153198
"110",110,"male","white","yr2","Other","math02","Auditory",1.66666666666667,-2.63948201759573,-1.68575036057091,-1.41453950114251,1.25,-1.38304712852697,-0.855036885449504,-0.608775446018514,3.33333333333333,1.49749987277741,1.03766649323871,1.25907963511049,3.2,-0.144354611619465,0.0655094620810929,-0.131153946377931,4.83333333333333,3.66300735912874,2.37864981431257,1.66969557677923,4.71428571428571,3.28025594387283,1.96062133043282,1.22957592344161,4.85714285714286,2.99331998677838,1.78813207336484,0.983560888037269,5,3.74144114399981,2.28283476961181,1.26187175459162,3.42857142857143,1.3284262973365,0.728448644907835,0.509617247529446,4.57142857142857,2.60308522806972,1.65018359444075,0.974785114322413,5,3.73794706238797,2.23668202166913,1.38459868253754,2.66666666666667,0.508328325090495,0.252758349419919,0.232502550142566,3,-0.0487548449240131,-0.0622943890997189,-0.00699482262527438,1.25,-1.19656548524939,-0.649263470838488,-0.297418822153198
"111",111,"female","white","yr2","STEM","math01","Kinesthetic",2.33333333333333,-1.68394318404706,-1.18163806816898,-0.907501551492826,1.5,-0.939996728926976,-0.601232244712945,-0.413722361904138,3,1.90678425491513,1.41858519379344,1.04152711160124,3.3,0.313183769201684,0.117877846832636,0.208179189857992,2.5,-0.895751975736466,-0.399013965025544,-0.417046777740072,3.71428571428571,0.924607972694286,0.566153791004397,0.292252894934164,3.71428571428571,0.222745901989237,0.153355938629163,0.0425792864983707,3.71428571428571,0.548170250702604,0.31170671353531,0.192274809466842,2.42857142857143,-1.00971050030175,-0.313097334944708,-0.339391501346141,3.42857142857143,-0.0689768169316524,0.0459555545860399,-0.0806550483976823,4.28571428571429,2.1827256024653,1.16754430505191,0.824434066409093,1.66666666666667,-1.48257571568468,-1.24026549884322,-0.60020447513276,2.66666666666667,-0.72827450570122,-0.733191204293443,-0.200135864580444,1.25,-1.19656548524939,-0.649263470838488,-0.297418822153198
"112",112,"female","Black","yr1","Other","math01","Auditory",5,2.14245548464502,1.47441255690006,1.14164342203661,4.5,4.36068807819065,2.96930711240846,2.01131600341349,3,0.0371102941565809,0.180149887204485,0.216038580679579,4.6,4.33687024916806,2.42024370505253,1.43582682441808,3,0.0958063415389203,0.119062499372324,0.0407996177141286,3,-0.657878264118997,-0.307747691277502,-0.279546433933169,3,-1.50464408453354,-0.936700316326251,-0.481717415392091,3,-1.19521793447544,-0.675355657478984,-0.411400972662834,3,0.193256545329035,0.132147891150883,0.0631382206629184,3,-0.99242688860333,-0.550449613348739,-0.416589525753715,3,-0.692687153800795,-0.324309887974433,-0.214465075211061,3,1.15940245490286,0.901589107000962,0.48377051699264,3,-0.0487548449240131,-0.0622943890997189,-0.00699482262527438,3,2.81001670514085,1.72952846425674,0.718957528014161
"113",113,"female","Black","yr1","STEM","math02","Auditory",3,-0.711700411598224,-0.414608314845453,-0.356864462976403,1.5,-0.900335302424213,-0.438103710303957,-0.417670834654042,4.33333333333333,1.19974076503037,0.369414042336875,1.37126754082799,3.4,0.520240764958672,0.335159717436441,0.183677618786591,1.33333333333333,-3.0987503516664,-2.01156366663136,-1.41181810823367,1.85714285714286,-3.099540949393,-1.76561728496777,-1.14332641488266,1.85714285714286,-4.14961947813649,-2.71989590464772,-1.31426864037294,2.28571428571429,-2.94964166031137,-1.91800890545188,-1.02488569554735,1.57142857142857,-2.94047913301333,-1.62522829273115,-1.05326548514241,2,-3.23640065354224,-1.92363994391435,-1.2625968699901,2.14285714285714,-2.6093613458678,-1.7824684732757,-1.08080248225689,2,-0.831501585872319,-0.591434741262175,-0.348936508282686,3.33333333333333,0.616731817510375,0.343574836846872,0.203189205202321,1.5,-0.615489865650935,-0.249139968624752,-0.102519001214931
"114",114,"male","white","yr1","STEM","math04","Kinesthetic",3,-0.711700411598224,-0.414608314845453,-0.356864462976403,1.25,-1.38304712852697,-0.855036885449504,-0.608775446018514,3.33333333333333,0.557919950684978,0.273734837412108,-0.106878560621431,4.3,3.05834773473094,1.98807371611396,0.836608278962206,2.5,-0.822057091028953,-0.458489287744366,-0.37919048764005,3.28571428571429,0.282959943724654,0.0112975781774074,0.156857165742042,3.71428571428571,0.304277608983784,0.213798124149452,0.118041625942043,3.28571428571429,-0.416991420217277,-0.182600285034026,-0.0561207785230548,2.85714285714286,0.157263541287376,-0.0494287529701586,0.149358975424277,4.28571428571429,2.30733205457614,1.28488997103828,1.00859896835042,1.71428571428571,-3.53963511108865,-2.3619653168559,-1.43353569505497,1.66666666666667,-1.47836482899408,-1.03017210689419,-0.600255690956911,3.33333333333333,0.616731817510375,0.343574836846872,0.203189205202321,1,-1.67193309805374,-0.844137146503784,-0.357745495736532
"115",115,"female","other","yr1","Other","math02","Auditory",4.33333333333333,1.19314695329773,0.781958267228272,0.645908454354947,3.5,2.62124049255455,1.3316792016751,1.16213999381771,3,-0.902469627935849,-0.583781768622119,-1.14991961505235,2.1,-3.34286057095664,-2.02398941411146,-1.10002737981904,1.83333333333333,-2.11413672138094,-1.34093397524657,-0.96407457635829,2.42857142857143,-1.84367925246743,-1.08427065420755,-0.658634229079391,2.85714285714286,-1.85277026689609,-1.01566697817654,-0.614982842576335,3,-1.163071590983,-0.928527753736994,-0.419811420225661,1.85714285714286,-2.13129945981067,-1.04593816384757,-0.688494990652708,2.42857142857143,-2.21385253661402,-1.30993965455536,-0.904494912312668,3.57142857142857,0.576036094713336,0.372694366551436,0.292640762100874,2.66666666666667,0.508328325090495,0.252758349419919,0.232502550142566,3.33333333333333,0.630764815853194,0.608602426094005,0.186146219329896,1.25,-1.09485392052136,-0.707526316352977,-0.251398160780922
"116",116,"male","white","yr2","STEM","other","Kinesthetic",1.33333333333333,-3.12248825271946,-2.1634362358676,-1.68420655441671,1,-1.79422804288445,-1.11806932750387,-0.821282758780936,3.66666666666667,2.0183095293058,1.13125144344633,0.936162493809483,4,2.22194812050106,1.46303598975198,0.644759526732645,2.83333333333333,-0.128543956550544,-0.235919275984876,-0.0472240994633149,3.28571428571429,0.324949650653323,-0.030899627781234,0.233477178296554,3.42857142857143,-0.408469173458206,-0.154512560710228,-0.101097884225608,3.28571428571429,-0.340003480083029,-0.137976340987723,-0.0497294868691208,3.14285714285714,0.618328561141855,0.306562687459006,0.153282371628433,3.85714285714286,1.07792413396782,0.695111052881885,0.432551722198462,3.85714285714286,1.2178489042249,0.757523287570055,0.500393602754364,4,3.15030649567803,2.3946129552641,1.31647754226797,4,1.99088942395612,1.28966377199986,0.673570682943099,1.75,-0.144118694912662,-0.317778965022385,-0.130744813614253
"117",117,"female","white","yr1","Health","stats","Kinesthetic",4,0.710140718174002,0.304272391931583,0.376241401080745,1.75,-0.560685299812004,-0.328972001340778,-0.18376082049367,3.33333333333333,1.49749987277741,1.03766649323871,1.25907963511049,3.6,1.14482584079715,0.636789015453812,0.393290502895364,2.5,-0.742024849822683,-0.658669457687001,-0.325170490829023,2.14285714285714,-2.44091167170601,-1.516319917206,-0.879486446558501,3.42857142857143,-0.491319425234356,-0.0419867214163193,-0.197553516730991,2.57142857142857,-2.16443658368492,-1.28645847294658,-0.673663756426186,2,-2.01435711462052,-0.669766626869183,-0.796338903482199,2.57142857142857,-1.74675893722424,-1.36100887650501,-0.543113469038379,2.28571428571429,-2.30023435794787,-1.50092474222608,-1.00839461047304,2.33333333333333,-0.138534918031266,-0.185979016212098,-0.0188166325316591,3.66666666666667,1.31136976317891,0.618766956806137,0.480429640987929,1,-1.67193309805374,-0.844137146503784,-0.357745495736532
"118",118,"female","Black","yr3","Business","math03","Kinesthetic",4.66666666666667,1.65944924952129,0.996726681603372,0.87197636876241,1.5,-0.908127243684467,-0.61046004603075,-0.431176590552184,3.33333333333333,-1.32123989349988,-1.2541284742411,-2.83879495208528,3.8,1.80817621666458,0.92260559623712,0.711040161978793,2.33333333333333,-1.09818290340901,-0.848823349215214,-0.487804282875363,3,-0.380696323341218,-0.539030507623657,-0.0334036866880548,3.71428571428571,0.150021798543765,0.179157740762284,-0.022852323265993,4,1.36552167082149,0.690085049782596,0.535086301025177,2.57142857142857,-0.860357118377958,-0.57912572002146,-0.429329014639867,3.28571428571429,-0.0604193541518452,-0.235318343567143,0.0544446331028682,3.71428571428571,0.904946208676439,0.321820393175956,0.265609785612304,3.33333333333333,1.76437315999592,1.58370150516395,0.656237790765912,2.66666666666667,-0.75742578893537,-0.602514098306118,-0.267192272538456,3.5,3.89683325167338,2.74313960933539,1.04461436997829
"119",119,"female","white","yr1","Health","stats","Kinesthetic",4.66666666666667,1.67615318842146,1.25964414252496,0.915575507629149,4.25,3.91763767859065,2.7155024716719,1.81626291929911,3.33333333333333,-0.381659971407452,-0.490196818414496,-1.47283675635336,2,-3.84828899832761,-2.00165414453149,-1.26620747000834,3.83333333333333,1.69226851118664,1.15630879228909,0.767727420420839,3.42857142857143,0.206518173451322,0.227307920470897,0.00287331889000567,3.42857142857143,-0.519736243035779,-0.203344826975039,-0.195793502443207,3,-1.16141187849152,-0.633150494133268,-0.406408174200912,3.71428571428571,1.79885811518524,0.937922450487907,0.61313117112547,3.71428571428571,0.719143803244764,0.546005209484681,0.258624157785257,3.28571428571429,-0.045983385987639,0.034593176082396,0.0416510448762516,2.33333333333333,-0.184638342750558,-0.152697375630158,-0.0976173256084611,2.66666666666667,-0.75742578893537,-0.602514098306118,-0.267192272538456,2.25,1.14612098107593,0.579306489027286,0.286953351094425
"120",120,"female","white","yr3","Business","math03","Visual",5,2.14245548464502,1.47441255690006,1.14164342203661,4,3.54718552557716,2.08788861531287,1.56826549704695,2.66666666666667,-2.36285920655668,-1.44129837465635,-2.19296066948326,1.9,-3.81508398190954,-2.29680600002581,-1.18394563709121,2.83333333333333,-0.230622059605403,-0.100421524619396,-0.111143066186271,2.85714285714286,-1.1408273647801,-0.362223118917974,-0.544268965677299,3,-1.50464408453354,-0.936700316326251,-0.481717415392091,3.14285714285714,-0.831908854013988,-0.407273819317284,-0.296905609343741,3.14285714285714,0.485081929984939,0.3904337659138,0.141998033595221,3.28571428571429,-0.13783886402261,-0.345406812873255,0.0178792219274111,3,-0.692687153800795,-0.324309887974433,-0.214465075211061,1.66666666666667,-1.48257571568468,-1.24026549884322,-0.60020447513276,2.66666666666667,-0.714241507358401,-0.468163615046309,-0.21717885045287,1.5,-0.721197872445042,-0.454389795173192,-0.237092148569864
"121",121,"female","white","yr5+","STEM","math03","Kinesthetic",3,-0.711700411598224,-0.414608314845453,-0.356864462976403,1.25,-1.38304712852697,-0.855036885449504,-0.608775446018514,3.66666666666667,2.02779541273212,1.42067944851058,2.84259035435167,3,-0.696168605977766,-0.314361307404878,-0.255894690265229,1.33333333333333,-3.12146402451642,-1.94459953416661,-1.42580260530103,1.57142857142857,-3.84156865638674,-2.25218514084366,-1.43363011175878,3,-1.56636009492542,-0.6124437229628,-0.541742152116954,1.42857142857143,-5.11408367174755,-3.25753313465429,-1.76408232469605,1.28571428571429,-3.43546518876572,-1.63465277136337,-1.14557809492132,1.57142857142857,-4.23924454363894,-2.71054264661478,-1.7038072202235,1,-5.12332136998956,-2.885301797618,-1.81352883295966,1.66666666666667,-1.48257571568468,-1.24026549884322,-0.60020447513276,3.33333333333333,0.616731817510375,0.343574836846872,0.203189205202321,1,-1.67193309805374,-0.844137146503784,-0.357745495736532
"122",122,"female","white","yr1","STEM","stats","Visual",3.33333333333333,-0.228694176474496,0.0630775604512372,-0.0871974097022006,1.75,-0.496946329326985,-0.347427603976387,-0.218669277789762,3,0.0276244107302661,-0.109278117859766,-1.69038927986261,3,-0.525749439810195,-0.60581595403489,-0.0578408302137489,3,0.1420222647791,0.0285396243171726,0.065135166931031,3.57142857142857,0.842413027337216,0.453380277963409,0.392086651805633,4,0.90519304166961,0.771666547546339,0.289272627047169,3.71428571428571,0.521851389463576,0.196866873748642,0.15840507359601,2.42857142857143,-1.16050462259678,-0.840396222547899,-0.570853951357868,4,1.47393957263921,0.850151923695141,0.646294507325451,3.42857142857143,0.239267649681178,0.00447537145517853,-0.00840562595382147,3,1.15940245490286,0.901589107000962,0.48377051699264,3.33333333333333,0.631850102401707,-0.0521298583875875,0.28728859903276,1.25,-1.19656548524939,-0.649263470838488,-0.297418822153198
"123",123,"female","white","yr5+","Health","stats","Visual",2.33333333333333,-1.68394318404706,-1.18163806816898,-0.907501551492826,1,-1.79422804288445,-1.11806932750387,-0.821282758780936,3.66666666666667,1.08821549063969,0.656747792683981,1.47663215861975,3.9,1.9436623520047,1.27003732613859,0.579020435192902,3,0.128729409198625,0.0118123002609521,0.0624112194290652,3,-0.56779464318435,-0.400022241768023,-0.18124472659664,3.85714285714286,0.585243356079917,0.35912059455115,0.195429409693368,3.28571428571429,-0.469811770492098,0.0437036060320363,-0.179398469126539,2.28571428571429,-1.42813346456554,-0.364250427811808,-0.545185166717577,3.42857142857143,0.0715794396538491,-0.0310514915725157,0.0427303315092252,3.42857142857143,0.225612454911901,0.334073050662379,0.186309979697713,3.66666666666667,2.49923236586567,1.74578219768306,1.06520957541789,3.33333333333333,0.630764815853194,0.608602426094005,0.186146219329896,1,-1.67193309805374,-0.844137146503784,-0.357745495736532
"124",124,"male","white","yr1","STEM","math03","Visual",1,-3.61172479004456,-2.45278011389444,-1.96517658965893,1,-1.79422804288445,-1.11806932750387,-0.821282758780936,4,2.54860506926052,1.51426439871821,2.51967321305066,5,5.14006484697988,3.24043328690884,1.54541374373052,2.66666666666667,-0.463549398594671,-0.358983653159823,-0.208031767476914,3.42857142857143,0.608184263241161,0.203393470579914,0.2798159173786,4.14285714285714,1.29934833342302,0.878512968518931,0.441412150593029,4.14285714285714,1.6055034330426,0.890851477487073,0.527756324064088,2.28571428571429,-1.4456593132731,-0.636627456661943,-0.599608993742518,4.28571428571429,2.09130250744051,1.25531561494387,0.829197918373616,3.85714285714286,1.17747654937094,0.53297980998922,0.311876547685432,4,3.15030649567803,2.3946129552641,1.31647754226797,4,1.99088942395612,1.28966377199986,0.673570682943099,2.5,1.48540727295645,0.150316370944525,0.142276529880302
"125",125,"male","white","yr1","STEM","stats","Kinesthetic",4.33333333333333,1.19314695329773,0.781958267228272,0.645908454354947,2.5,0.800518191550344,0.508685717306751,0.403912010951803,3,0.0276244107302661,-0.109278117859766,-1.69038927986261,3.9,1.85386869548454,1.06040067698763,0.516092832317343,3.5,1.11961991547258,0.661535315700721,0.516172087727831,3.14285714285714,-0.408505535097642,-0.16392498090636,-0.205484207224105,2.85714285714286,-1.86558171402859,-1.03399726997066,-0.604676812703204,3.57142857142857,0.2565302604986,0.244831018963302,0.101632238845049,3.28571428571429,0.738888465506522,0.322176411356321,0.17579797330513,3,-0.819603964160027,-0.456892842701915,-0.30199089360139,2.85714285714286,-1.00800686170625,-0.687875261918954,-0.403785215896359,3,1.15940245490286,0.901589107000962,0.48377051699264,3,-0.0487548449240131,-0.0622943890997189,-0.00699482262527438,2.25,1.14612098107593,0.579306489027286,0.286953351094425
"126",126,"male","Black","yr1","STEM","math03","Kinesthetic",1.66666666666667,-2.6561859564959,-1.9486678214925,-1.45813864000925,1,-1.79422804288445,-1.11806932750387,-0.821282758780936,3.66666666666667,2.95788945139823,1.89518309927294,2.30212068954141,4.8,4.65468057765534,2.89021893456875,1.45090900556015,2.5,-0.844891530417673,-0.566577096195864,-0.385456012634153,2.71428571428571,-1.0081638571386,-0.760978399691991,-0.264259923861714,3.42857142857143,-0.541191357419087,-0.1551148158203,-0.248972952998992,2,-3.56773391927948,-2.27032613897764,-1.17444305586671,2.14285714285714,-1.63758549199455,-1.173131731569,-0.558718360547971,3.57142857142857,0.577951586044514,0.240846832575961,0.253600946677031,3.57142857142857,0.579625291331001,0.238821009732952,0.272455052067071,3,1.15940245490286,0.901589107000962,0.48377051699264,3.66666666666667,1.29625147828758,1.0144716520406,0.396330247157491,1.25,-1.19656548524939,-0.649263470838488,-0.297418822153198
"127",127,"female","white","yr1","STEM","stats","Kinesthetic",3.33333333333333,-0.222463874273117,-0.125264436818617,-0.0758944277341815,3,1.75833270981546,1.25566732962671,0.792583285532997,4,-0.270134697016774,-0.777530568761602,-1.57820137414511,3.2,0.00239324932315188,0.0141047324951233,-0.0395356960224608,3.83333333333333,1.71661453794654,1.14547823999449,0.780474038022577,2.85714285714286,-1.0148054287023,-0.491041559888493,-0.400829963144249,3.28571428571429,-0.738947307982157,-0.608608172495428,-0.181980457683778,3,-1.19521793447544,-0.675355657478984,-0.411400972662834,3,0.208000306936059,-0.0277260866108376,0.0845432539746899,3.14285714285714,-0.563280425616703,-0.294072780176838,-0.246761102872673,3.42857142857143,0.263709389520349,0.245510343287695,0.0813978190436486,4,3.15030649567803,2.3946129552641,1.31647754226797,4,1.99088942395612,1.28966377199986,0.673570682943099,4,5.05099160673814,3.01636126963701,1.25730903988951
"128",128,"female","white","yr3","STEM","math04","Visual",2.33333333333333,-1.70064712294723,-1.44455552909057,-0.951100690359565,1.75,-0.496946329326985,-0.347427603976387,-0.218669277789762,4,-0.260648813590459,-0.488102563697352,0.328226486397073,3.2,0.0010398852974938,-0.051832771701161,0.102147533568224,2.83333333333333,-0.19999915685701,-0.132158752859015,-0.0923791121611433,3.28571428571429,0.168597373361837,0.113828521677174,0.0980980612299811,3.85714285714286,0.560307879168365,0.43242354518793,0.157056614501572,3.71428571428571,0.635122661541196,0.372161819953072,0.240188397280134,3,0.0523219312147338,0.188536326780111,-0.0629093350655919,3.42857142857143,0.0211453113360805,0.104321927042778,-0.0244201106898681,3.28571428571429,-0.0599304895639652,-0.0882006243058983,-0.0584306780424252,1.66666666666667,-1.48257571568468,-1.24026549884322,-0.60020447513276,3.66666666666667,1.29625147828758,1.0144716520406,0.396330247157491,1.5,-0.619486307717012,-0.512652640687681,-0.191071487197587
"129",129,"male","white","yr1","STEM","math04","Kinesthetic",4,0.710140718174002,0.304272391931583,0.376241401080745,1.25,-1.38304712852697,-0.855036885449504,-0.608775446018514,3.33333333333333,0.567405834111292,0.563162842476358,1.79954929992076,3.4,0.551436462726073,0.0808859339361491,0.191700692873428,1.16666666666667,-3.48788094684907,-2.07933207297628,-1.60174078242193,3.28571428571429,0.279971577662181,0.103928221137878,0.171610073045507,1.71428571428571,-4.57399687891731,-2.75420825780852,-1.47368874954319,3,-1.06559832405792,-0.749025762086524,-0.332813893777564,1.57142857142857,-2.80056180787683,-1.24704473053707,-0.991876376561542,3.14285714285714,-0.417617010744633,-0.37176941385712,-0.0632609113637014,2.14285714285714,-2.63990541490126,-1.59954929075787,-0.883810668234242,2.33333333333333,-0.184638342750558,-0.152697375630158,-0.0976173256084611,3.33333333333333,0.616731817510375,0.343574836846872,0.203189205202321,1.75,-0.0424071301846323,-0.376041810536874,-0.0847241522419766
"130",130,"female","white","yr2","Business","math03","Visual",4.66666666666667,1.65944924952129,0.996726681603372,0.87197636876241,4.25,3.95836643993464,2.35092105736723,1.78077280980937,2.66666666666667,-2.35337332313036,-1.1518703695921,-0.286532808941072,2.7,-1.50483841474886,-1.16780678888779,-0.512132643377513,1.33333333333333,-3.14581005127633,-1.93376898187201,-1.43854922290277,1.14285714285714,-4.94771964758453,-2.80832308125878,-1.91951321977801,2.28571428571429,-3.29379069035317,-1.81304802222868,-1.12196844861812,2.71428571428571,-1.94190648691305,-1.02888853117261,-0.693639092137724,1.85714285714286,-2.28314400756003,-1.37001158684099,-0.763395515775558,1,-5.61509787851869,-3.45367987215748,-2.21851524015639,2.42857142857143,-1.98591693086573,-1.34719078244562,-0.833009869042799,1.66666666666667,-1.48257571568468,-1.24026549884322,-0.60020447513276,2.66666666666667,-0.75742578893537,-0.602514098306118,-0.267192272538456,2.25,1.15411386520809,1.10633183315314,0.464058323059738
"131",131,"female","white","yr2","Business","math02","Kinesthetic",3.33333333333333,-0.239167813173285,-0.388181897740207,-0.11949356660092,1.5,-0.883866892382348,-0.70657258531969,-0.442168767347981,3.66666666666667,0.148635568547259,-0.107183863142622,0.110673962887821,2.4,-2.5243793577328,-1.58247601191601,-0.92550254767986,3.16666666666667,0.403940152606883,0.199230944447832,0.182025701712428,4,1.59771969894611,1.03982751045701,0.519765365727275,4.42857142857143,1.96234436413188,0.962581106646572,0.647586786940877,3.85714285714286,0.840816463482781,0.554943089143349,0.246196800702489,3,0.340396532690008,0.0926788732997089,0.205733136506259,4.28571428571429,2.10508300721013,1.39770810390113,0.843102796525004,4.28571428571429,2.15047489309111,1.18004094258788,0.786027627573349,2.66666666666667,0.466435787061802,0.496133381950885,0.153650641241613,2.66666666666667,-0.72827450570122,-0.733191204293443,-0.200135864580444,2,0.463333796749446,0.237445832328039,0.0460328687838809
"132",132,"female","white","yr1","Other","math02","Visual",4.33333333333333,1.17644301439756,0.519040806306683,0.602309315488208,3.25,2.1703981516943,0.905518225211752,0.953581153805195,3,0.967204332822696,0.654653537966838,-0.324431084130683,2.5,-2.2034248019037,-1.52391064478594,-0.720929614213951,3,0.114768742616716,0.126731527246633,0.0556017447716645,3.42857142857143,0.414463658804098,0.155693038053023,0.147639126582592,4.42857142857143,1.95353967609152,1.18230344073641,0.636983405970786,3.85714285714286,0.967547270097411,0.620037737931135,0.331765511345233,2.28571428571429,-1.54860246770663,-0.538765526923012,-0.652863632707159,2.71428571428571,-1.39220170988182,-1.11166583810898,-0.430588583496901,2.71428571428571,-1.32214653022701,-1.14668398805695,-0.685482510983711,2.66666666666667,0.554431749809788,0.219476708837979,0.311303243219368,3.66666666666667,1.29625147828758,1.0144716520406,0.396330247157491,1,-1.67193309805374,-0.844137146503784,-0.357745495736532
"133",133,"female","white","yr5+","STEM","other","Kinesthetic",4,0.703910415972623,0.492614389201437,0.364938419112726,2.25,0.453259054997744,0.312669270372437,0.17646404864368,3.33333333333333,-0.381659971407452,-0.490196818414496,-1.47283675635336,2.9,-0.879706618153502,-0.611123834039635,-0.243657843069655,2.16666666666667,-1.52252572458908,-0.838491470783888,-0.697717116607746,2.85714285714286,-0.723556740697654,-0.519577616634469,-0.21153652173867,3.42857142857143,-0.480993584356247,-0.21755707147333,-0.188235501662905,3.71428571428571,0.605914996499282,0.39608673356173,0.213300293166776,2.85714285714286,-0.244631011779955,-0.00482469515993661,-0.342611476543077,3.14285714285714,-0.460823633436966,-0.307786999304711,-0.128063329188185,2.14285714285714,-2.57418242249277,-1.64342542824369,-1.08595435731541,1,-2.82240562664749,-2.08445858952531,-1.18164353355801,3.33333333333333,0.601613532619042,0.73927953208133,0.119089811371883,1.75,-0.144118694912662,-0.317778965022385,-0.130744813614253
"134",134,"female","other","yr1","STEM","stats","Auditory",3.66666666666667,0.260542360850612,0.352421438478073,0.193772625540021,2,-0.0537131224071297,-0.00815136548417046,-0.00364838592499508,3,-0.902469627935849,-0.583781768622119,-1.14991961505235,2.9,-0.986109547176394,-0.679389494260801,-0.355203158722016,3.5,1.12752914537095,0.69676221992585,0.520951544685595,2.71428571428571,-1.40235569266428,-0.492512375237233,-0.594875591971859,3.57142857142857,-0.14843410090474,-0.217302505142885,-0.0323399982781181,3.71428571428571,0.612910653239404,0.283635367810637,0.191868937264047,2.42857142857143,-1.03791887313945,-0.679815913451229,-0.417057721697417,3.42857142857143,-0.000556903988715551,0.149719477307595,-0.0653039310354015,3.57142857142857,0.575855343835228,0.464458929090986,0.308261255276929,2.33333333333333,-0.138534918031266,-0.185979016212098,-0.0188166325316591,3,-0.0627878432668317,-0.327321978346853,0.0100481632471516,2.5,1.75756991480412,1.39804395844064,0.552283519475216
"135",135,"female","white","yr1","Other","math01","Visual",2.33333333333333,-1.66723924514689,-0.918720607247388,-0.863902412626087,2,-0.0218436371646205,-0.0173791668019752,-0.0211026145730408,3.66666666666667,0.167607335399889,0.471672146985879,3.9235296839722,2.4,-2.66087403919238,-1.30179304414761,-0.977014703719586,2.16666666666667,-1.50228818201868,-0.97431737371459,-0.684890305526956,2.71428571428571,-1.37297969729949,-0.739224204771473,-0.583678917280792,2.42857142857143,-2.85552974265023,-1.85074752211741,-0.905684796171985,3.42857142857143,-0.178636590211855,-0.11644712037587,-0.0877978205434919,2.71428571428571,-0.416020529771313,-0.319942004025189,-0.0925724514492732,2.28571428571429,-2.61387545218369,-1.58853806372542,-1.03556827158487,3,-0.692687153800795,-0.324309887974433,-0.214465075211061,2,-0.831501585872319,-0.591434741262175,-0.348936508282686,2,-2.08839911380415,-1.4142525501993,-0.687560328193648,2,0.569041803543553,0.442695658876479,0.180606016138814
"136",136,"female","white","yr3","Business","math02","Kinesthetic",4.33333333333333,1.19314695329773,0.781958267228272,0.645908454354947,1.5,-0.939996728926976,-0.601232244712945,-0.413722361904138,3.33333333333333,-1.31175401007357,-0.964700469176849,-0.932367091543093,2.6,-1.73116268571572,-1.13547688587307,-0.450678177049202,2.16666666666667,-1.47878593162852,-0.997876116304994,-0.674539253377418,2.57142857142857,-1.36028673395027,-1.01481436005361,-0.415626160640266,3.57142857142857,-0.14687427630911,-0.108834802865302,-0.00244927239423295,3,-1.16141187849152,-0.633150494133268,-0.406408174200912,2,-2.08720599868802,-1.20122040292643,-0.831148526191423,4,1.51940526086646,0.879407294469176,0.664842981056178,3.14285714285714,-0.354418421385622,-0.115037914489215,-0.0444719575211514,1.33333333333333,-2.17554238352573,-1.6457212238933,-0.930324350883787,3.33333333333333,0.631850102401707,-0.0521298583875875,0.28728859903276,3,2.73068557041039,1.67937993284499,0.566262242119094
"137",137,"female","Black","yr1","STEM","math03","Kinesthetic",3,-0.734634652699772,-0.489183778497188,-0.411766583811161,1.75,-0.472685978024866,-0.443540143265327,-0.229661454585559,4.33333333333333,0.269646726364252,-0.105089608425478,1.91173720563825,4,2.22194812050106,1.46303598975198,0.644759526732645,2.33333333333333,-1.17826461855192,-0.633507893200661,-0.547501560113378,3.42857142857143,0.258970500706623,0.337031646115559,0.011067354519502,4.14285714285714,1.2515597068891,0.831011820015273,0.414353336020461,3.85714285714286,1.07434649054125,0.850235776190503,0.44348565244213,2.14285714285714,-1.58459547174828,-0.720342171044053,-0.5666428779458,3.85714285714286,1.30579194304299,0.742191166573661,0.666749913198993,2.28571428571429,-2.24261761170696,-1.73985230067093,-1.03477887108945,2.66666666666667,0.508328325090495,0.252758349419919,0.232502550142566,3.66666666666667,1.29625147828758,1.0144716520406,0.396330247157491,1,-1.67193309805374,-0.844137146503784,-0.357745495736532
"138",138,"female","white","yr3","STEM","other","Auditory",2.66666666666667,-1.19470664672195,-0.892294190142142,-0.626531516250605,1.5,-0.939996728926976,-0.601232244712945,-0.413722361904138,4,1.6185110305944,1.03976074795585,3.06014287786092,4,2.26977351114986,1.3073406808212,0.641698115593287,2.83333333333333,-0.19999915685701,-0.132158752859015,-0.0923791121611433,4.14285714285714,2.02171920604408,1.22057568985864,0.761406192898867,4.57142857142857,2.29134001757596,1.43684045264371,0.760930818086944,4.85714285714286,3.4411457845642,2.03303318118717,1.1792572938478,3.28571428571429,1.00047008494051,0.612925820230178,0.310109553884473,4.71428571428571,3.14827515653898,1.94067171911251,1.28169297015064,3.57142857142857,0.631199662147347,0.125735389508595,0.0791398394185844,1.33333333333333,-2.17554238352573,-1.6457212238933,-0.930324350883787,3.66666666666667,1.29625147828758,1.0144716520406,0.396330247157491,1,-1.67193309805374,-0.844137146503784,-0.357745495736532
"139",139,"female","white","yr1","Business","math03","Kinesthetic",2,-2.19611396247372,-1.54555740984755,-1.24337370756981,1.25,-1.38304712852697,-0.855036885449504,-0.608775446018514,4,0.678931108501971,0.275829092129251,1.694184682129,2.6,-2.05954281540154,-0.832899996246404,-0.735693948337091,3.83333333333333,1.73310080874472,1.08428549740285,0.794118479093539,4.14285714285714,1.93112465711659,1.09702898581627,0.660646582414876,4.14285714285714,1.21453789359475,0.800529735650164,0.38380396166522,3.85714285714286,0.951069046948541,0.692437936479254,0.293343392243237,4.42857142857143,3.35470788632264,1.52603769545792,1.25138377992817,4.14285714285714,1.65598672175261,1.09566890971765,0.617417075515292,4.14285714285714,1.82741100436227,1.15484884612464,0.66974000457211,2,-0.835712472562919,-0.801528133211202,-0.348885292458535,3,-0.0627878432668317,-0.327321978346853,0.0100481632471516,1.5,-0.619486307717012,-0.512652640687681,-0.191071487197587
"140",140,"female","white","yr1","STEM","math03","Visual",3,-0.728404350498393,-0.677525775767043,-0.400463601843142,1.5,-0.971866214169485,-0.592004443395141,-0.396268133256092,3.33333333333333,1.49749987277741,1.03766649323871,1.25907963511049,2.9,-0.900288650296534,-0.600418997810104,-0.178572964469962,1.5,-2.84395311619685,-1.83269386085148,-1.30334047532786,1.57142857142857,-3.8419843577247,-2.27381473293432,-1.45415192006727,1.57142857142857,-4.87097125607141,-2.95733056831379,-1.56571753918361,2.28571428571429,-2.94745016887665,-1.73733407993369,-1.05813054828668,1.57142857142857,-2.88876120070334,-1.30905677855986,-1.02372598221441,1.71428571428571,-3.90352718667059,-2.35722504932406,-1.54330155661741,2.14285714285714,-2.55739987121563,-1.65794908944671,-0.923286664858254,3,1.15940245490286,0.901589107000962,0.48377051699264,3,-0.0487548449240131,-0.0622943890997189,-0.00699482262527438,1.5,-0.721197872445042,-0.454389795173192,-0.237092148569864
"141",141,"female","white","yr2","Other","other","Auditory",1.66666666666667,-2.63325171539435,-1.87409235784077,-1.40323651917449,1,-1.79422804288445,-1.11806932750387,-0.821282758780936,3.33333333333333,1.49749987277741,1.03766649323871,1.25907963511049,3,-0.696168605977766,-0.314361307404878,-0.255894690265229,4.66666666666667,3.37039527595051,2.04950849543337,1.54743734047295,4.28571428571429,2.33650862175204,1.25410192508064,0.910554649846948,5,3.31150917686338,1.92132264130113,1.09454554129571,4,1.27311160476219,0.803739556066415,0.425235390964391,3.42857142857143,1.40033879291518,0.423355177220601,0.670799377868074,4.42857142857143,2.47022648710119,1.54465079768218,1.05450599980418,5,3.73794706238797,2.23668202166913,1.38459868253754,3,1.15940245490286,0.901589107000962,0.48377051699264,3,-0.0487548449240131,-0.0622943890997189,-0.00699482262527438,3,2.81001670514085,1.72952846425674,0.718957528014161
"142",142,"female","white","yr2","STEM","other","Visual",4,0.703910415972623,0.492614389201437,0.364938419112726,2.75,1.32395877899708,0.561037478147624,0.559526512826539,3.33333333333333,-0.381659971407452,-0.490196818414496,-1.47283675635336,4,2.22194812050106,1.46303598975198,0.644759526732645,1.5,-2.80542098355009,-1.82920418486597,-1.27979706434497,1.28571428571429,-4.52369242396847,-2.63422362743435,-1.72010866421991,2,-3.90239389599227,-2.28154814951941,-1.2858570327835,1.85714285714286,-4.05963929321044,-2.5396236173072,-1.42161917834133,1.71428571428571,-2.88094918004583,-1.20912897773464,-1.21534600086852,1.42857142857143,-4.57171190272311,-2.81614927861656,-1.78440184764206,2,-2.9268630909108,-1.73985403111251,-1.06915225026256,2.66666666666667,0.508328325090495,0.252758349419919,0.232502550142566,3,-0.0627878432668317,-0.327321978346853,0.0100481632471516,1.5,-0.619486307717012,-0.512652640687681,-0.191071487197587
"143",143,"female","white","yr3","Health","stats","Kinesthetic",2.66666666666667,-1.20093694892333,-0.703952192872288,-0.637834498218624,1,-1.79422804288445,-1.11806932750387,-0.821282758780936,3.33333333333333,-0.362688204554823,0.088659191714005,2.34001896473102,3,-0.696168605977766,-0.314361307404878,-0.255894690265229,4,2.04219916272112,1.3522340736904,0.930021156470777,4,1.63407371542722,1.02491321206767,0.585424469232283,4,0.90343254616492,0.49231116248744,0.30641406295181,4,1.27311160476219,0.803739556066415,0.425235390964391,4,2.37887639199355,1.22651923176723,0.847737547775263,4,1.31890860635435,0.90116551605563,0.48437333144762,4,1.52262995429359,0.956186066847349,0.585066803663237,2,-0.831501585872319,-0.591434741262175,-0.348936508282686,2,-2.08839911380415,-1.4142525501993,-0.687560328193648,2,0.569041803543553,0.442695658876479,0.180606016138814
"144",144,"female","white","yr1","Other","math02","Kinesthetic",4.66666666666667,1.67615318842146,1.25964414252496,0.915575507629149,2.25,0.437675172477235,-0.0320434010811506,0.149452536847396,3,-1.84204955002828,-1.34771342444872,-2.51587781078427,2.6,-1.72291213634333,-1.19914657625089,-0.528149681323378,2.66666666666667,-0.593845566720356,-0.313074130076933,-0.276160749738175,3.28571428571429,-0.144262372691589,0.232552398823484,-0.104991398124108,3,-1.45325197787269,-1.03915423356699,-0.406257190910504,3,-1.17706290446325,-0.703625022234808,-0.376948708420202,3,0.177468105290664,0.441524131525217,0.00480778374497537,3.57142857142857,0.442870442230545,0.337522785948027,0.14753706892787,2.42857142857143,-1.95160771857403,-1.03498561153409,-0.71813405983065,3,1.15940245490286,0.901589107000962,0.48377051699264,3,-0.0487548449240131,-0.0622943890997189,-0.00699482262527438,1.5,-0.721197872445042,-0.454389795173192,-0.237092148569864
"145",145,"female","white","yr1","Other","math01","Visual",3.33333333333333,-0.228694176474496,0.0630775604512372,-0.0871974097022006,2.5,0.872049103295616,0.662586450397935,0.382509309553854,2,-0.604710520188809,0.0844706822797178,-1.26210752076984,2.8,-1.33510958240603,-0.623202682531416,-0.440577523721282,2,-1.85058647964328,-1.11410907494576,-0.84842192104252,3.42857142857143,0.273202531146119,0.196483913593673,0.0604725369285376,3.28571428571429,-0.756596334182384,-0.493213218238061,-0.209037157294259,3.71428571428571,0.581976306686529,0.353911876881026,0.197267607928764,3.57142857142857,1.54034701927526,0.642637364200791,0.647025622136053,3,-0.99242688860333,-0.550449613348739,-0.416589525753715,3.85714285714286,1.20445702386634,0.905068113422323,0.517142460095821,2.66666666666667,0.508328325090495,0.252758349419919,0.232502550142566,2,-2.08839911380415,-1.4142525501993,-0.687560328193648,2.25,1.0444094163479,0.637569334541775,0.240932689722148
"146",146,"female","white","yr2","Health","stats","Kinesthetic",3,-0.728404350498393,-0.677525775767043,-0.400463601843142,1.5,-0.915736377624857,-0.697344784001885,-0.424714538699935,3.33333333333333,-0.381659971407452,-0.490196818414496,-1.47283675635336,2.1,-3.31243907530779,-2.03830677885641,-1.04980732189716,2,-1.79809368041461,-1.22553862594593,-0.818069035402228,2.71428571428571,-1.19788178484873,-0.693966594804719,-0.480051051736761,3.57142857142857,-0.208630895605953,0.104873746187684,-0.118403603729796,3.28571428571429,-0.544325842099582,-0.457193941643535,-0.220130234495404,3.28571428571429,0.943468234543685,0.527849350697725,0.34489644850362,3.14285714285714,-0.503846700371106,-0.423121652207576,-0.158396366860404,2.57142857142857,-1.6489981412726,-0.771108206233966,-0.581982164118736,1.66666666666667,-1.52446825371337,-0.996890466312252,-0.679056384033712,3.33333333333333,0.601613532619042,0.73927953208133,0.119089811371883,1,-1.67193309805374,-0.844137146503784,-0.357745495736532
"147",147,"male","white","yr3","STEM","stats","Kinesthetic",1,-3.61172479004456,-2.45278011389444,-1.96517658965893,1,-1.79422804288445,-1.11806932750387,-0.821282758780936,5,1.32075192284736,0.371508297054018,3.17233078357842,3.6,1.18084663507868,0.582536695609197,0.404777845217056,4,2.04219916272112,1.3522340736904,0.930021156470777,4,1.63407371542722,1.02491321206767,0.585424469232283,4,0.90343254616492,0.49231116248744,0.30641406295181,4,1.27311160476219,0.803739556066415,0.425235390964391,4,2.37887639199355,1.22651923176723,0.847737547775263,4,1.31890860635435,0.90116551605563,0.48437333144762,4,1.52262995429359,0.956186066847349,0.585066803663237,2,-0.831501585872319,-0.591434741262175,-0.348936508282686,3,-0.0487548449240131,-0.0622943890997189,-0.00699482262527438,1.75,-0.0344142460524795,0.150983533588984,0.0923808197233367
"148",148,"female","white","yr1","STEM","stats","Visual",3,-0.734634652699772,-0.489183778497188,-0.411766583811161,2.25,0.389337277192861,0.245653275252388,0.191404698189381,3,-0.902469627935849,-0.583781768622119,-1.14991961505235,2.4,-2.35420545281339,-1.49106444836862,-0.665659583547644,1.5,-2.78107495679019,-1.84003473716057,-1.26705044674323,2.28571428571429,-2.14770821527312,-1.38818395910106,-0.788318771075925,2.14285714285714,-3.60161536780218,-2.05749322197722,-1.19245899502258,2.28571428571429,-2.88424776785926,-1.82706367260885,-0.975167742339249,2,-2.05493638837344,-1.08871735183801,-0.75531966585471,2.14285714285714,-2.98007711499891,-1.76081988138928,-1.20736707926138,1.71428571428571,-3.53275043858118,-2.14803103348299,-1.33033855676707,2,-0.831501585872319,-0.591434741262175,-0.348936508282686,3,-0.0487548449240131,-0.0622943890997189,-0.00699482262527438,2,0.44095336675187,0.34585720925428,0.152707493306671
"149",149,"female","white","yr1","STEM","stats","Kinesthetic",4,0.710140718174002,0.304272391931583,0.376241401080745,1.75,-0.464894036764612,-0.271183807538533,-0.216155698687417,3,1.90678425491513,1.41858519379344,1.04152711160124,3.3,0.327050324859762,0.195603955045883,0.142843343598398,3,0.167261541845387,0.015301976246462,0.085954630411957,3.71428571428571,1.13561648377011,0.581516236068351,0.483254327288208,3.71428571428571,0.199693059819437,0.121398152384948,0.0755992747905335,3,-1.13341621038916,-0.474179820554305,-0.376508293189444,3.42857142857143,1.25215412712286,0.612326457684388,0.491279058418562,3.42857142857143,0.154474062296147,0.0987058849471064,0.0966172448424294,2.85714285714286,-1.00435287637696,-0.736906950624638,-0.402335414407829,3,1.15940245490286,0.901589107000962,0.48377051699264,3,-0.0638731298153453,0.33341030613474,-0.0910942164557125,1.5,-0.619486307717012,-0.512652640687681,-0.191071487197587
"150",150,"male","white","yr2","STEM","math02","Visual",2.33333333333333,-1.68394318404706,-1.18163806816898,-0.907501551492826,1.25,-1.35117764328446,-0.864264686767308,-0.62622967466656,3.33333333333333,-0.381659971407452,-0.490196818414496,-1.47283675635336,4,2.37420362441442,1.47092322913283,0.887278570774477,3.83333333333333,1.68918505041585,1.09929540158624,0.772630577566445,3.71428571428571,1.00746530082384,0.839575778603469,0.353375577062107,3.57142857142857,-0.0777942618955404,-0.0952295835644946,-0.0413486671495894,3.28571428571429,-0.543811157528184,-0.320649949917645,-0.249405232375369,1.57142857142857,-3.08457517187523,-1.40540280447477,-1.26235620814796,3.42857142857143,0.113397214682637,-0.0131217009026172,0.0468339482757664,3,-0.66716113319368,-0.680685616312659,-0.201586561663968,2,-0.831501585872319,-0.591434741262175,-0.348936508282686,3,-0.0196035616898622,-0.192971495087044,0.0600615853327378,1.5,-0.721197872445042,-0.454389795173192,-0.237092148569864
"151",151,"male","white","yr1","Health","stats","Auditory",1.33333333333333,-3.12248825271946,-2.1634362358676,-1.68420655441671,1,-1.79422804288445,-1.11806932750387,-0.821282758780936,4.33333333333333,1.19974076503037,0.369414042336875,1.37126754082799,4,2.22194812050106,1.46303598975198,0.644759526732645,1.66666666666667,-2.54633929852274,-1.38096428711229,-1.17308958662145,4.85714285714286,3.68569272380007,2.1154674466026,1.3930629557432,4.42857142857143,1.86876790802113,1.1686359261124,0.610551308828868,5,3.74144114399981,2.28283476961181,1.26187175459162,3.71428571428571,1.73628502814728,0.811428548115355,0.579272611720187,1.14285714285714,-5.37411340613216,-3.24762540898373,-2.16669363090723,4.28571428571429,2.15246860729699,1.41990108292258,0.840861486427421,2.33333333333333,-0.180427456059958,0.0573960163188686,-0.0976685414326116,3,-0.0627878432668317,-0.327321978346853,0.0100481632471516,1,-1.67193309805374,-0.844137146503784,-0.357745495736532
"152",152,"female","white","yr1","STEM","stats","Visual",3,-0.734634652699772,-0.489183778497188,-0.411766583811161,2.75,1.20390716464757,0.59936182363432,0.602913567816083,3.33333333333333,1.49749987277741,1.03766649323871,1.25907963511049,3.2,0.101388994717814,-0.207029641634583,0.134047497813515,3.33333333333333,0.787807888646148,0.46055087187791,0.366284913283229,4.14285714285714,2.0429145627549,1.10875827736764,0.75468040253889,3,-1.5560361911944,-0.834246399085515,-0.557177639873678,3.42857142857143,-0.0145574338950996,-0.0288954830699979,0.0459058822145944,2.85714285714286,-0.0328343275413096,-0.16308113386663,0.101180134412939,4,1.45293156724415,0.779150438800762,0.630041604799453,3.42857142857143,0.280574504330097,0.140698391269294,0.0817192563667772,2,-0.831501585872319,-0.591434741262175,-0.348936508282686,3,-0.0487548449240131,-0.0622943890997189,-0.00699482262527438,1.25,-1.09485392052136,-0.707526316352977,-0.251398160780922
"153",153,"female","white","yr1","STEM","stats","Kinesthetic",3,-0.751338591599941,-0.752101239418778,-0.4553657226779,1,-1.79422804288445,-1.11806932750387,-0.821282758780936,3.66666666666667,1.08821549063969,0.656747792683981,1.47663215861975,2.9,-0.790874349934924,-0.721416851222551,-0.112993440855297,2.66666666666667,-0.496472466254376,-0.251733454048451,-0.22964336919185,3.71428571428571,1.24444573986403,0.679227445002991,0.549804783102195,3.85714285714286,0.55302142845704,0.390331541567342,0.145740518920257,3.71428571428571,0.571594255943958,0.217337578490125,0.23758249258482,2.28571428571429,-1.17897752495387,-0.695872635821649,-0.236722041076518,3.71428571428571,0.785805034115795,0.34556533339106,0.349336918172137,3.57142857142857,0.626110178146667,0.418555767938117,0.230378819817173,1.33333333333333,-2.17133149683513,-1.43562783194427,-0.930375566707937,3.33333333333333,0.616731817510375,0.343574836846872,0.203189205202321,2.25,1.12374055107836,0.687717865953527,0.393627975617215
"154",154,"female","white","yr1","Health","stats","Kinesthetic",4.66666666666667,1.67615318842146,1.25964414252496,0.915575507629149,1.5,-0.939996728926976,-0.601232244712945,-0.413722361904138,4.33333333333333,1.20922664845668,0.658842047401125,3.27769540137018,2.7,-1.50992658171694,-1.13840497895951,-0.453901065784919,4.66666666666667,3.38368813153098,2.06623581948959,1.55016128797492,4.71428571428571,3.39163014817317,1.95072102989353,1.30308793525714,4.57142857142857,2.30915298007445,1.4742497889886,0.734532766947818,4.85714285714286,3.37813206353836,2.01475293145011,1.14737639127252,4.42857142857143,3.26546381506479,1.61352791004774,1.18260877066913,4.71428571428571,2.94210956278861,1.84819405515592,1.08837859949564,4.71428571428571,3.12838496225059,1.83935646311454,1.21525228071979,1,-2.82240562664749,-2.08445858952531,-1.18164353355801,3.66666666666667,1.29625147828758,1.0144716520406,0.396330247157491,1.75,0.0593044345433976,-0.434304656051363,-0.0387034908696999
"155",155,"female","white","yr3","Other","other","Kinesthetic",5,2.14245548464502,1.47441255690006,1.14164342203661,3.25,2.13852866645179,0.914746026529556,0.971035382453241,3.33333333333333,-0.372174087981137,-0.200768813350245,0.433591104188832,2.6,-1.69019830206332,-1.41640166796695,-0.462957152284237,4.83333333333333,3.66300735912874,2.37864981431257,1.66969557677923,5,3.92602569497344,2.35757411541285,1.45039537239774,5,3.31150917686338,1.92132264130113,1.09454554129571,5,3.74144114399981,2.28283476961181,1.26187175459162,4.28571428571429,3.29308857649244,1.40894290568664,1.33961348844194,5,3.63024410131203,2.35278064546,1.38533618864896,4.85714285714286,3.41288945945325,1.97162978487119,1.21347720068222,2,-0.835712472562919,-0.801528133211202,-0.348885292458535,3,-0.0347218465811944,0.202733200147415,-0.0240378084977003,2,0.432960482619717,-0.181168134871578,-0.0243974786586425
"156",156,"male","white","yr2","Other","math02","Visual",3,-0.734634652699772,-0.489183778497188,-0.411766583811161,2,-0.0218436371646205,-0.0173791668019752,-0.0211026145730408,4.33333333333333,0.269646726364252,-0.105089608425478,1.91173720563825,2.3,-2.70658322566536,-1.62091887858885,-0.832935747672905,1.66666666666667,-2.45385797810574,-1.57714532329451,-1.11874120776066,2,-3.04513385370946,-1.49922154447219,-1.23325814517617,3,-1.39317732240854,-0.976714362957662,-0.408727804847426,3,-1.26228863379088,-0.810431724114301,-0.45714907101157,3,0.275277954362418,0.46231025660631,0.0507074226594825,3.28571428571429,-0.37928705718267,-0.045048727101187,-0.295088793577277,3.28571428571429,-0.0329500150685657,0.283887679127205,0.146835234367963,3,1.15940245490286,0.901589107000962,0.48377051699264,1.33333333333333,-3.46255672024989,-2.36034148535229,-1.15794180593443,2,0.5426649314799,0.287594363739791,0.198728154678948
"157",157,"female","white","yr1","Other","stats","Visual",3.66666666666667,0.220904180848895,0.0149285139047472,0.0952713658385237,2,-0.0218436371646205,-0.0173791668019752,-0.0211026145730408,3.66666666666667,0.148635568547259,-0.107183863142622,0.110673962887821,2.8,-1.24027367139913,-0.838873815881763,-0.3720911091424,3,0.101189967221026,0.100562919203416,0.0387441082583307,3.71428571428571,1.00395885724475,0.737617584608176,0.328854415705654,4,0.81866077809453,0.478643647863433,0.279981965809892,3.85714285714286,0.934953211053049,0.394936987397799,0.323760935985201,3.28571428571429,0.914236825705195,0.649425972011668,0.396059109499746,4,1.37179562667376,0.953596861096316,0.50079304844165,2.85714285714286,-1.03095588621597,-0.533581861459651,-0.384458192900971,2.33333333333333,-0.184638342750558,-0.152697375630158,-0.0976173256084611,3,-0.0487548449240131,-0.0622943890997189,-0.00699482262527438,1.75,-0.144118694912662,-0.317778965022385,-0.130744813614253
"158",158,"female","white","yr3","Business","math02","Auditory",1,-3.61172479004456,-2.45278011389444,-1.96517658965893,1,-1.79422804288445,-1.11806932750387,-0.821282758780936,3,0.976690216249011,0.944081543031088,1.5819967764115,3.1,-0.417983557064303,0.0887707282729421,-0.212137469095696,4.83333333333333,3.66300735912874,2.37864981431257,1.66969557677923,4.71428571428571,3.39163014817317,1.95072102989353,1.30308793525714,4.42857142857143,1.98195551553131,1.08392755061759,0.660549545798594,4.42857142857143,2.35629883841745,1.27069773882493,0.795544719393723,4.57142857142857,3.6219790330749,1.98437289716868,1.34144490667758,4.85714285714286,3.30655883274993,2.11153578409617,1.27515088495529,4.57142857142857,2.77796132244916,1.80073514722549,1.10892149831663,2,-0.831501585872319,-0.591434741262175,-0.348936508282686,1.66666666666667,-2.75388577623853,-1.82012177614589,-0.897744356021244,1,-1.67193309805374,-0.844137146503784,-0.357745495736532
"159",159,"male","other","yr2","Business","math03","Kinesthetic",2.33333333333333,-1.70064712294723,-1.44455552909057,-0.951100690359565,1,-1.79422804288445,-1.11806932750387,-0.821282758780936,4.66666666666667,0.790456382892649,-0.0115046582178553,1.58882006433724,3.3,0.254362253521964,0.153713062760269,0.164505638780983,2.66666666666667,-0.487944899291212,-0.333017814793307,-0.22645566550564,3.71428571428571,1.12905416399175,0.371348297014109,0.449313706782754,4.85714285714286,3.00040382943356,1.61310406813841,1.0171556425823,3.85714285714286,0.996705060491688,0.686595253576503,0.386970535377302,3.42857142857143,1.16734356854887,0.672997666000718,0.468083196110737,4,1.51940526086646,0.879407294469176,0.664842981056178,3.71428571428571,0.920396591952509,0.498977375771189,0.325330298647253,2,-0.831501585872319,-0.591434741262175,-0.348936508282686,3,-0.0487548449240131,-0.0622943890997189,-0.00699482262527438,1.75,-0.144118694912662,-0.317778965022385,-0.130744813614253
"160",160,"female","white","yr2","Other","math02","Kinesthetic",4.33333333333333,1.17021271219618,0.707382803576537,0.591006333520189,2,-0.0383120472064849,0.251089708213758,0.00339531812089843,4,-0.260648813590459,-0.488102563697352,0.328226486397073,3.9,2.0211494710481,1.2579885942879,0.617362796904536,1.33333333333333,-3.18349840755334,-1.92453046756171,-1.45969706843346,2.14285714285714,-2.53535370588998,-1.58384643689202,-0.96430049474251,2.28571428571429,-3.21434422615652,-1.86446510867442,-1.09562023369469,2.57142857142857,-2.28025356061374,-1.32968125742901,-0.846195450489063,1.85714285714286,-2.5368265053815,-1.22930907428386,-1.10357869183488,1.85714285714286,-3.6743809762236,-2.16867634374767,-1.54627708839198,1.85714285714286,-3.2281501393906,-1.85760369166615,-1.23004486268215,2.66666666666667,0.466435787061802,0.496133381950885,0.153650641241613,3.33333333333333,0.616731817510375,0.343574836846872,0.203189205202321,1.25,-1.19656548524939,-0.649263470838488,-0.297418822153198
"161",161,"male","white","yr1","STEM","math02","Kinesthetic",3,-0.711700411598224,-0.414608314845453,-0.356864462976403,1,-1.79422804288445,-1.11806932750387,-0.821282758780936,2.33333333333333,-1.01399490232653,-0.296448018275012,-1.04455499726059,3.3,0.16634485559409,0.168286595431981,-0.0407680002909748,3.33333333333333,0.823814417076646,0.410314063469383,0.382993357852559,4.28571428571429,2.46054935290805,1.44648942502235,0.963068964395433,4.57142857142857,2.29666434308807,1.24219105803592,0.786340854421024,4.28571428571429,1.9369047246508,1.21361314024054,0.673427118399444,3.28571428571429,1.04466691786795,0.671318732117936,0.399449830763172,4.28571428571429,2.12111628329667,1.23807466809327,0.871141895824097,4.28571428571429,2.18348234369888,1.38429861364272,0.832354447317873,2,-0.831501585872319,-0.591434741262175,-0.348936508282686,2.66666666666667,-0.743392790592552,-0.337486509058984,-0.284235258410882,2,0.569041803543553,0.442695658876479,0.180606016138814
"162",162,"male","Asian","yr3","Other","other","Auditory",3,-0.734634652699772,-0.489183778497188,-0.411766583811161,3,1.75054076855521,1.08331099389992,0.779077529634855,3,0.0371102941565809,0.180149887204485,0.216038580679579,2.7,-1.59808148057498,-0.558638501433043,-0.389188287367875,3,0.0958063415389203,0.119062499372324,0.0407996177141286,3.14285714285714,-0.363815688492096,-0.143001274568432,-0.18957141344711,2.42857142857143,-2.79164997736463,-1.980876704083,-0.856706505048011,2.85714285714286,-1.64552930042312,-0.913410172804419,-0.545493003876508,3,0.0932805426147183,0.0117989925099399,-0.0539041991292123,3,-0.99242688860333,-0.550449613348739,-0.416589525753715,2.85714285714286,-0.946177914601559,-0.492185679010947,-0.221197034283044,3.33333333333333,1.81047658471522,1.55041986458201,0.735038483842714,2,-2.08839911380415,-1.4142525501993,-0.687560328193648,3,2.81001670514085,1.72952846425674,0.718957528014161
"163",163,"female","white","yr1","Other","math01","Kinesthetic",3.33333333333333,-0.222463874273117,-0.125264436818617,-0.0758944277341815,1,-1.79422804288445,-1.11806932750387,-0.821282758780936,3,0.0276244107302661,-0.109278117859766,-1.69038927986261,3.8,1.79068909320055,0.909294621743739,0.548562294225434,4.33333333333333,2.6958445425499,1.83460751154819,1.23027307935375,3.57142857142857,0.81735549052492,0.418150663696734,0.304164602882638,4.28571428571429,1.53272708367975,0.933720303586454,0.494788614923662,4,1.26951943639635,0.913970160148071,0.410410117229681,2.85714285714286,0.120754691317318,-0.0803390220323511,0.174781916240877,3.28571428571429,-0.278395120608111,-0.268399766714699,-0.105506157979496,3.71428571428571,0.889894057194462,0.758257048068609,0.335742700319303,2,-0.831501585872319,-0.591434741262175,-0.348936508282686,4,1.99088942395612,1.28966377199986,0.673570682943099,1,-1.67193309805374,-0.844137146503784,-0.357745495736532
"164",164,"male","Black","yr3","Business","stats","Visual",1.66666666666667,-2.63325171539435,-1.87409235784077,-1.40323651917449,1,-1.79422804288445,-1.11806932750387,-0.821282758780936,3,1.90678425491513,1.41858519379344,1.04152711160124,4,2.22194812050106,1.46303598975198,0.644759526732645,4,2.04219916272112,1.3522340736904,0.930021156470777,3.85714285714286,1.27631514816799,0.798360159275358,0.423097323404228,3.85714285714286,0.539214246689059,0.331240835428853,0.176555313331752,3.71428571428571,0.611183971728443,0.329986963272368,0.224155712042122,3,0.406131044475567,0.0557357230451141,0.322634863188582,4,1.32877255973962,0.838262208193451,0.470460010769431,4,1.52262995429359,0.956186066847349,0.585066803663237,2,-0.789609047843626,-0.834809773793141,-0.270084599381733,2,-2.08839911380415,-1.4142525501993,-0.687560328193648,1.25,-1.09485392052136,-0.707526316352977,-0.251398160780922
"165",165,"female","Black","yr1","STEM","math02","Visual",4,0.726844657074171,0.567189852853173,0.419840539947484,1.75,-0.464894036764612,-0.271183807538533,-0.216155698687417,2,-2.47438448094735,-1.15396462430924,-2.0875960516915,3.7,1.4391602311353,0.895962235088337,0.473350461901346,3.16666666666667,0.433719278985529,0.154765525912408,0.198394090285356,3.85714285714286,1.44499291063776,1.01389818864959,0.577945466860194,4.57142857142857,2.37110929191873,1.1716949270394,0.828781090610448,4.42857142857143,2.30021380511226,1.48169497840224,0.787922481718537,2.57142857142857,-0.606674620556496,-0.719828232578589,-0.0891458385805488,3.28571428571429,-0.0650020212323082,-0.247313106820991,0.0901562370501114,4.42857142857143,2.44601904700696,1.32174862705464,0.834602878173422,1.33333333333333,-2.12943895880644,-1.67900286447524,-0.851523657806985,3.66666666666667,1.29625147828758,1.0144716520406,0.396330247157491,1.5,-0.615489865650935,-0.249139968624752,-0.102519001214931
"166",166,"male","white","yr1","Other","math02","Visual",4,0.693436779273833,0.0413549310099928,0.332642262214006,1.25,-1.38304712852697,-0.855036885449504,-0.608775446018514,2,-0.604710520188809,0.0844706822797178,-1.26210752076984,3,-0.768898182386754,-0.296186017813385,-0.287499612784674,2.16666666666667,-1.39319409937184,-1.07218112507883,-0.624264727725423,4,1.63407371542722,1.02491321206767,0.585424469232283,4.28571428571429,1.57875619307061,0.961600062708752,0.513662711285278,4.42857142857143,2.39248506582765,1.38556788527661,0.818374568488464,2.28571428571429,-1.38714746371201,-0.255918026871285,-0.563913074322673,5,3.63024410131203,2.35278064546,1.38533618864896,4.28571428571429,2.18963104211048,1.41965883331462,0.834341498521689,1.33333333333333,-2.17554238352573,-1.6457212238933,-0.930324350883787,3.33333333333333,0.630764815853194,0.608602426094005,0.186146219329896,1,-1.67193309805374,-0.844137146503784,-0.357745495736532
"167",167,"female","white","yr1","STEM","math02","Visual",3.66666666666667,0.220904180848895,0.0149285139047472,0.0952713658385237,1.25,-1.32691729198234,-0.960377226056248,-0.637221851462357,3,0.967204332822696,0.654653537966838,-0.324431084130683,2.9,-0.799914525136346,-0.722191520877942,-0.0350492547268732,5,3.98859198390332,2.58540564800849,1.81924269522743,3.57142857142857,0.858418568122791,0.138502611114544,0.3578049039812,4.42857142857143,1.93224635106478,1.16996704387355,0.6781881124739,3.85714285714286,1.02544791560984,0.43564391898793,0.414816717451914,2.85714285714286,0.100606576643988,-0.192178436568697,0.259295420550679,5,3.63024410131203,2.35278064546,1.38533618864896,4.85714285714286,3.42827505401769,2.06394509935363,1.25156220219484,3,1.15940245490286,0.901589107000962,0.48377051699264,3.33333333333333,0.630764815853194,0.608602426094005,0.186146219329896,1.75,-0.144118694912662,-0.317778965022385,-0.130744813614253
"168",168,"female","white","yr2","Other","math01","Kinesthetic",4,0.74354859597434,0.830107313774762,0.463439678814223,2.5,0.888517513337481,0.394117575382201,0.358011376859914,3.33333333333333,-1.32123989349988,-1.2541284742411,-2.83879495208528,4.5,4.06334202330612,2.23337159917995,1.37682517207053,3.16666666666667,0.438545048113104,0.132979039434692,0.208076704388726,2.71428571428571,-1.17056752621561,-0.610596934754939,-0.43112175828628,3.85714285714286,0.570834390955534,0.427740877912236,0.119342467781131,3,-1.19521793447544,-0.675355657478984,-0.411400972662834,2.42857142857143,-1.27534761018962,-0.403354418397616,-0.66535305040597,3.42857142857143,0.00386002585864928,0.144049260638304,-0.00837803327498202,4.42857142857143,2.48044422146514,1.45734756731382,0.912222682687184,2.66666666666667,0.462224900371202,0.286039990001859,0.153701857065764,3.33333333333333,0.601613532619042,0.73927953208133,0.119089811371883,1.5,-0.619486307717012,-0.512652640687681,-0.191071487197587
"169",169,"female","other","yr1","Business","math02","Kinesthetic",4,0.726844657074171,0.567189852853173,0.419840539947484,2,-0.0218436371646205,-0.0173791668019752,-0.0211026145730408,3,0.976690216249011,0.944081543031088,1.5819967764115,3.2,-0.133297217609826,0.0238043130845201,-0.123047590383223,2.5,-0.804903009229345,-0.651328581377912,-0.361460519413653,3.57142857142857,0.658303073556557,0.499757900858572,0.229492704593582,3.85714285714286,0.601132865137081,0.224104250912423,0.214301391092898,3.57142857142857,0.159056993573521,0.0653290273128313,0.0146347123969522,3.42857142857143,1.33672102744586,0.446363537460662,0.600015414856619,3.57142857142857,0.379925642059141,0.253427770439982,0.149507453723337,3.71428571428571,0.898374212113721,0.598457834288336,0.363920269719322,2.33333333333333,-0.180427456059958,0.0573960163188686,-0.0976685414326116,2,-2.08839911380415,-1.4142525501993,-0.687560328193648,2.75,2.3346490923365,1.53465478859145,0.658630854430827
"170",170,"female","white","yr1","Other","math01","Kinesthetic",3.33333333333333,-0.245398115374665,-0.199839900470353,-0.13079654856894,2.25,0.325415499387979,0.178637280132338,0.206345347735082,3,-0.902469627935849,-0.583781768622119,-1.14991961505235,2.5,-2.03445335955515,-1.25586219676131,-0.573065472617959,4.16666666666667,2.35987455759733,1.52376300316119,1.07478881796121,4.85714285714286,3.59602480420338,2.22937158918378,1.31528305671516,5,3.31150917686338,1.92132264130113,1.09454554129571,5,3.74144114399981,2.28283476961181,1.26187175459162,5,4.56449623865807,2.32089057238357,1.63233687488761,5,3.63024410131203,2.35278064546,1.38533618864896,5,3.73794706238797,2.23668202166913,1.38459868253754,2.33333333333333,-0.184638342750558,-0.152697375630158,-0.0976173256084611,3.33333333333333,0.630764815853194,0.608602426094005,0.186146219329896,1,-1.67193309805374,-0.844137146503784,-0.357745495736532
"171",171,"female","white","yr1","Health","stats","Auditory",2.66666666666667,-1.19470664672195,-0.892294190142142,-0.626531516250605,1.5,-0.939996728926976,-0.601232244712945,-0.413722361904138,3.66666666666667,1.08821549063969,0.656747792683981,1.47663215861975,3.8,1.77202348983686,0.885508137666794,0.553893483590808,2,-1.83729362406281,-1.09738175088954,-0.845697973540554,3.42857142857143,0.50763802197988,0.143747089467131,0.249940186967086,3.85714285714286,0.57771854106328,0.341559185582025,0.174643229999096,3.28571428571429,-0.439856918434382,-0.390143315744157,-0.154564063950036,3,0.222709616649456,0.350414780800361,0.131073464229846,3,-0.894387026270959,-0.558493615807321,-0.354817649829646,3.28571428571429,-0.0706676730998199,0.0137913024946066,0.0365246420135612,2,-0.831501585872319,-0.591434741262175,-0.348936508282686,1,-4.12804338268428,-2.76621071129888,-1.36812583376202,3,2.83239713513842,1.6211170873305,0.612282903491371
"172",172,"male","white","yr1","STEM","math03","Auditory",4.33333333333333,1.2098508921979,1.04487572814986,0.689507593221686,1.25,-1.38304712852697,-0.855036885449504,-0.608775446018514,3.66666666666667,-0.800430236971485,-1.16054352403348,-3.16171209338629,4.5,3.75270555928657,2.19123717648497,1.21482548734793,4.16666666666667,2.38107664307617,1.57571723144254,1.08229222242094,5,3.92602569497344,2.35757411541285,1.45039537239774,4.57142857142857,2.28249567941609,1.33251307281124,0.744477499446554,4.57142857142857,2.68746157538646,1.79195167324464,0.918450530275642,4,2.37887639199355,1.22651923176723,0.847737547775263,4.14285714285714,1.64064765559581,1.13890331036632,0.614008894035734,4.57142857142857,2.77307036414756,1.82666100418728,1.06055821888281,3.33333333333333,1.81047658471522,1.55041986458201,0.735038483842714,2.33333333333333,-1.42291245136976,-1.00838332425271,-0.477376300366052,3,2.70830514041282,1.78779130977123,0.672936866641884
"173",173,"male","white","yr2","STEM","math03","Kinesthetic",3,-0.717930713799604,-0.226266317575598,-0.368167444944422,1,-1.79422804288445,-1.11806932750387,-0.821282758780936,4,1.60902514716809,0.750332742891604,1.15371501731874,4.9,4.86864008547993,3.17266409645856,1.48889221628645,4.16666666666667,2.31529098826703,1.67041945838649,1.04921538927868,4,1.92914217217026,0.947005696542554,0.801008619951372,4,0.936611536665399,0.437544911570868,0.304418097400666,4.42857142857143,2.29491204960729,1.38703075213419,0.78801088187779,2.28571428571429,-1.42879305832684,-0.864159426435353,-0.725573525254928,4.14285714285714,1.88013181091015,1.03202020491952,0.819320286574939,4,1.51773899599199,0.982111923809139,0.536703524229414,2.66666666666667,0.508328325090495,0.252758349419919,0.232502550142566,2,-2.07436611546133,-1.14922496095217,-0.704603314066074,1,-1.67193309805374,-0.844137146503784,-0.357745495736532
"174",174,"female","white","yr2","STEM","math03","Visual",3.66666666666667,0.243838421950443,0.0895039775564828,0.150173486673282,2.25,0.460868188938134,0.399554008343572,0.170001996791432,3.33333333333333,1.49749987277741,1.03766649323871,1.25907963511049,5,5.14006484697988,3.24043328690884,1.54541374373052,1.83333333333333,-2.10555968048114,-1.43735362206334,-0.955209592245092,2.42857142857143,-1.76260767286268,-1.08490997183616,-0.619298603410881,1.85714285714286,-4.2487228678155,-2.53631169942113,-1.35443549585531,3,-1.2366731371148,-0.724126033641303,-0.445086240632921,1.71428571428571,-2.62407212100024,-1.28192200970538,-1.01334002956869,2.85714285714286,-1.23713408090748,-0.867232895012388,-0.500706114943757,1.71428571428571,-3.54943779482954,-2.34829384782212,-1.43697254774732,2.66666666666667,0.508328325090495,0.252758349419919,0.232502550142566,3.33333333333333,0.601613532619042,0.73927953208133,0.119089811371883,1.25,-1.09485392052136,-0.707526316352977,-0.251398160780922
"175",175,"female","white","yr1","Other","math02","Kinesthetic",4.33333333333333,1.19314695329773,0.781958267228272,0.645908454354947,1.5,-0.932204787666722,-0.428875908986152,-0.400216606005996,3.66666666666667,-0.790944353545171,-0.871115518969226,-1.2552842328441,1.8,-4.17926018518652,-2.54902714047343,-1.2918761320486,3,0.127885632828879,-0.000915890034853373,0.0600156539768651,2.71428571428571,-1.16716345881517,-0.681597985624747,-0.425352857281257,3,-1.49964159080592,-0.657887276097929,-0.523135590773678,3,-1.21152245036249,-0.86484676414822,-0.432065332293018,3,0.378415381824329,0.419222102620106,0.250793009728653,3.14285714285714,-0.657125273802066,-0.463167971123481,-0.335291020521372,2.42857142857143,-1.9570746672311,-1.31757862570265,-0.790038213349307,2.66666666666667,0.508328325090495,0.252758349419919,0.232502550142566,4,1.99088942395612,1.28966377199986,0.673570682943099,1.5,-0.721197872445042,-0.454389795173192,-0.237092148569864
"176",176,"male","white","yr3","STEM","math04","Auditory",4.66666666666667,1.67615318842146,1.25964414252496,0.915575507629149,1,-1.79422804288445,-1.11806932750387,-0.821282758780936,3.33333333333333,-0.381659971407452,-0.490196818414496,-1.47283675635336,4.7,4.24569803796515,2.60694316189857,1.29589268015822,3.66666666666667,1.47493419268916,0.838961016933129,0.676410314321971,4.57142857142857,3.11535886185665,1.74515825156327,1.20061822340608,4.28571428571429,1.60008818985523,1.03825217781637,0.503634096568055,3.42857142857143,0.0544286269228521,-0.048180854308631,0.110449109157403,2.71428571428571,-0.48198376647888,0.200242215649598,-0.33117994929274,4.42857142857143,2.4502766646303,1.49898843667061,0.998648701675513,4,1.52747689102126,0.883598786662554,0.518504865399428,1.33333333333333,-2.12943895880644,-1.67900286447524,-0.851523657806985,3,-0.00557056334704364,0.0720560941600898,0.0430185994603118,1.25,-1.09485392052136,-0.707526316352977,-0.251398160780922
"177",177,"female","white","yr3","STEM","stats","Visual",3,-0.757568893801321,-0.563759242148924,-0.466668704645919,2.75,1.23489212236872,1.20331556878584,0.636968783658261,2,-1.53480455885492,-0.390032968482635,-0.721637855959577,3.3,0.259285171640291,0.0306979030359099,0.0231333134361174,2.83333333333333,-0.177285484006986,-0.199122885323762,-0.0783946150937789,3,-0.657878264118997,-0.307747691277502,-0.279546433933169,3,-1.50464408453354,-0.936700316326251,-0.481717415392091,3,-1.19521793447544,-0.675355657478984,-0.411400972662834,3,0.193256545329035,0.132147891150883,0.0631382206629184,3,-0.982562935218062,-0.613352921210917,-0.430502846431904,3,-0.692687153800795,-0.324309887974433,-0.214465075211061,3,1.15940245490286,0.901589107000962,0.48377051699264,2.33333333333333,-1.40887945302694,-0.743355735005575,-0.494419286238478,2,0.569041803543553,0.442695658876479,0.180606016138814
"178",178,"female","white","yr1","Business","other","Kinesthetic",3.33333333333333,-0.239167813173285,-0.388181897740207,-0.11949356660092,2,-0.0296355784248751,-0.189735502528769,-0.0346083704711827,3.33333333333333,-0.372174087981137,-0.200768813350245,0.433591104188832,2.1,-3.31319884256204,-1.88034283703137,-1.05862360696804,3.66666666666667,1.38727864139974,1.01335556663763,0.631744549564549,3.57142857142857,0.859760898791548,0.397583049828755,0.401306423745638,4,0.906875215296912,0.66265650043818,0.235105161686338,4.28571428571429,2.0600433628996,1.38893839310998,0.744170555307478,3,0.313876161195173,0.194216000443275,0.099135289055226,4.42857142857143,2.21468494795722,1.61288567622369,0.75443679134742,4.42857142857143,2.50289224709843,1.45852239881164,0.947192268830582,2.66666666666667,0.512539211781095,0.462851741368946,0.232451334318415,3.33333333333333,0.616731817510375,0.343574836846872,0.203189205202321,2.25,1.0444094163479,0.637569334541775,0.240932689722148
"179",179,"female","white","yr3","STEM","math04","Kinesthetic",4,0.703910415972623,0.492614389201437,0.364938419112726,2.25,0.389337277192861,0.245653275252388,0.191404698189381,2.66666666666667,-1.42327928446425,-0.677366718829742,-0.827002473751335,1.5,-5.09651400031803,-3.07279347426655,-1.64657854365235,1.5,-2.77316572689182,-1.80480783293544,-1.26227098978547,2.28571428571429,-2.09006361542631,-1.32072400753917,-0.74744936309192,3.85714285714286,0.616863500346392,0.455620637034534,0.138216564142748,2.85714285714286,-1.46098677899234,-1.10566435905567,-0.484588830336654,2.14285714285714,-1.68004491625281,-0.649771374232283,-0.651965247319671,2.57142857142857,-1.76034959201767,-1.28745472282598,-0.582937132278965,2.28571428571429,-2.28746729375624,-1.28288758964432,-0.815935733152307,2,-0.831501585872319,-0.591434741262175,-0.348936508282686,2.66666666666667,-0.772544073826703,-0.206809403071659,-0.351291666368895,2.25,1.01403610221817,0.218955367342158,0.170502342279625
"180",180,"female","white","yr1","Other","math01","Visual",4,0.703910415972623,0.492614389201437,0.364938419112726,1.25,-1.38304712852697,-0.855036885449504,-0.608775446018514,3.33333333333333,-1.32123989349988,-1.2541284742411,-2.83879495208528,2.2,-2.78846998060669,-1.56988872124013,-0.587500609057586,4.33333333333333,2.64710301509346,1.8714039022093,1.19910256372329,3.71428571428571,0.943325891335468,0.762788276006756,0.302737915025114,4,0.905153391550102,0.447616833624041,0.28342268937687,3.85714285714286,0.906210355934895,0.645888321986371,0.295914753910589,4.71428571428571,3.90716111320477,2.06567386649342,1.34246690552076,2.71428571428571,-1.69042538051201,-0.992132895790642,-0.69963379422884,4.14285714285714,1.85966171373646,1.14235220858867,0.708146443407854,2.33333333333333,-0.184638342750558,-0.152697375630158,-0.0976173256084611,2,-2.08839911380415,-1.4142525501993,-0.687560328193648,2,0.573038245609629,0.706208330939408,0.269158502121471
"181",181,"male","white","yr2","Business","math03","Auditory",3,-0.688766170496676,-0.340032851193717,-0.301962342141645,1,-1.79422804288445,-1.11806932750387,-0.821282758780936,4,0.678931108501971,0.275829092129251,1.694184682129,3,-0.696168605977766,-0.314361307404878,-0.255894690265229,3.33333333333333,0.771321617847976,0.521743614469554,0.352640472212267,4,1.63407371542722,1.02491321206767,0.585424469232283,4,0.90343254616492,0.49231116248744,0.30641406295181,4,1.27311160476219,0.803739556066415,0.425235390964391,3.85714285714286,2.08705100733765,0.968233357004309,0.76887773484296,4,1.31890860635435,0.90116551605563,0.48437333144762,4,1.52262995429359,0.956186066847349,0.585066803663237,3,1.15940245490286,0.901589107000962,0.48377051699264,2.66666666666667,-0.714241507358401,-0.468163615046309,-0.21717885045287,2.5,1.59511172181663,0.619078869555894,0.365402163217893
"182",182,"female","white","yr2","Other","math02","Visual",3.66666666666667,0.220904180848895,0.0149285139047472,0.0952713658385237,1,-1.79422804288445,-1.11806932750387,-0.821282758780936,3.66666666666667,1.08821549063969,0.656747792683981,1.47663215861975,2.8,-1.24798260033607,-0.694232076890849,-0.380635434152527,2,-1.85377989486098,-1.03618900829789,-0.859342414611516,3.42857142857143,0.528389960834646,0.0169488104626696,0.264928859912114,3.57142857142857,-0.0476546615618464,0.0676665191965308,-0.0413465521875034,3.57142857142857,0.34522644721999,0.00768810410790045,0.0998859509961535,2.14285714285714,-1.74859596703253,-0.507064385416625,-0.77676059077178,3.57142857142857,0.434942437457373,0.130049115078536,0.180946291975187,3.85714285714286,1.21096423171742,0.543589004197144,0.397196464466469,2,-0.831501585872319,-0.591434741262175,-0.348936508282686,3.33333333333333,0.616731817510375,0.343574836846872,0.203189205202321,1.25,-1.09485392052136,-0.707526316352977,-0.251398160780922
"183",183,"female","white","yr3","STEM","stats","Visual",3.33333333333333,-0.245398115374665,-0.199839900470353,-0.13079654856894,1.25,-1.35117764328446,-0.864264686767308,-0.62622967466656,3.33333333333333,-0.381659971407452,-0.490196818414496,-1.47283675635336,3.2,-0.0183020985805412,-0.158699460402803,0.00483911318891955,4,2.04219916272112,1.3522340736904,0.930021156470777,4,1.63407371542722,1.02491321206767,0.585424469232283,4.42857142857143,1.92708304634222,1.21145440734036,0.599895976680996,3.85714285714286,0.911479331164056,0.57978855169701,0.306770172785934,3.71428571428571,1.92037179675767,0.962935286986497,0.757735040721225,4,1.31890860635435,0.90116551605563,0.48437333144762,3.14285714285714,-0.358865314398392,-0.362929473421907,-0.286422478441107,3,1.15940245490286,0.901589107000962,0.48377051699264,3,-0.0487548449240131,-0.0622943890997189,-0.00699482262527438,1.75,-0.0384106881185559,-0.112529138473945,0.00382833374068003
"184",184,"female","white","yr4","Other","other","Kinesthetic",4.66666666666667,1.67615318842146,1.25964414252496,0.915575507629149,2.5,0.736596413745461,0.441669722186701,0.418852660497504,3.66666666666667,-0.790944353545171,-0.871115518969226,-1.2552842328441,1.8,-4.13693953952977,-2.65111116705543,-1.27901987292439,5,3.98859198390332,2.58540564800849,1.81924269522743,4.14285714285714,1.92813629105412,1.18965962877674,0.675399489718342,4,0.90343254616492,0.49231116248744,0.30641406295181,4.57142857142857,2.6910537437523,1.68172106916298,0.933275804010351,4,2.37887639199355,1.22651923176723,0.847737547775263,4.57142857142857,2.60856034084125,1.66985250165427,0.992106616480161,4.85714285714286,3.42336332857838,2.05169071142562,1.29648862893632,1,-2.82240562664749,-2.08445858952531,-1.18164353355801,3.33333333333333,0.616731817510375,0.343574836846872,0.203189205202321,2.75,2.17219089934901,0.755689699706701,0.471749498173503
"185",185,"male","white","yr2","STEM","math03","Auditory",2.66666666666667,-1.17800270782178,-0.629376729220553,-0.582932377383866,1.5,-0.939996728926976,-0.601232244712945,-0.413722361904138,3.33333333333333,1.49749987277741,1.03766649323871,1.25907963511049,3.2,-0.00123801846937135,0.0691124783396506,0.0361617935450336,2.66666666666667,-0.446219351426752,-0.407448205455662,-0.191991760953751,2.57142857142857,-1.72809094017363,-0.900429522172626,-0.720292246755878,3.14285714285714,-1.09415831136151,-0.772280824796828,-0.32351448529746,2.57142857142857,-2.3133295239537,-1.53056200313083,-0.835868847003728,2.71428571428571,-0.283624304017363,-0.199537044114642,0.0286174310822957,2.71428571428571,-1.60772458433644,-0.956942497600556,-0.641270099784329,2.71428571428571,-1.2998970302928,-0.878614635091398,-0.450910665007903,2,-0.831501585872319,-0.591434741262175,-0.348936508282686,2.66666666666667,-0.743392790592552,-0.337486509058984,-0.284235258410882,2,0.436956924685793,0.0823445371913509,0.0641550073240141
"186",186,"female","Black","yr1","STEM","stats","Visual",4.33333333333333,1.17644301439756,0.519040806306683,0.602309315488208,1.75,-0.496946329326985,-0.347427603976387,-0.218669277789762,3.66666666666667,0.148635568547259,-0.107183863142622,0.110673962887821,3,-0.696168605977766,-0.314361307404878,-0.255894690265229,2.33333333333333,-1.17507120333422,-0.711427959848527,-0.536581066544382,3,-0.657878264118997,-0.307747691277502,-0.279546433933169,2.85714285714286,-1.84068490887492,-1.17161593885219,-0.597480109297298,3,-1.19521793447544,-0.675355657478984,-0.411400972662834,3,0.193256545329035,0.132147891150883,0.0631382206629184,3,-0.99242688860333,-0.550449613348739,-0.416589525753715,3,-0.692687153800795,-0.324309887974433,-0.214465075211061,2,-0.831501585872319,-0.591434741262175,-0.348936508282686,2,-2.08839911380415,-1.4142525501993,-0.687560328193648,2,0.569041803543553,0.442695658876479,0.180606016138814
"187",187,"female","white","yr1","Business","math03","Auditory",2.66666666666667,-1.20093694892333,-0.703952192872288,-0.637834498218624,1.5,-0.900335302424213,-0.438103710303957,-0.417670834654042,2.66666666666667,-0.493185245798131,-0.202863068067389,-1.3674721385616,3.1,-0.411582986106184,-0.169194350528868,-0.188786681922966,2.5,-0.857395808458016,-0.539899030377741,-0.391813405053946,3.28571428571429,0.0545758446764102,0.0583810868253051,-0.00112776693851486,3.57142857142857,-0.155517943559918,-0.0422744999164514,-0.0659347528231491,3.14285714285714,-0.831908854013988,-0.407273819317284,-0.296905609343741,2.57142857142857,-0.693330877742201,-0.254860787129635,-0.271733002230949,3,-0.90972609242776,-0.515259215158653,-0.358225831309204,4,1.50009637281096,0.831989322346938,0.621751412172805,3,1.15940245490286,0.901589107000962,0.48377051699264,3,-0.0487548449240131,-0.0622943890997189,-0.00699482262527438,2,0.432960482619717,-0.181168134871578,-0.0243974786586425
"188",188,"male","white","yr1","STEM","math02","Kinesthetic",4,0.726844657074171,0.567189852853173,0.419840539947484,1.5,-0.939996728926976,-0.601232244712945,-0.413722361904138,3,-1.83256366660196,-1.05828541938447,-0.609449950242083,2.8,-1.27078332173426,-0.712649180807832,-0.412821642907843,2.33333333333333,-1.20261064531182,-0.622677340906063,-0.560248177715116,3,-0.42567439633236,-0.404202658704545,-0.0952707919391018,4,0.933369538442467,0.438087256401444,0.328694836877612,3.42857142857143,-0.115622869186015,-0.0981668706388121,-0.0559169179682117,2.28571428571429,-1.46658105867324,-0.208603161467584,-0.665294430710595,3.28571428571429,-0.0902331300080073,-0.218077396716543,0.0125006556523869,2.85714285714286,-1.0163062657474,-0.619840610678231,-0.447583278472433,1.66666666666667,-1.48257571568468,-1.24026549884322,-0.60020447513276,3,-0.077906128158164,0.0683827168876061,-0.0740512305832866,1,-1.67193309805374,-0.844137146503784,-0.357745495736532
"189",189,"male","Asian","yr1","STEM","math01","Auditory",3,-0.751338591599941,-0.752101239418778,-0.4553657226779,4,3.49105568903253,2.19322895591961,1.5967119024908,1.66666666666667,-1.13500606014352,-0.298542272992156,-2.84561824001102,2.5,-2.08720063525363,-0.756614987179774,-0.596795870290895,3.16666666666667,0.413481736415129,0.29059142884311,0.185567279204565,2.85714285714286,-1.13264672612612,-0.497117535961217,-0.526346500626255,3.42857142857143,-0.389299972781857,-0.485489526612312,-0.0500003964015399,4.42857142857143,2.30361729348654,1.4794742167328,0.751665852081098,3.42857142857143,1.14755036080001,0.527002416983927,0.439223003012203,3.42857142857143,-0.104966204707085,-0.235337080709245,-0.104163280583984,4.14285714285714,1.81959183205984,1.02923502051845,0.664935039032548,1.33333333333333,-2.12943895880644,-1.67900286447524,-0.851523657806985,1.33333333333333,-3.46255672024989,-2.36034148535229,-1.15794180593443,1.5,-0.615489865650935,-0.249139968624752,-0.102519001214931
"190",190,"female","white","yr1","Business","math01","Visual",4.66666666666667,1.67615318842146,1.25964414252496,0.915575507629149,3,1.75054076855521,1.08331099389992,0.779077529634855,2.33333333333333,-2.88366886308507,-1.53488332486397,-1.87004352818225,2.7,-1.5973964219889,-1.07308090557825,-0.514633317933204,2.83333333333333,-0.19999915685701,-0.132158752859015,-0.0923791121611433,3,-0.657878264118997,-0.307747691277502,-0.279546433933169,3,-1.51520926807859,-0.996333367295317,-0.475179360457542,3.14285714285714,-0.869771888287512,-0.566274799561259,-0.315765603579119,2.57142857142857,-0.678587116135178,-0.414734764891355,-0.250327968919177,3,-0.99242688860333,-0.550449613348739,-0.416589525753715,3.57142857142857,0.562579425643145,0.435397524290904,0.287754107919997,1.66666666666667,-1.47836482899408,-1.03017210689419,-0.600255690956911,2.33333333333333,-1.42291245136976,-1.00838332425271,-0.477376300366052,1,-1.67193309805374,-0.844137146503784,-0.357745495736532
"191",191,"female","white","yr2","Business","math03","Kinesthetic",4.33333333333333,1.2098508921979,1.04487572814986,0.689507593221686,2.5,0.855580693253752,0.931055325413668,0.407007242247793,2.33333333333333,-2.88366886308507,-1.53488332486397,-1.87004352818225,2.8,-1.33176957075469,-0.634351638302783,-0.42034671266668,1,-3.79697930082548,-2.34728064926384,-1.73764345979917,3,-0.657878264118997,-0.307747691277502,-0.279546433933169,3,-1.50464408453354,-0.936700316326251,-0.481717415392091,3,-1.19521793447544,-0.675355657478984,-0.411400972662834,2,-1.99236330133548,-0.962223449465462,-0.721461106449426,1.71428571428571,-3.92258897274503,-2.42471946716529,-1.57900471803786,1.85714285714286,-3.24503602133805,-1.79097198453754,-1.13707659382998,1.33333333333333,-2.17554238352573,-1.6457212238933,-0.930324350883787,3.33333333333333,0.631850102401707,-0.0521298583875875,0.28728859903276,2.75,2.20656065554481,1.43781633896925,0.630732331598683
"192",192,"female","white","yr1","Other","math01","Auditory",3.66666666666667,0.220904180848895,0.0149285139047472,0.0952713658385237,1.75,-0.472685978024866,-0.443540143265327,-0.229661454585559,4,0.678931108501971,0.275829092129251,1.694184682129,3.5,0.848496893537015,0.431499805664247,0.302102641792493,3.33333333333333,0.744625952240123,0.623222423707823,0.331368926493732,4.14285714285714,1.92813629105412,1.18965962877674,0.675399489718342,4.28571428571429,1.58932137661566,1.02123311367782,0.507124656350728,4.57142857142857,2.6869967654627,1.56492525226473,0.919408608236896,3.42857142857143,1.46398394783804,0.685416552191234,0.713850297338054,4.71428571428571,3.06009924759188,1.88581241370891,1.20600777354838,4.71428571428571,3.12838496225059,1.83935646311454,1.21525228071979,2.66666666666667,0.508328325090495,0.252758349419919,0.232502550142566,3.33333333333333,0.616731817510375,0.343574836846872,0.203189205202321,1.25,-1.19656548524939,-0.649263470838488,-0.297418822153198
"193",193,"female","white","yr1","Other","math01","Kinesthetic",3,-0.705470109396845,-0.602950312115307,-0.345561481008384,2,-0.0933745489098934,-0.171279899893159,0.000300086824908674,3.33333333333333,1.49749987277741,1.03766649323871,1.25907963511049,2.6,-1.73137466659225,-1.12035059474848,-0.500713375697565,5,3.98859198390332,2.58540564800849,1.81924269522743,3.85714285714286,1.51415470640219,0.674622284279008,0.618333874447799,4.71428571428571,2.63942752818063,1.45149139624924,0.863020153485297,3.57142857142857,0.270086899568782,0.150431577253104,0.157979808739117,3,0.333491366765425,0.167588504068183,0.227409923292511,4.42857142857143,2.46014061801556,1.43608512880843,0.984735380997324,5,3.73794706238797,2.23668202166913,1.38459868253754,2,-0.831501585872319,-0.591434741262175,-0.348936508282686,3,-0.0347218465811944,0.202733200147415,-0.0240378084977003,1.25,-1.19656548524939,-0.649263470838488,-0.297418822153198
"194",194,"female","Black","yr3","Other","other","Auditory",4.66666666666667,1.67615318842146,1.25964414252496,0.915575507629149,2,-0.0857654149695032,-0.0843951619220244,-0.00616196502733971,1.66666666666667,-0.204912021477405,0.175961377770197,-3.38608790482128,2,-3.77766288628061,-2.13893234954528,-1.23708267239238,4.16666666666667,2.3677837874957,1.55898990738632,1.07956827491898,4,1.63407371542722,1.02491321206767,0.585424469232283,3.71428571428571,0.210459873059006,0.138417216523497,0.0721087150078598,3,-1.19521793447544,-0.675355657478984,-0.411400972662834,2.57142857142857,-0.77064772638719,-0.221480711740467,-0.326996594948004,2.71428571428571,-1.71018137651618,-0.943228278472684,-0.759967873468818,3.28571428571429,-0.0748256496222697,0.00498101933943218,-0.00132061081724072,2,-0.831501585872319,-0.591434741262175,-0.348936508282686,1.33333333333333,-3.44852372190707,-2.09531389610515,-1.17498479180685,1.5,-0.721197872445042,-0.454389795173192,-0.237092148569864
"195",195,"male","white","yr1","Business","math03","Kinesthetic",2.66666666666667,-1.20093694892333,-0.703952192872288,-0.637834498218624,2.25,0.405805687234726,-0.0228155997633458,0.166906765495442,3,0.0371102941565809,0.180149887204485,0.216038580679579,3,-0.696168605977766,-0.314361307404878,-0.255894690265229,3,0.0958063415389203,0.119062499372324,0.0407996177141286,3,-0.657878264118997,-0.307747691277502,-0.279546433933169,3,-1.50464408453354,-0.936700316326251,-0.481717415392091,3,-1.19521793447544,-0.675355657478984,-0.411400972662834,3,0.193256545329035,0.132147891150883,0.0631382206629184,3,-0.99242688860333,-0.550449613348739,-0.416589525753715,3,-0.692687153800795,-0.324309887974433,-0.214465075211061,2,-0.831501585872319,-0.591434741262175,-0.348936508282686,2,-2.08839911380415,-1.4142525501993,-0.687560328193648,2,0.569041803543553,0.442695658876479,0.180606016138814
"196",196,"female","Black","yr1","Other","math01","Auditory",3.33333333333333,-0.211990237574327,0.325995021372827,-0.0435982708354617,1,-1.79422804288445,-1.11806932750387,-0.821282758780936,3.33333333333333,-1.31175401007357,-0.964700469176849,-0.932367091543093,3,-0.696168605977766,-0.314361307404878,-0.255894690265229,4,2.04219916272112,1.3522340736904,0.930021156470777,4.85714285714286,3.68569272380007,2.1154674466026,1.3930629557432,4,0.878497069253369,0.56561411312422,0.268041267760013,5,3.74144114399981,2.28283476961181,1.26187175459162,2.85714285714286,-0.157509433861335,-0.0246569177380725,-0.126466902459855,5,3.63024410131203,2.35278064546,1.38533618864896,4.71428571428571,3.123494003949,1.86528232007633,1.16688900128597,1.33333333333333,-2.17554238352573,-1.6457212238933,-0.930324350883787,3.66666666666667,1.29625147828758,1.0144716520406,0.396330247157491,1,-1.67193309805374,-0.844137146503784,-0.357745495736532
"197",197,"female","white","yr1","Health","stats","Visual",3.66666666666667,0.237608119749063,0.277845974826337,0.138870504705263,1.5,-0.939996728926976,-0.601232244712945,-0.413722361904138,3.33333333333333,0.567405834111292,0.563162842476358,1.79954929992076,3.2,-0.0763921307094553,0.0224604174633631,-0.0196203500718952,3.33333333333333,0.741542491469329,0.566209033004978,0.336272083639339,3.28571428571429,0.140839696872665,0.0154779951139291,0.0708832310845043,3.71428571428571,0.194330062549441,0.251731828747982,0.0190131466705628,3.85714285714286,0.868347321661372,0.486887341742396,0.277054759675211,2.71428571428571,-0.405137985589795,-0.224549880613232,-0.115986438513459,3,-0.874631030266793,-0.607398233125279,-0.294483570589668,2.42857142857143,-1.93945281118777,-1.20563626913025,-0.781796395117399,2,-0.831501585872319,-0.591434741262175,-0.348936508282686,3.66666666666667,1.31136976317891,0.618766956806137,0.480429640987929,1.75,-0.0384106881185559,-0.112529138473945,0.00382833374068003
"198",198,"female","white","yr1","Other","math01","Kinesthetic",5,2.14245548464502,1.47441255690006,1.14164342203661,2.75,1.2832300176531,0.925618892452298,0.595016622316276,2.66666666666667,-2.36285920655668,-1.44129837465635,-2.19296066948326,3.9,2.0211494710481,1.2579885942879,0.617362796904536,1.66666666666667,-2.48218599762347,-1.53180009422639,-1.13877487401356,3,-0.329859858295277,-0.32956845432215,-0.00407208071409407,3.57142857142857,-0.116775284880385,-0.0564867444147417,-0.0583767520428477,3.71428571428571,0.549847057565927,0.355837547327605,0.188304954607478,1.85714285714286,-2.44711711339073,-0.871664066002872,-1.00124627214301,3.42857142857143,0.12904912705372,0.0333746167220183,0.0234384445560118,4,1.52262995429359,0.956186066847349,0.585066803663237,2,-0.831501585872319,-0.591434741262175,-0.348936508282686,3,-0.0487548449240131,-0.0622943890997189,-0.00699482262527438,1,-1.67193309805374,-0.844137146503784,-0.357745495736532
"199",199,"female","Asian","yr1","STEM","math03","Visual",1.66666666666667,-2.66241625869728,-1.76032582422265,-1.46944162197727,1,-1.79422804288445,-1.11806932750387,-0.821282758780936,3.66666666666667,2.95788945139823,1.89518309927294,2.30212068954141,3.8,1.61691190909571,1.07906548109398,0.437612516168152,3.16666666666667,0.486569290631472,0.242964485887397,0.229484412436767,3.57142857142857,0.888721192818385,0.129241628203853,0.391981290128217,4.28571428571429,1.56286474686636,1.05038408028177,0.470037227060938,4,1.34312098252815,0.70956844005238,0.435684937636942,3.85714285714286,2.00973415869266,1.00161343239348,0.713614142125905,4.28571428571429,2.13098023668194,1.17517136023109,0.857228575145908,3.85714285714286,1.20248407679817,0.703388217977418,0.36901889506645,2,-0.835712472562919,-0.801528133211202,-0.348885292458535,3.66666666666667,1.29625147828758,1.0144716520406,0.396330247157491,1.25,-1.09485392052136,-0.707526316352977,-0.251398160780922
"200",200,"female","white","yr3","STEM","other","Kinesthetic",2,-2.16694941917079,-1.65932394346567,-1.17716860476703,1,-1.79422804288445,-1.11806932750387,-0.821282758780936,4,2.54860506926052,1.51426439871821,2.51967321305066,4.1,2.50023388899741,1.65603465336537,0.710498618272389,5,3.98859198390332,2.58540564800849,1.81924269522743,5,3.92602569497344,2.35757411541285,1.45039537239774,5,3.31150917686338,1.92132264130113,1.09454554129571,5,3.74144114399981,2.28283476961181,1.26187175459162,5,4.56449623865807,2.32089057238357,1.63233687488761,5,3.63024410131203,2.35278064546,1.38533618864896,5,3.73794706238797,2.23668202166913,1.38459868253754,4,3.15030649567803,2.3946129552641,1.31647754226797,4,1.99088942395612,1.28966377199986,0.673570682943099,2.25,1.01403610221817,0.218955367342158,0.170502342279625
"201",201,"female","white","yr1","Other","math01","Visual",2.66666666666667,-1.2176408878235,-0.966869653793878,-0.681433637085363,1.75,-0.472685978024866,-0.443540143265327,-0.229661454585559,3.33333333333333,1.49749987277741,1.03766649323871,1.25907963511049,4.2,2.82488086754441,1.72790358298768,0.849426412393651,4.66666666666667,3.37039527595051,2.04950849543337,1.54743734047295,4.42857142857143,2.63760203378705,1.64841904984002,0.968571064016461,4.85714285714286,2.94729087738752,1.76025231424254,0.964686791675653,4.42857142857143,2.39248506582765,1.38556788527661,0.818374568488464,3.71428571428571,1.68927165622567,0.858799474788659,0.482038718071702,4.57142857142857,2.68950874416292,1.79610281112075,1.06544378870781,4.42857142857143,2.49607236330259,1.32942978355152,0.86563064206502,3,1.15940245490286,0.901589107000962,0.48377051699264,2.66666666666667,-0.743392790592552,-0.337486509058984,-0.284235258410882,1.5,-0.513778300922905,-0.307402814139241,-0.0564983398426541
"202",202,"female","white","yr1","STEM","stats","Kinesthetic",3.66666666666667,0.243838421950443,0.0895039775564828,0.150173486673282,2.25,0.325415499387979,0.178637280132338,0.206345347735082,3.33333333333333,1.49749987277741,1.03766649323871,1.25907963511049,2.7,-1.57405956070939,-0.91502696862637,-0.586222207382529,2.66666666666667,-0.470741343554965,-0.540992394498771,-0.203048416852255,3.85714285714286,1.42012837355618,0.62872535668365,0.554041634572278,4.14285714285714,1.18636041846026,0.87437503111752,0.369707905950369,3.42857142857143,0.0147001057944521,-0.143302825932682,0.0444770664092409,3.28571428571429,1.03119655961429,0.198449377846851,0.536675972218716,3.85714285714286,1.04811035811166,0.712351999732486,0.390607744747981,4,1.55017045624429,0.877850723733619,0.559489469889104,1.33333333333333,-2.12943895880644,-1.67900286447524,-0.851523657806985,2.33333333333333,-1.39376116813561,-1.13906043024003,-0.41031989240804,2,0.697130240335236,0.539534108498678,0.208504538970958
"203",203,"male","white","yr1","Business","math02","Kinesthetic",2.66666666666667,-1.17800270782178,-0.629376729220553,-0.582932377383866,1.25,-1.38304712852697,-0.855036885449504,-0.608775446018514,4.33333333333333,1.20922664845668,0.658842047401125,3.27769540137018,3.7,1.4486382196536,0.978803636307251,0.462915969165409,3,0.146848033906675,0.00675313783945623,0.074817781034401,2.28571428571429,-2.21439257296792,-1.35735995222383,-0.845917989114457,4.57142857142857,2.32123833809562,1.31830082831295,0.752035500226855,3.42857142857143,-0.0904721824336996,-0.238887601145729,-0.042896009628309,2.57142857142857,-0.633345604776385,-0.505844115616211,-0.124062288434306,3.85714285714286,1.22728616101443,0.52986157497835,0.581628177029853,4.14285714285714,1.8611442262985,1.15853514590582,0.761074939699425,3.33333333333333,1.81047658471522,1.55041986458201,0.735038483842714,3.33333333333333,0.601613532619042,0.73927953208133,0.119089811371883,1.5,-0.721197872445042,-0.454389795173192,-0.237092148569864
"204",204,"female","Asian","yr3","STEM","stats","Visual",3.66666666666667,0.231377817547684,0.466187972096191,0.127567522737243,3.25,2.20138310941545,1.50947197036327,0.987636369647373,4,-0.251162930164145,-0.198674558633102,2.23465434693926,4.6,3.98391313949176,2.48019330893954,1.26097088057127,5,3.98859198390332,2.58540564800849,1.81924269522743,5,3.92602569497344,2.35757411541285,1.45039537239774,5,3.31150917686338,1.92132264130113,1.09454554129571,4.57142857142857,2.71620443050462,1.54100033865607,0.946296712350254,4.28571428571429,3.33003535774187,1.59991866240896,1.37548100159964,5,3.63024410131203,2.35278064546,1.38533618864896,5,3.73794706238797,2.23668202166913,1.38459868253754,1.66666666666667,-1.48257571568468,-1.24026549884322,-0.60020447513276,2.66666666666667,-0.72827450570122,-0.733191204293443,-0.200135864580444,1.5,-0.619486307717012,-0.512652640687681,-0.191071487197587
"205",205,"male","white","yr1","Business","math02","Kinesthetic",4,0.703910415972623,0.492614389201437,0.364938419112726,1.75,-0.464894036764612,-0.271183807538533,-0.216155698687417,3.33333333333333,-0.381659971407452,-0.490196818414496,-1.47283675635336,3.4,0.459983101510351,0.445878670564418,0.0285481728940166,3.16666666666667,0.423023320223374,0.381951913238387,0.189108856696702,2,-2.83845603936487,-1.65030889516197,-1.07100532528309,2.85714285714286,-1.84068490887492,-1.17161593885219,-0.597480109297298,3,-1.2326161588252,-0.607330216743044,-0.431219044859466,1.71428571428571,-2.63495466518175,-1.37731413311733,-0.989926042504503,2,-3.20572252122864,-2.01010874521169,-1.25578050703098,2.42857142857143,-1.9656403779997,-1.28080132492498,-0.746561588096361,2,-0.831501585872319,-0.591434741262175,-0.348936508282686,2.33333333333333,-1.37972816979279,-0.8740328409929,-0.427362878280466,1.25,-1.19656548524939,-0.649263470838488,-0.297418822153198
"206",206,"female","white","yr1","Business","math02","Visual",2.66666666666667,-1.19470664672195,-0.892294190142142,-0.626531516250605,1.75,-0.472685978024866,-0.443540143265327,-0.229661454585559,4,1.6185110305944,1.03976074795585,3.06014287786092,2.3,-2.81055393596028,-1.62184361586196,-0.924485291773988,3.83333333333333,1.72990739352702,1.16220556405071,0.783197985524543,4.14285714285714,2.03951049535446,1.17975932823745,0.748911501533868,4.57142857142857,2.29130134581808,1.37252473439895,0.729754726301053,4.28571428571429,1.89885301038573,1.16262200240878,0.603485220791918,2.71428571428571,-0.253320827293976,-0.185546192830505,-0.013352869849134,4.71428571428571,2.93224560940334,1.9110973630181,1.10229192017383,4,1.56703557105404,0.773038771715218,0.559810907212232,2.33333333333333,-0.138534918031266,-0.185979016212098,-0.0188166325316591,3.66666666666667,1.29625147828758,1.0144716520406,0.396330247157491,1,-1.67193309805374,-0.844137146503784,-0.357745495736532
"207",207,"male","white","yr3","STEM","other","Visual",4,0.726844657074171,0.567189852853173,0.419840539947484,1.25,-1.38304712852697,-0.855036885449504,-0.608775446018514,3.66666666666667,0.148635568547259,-0.107183863142622,0.110673962887821,3.3,0.140231008252116,0.210676418957103,-0.0640459380356682,2.83333333333333,-0.237687513134025,-0.122920238548719,-0.113526957691835,4.14285714285714,1.8875166313123,1.4842885478724,0.600044725314774,5,3.31150917686338,1.92132264130113,1.09454554129571,5,3.74144114399981,2.28283476961181,1.26187175459162,5,4.56449623865807,2.32089057238357,1.63233687488761,3.14285714285714,-0.431203684047532,-0.419594924484847,-0.0816425706263964,5,3.73794706238797,2.23668202166913,1.38459868253754,1.66666666666667,-1.52446825371337,-0.996890466312252,-0.679056384033712,3,-0.0930244130494962,0.464087412122065,-0.158150624413725,1.25,-1.19656548524939,-0.649263470838488,-0.297418822153198
"208",208,"male","white","yr2","STEM","stats","Visual",2,-2.15024548027062,-1.39640648254408,-1.13356946590029,1,-1.79422804288445,-1.11806932750387,-0.821282758780936,3.66666666666667,1.08821549063969,0.656747792683981,1.47663215861975,3.7,1.36848442616,0.710186324647545,0.421588094146971,1.83333333333333,-2.19513350549565,-1.32853393651598,-1.01277116654826,2.85714285714286,-0.859700255424696,-0.70065848561889,-0.327016271003139,2.85714285714286,-1.84948959691528,-0.951893604762362,-0.60808349026739,3.42857142857143,-0.0560126365344606,-0.077665859232317,0.0122206142445074,1.71428571428571,-2.44875115025511,-1.23974218426073,-0.765345849832597,2.85714285714286,-1.08952444671478,-0.941422461639529,-0.33665618232923,2,-2.89782230157709,-1.97713639583728,-1.22578285440148,1.66666666666667,-1.47836482899408,-1.03017210689419,-0.600255690956911,3.33333333333333,0.616731817510375,0.343574836846872,0.203189205202321,1.25,-1.09485392052136,-0.707526316352977,-0.251398160780922
"209",209,"male","white","yr3","STEM","other","Auditory",1.33333333333333,-3.12871855492083,-1.97509423859775,-1.69550953638473,1,-1.79422804288445,-1.11806932750387,-0.821282758780936,2,-0.604710520188809,0.0844706822797178,-1.26210752076984,5,5.14006484697988,3.24043328690884,1.54541374373052,5,3.98859198390332,2.58540564800849,1.81924269522743,4.71428571428571,3.32793415654085,1.88891439381028,1.23073580991514,4.57142857142857,2.29130134581808,1.37252473439895,0.729754726301053,4.28571428571429,2.00164512718761,1.18554179451586,0.673021246196649,4.28571428571429,3.11282857341392,1.54018491081474,1.23109525676025,4.57142857142857,2.67150514101265,1.75394751716231,0.990136231684694,4.71428571428571,3.09124329457481,1.8777789576123,1.12848256245022,3,1.15940245490286,0.901589107000962,0.48377051699264,3.66666666666667,1.31136976317891,0.618766956806137,0.480429640987929,1.5,-0.619486307717012,-0.512652640687681,-0.191071487197587
"210",210,"male","white","yr2","Health","stats","Kinesthetic",4,0.726844657074171,0.567189852853173,0.419840539947484,1.5,-0.939996728926976,-0.601232244712945,-0.413722361904138,3,-0.902469627935849,-0.583781768622119,-1.14991961505235,3,-0.489787860040373,-0.51000108369218,-0.0150681405602371,1.5,-2.78801964378012,-1.68748151017365,-1.27715331032205,2.28571428571429,-2.08401222364079,-1.32637732301781,-0.715966645733928,2.42857142857143,-2.73853604695696,-1.86829095450959,-0.829563808256956,3.28571428571429,-0.518660470775868,-0.461370680424562,-0.236384324035466,1.71428571428571,-2.76712348143078,-1.21159878406162,-1.18550534896807,2.28571428571429,-2.52150452908958,-1.71081795172705,-0.986641116707244,2.42857142857143,-1.98979020903182,-1.069444817162,-0.54156770452362,2.33333333333333,-0.138534918031266,-0.185979016212098,-0.0188166325316591,2.66666666666667,-0.714241507358401,-0.468163615046309,-0.21717885045287,1.25,-1.09485392052136,-0.707526316352977,-0.251398160780922
"211",211,"female","white","yr1","Other","math02","Visual",3,-0.734634652699772,-0.489183778497188,-0.411766583811161,3,1.75054076855521,1.08331099389992,0.779077529634855,2,-0.604710520188809,0.0844706822797178,-1.26210752076984,3,-0.850480968860497,-0.32733603586745,-0.302748896025129,3,0.0958063415389203,0.119062499372324,0.0407996177141286,3,-0.657878264118997,-0.307747691277502,-0.279546433933169,3,-1.43039882825032,-0.91835013442655,-0.417571171529733,2.71428571428571,-1.89162220778026,-1.05908356637501,-0.650224174573806,3.42857142857143,1.11014744512366,0.533147420715537,0.356039142625356,3,-0.99242688860333,-0.550449613348739,-0.416589525753715,2.42857142857143,-1.931331165708,-0.968596154013444,-0.631685778884211,3,1.15940245490286,0.901589107000962,0.48377051699264,3,-0.0487548449240131,-0.0622943890997189,-0.00699482262527438,2,0.569041803543553,0.442695658876479,0.180606016138814
"212",212,"female","white","yr1","Business","math03","Auditory",5,2.14245548464502,1.47441255690006,1.14164342203661,2.5,0.847788751993497,0.758698989686874,0.393501486349651,3.33333333333333,-0.381659971407452,-0.490196818414496,-1.47283675635336,4.7,4.28630798736513,2.80493241628081,1.34408971870373,3,0.164068126627689,0.0932220428943271,0.0750341368429606,3.14285714285714,-0.346883518375723,-0.220428094793749,-0.200873449815593,2.85714285714286,-1.71700967113006,-1.49246107242161,-0.443779700200588,2.85714285714286,-1.45578477278265,-0.830035274279575,-0.428043390658484,2.85714285714286,-0.151331450068212,-0.292807235170711,-0.0821864988035498,3,-0.886247376505964,-0.453435013986706,-0.265596772128342,3.28571428571429,-0.0838610277592949,-0.105558393120857,-0.146328760477394,3,1.16361334159346,1.11168249894999,0.483719301168489,2,-2.1175503970383,-1.28357544421197,-0.75461673615166,1.75,0.150424376932586,0.821537245547488,0.17258755145787
"213",213,"female","white","yr3","Other","other","Kinesthetic",5,2.14245548464502,1.47441255690006,1.14164342203661,3.5,2.59716294857229,1.5132633387197,1.1930999783639,2.66666666666667,-2.36285920655668,-1.44129837465635,-2.19296066948326,2.1,-3.30596478452769,-2.3261866510569,-0.984932789974935,3.66666666666667,1.35091490055197,0.863963864071,0.6142986684841,3,-0.860195208547998,-0.242183298851813,-0.450167498088707,2.85714285714286,-1.94290503223648,-0.899000816437519,-0.698001067838223,2.71428571428571,-1.97405283040549,-0.775716434914599,-0.685228644574898,2.57142857142857,-0.730656996638688,0.149851515387052,-0.357624888952515,2.85714285714286,-1.42373121590241,-0.707918444524905,-0.689597790488933,2.57142857142857,-1.68691731731967,-0.98762026521681,-0.583382557121784,4,3.15030649567803,2.3946129552641,1.31647754226797,4,1.99088942395612,1.28966377199986,0.673570682943099,1.75,-0.0424071301846323,-0.376041810536874,-0.0847241522419766
"214",214,"male","white","yr2","Business","math03","Auditory",4.33333333333333,1.18691665109635,0.970300264498127,0.634605472386928,4,3.53832624947568,2.44324222829974,1.58630137788864,2.33333333333333,-2.88366886308507,-1.53488332486397,-1.87004352818225,1.8,-4.30778883611734,-2.43920967950866,-1.54876487591456,2.83333333333333,-0.191422115957207,-0.228578399675788,-0.0835141280479448,2.85714285714286,-0.922905886058491,-0.561227559169176,-0.317858056071726,3,-1.50460541277566,-0.872384598081491,-0.4505413236062,2.71428571428571,-1.89281711034799,-1.12743440499882,-0.66458549855981,2.71428571428571,-0.424120986852298,0.0169168791747107,-0.0361396706719172,3.28571428571429,-0.33958123870761,-0.0482909834075679,-0.178897416208629,3.14285714285714,-0.389587141993231,0.12506447545345,0.0168818892386525,2,-0.831501585872319,-0.591434741262175,-0.348936508282686,2.66666666666667,-0.72827450570122,-0.733191204293443,-0.200135864580444,2.5,1.75756991480412,1.39804395844064,0.552283519475216
"215",215,"female","white","yr3","STEM","math03","Kinesthetic",5,2.14245548464502,1.47441255690006,1.14164342203661,2.25,0.372868867150997,0.514122150268121,0.21590263088332,3,-0.902469627935849,-0.583781768622119,-1.14991961505235,4.7,4.34598587840675,2.61331153396486,1.36642125062517,1.33333333333333,-3.1622963220745,-1.87257623928036,-1.45219366397373,2.71428571428571,-1.03932560102821,-0.788327875385428,-0.297243655012213,2.57142857142857,-2.65909233686876,-1.22428614062808,-0.993670584548909,3.71428571428571,0.510118536437527,0.260715575703554,0.122332911859316,3,0.189395327903529,0.387413992324559,0.0183192002869614,2.57142857142857,-1.90970763757374,-1.2435849092292,-0.710571583132465,1.14285714285714,-4.80514843956231,-2.83418384419297,-1.74560448939224,1,-2.82240562664749,-2.08445858952531,-1.18164353355801,3,-0.0476695583754994,-0.723026673581312,0.0941475570775897,1.5,-0.517774742988982,-0.57091548620217,-0.145050825825311
"216",216,"male","white","yr1","Business","math02","Visual",2.33333333333333,-1.68394318404706,-1.18163806816898,-0.907501551492826,1.75,-0.472685978024866,-0.443540143265327,-0.229661454585559,3.66666666666667,1.08821549063969,0.656747792683981,1.47663215861975,2.9,-0.997255095872317,-0.525777074935249,-0.353819990560289,3.83333333333333,1.70870530804817,1.11025133576936,0.775694581064813,4,1.63407371542722,1.02491321206767,0.585424469232283,3.85714285714286,0.507555430664703,0.170425074700709,0.202592067096481,3.71428571428571,0.513710704803365,0.150484971621898,0.137158185594025,4.28571428571429,2.95889466880186,1.51511601304655,1.08234392442506,4,1.31890860635435,0.90116551605563,0.48437333144762,4.42857142857143,2.4601676685991,1.39095810979318,0.825774401740746,2,-0.831501585872319,-0.591434741262175,-0.348936508282686,3.33333333333333,0.616731817510375,0.343574836846872,0.203189205202321,1.25,-1.19656548524939,-0.649263470838488,-0.297418822153198
"217",217,"female","white","yr1","Other","math01","Auditory",4.33333333333333,1.19314695329773,0.781958267228272,0.645908454354947,2.25,0.421206762435371,0.236425473934583,0.173950469541335,3,-1.84204955002828,-1.34771342444872,-2.51587781078427,3.5,0.758410071743164,0.539211950989692,0.261022446475821,4.16666666666667,2.28303573160876,1.64602310645596,1.03168931471918,4.14285714285714,1.87781075400102,1.19601883000812,0.648525786891843,4.42857142857143,1.92708304634222,1.21145440734036,0.599895976680996,4.28571428571429,1.98939758959016,1.11284650474489,0.66622408233992,2.28571428571429,-1.14971872666183,-0.532379521924898,-0.315617745614119,3.28571428571429,-0.211921426985805,-0.168142911046286,-0.0707047817227715,4.42857142857143,2.44801276121284,1.56160876738934,0.889436737027495,3,1.15519156821226,0.691495715051936,0.48382173281679,2.66666666666667,-0.72827450570122,-0.733191204293443,-0.200135864580444,1.5,-0.721197872445042,-0.454389795173192,-0.237092148569864
"218",218,"female","white","yr3","Business","math03","Visual",4.66666666666667,1.67615318842146,1.25964414252496,0.915575507629149,2.5,0.800518191550344,0.508685717306751,0.403912010951803,2.66666666666667,-2.36285920655668,-1.44129837465635,-2.19296066948326,2.8,-1.25375560123986,-0.861996017352972,-0.404374686234591,1.33333333333333,-3.17878259287267,-1.81138349668872,-1.46583810504469,2.57142857142857,-1.48419999015392,-1.02982071264762,-0.493572978354315,2.71428571428571,-2.17328208572268,-0.976452227749861,-0.809877858583568,2.57142857142857,-2.25664087538084,-1.53206023488641,-0.749805863998937,2.28571428571429,-1.2340237655863,-0.618311137907825,-0.523868702927556,2.71428571428571,-1.59396819230992,-1.01283167135645,-0.694083938251406,2.42857142857143,-1.99044062727835,-1.12499696786041,-0.714431986260663,2.66666666666667,0.508328325090495,0.252758349419919,0.232502550142566,4,1.99088942395612,1.28966377199986,0.673570682943099,2,0.648372938274006,0.492844190288231,0.333301302033881
"219",219,"male","white","yr2","Business","math02","Visual",3,-0.734634652699772,-0.489183778497188,-0.411766583811161,3,1.75054076855521,1.08331099389992,0.779077529634855,3,0.0371102941565809,0.180149887204485,0.216038580679579,3,-0.707225999987405,-0.272656158408305,-0.264001046259937,3,0.0958063415389203,0.119062499372324,0.0407996177141286,3,-0.657878264118997,-0.307747691277502,-0.279546433933169,3,-1.50464408453354,-0.936700316326251,-0.481717415392091,3,-1.19521793447544,-0.675355657478984,-0.411400972662834,3,0.193256545329035,0.132147891150883,0.0631382206629184,3,-0.99242688860333,-0.550449613348739,-0.416589525753715,3,-0.692687153800795,-0.324309887974433,-0.214465075211061,2,-0.831501585872319,-0.591434741262175,-0.348936508282686,2,-2.08839911380415,-1.4142525501993,-0.687560328193648,2,0.569041803543553,0.442695658876479,0.180606016138814
"220",220,"female","white","yr1","STEM","math02","Kinesthetic",4.66666666666667,1.67615318842146,1.25964414252496,0.915575507629149,3,1.70220287327083,1.36100767023345,0.82102969097684,3,-1.84204955002828,-1.34771342444872,-2.51587781078427,2.3,-2.63249122130975,-1.68406311198201,-0.731398675087387,2.16666666666667,-1.5250018548687,-0.907353241249843,-0.69887480259432,2.57142857142857,-1.5197020369648,-0.957063538077034,-0.597240902368297,3.28571428571429,-0.772487780386637,-0.404429200665039,-0.252662641518599,3.14285714285714,-0.746633250038719,-0.390949546691817,-0.245022166671085,2,-1.80615978640884,-0.824651500608853,-0.496880913777521,3.14285714285714,-0.413918398570101,-0.459322258080373,-0.0976846480412826,4.14285714285714,1.80458370215179,1.51233309863411,0.849993171437178,1.66666666666667,-1.48257571568468,-1.24026549884322,-0.60020447513276,4,1.99088942395612,1.28966377199986,0.673570682943099,1.5,-0.721197872445042,-0.454389795173192,-0.237092148569864
"221",221,"female","Asian","yr3","STEM","math03","Visual",1,-3.61172479004456,-2.45278011389444,-1.96517658965893,1,-1.79422804288445,-1.11806932750387,-0.821282758780936,1,-1.2465313345342,-0.0112085226450492,-2.74025362221926,4.2,2.68394344259933,1.59984576322141,0.594948922246587,5,3.98859198390332,2.58540564800849,1.81924269522743,5,3.92602569497344,2.35757411541285,1.45039537239774,5,3.31150917686338,1.92132264130113,1.09454554129571,5,3.74144114399981,2.28283476961181,1.26187175459162,5,4.56449623865807,2.32089057238357,1.63233687488761,5,3.63024410131203,2.35278064546,1.38533618864896,5,3.73794706238797,2.23668202166913,1.38459868253754,3,1.15940245490286,0.901589107000962,0.48377051699264,2.66666666666667,-0.743392790592552,-0.337486509058984,-0.284235258410882,2.75,2.22894108554239,1.32940496204301,0.524057707075893
"222",222,"male","white","yr1","Business","math03","Auditory",3.33333333333333,-0.222463874273117,-0.125264436818617,-0.0758944277341815,1,-1.79422804288445,-1.11806932750387,-0.821282758780936,3.66666666666667,0.158121451973574,0.182244141921628,2.01710182343001,4.2,2.784819508869,1.80120161024138,0.777606626614652,3.83333333333333,1.69390086509652,1.21244237245924,0.766489540955213,4.71428571428571,3.23527787088168,2.09544917935193,1.16770881819057,4.14285714285714,1.22162173624992,0.62550173042373,0.417398716210251,4.28571428571429,1.98939758959016,1.11284650474489,0.66622408233992,4.28571428571429,2.9881534670939,1.6786091269433,1.00344821988745,4.71428571428571,2.91054339407855,1.95649491328291,1.0614080998283,4.28571428571429,2.16444276380515,1.34101498786597,0.792819644316727,2.33333333333333,-0.184638342750558,-0.152697375630158,-0.0976173256084611,3,-0.0487548449240131,-0.0622943890997189,-0.00699482262527438,2.5,1.62548503594636,1.03769283675551,0.435832510660416
"223",223,"female","other","yr5+","Business","math03","Visual",2.66666666666667,-1.22387119002488,-0.778527656524024,-0.692736619053382,1.5,-0.939996728926976,-0.601232244712945,-0.413722361904138,3.66666666666667,0.148635568547259,-0.107183863142622,0.110673962887821,4.1,2.52747724750319,1.51104418066412,0.772522085732724,1.5,-2.80378862964022,-1.77307060469582,-1.28103494381059,2.71428571428571,-0.986457572434949,-0.656974557650102,-0.268527811074229,4,0.951221172698841,0.539812310991098,0.333472877524377,3.42857142857143,0.0123199343681776,-0.215967809038646,0.026640015776422,2.14285714285714,-1.66193970984682,-0.97203183086558,-0.59417342712138,3.28571428571429,-0.304486176546643,-0.140430001374194,-0.115155155489093,3.28571428571429,-0.0782988840734572,-0.037751854494435,-0.0183909054818258,1.66666666666667,-1.48257571568468,-1.24026549884322,-0.60020447513276,3,-0.077906128158164,0.0683827168876061,-0.0740512305832866,1,-1.67193309805374,-0.844137146503784,-0.357745495736532
"224",224,"female","white","yr2","STEM","other","Visual",2.33333333333333,-1.68394318404706,-1.18163806816898,-0.907501551492826,1,-1.79422804288445,-1.11806932750387,-0.821282758780936,3.66666666666667,2.02779541273212,1.42067944851058,2.84259035435167,3.8,1.59890535340339,1.10744842725643,0.429778120234203,1,-3.79697930082548,-2.34728064926384,-1.73764345979917,2.71428571428571,-1.02026664070964,-0.749671768734704,-0.327225358577698,3.28571428571429,-0.891279664980847,-0.470822875898975,-0.36814443943047,2.57142857142857,-2.22617133875172,-1.82936316493672,-0.7542464567024,1.71428571428571,-2.76820129633867,-1.29344305466254,-1.00121038053771,1.85714285714286,-3.4780856250765,-2.40855908202047,-1.27866123181733,1.14285714285714,-4.80514843956231,-2.83418384419297,-1.74560448939224,3.33333333333333,1.85236912274391,1.30704483205104,0.813890392743666,3.33333333333333,0.616731817510375,0.343574836846872,0.203189205202321,1,-1.67193309805374,-0.844137146503784,-0.357745495736532
"225",225,"female","white","yr2","Health","stats","Kinesthetic",3.33333333333333,-0.205759935372948,0.137653024102973,-0.0322952888674426,1.75,-0.496946329326985,-0.347427603976387,-0.218669277789762,2,-1.53480455885492,-0.390032968482635,-0.721637855959577,3.2,-0.120017022869776,-0.201090543266701,0.0344700275631617,2.16666666666667,-1.42376752818359,-1.05557918291113,-0.637351401323563,3.14285714285714,-0.29662040280446,0.0419959730872299,-0.129514292261116,3.57142857142857,-0.162804394271243,-0.0843665035370395,-0.0772508484044639,2.71428571428571,-1.75094996233302,-1.12840921983539,-0.579201255817811,2.28571428571429,-1.46040307488012,-0.476753478900223,-0.62101402705429,2.42857142857143,-2.17592321873596,-1.4204036622985,-0.840048773779348,2.28571428571429,-2.28828096857742,-1.61799108217249,-0.963146746408435,1,-2.82240562664749,-2.08445858952531,-1.18164353355801,3,-0.077906128158164,0.0683827168876061,-0.0740512305832866,1.25,-1.19656548524939,-0.649263470838488,-0.297418822153198
"226",226,"female","white","yr1","STEM","stats","Kinesthetic",3.66666666666667,0.243838421950443,0.0895039775564828,0.150173486673282,3,1.67900985680994,0.929410260808731,0.800480231032804,3.33333333333333,1.49749987277741,1.03766649323871,1.25907963511049,3.1,-0.324283473763852,-0.20678190594817,-0.139419870297718,1.66666666666667,-2.50259950556218,-1.54034893263339,-1.14991172339112,1.85714285714286,-3.16887263147288,-1.80014101348171,-1.22663944927416,1.85714285714286,-4.25912605220937,-2.48937278585364,-1.42610569449518,2.14285714285714,-3.23703599223422,-1.97609862553784,-1.05057916702354,1.71428571428571,-2.76607880299944,-1.36110104667423,-1.1485799453619,2.14285714285714,-2.86669818650974,-1.81209828449653,-1.14218702185775,2.71428571428571,-1.34213117428599,-0.760681965982093,-0.477133463359938,2.33333333333333,-0.184638342750558,-0.152697375630158,-0.0976173256084611,2.66666666666667,-0.729359792249733,-0.0724589198118504,-0.301278244283308,1.25,-1.19656548524939,-0.649263470838488,-0.297418822153198
"227",227,"male","white","yr2","Business","math03","Visual",1.66666666666667,-2.64571231979711,-1.49740836330106,-1.42584248311053,2,-0.0383120472064849,0.251089708213758,0.00339531812089843,5,1.32075192284736,0.371508297054018,3.17233078357842,2.9,-0.876370717977412,-0.409961142309841,-0.27556720661172,3,0.117676238019198,0.0393701766117712,0.052388549329293,4,1.63407371542722,1.02491321206767,0.585424469232283,3.42857142857143,-0.489799250758233,-0.257568733061035,-0.173512728517405,3.85714285714286,0.968200760012725,0.739054316498831,0.381889336756127,4,2.39936939242032,1.28068543223749,0.838373593972715,3,-1.02204683799276,-0.438641688168603,-0.463010284315503,3.85714285714286,1.20811100919563,0.85603642471664,0.518592261584351,3,1.20129499293155,0.658214074469996,0.562622425893592,2.66666666666667,-0.75742578893537,-0.602514098306118,-0.267192272538456,2.75,2.20256421347874,1.17430366690632,0.542179845616027
"228",228,"male","white","yr2","STEM","other","Kinesthetic",3.33333333333333,-0.239167813173285,-0.388181897740207,-0.11949356660092,1.5,-0.939996728926976,-0.601232244712945,-0.413722361904138,4,-0.260648813590459,-0.488102563697352,0.328226486397073,2.5,-2.0945365835986,-1.38519140909644,-0.66468930339083,2.33333333333333,-1.13048763400392,-0.858084415073827,-0.511007637861853,2.57142857142857,-1.62531307586522,-0.797064997759342,-0.685224508299883,3.57142857142857,-0.0797544499476615,-0.285738655727171,-0.00250122357201447,3.57142857142857,0.123524256078635,0.069475459428847,0.0419286887131051,2.42857142857143,-1.10878669028678,-0.524224708376609,-0.541314448429874,2.71428571428571,-1.56081934946958,-1.10847775637622,-0.610891418637427,2.42857142857143,-1.92965012744687,-1.21930773816403,-0.778359542425052,2.33333333333333,-0.184638342750558,-0.152697375630158,-0.0976173256084611,4,1.99088942395612,1.28966377199986,0.673570682943099,3,2.91572471193495,1.93477829080518,0.853530675369094
"229",229,"female","white","yr2","STEM","other","Visual",2.66666666666667,-1.21141058562212,-1.15521165106373,-0.670130655117344,1,-1.79422804288445,-1.11806932750387,-0.821282758780936,4.33333333333333,2.1393206871228,1.13334569816348,2.73722573655991,3.9,2.1741521773191,1.20613799357917,0.837226731490608,3,0.131255013414888,0.0655387846549889,0.0692461858426268,3.28571428571429,0.270804344861827,0.0248310322292897,0.180312766156546,5,3.31150917686338,1.92132264130113,1.09454554129571,4.28571428571429,2.08878621801775,1.13798705852141,0.77201673738209,3.57142857142857,1.71674580492827,0.766661460246368,0.710724833441791,4,1.41322574876909,0.782392695107143,0.513850227430805,3.57142857142857,0.595274200306157,0.149083470860452,0.132573305269608,2.66666666666667,0.508328325090495,0.252758349419919,0.232502550142566,3.66666666666667,1.31136976317891,0.618766956806137,0.480429640987929,1.25,-1.09085747845528,-0.444013644290048,-0.162845674798265
"230",230,"male","white","yr3","STEM","other","Kinesthetic",2.66666666666667,-1.2176408878235,-0.966869653793878,-0.681433637085363,1.25,-1.32691729198234,-0.960377226056248,-0.637221851462357,3.33333333333333,1.49749987277741,1.03766649323871,1.25907963511049,4.4,3.50958626417686,2.08827380760288,1.17457249839561,3.5,1.12500354115468,0.643035735531813,0.514116578272033,4,1.90180019701905,0.870284762069971,0.794315598114383,3.71428571428571,0.173036737522703,0.239395431885127,0.0602178531736768,4.14285714285714,1.56762330439724,0.983096923054529,0.526269430712823,2.57142857142857,-0.58463848448893,-0.138682538636585,-0.249247350380627,4,1.53669054634389,0.83967996087365,0.648800903641292,3.42857142857143,0.27001807167235,0.150925755530248,0.161054083246708,4,3.15030649567803,2.3946129552641,1.31647754226797,3.33333333333333,0.616731817510375,0.343574836846872,0.203189205202321,1.25,-1.09485392052136,-0.707526316352977,-0.251398160780922
"231",231,"female","white","yr1","Health","stats","Kinesthetic",2.33333333333333,-1.68394318404706,-1.18163806816898,-0.907501551492826,1.75,-0.52102387330924,-0.165843466931789,-0.187709293243574,3,0.976690216249011,0.944081543031088,1.5819967764115,3.7,1.44653475529161,0.859700720884951,0.460435844261921,2.83333333333333,-0.106674060070266,-0.315611598745429,-0.0356351678481506,4,1.83511583932425,0.901108768947195,0.736716380075851,4.57142857142857,2.23474572464005,1.34932764255235,0.748594776659877,4.28571428571429,2.05600347898184,1.02089615040029,0.71293025864991,3.28571428571429,0.909682878041855,0.173436541348261,0.392072102622962,4.42857142857143,2.48009044048646,1.48174748982001,1.04059267912599,4,1.52045848152633,1.02140069287018,0.636545498466278,2.66666666666667,0.508328325090495,0.252758349419919,0.232502550142566,4,1.99088942395612,1.28966377199986,0.673570682943099,1.5,-0.615489865650935,-0.249139968624752,-0.102519001214931
"232",232,"female","white","yr3","Health","stats","Kinesthetic",4.66666666666667,1.65944924952129,0.996726681603372,0.87197636876241,2.75,1.24356859115033,0.762490358043309,0.598965095066179,3.66666666666667,0.148635568547259,-0.107183863142622,0.110673962887821,1.9,-3.89887095232817,-2.23692556143775,-1.22365691560537,3,0.0958063415389203,0.119062499372324,0.0407996177141286,3.85714285714286,1.27332678210552,0.890990802235828,0.437850230707693,4.14285714285714,1.26765084564078,0.653381489546028,0.436272812571867,3.71428571428571,0.587759966487088,0.424356098317554,0.178848028924144,4,2.31993579745908,1.32800029764119,0.736992237584792,3,-0.99242688860333,-0.550449613348739,-0.416589525753715,3.57142857142857,0.557753256053181,0.546165049365494,0.261026340008508,2,-0.831501585872319,-0.591434741262175,-0.348936508282686,1.33333333333333,-3.46255672024989,-2.36034148535229,-1.15794180593443,2.75,2.46673397119426,1.89500591027657,0.775081863245627
"233",233,"male","white","yr3","STEM","math03","Kinesthetic",1,-3.61172479004456,-2.45278011389444,-1.96517658965893,1,-1.79422804288445,-1.11806932750387,-0.821282758780936,2,0.315897635050992,0.26954632797782,-3.70900504612229,4.9,4.93926619752692,3.03538589144476,1.51801701390241,3.5,1.08108778282582,0.658045639715211,0.492628676744939,4.14285714285714,2.00087204053443,1.15318230642088,0.764481425114865,4.28571428571429,1.64591469118994,0.849011928091643,0.544786851893387,4.28571428571429,2.09386651325536,1.17989713064426,0.731790252885288,3.85714285714286,2.13124784026509,1.02662626889207,0.85821801172166,4.57142857142857,2.78930099934919,1.69699889738577,1.11224218684874,3.57142857142857,0.527183584940117,0.307950102750874,0.0759461376319229,3,1.15940245490286,0.901589107000962,0.48377051699264,2,-2.08839911380415,-1.4142525501993,-0.687560328193648,1,-1.67193309805374,-0.844137146503784,-0.357745495736532
"234",234,"female","other","yr5+","STEM","math02","Kinesthetic",4.66666666666667,1.67615318842146,1.25964414252496,0.915575507629149,3,1.69441093201058,1.18865133450666,0.807523935078698,3,-1.84204955002828,-1.34771342444872,-2.51587781078427,2.5,-2.26140456158515,-1.53413694169877,-0.810073320083334,1,-3.79697930082548,-2.34728064926384,-1.73764345979917,1.85714285714286,-3.16326465754342,-1.82077519547382,-1.17344226861116,3,-1.5117665989466,-0.825988029344578,-0.546488261723013,1.71428571428571,-4.25835453278374,-2.58360982643714,-1.4316858367823,2.42857142857143,-1.19394213461421,-0.405880285994195,-0.639659861244953,1.57142857142857,-4.23288139447095,-2.71270579623093,-1.66633158135752,1.42857142857143,-4.18089269738245,-2.47645561163396,-1.52445795544833,1.33333333333333,-2.12943895880644,-1.67900286447524,-0.851523657806985,3,-0.0627878432668317,-0.327321978346853,0.0100481632471516,1.25,-1.19656548524939,-0.649263470838488,-0.297418822153198
"235",235,"female","white","yr1","Other","math01","Kinesthetic",3.66666666666667,0.220904180848895,0.0149285139047472,0.0952713658385237,1.25,-1.38304712852697,-0.855036885449504,-0.608775446018514,3.33333333333333,1.49749987277741,1.03766649323871,1.25907963511049,2.7,-1.4971085815473,-1.06671253351196,-0.444104747466254,3.66666666666667,1.45143194229901,0.862519759523533,0.666059262172433,4.57142857142857,2.9766426824051,1.67833761762998,1.12041318975357,5,3.31150917686338,1.92132264130113,1.09454554129571,4,1.34837286338547,0.89471509557445,0.4639134573964,3.57142857142857,1.53648580184976,0.897903465374468,0.602206601760095,4.28571428571429,2.03294037434957,1.18321536268967,0.795456699221839,4.42857142857143,2.4650586269007,1.36503225283139,0.874137681174568,1.66666666666667,-1.48257571568468,-1.24026549884322,-0.60020447513276,2.66666666666667,-0.72827450570122,-0.733191204293443,-0.200135864580444,1.25,-1.19656548524939,-0.649263470838488,-0.297418822153198
"236",236,"female","Black","yr3","Health","other","Kinesthetic",3.33333333333333,-0.222463874273117,-0.125264436818617,-0.0758944277341815,3.25,2.18491469937359,1.777940845379,1.01213430234131,2,-1.54429044228124,-0.679460973546886,-2.62806571650176,3.4,0.648273905015518,0.5196659868893,0.355363651338853,2.33333333333333,-1.22218037688079,-0.618497989017263,-0.568989461640472,3,-0.775303860204857,-0.292194075259563,-0.384541163106687,3,-1.47474478565225,-0.795505944979468,-0.515938887367772,3,-1.15203605032512,-0.672936876778396,-0.410002479470822,2.71428571428571,-0.53085777034117,0.0633765981279389,-0.380558878992424,2.42857142857143,-2.37503102558453,-1.48055764593435,-0.959819622329963,3.28571428571429,-0.0799151336229497,0.297801397768954,0.149918369581348,1.66666666666667,-1.47836482899408,-1.03017210689419,-0.600255690956911,2.66666666666667,-0.72827450570122,-0.733191204293443,-0.200135864580444,2.75,2.23293752760847,1.59291763410594,0.61261019305855
"237",237,"female","other","yr1","Other","math01","Auditory",2.66666666666667,-1.18423301002316,-0.441034731950698,-0.594235359351885,2.75,1.29969842769496,0.657150017436564,0.570518689622336,3.33333333333333,-0.381659971407452,-0.490196818414496,-1.47283675635336,2.2,-3.21268803355068,-1.68166381363358,-1.10175544760688,2.83333333333333,-0.18586252490679,-0.102703238506989,-0.0872595992069774,4,1.66481975797887,1.03063309567045,0.597886392074295,4,0.90343254616492,0.49231116248744,0.30641406295181,4,1.27311160476219,0.803739556066415,0.425235390964391,4,2.37887639199355,1.22651923176723,0.847737547775263,3.71428571428571,0.650723890301827,0.442241286763126,0.243273040422976,4,1.52262995429359,0.956186066847349,0.585066803663237,2.66666666666667,0.508328325090495,0.252758349419919,0.232502550142566,3,-0.0487548449240131,-0.0622943890997189,-0.00699482262527438,3,2.81001670514085,1.72952846425674,0.718957528014161
"238",238,"male","white","yr1","STEM","math03","Visual",3.33333333333333,-0.251628417576044,-0.0114979032004984,-0.142099530536959,1.5,-0.908127243684467,-0.61046004603075,-0.431176590552184,2.66666666666667,0.446394676294299,0.561068587759215,-0.0015139428296729,2.7,-1.5905479798891,-0.849625330679694,-0.536887148364173,3,0.156876181667395,-0.0887866984446207,0.0800174874676196,3.28571428571429,-0.0121085130183875,0.0892050937025288,-0.0587269849770468,3.28571428571429,-0.84693272921729,-0.333933069668518,-0.295102877708024,3,-1.22440850514552,-0.902677169681757,-0.455662177660305,2.85714285714286,-0.0447615501541755,-0.108970994665972,0.0876687178709525,3.42857142857143,0.138941169672618,0.0473733072662381,0.0976858444741784,3.28571428571429,-0.0318347643954979,0.103802658820935,0.0328225684435748,2,-0.831501585872319,-0.591434741262175,-0.348936508282686,3,-0.0487548449240131,-0.0622943890997189,-0.00699482262527438,1.5,-0.721197872445042,-0.454389795173192,-0.237092148569864
"239",239,"female","white","yr2","STEM","math03","Kinesthetic",4.33333333333333,1.2098508921979,1.04487572814986,0.689507593221686,2.25,0.412530293653761,0.67725068467711,0.211954158133417,3.33333333333333,-1.32123989349988,-1.2541284742411,-2.83879495208528,2.4,-2.44676444889961,-1.78273182077793,-0.760897828990058,2,-1.85597010532539,-1.09560949477685,-0.846366411586722,1.57142857142857,-3.84762004817226,-2.24653182536501,-1.46511282911678,3,-1.50120141540155,-0.766354978375512,-0.553026316657563,2,-3.56600723776852,-2.31667773443937,-1.20672983064479,1.85714285714286,-2.56245281117004,-1.1648272199341,-1.10156973808246,2,-3.19391234852274,-2.06950498602073,-1.28914408660361,1.71428571428571,-3.54622787478907,-2.12350812063332,-1.24193550477265,1.66666666666667,-1.48257571568468,-1.24026549884322,-0.60020447513276,3.33333333333333,0.616731817510375,0.343574836846872,0.203189205202321,1.25,-1.09485392052136,-0.707526316352977,-0.251398160780922
"240",240,"female","white","yr1","STEM","stats","Kinesthetic",4.66666666666667,1.67615318842146,1.25964414252496,0.915575507629149,3.5,2.68516227035943,1.39869519679515,1.14719934427201,3,-1.83256366660196,-1.05828541938447,-0.609449950242083,1.5,-5.09149029217084,-3.2037971323364,-1.64214663763977,3.66666666666667,1.39561923642096,0.892359349761945,0.632153125093367,3,-0.7082038011721,-0.301388490046123,-0.306420136759668,2.57142857142857,-2.48762847258998,-1.49763012569384,-0.812911360879632,2.85714285714286,-1.50076517476838,-1.1103039014257,-0.522243953166105,2.42857142857143,-1.11326958819325,-0.547923638257783,-0.354522153146329,3.14285714285714,-0.728175345286833,-0.180155879954172,-0.394768958072315,2.71428571428571,-1.33921316305257,-0.988287718388789,-0.576893748955487,1.33333333333333,-2.17133149683513,-1.43562783194427,-0.930375566707937,3,-0.0627878432668317,-0.327321978346853,0.0100481632471516,1,-1.67193309805374,-0.844137146503784,-0.357745495736532
"241",241,"female","other","yr1","Other","math01","Visual",4.33333333333333,1.17644301439756,0.519040806306683,0.602309315488208,2.25,0.325415499387979,0.178637280132338,0.206345347735082,3.66666666666667,1.08821549063969,0.656747792683981,1.47663215861975,1.8,-4.10432642483264,-2.65823288670706,-1.23580921425545,2,-1.85058647964328,-1.11410907494576,-0.84842192104252,2.14285714285714,-2.4357193991145,-1.55858369128877,-0.846811074203992,3.28571428571429,-0.824118251352802,-0.27744468877284,-0.337592950113143,1.85714285714286,-3.92257631050087,-2.24747224087449,-1.34804843243593,1.71428571428571,-2.59180251068566,-1.16941895861696,-0.937511169231975,2.57142857142857,-1.8882210487313,-1.06518772613838,-0.813759867513442,3.28571428571429,-0.0740791111561062,-0.157410107044437,-0.0496022016097485,2,-0.831501585872319,-0.591434741262175,-0.348936508282686,3.33333333333333,0.630764815853194,0.608602426094005,0.186146219329896,1.25,-1.09485392052136,-0.707526316352977,-0.251398160780922
"242",242,"male","white","yr4","Other","math02","Visual",4,0.710140718174002,0.304272391931583,0.376241401080745,1.5,-0.883866892382348,-0.70657258531969,-0.442168767347981,3,0.976690216249011,0.944081543031088,1.5819967764115,4.3,2.98561815832195,2.00624900570545,0.805003356442761,4,2.05077620362092,1.25581442687363,0.938886140583976,3.57142857142857,0.541293178808657,0.536941108967174,0.145019783728552,4.42857142857143,1.98175582298388,1.17277386351381,0.682255553471528,4.14285714285714,1.68737554864358,0.909396511781977,0.615896396374183,3.57142857142857,1.71779048335962,0.617159197633755,0.747650237047963,3.57142857142857,0.477965504391513,0.245383767981401,0.211279329647406,4.28571428571429,2.13973770955526,1.28203286938838,0.880982947629335,3,1.20550587962215,0.868307466419022,0.562571210069442,3.33333333333333,0.630764815853194,0.608602426094005,0.186146219329896,2.5,1.48540727295645,0.150316370944525,0.142276529880302
"243",243,"male","white","yr1","Business","math03","Visual",4.33333333333333,1.19314695329773,0.781958267228272,0.645908454354947,3.25,2.0891234363262,1.72015265157676,1.04452918053506,2.33333333333333,-2.88366886308507,-1.53488332486397,-1.87004352818225,2.4,-2.61930699484761,-1.46972282821812,-0.928177813959434,1.16666666666667,-3.48788094684907,-2.07933207297628,-1.60174078242193,2.28571428571429,-2.29502073471661,-1.34173976808176,-0.906968078087972,3,-1.50812444706179,-0.911627376844211,-0.466910760028103,2.28571428571429,-2.85146502882334,-1.70997276448774,-0.916081263607069,2.57142857142857,-0.704213421923719,-0.350252910541591,-0.248319015166763,2.14285714285714,-2.85066491042321,-1.97173172030439,-1.11414792255866,2.71428571428571,-1.31205193767906,-0.707963977495236,-0.387248329721154,2.33333333333333,-0.184638342750558,-0.152697375630158,-0.0976173256084611,2.66666666666667,-0.743392790592552,-0.337486509058984,-0.284235258410882,2.25,1.15011742314201,0.842819161090215,0.375505837077082
"244",244,"female","white","yr1","Other","math01","Auditory",3,-0.711700411598224,-0.414608314845453,-0.356864462976403,1.25,-1.38304712852697,-0.855036885449504,-0.608775446018514,3.66666666666667,1.08821549063969,0.656747792683981,1.47663215861975,2.5,-2.08288141089633,-1.21316188585391,-0.631119926473787,5,3.98859198390332,2.58540564800849,1.81924269522743,5,3.92602569497344,2.35757411541285,1.45039537239774,5,3.31150917686338,1.92132264130113,1.09454554129571,5,3.74144114399981,2.28283476961181,1.26187175459162,5,4.56449623865807,2.32089057238357,1.63233687488761,5,3.63024410131203,2.35278064546,1.38533618864896,5,3.73794706238797,2.23668202166913,1.38459868253754,4,3.15030649567803,2.3946129552641,1.31647754226797,2.33333333333333,-1.42399773791827,-0.347651039771116,-0.578518680068916,1.75,-0.245830259640692,-0.259516119507896,-0.17676547498653
"245",245,"female","white","yr3","Other","math01","Auditory",3.66666666666667,0.220904180848895,0.0149285139047472,0.0952713658385237,1.25,-1.38304712852697,-0.855036885449504,-0.608775446018514,3.66666666666667,-0.790944353545171,-0.871115518969226,-1.2552842328441,5,5.14006484697988,3.24043328690884,1.54541374373052,4.16666666666667,2.35449093191522,1.5422625833301,1.07684432741701,2.85714285714286,-1.09925335918939,-0.426049916967278,-0.488170761431274,2.71428571428571,-2.27206170647011,-1.22009813129367,-0.758462999525465,3,-1.21696513285347,-0.536855688641504,-0.460678510640175,3,0.174686018190132,0.00927312491336095,-0.028211009968195,3.14285714285714,-0.639121670651802,-0.421012677165045,-0.259983463498257,3.28571428571429,-0.0959719135716328,0.11175368769831,0.0322587925069871,2.33333333333333,-0.138534918031266,-0.185979016212098,-0.0188166325316591,3.33333333333333,0.616731817510375,0.343574836846872,0.203189205202321,1.5,-0.619486307717012,-0.512652640687681,-0.191071487197587
"246",246,"male","white","yr4","Other","math02","Visual",5,2.14245548464502,1.47441255690006,1.14164342203661,2.75,1.37229667428146,0.283340801814086,0.517574351484554,2.33333333333333,-2.88366886308507,-1.53488332486397,-1.87004352818225,4.8,4.59300839525599,2.86668907516367,1.42741043903541,3.66666666666667,1.52995259613409,0.781257950326994,0.713598166375826,4.14285714285714,2.15382025042549,1.07945520783228,0.894091641176416,5,3.31150917686338,1.92132264130113,1.09454554129571,4.71428571428571,3.14085042512859,1.78323159276253,1.09664283310399,3,0.447782386113385,0.610253920612026,0.290807985625788,4.42857142857143,2.4303268421594,1.45332607565903,0.942791403546843,4.71428571428571,3.1186030456474,1.89120817703812,1.11852572185214,4,3.15030649567803,2.3946129552641,1.31647754226797,4,1.99088942395612,1.28966377199986,0.673570682943099,2.5,1.51977702915225,0.832443010207071,0.301259363305483
"247",247,"male","white","yr5+","STEM","math03","Kinesthetic",4,0.74354859597434,0.830107313774762,0.463439678814223,3.5,2.61256402377294,1.77250441241763,1.20014368240979,1.66666666666667,-1.13500606014352,-0.298542272992156,-2.84561824001102,3.9,2.12507764320318,1.09844277251172,0.82380925746075,2,-1.85058647964328,-1.11410907494576,-0.84842192104252,2.14285714285714,-2.61982935289516,-1.51220606839361,-1.00940502141604,2.28571428571429,-3.22683188478127,-1.83678984394957,-1.06913830033707,2.14285714285714,-3.30191520011494,-1.93049986665498,-1.1295721181116,1.85714285714286,-2.14218200399219,-1.14133028725953,-0.665081003588523,2,-3.30376238356101,-2.00206474275311,-1.31755238295505,1.57142857142857,-3.87976563264305,-2.22876114365098,-1.44123455602798,2,-0.831501585872319,-0.591434741262175,-0.348936508282686,3,-0.0627878432668317,-0.327321978346853,0.0100481632471516,1.5,-0.619486307717012,-0.512652640687681,-0.191071487197587
"248",248,"male","white","yr5+","STEM","math03","Visual",3.66666666666667,0.220904180848895,0.0149285139047472,0.0952713658385237,1.25,-1.32691729198234,-0.960377226056248,-0.637221851462357,3.33333333333333,0.557919950684978,0.273734837412108,-0.106878560621431,3.4,0.413859953696954,0.187415152765254,0.0169375846820969,2.5,-0.861257034677149,-0.330332412687974,-0.406819425778377,4.71428571428571,3.35569183303002,1.98726492037352,1.25795064006062,5,3.31150917686338,1.92132264130113,1.09454554129571,5,3.74144114399981,2.28283476961181,1.26187175459162,4.14285714285714,2.87164905318312,1.46250307762503,1.17258258669124,4.42857142857143,2.66630621176593,1.52856279276502,1.17804975165232,4.71428571428571,3.0961342528764,1.85185310065051,1.17684584188404,2.66666666666667,0.466435787061802,0.496133381950885,0.153650641241613,4,1.99088942395612,1.28966377199986,0.673570682943099,1.5,-0.619486307717012,-0.512652640687681,-0.191071487197587
"249",249,"female","white","yr3","Other","other","Visual",4.66666666666667,1.65321894731991,1.18506867887323,0.860673386794391,2.25,0.421206762435371,0.236425473934583,0.173950469541335,2.33333333333333,-0.0839008636604121,0.178055632487341,-1.58502466207085,3.7,1.29316204045731,0.679772729920817,0.347097251117165,3.16666666666667,0.368898167084827,0.43724788406841,0.159993850522036,2.85714285714286,-1.00353404780719,-0.545607375027106,-0.378908145045241,2.42857142857143,-2.86261456366704,-1.93545351256852,-0.913953396601424,3,-1.13033872659473,-0.72095441636185,-0.332408021574769,2.42857142857143,-0.999900024005129,-0.353272684130832,-0.371997848475023,3.57142857142857,0.380119468525869,0.347994748769518,0.14503067261203,3,-0.674383548002934,-0.459600325898696,-0.276140359293994,2.33333333333333,-0.184638342750558,-0.152697375630158,-0.0976173256084611,3.33333333333333,0.659916099087344,0.47792532010668,0.253202627287908,2,0.432960482619717,-0.181168134871578,-0.0243974786586425
"250",250,"male","white","yr3","Other","math02","Visual",3.33333333333333,-0.239167813173285,-0.388181897740207,-0.11949356660092,2,-0.0218436371646205,-0.0173791668019752,-0.0211026145730408,2.33333333333333,-0.0744149802340973,0.467483637551591,0.321403198471338,3,-0.683509688715613,-0.56009191106696,-0.28444220399201,3,0.0974386954487974,0.175196079542473,0.0395617382485022,2.57142857142857,-1.61671673587329,-0.910329822711921,-0.646780234940352,3.14285714285714,-1.14947175291207,-0.837343382269611,-0.3713594795643,2.28571428571429,-2.90580628624573,-1.79657354618359,-0.973363376944442,3,0.0598156411437376,0.16124519385295,-0.094977065474822,2.57142857142857,-2.01586304192801,-1.14231784587808,-0.794845620139373,2.71428571428571,-1.33214773966699,-0.866117997555429,-0.489317103843647,2,-0.831501585872319,-0.591434741262175,-0.348936508282686,2.33333333333333,-1.42291245136976,-1.00838332425271,-0.477376300366052,1,-1.67193309805374,-0.844137146503784,-0.357745495736532
"251",251,"female","white","yr3","Health","math02","Visual",4.66666666666667,1.67615318842146,1.25964414252496,0.915575507629149,3,1.74274882729495,0.910954658173122,0.765571773736713,3.33333333333333,-0.372174087981137,-0.200768813350245,0.433591104188832,3.2,-0.144354611619465,0.0655094620810929,-0.131153946377931,3.16666666666667,0.528008918680716,0.159092811238044,0.249814627977287,3.14285714285714,-0.267244407439663,-0.20471585644701,-0.11831761757005,3.42857142857143,-0.484474925246118,-0.452218127668829,-0.148102692183325,3.42857142857143,-0.164712245751085,0.000379003187401118,-0.0849705115461266,3.14285714285714,0.433391387128492,0.359331986953204,0.0847254871257521,3,-0.99242688860333,-0.550449613348739,-0.416589525753715,3.42857142857143,0.256561402602159,0.213628913269716,0.156167429065832,3,1.15940245490286,0.901589107000962,0.48377051699264,3.66666666666667,1.31136976317891,0.618766956806137,0.480429640987929,2,0.569041803543553,0.442695658876479,0.180606016138814
"252",252,"female","white","yr5+","STEM","math03","Visual",3.33333333333333,-0.245398115374665,-0.199839900470353,-0.13079654856894,1.75,-0.472685978024866,-0.443540143265327,-0.229661454585559,3.66666666666667,1.08821549063969,0.656747792683981,1.47663215861975,4,2.22194812050106,1.46303598975198,0.644759526732645,3.5,1.12500354115468,0.643035735531813,0.514116578272033,3.57142857142857,0.828599154901943,0.370233574135318,0.368322692595139,4.14285714285714,1.24275404048711,0.791000158427568,0.429076109165962,3.42857142857143,-0.140773555938331,0.0425538598681048,-0.0689378263081143,3.28571428571429,0.971211286648471,0.449432706333427,0.389005258422074,3.42857142857143,0.158890992143512,0.0930356682778157,0.153543142602849,3,-0.695897073841267,-0.549095615163232,-0.409502118185724,2.33333333333333,-0.184638342750558,-0.152697375630158,-0.0976173256084611,4,1.99088942395612,1.28966377199986,0.673570682943099,1,-1.67193309805374,-0.844137146503784,-0.357745495736532
"253",253,"female","white","yr1","STEM","math02","Kinesthetic",2.66666666666667,-1.17800270782178,-0.629376729220553,-0.582932377383866,1,-1.79422804288445,-1.11806932750387,-0.821282758780936,4,1.6185110305944,1.03976074795585,3.06014287786092,3.8,1.60110953734827,1.01641797061429,0.454240115507901,3,0.0958063415389203,0.119062499372324,0.0407996177141286,3,-0.568210344522309,-0.421651833858686,-0.201766534905127,3.42857142857143,-0.516455573054967,-0.139571453560856,-0.188894150134261,3.14285714285714,-0.804377995835398,-0.475329566718236,-0.26604765037102,2.57142857142857,-0.658944521111378,-0.156292526055753,-0.149786378223368,3,-0.99242688860333,-0.550449613348739,-0.416589525753715,2.57142857142857,-1.60477327539026,-0.862490938826546,-0.591617567393686,3,1.20129499293155,0.658214074469996,0.562622425893592,4,1.99088942395612,1.28966377199986,0.673570682943099,2,0.432960482619717,-0.181168134871578,-0.0243974786586425
"254",254,"female","white","yr1","Other","math02","Kinesthetic",5,2.14245548464502,1.47441255690006,1.14164342203661,5,5.29530957999487,3.2846913153037,2.37943781805065,2.33333333333333,-2.88366886308507,-1.53488332486397,-1.87004352818225,1.7,-4.50533714555984,-2.76982203220896,-1.4974629052786,1.83333333333333,-2.09142304853092,-1.40789810771131,-0.950090079290926,2.14285714285714,-2.6274990635563,-1.16149039681748,-1.02486958331962,2.28571428571429,-3.19132928717758,-1.80422741755157,-1.01255005725502,2.28571428571429,-2.89715091701412,-1.61364765233096,-0.981391486822423,2.71428571428571,-0.443736192422551,0.0435443755498029,-0.164414304909202,1.71428571428571,-3.93665821098584,-2.4585610116827,-1.49938719437147,2.28571428571429,-2.31241003247183,-1.36845432951972,-0.851442569010992,3,1.15940245490286,0.901589107000962,0.48377051699264,3.66666666666667,1.31136976317891,0.618766956806137,0.480429640987929,2,0.569041803543553,0.442695658876479,0.180606016138814
"255",255,"male","white","yr1","Business","math03","Kinesthetic",3,-0.717930713799604,-0.226266317575598,-0.368167444944422,2.75,1.24356859115033,0.762490358043309,0.598965095066179,2.66666666666667,0.446394676294299,0.561068587759215,-0.0015139428296729,3,-0.696168605977766,-0.314361307404878,-0.255894690265229,2.5,-0.826772905709623,-0.57163625861736,-0.373049451028817,2.85714285714286,-1.03692741474392,-0.616674994021044,-0.417083884240222,2.71428571428571,-2.19761675763946,-1.29059426229019,-0.716022763336041,2.28571428571429,-3.00334652219029,-1.6343466827686,-1.01467088258971,2.42857142857143,-1.01653180700639,-0.66270498577477,-0.317814874296518,2.28571428571429,-2.65091673366529,-1.49990611281194,-1.07986027340996,2.71428571428571,-1.34789184367092,-0.561593983140783,-0.405469058523095,2,-0.831501585872319,-0.591434741262175,-0.348936508282686,3,-0.0487548449240131,-0.0622943890997189,-0.00699482262527438,2.75,2.20256421347874,1.17430366690632,0.542179845616027
"256",256,"female","white","yr1","Health","stats","Auditory",3.33333333333333,-0.245398115374665,-0.199839900470353,-0.13079654856894,1.25,-1.38304712852697,-0.855036885449504,-0.608775446018514,3.66666666666667,1.08821549063969,0.656747792683981,1.47663215861975,3.4,0.578673655289576,0.159705160548456,0.208927244626937,3,0.22677032066604,-0.0584935747524686,0.113014127130825,2.85714285714286,-0.987879154889049,-0.435950217506574,-0.414658749615748,3.42857142857143,-0.50764990665298,-0.0995597919731506,-0.203616923279762,2.85714285714286,-1.46630562886914,-0.949082159512283,-0.467127329293288,3,0.266712176548518,0.354033916935391,0.0735827930040165,3,-0.78450890199906,-0.549031860668541,-0.238248632881854,2.57142857142857,-1.62531314266701,-0.746827542992256,-0.500099100030046,2,-0.831501585872319,-0.591434741262175,-0.348936508282686,3.66666666666667,1.31136976317891,0.618766956806137,0.480429640987929,1.25,-1.19656548524939,-0.649263470838488,-0.297418822153198
"257",257,"female","Asian","yr1","Other","stats","Auditory",3.33333333333333,-0.245398115374665,-0.199839900470353,-0.13079654856894,2.5,0.815919266750988,0.767926791004679,0.410955714997697,3,0.0371102941565809,0.180149887204485,0.216038580679579,3.2,-0.102787567274694,-0.102420321989412,-0.082317056617779,3.66666666666667,1.51262254896618,0.829722502622834,0.697558159852663,4,1.63407371542722,1.02491321206767,0.585424469232283,3.28571428571429,-0.84869322472198,-0.613288454727417,-0.277961441803383,3.71428571428571,0.581976306686529,0.353911876881026,0.197267607928764,3.42857142857143,1.04757435808569,0.406653518342985,0.322180583220072,3.85714285714286,1.07792413396782,0.695111052881885,0.432551722198462,3.42857142857143,0.260034637053347,0.256361787103584,0.173237723730417,2,-0.831501585872319,-0.591434741262175,-0.348936508282686,2,-2.08839911380415,-1.4142525501993,-0.687560328193648,2,0.569041803543553,0.442695658876479,0.180606016138814
"258",258,"female","Asian","yr3","STEM","math03","Auditory",1.66666666666667,-2.66241625869728,-1.76032582422265,-1.46944162197727,1.5,-0.932204787666722,-0.428875908986152,-0.400216606005996,4,0.678931108501971,0.275829092129251,1.694184682129,3.5,0.89804215579912,0.560840246340129,0.230976644751246,3,0.0958063415389203,0.119062499372324,0.0407996177141286,2,-2.94983024366521,-1.64040859462268,-1.14451733709862,2,-3.91272071523201,-2.36571179513994,-1.26984889373599,2,-3.66354747371307,-2.15445087102438,-1.24803733629006,2,-1.99236330133548,-0.962223449465462,-0.721461106449426,2,-3.30376238356101,-2.00206474275311,-1.31755238295505,2,-2.90800426189518,-1.60480584279621,-1.01399695408536,4,3.15030649567803,2.3946129552641,1.31647754226797,4,1.99088942395612,1.28966377199986,0.673570682943099,4,5.05099160673814,3.01636126963701,1.25730903988951
"259",259,"female","other","yr1","STEM","math02","Kinesthetic",4.66666666666667,1.65944924952129,0.996726681603372,0.87197636876241,1.5,-0.939996728926976,-0.601232244712945,-0.413722361904138,3,0.967204332822696,0.654653537966838,-0.324431084130683,3.4,0.554482473115194,0.145938838172493,0.294514894341991,2.5,-0.928007232394736,-0.423410316956074,-0.434572852299574,3.14285714285714,-0.269789355646085,-0.0971043469730736,-0.125279173571589,4.14285714285714,1.28145802740876,0.712472195684517,0.405458018160373,3.85714285714286,0.938356699427333,0.392716225728361,0.287504306347762,1.71428571428571,-2.56254371239362,-1.00592584472021,-1.01640687376958,3.14285714285714,-0.503846700371106,-0.423121652207576,-0.158396366860404,3,-0.672031324357567,-0.616579514461074,-0.343239547273089,1.66666666666667,-1.48257571568468,-1.24026549884322,-0.60020447513276,2.66666666666667,-0.743392790592552,-0.337486509058984,-0.284235258410882,1,-1.67193309805374,-0.844137146503784,-0.357745495736532
"260",260,"male","white","yr1","STEM","stats","Kinesthetic",2,-2.15024548027062,-1.39640648254408,-1.13356946590029,1.25,-1.35117764328446,-0.864264686767308,-0.62622967466656,4.33333333333333,0.269646726364252,-0.105089608425478,1.91173720563825,4.5,3.69094221016889,2.39658788642975,1.0826789374742,3.33333333333333,0.861453299417022,0.416210835231005,0.398463922956263,4.57142857142857,2.97622698106714,1.65670802553932,1.09989138144508,3.85714285714286,0.500432916251646,0.281137361682383,0.13782122076556,4.42857142857143,2.38716621595085,1.54215008482,0.835836069531829,2.71428571428571,-0.160188149157069,-0.243232773383312,0.0725081162443886,4.42857142857143,2.31077859096896,1.60133460671196,0.835658926165934,4,1.54335057244844,0.748758108473508,0.477927843123542,3,1.20129499293155,0.658214074469996,0.562622425893592,3.33333333333333,0.616731817510375,0.343574836846872,0.203189205202321,1,-1.67193309805374,-0.844137146503784,-0.357745495736532
"261",261,"male","Black","yr2","Health","stats","Auditory",5,2.14245548464502,1.47441255690006,1.14164342203661,5,5.29530957999487,3.2846913153037,2.37943781805065,1,-1.2465313345342,-0.0112085226450492,-2.74025362221926,1.4,-5.72920746112359,-3.04896631986229,-1.94761620494854,1,-3.79697930082548,-2.34728064926384,-1.73764345979917,1,-5.24178222321143,-2.97306949796786,-2.00948824026407,1,-6.32079734593047,-3.79472327395363,-2.05798037207989,5,3.74144114399981,2.28283476961181,1.26187175459162,1,-4.17798314799999,-2.05659479008181,-1.50606043356177,1,-5.61509787851869,-3.45367987215748,-2.21851524015639,1,-5.12332136998956,-2.885301797618,-1.81352883295966,2.33333333333333,-0.184638342750558,-0.152697375630158,-0.0976173256084611,2.66666666666667,-0.72827450570122,-0.733191204293443,-0.200135864580444,1,-1.67193309805374,-0.844137146503784,-0.357745495736532
"262",262,"male","Black","yr3","STEM","other","Visual",3,-0.745108289398562,-0.940443236688632,-0.444062740709881,1.75,-0.481362446806476,-0.00271493252279979,-0.191657765993478,3.33333333333333,-0.372174087981137,-0.200768813350245,0.433591104188832,4.1,2.54390439770417,1.60720778471716,0.761815632936028,3.5,1.0977500189923,0.741227638461274,0.504583156112667,3.71428571428571,1.15340777308049,0.540699874447162,0.470759635923208,4,0.90343254616492,0.49231116248744,0.30641406295181,3.57142857142857,0.2565302604986,0.244831018963302,0.101632238845049,2.57142857142857,-0.488177498029593,-0.590102131274507,0.0942207946359395,4.14285714285714,1.64259387491644,1.14241037741946,0.59455863514129,3.85714285714286,1.21463898418443,0.532737560381255,0.305356559779701,3,1.15940245490286,0.901589107000962,0.48377051699264,2.33333333333333,-1.40887945302694,-0.743355735005575,-0.494419286238478,4,5.05099160673814,3.01636126963701,1.25730903988951
"263",263,"female","Black","yr1","STEM","stats","Kinesthetic",4.66666666666667,1.67615318842146,1.25964414252496,0.915575507629149,1.5,-0.908127243684467,-0.61046004603075,-0.431176590552184,3.33333333333333,1.49749987277741,1.03766649323871,1.25907963511049,3.3,0.522583569374666,-0.264511870608002,0.398858497979082,3.16666666666667,0.397888715923342,0.349377075658642,0.179995684012791,4,1.57694004357325,1.17327451503867,0.54701296439574,5,3.31150917686338,1.92132264130113,1.09454554129571,3.42857142857143,-0.144177044312616,0.0447746215375419,-0.0326811966706755,2.71428571428571,-0.135868383198422,0.0936821710861909,0.133088359761183,2.71428571428571,-1.48992872599991,-1.0138911173771,-0.519164144620282,5,3.73794706238797,2.23668202166913,1.38459868253754,4,3.15030649567803,2.3946129552641,1.31647754226797,3.33333333333333,0.631850102401707,-0.0521298583875875,0.28728859903276,3.25,3.22863413175181,1.35068687758573,0.726975992695105
"264",264,"male","other","yr2","Business","stats","Kinesthetic",3.33333333333333,-0.268332356476213,-0.274415364122088,-0.185698669403698,1,-1.79422804288445,-1.11806932750387,-0.821282758780936,3.33333333333333,0.557919950684978,0.273734837412108,-0.106878560621431,3.8,1.82035082159515,1.05294119882383,0.589966067076426,2.33333333333333,-1.25195950325944,-0.574032570481839,-0.5853578502134,2.71428571428571,-1.3178800456591,-0.564152743735646,-0.549771065298326,3,-1.50464408453354,-0.936700316326251,-0.481717415392091,3,-1.19521793447544,-0.675355657478984,-0.411400972662834,3,0.193256545329035,0.132147891150883,0.0631382206629184,3.42857142857143,0.266794807861151,0.022088357957056,0.201401697848729,3,-0.692687153800795,-0.324309887974433,-0.214465075211061,2,-0.831501585872319,-0.591434741262175,-0.348936508282686,2.66666666666667,-0.743392790592552,-0.337486509058984,-0.284235258410882,2,0.569041803543553,0.442695658876479,0.180606016138814
"265",265,"female","white","yr1","Other","math01","Auditory",2.33333333333333,-1.66723924514689,-0.918720607247388,-0.863902412626087,1,-1.79422804288445,-1.11806932750387,-0.821282758780936,5,1.32075192284736,0.371508297054018,3.17233078357842,3.4,0.765923102317228,0.224185855720482,0.487507669199696,5,3.98859198390332,2.58540564800849,1.81924269522743,4.71428571428571,3.2165599522405,1.89881469434957,1.15722379809962,5,3.31150917686338,1.92132264130113,1.09454554129571,5,3.74144114399981,2.28283476961181,1.26187175459162,4.14285714285714,2.86863824116058,1.51349314043337,1.01785802181693,5,3.63024410131203,2.35278064546,1.38533618864896,5,3.73794706238797,2.23668202166913,1.38459868253754,4,3.15030649567803,2.3946129552641,1.31647754226797,4,1.99088942395612,1.28966377199986,0.673570682943099,3,2.67793182628309,1.36917734257161,0.602506519199361
"266",266,"female","other","yr2","Business","stats","Auditory",2.66666666666667,-1.22387119002488,-0.778527656524024,-0.692736619053382,2.5,0.872049103295616,0.662586450397935,0.382509309553854,1.66666666666667,-1.12552017671721,-0.00911426792790544,-0.939190379468829,2.4,-2.43658745714555,-1.31568239453293,-0.750335628450855,3.83333333333333,1.71661453794654,1.14547823999449,0.780474038022577,3.85714285714286,1.27332678210552,0.890990802235828,0.437850230707693,3.42857142857143,-0.480993584356247,-0.21755707147333,-0.188235501662905,3.85714285714286,0.909802524300733,0.535657717904716,0.310740027645298,3.28571428571429,0.773274822137345,0.420744672430203,0.297744597312711,3.14285714285714,-0.633646557880269,-0.401343769951535,-0.24266196134051,3,-0.692687153800795,-0.324309887974433,-0.214465075211061,4,3.15030649567803,2.3946129552641,1.31647754226797,4,1.99088942395612,1.28966377199986,0.673570682943099,4,5.05099160673814,3.01636126963701,1.25730903988951
"267",267,"male","white","yr5+","STEM","other","Auditory",1,-3.61172479004456,-2.45278011389444,-1.96517658965893,1,-1.79422804288445,-1.11806932750387,-0.821282758780936,5,1.32075192284736,0.371508297054018,3.17233078357842,3.6,1.08305298303738,0.657536013320711,0.0869083609565334,3.33333333333333,0.670087291162863,0.66996955613084,0.29111707094151,4,1.63407371542722,1.02491321206767,0.585424469232283,5,3.31150917686338,1.92132264130113,1.09454554129571,4,1.27311160476219,0.803739556066415,0.425235390964391,4,2.37887639199355,1.22651923176723,0.847737547775263,3.71428571428571,0.640859936916559,0.505144594625304,0.257186361101165,3.28571428571429,-0.0720853969502269,0.0824500332902638,0.00523165724432381,2.33333333333333,-0.180427456059958,0.0573960163188686,-0.0976685414326116,2,-2.10351739869548,-1.01854785496484,-0.771659722024086,2,0.436956924685793,0.0823445371913509,0.0641550073240141
"268",268,"male","white","yr2","STEM","math03","Auditory",1,-3.61172479004456,-2.45278011389444,-1.96517658965893,1,-1.79422804288445,-1.11806932750387,-0.821282758780936,3,0.967204332822696,0.654653537966838,-0.324431084130683,4,2.22194812050106,1.46303598975198,0.644759526732645,4.33333333333333,2.701228168232,1.81610793137928,1.22821756989795,4.71428571428571,3.35569183303002,1.98726492037352,1.25795064006062,4.57142857142857,2.28077483403091,1.37720740167464,0.767468873021494,4.71428571428571,3.01990327831451,1.78858116541127,0.992654543456628,4.57142857142857,3.60445318436735,1.71199586831855,1.28702107965264,4.28571428571429,2.0167132717963,1.248281820168,0.771894381034053,4.42857142857143,2.46828931407887,1.62799822490998,0.975885017973933,2,-0.831501585872319,-0.591434741262175,-0.348936508282686,2,-2.08839911380415,-1.4142525501993,-0.687560328193648,1,-1.67193309805374,-0.844137146503784,-0.357745495736532
"269",269,"female","Asian","yr1","STEM","stats","Kinesthetic",2.66666666666667,-1.2176408878235,-0.966869653793878,-0.681433637085363,1,-1.79422804288445,-1.11806932750387,-0.821282758780936,4.33333333333333,0.269646726364252,-0.105089608425478,1.91173720563825,2.8,-1.30736732610399,-0.81995998905131,-0.424814373632853,3,0.136638639096994,0.0470392044860807,0.0671906763868289,3.14285714285714,-0.179705734711438,-0.189378897463595,-0.0269774662350603,3.71428571428571,0.194330062549441,0.251731828747982,0.0190131466705628,3,-1.18231478532057,-0.888771677756878,-0.40517722817966,3.28571428571429,0.941952488356433,0.285939592436676,0.467900962959675,3.42857142857143,0.0507652607255149,-0.00748599813735858,0.0220006478719201,3.14285714285714,-0.370860238044252,-0.322223623255091,-0.145090930155115,2.33333333333333,-0.184638342750558,-0.152697375630158,-0.0976173256084611,2.66666666666667,-0.714241507358401,-0.468163615046309,-0.21717885045287,1.5,-0.619486307717012,-0.512652640687681,-0.191071487197587
"270",270,"female","white","yr2","Other","stats","Auditory",4.33333333333333,1.19314695329773,0.781958267228272,0.645908454354947,3.25,2.21785151945732,1.24100309534753,0.963138436953434,2,-2.47438448094735,-1.15396462430924,-2.0875960516915,3.8,1.82035082159515,1.05294119882383,0.589966067076426,1.5,-2.77316572689182,-1.80480783293544,-1.26227098978547,1.57142857142857,-3.99228524323067,-2.13473989895456,-1.55804831977585,1.71428571428571,-4.59688772193593,-2.67959407951618,-1.51887701482544,2.42857142857143,-2.6539617861896,-1.48309096817018,-0.903002828267987,2.42857142857143,-1.16857769022422,-0.218467604137306,-0.542154214121987,1.14285714285714,-5.37411340613216,-3.24762540898373,-2.16669363090723,1.85714285714286,-3.21767627026546,-1.77754276511172,-1.14703343442805,2,-0.835712472562919,-0.801528133211202,-0.348885292458535,2.33333333333333,-1.40887945302694,-0.743355735005575,-0.494419286238478,1.25,-1.09485392052136,-0.707526316352977,-0.251398160780922
"271",271,"male","white","yr1","STEM","stats","Auditory",1,-3.61172479004456,-2.45278011389444,-1.96517658965893,1,-1.79422804288445,-1.11806932750387,-0.821282758780936,4,0.678931108501971,0.275829092129251,1.694184682129,4,2.22194812050106,1.46303598975198,0.644759526732645,4,2.04219916272112,1.3522340736904,0.930021156470777,4,1.63407371542722,1.02491321206767,0.585424469232283,4,0.90343254616492,0.49231116248744,0.30641406295181,4,1.27311160476219,0.803739556066415,0.425235390964391,4,2.37887639199355,1.22651923176723,0.847737547775263,4,1.31890860635435,0.90116551605563,0.48437333144762,4,1.52262995429359,0.956186066847349,0.585066803663237,2,-0.831501585872319,-0.591434741262175,-0.348936508282686,2,-2.08839911380415,-1.4142525501993,-0.687560328193648,1.25,-1.09085747845528,-0.444013644290048,-0.162845674798265
"272",272,"female","other","yr2","Business","math01","Visual",4,0.726844657074171,0.567189852853173,0.419840539947484,3,1.68661899075033,1.01629499877987,0.794018179180556,2.66666666666667,-0.493185245798131,-0.202863068067389,-1.3674721385616,3,-0.574998413330991,-0.473463009639223,-0.134763919363311,2.83333333333333,-0.252491956085681,-0.0207292018588433,-0.122731997801436,3.28571428571429,0.0238298021247642,0.0526612032225312,-0.0135896897805263,2.42857142857143,-2.89959672684188,-1.64188588301133,-0.938652833286366,2.42857142857143,-2.67790047600236,-1.52526582485088,-0.919035513506,2.28571428571429,-1.30835719166229,-0.920990860537687,-0.396674687228821,3.28571428571429,-0.292676003840745,-0.199826242183231,-0.148518735061727,2.71428571428571,-1.34430264705325,-0.695467339959267,-0.425654768556898,2.33333333333333,-0.184638342750558,-0.152697375630158,-0.0976173256084611,2.66666666666667,-0.714241507358401,-0.468163615046309,-0.21717885045287,2.25,1.17649429520566,0.997920456226903,0.357383698536949
"273",273,"female","white","yr2","Business","math01","Visual",3.66666666666667,0.220904180848895,0.0149285139047472,0.0952713658385237,1.75,-0.489154388066731,-0.175071268249594,-0.20516352189162,3.33333333333333,-0.381659971407452,-0.490196818414496,-1.47283675635336,2.7,-1.40420771610527,-1.15573309584331,-0.440813910331032,1.5,-2.79128435159987,-1.79974867051394,-1.2746775513908,3,-0.446842036525085,-0.299033971790746,-0.130781273192617,4.28571428571429,1.61749885175014,0.947387818210461,0.521220712065579,3.57142857142857,0.40143319149726,0.0304098771838325,0.204280112846312,3.57142857142857,1.56678927857314,0.911894316658605,0.560236300828666,3.85714285714286,1.1623773229973,0.639241539795577,0.475941938859836,3.71428571428571,0.892791301290177,0.492471050772118,0.329272120899053,2.66666666666667,0.508328325090495,0.252758349419919,0.232502550142566,3.66666666666667,1.29625147828758,1.0144716520406,0.396330247157491,1.25,-1.19656548524939,-0.649263470838488,-0.297418822153198
"274",274,"female","white","yr2","Other","math02","Visual",1.33333333333333,-3.12871855492083,-1.97509423859775,-1.69550953638473,1,-1.79422804288445,-1.11806932750387,-0.821282758780936,3.66666666666667,1.08821549063969,0.656747792683981,1.47663215861975,3.7,1.45197823130494,0.967654680535884,0.48314678022001,3,0.0635510848806503,0.0946661474417938,0.0232735431546268,3,-0.657878264118997,-0.307747691277502,-0.279546433933169,3.28571428571429,-0.84869322472198,-0.613288454727417,-0.277961441803383,3.42857142857143,-0.0560126365344606,-0.077665859232317,0.0122206142445074,2.57142857142857,-0.556028756131397,-0.539224191005379,-0.0687986957172513,2.85714285714286,-1.31611215716542,-0.79169447471257,-0.526774829447384,3.85714285714286,1.2166119312526,0.734417455826161,0.453480124809072,3,1.15940245490286,0.901589107000962,0.48377051699264,3,-0.0487548449240131,-0.0622943890997189,-0.00699482262527438,1.25,-1.19656548524939,-0.649263470838488,-0.297418822153198
"275",275,"female","white","yr2","Business","math02","Kinesthetic",3.66666666666667,0.260542360850612,0.352421438478073,0.193772625540021,2.5,0.841246952894327,0.144104303002077,0.368421901462067,3,-1.84204955002828,-1.34771342444872,-2.51587781078427,2.6,-1.95260815390748,-1.08096965744047,-0.610866123891424,2.5,-0.774997391419027,-0.536283972503712,-0.352459372970948,2.57142857142857,-1.3325290574611,-0.91646383349037,-0.388411330494789,2.85714285714286,-1.65653271506233,-1.30174750586149,-0.49023498077416,3,-1.1304604375668,-0.954673429015089,-0.429179945749741,2.57142857142857,-0.871390275284529,-0.562070853614605,-0.334233629978406,3.57142857142857,0.271799910641145,0.152906104024808,0.0179649589924079,2.28571428571429,-2.30107846695159,-0.906628487214113,-0.506294909803141,2.66666666666667,0.554431749809788,0.219476708837979,0.311303243219368,3,-0.0487548449240131,-0.0622943890997189,-0.00699482262527438,2.5,1.48940371502252,0.413829043007454,0.230829015862959
"276",276,"male","white","yr1","Business","math03","Visual",4,0.74354859597434,0.830107313774762,0.463439678814223,1.5,-0.892543361163958,-0.265747374577163,-0.4041650787559,4,0.678931108501971,0.275829092129251,1.694184682129,2.7,-1.38235152475526,-0.86962305520904,-0.377796158263711,1.16666666666667,-3.44868100320088,-2.20748894803267,-1.5741118442836,3,-0.384516092079611,-0.489659048844512,-0.0596943960015649,4.42857142857143,2.01397483509804,0.835596594754374,0.732517095535421,3.71428571428571,0.537649394616118,0.192659828302602,0.153190870832038,1.85714285714286,-2.16356907012525,-1.15844121493599,-0.764323850989422,3.28571428571429,-0.392662085493746,-0.19528930677779,-0.190840352091352,3,-0.730766313588266,-0.41087713952793,-0.293534681213353,2.33333333333333,-0.142745804721866,-0.396072408161124,-0.0187654167075087,2.66666666666667,-0.75742578893537,-0.602514098306118,-0.267192272538456,1,-1.67193309805374,-0.844137146503784,-0.357745495736532
"277",277,"male","white","yr1","STEM","math03","Kinesthetic",4,0.726844657074171,0.567189852853173,0.419840539947484,1.5,-0.932204787666722,-0.428875908986152,-0.400216606005996,3.33333333333333,1.49749987277741,1.03766649323871,1.25907963511049,3.9,1.9208616306065,1.25162022222161,0.546834226437586,1.33333333333333,-3.0987503516664,-2.01156366663136,-1.41181810823367,1.57142857142857,-3.81804644997392,-2.12609274759193,-1.45322779923531,2.71428571428571,-2.25076838144337,-1.20776173443082,-0.799667706028579,2.42857142857143,-2.77556242291899,-1.59675797408913,-1.05711494332624,2.14285714285714,-2.00910551858162,-0.662246321692403,-0.901879811286426,1.71428571428571,-3.90724990658822,-2.46795386781396,-1.5755965365583,2,-2.93412703999547,-1.59512923047814,-0.957126635541989,2,-0.831501585872319,-0.591434741262175,-0.348936508282686,2.66666666666667,-0.714241507358401,-0.468163615046309,-0.21717885045287,1.75,-0.140122252846586,-0.0542662929594562,-0.0421923276315967
"278",278,"female","white","yr1","STEM","math02","Auditory",3.33333333333333,-0.268332356476213,-0.274415364122088,-0.185698669403698,2.25,0.325415499387979,0.178637280132338,0.206345347735082,3.33333333333333,-0.381659971407452,-0.490196818414496,-1.47283675635336,3.7,1.50610347332897,0.764127664867729,0.481454285883171,3.33333333333333,0.81271177196058,0.453007225892119,0.367293407325799,4,1.81477960180744,1.04953664004232,0.742249515439311,4.42857142857143,1.98023467014613,1.12862187948099,0.683540919373534,4.42857142857143,2.32709117337553,1.29462265243359,0.768656615280364,3.42857142857143,1.18464775477449,0.605531183887432,0.403409118572626,4.28571428571429,2.1112523299114,1.30097797595544,0.885055216502286,3.71428571428571,0.924006555707881,0.4032842638425,0.211854882438151,3,1.15940245490286,0.901589107000962,0.48377051699264,2.66666666666667,-0.75742578893537,-0.602514098306118,-0.267192272538456,1.75,-0.0344142460524795,0.150983533588984,0.0923808197233367
"279",279,"female","white","yr2","STEM","math02","Kinesthetic",4.66666666666667,1.67615318842146,1.25964414252496,0.915575507629149,4.5,4.40920878079488,2.77708203383058,1.98933164982189,3.33333333333333,-1.32123989349988,-1.2541284742411,-2.83879495208528,3.7,1.37064915950072,0.66772399807013,0.385439612828799,1.33333333333333,-3.13958264922447,-1.93954037174511,-1.43820916690637,2.14285714285714,-2.4395391678529,-1.50921223250962,-0.873101783517502,3,-1.63179968480665,-0.590782243274796,-0.620611169124813,3.28571428571429,-0.5368653754357,-0.342618886414712,-0.242519668359387,1.42857142857143,-3.22458339823531,-1.62468499145496,-1.23858245241593,2,-3.25615664954641,-1.8747353265964,-1.32293094923007,1.71428571428571,-3.54943779482954,-2.34829384782212,-1.43697254774732,3,1.15940245490286,0.901589107000962,0.48377051699264,3,-0.0487548449240131,-0.0622943890997189,-0.00699482262527438,2.5,1.67823878007366,1.34789542702889,0.399588233580149
"280",280,"female","other","yr2","STEM","math04","Kinesthetic",4.66666666666667,1.67615318842146,1.25964414252496,0.915575507629149,1,-1.79422804288445,-1.11806932750387,-0.821282758780936,4,-0.260648813590459,-0.488102563697352,0.328226486397073,3.9,1.84720728896739,0.99053933781785,0.600580476886119,2.33333333333333,-1.14166157172205,-1.00557847963925,-0.513311335888364,3.71428571428571,1.20287173427332,0.743054243052296,0.49370657885617,4.71428571428571,2.58307257791166,1.59918198718396,0.834828042055595,4.14285714285714,1.8531813864713,0.950596553626118,0.717313324354194,3.71428571428571,1.95067527348106,0.976926138270635,0.715764739789795,4.14285714285714,1.81824519366291,0.973264313294279,0.781686275767733,3.28571428571429,-0.040976465519567,-0.167938911531745,0.0527583196116859,2.66666666666667,0.470646673752402,0.706226773899912,0.153599425417463,4,1.99088942395612,1.28966377199986,0.673570682943099,1.75,-0.0120338160549029,0.0425721566627429,-0.0142938047994532
"281",281,"female","white","yr1","Other","math01","Kinesthetic",3.33333333333333,-0.268332356476213,-0.274415364122088,-0.185698669403698,1.75,-0.560685299812004,-0.328972001340778,-0.18376082049367,2.66666666666667,-2.36285920655668,-1.44129837465635,-2.19296066948326,4.3,3.14683714474753,1.87207537795286,0.966482518597034,4.5,2.97268763986803,2.07815973590522,1.34864968217149,4,1.78651099732543,0.735364858946189,0.712576782146372,4.14285714285714,1.28145802740876,0.712472195684517,0.405458018160373,3.57142857142857,0.273025578019306,-0.0788156053962483,0.122681257062932,3.28571428571429,0.878078608511563,0.507119286886235,0.303144272328551,4.57142857142857,2.69126113701682,1.70504289984435,1.05047031092467,5,3.73794706238797,2.23668202166913,1.38459868253754,2.33333333333333,-0.184638342750558,-0.152697375630158,-0.0976173256084611,2.66666666666667,-0.75742578893537,-0.602514098306118,-0.267192272538456,1.5,-0.619486307717012,-0.512652640687681,-0.191071487197587
"282",282,"male","white","yr2","STEM","math02","Auditory",2.33333333333333,-1.70687742514861,-1.25621353182071,-0.962403672327584,1,-1.79422804288445,-1.11806932750387,-0.821282758780936,3.33333333333333,1.49749987277741,1.03766649323871,1.25907963511049,4.1,2.70661463493481,1.46039487707807,0.951325167977381,3.33333333333333,0.901370528003293,0.141272123060794,0.435855668677012,3.42857142857143,0.558720302048333,0.00103910197478062,0.256868974445638,4.28571428571429,1.58047703845579,0.916905733845352,0.490671337710338,3.85714285714286,0.911479331164056,0.57978855169701,0.306770172785934,3.57142857142857,1.55334630977303,0.724094697598214,0.669729398742735,3.85714285714286,1.19199727238673,0.527433614615441,0.522362697421624,4,1.47822433753314,1.13933336197948,0.610322700114242,3,1.15519156821226,0.691495715051936,0.48382173281679,2.66666666666667,-0.743392790592552,-0.337486509058984,-0.284235258410882,1.75,-0.144118694912662,-0.317778965022385,-0.130744813614253
"283",283,"female","white","yr3","STEM","other","Visual",4,0.710140718174002,0.304272391931583,0.376241401080745,2.25,0.381545335932607,0.073296939525594,0.177898942291239,4.33333333333333,1.19974076503037,0.369414042336875,1.37126754082799,3,-0.744596657318942,-0.27166099649748,-0.313949144121057,4.5,3.08788263313505,1.81501456725825,1.41698255809964,3.85714285714286,1.31225346331115,0.76181626879536,0.468234618600748,4,0.976156649610392,0.466509360354319,0.371845672716173,4.57142857142857,2.62565985130019,1.59077583631996,0.883557850802252,3.57142857142857,1.76584853371257,0.420286008347836,0.881809534302619,4.57142857142857,2.70112509040209,1.64213959198217,1.03655699024648,3,-0.684186231743829,-0.445928856864912,-0.27957721198634,4,3.15030649567803,2.3946129552641,1.31647754226797,3.33333333333333,0.616731817510375,0.343574836846872,0.203189205202321,1.5,-0.615489865650935,-0.249139968624752,-0.102519001214931
"284",284,"female","white","yr2","Other","math01","Visual",3,-0.734634652699772,-0.489183778497188,-0.411766583811161,1,-1.79422804288445,-1.11806932750387,-0.821282758780936,4,0.678931108501971,0.275829092129251,1.694184682129,3,-0.489787860040373,-0.51000108369218,-0.0150681405602371,4,2.04219916272112,1.3522340736904,0.930021156470777,3.57142857142857,0.712032678010093,0.422397648757385,0.262135308425103,4,0.90343254616492,0.49231116248744,0.30641406295181,3.71428571428571,0.647370199138643,0.444857109724049,0.246985561136863,3.14285714285714,0.511752914204828,0.176449648951422,0.176914483448979,4,1.31890860635435,0.90116551605563,0.48437333144762,3.85714285714286,1.20246330966046,0.665207973087622,0.462308601241748,2.66666666666667,0.508328325090495,0.252758349419919,0.232502550142566,3,-0.0487548449240131,-0.0622943890997189,-0.00699482262527438,1.5,-0.619486307717012,-0.512652640687681,-0.191071487197587
"285",285,"female","white","yr3","STEM","math02","Visual",4,0.74354859597434,0.830107313774762,0.463439678814223,1.5,-0.939996728926976,-0.601232244712945,-0.413722361904138,2.66666666666667,0.455880559720614,0.850496592823465,1.90491391771252,4.5,3.78091030609392,2.3661763701176,1.20911215546947,3.5,1.12433573015325,0.774682286573715,0.510031051116598,3.42857142857143,0.524124317573938,0.29666343116899,0.255233199013555,3.71428571428571,0.196128251450384,0.335668936374102,0.0583739566674048,4.28571428571429,1.89544952201144,1.16484276407822,0.639741850429357,2.42857142857143,-1.26446506600811,-0.30796229498566,-0.688767037470155,3.57142857142857,0.493110744081586,0.107582389003197,0.219164292238271,4,1.51554675608703,1.00914630494217,0.681471925207753,3.66666666666667,2.49923236586567,1.74578219768306,1.06520957541789,3.33333333333333,0.601613532619042,0.73927953208133,0.119089811371883,1.5,-0.619486307717012,-0.512652640687681,-0.191071487197587
"286",286,"female","white","yr1","Other","math01","Kinesthetic",2.33333333333333,-1.70687742514861,-1.25621353182071,-0.962403672327584,2.5,0.76085676504758,0.345557182897762,0.407860483701707,3,0.976690216249011,0.944081543031088,1.5819967764115,2.6,-1.7333668696606,-1.04444642923094,-0.475140172322899,4,2.02032926624084,1.43192639645096,0.918432224855613,3.14285714285714,-0.165889405609902,-0.351556222076144,0.00190590786548751,3.57142857142857,-0.0902799833732028,-0.0213219927739384,0.00988676903283373,2.85714285714286,-1.49385358141957,-0.6297799862999,-0.480612187381897,4,2.57875160064232,1.06864973026404,1.08453041369424,3.85714285714286,0.995223337792255,0.659920654691799,0.374188027753951,4.71428571428571,3.06388354350222,1.86434973818648,1.1384394030483,3,1.15519156821226,0.691495715051936,0.48382173281679,2.66666666666667,-0.714241507358401,-0.468163615046309,-0.21717885045287,1.25,-1.19656548524939,-0.649263470838488,-0.297418822153198
"287",287,"female","white","yr3","Other","other","Kinesthetic",4,0.710140718174002,0.304272391931583,0.376241401080745,2.25,0.349675850690098,0.0825247408433987,0.195353170939285,3.33333333333333,-1.32123989349988,-1.2541284742411,-2.83879495208528,2,-3.39140371649622,-2.22114957019468,-0.884905065605314,3.83333333333333,1.64835275285778,1.17131869647249,0.746239518893745,4,1.60631603893805,0.92656268550443,0.558209639086806,4,0.896146095453595,0.450219158866852,0.295097967370495,3.42857142857143,-0.168115734125369,0.00259976485683823,-0.0487138819086879,2.57142857142857,-0.633318215322838,-0.220774380405517,-0.151795331975782,3,-1.14179520486794,-0.780463845536775,-0.505277815343644,2.57142857142857,-1.67907737787953,-0.823826194720823,-0.671867297757521,3.33333333333333,1.80626569802462,1.34032647263298,0.735089699666865,2.66666666666667,-0.729359792249733,-0.0724589198118504,-0.301278244283308,1.5,-0.721197872445042,-0.454389795173192,-0.237092148569864
"288",288,"female","Asian","yr3","Business","math03","Visual",3,-0.751338591599941,-0.752101239418778,-0.4553657226779,1.25,-1.3433857020242,-0.691908351040515,-0.612723918768418,3,0.0276244107302661,-0.109278117859766,-1.69038927986261,3.3,0.348350242588336,0.207913141563942,0.233665292445414,2.16666666666667,-1.47003292536041,-0.94992102178406,-0.667364230967454,3.57142857142857,0.886687172604802,0.452674392210674,0.387477637274139,3.14285714285714,-1.17416886551831,-0.788571026284295,-0.400262190643139,2.57142857142857,-2.24266665627243,-1.50571654057717,-0.775295474920283,2.71428571428571,-0.543512175085496,-0.0757539493355686,-0.328113105091852,4.14285714285714,1.6265543096119,0.906780103135753,0.626907701083658,3.28571428571429,-0.0697331733048605,-0.0745291552721133,-0.0618675307347718,1.66666666666667,-1.52446825371337,-0.996890466312252,-0.679056384033712,2,-2.08839911380415,-1.4142525501993,-0.687560328193648,1.25,-1.09085747845528,-0.444013644290048,-0.162845674798265
"289",289,"female","white","yr1","STEM","math03","Visual",2,-2.16694941917079,-1.65932394346567,-1.17716860476703,3,1.79020219505797,1.24643952830891,0.775129056884951,2.66666666666667,0.436908792867985,0.271640582694964,-1.90794180337186,4.2,2.84575065485298,1.66065961042249,0.868557218301974,3,0.10976700812083,0.00414327238664248,0.0476090923715292,3.14285714285714,-0.426169349455663,0.0542725280625322,-0.21842201902467,2.42857142857143,-2.87469992168821,-1.77950455189287,-0.93145612988046,2.85714285714286,-1.59298656083613,-1.1046592375541,-0.581012959854743,2.42857142857143,-1.15383392861719,-0.378341581899026,-0.520749180810215,2.57142857142857,-2.04745331838117,-1.23229865046424,-0.888534836425182,2.42857142857143,-1.95651944401333,-1.04723999946209,-0.673207633089174,1.66666666666667,-1.47836482899408,-1.03017210689419,-0.600255690956911,1.66666666666667,-2.76900406112987,-1.42441708091143,-0.981843749851682,1.25,-1.19656548524939,-0.649263470838488,-0.297418822153198
"290",290,"female","white","yr1","Health","stats","Kinesthetic",3,-0.711700411598224,-0.414608314845453,-0.356864462976403,1.5,-0.915736377624857,-0.697344784001885,-0.424714538699935,3.33333333333333,1.49749987277741,1.03766649323871,1.25907963511049,3,-0.696168605977766,-0.314361307404878,-0.255894690265229,1.5,-2.78965199769,-1.7436150903438,-1.27591543085643,1.85714285714286,-3.27983113443527,-1.76861112085175,-1.2796296527812,2.85714285714286,-1.89555737806402,-1.04408908212942,-0.658133678414897,2.42857142857143,-2.61316007346556,-1.55333717057555,-0.919441385708794,1.85714285714286,-2.36255021306772,-1.0376269862266,-0.892509915704956,2.85714285714286,-1.37115704179728,-0.745217817757521,-0.64637438829559,2.14285714285714,-2.58983133146793,-1.55368788937119,-0.946072610517943,2,-0.831501585872319,-0.591434741262175,-0.348936508282686,3.33333333333333,0.616731817510375,0.343574836846872,0.203189205202321,1.25,-1.19656548524939,-0.649263470838488,-0.297418822153198
"291",291,"male","other","yr1","STEM","math02","Visual",2,-2.17317972137217,-1.47098194619581,-1.18847158673505,2,-0.0218436371646205,-0.0173791668019752,-0.0211026145730408,3,0.0371102941565809,0.180149887204485,0.216038580679579,3,-0.696168605977766,-0.314361307404878,-0.255894690265229,3,0.0958063415389203,0.119062499372324,0.0407996177141286,3,-0.657878264118997,-0.307747691277502,-0.279546433933169,3,-1.50464408453354,-0.936700316326251,-0.481717415392091,3,-1.19521793447544,-0.675355657478984,-0.411400972662834,3,0.193256545329035,0.132147891150883,0.0631382206629184,3,-0.99242688860333,-0.550449613348739,-0.416589525753715,3,-0.692687153800795,-0.324309887974433,-0.214465075211061,2,-0.831501585872319,-0.591434741262175,-0.348936508282686,2,-2.08839911380415,-1.4142525501993,-0.687560328193648,2,0.569041803543553,0.442695658876479,0.180606016138814
"292",292,"male","white","yr1","STEM","math03","Kinesthetic",1.66666666666667,-2.6561859564959,-1.9486678214925,-1.45813864000925,1.25,-1.32691729198234,-0.960377226056248,-0.637221851462357,3.33333333333333,2.42759391144352,1.51217014400106,0.718609970300231,3,-0.696168605977766,-0.314361307404878,-0.255894690265229,2.5,-0.87068866403849,-0.556626354433961,-0.394537352555911,3.14285714285714,0.0252513845788646,-0.168363136920997,0.132541248760992,3.28571428571429,-0.763882784893709,-0.535305221858649,-0.220353252875574,3.14285714285714,-0.681754042158003,-0.436548305574683,-0.16602921558302,2.57142857142857,-0.705258100355067,-0.200750647928977,-0.285244418772935,3,-0.74483117275763,-0.62917611538132,-0.210217976109562,3.42857142857143,0.291229124333344,0.12899475528417,0.149110191444814,3,1.15940245490286,0.901589107000962,0.48377051699264,2.66666666666667,-0.743392790592552,-0.337486509058984,-0.284235258410882,1.25,-1.09485392052136,-0.707526316352977,-0.251398160780922
"293",293,"female","other","yr5+","Health","math02","Kinesthetic",2,-2.15024548027062,-1.39640648254408,-1.13356946590029,2.25,0.41359762849498,0.149540735963448,0.180412521393584,4.33333333333333,0.269646726364252,-0.105089608425478,1.91173720563825,4.1,2.47284286535876,1.39471578463162,0.858447803894922,5,3.98859198390332,2.58540564800849,1.81924269522743,4.14285714285714,1.93717604890211,1.09137567033763,0.692129299772868,4.71428571428571,2.62562034641265,1.39240069011075,0.893834947896792,4.57142857142857,2.62565985130019,1.59077583631996,0.883557850802252,4.42857142857143,3.35941244671104,1.88958013630251,1.18368938920768,3.71428571428571,0.807125885725139,0.506297536558742,0.338786135498822,4.57142857142857,2.78646224450612,1.67911617833501,1.04380936154135,2.33333333333333,-0.184638342750558,-0.152697375630158,-0.0976173256084611,3.33333333333333,0.645883100744526,0.212897730859546,0.270245613160334,1.75,-0.245830259640692,-0.259516119507896,-0.17676547498653
"294",294,"female","white","yr4","Other","other","Auditory",4.66666666666667,1.67615318842146,1.25964414252496,0.915575507629149,2.25,0.381545335932607,0.073296939525594,0.177898942291239,3.66666666666667,2.0183095293058,1.13125144344633,0.936162493809483,2.2,-2.89924758370775,-2.02019173008136,-0.864430810069553,4.83333333333333,3.63866133236884,2.38948036660717,1.65694895917749,4.42857142857143,2.79353860974058,1.48206130829095,1.08342837277455,3.42857142857143,-0.523418254834709,-0.608893565951855,-0.1086285311751,4.57142857142857,2.7557941462891,1.65364972343831,0.932869931807556,2.42857142857143,-0.990932890671396,-1.01225657533523,-0.292090784507457,4.71428571428571,2.97192333864477,1.83095310830532,1.13032257694612,3.28571428571429,-0.0314554878183039,-0.254856425186348,-0.182400184564891,4,3.15030649567803,2.3946129552641,1.31647754226797,2.66666666666667,-0.729359792249733,-0.0724589198118504,-0.301278244283308,2.5,1.48540727295645,0.150316370944525,0.142276529880302
"295",295,"female","white","yr2","Other","math01","Auditory",3.33333333333333,-0.245398115374665,-0.199839900470353,-0.13079654856894,1.5,-0.915736377624857,-0.697344784001885,-0.424714538699935,3.33333333333333,0.567405834111292,0.563162842476358,1.79954929992076,3.7,1.4693354766898,0.878117824801933,0.492622053017238,3.5,1.03487185958564,0.748568514770363,0.468293127528037,3.85714285714286,1.34001113980032,0.860166795358605,0.495449448746225,4.14285714285714,1.21453789359475,0.800529735650164,0.38380396166522,3.14285714285714,-0.853467372400467,-0.376783692892023,-0.295101243948934,3.28571428571429,0.862518893395199,0.333254457840377,0.366519606571752,3,-0.99242688860333,-0.550449613348739,-0.416589525753715,3.85714285714286,1.2215236566919,0.746671843754166,0.408553698067596,2.66666666666667,0.462224900371202,0.286039990001859,0.153701857065764,3,-0.077906128158164,0.0683827168876061,-0.0740512305832866,1.75,-0.00803737398882659,0.306084828725672,0.0742586811832034
"296",296,"female","white","yr2","Health","stats","Visual",2.66666666666667,-1.19470664672195,-0.892294190142142,-0.626531516250605,1,-1.79422804288445,-1.11806932750387,-0.821282758780936,3,1.90678425491513,1.41858519379344,1.04152711160124,3.3,0.186454875648408,0.259006564691835,-0.030453479453538,3.83333333333333,1.74886979460481,1.16987459192502,0.798000112582079,4.14285714285714,2.10619485304926,1.14893532136022,0.8065107195724,4.42857142857143,1.92536220095703,1.25614873620376,0.622887350255935,4.14285714285714,1.59855765095011,0.91282041398414,0.520870760048106,3.85714285714286,2.07230724573062,1.12810733476603,0.747472701531189,4.28571428571429,2.01865949111693,1.25178888722114,0.752444122139608,4.14285714285714,1.83232272980157,1.16710323405265,0.624813577830634,1.66666666666667,-1.48257571568468,-1.24026549884322,-0.60020447513276,3,-0.0487548449240131,-0.0622943890997189,-0.00699482262527438,1,-1.67193309805374,-0.844137146503784,-0.357745495736532
"297",297,"female","Asian","yr1","Business","math03","Kinesthetic",4.66666666666667,1.65944924952129,0.996726681603372,0.87197636876241,3.5,2.57290259727017,1.60937587800864,1.2040921551597,4.33333333333333,1.19974076503037,0.369414042336875,1.37126754082799,3.2,-0.133297217609826,0.0238043130845201,-0.123047590383223,3.16666666666667,0.421390966313497,0.325818333068238,0.190346736162329,4.14285714285714,2.10756490023611,1.40136703449724,0.807775967723345,3,-1.50464408453354,-0.936700316326251,-0.481717415392091,3.57142857142857,0.273025578019306,-0.0788156053962483,0.122681257062932,2.85714285714286,-0.113312600933892,0.0337359941496853,-0.0371266255811559,3.42857142857143,0.0507652607255149,-0.00748599813735858,0.0220006478719201,3,-0.692687153800795,-0.324309887974433,-0.214465075211061,2,-0.831501585872319,-0.591434741262175,-0.348936508282686,2,-2.08839911380415,-1.4142525501993,-0.687560328193648,2,0.569041803543553,0.442695658876479,0.180606016138814
"298",298,"female","white","yr2","STEM","math02","Kinesthetic",5,2.14245548464502,1.47441255690006,1.14164342203661,3.75,3.00727652808855,2.30400572948773,1.43714892786616,3,-0.911955511362164,-0.873209773686369,-3.05634747559453,3.6,1.20082059642118,0.719646519497038,0.384640193689079,2.16666666666667,-1.37507547466379,-1.07724028750033,-0.611858166120087,2,-2.80509038894623,-1.57259255059084,-0.990593314474621,2.85714285714286,-1.83548272259987,-0.981649211520096,-0.660604292351818,3,-1.11942489690892,-0.699082552056491,-0.419371004994903,3.14285714285714,0.735509957532877,0.19542960425761,0.412997138910457,1.85714285714286,-3.6256952592692,-2.33436951539333,-1.44271116443186,3.71428571428571,0.908375421553703,0.317891843786819,0.167754862579257,2,-0.831501585872319,-0.591434741262175,-0.348936508282686,2.66666666666667,-0.758511075483884,0.0582181861754748,-0.368334652241321,2.75,2.47073041326033,2.1585185823395,0.863634349228284
"299",299,"male","white","yr2","Business","math02","Auditory",3.33333333333333,-0.245398115374665,-0.199839900470353,-0.13079654856894,2.25,0.421206762435371,0.236425473934583,0.173950469541335,2,0.325383518477306,0.558974333042071,-1.8025771855801,3,-0.522462243716218,-0.341314122040833,-0.0196501930075088,4,2.04219916272112,1.3522340736904,0.930021156470777,4.14285714285714,1.92813629105412,1.18965962877674,0.675399489718342,4.14285714285714,1.22162173624992,0.62550173042373,0.417398716210251,4.28571428571429,2.0238571354894,1.2740682466583,0.721340706212737,4,2.37887639199355,1.22651923176723,0.847737547775263,4.14285714285714,1.64259387491644,1.14241037741946,0.59455863514129,4.14285714285714,1.84768755722831,1.22123830364529,0.756188285518548,3,1.15940245490286,0.901589107000962,0.48377051699264,2.66666666666667,-0.714241507358401,-0.468163615046309,-0.21717885045287,2.75,2.22894108554239,1.32940496204301,0.524057707075893
"300",300,"female","white","yr3","Other","other","Kinesthetic",4.33333333333333,1.2098508921979,1.04487572814986,0.689507593221686,1.25,-1.38304712852697,-0.855036885449504,-0.608775446018514,4,0.669445225075656,-0.0135989129349988,-0.212243178413189,2,-3.50349714215128,-2.51246820889366,-1.03362245349794,3.5,1.13677399727218,0.468696022067175,0.533902055954228,2.42857142857143,-1.9017395536522,-1.17336019786011,-0.720025445371884,3.57142857142857,-0.281356936198514,0.0844432222551002,-0.20858871631897,3.71428571428571,0.489705045971138,0.450038970006652,0.166815521158837,3.14285714285714,0.531368119775081,0.14982215257633,0.305189117686264,3.71428571428571,0.793926865355696,0.647605982590087,0.311450914013513,2.85714285714286,-1.03994724277907,-0.597459850696936,-0.414541124863492,3.33333333333333,1.80626569802462,1.34032647263298,0.735089699666865,3.33333333333333,0.659916099087344,0.47792532010668,0.253202627287908,1.5,-0.619486307717012,-0.512652640687681,-0.191071487197587
"301",301,"male","white","yr3","Other","math02","Visual",4.33333333333333,1.19314695329773,0.781958267228272,0.645908454354947,1.5,-0.939996728926976,-0.601232244712945,-0.413722361904138,3,0.0276244107302661,-0.109278117859766,-1.69038927986261,2.5,-2.14286391535688,-1.55262447025347,-0.700761886876448,4.83333333333333,3.64029368627872,2.44561394677732,1.65571107971186,5,3.92602569497344,2.35757411541285,1.45039537239774,5,3.31150917686338,1.92132264130113,1.09454554129571,5,3.74144114399981,2.28283476961181,1.26187175459162,5,4.56449623865807,2.32089057238357,1.63233687488761,5,3.63024410131203,2.35278064546,1.38533618864896,5,3.73794706238797,2.23668202166913,1.38459868253754,2.33333333333333,-0.184638342750558,-0.152697375630158,-0.0976173256084611,3.33333333333333,0.616731817510375,0.343574836846872,0.203189205202321,1.25,-1.19656548524939,-0.649263470838488,-0.297418822153198
"302",302,"female","white","yr1","Other","math01","Kinesthetic",2.33333333333333,-1.70064712294723,-1.44455552909057,-0.951100690359565,1,-1.79422804288445,-1.11806932750387,-0.821282758780936,3.66666666666667,2.95788945139823,1.89518309927294,2.30212068954141,2.9,-0.969696831839709,-0.501233413277461,-0.314896342612784,4.83333333333333,3.67949362992692,2.31745707172093,1.68334001785019,4.57142857142857,2.91686168616604,1.76135118520981,1.05628786856405,4.14285714285714,1.27113218653065,0.888042545741527,0.396140003092287,4.85714285714286,3.4411457845642,2.03303318118717,1.1792572938478,3,0.164148359762051,-0.14379221256468,0.0703525276032445,4.71428571428571,3.03028547173571,1.90305336055951,1.1640637960979,4.14285714285714,1.81835485908754,1.00612918877456,0.618021561087256,2,-0.831501585872319,-0.591434741262175,-0.348936508282686,3.66666666666667,1.29625147828758,1.0144716520406,0.396330247157491,1,-1.67193309805374,-0.844137146503784,-0.357745495736532
"303",303,"male","white","yr2","Business","math03","Visual",3,-0.711700411598224,-0.414608314845453,-0.356864462976403,1.75,-0.449492961563967,-0.0119427338406045,-0.209111994641524,3.33333333333333,-0.372174087981137,-0.200768813350245,0.433591104188832,4.1,2.54390439770417,1.60720778471716,0.761815632936028,3.33333333333333,0.717196464709428,0.577039585299577,0.323525466037601,2.42857142857143,-2.02734578839204,-1.02291216479892,-0.842942639596446,3.57142857142857,-0.199826207565594,-0.114848587902149,-0.107800222759705,3.14285714285714,-0.835312342388273,-0.405053057647847,-0.260648979706302,2.85714285714286,-0.175885687971856,-0.0927579082228673,-0.0709851849864395,2.28571428571429,-2.67223758527463,-1.66063831597962,-1.06930949073665,3,-0.680532246414534,-0.494960545570595,-0.27812741049781,2.33333333333333,-0.184638342750558,-0.152697375630158,-0.0976173256084611,2.66666666666667,-0.714241507358401,-0.468163615046309,-0.21717885045287,1.25,-1.19656548524939,-0.649263470838488,-0.297418822153198
"304",304,"female","Black","yr1","Health","stats","Visual",3.66666666666667,0.254312058649232,0.540763435747927,0.182469643572002,2.25,0.45307624767788,0.227197672616778,0.15649624089329,2,-0.604710520188809,0.0844706822797178,-1.26210752076984,2.4,-2.44923479835728,-1.55457114832515,-0.783054291084151,3.83333333333333,1.71661453794654,1.14547823999449,0.780474038022577,2.71428571428571,-1.42722022974586,-0.877685207203172,-0.618779424259776,5,3.31150917686338,1.92132264130113,1.09454554129571,2.42857142857143,-2.57177183984567,-1.16283793934778,-0.840066096935884,3.28571428571429,0.818322060467756,0.27486154595262,0.277179329693053,3,-0.99242688860333,-0.550449613348739,-0.416589525753715,5,3.73794706238797,2.23668202166913,1.38459868253754,2.33333333333333,-0.142745804721866,-0.396072408161124,-0.0187654167075087,3.33333333333333,0.630764815853194,0.608602426094005,0.186146219329896,2.5,1.72320015860831,0.715917319178093,0.393300686050036
"305",305,"female","white","yr2","Business","math03","Kinesthetic",5,2.14245548464502,1.47441255690006,1.14164342203661,2,-0.0142345032242304,0.0695055711691598,-0.0275646664252892,2.66666666666667,-1.42327928446425,-0.677366718829742,-0.827002473751335,2.7,-1.42676306987739,-0.9848680457848,-0.361661147764765,1.33333333333333,-3.15371928117469,-1.96899588609714,-1.44332867986053,1.85714285714286,-3.18452752439102,-1.90979817100224,-1.19088884470365,2.71428571428571,-2.157190946971,-1.15408255821911,-0.787958382032162,3,-1.10005786995716,-0.910247503999935,-0.38793051765038,1.85714285714286,-2.44862711255499,-1.16729702626108,-1.07172908618201,2,-3.2508753632416,-1.94963339771242,-1.30113266596102,3.14285714285714,-0.388662844965689,-0.342401417287946,-0.137712255210968,1.33333333333333,-2.17133149683513,-1.43562783194427,-0.930375566707937,4,1.99088942395612,1.28966377199986,0.673570682943099,1.75,-0.245830259640692,-0.259516119507896,-0.17676547498653
"306",306,"female","other","yr2","Other","math01","Visual",5,2.14245548464502,1.47441255690006,1.14164342203661,3.5,2.57290259727017,1.60937587800864,1.2040921551597,2.66666666666667,-0.493185245798131,-0.202863068067389,-1.3674721385616,2.5,-2.04768793774876,-1.30334516978835,-0.625175698265647,3.83333333333333,1.67203096861624,1.29213469521979,0.754900609340048,3.42857142857143,0.390628127231979,0.180930297575734,0.165467266102056,3.42857142857143,-0.528782210890167,-0.265058219976988,-0.215294316235473,3.28571428571429,-0.468411093560982,-0.247201823567803,-0.1313283426525,3.28571428571429,0.8710846712091,0.441530797511296,0.343644236227218,3.28571428571429,-0.294428396694647,-0.108766330906836,-0.13354525727859,3.14285714285714,-0.35565539435792,-0.138143746233108,-0.0913854354664438,3,1.15940245490286,0.901589107000962,0.48377051699264,3,-0.0487548449240131,-0.0622943890997189,-0.00699482262527438,1,-1.67193309805374,-0.844137146503784,-0.357745495736532
"307",307,"female","white","yr3","Other","other","Auditory",3.66666666666667,0.237608119749063,0.277845974826337,0.138870504705263,1.5,-0.915736377624857,-0.697344784001885,-0.424714538699935,3.33333333333333,-0.381659971407452,-0.490196818414496,-1.47283675635336,3.3,0.313183769201684,0.117877846832636,0.208179189857992,2,-1.85058647964328,-1.11410907494576,-0.84842192104252,2.42857142857143,-1.99704316369644,-1.03217314770961,-0.80876625344943,2.71428571428571,-2.18553042125666,-1.18680922728831,-0.723846184172596,2.85714285714286,-1.45765025963753,-0.76615626565965,-0.475155439171269,2.42857142857143,-1.06458985735934,-0.465831796488851,-0.451974171551174,3.14285714285714,-0.533660476227268,-0.405880705356975,-0.200340344310885,2.57142857142857,-1.64908369712194,-0.894130119236561,-0.510327969465771,2,-0.831501585872319,-0.591434741262175,-0.348936508282686,3.33333333333333,0.616731817510375,0.343574836846872,0.203189205202321,1.5,-0.619486307717012,-0.512652640687681,-0.191071487197587
"308",308,"female","white","yr2","Business","math03","Kinesthetic",4.66666666666667,1.67615318842146,1.25964414252496,0.915575507629149,2,-0.0140516959043659,0.154977168924818,-0.00759685867489887,3.33333333333333,-0.381659971407452,-0.490196818414496,-1.47283675635336,3.9,2.0211494710481,1.2579885942879,0.617362796904536,2.16666666666667,-1.42381700212023,-1.04044389683921,-0.643028681750551,3.57142857142857,0.823406882310437,0.41249734821809,0.33564732024063,4,0.857365743377809,0.659849680797922,0.23103772068871,3.42857142857143,-0.178636590211855,-0.11644712037587,-0.0877978205434919,2.85714285714286,-0.261962587459127,-0.222427948257345,-0.25020435546349,3.85714285714286,1.08425919390219,0.616045904859338,0.381866640468082,2.57142857142857,-1.66794252613757,-1.02917830755286,-0.565483265642972,2.33333333333333,-0.184638342750558,-0.152697375630158,-0.0976173256084611,4,1.99088942395612,1.28966377199986,0.673570682943099,1.5,-0.619486307717012,-0.512652640687681,-0.191071487197587
"309",309,"female","Black","yr4","Other","other","Kinesthetic",4.66666666666667,1.65944924952129,0.996726681603372,0.87197636876241,5,5.29530957999487,3.2846913153037,2.37943781805065,2.66666666666667,-2.36285920655668,-1.44129837465635,-2.19296066948326,2.9,-0.974454374474124,-0.507359971018266,-0.321633781804972,4,1.95678329583274,1.57091382380195,0.878056669115548,4.42857142857143,2.55050677891488,1.64806295737007,0.855516449376466,4.71428571428571,2.56194221082156,1.47991588524582,0.847904151924694,4,1.27311160476219,0.803739556066415,0.425235390964391,3.28571428571429,0.960328742466954,0.354040582921471,0.412419245486259,4.28571428571429,1.89363612715496,1.38012851106056,0.627990142600952,5,3.73794706238797,2.23668202166913,1.38459868253754,2.66666666666667,0.508328325090495,0.252758349419919,0.232502550142566,3,-0.0627878432668317,-0.327321978346853,0.0100481632471516,1.25,-1.19656548524939,-0.649263470838488,-0.297418822153198
"310",310,"female","Asian","yr4","Other","stats","Visual",4.33333333333333,1.1639824099948,0.895724800846391,0.57970335155217,3.25,2.1935911681552,1.33711563463647,0.974130613749231,3,-1.83256366660196,-1.05828541938447,-0.609449950242083,3.6,0.980270954195485,0.569799951476609,0.263720704283156,2.33333333333333,-1.2159035008923,-0.639404664962284,-0.562972125217082,3,-0.479819702123856,-0.348471998694021,-0.148435204079111,2.71428571428571,-2.24192404328351,-1.10343435459835,-0.783214387388189,2.71428571428571,-1.90810043092913,-0.986683367826893,-0.688646293675802,3,0.115745423655665,0.110754190787323,-0.138956320158666,2.14285714285714,-2.98007711499891,-1.76081988138928,-1.20736707926138,2.57142857142857,-1.62296091902165,-0.903806731554634,-0.567198288009142,2.33333333333333,-0.184638342750558,-0.152697375630158,-0.0976173256084611,3.33333333333333,0.616731817510375,0.343574836846872,0.203189205202321,1.75,-0.144118694912662,-0.317778965022385,-0.130744813614253
"311",311,"female","white","yr2","Business","math02","Visual",5,2.14245548464502,1.47441255690006,1.14164342203661,3.25,2.17819009295455,1.07787456093855,0.967086909703337,4.33333333333333,2.1393206871228,1.13334569816348,2.73722573655991,2.6,-1.98096867911171,-1.27387645111496,-0.804610845498568,5,3.98859198390332,2.58540564800849,1.81924269522743,4.57142857142857,2.96760292455711,1.77662157606909,1.10368337969904,4.71428571428571,2.63598583741026,1.54088005397604,0.909002900635176,5,3.74144114399981,2.28283476961181,1.26187175459162,3,0.608122999440581,-0.116068568472611,0.605545492778431,4.57142857142857,2.78930099934919,1.69699889738577,1.11224218684874,4.57142857142857,2.80891027013942,1.68029100983282,1.07877894768475,1.66666666666667,-1.48257571568468,-1.24026549884322,-0.60020447513276,4,1.99088942395612,1.28966377199986,0.673570682943099,1,-1.67193309805374,-0.844137146503784,-0.357745495736532
"312",312,"female","white","yr3","STEM","math02","Kinesthetic",4.33333333333333,1.19314695329773,0.781958267228272,0.645908454354947,2.5,0.896309454597735,0.566473911108995,0.371517132758056,3,0.0276244107302661,-0.109278117859766,-1.69038927986261,3.7,1.5192643317006,0.841525431293457,0.492040766781366,4,2.04219916272112,1.3522340736904,0.930021156470777,3.42857142857143,0.300544506297332,0.273204848066255,0.0671655587655267,3.71428571428571,0.164430763668148,0.110537457401199,0.0532346186462436,3.85714285714286,0.947665558574256,0.694658698148691,0.329600021880676,3.71428571428571,1.71065872235874,0.875910402465118,0.581281565472601,3.85714285714286,1.07792413396782,0.695111052881885,0.432551722198462,3.71428571428571,0.875905419342722,0.559102757900725,0.422240389751223,2.33333333333333,-0.138534918031266,-0.185979016212098,-0.0188166325316591,3.66666666666667,1.29625147828758,1.0144716520406,0.396330247157491,1.75,-0.144118694912662,-0.317778965022385,-0.130744813614253
"313",313,"female","Black","yr3","Other","other","Visual",2,-2.17941002357355,-1.28263994892596,-1.19977456870307,2.25,0.405805687234726,-0.0228155997633458,0.166906765495442,3.33333333333333,1.49749987277741,1.03766649323871,1.25907963511049,3,-0.696168605977766,-0.314361307404878,-0.255894690265229,2.83333333333333,-0.262033539893927,-0.112089686254121,-0.126273575293573,3,-0.657878264118997,-0.307747691277502,-0.279546433933169,3,-1.50464408453354,-0.936700316326251,-0.481717415392091,3,-1.19521793447544,-0.675355657478984,-0.411400972662834,2.85714285714286,-0.0985688393268683,-0.126137983612035,-0.0157215922693844,3,-0.99242688860333,-0.550449613348739,-0.416589525753715,3,-0.692687153800795,-0.324309887974433,-0.214465075211061,2.66666666666667,0.508328325090495,0.252758349419919,0.232502550142566,3.33333333333333,0.616731817510375,0.343574836846872,0.203189205202321,1.5,-0.721197872445042,-0.454389795173192,-0.237092148569864
"314",314,"female","Asian","yr5+","STEM","math02","Kinesthetic",3,-0.734634652699772,-0.489183778497188,-0.411766583811161,2.5,0.872049103295616,0.662586450397935,0.382509309553854,2.33333333333333,-1.01399490232653,-0.296448018275012,-1.04455499726059,3,-0.696168605977766,-0.314361307404878,-0.255894690265229,3,0.0958063415389203,0.119062499372324,0.0407996177141286,3.28571428571429,0.0606272364619269,0.0527277713466614,0.0303549504194771,3.57142857142857,-0.144952760014869,0.0173585510526145,-0.0724728077576987,3.28571428571429,-0.470276580415859,-0.183322814947879,-0.178440391165285,3,0.317737378620679,-0.0610501007304014,0.143954309431183,3,-0.99242688860333,-0.550449613348739,-0.416589525753715,3.42857142857143,0.256561402602159,0.213628913269716,0.156167429065832,2.33333333333333,-0.184638342750558,-0.152697375630158,-0.0976173256084611,3,-0.0487548449240131,-0.0622943890997189,-0.00699482262527438,2.25,1.01403610221817,0.218955367342158,0.170502342279625
"315",315,"female","white","yr4","Other","other","Kinesthetic",4,0.726844657074171,0.567189852853173,0.419840539947484,2.75,1.18743875460571,0.867830698650053,0.627411500510022,3.66666666666667,-0.800430236971485,-1.16054352403348,-3.16171209338629,3,-0.696168605977766,-0.314361307404878,-0.255894690265229,5,3.98859198390332,2.58540564800849,1.81924269522743,5,3.92602569497344,2.35757411541285,1.45039537239774,4.42857142857143,1.93568804183514,1.08057838614675,0.632205365324021,4,1.27311160476219,0.803739556066415,0.425235390964391,1.57142857142857,-2.94152381144468,-1.47572603011853,-1.09019088874858,4,1.19124879463254,1.02101744369435,0.376180696961763,3.28571428571429,-0.0073930245563264,0.344837630653452,0.122626013441045,4,3.15030649567803,2.3946129552641,1.31647754226797,4,1.99088942395612,1.28966377199986,0.673570682943099,1.5,-0.619486307717012,-0.512652640687681,-0.191071487197587
"316",316,"female","white","yr1","Business","math02","Kinesthetic",5,2.14245548464502,1.47441255690006,1.14164342203661,4.5,4.36068807819065,2.96930711240846,2.01131600341349,2.66666666666667,-2.36285920655668,-1.44129837465635,-2.19296066948326,3.6,1.18474985681822,0.732950867925923,0.425514044674975,1.83333333333333,-2.1927838666477,-1.41918219345965,-1.00424623843146,1,-5.24178222321143,-2.97306949796786,-2.00948824026407,1.42857142857143,-5.22462341321676,-3.27226951401515,-1.65203468679782,2.14285714285714,-3.32179478999599,-2.26100679505399,-1.18243485236061,1.85714285714286,-2.10886771524626,-1.17832949878373,-0.552326739645638,1,-5.61509787851869,-3.45367987215748,-2.21851524015639,2.57142857142857,-1.66211706804101,-1.14342462228137,-0.615512158957482,1.33333333333333,-2.17133149683513,-1.43562783194427,-0.930375566707937,3.33333333333333,0.616731817510375,0.343574836846872,0.203189205202321,2.5,1.89365123572795,2.0219077521887,0.757287014272673
"317",317,"female","white","yr1","Other","math02","Kinesthetic",3.33333333333333,-0.222463874273117,-0.125264436818617,-0.0758944277341815,1,-1.79422804288445,-1.11806932750387,-0.821282758780936,3.66666666666667,0.148635568547259,-0.107183863142622,0.110673962887821,3,-0.696168605977766,-0.314361307404878,-0.255894690265229,3.66666666666667,1.34716362877974,0.938597024410056,0.615116298474271,2.14285714285714,-2.67916693127816,-1.41421163430031,-1.09524480591056,3.85714285714286,0.57639901792005,0.254793214718685,0.178976091052978,2,-3.5694107261428,-2.31445697276993,-1.17047320100735,2.57142857142857,-0.880579071100192,-0.24293047337363,-0.533238598509026,2.42857142857143,-2.14063433010827,-1.41797570193559,-0.780783294171119,3.14285714285714,-0.390653566854839,-0.368951353804671,-0.101854053583983,2.66666666666667,0.508328325090495,0.252758349419919,0.232502550142566,4,1.99088942395612,1.28966377199986,0.673570682943099,1.25,-1.09485392052136,-0.707526316352977,-0.251398160780922
"318",318,"female","Asian","yr1","STEM","math03","Kinesthetic",4,0.726844657074171,0.567189852853173,0.419840539947484,1.75,-0.489154388066731,-0.175071268249594,-0.20516352189162,3.33333333333333,-0.372174087981137,-0.200768813350245,0.433591104188832,4.4,3.48202800014425,2.0637301459451,1.1356488504481,3,0.131812869969419,0.068825690963797,0.0575080622834588,3.14285714285714,-0.210867478601043,-0.216728373157032,-0.0599611973855594,4.14285714285714,1.21453789359475,0.800529735650164,0.38380396166522,3.57142857142857,0.28406111867719,0.176775271562349,0.13249019781777,3.57142857142857,1.54034701927526,0.642637364200791,0.647025622136053,4,1.52135148018709,0.882914361522318,0.645392722161734,3,-0.703225811637564,-0.48921248264166,-0.319112014987486,2,-0.831501585872319,-0.591434741262175,-0.348936508282686,3,-0.0487548449240131,-0.0622943890997189,-0.00699482262527438,1.25,-1.19656548524939,-0.649263470838488,-0.297418822153198
"319",319,"female","white","yr1","STEM","math02","Kinesthetic",3.66666666666667,0.231377817547684,0.466187972096191,0.127567522737243,1.75,-0.465076844084476,-0.356655405294192,-0.236123506437807,3.33333333333333,-0.381659971407452,-0.490196818414496,-1.47283675635336,3.4,0.708602390307126,0.266128989047038,0.385198378030988,2.83333333333333,-0.271454357163477,-0.0283982297331529,-0.137534124858972,3.28571428571429,0.203609059174191,-0.160166215426372,0.120255644970552,3.85714285714286,0.585243356079917,0.35912059455115,0.195429409693368,3.57142857142857,0.189941465478759,0.085534947496468,0.0375529616509465,2.85714285714286,0.0054189935380092,-0.37350217596358,0.0744584503014281,3.28571428571429,-0.206252487747544,-0.0539070255032394,-0.0578600606763314,2.42857142857143,-1.96687735097199,-1.30390715666887,-0.793475066041654,2.33333333333333,-0.138534918031266,-0.185979016212098,-0.0188166325316591,3,-0.0930244130494962,0.464087412122065,-0.158150624413725,4,5.05099160673814,3.01636126963701,1.25730903988951
"320",320,"female","other","yr2","Health","math02","Visual",3,-0.724161016000983,-0.0379243203057439,-0.379470426912441,3.25,2.16172168291269,1.34634343595428,0.991584842397277,2.66666666666667,-0.493185245798131,-0.202863068067389,-1.3674721385616,3.2,0.0755631671951168,-0.0447636554211652,0.0585306584907671,3.83333333333333,1.79278555293368,1.15486468774162,0.819488014109173,3.28571428571429,0.0479607096062614,-0.149560029134342,0.0513526476865186,3.14285714285714,-1.2836735024441,-0.511815581424502,-0.487345741940569,3.14285714285714,-0.703501240536034,-0.298048336737203,-0.215306753560362,3.14285714285714,0.639444579570384,-0.0666878319826263,0.365798756701039,3,-1.10583390632613,-0.576073208647888,-0.569930303753698,3,-0.703726810513989,-0.333744250684541,-0.2648154058487,1.66666666666667,-1.48257571568468,-1.24026549884322,-0.60020447513276,2.33333333333333,-1.42291245136976,-1.00838332425271,-0.477376300366052,2.5,1.88965479366188,1.75839508012577,0.668734528290016
"321",321,"male","white","yr1","Other","math03","Kinesthetic",3.33333333333333,-0.257858719777424,0.176844094069356,-0.153402512504978,2.75,1.26676160761123,1.19408776746803,0.619514555010215,3,-0.902469627935849,-0.583781768622119,-1.14991961505235,2.9,-0.971519695824616,-0.839459021440714,-0.370695269601803,1.66666666666667,-2.50961548515416,-1.57798293263463,-1.1466183344697,3.14285714285714,-0.462523365936774,0.0691868264518669,-0.284081122529678,3.14285714285714,-1.14214663044286,-0.730935660404263,-0.328867292197094,2.85714285714286,-1.53696849655042,-0.973927622065945,-0.527700701376733,2.42857142857143,-1.09489333408273,-0.479822647772988,-0.410003870619745,2.28571428571429,-2.70772030036906,-1.75763325467206,-1.12409818923357,2.28571428571429,-2.28505028139924,-1.35502511009389,-0.86139940960907,1.66666666666667,-1.48257571568468,-1.24026549884322,-0.60020447513276,2.66666666666667,-0.743392790592552,-0.337486509058984,-0.284235258410882,2,0.569041803543553,0.442695658876479,0.180606016138814
"322",322,"female","Black","yr2","STEM","math02","Kinesthetic",5,2.14245548464502,1.47441255690006,1.14164342203661,4,3.51513323301478,2.01164481887501,1.56575191794461,3,-1.84204955002828,-1.34771342444872,-2.51587781078427,1.4,-5.72920746112359,-3.04896631986229,-1.94761620494854,4,1.95678329583274,1.57091382380195,0.878056669115548,4.28571428571429,2.16846926222749,1.431766297587,0.732731906372879,5,3.31150917686338,1.92132264130113,1.09454554129571,5,3.74144114399981,2.28283476961181,1.26187175459162,5,4.56449623865807,2.32089057238357,1.63233687488761,3.71428571428571,0.666062956458628,0.399006886114458,0.246681221902534,5,3.73794706238797,2.23668202166913,1.38459868253754,2,-0.869183237210412,-0.137966316782182,-0.427839633007789,4,1.99088942395612,1.28966377199986,0.673570682943099,1.75,0.150424376932586,0.821537245547488,0.17258755145787
"323",323,"female","white","yr1","Other","math01","Auditory",3,-0.688766170496676,-0.340032851193717,-0.301962342141645,2.25,0.373936201992217,-0.0135877984455411,0.184360994143488,3,-0.892983744509534,-0.294353763557868,0.756508245489842,3,-0.696168605977766,-0.314361307404878,-0.255894690265229,5,3.98859198390332,2.58540564800849,1.81924269522743,4.71428571428571,3.21092426179294,1.92609760191888,1.14626288905011,4.57142857142857,2.29134001757596,1.43684045264371,0.760930818086944,4.14285714285714,1.62076965925191,1.00134686612657,0.569190220064193,2.57142857142857,-0.541984787202286,-0.607269120220569,-0.00916951550439749,4.14285714285714,1.77572879940978,1.04222735699425,0.720072771784894,3.28571428571429,-0.0540842643297045,-0.164266694144613,-0.201749277532234,3.66666666666667,2.49923236586567,1.74578219768306,1.06520957541789,4,1.99088942395612,1.28966377199986,0.673570682943099,2.25,1.0100396601521,-0.0445573047207709,0.0819498562969684
"324",324,"male","white","yr3","Business","stats","Kinesthetic",1,-3.61172479004456,-2.45278011389444,-1.96517658965893,1,-1.79422804288445,-1.11806932750387,-0.821282758780936,3.66666666666667,2.0183095293058,1.13125144344633,0.936162493809483,4.6,4.33687024916806,2.42024370505253,1.43582682441808,4.16666666666667,2.412367356826,1.41233345216102,1.10514170360151,4,1.6947066813365,0.999742520669095,0.611540969912823,4.14285714285714,1.26437017565997,0.589608116131845,0.429373460262922,4,1.30045378294922,0.843693651077682,0.405011446564964,3.14285714285714,0.557872220420135,0.16613399507192,0.165541575894017,4,1.40883690815535,0.864964910182832,0.545085050266741,4.28571428571429,2.15612259262629,1.3708693942169,0.842311287915951,1.66666666666667,-1.47836482899408,-1.03017210689419,-0.600255690956911,3.33333333333333,0.631850102401707,-0.0521298583875875,0.28728859903276,1.75,-0.0384106881185559,-0.112529138473945,0.00382833374068003
"325",325,"male","white","yr2","Business","math03","Kinesthetic",3.33333333333333,-0.245398115374665,-0.199839900470353,-0.13079654856894,1.25,-1.3433857020242,-0.691908351040515,-0.612723918768418,3.33333333333333,-0.381659971407452,-0.490196818414496,-1.47283675635336,2.7,-1.50210418641896,-0.693245839462523,-0.512420301028042,2.33333333333333,-1.19874941909269,-0.83224395859583,-0.545242156990685,2.85714285714286,-0.659860749065329,-0.457770980551222,-0.139184396396673,3.28571428571429,-0.728380187290019,-0.502742795460657,-0.163765009793518,3.71428571428571,0.467590142202518,0.377313373570663,0.171058244078198,3.57142857142857,1.44809213599487,0.781117641598952,0.423526048002697,3.14285714285714,-0.716347354055839,-0.436534168141621,-0.301025655785021,3,-0.672478381963121,-0.556072302384567,-0.240344366268014,1.66666666666667,-1.52867914040397,-1.20698385826128,-0.679005168209562,2.66666666666667,-0.743392790592552,-0.337486509058984,-0.284235258410882,2.25,1.07478273047763,1.05618330174139,0.311363037164672
"326",326,"female","white","yr3","Other","other","Visual",4.33333333333333,1.2098508921979,1.04487572814986,0.689507593221686,1.5,-0.892543361163958,-0.265747374577163,-0.4041650787559,3.66666666666667,1.07872960721337,0.367319787619731,-0.429795701922442,2.4,-2.38607136515287,-1.54368056880658,-0.731525351672334,3.16666666666667,0.372649438857055,0.362614723729353,0.159176220531865,3.57142857142857,0.630545397067385,0.401407374295327,0.202277874448105,4.42857142857143,1.91479701741199,1.1965156852347,0.629425405190485,4.42857142857143,2.2913697558891,1.40677892696182,0.744868688224369,3.57142857142857,1.57790054767667,0.52404537065037,0.658528084925624,2.57142857142857,-1.8882032302062,-1.2621697735168,-0.686652985653515,4.57142857142857,2.79719942804198,1.5771242515345,0.948854041485363,3.33333333333333,1.80626569802462,1.34032647263298,0.735089699666865,3.33333333333333,0.601613532619042,0.73927953208133,0.119089811371883,2.75,2.09685620668463,0.969053840357878,0.407606698261093
"327",327,"female","white","yr1","Other","math02","Kinesthetic",4,0.726844657074171,0.567189852853173,0.419840539947484,2.75,1.25136053241059,0.934846693770102,0.612470850964321,2.66666666666667,-1.42327928446425,-0.677366718829742,-0.827002473751335,2.7,-1.66643357567999,-1.04160205349452,-0.611883379797296,3.33333333333333,0.802612331597803,0.358359835188034,0.37548995339283,3,-0.479404000785896,-0.326842406603358,-0.127913395770623,3.28571428571429,-0.825840075099611,-0.49248435558698,-0.289275422422611,3.57142857142857,0.160733800436845,0.109459861105126,0.0106648575375885,1.85714285714286,-2.33120205791298,-1.17313839755507,-0.897554813030214,3.28571428571429,-0.219839161050443,-0.101732536130966,-0.0762417199390264,4,1.47623062332726,0.899473221644779,0.555488841260169,3,1.15940245490286,0.901589107000962,0.48377051699264,3,-0.0487548449240131,-0.0622943890997189,-0.00699482262527438,1.75,-0.144118694912662,-0.317778965022385,-0.130744813614253
"328",328,"female","white","yr2","STEM","math02","Visual",4,0.710140718174002,0.304272391931583,0.376241401080745,2,-0.0537131224071297,-0.00815136548417046,-0.00364838592499508,3,0.0371102941565809,0.180149887204485,0.216038580679579,2.8,-1.29080518710229,-0.915276420396665,-0.432625687901715,2.33333333333333,-1.15386911785538,-0.659473731567178,-0.529077662084652,2,-2.85589913747408,-1.78870332946954,-1.06216119206207,4.28571428571429,1.51159575780419,1.02795587126016,0.457785067852359,2.28571428571429,-2.8911764555799,-2.05634116192322,-0.999426407239344,2.57142857142857,-0.880850118804724,-0.633291920491721,-0.419965060837319,3.28571428571429,-0.0994068549540725,-0.1501934597068,0.0296028901722209,4,1.52262995429359,0.956186066847349,0.585066803663237,2,-0.877605010591612,-0.558153100680235,-0.427737201359488,3.33333333333333,0.601613532619042,0.73927953208133,0.119089811371883,1,-1.67193309805374,-0.844137146503784,-0.357745495736532
"329",329,"female","white","yr2","STEM","stats","Auditory",3,-0.734634652699772,-0.489183778497188,-0.411766583811161,1.5,-0.876074951122094,-0.534216249592896,-0.428663011449839,2.33333333333333,-1.01399490232653,-0.296448018275012,-1.04455499726059,2.4,-2.47605202597452,-1.41504295075897,-0.889429964194242,5,3.98859198390332,2.58540564800849,1.81924269522743,5,3.92602569497344,2.35757411541285,1.45039537239774,4.57142857142857,2.31951749271044,1.36299515717635,0.775026873801795,5,3.74144114399981,2.28283476961181,1.26187175459162,4.28571428571429,3.2674622707039,1.47342476003641,1.34162244219436,5,3.63024410131203,2.35278064546,1.38533618864896,4.14285714285714,1.84080288472083,1.00730402027237,0.652991147230653,3,1.15940245490286,0.901589107000962,0.48377051699264,3,-0.0487548449240131,-0.0622943890997189,-0.00699482262527438,3,2.81001670514085,1.72952846425674,0.718957528014161
"330",330,"female","white","yr1","STEM","math02","Kinesthetic",3,-0.728404350498393,-0.677525775767043,-0.400463601843142,1.75,-0.448425626722747,-0.539652682554267,-0.240653631381356,2.66666666666667,0.455880559720614,0.850496592823465,1.90491391771252,4.5,3.76031376864061,2.25672880955848,1.20138794198785,3,0.185380166553436,0.0102428138249662,0.0983611920172929,2.71428571428571,-1.04155722407533,-0.832046018685929,-0.302435663056695,3.42857142857143,-0.498642610556473,-0.102162117215962,-0.215292201273387,2.85714285714286,-1.4032919078433,-0.930801909775225,-0.435246426718008,1.71428571428571,-2.6877172759231,-1.54398338467601,-1.05639094903867,3.42857142857143,0.217225036000823,0.0882339221256151,0.0991236411582701,3.14285714285714,-0.366013301316581,-0.394810903439886,-0.211652868418924,1.33333333333333,-2.12943895880644,-1.67900286447524,-0.851523657806985,3,-0.0487548449240131,-0.0622943890997189,-0.00699482262527438,1,-1.67193309805374,-0.844137146503784,-0.357745495736532
"331",331,"female","white","yr3","Other","other","Kinesthetic",3.33333333333333,-0.268332356476213,-0.274415364122088,-0.185698669403698,2,-0.149504385454521,-0.0659395592864149,0.0287464922687517,3.33333333333333,1.49749987277741,1.03766649323871,1.25907963511049,3,-0.696168605977766,-0.314361307404878,-0.255894690265229,4.83333333333333,3.66300735912874,2.37864981431257,1.66969557677923,4,1.63407371542722,1.02491321206767,0.585424469232283,4,0.90343254616492,0.49231116248744,0.30641406295181,4,1.27311160476219,0.803739556066415,0.425235390964391,3,0.193256545329035,0.132147891150883,0.0631382206629184,4.14285714285714,1.64259387491644,1.14241037741946,0.59455863514129,4,1.52262995429359,0.956186066847349,0.585066803663237,2,-0.831501585872319,-0.591434741262175,-0.348936508282686,2,-2.08839911380415,-1.4142525501993,-0.687560328193648,2,0.569041803543553,0.442695658876479,0.180606016138814
"332",332,"male","white","yr1","Business","math02","Kinesthetic",5,2.14245548464502,1.47441255690006,1.14164342203661,3.25,2.23431992949918,0.972534220331801,0.938640504259494,2,-0.604710520188809,0.0844706822797178,-1.26210752076984,2,-3.66261266421487,-2.25919166571877,-1.19262149074872,2.66666666666667,-0.548297454481611,-0.271950454090182,-0.255910727676708,2.85714285714286,-0.898211235292362,-0.549854360087758,-0.336878850587706,2.85714285714286,-1.89379786092096,-1.02446769274806,-0.649948960203945,3,-1.10126986689673,-0.727351916812315,-0.384918740752271,2.85714285714286,-0.178002434288102,-0.0788231182083338,-0.117102948657307,2.57142857142857,-2.03561903793218,-1.09341322856012,-0.85517969937935,3,-0.646287822834467,-0.267597042771863,-0.184887112807994,1,-2.82240562664749,-2.08445858952531,-1.18164353355801,2,-2.08839911380415,-1.4142525501993,-0.687560328193648,1.75,0.0183394980748264,0.46118612386236,0.0561365426430701
"333",333,"female","white","yr1","Other","math01","Kinesthetic",3.66666666666667,0.237608119749063,0.277845974826337,0.138870504705263,2.75,1.33935985419773,0.820278551845553,0.566570216872433,3.33333333333333,-0.372174087981137,-0.200768813350245,0.433591104188832,2.7,-1.5677346935943,-0.929434328498165,-0.473229545082212,3,0.0628832738792153,0.226312698483696,0.0191880159991921,3,-0.657878264118997,-0.307747691277502,-0.279546433933169,3,-1.50464408453354,-0.936700316326251,-0.481717415392091,3,-1.19521793447544,-0.675355657478984,-0.411400972662834,3,0.199434529122159,-0.136002426281756,0.107418624319224,2.85714285714286,-1.33692633609376,-0.768128981277412,-0.547504513084689,3,-0.682394035553765,-0.152484398880455,-0.115833153780914,1.33333333333333,-2.17554238352573,-1.6457212238933,-0.930324350883787,2.33333333333333,-1.40887945302694,-0.743355735005575,-0.494419286238478,1,-1.67193309805374,-0.844137146503784,-0.357745495736532
"334",334,"female","other","yr2","Business","math02","Visual",4.33333333333333,1.17644301439756,0.519040806306683,0.602309315488208,1.5,-0.915736377624857,-0.697344784001885,-0.424714538699935,4.33333333333333,0.260160842937937,-0.394517613489729,0.00530934509606285,2.8,-1.2254231350887,-1.07740877445052,-0.407648022122128,3.16666666666667,0.39615168924721,0.339055981138949,0.169527272681403,3.85714285714286,1.5505087228833,0.659707985889673,0.683992977952807,5,3.31150917686338,1.92132264130113,1.09454554129571,4.57142857142857,2.81540437894066,1.67415073484481,1.00100746402028,2.71428571428571,-0.438452274335722,-0.187550669089034,-0.228740702456344,4.28571428571429,2.18953619623961,1.34183859081482,0.886493013186378,3.28571428571429,-0.0445448949995254,0.00411469017653404,-0.0203456765298095,2,-0.831501585872319,-0.591434741262175,-0.348936508282686,4,1.99088942395612,1.28966377199986,0.673570682943099,2,0.432960482619717,-0.181168134871578,-0.0243974786586425
"335",335,"female","white","yr1","Other","math01","Auditory",2.66666666666667,-1.20093694892333,-0.703952192872288,-0.637834498218624,1,-1.79422804288445,-1.11806932750387,-0.821282758780936,4.66666666666667,0.790456382892649,-0.0115046582178553,1.58882006433724,3.8,1.82035082159515,1.05294119882383,0.589966067076426,4,2.04219916272112,1.3522340736904,0.930021156470777,5,3.92602569497344,2.35757411541285,1.45039537239774,5,3.31150917686338,1.92132264130113,1.09454554129571,5,3.74144114399981,2.28283476961181,1.26187175459162,4.85714285714286,4.27267085400216,2.06260469762065,1.55347706195531,5,3.63024410131203,2.35278064546,1.38533618864896,5,3.73794706238797,2.23668202166913,1.38459868253754,3.33333333333333,1.81047658471522,1.55041986458201,0.735038483842714,3,-0.0487548449240131,-0.0622943890997189,-0.00699482262527438,3,2.81001670514085,1.72952846425674,0.718957528014161
"336",336,"female","white","yr1","Business","math02","Visual",4,0.726844657074171,0.567189852853173,0.419840539947484,1,-1.79422804288445,-1.11806932750387,-0.821282758780936,3.33333333333333,0.557919950684978,0.273734837412108,-0.106878560621431,2.2,-2.89019495766307,-1.88776661182493,-0.862222645226825,2.16666666666667,-1.51798587527672,-0.869719241248602,-0.702168191515744,3,-0.657878264118997,-0.307747691277502,-0.279546433933169,3,-1.50464408453354,-0.936700316326251,-0.481717415392091,3,-1.19521793447544,-0.675355657478984,-0.411400972662834,3,0.193256545329035,0.132147891150883,0.0631382206629184,3,-0.99242688860333,-0.550449613348739,-0.416589525753715,3,-0.692687153800795,-0.324309887974433,-0.214465075211061,2,-0.831501585872319,-0.591434741262175,-0.348936508282686,2,-2.08839911380415,-1.4142525501993,-0.687560328193648,2,0.569041803543553,0.442695658876479,0.180606016138814
"337",337,"female","white","yr3","Business","other","Auditory",4.66666666666667,1.65944924952129,0.996726681603372,0.87197636876241,3.75,2.9994845868283,2.13164939376093,1.42364317196801,3,-1.83256366660196,-1.05828541938447,-0.609449950242083,2.3,-2.79104657659833,-1.64411864462548,-0.975286635931738,4.66666666666667,3.38368813153098,2.06623581948959,1.55016128797492,4.85714285714286,3.56826712771421,2.13102106262053,1.28806822656968,5,3.31150917686338,1.92132264130113,1.09454554129571,4.57142857142857,2.74879848954898,1.7661010891894,0.954301287710286,4.28571428571429,3.29672106899594,1.63691787393316,1.26272673765676,4.85714285714286,3.3892596289255,2.14672618228625,1.3335145793998,5,3.73794706238797,2.23668202166913,1.38459868253754,3.33333333333333,1.80626569802462,1.34032647263298,0.735089699666865,4,1.99088942395612,1.28966377199986,0.673570682943099,1.75,-0.144118694912662,-0.317778965022385,-0.130744813614253
"338",338,"male","white","yr1","STEM","math04","Visual",2,-2.16694941917079,-1.65932394346567,-1.17716860476703,1,-1.79422804288445,-1.11806932750387,-0.821282758780936,4,2.54860506926052,1.51426439871821,2.51967321305066,4.4,3.50958626417686,2.08827380760288,1.17457249839561,2.83333333333333,-0.152150879706954,-0.166548047744017,-0.0692814424098674,3.71428571428571,1.43068494051315,0.50360872054323,0.698838478007297,4.14285714285714,1.25176133658362,0.788397833184756,0.417400831172337,4.71428571428571,3.08124019247703,1.76273058135604,1.02850530089127,2.14285714285714,-1.44578335097322,-0.709072614661593,-0.293225757393109,4.14285714285714,2.00798544909868,1.00673525561034,0.923036139949489,2.42857142857143,-1.95048190353067,-1.55603582192524,-0.981638403631624,1.33333333333333,-2.12943895880644,-1.67900286447524,-0.851523657806985,4,1.99088942395612,1.28966377199986,0.673570682943099,1,-1.67193309805374,-0.844137146503784,-0.357745495736532
"339",339,"female","Asian","yr1","Business","math03","Kinesthetic",3.66666666666667,0.227134483050274,-0.173413483365107,0.106574347806543,1.25,-1.35117764328446,-0.864264686767308,-0.62622967466656,4.33333333333333,1.20922664845668,0.658842047401125,3.27769540137018,3.6,1.15434092606598,0.649042130935423,0.406765381279742,2.66666666666667,-0.573250811732683,-0.249271522032474,-0.262596502146266,2.85714285714286,-0.714516982849663,-0.617861575073584,-0.194806711684144,3.28571428571429,-0.75143281966521,-0.367562209150722,-0.30333743213467,2.14285714285714,-3.23722467222577,-1.86808878312563,-1.10166107039569,2.42857142857143,-1.04725828168017,-0.248228543391442,-0.544381292630762,2.14285714285714,-2.86581015011328,-1.83393034132619,-1.12203288514953,2.57142857142857,-1.62984559152912,-1.11774101492754,-0.670395426297036,2,-0.831501585872319,-0.591434741262175,-0.348936508282686,3,-0.0487548449240131,-0.0622943890997189,-0.00699482262527438,2,0.432960482619717,-0.181168134871578,-0.0243974786586425
"340",340,"female","white","yr2","Business","math03","Auditory",5,2.14245548464502,1.47441255690006,1.14164342203661,3,1.75921723733682,0.642485783157389,0.741073841042774,3.33333333333333,1.49749987277741,1.03766649323871,1.25907963511049,3,-0.696168605977766,-0.314361307404878,-0.255894690265229,1,-3.79697930082548,-2.34728064926384,-1.73764345979917,1.85714285714286,-3.096062222332,-1.65701036539528,-1.07656898191271,1.14285714285714,-5.98475652158909,-3.55980765142769,-1.94221767817469,1.14285714285714,-5.76856793248924,-3.36546424640808,-1.97017833659819,2,-2.25481159702221,-0.930847850334823,-0.992112531773691,1.71428571428571,-3.92895212191302,-2.42255631754914,-1.61648035690383,3.14285714285714,-0.383949645225473,-0.0632525078922091,0.0169635778799673,2.33333333333333,-0.138534918031266,-0.185979016212098,-0.0188166325316591,4,1.99088942395612,1.28966377199986,0.673570682943099,2.25,0.908328095424066,0.0137055407937179,0.0359291949246917
"341",341,"female","white","yr2","Business","math04","Visual",3.33333333333333,-0.228694176474496,0.0630775604512372,-0.0871974097022006,1.75,-0.392295790178119,-0.644993023161011,-0.269100036825199,2.66666666666667,-0.493185245798131,-0.202863068067389,-1.3674721385616,4,2.22194812050106,1.46303598975198,0.644759526732645,2.33333333333333,-1.09195550135716,-0.854594739088317,-0.487464226878961,3.57142857142857,1.04345515123425,0.329575834842929,0.5433785626492,4,1.06973310572114,0.260454540888494,0.408881150828182,4.28571428571429,2.05259999060755,1.02311691206973,0.749186888287349,1.57142857142857,-2.79847245101413,-1.54604925576229,-0.918025569349199,3.71428571428571,1.0215905772556,0.326235072167516,0.589072047388923,3,-0.710131251282745,-0.741327010904366,-0.329019447100082,1.66666666666667,-1.52446825371337,-0.996890466312252,-0.679056384033712,4,1.99088942395612,1.28966377199986,0.673570682943099,1.5,-0.619486307717012,-0.512652640687681,-0.191071487197587
"342",342,"male","white","yr1","Other","math01","Auditory",5,2.14245548464502,1.47441255690006,1.14164342203661,3.5,2.55731871474966,1.26466320655505,1.17708064336341,4.66666666666667,0.790456382892649,-0.0115046582178553,1.58882006433724,2.6,-1.92628643716422,-0.926174124589013,-0.589693162095034,3.5,0.98957100531726,1.04200680710948,0.432956891263085,2.85714285714286,-0.95544013380121,-0.595684719558986,-0.357226450263224,2.85714285714286,-1.78737128591983,-1.14787650217501,-0.592043420179177,3.28571428571429,-0.56927075448851,-0.675729479360268,-0.199442340347271,3.42857142857143,1.18382605424216,0.32551557907701,0.681676814622647,3.14285714285714,-0.620556286549846,-0.263931910141836,-0.231945997030767,3.42857142857143,0.293723837415648,0.213386663661752,0.1496474411601,2.33333333333333,-0.138534918031266,-0.185979016212098,-0.0188166325316591,2.66666666666667,-0.729359792249733,-0.0724589198118504,-0.301278244283308,2.5,1.62548503594636,1.03769283675551,0.435832510660416
"343",343,"female","white","yr5+","Health","stats","Kinesthetic",4.66666666666667,1.65944924952129,0.996726681603372,0.87197636876241,2,0.00241671413749844,-0.113491706090915,-0.0320947913688381,2.66666666666667,-2.36285920655668,-1.44129837465635,-2.19296066948326,4.3,3.26256374732762,1.83489626640407,1.11358330998537,1.5,-2.7504520540418,-1.87177196540019,-1.2482864927181,3.42857142857143,0.453908417526344,0.221107341568318,0.217297583135565,3.57142857142857,-0.157239767306727,-0.257314166730591,-0.0176172251326174,4,1.27311160476219,0.803739556066415,0.425235390964391,3.14285714285714,0.504730272031728,0.595152802752246,0.0490522957959824,3.28571428571429,-0.426004754800811,-0.194210200087559,-0.269556090594024,3.28571428571429,-0.0586935165916664,-0.0650947925620048,-0.0115172000971327,2,-0.831501585872319,-0.591434741262175,-0.348936508282686,4,1.99088942395612,1.28966377199986,0.673570682943099,3.25,3.38709588267323,1.86613929440755,0.825304862969772
"344",344,"female","white","yr2","Business","math03","Kinesthetic",4.33333333333333,1.19314695329773,0.781958267228272,0.645908454354947,2.75,1.24356859115033,0.762490358043309,0.598965095066179,3.33333333333333,-0.372174087981137,-0.200768813350245,0.433591104188832,2.5,-2.10154701426001,-1.23694836993085,-0.625788737108412,1,-3.79697930082548,-2.34728064926384,-1.73764345979917,1.71428571428571,-3.48422579046548,-2.047261680142,-1.29182477423922,2.28571428571429,-3.23567622294114,-1.94111722378203,-1.08559161897746,2.42857142857143,-2.60956790509972,-1.66356777465721,-0.904616111974085,1.71428571428571,-2.59075783225431,-1.31892122122958,-0.900585765625804,1.85714285714286,-3.53488290256226,-2.27102251378903,-1.3832873128824,2.14285714285714,-2.60880612265003,-1.51212984703514,-0.963971901996755,3,1.15940245490286,0.901589107000962,0.48377051699264,3.66666666666667,1.31136976317891,0.618766956806137,0.480429640987929,2.5,1.73119304274046,1.24294266330395,0.570405658015349
"345",345,"male","white","yr2","STEM","math02","Auditory",5,2.14245548464502,1.47441255690006,1.14164342203661,3.75,3.12821266995942,1.65249983753171,1.34225242838639,3.33333333333333,-1.32123989349988,-1.2541284742411,-2.83879495208528,4.8,4.56545013122338,2.84214541350589,1.38848679108791,4.66666666666667,3.36181823505071,2.14592814225014,1.53857235635975,3.71428571428571,1.27987312701434,0.426862299990108,0.592484175151253,4.57142857142857,2.33736912696682,1.46472021176601,0.77980491444856,4.14285714285714,1.66749383712043,0.984017471999533,0.613730906909626,2.14285714285714,-1.6668385432636,-1.3903480474629,-0.673309984505418,4.85714285714286,3.27126994412224,2.10910782373326,1.21588540534706,4.71428571428571,3.08633156913551,1.8655245696843,1.1734089891917,1.33333333333333,-2.12943895880644,-1.67900286447524,-0.851523657806985,4,1.99088942395612,1.28966377199986,0.673570682943099,1.25,-1.19656548524939,-0.649263470838488,-0.297418822153198
"346",346,"male","white","yr1","Business","math02","Auditory",3,-0.734634652699772,-0.489183778497188,-0.411766583811161,1,-1.79422804288445,-1.11806932750387,-0.821282758780936,3.66666666666667,2.02779541273212,1.42067944851058,2.84259035435167,4,2.22194812050106,1.46303598975198,0.644759526732645,3.83333333333333,1.74639366432519,1.10101282145907,0.796842426595505,4,1.63407371542722,1.02491321206767,0.585424469232283,4.42857142857143,1.91655653455505,1.21613707461606,0.637610123401436,4.57142857142857,2.68340459709687,1.67515585634638,0.904583334502187,4,2.54543731189639,1.10564894178823,0.97177614975136,4.28571428571429,2.11936389044277,1.32913457936966,0.886115373607234,4.71428571428571,3.09124329457481,1.8777789576123,1.12848256245022,1.66666666666667,-1.52446825371337,-0.996890466312252,-0.679056384033712,1,-4.12804338268428,-2.76621071129888,-1.36812583376202,2,0.670753368271583,0.38443281336199,0.226626677511091
"347",347,"female","white","yr2","Other","other","Kinesthetic",3,-0.728404350498393,-0.677525775767043,-0.400463601843142,1.25,-1.35117764328446,-0.864264686767308,-0.62622967466656,3.66666666666667,1.08821549063969,0.656747792683981,1.47663215861975,2,-3.61428533245659,-2.09175860456174,-1.1565489072631,4.66666666666667,3.34448818788279,2.19439269454598,1.52253234983659,4.71428571428571,3.28025594387283,1.96062133043282,1.22957592344161,4.85714285714286,2.94729087738752,1.76025231424254,0.964686791675653,4.71428571428571,3.04909384898459,2.01590267761405,1.0369157484541,3.14285714285714,0.608712357873616,0.401511812397857,0.332719666861843,4.85714285714286,3.3892596289255,2.14672618228625,1.3335145793998,5,3.73794706238797,2.23668202166913,1.38459868253754,4,3.15030649567803,2.3946129552641,1.31647754226797,3.66666666666667,1.29625147828758,1.0144716520406,0.396330247157491,4,5.05099160673814,3.01636126963701,1.25730903988951
"348",348,"male","white","yr1","Business","math02","Visual",2,-2.156475782472,-1.20806448527422,-1.14487244786831,1.5,-0.876074951122094,-0.534216249592896,-0.428663011449839,3,0.0465961775828957,0.469577892268735,2.12246644122177,3.6,1.24913974032236,0.503959283322378,0.451342424738309,3.5,1.130673086652,0.633977439349902,0.526194757827603,3.57142857142857,0.561629416325463,0.388513237872049,0.139486648365092,3.85714285714286,0.537454729545996,0.311619446047492,0.168370595120801,3.85714285714286,0.875807788325255,0.601462396971219,0.254665325811228,2.85714285714286,-0.162913786927642,-0.296370310036139,-0.0205483648382818,4.14285714285714,1.6112152434551,0.95001450378442,0.6234995196041,4.42857142857143,2.43969259003398,1.59146317374027,0.938928380626719,3.66666666666667,2.49923236586567,1.74578219768306,1.06520957541789,2.66666666666667,-0.714241507358401,-0.468163615046309,-0.21717885045287,3,2.94609802606468,2.3533922580048,0.923961022811618
"349",349,"male","white","yr1","Business","math02","Visual",3.66666666666667,0.197969939747346,-0.0596469497469884,0.0403692450037657,1,-1.79422804288445,-1.11806932750387,-0.821282758780936,3.66666666666667,2.95788945139823,1.89518309927294,2.30212068954141,4.6,4.0989633615575,2.35993399276606,1.30543206221493,4.5,3.07930559223525,1.91143421407502,1.40811757398645,5,3.92602569497344,2.35757411541285,1.45039537239774,5,3.31150917686338,1.92132264130113,1.09454554129571,5,3.74144114399981,2.28283476961181,1.26187175459162,4,2.59561210856559,0.894840962487782,1.15205321067688,5,3.63024410131203,2.35278064546,1.38533618864896,5,3.73794706238797,2.23668202166913,1.38459868253754,2.33333333333333,-0.142745804721866,-0.396072408161124,-0.0187654167075087,2.33333333333333,-1.40887945302694,-0.743355735005575,-0.494419286238478,1,-1.67193309805374,-0.844137146503784,-0.357745495736532
"350",350,"female","white","yr2","Other","math02","Auditory",4,0.710140718174002,0.304272391931583,0.376241401080745,2.25,0.349675850690098,0.0825247408433987,0.195353170939285,3.33333333333333,-0.381659971407452,-0.490196818414496,-1.47283675635336,1.8,-4.120671070762,-2.8096855287758,-1.23853558161696,2.33333333333333,-1.13671503605577,-0.852313025200724,-0.511347693858255,2.42857142857143,-1.70496307301587,-1.01745002027427,-0.578429195426875,4,0.935091362189276,0.653126923215583,0.28037730918708,3.71428571428571,0.526423052324572,0.45020668237279,0.1429972714895,2.14285714285714,-1.64052525426021,-0.669851167978426,-0.522663623261957,2.85714285714286,-1.11386310979941,-0.904512607575418,-0.361278657621964,2.57142857142857,-1.66794252613757,-1.02917830755286,-0.565483265642972,2.66666666666667,0.508328325090495,0.252758349419919,0.232502550142566,2.66666666666667,-0.714241507358401,-0.468163615046309,-0.21717885045287,1,-1.67193309805374,-0.844137146503784,-0.357745495736532
"351",351,"male","white","yr1","STEM","math02","Kinesthetic",3,-0.705470109396845,-0.602950312115307,-0.345561481008384,1,-1.79422804288445,-1.11806932750387,-0.821282758780936,4,0.678931108501971,0.275829092129251,1.694184682129,2.7,-1.5035828723274,-0.778832661311468,-0.508979279388477,4,2.04219916272112,1.3522340736904,0.930021156470777,4.85714285714286,3.59602480420338,2.22937158918378,1.31528305671516,4.57142857142857,2.23474572464005,1.34932764255235,0.748594776659877,4.71428571428571,2.98896893176164,1.85885767448166,0.998053214121345,4.85714285714286,4.19323725904093,2.10991956302436,1.45209570556738,4.57142857142857,2.82458988797689,1.69942685774868,1.17150766645697,4.85714285714286,3.42336332857838,2.05169071142562,1.29648862893632,2.66666666666667,0.508328325090495,0.252758349419919,0.232502550142566,2,-2.08839911380415,-1.4142525501993,-0.687560328193648,1.5,-0.721197872445042,-0.454389795173192,-0.237092148569864
"352",352,"female","white","yr1","STEM","math02","Kinesthetic",4.33333333333333,1.17021271219618,0.707382803576537,0.591006333520189,2.5,0.855580693253752,0.931055325413668,0.407007242247793,3.33333333333333,-0.381659971407452,-0.490196818414496,-1.47283675635336,2,-3.62744619082822,-2.16915637098746,-1.1671353881613,3.16666666666667,0.475516119452045,0.270522362238216,0.219461742336995,2.71428571428571,-1.04750623968219,-0.653433458342185,-0.315166120063257,3.28571428571429,-0.827560920484793,-0.44779002672358,-0.266284048847672,3.57142857142857,0.218667226225076,0.0858300387193264,0.0827722446096712,2.57142857142857,-0.755903964780166,-0.381354689502187,-0.305591561636232,3.28571428571429,-0.190219211661009,-0.213540461311103,-0.0298209613772382,3.71428571428571,0.868662237395762,0.742007803424892,0.440976298296496,1.66666666666667,-1.47836482899408,-1.03017210689419,-0.600255690956911,3,-0.0487548449240131,-0.0622943890997189,-0.00699482262527438,1.25,-1.19656548524939,-0.649263470838488,-0.297418822153198
"353",353,"female","white","yr2","STEM","math03","Visual",5,2.14245548464502,1.47441255690006,1.14164342203661,2.5,0.832387676792853,0.499457915988946,0.386457782303757,4.33333333333333,0.260160842937937,-0.394517613489729,0.00530934509606285,1.8,-4.01224229964901,-2.66776758933236,-1.07542447683006,1,-3.79697930082548,-2.34728064926384,-1.73764345979917,1.57142857142857,-3.81157935685045,-2.11011647097991,-1.40122327356883,1.71428571428571,-4.57555670351294,-2.8626759600861,-1.50357947542707,1,-6.13187701295069,-3.63354608456978,-2.08467369991728,1.28571428571429,-3.55396231129262,-1.76437887266746,-1.32894472813781,1.28571428571429,-4.9370492090809,-3.05765895072715,-1.99132826980993,1.42857142857143,-4.18219445906637,-2.58440311149065,-1.59300694491595,1.66666666666667,-1.52446825371337,-0.996890466312252,-0.679056384033712,3.33333333333333,0.616731817510375,0.343574836846872,0.203189205202321,1.5,-0.619486307717012,-0.512652640687681,-0.191071487197587
"354",354,"male","white","yr3","Business","math03","Kinesthetic",3,-0.734634652699772,-0.489183778497188,-0.411766583811161,3,1.75054076855521,1.08331099389992,0.779077529634855,3,0.0371102941565809,0.180149887204485,0.216038580679579,3,-0.696168605977766,-0.314361307404878,-0.255894690265229,3,0.0958063415389203,0.119062499372324,0.0407996177141286,3,-0.657878264118997,-0.307747691277502,-0.279546433933169,3,-1.50464408453354,-0.936700316326251,-0.481717415392091,3,-1.19521793447544,-0.675355657478984,-0.411400972662834,3,0.193256545329035,0.132147891150883,0.0631382206629184,3,-0.99242688860333,-0.550449613348739,-0.416589525753715,3,-0.692687153800795,-0.324309887974433,-0.214465075211061,2,-0.831501585872319,-0.591434741262175,-0.348936508282686,2,-2.08839911380415,-1.4142525501993,-0.687560328193648,2,0.569041803543553,0.442695658876479,0.180606016138814
"355",355,"female","white","yr1","Business","math03","Visual",4,0.710140718174002,0.304272391931583,0.376241401080745,2.75,1.24356859115033,0.762490358043309,0.598965095066179,3.33333333333333,0.557919950684978,0.273734837412108,-0.106878560621431,3.6,0.994493920451589,0.756994012171781,0.228552256212763,2,-1.79646132650473,-1.16940504577578,-0.819306914867854,3.71428571428571,0.946314257397942,0.670157633046286,0.287985007721649,3.85714285714286,0.500432916251646,0.281137361682383,0.13782122076556,3.42857142857143,-0.112030700820178,-0.208397474720468,-0.0410916442335023,2.42857142857143,-1.07335565522461,-0.575158709915341,-0.382442420816121,2.57142857142857,-1.76846115254904,-1.31561132624019,-0.583997289383913,3.14285714285714,-0.410439685214738,-0.24984385319755,-0.0931072657926206,1.66666666666667,-1.48257571568468,-1.24026549884322,-0.60020447513276,2.66666666666667,-0.743392790592552,-0.337486509058984,-0.284235258410882,1,-1.67193309805374,-0.844137146503784,-0.357745495736532
"356",356,"female","white","yr5+","Business","math03","Kinesthetic",4.33333333333333,1.2098508921979,1.04487572814986,0.689507593221686,2,-0.0933745489098934,-0.171279899893159,0.000300086824908674,3,-0.902469627935849,-0.583781768622119,-1.14991961505235,3.3,0.140231008252116,0.210676418957103,-0.0640459380356682,2.33333333333333,-1.1163510020537,-0.828628900721801,-0.505888124907687,3.14285714285714,-0.267585449117053,-0.0467374780953742,-0.077850893913615,3.14285714285714,-1.10508593559602,-0.468999485240244,-0.439734236689278,3.28571428571429,-0.424590692225074,-0.279647927104655,-0.113130167949931,2.28571428571429,-1.40061207494269,-0.782510583139526,-0.620174261362177,3,-1.02771577723103,-0.552877573711649,-0.475855005361943,3,-0.701808087787158,-0.557871213437317,-0.287819030218249,1,-2.82240562664749,-2.08445858952531,-1.18164353355801,2.33333333333333,-1.42291245136976,-1.00838332425271,-0.477376300366052,1.25,-1.19656548524939,-0.649263470838488,-0.297418822153198
"357",357,"female","white","yr1","Business","math02","Kinesthetic",1.66666666666667,-2.66241625869728,-1.76032582422265,-1.46944162197727,1.25,-1.3433857020242,-0.691908351040515,-0.612723918768418,3.33333333333333,2.43707979486984,1.80159814906531,2.62503783084242,3.2,0.142794050500967,-0.00326081164093985,0.199531123425116,3.5,1.10604114007689,0.635366707657504,0.499314451214497,5,3.92602569497344,2.35757411541285,1.45039537239774,5,3.31150917686338,1.92132264130113,1.09454554129571,5,3.74144114399981,2.28283476961181,1.26187175459162,4.71428571428571,3.98084546934626,1.80431882285774,1.474617249023,5,3.63024410131203,2.35278064546,1.38533618864896,5,3.73794706238797,2.23668202166913,1.38459868253754,4,3.15030649567803,2.3946129552641,1.31647754226797,3.33333333333333,0.601613532619042,0.73927953208133,0.119089811371883,2.25,1.17249785313959,0.734407784163974,0.268831212554292
"358",358,"female","other","yr3","STEM","math02","Visual",5,2.14245548464502,1.47441255690006,1.14164342203661,3.25,2.16933081685308,1.43322817392541,0.985122790545028,2.66666666666667,-2.36285920655668,-1.44129837465635,-2.19296066948326,2.2,-3.12890106313205,-1.74154425222165,-1.06204416909273,2,-1.80432108246646,-1.21976723607283,-0.81840909139863,2,-2.7751757490705,-1.61013185116939,-1.01917500824958,3.42857142857143,-0.501682979084885,-0.144233759215903,-0.187967966644566,2.85714285714286,-1.45167579820331,-1.20884977525191,-0.49319035958819,2.85714285714286,-0.00720802175276905,-0.227562988216393,0.0991711806605244,2.42857142857143,-2.49791434375914,-1.25414397671225,-1.10820064187437,1.71428571428571,-3.54131614934977,-2.11125373270531,-1.28686193151413,2,-0.831501585872319,-0.591434741262175,-0.348936508282686,3,-0.0627878432668317,-0.327321978346853,0.0100481632471516,1.75,-0.245830259640692,-0.259516119507896,-0.17676547498653
"359",359,"female","white","yr5+","Health","stats","Kinesthetic",2.66666666666667,-1.19470664672195,-0.892294190142142,-0.626531516250605,1.5,-0.932204787666722,-0.428875908986152,-0.400216606005996,3.33333333333333,0.567405834111292,0.563162842476358,1.79954929992076,3.2,-0.0171787217173428,-0.210468408133075,-0.0795444220013291,1.83333333333333,-2.09142304853092,-1.40789810771131,-0.950090079290926,3.42857142857143,0.619012226280224,0.133846788927836,0.323452198782613,2.71428571428571,-2.20490222998916,-1.07295227023324,-0.752665013032948,3,-1.10705352669729,-0.797796138248843,-0.366499161747651,2.57142857142857,-0.507592683548474,-0.562424061143843,-0.0807102199918649,2,-3.16054158998204,-1.99368209430456,-1.12226762750459,2.14285714285714,-2.580395909616,-1.76362731602839,-1.10957692004155,2,-0.835712472562919,-0.801528133211202,-0.348885292458535,4,1.99088942395612,1.28966377199986,0.673570682943099,1,-1.67193309805374,-0.844137146503784,-0.357745495736532
"360",360,"male","white","yr3","STEM","math03","Kinesthetic",4.66666666666667,1.67615318842146,1.25964414252496,0.915575507629149,2.25,0.428998703695625,0.408781809661377,0.187456225439477,4,1.60902514716809,0.750332742891604,1.15371501731874,4.8,4.54888799222169,2.93746184485124,1.39629810535677,2.16666666666667,-1.46393201474023,-1.11520243906679,-0.659656932840829,3.42857142857143,0.492962573684333,0.269313955475553,0.222249467863056,3.85714285714286,0.62226419101264,0.129868683238721,0.251304938164201,3.42857142857143,-0.0852203015763747,-0.0537409456236593,-0.0146674898688506,2.57142857142857,-0.842358886497411,-0.684698048684119,-0.338739910584013,3.14285714285714,-0.56484528122188,-0.503709600662479,-0.175876240959381,2.14285714285714,-2.58974577561859,-1.43066597636859,-1.01772680517091,2.33333333333333,-0.230741767469851,-0.119415735048218,-0.176418018685263,3.33333333333333,0.616731817510375,0.343574836846872,0.203189205202321,1.25,-1.19656548524939,-0.649263470838488,-0.297418822153198
"361",361,"male","Black","yr1","Other","math02","Auditory",3.33333333333333,-0.245398115374665,-0.199839900470353,-0.13079654856894,3.75,3.05561442337293,2.02630905315419,1.39519676652417,1.33333333333333,-1.65581571667192,-0.392127223199779,-2.52270109871001,3,-0.696168605977766,-0.314361307404878,-0.255894690265229,3.83333333333333,1.63977571195797,1.26773834328926,0.737374534780546,5,3.92602569497344,2.35757411541285,1.45039537239774,5,3.31150917686338,1.92132264130113,1.09454554129571,5,3.74144114399981,2.28283476961181,1.26187175459162,4.71428571428571,3.90716111320477,2.06567386649342,1.34246690552076,4.42857142857143,2.31077859096896,1.60133460671196,0.835658926165934,5,3.73794706238797,2.23668202166913,1.38459868253754,2,-0.831501585872319,-0.591434741262175,-0.348936508282686,2,-2.08839911380415,-1.4142525501993,-0.687560328193648,2,0.569041803543553,0.442695658876479,0.180606016138814
"362",362,"female","Black","yr2","Health","math02","Kinesthetic",3,-0.734634652699772,-0.489183778497188,-0.411766583811161,1,-1.79422804288445,-1.11806932750387,-0.821282758780936,2.33333333333333,-2.88366886308507,-1.53488332486397,-1.87004352818225,4.3,3.18983417091863,1.85307155599557,1.08197838746593,3,0.0958063415389203,0.119062499372324,0.0407996177141286,1.57142857142857,-4.1729911296109,-2.1593633269292,-1.71487336598288,3,-1.50464408453354,-0.936700316326251,-0.481717415392091,3,-1.19521793447544,-0.675355657478984,-0.411400972662834,3,0.193256545329035,0.132147891150883,0.0631382206629184,1.71428571428571,-3.88046421291588,-2.56143680321758,-1.52987965581029,3,-0.692687153800795,-0.324309887974433,-0.214465075211061,1.66666666666667,-1.48257571568468,-1.24026549884322,-0.60020447513276,3,-0.0487548449240131,-0.0622943890997189,-0.00699482262527438,2,0.569041803543553,0.442695658876479,0.180606016138814
"363",363,"female","white","yr1","Health","stats","Kinesthetic",4.33333333333333,1.19314695329773,0.781958267228272,0.645908454354947,3.25,2.1935911681552,1.33711563463647,0.974130613749231,3.33333333333333,-0.381659971407452,-0.490196818414496,-1.47283675635336,2.2,-3.02090429375352,-1.87981761914627,-0.982971273615653,1.5,-2.80542098355009,-1.82920418486597,-1.27979706434497,2.71428571428571,-1.01463095026208,-0.77695467630401,-0.316264449528194,3.28571428571429,-0.818755254082806,-0.407778365135874,-0.281006821993173,3.57142857142857,0.188264658615435,0.0414041137041736,0.0415228165103102,1.85714285714286,-2.50351221663557,-1.26630828580806,-0.990824427891991,2.42857142857143,-2.17681125513243,-1.39857160546884,-0.860202910487576,2.14285714285714,-2.58350188217822,-1.61009223223884,-0.959706052490181,3,1.15519156821226,0.691495715051936,0.48382173281679,4,1.99088942395612,1.28966377199986,0.673570682943099,1,-1.67193309805374,-0.844137146503784,-0.357745495736532
"364",364,"male","white","yr1","Other","math02","Kinesthetic",3.66666666666667,0.227134483050274,-0.173413483365107,0.106574347806543,1.5,-0.883866892382348,-0.70657258531969,-0.442168767347981,3.66666666666667,0.148635568547259,-0.107183863142622,0.110673962887821,2.3,-2.74947953225356,-1.81204842869599,-0.926449746171586,1.83333333333333,-2.22866390364653,-1.2094353576415,-1.02832192513101,1.71428571428571,-3.51497183301713,-2.05298156374478,-1.30428669708123,3.14285714285714,-1.14382859427556,-0.454787240741953,-0.447292237469579,2.71428571428571,-1.91271591624298,-0.801567018969835,-0.649377887140254,2.14285714285714,-1.99116719575046,-0.754210818867732,-1.01865198273414,2.28571428571429,-2.48249292054426,-1.59766117287423,-0.895080657158131,2.85714285714286,-1.00433210923925,-0.698726705734843,-0.495625120583127,2,-0.831501585872319,-0.591434741262175,-0.348936508282686,2.33333333333333,-1.42291245136976,-1.00838332425271,-0.477376300366052,1,-1.67193309805374,-0.844137146503784,-0.357745495736532
"365",365,"female","Black","yr3","Health","stats","Visual",2.33333333333333,-1.69017348624844,-0.993296070899123,-0.918804533460845,1.75,-0.472685978024866,-0.443540143265327,-0.229661454585559,3.66666666666667,-0.790944353545171,-0.871115518969226,-1.2552842328441,3,-0.696168605977766,-0.314361307404878,-0.255894690265229,3,0.0958063415389203,0.119062499372324,0.0407996177141286,2,-2.94983024366521,-1.64040859462268,-1.14451733709862,4,0.90343254616492,0.49231116248744,0.30641406295181,2,-3.66354747371307,-2.15445087102438,-1.24803733629006,2.57142857142857,-0.645272827389251,-0.451733976415553,-0.137573704976292,2,-3.30376238356101,-2.00206474275311,-1.31755238295505,3,-0.692687153800795,-0.324309887974433,-0.214465075211061,2.66666666666667,0.508328325090495,0.252758349419919,0.232502550142566,2.66666666666667,-0.743392790592552,-0.337486509058984,-0.284235258410882,2,0.569041803543553,0.442695658876479,0.180606016138814
"366",366,"male","white","yr3","Business","math01","Auditory",2.33333333333333,-1.69640378844982,-0.804954073629269,-0.930107515428864,2.25,0.421206762435371,0.236425473934583,0.173950469541335,3.66666666666667,2.95788945139823,1.89518309927294,2.30212068954141,3,-0.696168605977766,-0.314361307404878,-0.255894690265229,3,0.0958063415389203,0.119062499372324,0.0407996177141286,2.85714285714286,-0.993514845336607,-0.408667309937267,-0.425619658665252,3,-1.50464408453354,-0.936700316326251,-0.481717415392091,3,-1.19521793447544,-0.675355657478984,-0.411400972662834,3,-0.0702638182425947,0.027956017683441,-0.216705564726042,3,-0.99242688860333,-0.550449613348739,-0.416589525753715,2.85714285714286,-0.998705176841781,-0.546078498995621,-0.346051754065226,3,1.15940245490286,0.901589107000962,0.48377051699264,3.66666666666667,1.31136976317891,0.618766956806137,0.480429640987929,3.75,4.44353911507603,2.46113647228658,1.08053135749137
"367",367,"female","white","yr3","Other","math02","Visual",4.33333333333333,1.19314695329773,0.781958267228272,0.645908454354947,2.25,0.428998703695625,0.408781809661377,0.187456225439477,3,0.967204332822696,0.654653537966838,-0.324431084130683,3.3,0.355504414858435,0.0157938202506432,0.221035448982204,5,3.98859198390332,2.58540564800849,1.81924269522743,4,1.63407371542722,1.02491321206767,0.585424469232283,3,-1.47122575136613,-0.756263166216748,-0.49956945094587,4,1.27311160476219,0.803739556066415,0.425235390964391,2.14285714285714,-1.67386693245969,-0.917921691664922,-0.607684843663366,4,1.31890860635435,0.90116551605563,0.48437333144762,3.85714285714286,1.20605250627812,0.531334616269139,0.442122891207945,1.66666666666667,-1.47836482899408,-1.03017210689419,-0.600255690956911,2.66666666666667,-0.743392790592552,-0.337486509058984,-0.284235258410882,1,-1.67193309805374,-0.844137146503784,-0.357745495736532
"368",368,"female","white","yr2","Health","stats","Visual",5,2.14245548464502,1.47441255690006,1.14164342203661,3.25,2.13746133161057,1.44245597524322,1.00257701919307,3.33333333333333,0.557919950684978,0.273734837412108,-0.106878560621431,2.9,-0.76138515181269,-0.611212113082595,-0.0610143900607983,1.66666666666667,-2.53485476222045,-1.56474528456392,-1.16743779795062,2.57142857142857,-1.39931579133456,-1.05859907147825,-0.464762808884751,5,3.31150917686338,1.92132264130113,1.09454554129571,2.71428571428571,-1.91318072616674,-1.02859343994975,-0.648419809179,1.57142857142857,-2.88771652227199,-1.45855904117247,-0.98680057860824,2.42857142857143,-2.26323477122563,-1.54449082214883,-0.950861584872972,2.42857142857143,-1.90558585226409,-1.55368615892961,-0.911699231344828,2.33333333333333,-0.184638342750558,-0.152697375630158,-0.0976173256084611,4,1.99088942395612,1.28966377199986,0.673570682943099,1.5,-0.619486307717012,-0.512652640687681,-0.191071487197587
"369",369,"female","white","yr3","Health","stats","Visual",3.33333333333333,-0.245398115374665,-0.199839900470353,-0.13079654856894,1.5,-0.883866892382348,-0.70657258531969,-0.442168767347981,3.66666666666667,1.08821549063969,0.656747792683981,1.47663215861975,3.9,2.0211494710481,1.2579885942879,0.617362796904536,2.5,-0.765703065581149,-0.779485456434304,-0.333831581275326,4,1.63407371542722,1.02491321206767,0.585424469232283,4.14285714285714,1.21453789359475,0.800529735650164,0.38380396166522,4,1.23165640212282,0.754969179904096,0.391550122994304,2.42857142857143,-0.858736684968818,-0.892902189180252,-0.124244521585369,3.57142857142857,0.332513734511266,0.220665332612806,0.150409238887054,2.42857142857143,-1.94142575825594,-1.40731616457515,-0.929919960146769,1.66666666666667,-1.48257571568468,-1.24026549884322,-0.60020447513276,4,1.99088942395612,1.28966377199986,0.673570682943099,1.25,-1.19656548524939,-0.649263470838488,-0.297418822153198
"370",370,"female","Black","yr1","Other","math02","Auditory",4.33333333333333,1.2098508921979,1.04487572814986,0.689507593221686,3.5,2.58830367247082,1.86861695170657,1.21113585920559,2,-1.54429044228124,-0.679460973546886,-2.62806571650176,4.4,3.66600209142158,2.22035145148776,1.223906829059,2,-1.72663848010814,-1.32929914907179,-0.772914022704399,2,-2.7964663324362,-1.69250610112061,-0.994385312728582,2.28571428571429,-3.32044799101153,-1.95478473840604,-1.11202371611938,3,-1.19521793447544,-0.675355657478984,-0.411400972662834,1.57142857142857,-2.91137094744635,-1.34928818901558,-1.06047979208273,3,-0.99242688860333,-0.550449613348739,-0.416589525753715,2.85714285714286,-0.948150861669732,-0.693865574455853,-0.369320599312415,1,-2.82240562664749,-2.08445858952531,-1.18164353355801,2.33333333333333,-1.40779416647843,-1.40408801948717,-0.393276906535614,3,2.81401314720692,1.99304113631967,0.807510013996818
"371",371,"female","white","yr2","Other","other","Kinesthetic",4,0.703910415972623,0.492614389201437,0.364938419112726,2,-0.0218436371646205,-0.0173791668019752,-0.0211026145730408,2.33333333333333,-0.0839008636604121,0.178055632487341,-1.58502466207085,3.7,1.50059872833691,0.817738947216513,0.497371956146741,2,-1.77997505570656,-1.23059778836742,-0.805662473796892,2,-2.76572028988455,-1.68678621751784,-0.981923389886571,3.57142857142857,-0.0689866583464648,-0.00898559591108373,-0.0313179374702803,2.85714285714286,-1.52997283981029,-1.08637898781704,-0.549132057279463,2.42857142857143,-1.13909016701017,-0.538215559660746,-0.499344147498444,2.42857142857143,-2.1272414832721,-1.4647171696374,-0.757924853797117,1.57142857142857,-3.86761072525679,-2.39941180124714,-1.50489689131473,1,-2.82240562664749,-2.08445858952531,-1.18164353355801,3.33333333333333,0.616731817510375,0.343574836846872,0.203189205202321,1.5,-0.615489865650935,-0.249139968624752,-0.102519001214931
"372",372,"male","white","yr3","Business","math02","Kinesthetic",4,0.687206477072454,0.229696928279847,0.321339280245987,1.25,-1.35117764328446,-0.864264686767308,-0.62622967466656,2.66666666666667,1.37648871496041,1.03557223852157,-0.541983607639936,3.2,-0.151215618615871,-0.0597200110820134,-0.140371510473607,4.83333333333333,3.69278648550739,2.33418439577715,1.68606396535215,4.28571428571429,2.39726906261369,1.40631238102977,0.911238647361924,4.42857142857143,1.98195551553131,1.08392755061759,0.660549545798594,4.71428571428571,3.11569973837627,1.92395232326945,1.08362192476409,4.14285714285714,2.78344966035661,1.40049102960224,1.14073298103837,4.57142857142857,2.68950874416292,1.79610281112075,1.06544378870781,5,3.73794706238797,2.23668202166913,1.38459868253754,2.33333333333333,-0.184638342750558,-0.152697375630158,-0.0976173256084611,3,-0.0627878432668317,-0.327321978346853,0.0100481632471516,1,-1.67193309805374,-0.844137146503784,-0.357745495736532
"373",373,"male","white","yr2","STEM","math03","Visual",3,-0.734634652699772,-0.489183778497188,-0.411766583811161,1.25,-1.35117764328446,-0.864264686767308,-0.62622967466656,3.66666666666667,1.08821549063969,0.656747792683981,1.47663215861975,2.4,-2.6828796542074,-1.31443057245319,-0.991914325408813,3,0.0958063415389203,0.119062499372324,0.0407996177141286,3,-0.657878264118997,-0.307747691277502,-0.279546433933169,3.71428571428571,0.254565529008534,-0.00612870433782725,0.136252843908132,2.71428571428571,-1.88756522949066,-0.942287749476752,-0.636356978800351,3.28571428571429,0.930025265743567,0.340049731637334,0.454389546417689,3,-0.99242688860333,-0.550449613348739,-0.416589525753715,3.71428571428571,0.898374212113721,0.598457834288336,0.363920269719322,2.33333333333333,-0.180427456059958,0.0573960163188686,-0.0976685414326116,2.33333333333333,-1.42291245136976,-1.00838332425271,-0.477376300366052,2.25,1.0444094163479,0.637569334541775,0.240932689722148
"374",374,"female","white","yr2","Other","stats","Visual",4,0.74354859597434,0.830107313774762,0.463439678814223,2.75,1.29863109285374,1.18485996615023,0.602060326362169,3.66666666666667,-0.790944353545171,-0.871115518969226,-1.2552842328441,2.1,-3.1659273674699,-1.98360826105538,-0.945686292848077,2.66666666666667,-0.446219351426752,-0.407448205455662,-0.191991760953751,3.57142857142857,0.714066698223677,0.098964884750564,0.266638961279181,4.14285714285714,1.28550247989716,0.755106544135682,0.441050853218633,3.71428571428571,0.70338826342436,0.5755887252122,0.300297819614873,3,0.115939696684047,0.16552796654005,0.00787462794586334,4.14285714285714,1.64434626777034,1.05135046614307,0.579585157358153,4.28571428571429,2.14067220935022,1.19371241162166,0.782590774881002,2.33333333333333,-0.184638342750558,-0.152697375630158,-0.0976173256084611,3.66666666666667,1.29625147828758,1.0144716520406,0.396330247157491,1.25,-1.19656548524939,-0.649263470838488,-0.297418822153198
"375",375,"female","white","yr3","STEM","math04","Kinesthetic",4,0.687206477072454,0.229696928279847,0.321339280245987,2,-0.109842958951758,0.0971889751225741,0.0247980195188479,3.33333333333333,1.49749987277741,1.03766649323871,1.25907963511049,4,2.19438985646845,1.43849232809419,0.60583587878514,1.83333333333333,-2.10555968048114,-1.43735362206334,-0.955209592245092,2.71428571428571,-0.986873273772908,-0.678604149740765,-0.289049619382717,3,-1.44804979159764,-0.849187506234887,-0.469381373965025,2.85714285714286,-1.45065460289741,-0.878607631410743,-0.496586795073998,2.42857142857143,-1.18822028524802,-0.476909842972908,-0.642695804817797,3.71428571428571,0.858641876906097,0.443659039443324,0.421613933294837,2.14285714285714,-2.61234414581285,-1.63970438898181,-1.00267770818367,2.33333333333333,-0.184638342750558,-0.152697375630158,-0.0976173256084611,2.33333333333333,-1.39376116813561,-1.13906043024003,-0.41031989240804,3.75,4.57562399393379,2.82148759397171,1.19698236630617
"376",376,"male","white","yr1","Business","math02","Visual",3,-0.734634652699772,-0.489183778497188,-0.411766583811161,3,1.75054076855521,1.08331099389992,0.779077529634855,3,0.0371102941565809,0.180149887204485,0.216038580679579,2.9,-1.15241636954176,-0.65527384696265,-0.492738528121363,3,0.0958063415389203,0.119062499372324,0.0407996177141286,3,-0.657878264118997,-0.307747691277502,-0.279546433933169,3,-1.50464408453354,-0.936700316326251,-0.481717415392091,3,-1.19521793447544,-0.675355657478984,-0.411400972662834,3,0.193256545329035,0.132147891150883,0.0631382206629184,3,-0.99242688860333,-0.550449613348739,-0.416589525753715,3,-0.692687153800795,-0.324309887974433,-0.214465075211061,2,-0.831501585872319,-0.591434741262175,-0.348936508282686,2,-2.08839911380415,-1.4142525501993,-0.687560328193648,2,0.569041803543553,0.442695658876479,0.180606016138814
"377",377,"female","white","yr5+","STEM","other","Kinesthetic",3.66666666666667,0.243838421950443,0.0895039775564828,0.150173486673282,2,-0.0218436371646205,-0.0173791668019752,-0.0211026145730408,3,-0.911955511362164,-0.873209773686369,-3.05634747559453,4,2.22194812050106,1.46303598975198,0.644759526732645,3.16666666666667,0.536585959580519,0.0626731644212711,0.258679612090486,3,-0.393555849927601,-0.391375090405397,-0.0764242060560914,3.42857142857143,-0.413832170728202,-0.0241788843471948,-0.157684012345578,3.57142857142857,0.2203440330884,0.129960872511621,0.0788023897503076,3.14285714285714,0.308488871303546,0.211635894115496,-0.0685321258150469,2.85714285714286,-1.19637007950826,-0.845136027435968,-0.424119133177782,2,-2.88245747415035,-1.92300132624465,-1.09440814671356,1.66666666666667,-1.52867914040397,-1.20698385826128,-0.679005168209562,4,1.99088942395612,1.28966377199986,0.673570682943099,2.5,1.59111527975055,0.355566197492965,0.276849677235236
"378",378,"female","other","yr1","Other","math01","Auditory",4,0.710140718174002,0.304272391931583,0.376241401080745,1.25,-1.38304712852697,-0.855036885449504,-0.608775446018514,3.66666666666667,1.08821549063969,0.656747792683981,1.47663215861975,3.6,1.26853682723685,0.673070429337856,0.465225323189128,1.83333333333333,-2.11510126428938,-1.52871410645862,-0.958751169737229,2.14285714285714,-2.40837742396329,-1.48186275681619,-0.840118052367003,2.71428571428571,-1.9854887183869,-1.45195713793633,-0.597729074249928,1.85714285714286,-3.86751459414369,-2.38358373567639,-1.28633251449049,2.42857142857143,-0.964813874696393,-0.346533471603479,-0.288275371368524,2.71428571428571,-1.45535815504504,-1.09334578456815,-0.551248299450055,2.85714285714286,-1.04027833821815,-0.713558869272781,-0.348901948556805,2,-0.831501585872319,-0.591434741262175,-0.348936508282686,2.33333333333333,-1.42291245136976,-1.00838332425271,-0.477376300366052,1,-1.67193309805374,-0.844137146503784,-0.357745495736532
"379",379,"female","white","yr3","STEM","math02","Visual",3.66666666666667,0.243838421950443,0.0895039775564828,0.150173486673282,2,0.0188851241793628,-0.381960581106649,-0.0565927240627773,3.66666666666667,-0.790944353545171,-0.871115518969226,-1.2552842328441,5,5.14006484697988,3.24043328690884,1.54541374373052,3.66666666666667,1.46164133710869,0.822233692876909,0.673686366820005,3,-0.610200051450977,-0.379454627900045,-0.27838654745964,4.42857142857143,1.95353967609152,1.18230344073641,0.636983405970786,3.28571428571429,-0.507674804765622,-0.115297374211939,-0.198258463361916,4.28571428571429,2.86768446395282,1.50409402783209,0.895769753897872,4,1.54130130265798,0.928576722533895,0.701250020290404,4.14285714285714,1.81543684785412,1.23373494118125,0.717781846682804,3.33333333333333,1.80626569802462,1.34032647263298,0.735089699666865,4,1.99088942395612,1.28966377199986,0.673570682943099,3,2.81001670514085,1.72952846425674,0.718957528014161
"380",380,"female","Asian","yr1","Business","math03","Visual",3.66666666666667,0.237608119749063,0.277845974826337,0.138870504705263,1.75,-0.496946329326985,-0.347427603976387,-0.218669277789762,3.66666666666667,-0.790944353545171,-0.871115518969226,-1.2552842328441,2.6,-1.82469122758999,-1.19287566843067,-0.626708624677408,2.16666666666667,-1.44979538279001,-1.08574692471476,-0.654537419886663,3.57142857142857,0.955064508835793,0.256395999678264,0.490047231823184,3.85714285714286,0.586964201465099,0.314426265687751,0.172438036118428,3.85714285714286,0.997966932078888,0.413217237134857,0.355641838560481,1.71428571428571,-2.67636941100867,-1.00345603839324,-1.04624752567003,3.71428571428571,0.921392850610774,0.433187076621833,0.424120329610678,2.71428571428571,-1.31743333048679,-0.867535078661209,-0.530806677892776,1.33333333333333,-2.12943895880644,-1.67900286447524,-0.851523657806985,3.66666666666667,1.29625147828758,1.0144716520406,0.396330247157491,1.5,-0.721197872445042,-0.454389795173192,-0.237092148569864
"381",381,"female","white","yr1","Business","math03","Kinesthetic",4.33333333333333,1.19314695329773,0.781958267228272,0.645908454354947,1.75,-0.52102387330924,-0.165843466931789,-0.187709293243574,3,-0.902469627935849,-0.583781768622119,-1.14991961505235,3,-0.686506625190028,-0.452820874363646,-0.289489680860242,1.83333333333333,-2.13848274814084,-1.33010342295197,-0.976821193960028,2.57142857142857,-1.81435479236988,-0.85752643046125,-0.792303244778898,2.57142857142857,-2.43451745769103,-1.69101069786368,-0.785196012797794,2.71428571428571,-1.86241454273834,-1.08300847998367,-0.623336070460448,1.85714285714286,-2.10886771524626,-1.17832949878373,-0.552326739645638,2,-3.32351837956517,-1.95316012543515,-1.37788646219503,2.42857142857143,-1.98877015338752,-1.03474336192612,-0.711614071924918,1,-2.82240562664749,-2.08445858952531,-1.18164353355801,3.33333333333333,0.630764815853194,0.608602426094005,0.186146219329896,2.25,1.11974410901228,0.424205193890598,0.305075489634558
"382",382,"female","white","yr1","STEM","stats","Kinesthetic",3,-0.734634652699772,-0.489183778497188,-0.411766583811161,3,1.75054076855521,1.08331099389992,0.779077529634855,3,-0.902469627935849,-0.583781768622119,-1.14991961505235,3,-0.696168605977766,-0.314361307404878,-0.255894690265229,3,0.0958063415389203,0.119062499372324,0.0407996177141286,3,-0.657878264118997,-0.307747691277502,-0.279546433933169,3,-1.50464408453354,-0.936700316326251,-0.481717415392091,3,-1.19521793447544,-0.675355657478984,-0.411400972662834,3,0.193256545329035,0.132147891150883,0.0631382206629184,3,-0.99242688860333,-0.550449613348739,-0.416589525753715,3,-0.692687153800795,-0.324309887974433,-0.214465075211061,2,-0.831501585872319,-0.591434741262175,-0.348936508282686,2.33333333333333,-1.39376116813561,-1.13906043024003,-0.41031989240804,3,2.81001670514085,1.72952846425674,0.718957528014161
"383",383,"female","white","yr2","STEM","math04","Auditory",4.66666666666667,1.67615318842146,1.25964414252496,0.915575507629149,1.25,-1.35117764328446,-0.864264686767308,-0.62622967466656,4,-0.24167704673783,0.0907534464311487,4.14108220748145,2.6,-1.96804691604597,-1.03742217382539,-0.687438344812811,4.16666666666667,2.3677837874957,1.55898990738632,1.07956827491898,4,1.64012510721274,1.01925989658903,0.616907186590275,3.14285714285714,-1.19177921996065,-0.608860353782168,-0.39614279846773,4.57142857142857,2.68578476852314,1.74782083945235,0.922420385135005,3.57142857142857,1.37954108521515,0.923824630414609,0.298730704550588,3.85714285714286,1.05622191864303,0.740508603146702,0.391667901852929,3.42857142857143,0.21109657143079,0.0685956103004268,0.0281972939144314,2.66666666666667,0.512539211781095,0.462851741368946,0.232451334318415,3.33333333333333,0.601613532619042,0.73927953208133,0.119089811371883,1,-1.67193309805374,-0.844137146503784,-0.357745495736532
"384",384,"female","white","yr1","Other","math02","Visual",4.66666666666667,1.65944924952129,0.996726681603372,0.87197636876241,1.5,-0.908127243684467,-0.61046004603075,-0.431176590552184,3.33333333333333,-0.372174087981137,-0.200768813350245,0.433591104188832,4.6,4.02623378514851,2.37810928235755,1.27382713969549,3.5,1.07087838801613,0.698331706361836,0.485001572097367,3.28571428571429,0.349644301419452,-0.0195264286998163,0.214456383780574,3.85714285714286,0.636474651745828,0.576967081005548,0.151179323000464,4.14285714285714,1.68569874178026,0.865265677989683,0.619866251233547,3,0.445429043986234,-0.30418758166445,0.332838582683243,4.14285714285714,1.74238613010272,1.04330646368448,0.641357033282222,3.28571428571429,-0.0748904383339002,-0.0798606487733679,-0.0229561223395738,2.33333333333333,-0.184638342750558,-0.152697375630158,-0.0976173256084611,3.33333333333333,0.616731817510375,0.343574836846872,0.203189205202321,1,-1.67193309805374,-0.844137146503784,-0.357745495736532
"385",385,"male","white","yr2","STEM","math02","Kinesthetic",3,-0.711700411598224,-0.414608314845453,-0.356864462976403,1.5,-0.939996728926976,-0.601232244712945,-0.413722361904138,3.66666666666667,0.148635568547259,-0.107183863142622,0.110673962887821,3.8,1.72006298115355,1.04657282675753,0.519437496609476,2.66666666666667,-0.454972357694867,-0.455403299976596,-0.199166783363715,3.28571428571429,0.11095277351503,0.046368570115283,0.0572286532459757,3.42857142857143,-0.473707133644921,-0.175465067852742,-0.176919406081591,3.57142857142857,0.251278379641275,0.0596843634412316,0.0734037190855905,3,0.0973691695451439,0.0426532003025286,-0.0834746026852501,3,-0.872490984479435,-0.509324187742602,-0.318410610595419,3,-0.67371236261869,-0.365867930310484,-0.196565783732248,3.33333333333333,1.80626569802462,1.34032647263298,0.735089699666865,3,-0.0487548449240131,-0.0622943890997189,-0.00699482262527438,1.75,-0.0384106881185559,-0.112529138473945,0.00382833374068003
"386",386,"male","white","yr1","STEM","math03","Kinesthetic",3.66666666666667,0.214673878647515,0.203270511174602,0.0839683838705046,1.25,-1.3433857020242,-0.691908351040515,-0.612723918768418,3.66666666666667,0.148635568547259,-0.107183863142622,0.110673962887821,4.6,4.06770010991039,2.42031287035148,1.30068215908543,3.5,1.12875481292691,0.568402575192756,0.513298948281862,3.57142857142857,1.0651614359379,0.433579676884818,0.539110675436685,4.71428571428571,2.67513079669338,1.65494150542855,0.872576234778827,5,3.74144114399981,2.28283476961181,1.26187175459162,3.28571428571429,1.07990367990174,0.565610954826477,0.411490910272395,4.42857142857143,2.66630621176593,1.52856279276502,1.17804975165232,2.14285714285714,-2.57625870023126,-1.79299727776301,-0.978441961035454,2,-0.831501585872319,-0.591434741262175,-0.348936508282686,3.33333333333333,0.630764815853194,0.608602426094005,0.186146219329896,1.25,-1.19656548524939,-0.649263470838488,-0.297418822153198
"387",387,"female","white","yr2","STEM","stats","Visual",2,-2.17317972137217,-1.47098194619581,-1.18847158673505,2,-0.0218436371646205,-0.0173791668019752,-0.0211026145730408,2.33333333333333,-0.0839008636604121,0.178055632487341,-1.58502466207085,3,-0.696168605977766,-0.314361307404878,-0.255894690265229,3,0.0958063415389203,0.119062499372324,0.0407996177141286,3,-0.657878264118997,-0.307747691277502,-0.279546433933169,3,-1.50464408453354,-0.936700316326251,-0.481717415392091,3,-1.19521793447544,-0.675355657478984,-0.411400972662834,3,0.193256545329035,0.132147891150883,0.0631382206629184,3,-0.99242688860333,-0.550449613348739,-0.416589525753715,3,-0.692687153800795,-0.324309887974433,-0.214465075211061,2,-0.831501585872319,-0.591434741262175,-0.348936508282686,2,-2.08839911380415,-1.4142525501993,-0.687560328193648,1.75,-0.0384106881185559,-0.112529138473945,0.00382833374068003
"388",388,"male","white","yr2","Other","math04","Kinesthetic",2.66666666666667,-1.20093694892333,-0.703952192872288,-0.637834498218624,1.25,-1.3433857020242,-0.691908351040515,-0.612723918768418,3.66666666666667,2.0183095293058,1.13125144344633,0.936162493809483,3.8,1.65907673213312,1.12487036926258,0.511912426850639,4.33333333333333,2.68630295874165,1.74324702715291,1.22673150186161,4.57142857142857,2.99793326577079,1.76071186758121,1.09562349423256,4.42857142857143,1.98175582298388,1.17277386351381,0.682255553471528,4.85714285714286,3.35060120535977,2.08280867885107,1.1165184322998,3.14285714285714,0.454929065986606,0.263995924810851,0.112286936929376,4.42857142857143,2.37568742898609,1.49195464189474,0.941345164335951,4,1.546759018188,0.706649314194576,0.473362626265794,1.66666666666667,-1.48257571568468,-1.24026549884322,-0.60020447513276,4,1.99088942395612,1.28966377199986,0.673570682943099,1.5,-0.619486307717012,-0.512652640687681,-0.191071487197587
"389",389,"male","Black","yr2","STEM","math03","Kinesthetic",3.33333333333333,-0.222463874273117,-0.125264436818617,-0.0758944277341815,1,-1.79422804288445,-1.11806932750387,-0.821282758780936,3,-0.902469627935849,-0.583781768622119,-1.14991961505235,4,2.22194812050106,1.46303598975198,0.644759526732645,3.83333333333333,1.74639366432519,1.10101282145907,0.796842426595505,3.14285714285714,-0.243401726343762,-0.251185533546842,-0.0993295915770576,4.14285714285714,1.27113120816903,0.628308550063989,0.421466157207879,3.57142857142857,0.309211805429506,0.0360545410554323,0.145511106157673,3,0.368728128799214,0.0618807267767239,0.239451002801735,3.71428571428571,0.65619900307336,0.461910193976637,0.260594542580723,3.14285714285714,-0.358865314398392,-0.362929473421907,-0.286422478441107,2,-0.831501585872319,-0.591434741262175,-0.348936508282686,3,-0.0487548449240131,-0.0622943890997189,-0.00699482262527438,1.25,-1.19656548524939,-0.649263470838488,-0.297418822153198
"390",390,"female","other","yr1","STEM","stats","Visual",4.66666666666667,1.65944924952129,0.996726681603372,0.87197636876241,2.25,0.421206762435371,0.236425473934583,0.173950469541335,3.33333333333333,1.49749987277741,1.03766649323871,1.25907963511049,2.7,-1.32835220761097,-0.992576483476746,-0.170768411471626,1.66666666666667,-2.48841339967532,-1.52602870435328,-1.13911493000997,2.57142857142857,-1.40495148178212,-1.03131616390894,-0.475723717934255,3.57142857142857,-0.166323428557368,-0.12360928229976,-0.0936202848263663,3.14285714285714,-0.907170112637275,-0.498249358825319,-0.33558367577575,4,2.4879975302202,0.860506984595657,0.94527259039621,3.28571428571429,-0.266584947902213,-0.327796007523736,-0.13886973755213,3.42857142857143,0.221751191434037,0.0568919743153034,0.0955882289924679,2.33333333333333,-0.184638342750558,-0.152697375630158,-0.0976173256084611,3.33333333333333,0.630764815853194,0.608602426094005,0.186146219329896,1.5,-0.619486307717012,-0.512652640687681,-0.191071487197587
"391",391,"female","white","yr2","Health","stats","Auditory",3.33333333333333,-0.262102054274834,-0.462757361391943,-0.174395687435678,2,-0.0537131224071297,-0.00815136548417046,-0.00364838592499508,3,0.976690216249011,0.944081543031088,1.5819967764115,4,2.22194812050106,1.46303598975198,0.644759526732645,2.66666666666667,-0.501188280935046,-0.364880424921445,-0.223502332580617,3.28571428571429,0.149879454720655,-0.0828059633251856,0.0876130411390308,4.28571428571429,1.5432922672248,0.993353354555519,0.488250559989112,3.57142857142857,0.309211805429506,0.0360545410554323,0.145511106157673,3.57142857142857,1.4777739322373,0.516143461828238,0.613167062730769,3.71428571428571,0.626579053683926,0.573718119156773,0.214173784018935,2.71428571428571,-1.3188510543372,-0.798876347865552,-0.562099662662014,1.66666666666667,-1.48257571568468,-1.24026549884322,-0.60020447513276,3,-0.0487548449240131,-0.0622943890997189,-0.00699482262527438,1,-1.67193309805374,-0.844137146503784,-0.357745495736532
"392",392,"female","white","yr1","Other","math03","Kinesthetic",3.33333333333333,-0.222463874273117,-0.125264436818617,-0.0758944277341815,1,-1.79422804288445,-1.11806932750387,-0.821282758780936,3,0.976690216249011,0.944081543031088,1.5819967764115,2.9,-0.795243267220522,-0.587924068003004,-0.101306954810823,1.16666666666667,-3.44868100320088,-2.20748894803267,-1.5741118442836,2.85714285714286,-0.629114706513683,-0.452051096948448,-0.126722473554661,3.85714285714286,0.645118318996636,0.510406778056697,0.21466480342938,3.85714285714286,0.914882819538341,0.577567790027573,0.270513543148496,2.28571428571429,-1.60240975687932,-0.555932515869075,-0.756253942847496,3.85714285714286,1.29375985463673,0.630118430646764,0.616429553286578,3.14285714285714,-0.379689263223565,-0.103393469122481,0.0763524434079093,2.33333333333333,-0.184638342750558,-0.152697375630158,-0.0976173256084611,3.66666666666667,1.32540276152173,0.883794546053271,0.463386655115504,1.5,-0.619486307717012,-0.512652640687681,-0.191071487197587
"393",393,"female","white","yr1","Health","stats","Visual",3.66666666666667,0.227134483050274,-0.173413483365107,0.106574347806543,1.75,-0.425232610261848,-0.108055273129544,-0.220104171437321,3,-0.902469627935849,-0.583781768622119,-1.14991961505235,2.3,-2.73306681691688,-1.63389234771265,-0.886142930062354,4,2.02890630714065,1.33550674963418,0.927297208968811,2.71428571428571,-1.16025049116938,-0.895964870939903,-0.389943380029728,3.85714285714286,0.535695212402934,0.291998056666132,0.160185876909849,2.85714285714286,-1.46291923486669,-0.700056495370289,-0.486010858046615,2.57142857142857,-0.966661717610452,-0.318877311410952,-0.518970440491028,3.57142857142857,0.350305692669707,0.365235695620119,0.103086695161548,2.14285714285714,-2.57635389526003,-1.57821080222086,-1.03447566251236,4,3.15030649567803,2.3946129552641,1.31647754226797,3.66666666666667,1.32540276152173,0.883794546053271,0.463386655115504,1.75,-0.144118694912662,-0.317778965022385,-0.130744813614253
"395",395,"female","white","yr2","STEM","math03","Auditory",4.33333333333333,1.17644301439756,0.519040806306683,0.602309315488208,2.75,1.21930823984822,0.858602897332248,0.609957271861977,3,0.967204332822696,0.654653537966838,-0.324431084130683,2.3,-2.67616173001651,-1.63523624333381,-0.782715689751027,1.83333333333333,-2.12990570724104,-1.42652306976874,-0.96795620984683,3.57142857142857,0.669183851887414,0.427984396111899,0.186707950867108,3.28571428571429,-0.817034408697624,-0.452472693999274,-0.303998195568112,3.14285714285714,-0.743041081672882,-0.501180150773473,-0.230196892936376,2.28571428571429,-1.3506660031955,-0.510077493019787,-0.561602971597797,3.71428571428571,0.73889979924893,0.497100592166723,0.318958237025235,2.28571428571429,-2.28505028139924,-1.35502511009389,-0.86139940960907,2,-0.831501585872319,-0.591434741262175,-0.348936508282686,3.66666666666667,1.29625147828758,1.0144716520406,0.396330247157491,1.75,-0.113745380782933,0.100835002177232,-0.06031446617173
"396",396,"female","other","yr1","STEM","stats","Kinesthetic",4.33333333333333,1.17644301439756,0.519040806306683,0.602309315488208,2,-0.0779734737092486,0.0879611738047693,0.00734379087080221,3.33333333333333,-0.381659971407452,-0.490196818414496,-1.47283675635336,3,-0.287736580784408,-0.620716206824652,0.298055371781099,1.33333333333333,-3.13100560832467,-2.03596001856189,-1.42934418279317,1.28571428571429,-4.58178044167132,-2.71666444550971,-1.73926360889892,1.42857142857143,-5.20701208041279,-3.19224619083974,-1.68148023308882,2,-3.5456607163216,-2.16427227367701,-1.20552241914148,2.28571428571429,-1.62977347133704,-1.07320393074378,-0.750338379202081,1.71428571428571,-3.83511356294566,-2.64872483669407,-1.46756227401367,2,-2.92042248369215,-1.25210233184512,-0.772367870488532,2.66666666666667,0.462224900371202,0.286039990001859,0.153701857065764,4,1.99088942395612,1.28966377199986,0.673570682943099,1.5,-0.487401428859252,-0.152301519002553,-0.0746204783827874
"397",397,"female","white","yr1","Business","math02","Visual",2.66666666666667,-1.17800270782178,-0.629376729220553,-0.582932377383866,1.5,-0.939996728926976,-0.601232244712945,-0.413722361904138,2.66666666666667,-0.493185245798131,-0.202863068067389,-1.3674721385616,3.7,1.55925486853272,0.911045448754044,0.689155271760805,3,0.0878971116405517,0.0838355951471952,0.0360201607563649,2.85714285714286,-1.09626499312692,-0.51868055992775,-0.502923668734739,3,-1.51000708180354,-0.806366639963217,-0.538303543512062,3.14285714285714,-0.741364274809558,-0.457049316981178,-0.234166747795739,2,-1.98148075715396,-0.866831326053505,-0.744875093513612,2.85714285714286,-1.30379531177852,-0.666793018918767,-0.591418875330637,4.42857142857143,2.47676946899813,1.46819901112971,1.00406258737395,2,-0.831501585872319,-0.591434741262175,-0.348936508282686,3.33333333333333,0.616731817510375,0.343574836846872,0.203189205202321,1,-1.67193309805374,-0.844137146503784,-0.357745495736532
"398",398,"female","Black","yr1","STEM","math02","Auditory",4.66666666666667,1.67615318842146,1.25964414252496,0.915575507629149,4.5,4.36068807819065,2.96930711240846,2.01131600341349,2,-2.47438448094735,-1.15396462430924,-2.0875960516915,3.6,0.883879180704976,0.551262195321743,0.0763938466805759,1.83333333333333,-2.07330442382287,-1.41295727013281,-0.93768351768559,1.85714285714286,-3.13251861499177,-1.81505531187104,-1.16098034576915,2.42857142857143,-2.91036451844308,-1.91863894282741,-0.9098361193881,2.57142857142857,-2.28179156213315,-1.39133950437949,-0.762826772338839,1.57142857142857,-2.87613418541256,-1.45499596630704,-1.04843871257351,2,-3.19038345507184,-2.05334314586036,-1.25237232555142,2,-2.90800426189518,-1.60480584279621,-1.01399695408536,1.66666666666667,-1.48257571568468,-1.24026549884322,-0.60020447513276,2,-2.08839911380415,-1.4142525501993,-0.687560328193648,1.75,-0.0120338160549029,0.0425721566627429,-0.0142938047994532
"399",399,"female","white","yr1","Business","math03","Visual",3.33333333333333,-0.245398115374665,-0.199839900470353,-0.13079654856894,1.75,-0.457284902824221,-0.184299069567398,-0.222617750539665,4,0.678931108501971,0.275829092129251,1.694184682129,3,-0.672608117325323,-0.453908145312937,-0.214892196439026,2.5,-0.906805146915893,-0.371456088674724,-0.427069447839844,3,-0.657878264118997,-0.307747691277502,-0.279546433933169,3,-1.50464408453354,-0.936700316326251,-0.481717415392091,3.28571428571429,-0.441068915373945,-0.207247728556537,-0.151552287051927,2.85714285714286,-0.0103694465003629,-0.0641259355892462,0.0161280133834851,2.85714285714286,-1.35120721932639,-0.699555456745944,-0.59051709016692,2.85714285714286,-0.993814218540187,-0.572004355957411,-0.297688474631404,2,-0.831501585872319,-0.591434741262175,-0.348936508282686,2,-2.08839911380415,-1.4142525501993,-0.687560328193648,2,0.569041803543553,0.442695658876479,0.180606016138814
"400",400,"male","white","yr2","Business","math03","Visual",2,-2.21281790137388,-1.80847487076914,-1.28697284643654,1.25,-1.32691729198234,-0.960377226056248,-0.637221851462357,3.33333333333333,1.49749987277741,1.03766649323871,1.25907963511049,2.9,-0.969696831839709,-0.501233413277461,-0.314896342612784,3.16666666666667,0.401153423743097,0.46164423599894,0.177519925081538,2.85714285714286,-0.859284554086736,-0.679028893528226,-0.306494462694651,3.71428571428571,0.38176292634285,0.185373635152872,0.133157627502646,4.57142857142857,2.62565985130019,1.59077583631996,0.883557850802252,2.85714285714286,-0.214333282079558,0.0628893581213564,-0.191094448979458,4,1.31890860635435,0.90116551605563,0.48437333144762,4.85714285714286,3.43316601231928,2.03801924239184,1.29992548162866,2,-0.831501585872319,-0.591434741262175,-0.348936508282686,2.66666666666667,-0.729359792249733,-0.0724589198118504,-0.301278244283308,1.25,-1.19656548524939,-0.649263470838488,-0.297418822153198
"401",401,"male","white","yr1","Health","math02","Kinesthetic",2.33333333333333,-1.69017348624844,-0.993296070899123,-0.918804533460845,1.75,-0.433024551522102,-0.280411608856338,-0.233609927335463,3,-0.902469627935849,-0.583781768622119,-1.14991961505235,3.1,-0.422640380115823,-0.127489201532295,-0.196893037917674,2.33333333333333,-1.23710558637114,-0.691358893243633,-0.570475529676812,2.42857142857143,-1.87057780976259,-1.14601072216667,-0.687041714221385,2.85714285714286,-1.8742253812794,-0.967436967021805,-0.66816229313212,3,-1.14085958268121,-0.840001301594559,-0.371491960209573,1.85714285714286,-2.28418868599138,-1.22050932422838,-0.800320919381729,3.14285714285714,-0.513904480223102,-0.454785322674933,-0.140006265070908,3.14285714285714,-0.373277250401249,-0.250086102805514,-0.0996272536983522,1.66666666666667,-1.47836482899408,-1.03017210689419,-0.600255690956911,2,-2.08839911380415,-1.4142525501993,-0.687560328193648,1.5,-0.509781858856829,-0.043890142076312,0.0320541461400026
"402",402,"female","white","yr2","STEM","math03","Kinesthetic",4.33333333333333,1.19314695329773,0.781958267228272,0.645908454354947,1.5,-0.939996728926976,-0.601232244712945,-0.413722361904138,2.66666666666667,-2.36285920655668,-1.44129837465635,-2.19296066948326,3.1,-0.253822737200766,-0.214918393496799,0.0378146918552947,2.16666666666667,-1.53357889576851,-0.810933594433069,-0.707739786707518,2.57142857142857,-1.86850009816138,-0.801795770450726,-0.845467656918906,2.28571428571429,-3.15258760685967,-2.0781736577274,-0.979665902359123,3,-1.31361120260141,-0.859232406941633,-0.479794452205566,2.71428571428571,-0.543484785631948,0.209315785875125,-0.355846148633328,3.28571428571429,-0.347914714939333,-0.247916563557718,-0.263641512798626,2.57142857142857,-1.59077499835909,-1.0011450372034,-0.55042736069573,1.66666666666667,-1.52446825371337,-0.996890466312252,-0.679056384033712,4,1.99088942395612,1.28966377199986,0.673570682943099,1.75,0.0183394980748264,0.46118612386236,0.0561365426430701
"403",403,"male","Asian","yr3","STEM","stats","Visual",1.33333333333333,-3.12871855492083,-1.97509423859775,-1.69550953638473,1,-1.79422804288445,-1.11806932750387,-0.821282758780936,3.33333333333333,0.557919950684978,0.273734837412108,-0.106878560621431,5,5.14006484697988,3.24043328690884,1.54541374373052,2.33333333333333,-1.17228447447044,-0.973841251399634,-0.532075289913492,3.57142857142857,1.07334207459188,0.298685259841575,0.557033140487729,4,1.02890909811405,0.728507830841539,0.326310220121264,4,1.36486818090618,0.5710684712149,0.484962475614283,3.14285714285714,0.705862613184074,-0.0776110611445946,0.198230947238999,4.42857142857143,2.66630621176593,1.52856279276502,1.17804975165232,2,-2.92027032721038,-1.9783112273351,-1.26075244054488,1.33333333333333,-2.12943895880644,-1.67900286447524,-0.851523657806985,2.66666666666667,-0.743392790592552,-0.337486509058984,-0.284235258410882,1.25,-1.19656548524939,-0.649263470838488,-0.297418822153198
"404",404,"female","white","yr1","Health","stats","Kinesthetic",3.33333333333333,-0.245398115374665,-0.199839900470353,-0.13079654856894,1.75,-0.433024551522102,-0.280411608856338,-0.233609927335463,3.33333333333333,-0.372174087981137,-0.200768813350245,0.433591104188832,3.2,-0.0154609847254755,-0.118081582355522,0.0713302416154273,2.5,-0.835349946609427,-0.475216611800586,-0.381914435142016,3.14285714285714,-0.204059343800177,-0.358730474896648,-0.0484233953755148,4.14285714285714,1.24099452334405,0.771378769046207,0.420891390955011,4.14285714285714,1.59683096943915,0.959172009445871,0.553157534826181,3.28571428571429,1.07539339254173,0.256842289734609,0.626016249097416,3.14285714285714,-0.548999542384069,-0.362646304708307,-0.203748525790443,3.28571428571429,-0.0460481746992696,-0.0502484920304041,0.0200155333539185,1.66666666666667,-1.47836482899408,-1.03017210689419,-0.600255690956911,4,1.99088942395612,1.28966377199986,0.673570682943099,1,-1.67193309805374,-0.844137146503784,-0.357745495736532
"405",405,"female","white","yr1","Other","math01","Kinesthetic",3.33333333333333,-0.245398115374665,-0.199839900470353,-0.13079654856894,1.5,-0.908127243684467,-0.61046004603075,-0.431176590552184,3,-1.83256366660196,-1.05828541938447,-0.609449950242083,1.8,-4.01224229964901,-2.66776758933236,-1.07542447683006,3.16666666666667,0.461258720963129,0.0660149069699446,0.22206120145609,3.42857142857143,0.610676396155789,0.098008784200573,0.373198508510627,3.71428571428571,0.238878628007518,0.346007648147922,0.0951022035448853,5,3.74144114399981,2.28283476961181,1.26187175459162,3.71428571428571,1.51781190290606,0.56135354817033,0.278863558711568,4.14285714285714,1.75227817272161,1.0573051542287,0.715604433200388,4.14285714285714,1.85645179369599,0.917566481399875,0.513109400433191,4,3.15030649567803,2.3946129552641,1.31647754226797,2.66666666666667,-0.729359792249733,-0.0724589198118504,-0.301278244283308,1,-1.67193309805374,-0.844137146503784,-0.357745495736532
"406",406,"female","white","yr1","Other","stats","Visual",3.66666666666667,0.220904180848895,0.0149285139047472,0.0952713658385237,1.5,-0.915736377624857,-0.697344784001885,-0.424714538699935,3.66666666666667,0.158121451973574,0.182244141921628,2.01710182343001,3,-0.667850574690908,-0.447781587572132,-0.208154757246838,3.16666666666667,0.498229792302069,0.203558229773468,0.233446239404359,3.71428571428571,1.0940424781794,0.645343034117655,0.427156123042183,4.28571428571429,1.55938340597648,0.815723024086275,0.510170036540518,4,1.31097463903571,0.96274053631039,0.444095385199768,3.85714285714286,2.13488033276859,1.25460123713858,0.781331260936473,4.28571428571429,2.00879553773167,1.31469219508332,0.766357442817798,3.57142857142857,0.56302349093197,0.161580108396421,0.0941668664338641,4,3.15030649567803,2.3946129552641,1.31647754226797,3,-0.0487548449240131,-0.0622943890997189,-0.00699482262527438,1.75,-0.144118694912662,-0.317778965022385,-0.130744813614253
"407",407,"female","Black","yr3","Health","stats","Visual",3.33333333333333,-0.245398115374665,-0.199839900470353,-0.13079654856894,2.5,0.841246952894327,0.144104303002077,0.368421901462067,3.66666666666667,-0.781458470118856,-0.581687513904975,0.651143627698084,3.1,-0.422640380115823,-0.127489201532295,-0.196893037917674,3.5,1.11171068557421,0.626308411475593,0.511392630770067,2.57142857142857,-1.59771059084651,-0.869446892966602,-0.590340903375349,4.14285714285714,1.19168474397238,0.679725636509727,0.395117942284449,4.14285714285714,1.54760278753017,1.07524529643028,0.444705117957406,3.57142857142857,1.31226343778879,0.433788287197462,0.332566535865796,3.42857142857143,0.0715794396538491,-0.0310514915725157,0.0427303315092252,3.14285714285714,-0.40006101111837,0.0450035488990232,-0.0661295390154392,1.66666666666667,-1.52446825371337,-0.996890466312252,-0.679056384033712,2.66666666666667,-0.714241507358401,-0.468163615046309,-0.21717885045287,2.75,2.20256421347874,1.17430366690632,0.542179845616027
"408",408,"female","white","yr1","Business","math02","Visual",4,0.74354859597434,0.830107313774762,0.463439678814223,3.5,2.56511065600992,1.43701954228185,1.19058639926156,2.66666666666667,-2.36285920655668,-1.44129837465635,-2.19296066948326,2.9,-0.969696831839709,-0.501233413277461,-0.314896342612784,3.33333333333333,0.764256164319353,0.499244900540231,0.350256580706703,3,-0.657878264118997,-0.307747691277502,-0.279546433933169,3,-1.50464408453354,-0.936700316326251,-0.481717415392091,3,-1.19521793447544,-0.675355657478984,-0.411400972662834,3,0.147137239113729,0.142463545030385,0.0745111282178805,3.14285714285714,-0.668741620041237,-0.309204751984909,-0.306404222060045,3,-0.692687153800795,-0.324309887974433,-0.214465075211061,3,1.16361334159346,1.11168249894999,0.483719301168489,2,-2.08839911380415,-1.4142525501993,-0.687560328193648,2,0.569041803543553,0.442695658876479,0.180606016138814
"409",409,"male","white","yr3","STEM","math04","Kinesthetic",3,-0.711700411598224,-0.414608314845453,-0.356864462976403,2,-0.00644256196397569,0.241861906895954,-0.0140589105271473,3.66666666666667,1.08821549063969,0.656747792683981,1.47663215861975,4.1,2.55345610604445,1.6601343925374,0.792904884949584,2.83333333333333,-0.183512886058838,-0.193351495450659,-0.0787346710901811,3.28571428571429,0.0541601433384507,0.0367514947346422,-0.0216495752470026,4,0.880256586396431,0.58523550250558,0.276225985970965,3,-1.06494483414261,-0.630009183518827,-0.28269006836667,2.42857142857143,-1.09384865565138,-0.629324910385602,-0.373078467013573,3.71428571428571,0.740652192102832,0.406040680890328,0.303984759242098,3.57142857142857,0.557667700203844,0.423143136362899,0.332680534661473,2.33333333333333,-0.138534918031266,-0.185979016212098,-0.0188166325316591,3.66666666666667,1.32540276152173,0.883794546053271,0.463386655115504,1.25,-1.19656548524939,-0.649263470838488,-0.297418822153198
"410",410,"female","white","yr5+","Health","stats","Kinesthetic",2.33333333333333,-1.70687742514861,-1.25621353182071,-0.962403672327584,2.75,1.29969842769496,0.657150017436564,0.570518689622336,2.33333333333333,-0.0839008636604121,0.178055632487341,-1.58502466207085,2.5,-2.24768254759234,-1.28367799537256,-0.791638191891982,2.83333333333333,-0.252491956085681,-0.0207292018588433,-0.122731997801436,2.71428571428571,-1.19227381091926,-0.714600776796828,-0.426853871073764,2.28571428571429,-3.22683188478127,-1.83678984394957,-1.06913830033707,2.71428571428571,-1.92375145690086,-1.05715789592843,-0.659186827895092,3.14285714285714,0.511752914204828,0.176449648951422,0.176914483448979,2.71428571428571,-1.66061160465585,-1.00937384264124,-0.657689816778359,2.71428571428571,-1.30714021223976,-0.695709589567231,-0.432174756462629,2,-0.831501585872319,-0.591434741262175,-0.348936508282686,2,-2.08839911380415,-1.4142525501993,-0.687560328193648,1.5,-0.589112993587282,-0.0940386734880643,-0.120641139755064
"411",411,"female","white","yr1","Business","math03","Kinesthetic",3.66666666666667,0.237608119749063,0.277845974826337,0.138870504705263,2.75,1.2832300176531,0.925618892452298,0.595016622316276,3.33333333333333,-0.372174087981137,-0.200768813350245,0.433591104188832,3,-0.696168605977766,-0.314361307404878,-0.255894690265229,1.5,-2.78107495679019,-1.84003473716057,-1.26705044674323,1.57142857142857,-3.95294286068709,-2.24228484030436,-1.50714212357431,2.57142857142857,-2.57796486762488,-1.3383499771243,-0.898977081293396,1.57142857142857,-4.78292093477853,-2.73627920023458,-1.64117651381413,2.57142857142857,-0.571817196169769,-0.229847950631044,-0.127129132635194,1.14285714285714,-5.25631754779563,-3.30457402876027,-2.04458767574318,1.57142857142857,-3.85366362168047,-2.27661800085885,-1.40481516839606,2,-0.831501585872319,-0.591434741262175,-0.348936508282686,3,-0.0487548449240131,-0.0622943890997189,-0.00699482262527438,1.75,-0.0344142460524795,0.150983533588984,0.0923808197233367
"412",412,"female","other","yr2","Other","math02","Visual",4,0.726844657074171,0.567189852853173,0.419840539947484,2.5,0.879841044555871,0.834942786124729,0.396015065451996,2.66666666666667,-2.36285920655668,-1.44129837465635,-2.19296066948326,1.8,-4.1935568712646,-2.70630640776993,-1.2982314287277,2,-1.89461219241905,-0.964165713411649,-0.885733473284217,2.42857142857143,-1.88054419694138,-1.2851776103511,-0.726751235731861,3,-1.51520828971696,-0.736599371617778,-0.500505514573134,3.14285714285714,-0.898979553329426,-0.542349885952601,-0.342653707692477,3,0.0869576931195306,0.338673097764234,-0.219990533683291,2.42857142857143,-2.13538113303709,-1.56977577145801,-0.847145731498421,3.85714285714286,1.21407895672913,0.983161206928089,0.536199805964222,3,1.16361334159346,1.11168249894999,0.483719301168489,2.66666666666667,-0.714241507358401,-0.468163615046309,-0.21717885045287,1.5,-0.619486307717012,-0.512652640687681,-0.191071487197587
"413",413,"female","white","yr3","Business","math03","Visual",3.33333333333333,-0.205759935372948,0.137653024102973,-0.0322952888674426,1.5,-0.932204787666722,-0.428875908986152,-0.400216606005996,2.66666666666667,-2.35337332313036,-1.1518703695921,-0.286532808941072,4.2,3.0656683196142,1.78026304325672,1.10692277961518,2.33333333333333,-1.1915574741324,-0.650235217256882,-0.550225507615344,2.42857142857143,-1.99099177191092,-1.03782646318826,-0.777283536091438,2,-3.91272071523201,-2.36571179513994,-1.26984889373599,2.85714285714286,-1.49551329391105,-0.925157245903625,-0.494015433406646,2,-1.98043607872261,-1.01633358866612,-0.70794968990744,2.57142857142857,-1.76651493322841,-1.31210425918705,-0.603447548278357,2,-2.90800426189518,-1.60480584279621,-1.01399695408536,1.33333333333333,-2.12943895880644,-1.67900286447524,-0.851523657806985,3.66666666666667,1.32540276152173,0.883794546053271,0.463386655115504,1.25,-1.19656548524939,-0.649263470838488,-0.297418822153198
"414",414,"female","white","yr1","Health","stats","Auditory",3.33333333333333,-0.222463874273117,-0.125264436818617,-0.0758944277341815,2.5,0.88090837939709,0.307232837411066,0.364473428712163,3,-0.902469627935849,-0.583781768622119,-1.14991961505235,3.7,1.38630210758315,1.00384402087851,0.416930143867144,3,0.228331381973861,-0.192547221570483,0.125172500165448,3,-0.724146920475835,-0.255294092309615,-0.316623843663213,3.85714285714286,0.595608847077534,0.507599958416439,0.210597362431752,2.71428571428571,-1.84592134685975,-1.00152721572665,-0.551589807458116,3.28571428571429,0.834137889959675,0.25055504078898,0.307776723069521,3.85714285714286,0.911082994977064,0.805520886051411,0.303994125893264,3.28571428571429,-0.0792333838684166,0.050568603272285,0.0800012672665071,2.33333333333333,-0.138534918031266,-0.185979016212098,-0.0188166325316591,2.66666666666667,-0.743392790592552,-0.337486509058984,-0.284235258410882,2.5,1.62148859388028,0.774180164692582,0.347280024677759
"415",415,"female","white","yr4","Other","math04","Kinesthetic",4.66666666666667,1.67615318842146,1.25964414252496,0.915575507629149,1.75,-0.464894036764612,-0.271183807538533,-0.216155698687417,4.33333333333333,0.269646726364252,-0.105089608425478,1.91173720563825,2.9,-0.963396980464485,-0.549065120014839,-0.313527425810264,4.83333333333333,3.66300735912874,2.37864981431257,1.66969557677923,3.42857142857143,0.266394396345254,0.338486015333289,0.048934734918493,3.57142857142857,-0.0920018071200119,-0.236361659588077,0.0582042967233655,4.14285714285714,1.53022508004748,1.05112236379047,0.506451358516191,2.85714285714286,-0.0554440742843208,-0.203312544322357,0.0644263245446188,3.71428571428571,0.604006192683686,0.293079813776754,0.268805743406229,2.71428571428571,-1.28337841023432,-1.14151429984342,-0.710820096076031,3,1.15940245490286,0.901589107000962,0.48377051699264,1.66666666666667,-2.76900406112987,-1.42441708091143,-0.981843749851682,1.5,-0.721197872445042,-0.454389795173192,-0.237092148569864
"416",416,"male","white","yr2","Other","stats","Visual",1.66666666666667,-2.63948201759573,-1.68575036057091,-1.41453950114251,1.5,-0.900335302424213,-0.438103710303957,-0.417670834654042,3,1.90678425491513,1.41858519379344,1.04152711160124,3.4,0.591469537698041,0.310876510446024,0.273918281397735,3.66666666666667,1.46164133710869,0.822233692876909,0.673686366820005,3.14285714285714,-0.249037416791319,-0.223902625977536,-0.110290500626562,3.85714285714286,0.548021850238134,0.417484823082263,0.186586043011061,3.71428571428571,0.604188314988321,0.442438329023461,0.245587067944851,3.14285714285714,0.533983323300777,0.812369118646153,0.16364391975343,3.85714285714286,1.16062493014339,0.730301451071972,0.490915416642973,3.71428571428571,0.891554328317878,0.469365219028225,0.28235864295376,2,-0.831501585872319,-0.591434741262175,-0.348936508282686,3.66666666666667,1.31136976317891,0.618766956806137,0.480429640987929,1.25,-1.19656548524939,-0.649263470838488,-0.297418822153198
"417",417,"female","white","yr2","STEM","math02","Kinesthetic",2,-2.15024548027062,-1.39640648254408,-1.13356946590029,2,-0.0218436371646205,-0.0173791668019752,-0.0211026145730408,4,2.54860506926052,1.51426439871821,2.51967321305066,4.1,2.48231548799137,1.57251032919883,0.693174698182005,2.66666666666667,-0.476842254175145,-0.375710977216044,-0.210755714978879,3,-0.473768310338339,-0.354125314172665,-0.116952486721119,4.42857142857143,1.99980714978769,1.18565260520724,0.665327586445359,3.42857142857143,0.0216287935151006,0.0859746633816827,0.0687357313093356,2,-1.99900660586152,-1.13920835490364,-0.799298920538554,3.57142857142857,0.477965504391513,0.245383767981401,0.211279329647406,2.85714285714286,-1.00578837504834,-0.493118260900799,-0.24964663252071,4,3.15030649567803,2.3946129552641,1.31647754226797,3,-0.0638731298153453,0.33341030613474,-0.0910942164557125,1.75,-0.0384106881185559,-0.112529138473945,0.00382833374068003
"418",418,"female","white","yr1","Health","math02","Kinesthetic",3.66666666666667,0.220904180848895,0.0149285139047472,0.0952713658385237,2,-0.0701815324489941,0.260317509531563,0.0208495467689442,2.66666666666667,0.455880559720614,0.850496592823465,1.90491391771252,2.8,-1.24798260033607,-0.694232076890849,-0.380635434152527,1.33333333333333,-3.1379502953146,-1.88340679157496,-1.43944704637199,2.71428571428571,-1.17492593946493,-0.770398004931482,-0.417634099133759,3,-1.39645799238935,-1.04048773637185,-0.415627157156372,1.85714285714286,-4.00021774055043,-2.41111276348849,-1.40456354950076,2.42857142857143,-1.09192618236351,-0.698033476152863,-0.473791651447235,2.42857142857143,-2.2154173922192,-1.519576475041,-0.833610050399376,2,-2.91488893440265,-1.81874012616913,-1.11719409237325,2.33333333333333,-0.138534918031266,-0.185979016212098,-0.0188166325316591,3.33333333333333,0.645883100744526,0.212897730859546,0.270245613160334,1.5,-0.619486307717012,-0.512652640687681,-0.191071487197587
"419",419,"female","Asian","yr5+","Health","stats","Kinesthetic",5,2.14245548464502,1.47441255690006,1.14164342203661,2.25,0.404738352393506,0.504894348950316,0.198448402235275,3.66666666666667,-0.781458470118856,-0.581687513904975,0.651143627698084,1.1,-6.26097729743546,-3.80138671126831,-2.00068159681691,2.16666666666667,-1.38461705847203,-1.1686007718956,-0.615399743612225,3.28571428571429,0.29760767550211,-0.107620562253816,0.226784156459565,3.85714285714286,0.509076583502454,0.214577058733532,0.201306701194476,4,1.32579314969309,0.594963078158546,0.469114258277015,3.42857142857143,1.06980476718164,1.04257298803772,0.308910019524523,4,1.42331161785471,0.890958363980899,0.583620846237665,2.71428571428571,-1.2949853048535,-0.866360247163393,-0.495837091749379,4,3.15030649567803,2.3946129552641,1.31647754226797,4,1.99088942395612,1.28966377199986,0.673570682943099,2.75,2.17219089934901,0.755689699706701,0.471749498173503
"420",420,"male","white","yr3","Other","math04","Kinesthetic",2.33333333333333,-1.70687742514861,-1.25621353182071,-0.962403672327584,3,1.75054076855521,1.08331099389992,0.779077529634855,3,-1.83256366660196,-1.05828541938447,-0.609449950242083,3,-0.696168605977766,-0.314361307404878,-0.255894690265229,3.33333333333333,0.717196464709428,0.577039585299577,0.323525466037601,2.57142857142857,-1.70298058806954,-0.867426731000545,-0.718791232963371,3.71428571428571,0.155384795813761,0.0488240643992505,0.0337338048539776,2.71428571428571,-1.88756522949066,-0.942287749476752,-0.636356978800351,2.85714285714286,-0.0652545505809416,-0.163137195136234,0.0970326716735005,3.28571428571429,-0.294428396694647,-0.108766330906836,-0.13354525727859,3.71428571428571,0.911830881183912,0.535754676548867,0.368806923900199,3,1.15940245490286,0.901589107000962,0.48377051699264,3,-0.0487548449240131,-0.0622943890997189,-0.00699482262527438,2.5,1.48540727295645,0.150316370944525,0.142276529880302
"421",421,"male","white","yr3","Other","math04","Kinesthetic",3.33333333333333,-0.262102054274834,-0.462757361391943,-0.174395687435678,2.5,0.744388355005715,0.614026057913495,0.432358416395646,2,-0.604710520188809,0.0844706822797178,-1.26210752076984,3.8,1.70139737778987,1.02278634268059,0.524768685974851,1.66666666666667,-2.48526945839426,-1.58881348492923,-1.13387171686796,3.14285714285714,-0.336917131196934,-0.0812612066093149,-0.161163928305116,2.42857142857143,-2.97940467294253,-1.44105607565177,-1.03767919759576,2.71428571428571,-1.94936695357694,-1.14346358640143,-0.671249658273741,2.42857142857143,-1.14190670600433,-0.432451721099683,-0.50723776426823,2.57142857142857,-1.88625701088557,-1.25866270646366,-0.706103244547959,2,-2.90800426189518,-1.60480584279621,-1.01399695408536,2,-0.831501585872319,-0.591434741262175,-0.348936508282686,2,-2.08839911380415,-1.4142525501993,-0.687560328193648,1,-1.67193309805374,-0.844137146503784,-0.357745495736532
"422",422,"female","white","yr3","Other","math04","Auditory",3.33333333333333,-0.245398115374665,-0.199839900470353,-0.13079654856894,1.5,-0.939996728926976,-0.601232244712945,-0.413722361904138,3,0.0276244107302661,-0.109278117859766,-1.69038927986261,3.4,0.375634975470542,0.332697929252,-0.0190117529132933,4,2.04219916272112,1.3522340736904,0.930021156470777,4,1.67834786069481,1.02420732631494,0.58081545470079,3.85714285714286,0.477256956483156,0.374061701700522,0.107633143784715,4.14285714285714,1.60074914238484,1.09349523950232,0.487625907308777,4,2.44742744277327,1.08381224295157,0.972532891227372,3.57142857142857,0.378173249205239,0.344487681716377,0.164480931506474,3.85714285714286,1.21643118037449,0.826182018365712,0.469100617985127,2,-0.831501585872319,-0.591434741262175,-0.348936508282686,2.33333333333333,-1.39376116813561,-1.13906043024003,-0.41031989240804,2.5,1.65186190801001,1.1927941318922,0.417710372120283
"423",423,"female","white","yr5+","Health","stats","Auditory",3.66666666666667,0.243838421950443,0.0895039775564828,0.150173486673282,3.25,2.16933081685308,1.43322817392541,0.985122790545028,2.33333333333333,-2.88366886308507,-1.53488332486397,-1.87004352818225,1.4,-5.43828915548764,-3.12166747822826,-1.82119651487076,2.66666666666667,-0.446395316795064,-0.55182294679337,-0.190301799250517,2.28571428571429,-2.23174044442225,-1.30156272408918,-0.855137761054463,2.28571428571429,-3.14550278584287,-1.9934676672763,-0.971397301929684,2.57142857142857,-2.24747082157783,-1.21259034930789,-0.787108971756883,2.57142857142857,-0.813950493608339,-0.316928896422027,-0.307730070623256,2.42857142857143,-2.15842628826671,-1.5625460649429,-0.733460750445614,2.42857142857143,-1.95160771857403,-1.03498561153409,-0.71813405983065,2.66666666666667,0.550220863119188,0.00938331688895255,0.311354459043518,2.66666666666667,-0.75742578893537,-0.602514098306118,-0.267192272538456,2.75,2.23293752760847,1.59291763410594,0.61261019305855
"424",424,"female","other","yr1","Other","math02","Kinesthetic",2.66666666666667,-1.20093694892333,-0.703952192872288,-0.637834498218624,1.25,-1.3433857020242,-0.691908351040515,-0.612723918768418,3.66666666666667,0.148635568547259,-0.107183863142622,0.110673962887821,2.7,-1.53256822020765,-0.839399033766859,-0.44774344249479,3,0.228452148512557,-0.0174952806542374,0.117453528092187,2.85714285714286,-0.820987140944097,-0.49447349336002,-0.281597662619214,2.42857142857143,-2.7632331595632,-1.81951859852428,-0.858466519335795,3,-1.13213724443013,-0.998804262807383,-0.425210090890378,2.71428571428571,-0.18094301098238,-0.0455044376469205,0.181386670922316,3.57142857142857,0.564576557733438,0.0906062528993573,0.357849388162956,4,1.54093356009145,0.820895628923085,0.523391519580304,3.66666666666667,2.49923236586567,1.74578219768306,1.06520957541789,3.66666666666667,1.31136976317891,0.618766956806137,0.480429640987929,1.75,-0.245830259640692,-0.259516119507896,-0.17676547498653
"425",425,"female","other","yr1","STEM","math02","Auditory",3.33333333333333,-0.228694176474496,0.0630775604512372,-0.0871974097022006,1.25,-1.32691729198234,-0.960377226056248,-0.637221851462357,2.66666666666667,-1.42327928446425,-0.677366718829742,-0.827002473751335,3.3,0.349951765840849,0.0038876868984331,0.197011422723925,3.83333333333333,1.72452376784491,1.18070514421962,0.785253494980341,3.42857142857143,0.354689812088828,0.217474188055731,0.120329970905535,3,-1.50464408453354,-0.936700316326251,-0.481717415392091,3.57142857142857,0.219132036148837,0.312856459699242,0.0818141666484172,3.14285714285714,0.544022524519406,0.288952700039838,0.252743343785692,3,-0.99242688860333,-0.550449613348739,-0.416589525753715,3.14285714285714,-0.367629550866074,-0.0592576511764966,-0.0433435933557499,2,-0.831501585872319,-0.591434741262175,-0.348936508282686,3.66666666666667,1.31136976317891,0.618766956806137,0.480429640987929,2.25,1.25182898787004,0.784556315575726,0.421526498449359
"426",426,"female","white","yr3","Other","math04","Auditory",3.66666666666667,0.220904180848895,0.0149285139047472,0.0952713658385237,2.25,0.404738352393506,0.504894348950316,0.198448402235275,3,-0.902469627935849,-0.583781768622119,-1.14991961505235,2.5,-2.11804788428298,-1.30319718058521,-0.656606029061209,3.33333333333333,0.76178003403973,0.430383130074277,0.349098894720129,3.71428571428571,0.925023674032245,0.58778338309506,0.312774703242652,3.57142857142857,-0.115015767737323,-0.0368653550333815,-0.0501920338318965,3.85714285714286,0.906210355934895,0.645888321986371,0.295914753910589,3,0.287433901897292,-0.0750409520145387,0.185924610362613,3.42857142857143,0.0507652607255149,-0.00748599813735858,0.0220006478719201,3.28571428571429,-0.0374824639306729,-0.0870257928080825,-0.0234610918990274,2,-0.831501585872319,-0.591434741262175,-0.348936508282686,3,-0.0487548449240131,-0.0622943890997189,-0.00699482262527438,2,0.569041803543553,0.442695658876479,0.180606016138814
"427",427,"male","white","yr2","STEM","stats","Kinesthetic",4.66666666666667,1.65944924952129,0.996726681603372,0.87197636876241,2.75,1.26764613513259,0.58090622099871,0.568005110519992,4,2.54860506926052,1.51426439871821,2.51967321305066,3.6,1.3448454663806,0.650546187903604,0.671376742019496,5,3.98859198390332,2.58540564800849,1.81924269522743,3.71428571428571,1.24689546141557,0.377424273086833,0.57483024426476,4,0.866249712081018,0.614991109263313,0.328746788055393,4.14285714285714,1.64001285358948,0.961590790146459,0.554556028018193,3.28571428571429,1.08990842922675,0.58020938139308,0.525715511248043,5,3.63024410131203,2.35278064546,1.38533618864896,3,-0.666205866261014,-0.730825829189583,-0.3932684405876,3.33333333333333,1.85236912274391,1.30704483205104,0.813890392743666,4,1.99088942395612,1.28966377199986,0.673570682943099,1.5,-0.619486307717012,-0.512652640687681,-0.191071487197587
"428",428,"female","white","yr3","STEM","math04","Visual",4.33333333333333,1.17644301439756,0.519040806306683,0.602309315488208,2,-0.0296355784248751,-0.189735502528769,-0.0346083704711827,3,-0.892983744509534,-0.294353763557868,0.756508245489842,3.8,1.67173564939527,0.8791397656005,0.483364913123858,2.33333333333333,-1.26464502834874,-0.602608274301169,-0.594142640847546,3.42857142857143,0.215142229961352,0.107394369941119,-0.000918679363955593,3.42857142857143,-0.482715408103056,-0.432596738287469,-0.139917973972374,3.85714285714286,0.97160424838701,0.736833554829394,0.345632707118688,2,-1.94499929663745,-1.12099079220201,-0.742564990788736,2.14285714285714,-2.90774694488962,-1.84702387193985,-1.10380959782806,2.85714285714286,-1.03120142580571,-0.526658967032901,-0.390473211247249,2.33333333333333,-0.184638342750558,-0.152697375630158,-0.0976173256084611,4,1.99088942395612,1.28966377199986,0.673570682943099,2.25,1.17649429520566,0.997920456226903,0.357383698536949
"429",429,"male","Black","yr1","STEM","math02","Visual",2.66666666666667,-1.20093694892333,-0.703952192872288,-0.637834498218624,1,-1.79422804288445,-1.11806932750387,-0.821282758780936,4,0.678931108501971,0.275829092129251,1.694184682129,4,2.22194812050106,1.46303598975198,0.644759526732645,4.66666666666667,3.39698098711146,2.08296314354581,1.55288523547688,4,1.78743762665623,0.972815705569738,0.735556493602322,4.42857142857143,1.94473400968953,1.1422917791487,0.651706179116287,4.14285714285714,1.63301719684935,1.07404215589755,0.575987383920922,3.85714285714286,2.14962409437561,1.09472725937686,0.802736294248244,3.57142857142857,0.358417253201073,0.393392299034335,0.104146852266496,4.14285714285714,1.82741100436227,1.15484884612464,0.66974000457211,2,-0.831501585872319,-0.591434741262175,-0.348936508282686,2.33333333333333,-1.40887945302694,-0.743355735005575,-0.494419286238478,1.25,-1.19656548524939,-0.649263470838488,-0.297418822153198
"430",430,"male","white","yr1","STEM","math01","Visual",3.33333333333333,-0.251628417576044,-0.0114979032004984,-0.142099530536959,3,1.63828109546595,1.2939916751134,0.835970340522541,4,-0.270134697016774,-0.777530568761602,-1.57820137414511,1.7,-4.70403059643552,-2.63355855959511,-1.5553646426172,4.16666666666667,2.39049746034572,1.49202577492157,1.09355277198634,4.28571428571429,2.35257921600814,1.38538867469184,0.895325853584929,4.85714285714286,2.94553136024446,1.74063092486118,0.956502073464702,4,1.31456680740155,0.852509932228734,0.458920658934478,4.57142857142857,3.60445318436735,1.71199586831855,1.28702107965264,4.14285714285714,1.55989307874087,1.10721997922937,0.536194940696779,4.42857142857143,2.46828931407887,1.62799822490998,0.975885017973933,1,-2.82240562664749,-2.08445858952531,-1.18164353355801,1.33333333333333,-3.44852372190707,-2.09531389610515,-1.17498479180685,1.75,-0.0384106881185559,-0.112529138473945,0.00382833374068003
"431",431,"female","white","yr1","Other","math01","Kinesthetic",3,-0.745108289398562,-0.940443236688632,-0.444062740709881,2,-0.0218436371646205,-0.0173791668019752,-0.0211026145730408,3.33333333333333,1.49749987277741,1.03766649323871,1.25907963511049,3,-0.696168605977766,-0.314361307404878,-0.255894690265229,2.33333333333333,-1.13048763400392,-0.858084415073827,-0.511007637861853,2.71428571428571,-1.34002974821881,-0.683137452291,-0.523788714780806,3.57142857142857,-0.123859127535562,0.118541260811692,-0.0919715065878787,3.28571428571429,-0.399613712734584,-0.158477352394218,-0.11786701908184,2.14285714285714,-1.93843197446267,-0.87261130251975,-0.924454032658499,3.14285714285714,-0.549193368850797,-0.457213283037843,-0.199271744679136,2.85714285714286,-0.983141823715963,-0.758837950870715,-0.414279306209724,3.66666666666667,2.45733982783698,1.98915723021402,0.986357666516939,3.66666666666667,1.29625147828758,1.0144716520406,0.396330247157491,1.5,-0.619486307717012,-0.512652640687681,-0.191071487197587
"432",432,"female","white","yr1","Other","math01","Auditory",5,2.14245548464502,1.47441255690006,1.14164342203661,3.5,2.58051173121056,1.69626061597978,1.19763010330745,2.33333333333333,-2.88366886308507,-1.53488332486397,-1.87004352818225,1.8,-4.2275875169448,-2.71646020163047,-1.32794871553421,1,-3.79697930082548,-2.34728064926384,-1.73764345979917,1.14285714285714,-4.88443935729016,-2.7681460372662,-1.86768290274451,1.42857142857143,-5.25283956010913,-3.26273993679255,-1.69730683429856,2.28571428571429,-2.98703988466113,-1.84998346471594,-1.04470376774398,1.42857142857143,-3.22562807666666,-1.47518272884235,-1.27550785602211,1.57142857142857,-4.31752840996715,-2.75140326147416,-1.70524501690759,2.57142857142857,-1.70851639900734,-1.20013746748394,-0.64509012136055,1.33333333333333,-2.17554238352573,-1.6457212238933,-0.930324350883787,1.66666666666667,-2.78303705947268,-1.68944467015856,-0.964800763979256,1.25,-1.09485392052136,-0.707526316352977,-0.251398160780922
"433",433,"female","white","yr2","Other","math01","Auditory",1.66666666666667,-2.63325171539435,-1.87409235784077,-1.40323651917449,1,-1.79422804288445,-1.11806932750387,-0.821282758780936,2.33333333333333,-1.02348078575284,-0.585876023339262,-2.95098285780278,3.2,-0.0753300228249806,0.132256711732807,-0.0653752790404844,3,0.0958063415389203,0.119062499372324,0.0407996177141286,3,-0.657878264118997,-0.307747691277502,-0.279546433933169,3,-1.50464408453354,-0.936700316326251,-0.481717415392091,3,-1.19521793447544,-0.675355657478984,-0.411400972662834,3,0.193256545329035,0.132147891150883,0.0631382206629184,3,-0.99242688860333,-0.550449613348739,-0.416589525753715,3,-0.692687153800795,-0.324309887974433,-0.214465075211061,2.33333333333333,-0.180427456059958,0.0573960163188686,-0.0976685414326116,2,-2.08839911380415,-1.4142525501993,-0.687560328193648,2,0.569041803543553,0.442695658876479,0.180606016138814
"434",434,"female","white","yr1","Other","math02","Visual",4,0.710140718174002,0.304272391931583,0.376241401080745,3,1.67900985680994,0.929410260808731,0.800480231032804,3.33333333333333,1.50698575620372,1.32709449830296,3.16550749565268,2.1,-3.23485534815674,-2.04817723527037,-1.04162326441198,2.66666666666667,-0.462705622224924,-0.346255462864018,-0.205636202024713,3.57142857142857,0.783909308296397,0.34930986779739,0.352409898818144,4.57142857142857,2.27520922870477,1.29042106919066,0.733161403865239,4,1.34018230407762,0.938815622701733,0.470983489313126,2.71428571428571,-0.366884664510477,-0.434970922710183,-0.142708122624969,3.57142857142857,0.388037202590507,0.281584373854199,0.150567610828285,3.57142857142857,0.609221303882484,0.271877271248747,0.232655028188285,3,1.15940245490286,0.901589107000962,0.48377051699264,4,1.99088942395612,1.28966377199986,0.673570682943099,1.75,-0.113745380782933,0.100835002177232,-0.06031446617173
"435",435,"female","white","yr2","STEM","stats","Auditory",2,-2.17941002357355,-1.28263994892596,-1.19977456870307,1.5,-0.900335302424213,-0.438103710303957,-0.417670834654042,4.33333333333333,0.269646726364252,-0.105089608425478,1.91173720563825,2.2,-3.07143580945668,-1.95622022366117,-1.04350585237497,4.16666666666667,2.42190894063424,1.5036939365563,1.10868328109364,4.28571428571429,2.31323683346456,1.49293361604164,0.844419657383386,4.28571428571429,1.61577800636496,0.992082147073861,0.544212085640519,4.14285714285714,1.69841108930147,1.16498738874057,0.625705337129022,2.28571428571429,-1.40659578570743,-0.459586489954161,-0.517623716913953,4,1.19563763524628,0.938445228618659,0.344945874125827,3.14285714285714,-0.326614605024204,-0.375426110957876,-0.248016039605363,2.33333333333333,-0.184638342750558,-0.152697375630158,-0.0976173256084611,3,-0.0627878432668317,-0.327321978346853,0.0100481632471516,2.5,1.59111527975055,0.355566197492965,0.276849677235236
"436",436,"male","other","yr3","STEM","math03","Visual",1,-3.61172479004456,-2.45278011389444,-1.96517658965893,1,-1.79422804288445,-1.11806932750387,-0.821282758780936,4,0.678931108501971,0.275829092129251,1.694184682129,2.2,-3.21268803355068,-1.68166381363358,-1.10175544760688,4,2.04219916272112,1.3522340736904,0.930021156470777,4,1.63407371542722,1.02491321206767,0.585424469232283,4,0.90343254616492,0.49231116248744,0.30641406295181,4,1.27311160476219,0.803739556066415,0.425235390964391,4,2.37887639199355,1.22651923176723,0.847737547775263,4,1.31890860635435,0.90116551605563,0.48437333144762,4,1.52262995429359,0.956186066847349,0.585066803663237,2,-0.831501585872319,-0.591434741262175,-0.348936508282686,2,-2.08839911380415,-1.4142525501993,-0.687560328193648,2,0.569041803543553,0.442695658876479,0.180606016138814
"437",437,"female","white","yr1","Other","math01","Visual",4.33333333333333,1.19314695329773,0.781958267228272,0.645908454354947,2,-0.0296355784248751,-0.189735502528769,-0.0346083704711827,3.66666666666667,1.08821549063969,0.656747792683981,1.47663215861975,2.9,-1.09618766315575,-0.739697947208503,-0.491950897554715,2,-1.79482897259485,-1.11327146560563,-0.82054479433348,2.28571428571429,-2.24078020227024,-1.20327876565006,-0.871867571108989,2.85714285714286,-1.89551870630614,-0.97977336388466,-0.626957586629006,2.71428571428571,-1.8822962542615,-1.00838751976611,-0.625501559925005,2.14285714285714,-1.64353606628275,-0.618861105170091,-0.677388188136271,3,-0.842871035090001,-0.621132112922738,-0.271989852033631,3.28571428571429,-0.0706676730998199,0.0137913024946066,0.0365246420135612,3,1.15940245490286,0.901589107000962,0.48377051699264,3,-0.0487548449240131,-0.0622943890997189,-0.00699482262527438,1.5,-0.619486307717012,-0.512652640687681,-0.191071487197587
"438",438,"male","white","yr1","STEM","math02","Visual",4,0.726844657074171,0.567189852853173,0.419840539947484,2.5,0.792726250290089,0.336329381579957,0.390406255053661,2,-0.604710520188809,0.0844706822797178,-1.26210752076984,3,-0.696168605977766,-0.314361307404878,-0.255894690265229,2.5,-0.887174934836663,-0.495433611842317,-0.408181793626874,3,-0.657878264118997,-0.307747691277502,-0.279546433933169,3,-1.50464408453354,-0.936700316326251,-0.481717415392091,3,-1.19521793447544,-0.675355657478984,-0.411400972662834,3.28571428571429,0.828159926217924,0.51975593197719,0.216839939022696,2.42857142857143,-2.25684751431453,-1.34837230905182,-0.846667229388531,3,-0.692687153800795,-0.324309887974433,-0.214465075211061,3,1.15940245490286,0.901589107000962,0.48377051699264,3,-0.0487548449240131,-0.0622943890997189,-0.00699482262527438,3,2.81001670514085,1.72952846425674,0.718957528014161
"439",439,"female","white","yr1","Business","math03","Auditory",3.33333333333333,-0.262102054274834,-0.462757361391943,-0.174395687435678,1.75,-0.52102387330924,-0.165843466931789,-0.187709293243574,3.33333333333333,0.557919950684978,0.273734837412108,-0.106878560621431,2.7,-1.53256822020765,-0.839399033766859,-0.44774344249479,2.66666666666667,-0.531811183683439,-0.333143196681826,-0.242266286605746,4,1.63407371542722,1.02491321206767,0.585424469232283,2.57142857142857,-2.50872210506928,-1.59881283545292,-0.793412662049451,3.14285714285714,-0.831908854013988,-0.407273819317284,-0.296905609343741,3,0.193256545329035,0.132147891150883,0.0631382206629184,2.85714285714286,-1.33145122332223,-0.748460074063902,-0.530183010926942,3,-0.692687153800795,-0.324309887974433,-0.214465075211061,2.33333333333333,-0.184638342750558,-0.152697375630158,-0.0976173256084611,2.33333333333333,-1.39376116813561,-1.13906043024003,-0.41031989240804,1.5,-0.721197872445042,-0.454389795173192,-0.237092148569864
"440",440,"female","white","yr1","STEM","math02","Kinesthetic",3.66666666666667,0.220904180848895,0.0149285139047472,0.0952713658385237,1.25,-1.32691729198234,-0.960377226056248,-0.637221851462357,3,0.0465961775828957,0.469577892268735,2.12246644122177,4.5,3.75660878102611,2.34165134880169,1.23556168680585,2.33333333333333,-1.1555509457019,-0.700472025665409,-0.533517063046014,3.57142857142857,0.801700597606781,0.308493506176201,0.339915207453145,2.85714285714286,-1.74838832578789,-1.14038701525906,-0.550261832461109,2.57142857142857,-2.1177124058164,-1.30378786707362,-0.629123069580753,2.28571428571429,-1.27713225977906,-0.658985546836658,-0.357771230498279,2.85714285714286,-1.06848835208609,-0.793518978338752,-0.232242559206876,2.71428571428571,-1.32122404512027,-0.68007740419297,-0.40171076850762,2,-0.831501585872319,-0.591434741262175,-0.348936508282686,2,-2.08839911380415,-1.4142525501993,-0.687560328193648,2,0.569041803543553,0.442695658876479,0.180606016138814
"441",441,"female","white","yr1","Business","math02","Auditory",4,0.74354859597434,0.830107313774762,0.463439678814223,2.75,1.30749036895522,0.829506353163358,0.584024445520478,2.66666666666667,-2.36285920655668,-1.44129837465635,-2.19296066948326,2.1,-3.34286057095664,-2.02398941411146,-1.10002737981904,3.33333333333333,0.754835347049803,0.582936357061199,0.338996031141304,3.14285714285714,-0.324473305948511,-0.250546215918238,-0.138665217245568,3.28571428571429,-0.857536584520219,-0.457881838882344,-0.319740914559365,2.71428571428571,-1.86241454273834,-1.08300847998367,-0.623336070460448,2.85714285714286,-0.0338790059726583,-0.0135788712540158,0.0642547308067669,3,-0.961054546359994,-0.75331744980527,-0.385142244975064,3.14285714285714,-0.393489014555653,-0.231633892213356,-0.164440023122457,3,1.15940245490286,0.901589107000962,0.48377051699264,3.66666666666667,1.29625147828758,1.0144716520406,0.396330247157491,1.5,-0.721197872445042,-0.454389795173192,-0.237092148569864
"442",442,"female","white","yr2","Other","math02","Kinesthetic",3,-0.705470109396845,-0.602950312115307,-0.345561481008384,1,-1.79422804288445,-1.11806932750387,-0.821282758780936,3.66666666666667,2.0183095293058,1.13125144344633,0.936162493809483,2.9,-0.987615232845753,-0.584757737443994,-0.332220262703168,2.16666666666667,-1.37670782857366,-1.13337386767047,-0.610620286654461,3.57142857142857,0.93478108661078,0.402597047678794,0.409159332056156,4.42857142857143,1.91479701741199,1.1965156852347,0.629425405190485,4.57142857142857,2.7196079188789,1.53877957698663,0.910040082712815,2.42857142857143,-0.838016275037133,-0.552615679743726,-0.207997899319911,3.57142857142857,0.574252973869982,0.328399676799214,0.288024683354612,3,-0.689588391689265,-0.643680202920679,-0.329845853982664,3,1.15940245490286,0.901589107000962,0.48377051699264,4,1.99088942395612,1.28966377199986,0.673570682943099,1.5,-0.721197872445042,-0.454389795173192,-0.237092148569864
"443",443,"female","Black","yr1","Business","math03","Visual",4.33333333333333,1.2098508921979,1.04487572814986,0.689507593221686,3,1.75054076855521,1.08331099389992,0.779077529634855,3,-0.902469627935849,-0.583781768622119,-1.14991961505235,3.5,0.748147784116695,0.586696675597669,0.270202677547202,3.33333333333333,0.749451721367698,0.601435937230107,0.341051540597102,3.42857142857143,0.502002331532323,0.171029997036438,0.238979277917582,3,-1.50464408453354,-0.936700316326251,-0.481717415392091,2.85714285714286,-1.40496871470662,-0.97493274356752,-0.431276571858644,2.85714285714286,-0.00357552924927138,0.000411980030121478,0.0222844298753373,3.42857142857143,0.150751342378516,-0.0120229335427987,0.0643222649015451,3.57142857142857,0.554522568875004,0.2831990772869,0.159279003209143,2,-0.831501585872319,-0.591434741262175,-0.348936508282686,3.33333333333333,0.616731817510375,0.343574836846872,0.203189205202321,2.75,2.07447577668705,1.07746521728412,0.514281322783883
"444",444,"female","white","yr1","Business","stats","Visual",4,0.710140718174002,0.304272391931583,0.376241401080745,2.5,0.879841044555871,0.834942786124729,0.396015065451996,3.33333333333333,-0.372174087981137,-0.200768813350245,0.433591104188832,3.9,2.10438038616698,1.19912858401704,0.794103173608921,2.83333333333333,-0.160799213208814,-0.260315627915407,-0.0647501740228167,1.85714285714286,-3.2165508441409,-1.72843407685917,-1.22779933574769,3.57142857142857,-0.162804394271243,-0.0843665035370395,-0.0772508484044639,3.14285714285714,-0.869771888287512,-0.566274799561259,-0.315765603579119,3,0.316886973217713,0.143225937634939,0.253859853929541,3.14285714285714,-0.661320287949074,-0.286028777718257,-0.308532978796742,4,1.52262995429359,0.956186066847349,0.585066803663237,3.33333333333333,1.76437315999592,1.58370150516395,0.656237790765912,3.66666666666667,1.31136976317891,0.618766956806137,0.480429640987929,2.25,1.0444094163479,0.637569334541775,0.240932689722148
"445",445,"female","white","yr2","STEM","stats","Visual",4.33333333333333,1.2098508921979,1.04487572814986,0.689507593221686,2,-0.00537522712275609,-0.285848041817709,-0.0456005472669801,3.66666666666667,2.0183095293058,1.13125144344633,0.936162493809483,3.8,1.93664474573869,0.96501356786197,0.789712421464746,2,-1.79809368041461,-1.22553862594593,-0.818069035402228,3.28571428571429,-0.0395779631219639,-0.164896988117757,-0.0399875036484711,3.57142857142857,-0.0971641334809486,0.0648596995562725,-0.0454139931851312,3.42857142857143,-0.113757382331139,-0.162045879258737,-0.00880486945542709,2.28571428571429,-1.34190020533023,-0.400750579593297,-0.63113472233285,3.42857142857143,0.148998949524614,0.0790369777335958,0.0792957426846823,3.42857142857143,0.272210311577315,0.123891374397217,0.0162856822683695,3.66666666666667,2.49923236586567,1.74578219768306,1.06520957541789,4,1.99088942395612,1.28966377199986,0.673570682943099,1,-1.67193309805374,-0.844137146503784,-0.357745495736532
"446",446,"female","white","yr1","Health","stats","Kinesthetic",3.33333333333333,-0.234924478675876,0.251419557721092,-0.0985003916702198,2.5,0.832387676792853,0.499457915988946,0.386457782303757,3.66666666666667,0.148635568547259,-0.107183863142622,0.110673962887821,3.7,1.51853574612848,0.809104020670529,0.639645142915104,2.33333333333333,-1.19403360441202,-0.719096987722836,-0.551383193601918,3.57142857142857,0.59161871586176,0.530581907735796,0.17189348655505,4.42857142857143,1.87048875340631,1.123941597249,0.587559935253929,4.57142857142857,2.64959854111294,1.63295069300067,0.899590536040264,2.85714285714286,-0.196572961427005,-0.201697884445855,-0.208452179288421,3.14285714285714,-0.668741620041237,-0.309204751984909,-0.306404222060045,4.85714285714286,3.43316601231928,2.03801924239184,1.29992548162866,2.33333333333333,-0.180427456059958,0.0573960163188686,-0.0976685414326116,4,1.99088942395612,1.28966377199986,0.673570682943099,1.75,-0.0344142460524795,0.150983533588984,0.0923808197233367
"447",447,"female","Asian","yr1","STEM","stats","Auditory",2,-2.17317972137217,-1.47098194619581,-1.18847158673505,1.5,-0.939996728926976,-0.601232244712945,-0.413722361904138,3.66666666666667,0.148635568547259,-0.107183863142622,0.110673962887821,2.8,-1.30050631910758,-0.694730515888203,-0.415596809537176,4,2.04219916272112,1.3522340736904,0.930021156470777,4.57142857142857,2.91387332010357,1.85398182817028,1.07104077586752,4.42857142857143,1.98195551553131,1.08392755061759,0.660549545798594,4.57142857142857,2.68918825689742,1.74560007778291,0.886163755497567,4.28571428571429,3.04196075626659,1.69577611588936,1.10683853002779,4.42857142857143,2.27959378597435,1.50350571140646,0.860123029517437,4.14285714285714,1.82864797733457,1.17795467786854,0.716653482517402,2.33333333333333,-0.138534918031266,-0.185979016212098,-0.0188166325316591,3,-0.0638731298153453,0.33341030613474,-0.0910942164557125,2.25,1.18049073727174,1.26143312828983,0.445936184519605
"448",448,"female","white","yr1","Other","stats","Kinesthetic",3,-0.688766170496676,-0.340032851193717,-0.301962342141645,1.5,-0.939996728926976,-0.601232244712945,-0.413722361904138,3.33333333333333,-0.372174087981137,-0.200768813350245,0.433591104188832,3,-0.696168605977766,-0.314361307404878,-0.255894690265229,1.83333333333333,-2.13781493713941,-1.46174997399387,-0.972735666804593,2.14285714285714,-2.58908331034351,-1.50648618479083,-0.996943098574031,2,-3.91272071523201,-2.36571179513994,-1.26984889373599,2,-3.66354747371307,-2.15445087102438,-1.24803733629006,2,-1.99236330133548,-0.962223449465462,-0.721461106449426,2.14285714285714,-2.97460200222738,-1.74115097417577,-1.19004557710363,2,-2.90800426189518,-1.60480584279621,-1.01399695408536,2,-0.831501585872319,-0.591434741262175,-0.348936508282686,2.33333333333333,-1.40887945302694,-0.743355735005575,-0.494419286238478,2,0.569041803543553,0.442695658876479,0.180606016138814
"449",449,"female","white","yr4","Other","math04","Auditory",1.66666666666667,-2.64571231979711,-1.49740836330106,-1.42584248311053,1,-1.79422804288445,-1.11806932750387,-0.821282758780936,2.33333333333333,-1.01399490232653,-0.296448018275012,-1.04455499726059,3,-0.696168605977766,-0.314361307404878,-0.255894690265229,5,3.98859198390332,2.58540564800849,1.81924269522743,4.42857142857143,2.6825801067782,1.51359120092091,1.03043816926751,4.71428571428571,2.66436300509218,1.37818844561246,0.901392948677093,4.57142857142857,2.71793111201558,1.49464874319434,0.914009937572179,2.71428571428571,-0.277902454651168,-0.270566601093355,0.0255814875094518,5,3.63024410131203,2.35278064546,1.38533618864896,2.85714285714286,-0.996512936936816,-0.573112880128652,-0.490820155043565,3.33333333333333,1.80626569802462,1.34032647263298,0.735089699666865,3.33333333333333,0.630764815853194,0.608602426094005,0.186146219329896,2.25,1.01803254428425,0.482468039405087,0.259054828262282
"450",450,"female","white","yr1","Other","math01","Auditory",3,-0.711700411598224,-0.414608314845453,-0.356864462976403,1.25,-1.38304712852697,-0.855036885449504,-0.608775446018514,5,1.32075192284736,0.371508297054018,3.17233078357842,2.4,-2.51156992158154,-1.14313750803504,-0.736302545495693,5,3.98859198390332,2.58540564800849,1.81924269522743,4,1.52269951112688,1.03481351260697,0.511912457416757,4.14285714285714,1.21277837645168,0.780908346268804,0.375619243454269,4.71428571428571,3.01463430308535,1.85468093570063,0.981799124581282,4.71428571428571,3.8952338905919,2.11978400569408,1.32895548897877,4.42857142857143,2.33072841343986,1.64699696772354,0.891516224294604,4.85714285714286,3.41288945945325,1.97162978487119,1.21347720068222,4,3.15030649567803,2.3946129552641,1.31647754226797,4,1.99088942395612,1.28966377199986,0.673570682943099,2,0.432960482619717,-0.181168134871578,-0.0243974786586425
"451",451,"female","other","yr2","Other","stats","Visual",4.66666666666667,1.67615318842146,1.25964414252496,0.915575507629149,1.25,-1.35117764328446,-0.864264686767308,-0.62622967466656,4,0.678931108501971,0.275829092129251,1.694184682129,2.6,-1.77959073705689,-1.09277657496567,-0.508732630905029,3,0.18037843205755,-0.112345441035025,0.0903685396171575,4,1.91176658419784,1.00945165025441,0.834025119624859,3.71428571428571,0.258249477954554,0.445652360704693,0.0738413754648351,4,1.32919663806738,0.592742316489109,0.432857628639576,2.14285714285714,-1.41911236675333,-0.92305673162397,-0.258309307539352,3.85714285714286,1.02640814278687,0.757749549997303,0.349723924402447,2.85714285714286,-0.969927701918781,-0.601308010365457,-0.324715609894067,3,1.15940245490286,0.901589107000962,0.48377051699264,3.33333333333333,0.645883100744526,0.212897730859546,0.270245613160334,1.25,-1.19656548524939,-0.649263470838488,-0.297418822153198
"452",452,"male","other","yr4","Other","stats","Kinesthetic",2,-2.16694941917079,-1.65932394346567,-1.17716860476703,1,-1.79422804288445,-1.11806932750387,-0.821282758780936,3,0.976690216249011,0.944081543031088,1.5819967764115,2.9,-1.03906839031143,-0.361374336406196,-0.433605347126427,1.83333333333333,-2.12204595127931,-1.37616087947169,-0.968854033316054,3.42857142857143,0.47561470223,0.325111183610207,0.21302969592305,3.71428571428571,0.240359171940299,0.279611587870279,0.037887243032179,4.42857142857143,2.35802551992841,1.2243461433632,0.763257944615647,2.28571428571429,-1.19600491645198,-0.291767908587428,-0.478808829705162,3.57142857142857,0.599484082645681,0.299163966694766,0.365680264752337,3.42857142857143,0.256070968096024,0.0281319551419536,0.0609723603280317,3,1.20550587962215,0.868307466419022,0.562571210069442,3.33333333333333,0.616731817510375,0.343574836846872,0.203189205202321,1.25,-1.19656548524939,-0.649263470838488,-0.297418822153198
"453",453,"female","white","yr3","Other","math04","Auditory",3,-0.745108289398562,-0.940443236688632,-0.444062740709881,1.25,-1.38304712852697,-0.855036885449504,-0.608775446018514,3.66666666666667,1.08821549063969,0.656747792683981,1.47663215861975,2.2,-3.21268803355068,-1.68166381363358,-1.10175544760688,4,2.04219916272112,1.3522340736904,0.930021156470777,4,1.63407371542722,1.02491321206767,0.585424469232283,4,0.90343254616492,0.49231116248744,0.30641406295181,4,1.27311160476219,0.803739556066415,0.425235390964391,4,2.37887639199355,1.22651923176723,0.847737547775263,4,1.31890860635435,0.90116551605563,0.48437333144762,4,1.52262995429359,0.956186066847349,0.585066803663237,4,3.15030649567803,2.3946129552641,1.31647754226797,4,1.99088942395612,1.28966377199986,0.673570682943099,4,5.05099160673814,3.01636126963701,1.25730903988951
"454",454,"female","white","yr1","Business","math01","Kinesthetic",4.33333333333333,1.17644301439756,0.519040806306683,0.602309315488208,3.25,2.2167841846161,1.7687130440612,0.994680073693266,2.66666666666667,-2.36285920655668,-1.44129837465635,-2.19296066948326,2.7,-1.68177161823559,-1.20818794194386,-0.666473730348472,3,0.0958063415389203,0.119062499372324,0.0407996177141286,1,-5.24178222321143,-2.97306949796786,-2.00948824026407,2.28571428571429,-3.28170435397037,-1.70926298722679,-1.12979186945467,1.71428571428571,-4.33939945120758,-2.7450295873817,-1.45194432420969,2.57142857142857,-0.940370071037626,0.062826630865673,-0.534078364201139,1,-5.61509787851869,-3.45367987215748,-2.21851524015639,2.85714285714286,-1.04112728216377,-0.502216498503465,-0.322163970461437,2.33333333333333,-0.184638342750558,-0.152697375630158,-0.0976173256084611,3.66666666666667,1.31136976317891,0.618766956806137,0.480429640987929,1,-1.67193309805374,-0.844137146503784,-0.357745495736532
"455",455,"female","white","yr1","Other","math01","Visual",4,0.693436779273833,0.0413549310099928,0.332642262214006,2.25,0.389154469872997,0.160181677496729,0.171436890438991,4,0.678931108501971,0.275829092129251,1.694184682129,1.2,-6.1308047600295,-3.45906111079044,-2.00240966460476,2.5,-0.880898058848171,-0.516340287787337,-0.402164457203484,3.14285714285714,-0.20746341120061,-0.28772942402684,-0.0541922963805371,2.14285714285714,-3.52180742170153,-2.25832302933677,-1.09343263071319,3.14285714285714,-0.867391716861237,-0.493609816455295,-0.2979285529463,2.42857142857143,-1.06563453579069,-0.316329533876237,-0.488899575157346,3.57142857142857,0.26829512493334,0.335025926577597,0.0479119145586822,4.57142857142857,2.78993547895731,1.72184905216887,1.06087965620593,4,3.15030649567803,2.3946129552641,1.31647754226797,3.33333333333333,0.630764815853194,0.608602426094005,0.186146219329896,2,0.432960482619717,-0.181168134871578,-0.0243974786586425
"456",456,"male","white","yr1","Business","math02","Auditory",3.66666666666667,0.214673878647515,0.203270511174602,0.0839683838705046,3,1.75054076855521,1.08331099389992,0.779077529634855,2,0.325383518477306,0.558974333042071,-1.8025771855801,3,-0.591662260761761,-0.554406461948285,-0.241672046351381,3,0.0958063415389203,0.119062499372324,0.0407996177141286,3,-0.657878264118997,-0.307747691277502,-0.279546433933169,3,-1.50464408453354,-0.936700316326251,-0.481717415392091,3,-1.19521793447544,-0.675355657478984,-0.411400972662834,3.14285714285714,0.581847100625345,0.560722153607507,0.150972268903557,3,-0.99242688860333,-0.550449613348739,-0.416589525753715,3.14285714285714,-0.386669130759809,-0.102541276953245,-0.0828783963568957,2,-0.831501585872319,-0.591434741262175,-0.348936508282686,2,-2.08839911380415,-1.4142525501993,-0.687560328193648,2,0.569041803543553,0.442695658876479,0.180606016138814
"457",457,"female","white","yr5+","Health","stats","Auditory",3,-0.711700411598224,-0.414608314845453,-0.356864462976403,1.5,-0.900335302424213,-0.438103710303957,-0.417670834654042,4,0.678931108501971,0.275829092129251,1.694184682129,4.3,3.1809415102497,1.85231437841473,1.03772355015304,4.33333333333333,2.66358928589163,1.81021115961766,1.21274700479425,4,1.69130261393607,1.0707435715389,0.605772068907801,4.57142857142857,2.29130134581808,1.37252473439895,0.729754726301053,4,1.32220098132725,0.705193682240202,0.454288984542306,2.85714285714286,-0.083825077719845,-0.286011961373755,0.00568344104238701,3.71428571428571,0.585815052284698,0.551621251580353,0.13758680225296,2.57142857142857,-1.61419668255396,-1.20747855380004,-0.810277173094499,2.33333333333333,-0.184638342750558,-0.152697375630158,-0.0976173256084611,4,1.99088942395612,1.28966377199986,0.673570682943099,1,-1.67193309805374,-0.844137146503784,-0.357745495736532
"458",458,"male","white","yr1","STEM","math03","Auditory",4,0.726844657074171,0.567189852853173,0.419840539947484,3.25,2.12206025640993,1.18321490154529,0.99553331514718,3,-0.892983744509534,-0.294353763557868,0.756508245489842,4.9,4.86653662111793,3.05356118103626,1.48641209138297,4.66666666666667,3.34448818788279,2.19439269454598,1.52253234983659,4.57142857142857,2.91387332010357,1.85398182817028,1.07104077586752,4.85714285714286,2.93672569384247,1.70061926327348,0.971224846610202,4.57142857142857,2.68867357232603,1.60905608605702,0.915438753377532,4.57142857142857,3.52397491097476,1.90881299633486,1.14871431965855,4.57142857142857,2.57171288582638,1.85305143089729,0.943337833543762,4.42857142857143,2.46705234110658,1.60489239316609,0.928971540028641,3,1.11750991687416,1.14496413953193,0.404918608091687,3.66666666666667,1.29625147828758,1.0144716520406,0.396330247157491,3.5,3.86645993754365,2.32452564213577,0.974184022535763
"459",459,"male","white","yr2","Health","stats","Kinesthetic",4.33333333333333,1.18691665109635,0.970300264498127,0.634605472386928,4,3.49105568903253,2.19322895591961,1.5967119024908,2,-1.53480455885492,-0.390032968482635,-0.721637855959577,2.2,-2.94044488414297,-1.79689865336193,-0.88333845518495,2.83333333333333,-0.251648179715934,-0.00800101156303786,-0.120336432349236,2.42857142857143,-1.93767786879535,-1.13681630738011,-0.765162740568404,2.71428571428571,-2.10228078438565,-1.47702769237466,-0.670802567013081,2.57142857142857,-2.24747082157783,-1.21259034930789,-0.787108971756883,2.57142857142857,-0.935464175180771,-0.341941732920617,-0.452333940219011,2.57142857142857,-1.87216366490167,-1.02653949923309,-0.719002051595884,3,-0.684186231743829,-0.445928856864912,-0.27957721198634,2,-0.831501585872319,-0.591434741262175,-0.348936508282686,2.33333333333333,-1.42291245136976,-1.00838332425271,-0.477376300366052,1.25,-1.06448060639163,-0.28891234915336,-0.180967813338398
"460",460,"male","white","yr1","Business","math03","Visual",3,-0.734634652699772,-0.489183778497188,-0.411766583811161,3,1.75054076855521,1.08331099389992,0.779077529634855,2.33333333333333,-1.01399490232653,-0.296448018275012,-1.04455499726059,3.3,-0.0238229260862564,0.0804224693488591,-0.247219312909622,3.5,1.0585500753441,0.869384513517666,0.47695421797434,3.85714285714286,1.27631514816799,0.798360159275358,0.423097323404228,3.42857142857143,-0.435167083021537,-0.406797321198053,-0.147082746337573,3.14285714285714,-0.714348101202366,-0.66164905610802,-0.174033790943052,3.42857142857143,1.14453380175448,0.631715681789419,0.477985766632937,3.42857142857143,-0.0871742465486438,-0.0907667177019321,-0.15148582430949,2.57142857142857,-1.63343478814678,-0.983867658109061,-0.650209716263233,2,-0.831501585872319,-0.591434741262175,-0.348936508282686,2.33333333333333,-1.39376116813561,-1.13906043024003,-0.41031989240804,2.25,1.15011742314201,0.842819161090215,0.375505837077082
"461",461,"female","white","yr4","Other","math04","Kinesthetic",5,2.14245548464502,1.47441255690006,1.14164342203661,3.25,2.20138310941545,1.50947197036327,0.987636369647373,3,0.0276244107302661,-0.109278117859766,-1.69038927986261,3.3,0.135367304645494,0.183624388494137,0.0460410399773783,2.5,-0.880898058848171,-0.516340287787337,-0.402164457203484,2.42857142857143,-1.88907302679653,-0.971072397379103,-0.741023142638925,3.14285714285714,-1.16688241480698,-0.746479022663707,-0.388946095061824,2.71428571428571,-2.00916586622004,-1.05595475539571,-0.790469093858608,2.14285714285714,-1.63071477796359,-0.71002651716455,-0.555269970390838,2.14285714285714,-2.99786907315736,-1.90539024439659,-1.16004453553587,2,-2.88517695968469,-1.96229009530568,-1.19425012095043,1.33333333333333,-2.17554238352573,-1.6457212238933,-0.930324350883787,3.66666666666667,1.31136976317891,0.618766956806137,0.480429640987929,2,0.546661373545976,0.55110703580272,0.287280640661604
"462",462,"male","white","yr1","Business","math02","Visual",5,2.14245548464502,1.47441255690006,1.14164342203661,3.5,2.66869386031756,1.66716407181089,1.17169727696595,3,-1.84204955002828,-1.34771342444872,-2.51587781078427,2.9,-0.997255095872317,-0.525777074935249,-0.353819990560289,3,0.0958063415389203,0.119062499372324,0.0407996177141286,3,-0.657878264118997,-0.307747691277502,-0.279546433933169,3,-1.50464408453354,-0.936700316326251,-0.481717415392091,3,-1.19521793447544,-0.675355657478984,-0.411400972662834,3,0.193256545329035,0.132147891150883,0.0631382206629184,4,1.31890860635435,0.90116551605563,0.48437333144762,3,-0.692687153800795,-0.324309887974433,-0.214465075211061,2,-0.831501585872319,-0.591434741262175,-0.348936508282686,2,-2.08839911380415,-1.4142525501993,-0.687560328193648,2,0.569041803543553,0.442695658876479,0.180606016138814
"463",463,"female","white","yr2","Business","math03","Kinesthetic",3,-0.711700411598224,-0.414608314845453,-0.356864462976403,2.5,0.903918588538126,0.65335864908013,0.365055080905808,3.66666666666667,-0.790944353545171,-0.871115518969226,-1.2552842328441,2.8,-1.1363029611042,-0.837949078608656,-0.280541565041317,2,-1.94615126083107,-0.974941429466382,-0.897867142757706,2.57142857142857,-1.52567876908975,-0.771802252156092,-0.567735087761366,2.57142857142857,-2.49131144317437,-1.68967719505882,-0.775826046551927,3,-1.17538609759992,-0.659494188442513,-0.380918563279566,3,0.190095120581442,0.29558494377803,-0.0199049466141209,2,-3.21578030108063,-2.04177241567905,-1.23739040524148,2.71428571428571,-1.32668079100992,-0.583524983386861,-0.417412950324989,2.33333333333333,-0.180427456059958,0.0573960163188686,-0.0976685414326116,3.66666666666667,1.31136976317891,0.618766956806137,0.480429640987929,2.25,1.0444094163479,0.637569334541775,0.240932689722148
"464",464,"male","Black","yr3","Business","math03","Visual",3.66666666666667,0.243838421950443,0.0895039775564828,0.150173486673282,2,-0.0933745489098934,-0.171279899893159,0.000300086824908674,3.33333333333333,1.49749987277741,1.03766649323871,1.25907963511049,4,2.311113911032,1.43011785621558,0.877273376112153,2.16666666666667,-1.51170899928823,-0.890625917193622,-0.696150855092354,3,-0.604148659665461,-0.385107943378688,-0.246903830101648,1.85714285714286,-4.25048238495857,-2.55593308880249,-1.36262021406626,2.42857142857143,-2.57170487082619,-1.50456679441323,-0.885756117738707,2.14285714285714,-1.64052525426021,-0.669851167978426,-0.522663623261957,3.57142857142857,0.352748313962812,0.279156413491289,0.0913021312200562,3.71428571428571,0.913067854156211,0.55886050829276,0.415720401845491,2.33333333333333,-0.138534918031266,-0.185979016212098,-0.0188166325316591,3.66666666666667,1.32540276152173,0.883794546053271,0.463386655115504,1.25,-1.19656548524939,-0.649263470838488,-0.297418822153198
"465",465,"female","Asian","yr1","Health","math02","Kinesthetic",4.66666666666667,1.67615318842146,1.25964414252496,0.915575507629149,1,-1.79422804288445,-1.11806932750387,-0.821282758780936,3.66666666666667,0.148635568547259,-0.107183863142622,0.110673962887821,2.9,-0.882282094604206,-0.62880194397255,-0.170738568536012,2,-1.84352102611466,-1.09161036101643,-0.846038029536956,2.42857142857143,-1.826303664495,-1.1467166079194,-0.691650728752878,3.42857142857143,-0.439966968693011,-0.468490352579354,-0.127943229919703,3,-1.19521793447544,-0.675355657478984,-0.411400972662834,2.71428571428571,-0.384644985163029,-0.170383680142971,-0.125350392316007,2.71428571428571,-1.62942679966124,-0.911544947335739,-0.682153920129862,3.71428571428571,0.868662237395762,0.742007803424892,0.440976298296496,2,-0.831501585872319,-0.591434741262175,-0.348936508282686,2.66666666666667,-0.72827450570122,-0.733191204293443,-0.200135864580444,1.25,-1.19656548524939,-0.649263470838488,-0.297418822153198
"466",466,"male","white","yr3","Health","math02","Visual",2,-2.17941002357355,-1.28263994892596,-1.19977456870307,3,1.69441093201058,1.18865133450666,0.807523935078698,2.66666666666667,-0.493185245798131,-0.202863068067389,-1.3674721385616,2.5,-2.38258827069602,-1.10879438053422,-0.911275612179843,2.16666666666667,-1.49534349502875,-1.12687060070151,-0.674787441948131,2.71428571428571,-1.25020663715167,-0.626309173101679,-0.513677590531822,2.57142857142857,-2.50872404221637,-1.64504516151862,-0.818166164874261,2.14285714285714,-3.36087194285118,-1.83198429949378,-1.14758582491343,3.14285714285714,0.566487405560353,0.387907898317221,0.167691222756239,1.85714285714286,-3.747383556247,-2.28443502972308,-1.52591660180701,2.71428571428571,-1.30299579240433,-0.559244320145152,-0.335529886236299,3.33333333333333,1.81047658471522,1.55041986458201,0.735038483842714,2.33333333333333,-1.42291245136976,-1.00838332425271,-0.477376300366052,2.5,1.62948147801243,1.30120550881844,0.524384996643073
"467",467,"female","white","yr4","Other","math04","Auditory",4,0.703910415972623,0.492614389201437,0.364938419112726,3.25,2.20138310941545,1.50947197036327,0.987636369647373,3.33333333333333,-1.30226812664725,-0.675272464112598,0.974060768999095,3.4,0.389457709046247,0.37302350351378,0.0214052456482695,5,3.98859198390332,2.58540564800849,1.81924269522743,5,3.92602569497344,2.35757411541285,1.45039537239774,5,3.31150917686338,1.92132264130113,1.09454554129571,5,3.74144114399981,2.28283476961181,1.26187175459162,3,0.399925671228896,0.0388163052670589,0.306087503073752,5,3.63024410131203,2.35278064546,1.38533618864896,4.57142857142857,2.78181383347754,1.48480893705207,0.910769039972747,1.66666666666667,-1.47836482899408,-1.03017210689419,-0.600255690956911,1.66666666666667,-2.7970700578155,-1.9544722594057,-0.94775777810683,1.5,-0.721197872445042,-0.454389795173192,-0.237092148569864
"468",468,"female","Black","yr3","STEM","math02","Auditory",5,2.14245548464502,1.47441255690006,1.14164342203661,5,5.29530957999487,3.2846913153037,2.37943781805065,1.66666666666667,-2.06510009880964,-0.773045923754509,-2.30514857520075,3,-0.489849129019096,-0.348435841692464,0.0235604656614224,3.33333333333333,0.772165394217722,0.53447180476536,0.355036037664467,4,1.63407371542722,1.02491321206767,0.585424469232283,3.85714285714286,0.567391721823542,0.257395539961496,0.190651369046603,3.14285714285714,-0.853467372400467,-0.376783692892023,-0.295101243948934,3.71428571428571,1.79885811518524,0.937922450487907,0.61313117112547,2,-3.30376238356101,-2.00206474275311,-1.31755238295505,3.28571428571429,-0.0398346875760392,0.0699533957542947,0.0436380960800681,1.33333333333333,-2.17554238352573,-1.6457212238933,-0.930324350883787,2.33333333333333,-1.43694544971258,-1.27341091349984,-0.460333314493626,1,-1.67193309805374,-0.844137146503784,-0.357745495736532
"469",469,"female","other","yr1","STEM","stats","Visual",3.33333333333333,-0.245398115374665,-0.199839900470353,-0.13079654856894,1.75,-0.440816492782357,-0.452767944583132,-0.247115683233605,3.66666666666667,0.148635568547259,-0.107183863142622,0.110673962887821,2.5,-2.08438221456595,-1.21926980325283,-0.572484186382088,2,-1.81223031236483,-1.25499414029795,-0.823188548356393,2.28571428571429,-2.15111228267355,-1.31718290823125,-0.794087672080948,2.85714285714286,-1.96956135453321,-0.78100353693734,-0.71338248945508,2.71428571428571,-1.91554380322118,-1.35250484886715,-0.683629960695932,2.71428571428571,-0.644683468956216,0.0658464044549139,-0.41039953089288,2.42857142857143,-2.55490544771163,-1.21117438681035,-1.20834994182813,2.85714285714286,-0.995030424374779,-0.556929942811509,-0.437891658751995,2,-0.831501585872319,-0.591434741262175,-0.348936508282686,3,-0.0487548449240131,-0.0622943890997189,-0.00699482262527438,2,0.5426649314799,0.287594363739791,0.198728154678948
"470",470,"male","Black","yr2","Other","math02","Kinesthetic",3.33333333333333,-0.274562658677593,-0.0860733668522339,-0.197001651371717,2.75,1.26782894245245,0.666377818754369,0.587972918270382,3,-0.902469627935849,-0.583781768622119,-1.14991961505235,4.2,2.85243913157702,1.75244724464547,0.888350060341156,3,0.1420222647791,0.0285396243171726,0.065135166931031,3,-0.537880003308623,-0.437561542346575,-0.209826420371604,3.42857142857143,-0.470629071720256,-0.32881170328558,-0.147741394808929,3,-1.19354112761212,-0.63122482368669,-0.415370827522198,3.28571428571429,0.708584988783135,0.308185560072184,0.21776827423656,2.85714285714286,-1.35315343864702,-0.703062523799085,-0.571066831272476,3.57142857142857,0.571145136411742,0.398620223513226,0.244277482667051,2.33333333333333,-0.184638342750558,-0.152697375630158,-0.0976173256084611,2,-2.1175503970383,-1.28357544421197,-0.75461673615166,2.75,2.22894108554239,1.32940496204301,0.524057707075893
"471",471,"female","white","yr1","Business","math02","Visual",3.33333333333333,-0.222463874273117,-0.125264436818617,-0.0758944277341815,3.75,3.08748390861544,2.01708125183638,1.37774253787613,3.33333333333333,-1.32123989349988,-1.2541284742411,-2.83879495208528,3.1,-0.376315793136637,-0.289292427861995,-0.141318708965334,2.33333333333333,-1.1523575304842,-0.778392092313274,-0.522596569477017,3.28571428571429,0.0294654925723215,0.0253782956532246,-0.00262878073102207,4,0.90343254616492,0.49231116248744,0.30641406295181,3.71428571428571,0.587759966487088,0.424356098317554,0.178848028924144,3.42857142857143,1.162910055865,0.699816672274214,0.422504049159521,3.71428571428571,0.719143803244764,0.546005209484681,0.258624157785257,3.71428571428571,0.899675973797651,0.706405334145029,0.432469259186948,3,1.15519156821226,0.691495715051936,0.48382173281679,4,1.99088942395612,1.28966377199986,0.673570682943099,1.75,-0.140122252846586,-0.0542662929594562,-0.0421923276315967
"472",472,"male","white","yr4","Other","stats","Visual",2.66666666666667,-1.19470664672195,-0.892294190142142,-0.626531516250605,2.25,0.333207440648233,0.350993615859132,0.219851103633224,3.33333333333333,-0.381659971407452,-0.490196818414496,-1.47283675635336,4,2.22194812050106,1.46303598975198,0.644759526732645,1,-3.79697930082548,-2.34728064926384,-1.73764345979917,1.71428571428571,-3.53483955390418,-1.88515092365359,-1.36465278853977,2.71428571428571,-2.15715227521312,-1.08976683997435,-0.756782290246271,1.57142857142857,-4.71580036081546,-2.69168556285329,-1.62374533538411,2.14285714285714,-1.57605708338793,-0.897135566583829,-0.561785204748859,2,-3.20572252122864,-2.01010874521169,-1.25578050703098,2.42857142857143,-1.92971491615851,-1.30414940627683,-0.799995053947385,1.66666666666667,-1.48257571568468,-1.24026549884322,-0.60020447513276,2,-2.08839911380415,-1.4142525501993,-0.687560328193648,1.25,-1.19656548524939,-0.649263470838488,-0.297418822153198
"473",473,"female","white","yr3","STEM","math04","Visual",3.66666666666667,0.243838421950443,0.0895039775564828,0.150173486673282,1.25,-1.38304712852697,-0.855036885449504,-0.608775446018514,3,0.967204332822696,0.654653537966838,-0.324431084130683,4.6,3.98391313949176,2.48019330893954,1.26097088057127,1.33333333333333,-3.12146402451642,-1.94459953416661,-1.42580260530103,2.14285714285714,-2.43273103305203,-1.65121433424924,-0.861563981507457,3.28571428571429,-0.717653982955419,-0.596271775632574,-0.223185164186892,2.14285714285714,-3.29491954337482,-2.04295123240607,-1.15100347401433,2.28571428571429,-1.4114946191242,-0.877902706551482,-0.596760274297991,2.42857142857143,-2.13710543665737,-1.40181386177522,-0.744011533118928,3,-0.710309009844124,-0.436252244546839,-0.222706893442969,1.66666666666667,-1.48257571568468,-1.24026549884322,-0.60020447513276,3.33333333333333,0.616731817510375,0.343574836846872,0.203189205202321,1.75,-0.144118694912662,-0.317778965022385,-0.130744813614253
"474",474,"female","other","yr1","STEM","stats","Kinesthetic",2.66666666666667,-1.2176408878235,-0.966869653793878,-0.681433637085363,1.25,-1.38304712852697,-0.855036885449504,-0.608775446018514,3.66666666666667,1.08821549063969,0.656747792683981,1.47663215861975,3.7,1.54570538481227,0.694028341367964,0.660144865625946,3.83333333333333,1.75968651990566,1.11774014551529,0.799566374097471,3.71428571428571,1.19275015562407,0.433154933097356,0.521665832124751,4.57142857142857,2.31951749271044,1.36299515717635,0.775026873801795,4.28571428571429,2.0238571354894,1.2740682466583,0.721340706212737,3,0.457821587332014,0.0868375020057103,0.379907409658051,4.57142857142857,2.72655002564451,1.70747086020726,1.1097357905329,3,-0.658734639027778,-0.549337864771196,-0.416022106091456,2,-0.831501585872319,-0.591434741262175,-0.348936508282686,2.66666666666667,-0.743392790592552,-0.337486509058984,-0.284235258410882,1.25,-1.09485392052136,-0.707526316352977,-0.251398160780922
"475",475,"male","white","yr3","STEM","math03","Visual",3.66666666666667,0.227134483050274,-0.173413483365107,0.106574347806543,1.25,-1.35117764328446,-0.864264686767308,-0.62622967466656,3.33333333333333,0.567405834111292,0.563162842476358,1.79954929992076,3,-0.696168605977766,-0.314361307404878,-0.255894690265229,2.66666666666667,-0.517674551733219,-0.3036876823298,-0.23714677365158,2.42857142857143,-1.76260767286268,-1.08490997183616,-0.619298603410881,3.71428571428571,0.174957275455317,0.105854790125505,0.0155204719258033,3.14285714285714,-0.871498569798473,-0.519923204099528,-0.283478828801044,3.28571428571429,0.856340909602076,0.601404775273016,0.322239202915447,3.42857142857143,0.0310092647213488,0.0414186191805998,-0.0383334313680573,3.28571428571429,-0.0768163715114198,-0.0215689171772921,0.0345375908097446,4,3.15030649567803,2.3946129552641,1.31647754226797,3,-0.077906128158164,0.0683827168876061,-0.0740512305832866,1.5,-0.619486307717012,-0.512652640687681,-0.191071487197587
"476",476,"male","Black","yr3","STEM","math04","Auditory",4.33333333333333,1.17021271219618,0.707382803576537,0.591006333520189,4.25,3.97376751513528,2.61016213106516,1.78781651385527,4,0.678931108501971,0.275829092129251,1.694184682129,1.4,-5.72920746112359,-3.04896631986229,-1.94761620494854,5,3.98859198390332,2.58540564800849,1.81924269522743,5,3.92602569497344,2.35757411541285,1.45039537239774,5,3.31150917686338,1.92132264130113,1.09454554129571,5,3.74144114399981,2.28283476961181,1.26187175459162,3.85714285714286,2.06423417810318,1.75003595317662,0.776172438767069,5,3.63024410131203,2.35278064546,1.38533618864896,5,3.73794706238797,2.23668202166913,1.38459868253754,1,-2.82240562664749,-2.08445858952531,-1.18164353355801,1,-4.12804338268428,-2.76621071129888,-1.36812583376202,1,-1.67193309805374,-0.844137146503784,-0.357745495736532
"477",477,"female","other","yr5+","STEM","math02","Kinesthetic",5,2.14245548464502,1.47441255690006,1.14164342203661,2,-0.0779734737092486,0.0879611738047693,0.00734379087080221,3,-1.84204955002828,-1.34771342444872,-2.51587781078427,1.8,-4.19576105520949,-2.6152759511278,-1.32269342400139,2.83333333333333,-0.134771358602396,-0.230147886111774,-0.0475641554597171,2.42857142857143,-1.69550761382992,-1.09410438662272,-0.541177577063861,4,0.896348703509743,0.667339167713874,0.272819308406779,3.14285714285714,-0.736045424932759,-0.613631516524566,-0.251628248839105,2,-2.04146603011978,-0.615847997566929,-0.892545807310254,3.14285714285714,-0.492583628613758,-0.294053119507251,-0.150557047744222,3.71428571428571,0.928453448720651,0.651175822775193,0.453805403358107,1.33333333333333,-2.17133149683513,-1.43562783194427,-0.930375566707937,3.66666666666667,1.29625147828758,1.0144716520406,0.396330247157491,1,-1.67193309805374,-0.844137146503784,-0.357745495736532
"478",478,"male","white","yr1","STEM","math03","Kinesthetic",2.33333333333333,-1.68394318404706,-1.18163806816898,-0.907501551492826,1.5,-0.939996728926976,-0.601232244712945,-0.413722361904138,4,2.54860506926052,1.51426439871821,2.51967321305066,4.8,4.66098042903057,2.84238722783137,1.45227792236267,2.83333333333333,-0.074418803411996,-0.291215246814899,-0.0181090932886488,4.28571428571429,2.40681974845452,1.52384967712354,0.930426360563912,4.85714285714286,2.93672569384247,1.70061926327348,0.971224846610202,4.85714285714286,3.37980887040168,2.05888376524241,1.14340653641316,2.85714285714286,-0.216027030445412,-0.351643145531575,0.0313245066153474,4.57142857142857,2.90729068415246,1.73461725593877,1.22987136090148,5,3.73794706238797,2.23668202166913,1.38459868253754,2.33333333333333,-0.138534918031266,-0.185979016212098,-0.0188166325316591,3.66666666666667,1.29625147828758,1.0144716520406,0.396330247157491,1.25,-1.19656548524939,-0.649263470838488,-0.297418822153198
"479",479,"male","white","yr1","Business","math02","Auditory",4.66666666666667,1.65944924952129,0.996726681603372,0.87197636876241,3,1.68661899075033,1.01629499877987,0.794018179180556,3,-1.83256366660196,-1.05828541938447,-0.609449950242083,2.9,-1.03419342044111,-0.384050397039094,-0.354017663949259,2.83333333333333,-0.239199100505207,-0.00400187780262286,-0.12000805029947,3.71428571428571,1.03598217699463,0.556253490465101,0.36576490674969,4,0.912276884324787,0.596638542319906,0.3228673815922,3.57142857142857,0.2203440330884,0.129960872511621,0.0788023897503076,3.85714285714286,2.13488033276859,1.25460123713858,0.781331260936473,4,1.28186732487275,0.989797466969114,0.440081329622529,4.14285714285714,1.84571461016013,1.01955840820038,0.608064720489177,2.66666666666667,0.512539211781095,0.462851741368946,0.232451334318415,3.33333333333333,0.659916099087344,0.47792532010668,0.253202627287908,1.5,-0.721197872445042,-0.454389795173192,-0.237092148569864
"480",480,"female","white","yr4","Other","stats","Visual",4,0.703910415972623,0.492614389201437,0.364938419112726,3.75,3.07987477467505,1.93019651386525,1.38420458972837,3.66666666666667,-0.800430236971485,-1.16054352403348,-3.16171209338629,1.6,-4.83746942567084,-2.9946499977003,-1.53234364113446,2.5,-0.797043253267616,-0.600966391080866,-0.362358342882877,2.14285714285714,-2.75148697942052,-1.35610471985378,-1.1638049329986,3.57142857142857,-0.173369577816292,-0.143999554506105,-0.0707127934699144,3,-1.254828167127,-0.695856668885479,-0.479538504875553,2.14285714285714,-1.60531588167997,-1.06062868048058,-0.482889500211258,2,-3.25068153677487,-1.85506641938289,-1.30560944707233,2.71428571428571,-1.32053209259832,-0.548164763714963,-0.415425899121173,1.66666666666667,-1.48257571568468,-1.24026549884322,-0.60020447513276,1.66666666666667,-2.76791877458135,-2.08514936539302,-0.880701370148818,1.5,-0.589112993587282,-0.0940386734880643,-0.120641139755064
"481",481,"female","white","yr4","Other","math04","Visual",3.33333333333333,-0.245398115374665,-0.199839900470353,-0.13079654856894,1.5,-0.883866892382348,-0.70657258531969,-0.442168767347981,3.66666666666667,1.08821549063969,0.656747792683981,1.47663215861975,2.7,-1.44878124978902,-0.899279472354926,-0.408032163980637,4.83333333333333,3.67949362992692,2.31745707172093,1.68334001785019,4,1.75108361017512,0.987730003959073,0.669897390097314,4.28571428571429,1.58759955286885,0.806193446863679,0.55544218404126,4.57142857142857,2.7557941462891,1.65364972343831,0.932869931807556,3.71428571428571,1.78411435357822,1.09779642824963,0.591726137813699,4.28571428571429,1.88533074015687,1.25740492931681,0.631406766607311,4,1.56411755982061,1.00064452412191,0.659571192807781,4,3.15030649567803,2.3946129552641,1.31647754226797,3,-0.0487548449240131,-0.0622943890997189,-0.00699482262527438,1.5,-0.721197872445042,-0.454389795173192,-0.237092148569864
"482",482,"male","white","yr2","STEM","math03","Kinesthetic",4.33333333333333,1.2098508921979,1.04487572814986,0.689507593221686,2.25,0.428998703695625,0.408781809661377,0.187456225439477,3.33333333333333,-1.32123989349988,-1.2541284742411,-2.83879495208528,4.6,4.33687024916806,2.42024370505253,1.43582682441808,4,2.04219916272112,1.3522340736904,0.930021156470777,2.71428571428571,-1.48775796900026,-0.65832285336237,-0.662959830101341,4.85714285714286,3.00040382943356,1.61310406813841,1.0171556425823,4.14285714285714,1.63642068522364,1.07182139422811,0.539730754283483,3.85714285714286,2.23715814641783,0.710553510773262,0.847684869858811,4,1.31890860635435,0.90116551605563,0.48437333144762,4.42857142857143,2.4552559431598,1.37870372186517,0.870700828482222,3,1.15940245490286,0.901589107000962,0.48377051699264,3,-0.0487548449240131,-0.0622943890997189,-0.00699482262527438,1.5,-0.619486307717012,-0.512652640687681,-0.191071487197587
"483",483,"female","white","yr3","Other","math04","Visual",3.66666666666667,0.243838421950443,0.0895039775564828,0.150173486673282,1,-1.79422804288445,-1.11806932750387,-0.821282758780936,4,0.678931108501971,0.275829092129251,1.694184682129,3,-0.696168605977766,-0.314361307404878,-0.255894690265229,4,1.98970636349245,1.46366362469058,0.899668270830485,3.85714285714286,1.34001113980032,0.860166795358605,0.495449448746225,3.71428571428571,0.247481686353357,0.168899300888606,0.102658089363101,3.57142857142857,0.24787489126699,0.0619051251106686,0.109660348723029,4.57142857142857,3.71122310433276,1.89688268257886,1.41021991593663,3.57142857142857,0.297224845883571,0.218237372249896,0.0911437592788256,3.85714285714286,1.18559819485071,0.770019925106024,0.46198716391862,3.33333333333333,1.80626569802462,1.34032647263298,0.735089699666865,4,1.99088942395612,1.28966377199986,0.673570682943099,3.75,4.46991598713968,2.61623776742327,1.06240921895124
"484",484,"male","white","yr1","Other","stats","Kinesthetic",3.66666666666667,0.243838421950443,0.0895039775564828,0.150173486673282,1.25,-1.38304712852697,-0.855036885449504,-0.608775446018514,3.66666666666667,1.07872960721337,0.367319787619731,-0.429795701922442,3.5,0.638895472316703,0.335995914945968,0.187976418081089,3.16666666666667,0.495036377084371,0.281478296421333,0.222525745835363,4.42857142857143,2.61846841380791,1.430154972747,0.937564235617023,4.85714285714286,2.99331998677838,1.78813207336484,0.983560888037269,4.42857142857143,2.35270667005161,1.38092834290659,0.780719445659013,4.28571428571429,3.15108189449324,1.32976386871779,1.20437357264874,4.71428571428571,3.14827515653898,1.94067171911251,1.28169297015064,4.85714285714286,3.41977413196072,2.18556406824411,1.31667433897012,1.66666666666667,-1.43647229096539,-1.27354713942516,-0.521403782055958,4,1.99088942395612,1.28966377199986,0.673570682943099,1,-1.67193309805374,-0.844137146503784,-0.357745495736532
"485",485,"female","white","yr3","Other","math01","Visual",4,0.710140718174002,0.304272391931583,0.376241401080745,2.5,0.768648706307834,0.517913518624555,0.421366239599849,3.66666666666667,-0.790944353545171,-0.871115518969226,-1.2552842328441,3.8,1.82035082159515,1.05294119882383,0.589966067076426,4.33333333333333,2.63296638314324,1.84194838785728,1.19398305076912,3.71428571428571,1.07233619347574,0.541339192075766,0.431424010254698,4,0.921284180421294,0.594036217077094,0.311192103598575,3.71428571428571,0.517750588721127,0.518527214331589,0.168398482251593,3.85714285714286,2.02811041280318,1.06971442287827,0.65813242465249,4.42857142857143,2.1927889061657,1.56371624815897,0.718029752113194,3.85714285714286,1.19899007520927,0.622475099253755,0.445238306577163,2,-0.831501585872319,-0.591434741262175,-0.348936508282686,2,-2.08839911380415,-1.4142525501993,-0.687560328193648,2,0.569041803543553,0.442695658876479,0.180606016138814
"486",486,"female","white","yr2","Business","math03","Visual",4.66666666666667,1.65944924952129,0.996726681603372,0.87197636876241,3.5,2.61256402377294,1.77250441241763,1.20014368240979,2.33333333333333,-1.95357482441896,-1.06037967410162,-2.41051319299251,3.8,1.87725590849552,1.05159730320267,0.693393307387754,1.16666666666667,-3.44868100320088,-2.20748894803267,-1.5741118442836,2,-2.94983024366521,-1.64040859462268,-1.14451733709862,2.14285714285714,-3.60161536780218,-2.05749322197722,-1.19245899502258,2,-3.66354747371307,-2.15445087102438,-1.24803733629006,2,-2.0021737776321,-0.922048100279338,-0.688854759320545,2.71428571428571,-1.64527253849905,-1.05260824328991,-0.654281635298801,2.28571428571429,-2.26111974320391,-1.33766734127894,-0.773501327174102,1.33333333333333,-2.17554238352573,-1.6457212238933,-0.930324350883787,3.66666666666667,1.31136976317891,0.618766956806137,0.480429640987929,2.5,1.86327792159822,1.60329378498908,0.686856666830149
"487",487,"female","white","yr2","Other","math01","Kinesthetic",2.33333333333333,-1.67771288184568,-1.36998006543883,-0.896198569524807,1.5,-0.939996728926976,-0.601232244712945,-0.413722361904138,4,0.678931108501971,0.275829092129251,1.694184682129,2.9,-0.980754225849348,-0.459528264280888,-0.323002698607492,4.83333333333333,3.66300735912874,2.37864981431257,1.66969557677923,5,3.92602569497344,2.35757411541285,1.45039537239774,4.85714285714286,3.00040382943356,1.61310406813841,1.0171556425823,4.57142857142857,2.62379436444531,1.65465484493989,0.836445802289468,2.71428571428571,-0.189675672371115,0.0765151821401282,0.0296980496208458,5,3.63024410131203,2.35278064546,1.38533618864896,4.28571428571429,2.16462351468326,1.24925042532642,0.777199151140672,3,1.15940245490286,0.901589107000962,0.48377051699264,3.33333333333333,0.630764815853194,0.608602426094005,0.186146219329896,1,-1.67193309805374,-0.844137146503784,-0.357745495736532
"488",488,"male","white","yr2","STEM","math03","Kinesthetic",4.66666666666667,1.67615318842146,1.25964414252496,0.915575507629149,2.75,1.25117772509072,0.849375096014444,0.592503043213931,3,-1.84204955002828,-1.34771342444872,-2.51587781078427,5,5.14006484697988,3.24043328690884,1.54541374373052,4.83333333333333,3.66300735912874,2.37864981431257,1.66969557677923,4.85714285714286,3.68569272380007,2.1154674466026,1.3930629557432,5,3.31150917686338,1.92132264130113,1.09454554129571,4.28571428571429,2.08687085651524,1.29234849639536,0.753221608788017,3.57142857142857,1.72867302754114,0.712551321045711,0.724236249983777,4.57142857142857,2.72107491287298,1.68780195299375,1.09241428837515,4.57142857142857,2.77307036414756,1.82666100418728,1.06055821888281,1.66666666666667,-1.48257571568468,-1.24026549884322,-0.60020447513276,2.66666666666667,-0.714241507358401,-0.468163615046309,-0.21717885045287,2.5,1.48540727295645,0.150316370944525,0.142276529880302
"489",489,"female","white","yr5+","STEM","stats","Visual",4.66666666666667,1.65321894731991,1.18506867887323,0.860673386794391,2,0.0507546094218721,-0.391188382424453,-0.074046952710823,1.33333333333333,-0.725721678005802,0.0823764275625742,-3.06317076352027,1.9,-3.90573195932457,-2.36215503460085,-1.23287447970104,4,2.17859624146699,1.14104313332479,1.00585743685866,3.28571428571429,0.0779751079162597,-0.00306945678799241,0.0395747223594824,3.71428571428571,0.267054165994913,0.22593002661486,0.0844447564349265,3.42857142857143,-0.148234022602214,-0.0720211953607173,-0.0465483924441309,2.85714285714286,-0.45260667750971,0.489903689543154,-0.522971561684702,4.42857142857143,2.26425471981755,1.54674011205513,0.856714848037879,2.14285714285714,-2.5832385677675,-1.79214508559377,-1.13767280080026,4,3.15030649567803,2.3946129552641,1.31647754226797,4,1.99088942395612,1.28966377199986,0.673570682943099,2,0.534672047347747,-0.239430980386067,0.0216231827136342
"490",490,"female","white","yr1","STEM","math03","Visual",4.33333333333333,1.17644301439756,0.519040806306683,0.602309315488208,1.5,-0.939996728926976,-0.601232244712945,-0.413722361904138,3.66666666666667,2.02779541273212,1.42067944851058,2.84259035435167,2.3,-2.74947953225356,-1.81204842869599,-0.926449746171586,1.33333333333333,-3.13100560832467,-2.03596001856189,-1.42934418279317,2.28571428571429,-2.04804619197955,-1.369569939075,-0.7130656221509,3,-1.49944189825849,-0.746733588994151,-0.544841598446612,2.42857142857143,-2.59260777765525,-1.76018797803684,-0.884525171717456,2.71428571428571,-0.568531733722054,-0.320839845258542,-0.350469201707564,3.42857142857143,0.236981032004989,0.0393293048076566,0.159457720398247,3.42857142857143,0.263890140398457,0.153745780748145,0.0657773258675935,2.33333333333333,-0.184638342750558,-0.152697375630158,-0.0976173256084611,3,-0.0487548449240131,-0.0622943890997189,-0.00699482262527438,2,0.436956924685793,0.0823445371913509,0.0641550073240141
"491",491,"male","white","yr2","STEM","math02","Kinesthetic",4,0.720614354872792,0.755531850123027,0.408537557979465,1.25,-1.32691729198234,-0.960377226056248,-0.637221851462357,3,-0.902469627935849,-0.583781768622119,-1.14991961505235,2.9,-0.939187181504577,-0.627458048351393,-0.27416580884734,3.16666666666667,0.449488264845627,0.240354620434583,0.202275723773895,3.28571428571429,-0.0328881683912453,0.222652098284189,-0.0314793863085818,3.42857142857143,-0.429601477695393,-0.320010988714065,-0.112775277181319,2.85714285714286,-1.53677981655886,-1.08193746447816,-0.476618798004585,2.85714285714286,0.0348720648584297,-0.155235286314102,0.142393693868356,3.28571428571429,-0.206252487747544,-0.0539070255032394,-0.0578600606763314,3.42857142857143,0.230701938912581,0.041252672232857,0.0350709992991245,2,-0.831501585872319,-0.591434741262175,-0.348936508282686,3.33333333333333,0.645883100744526,0.212897730859546,0.270245613160334,2.5,1.65186190801001,1.1927941318922,0.417710372120283
"492",492,"female","Asian","yr1","Other","math02","Kinesthetic",1.66666666666667,-2.6561859564959,-1.9486678214925,-1.45813864000925,1.5,-0.932204787666722,-0.428875908986152,-0.400216606005996,3.33333333333333,1.49749987277741,1.03766649323871,1.25907963511049,4.6,4.11868151994109,2.47476957382701,1.34101205685975,2.16666666666667,-1.53291108476707,-0.942580145474971,-0.703654259552084,3,-0.510150043337542,-0.332562290206132,-0.140375318612634,3.57142857142857,-0.161244569675612,0.0241011987405432,-0.0473601225205787,3,-1.19521793447544,-0.675355657478984,-0.411400972662834,2.71428571428571,-0.464078580124263,-0.12306881473927,-0.22673174870393,3.42857142857143,0.189569124457114,0.00656686698048029,0.160359505561965,2.71428571428571,-1.34300088536932,-0.587519840102574,-0.357105779089272,3,1.15940245490286,0.901589107000962,0.48377051699264,3,-0.0487548449240131,-0.0622943890997189,-0.00699482262527438,2,0.432960482619717,-0.181168134871578,-0.0243974786586425
"493",493,"male","white","yr1","STEM","math04","Kinesthetic",3.33333333333333,-0.222463874273117,-0.125264436818617,-0.0758944277341815,2.5,0.800518191550344,0.508685717306751,0.403912010951803,3,0.967204332822696,0.654653537966838,-0.324431084130683,3.7,1.52483559750371,0.76127231393315,0.641014059717623,2.33333333333333,-1.2159035008923,-0.639404664962284,-0.562972125217082,2.85714285714286,-0.723556740697654,-0.519577616634469,-0.21153652173867,2.71428571428571,-2.19053291498428,-1.46562226751663,-0.68242800879101,2.85714285714286,-1.46798243573246,-0.993212993304578,-0.463157474433925,2.42857142857143,-0.84889881921865,-0.648007803155682,-0.184583912255726,2.85714285714286,-1.16675013011882,-0.956943952616105,-0.377698374615994,2.71428571428571,-1.28810063234603,-0.652425963790482,-0.392639953461484,3,1.11329903018356,0.934870747582902,0.404969823915838,3.66666666666667,1.31136976317891,0.618766956806137,0.480429640987929,1.5,-0.619486307717012,-0.512652640687681,-0.191071487197587
"494",494,"female","white","yr1","Other","math01","Kinesthetic",2.66666666666667,-1.20093694892333,-0.703952192872288,-0.637834498218624,1,-1.79422804288445,-1.11806932750387,-0.821282758780936,3.33333333333333,1.49749987277741,1.03766649323871,1.25907963511049,3.5,0.870502508552038,0.444137333969825,0.31700226348172,4.83333333333333,3.64029368627872,2.44561394677732,1.65571107971186,5,3.92602569497344,2.35757411541285,1.45039537239774,4.28571428571429,1.58756088111097,0.741877728618919,0.524266092255369,4.85714285714286,3.37453989517252,2.12498353553177,1.13255111753781,3.57142857142857,1.50421619153518,0.785400414286052,0.526377741423382,4.71428571428571,2.91229578693245,1.86543500200652,1.04643462204516,4.57142857142857,2.81623900793571,1.62040787731125,0.988388844486509,4,3.15030649567803,2.3946129552641,1.31647754226797,3.66666666666667,1.29625147828758,1.0144716520406,0.396330247157491,1.5,-0.619486307717012,-0.512652640687681,-0.191071487197587
"495",495,"female","white","yr1","STEM","stats","Kinesthetic",4.33333333333333,1.19314695329773,0.781958267228272,0.645908454354947,1.75,-0.496946329326985,-0.347427603976387,-0.218669277789762,3,-0.911955511362164,-0.873209773686369,-3.05634747559453,2.9,-0.877453730126504,-0.76549343094603,-0.289295848544262,1.83333333333333,-2.13697116076966,-1.44902178369806,-0.970340101352393,2.14285714285714,-2.44135508956206,-1.53130078371946,-0.857771983253496,4,0.820343930083459,0.629367596432812,0.200488346333469,3,-1.17179392923409,-0.769724792524169,-0.366093289544856,3.28571428571429,0.921265214901284,0.176999616213688,0.330433968657694,2.42857142857143,-2.17220049881833,-1.3096748438086,-0.807753793838464,2.71428571428571,-1.33647291038053,-0.910818704437958,-0.570341480893922,2,-0.831501585872319,-0.591434741262175,-0.348936508282686,3.33333333333333,0.616731817510375,0.343574836846872,0.203189205202321,1.25,-1.06448060639163,-0.28891234915336,-0.180967813338398
"496",496,"female","white","yr1","Other","math02","Kinesthetic",5,2.14245548464502,1.47441255690006,1.14164342203661,3.25,2.16172168291269,1.34634343595428,0.991584842397277,2.66666666666667,-2.36285920655668,-1.44129837465635,-2.19296066948326,1.4,-5.42457768320557,-3.27634898490633,-1.80883284458735,1.83333333333333,-2.14639197803921,-1.3653303271771,-0.981600650917792,2,-2.94983024366521,-1.64040859462268,-1.14451733709862,2.28571428571429,-3.35418815596344,-1.66175945367943,-1.16099989228127,2.28571428571429,-3.00334652219029,-1.6343466827686,-1.01467088258971,1.85714285714286,-2.30662043055579,-1.08811798929222,-0.9364891703888,2,-3.30376238356101,-2.00206474275311,-1.31755238295505,2.14285714285714,-2.59833225352489,-1.43206892048071,-0.880960473742664,2.33333333333333,-0.184638342750558,-0.152697375630158,-0.0976173256084611,2.33333333333333,-1.40887945302694,-0.743355735005575,-0.494419286238478,1.25,-1.19656548524939,-0.649263470838488,-0.297418822153198
"497",497,"female","white","yr1","Health","stats","Kinesthetic",3.66666666666667,0.220904180848895,0.0149285139047472,0.0952713658385237,1.75,-0.472685978024866,-0.443540143265327,-0.229661454585559,3,0.976690216249011,0.944081543031088,1.5819967764115,2.3,-2.67616173001651,-1.63523624333381,-0.782715689751027,2.33333333333333,-1.17507120333422,-0.711427959848527,-0.536581066544382,3.28571428571429,0.258265292958525,-7.5620904010182e-05,0.175877960258023,3.28571428571429,-0.854016571872468,-0.158905064442085,-0.328697632253055,3.57142857142857,0.215092152231075,-0.055185783010449,0.0505738699908492,1.71428571428571,-2.71438826014299,-1.32999926771363,-1.09130739889243,3.57142857142857,0.425078484072105,0.192952422940714,0.194859612653376,2.85714285714286,-1.00924383467855,-0.710981093662848,-0.450698693841651,2.66666666666667,0.512539211781095,0.462851741368946,0.232451334318415,4,1.99088942395612,1.28966377199986,0.673570682943099,1,-1.67193309805374,-0.844137146503784,-0.357745495736532
"498",498,"female","other","yr1","STEM","math02","Auditory",3.33333333333333,-0.268332356476213,-0.274415364122088,-0.185698669403698,1.25,-1.3433857020242,-0.691908351040515,-0.612723918768418,3.66666666666667,2.02779541273212,1.42067944851058,2.84259035435167,2.7,-1.4315206125118,-0.990994603525606,-0.368398586956954,3.16666666666667,0.530485048960339,0.227954581703998,0.250972313963861,3.28571428571429,-0.110527964077469,0.145641639465787,-0.107282382585562,4,0.875216399272556,0.501840739710037,0.261141915451068,3.71428571428571,0.60085179563351,0.102930235627441,0.236153676779466,2.42857142857143,-0.80983529165298,-0.470966836447899,-0.10259863542716,3.28571428571429,-0.239595157054609,-0.0528279188130079,-0.136575799179004,3.85714285714286,1.15947541675042,0.779696537424096,0.51885748246199,2,-0.831501585872319,-0.591434741262175,-0.348936508282686,3.33333333333333,0.630764815853194,0.608602426094005,0.186146219329896,1,-1.67193309805374,-0.844137146503784,-0.357745495736532
"499",499,"female","white","yr3","Health","stats","Kinesthetic",4.66666666666667,1.67615318842146,1.25964414252496,0.915575507629149,3.25,2.15392974165244,1.17398710022748,0.978079086499135,3.33333333333333,-0.372174087981137,-0.200768813350245,0.433591104188832,3.1,-0.411582986106184,-0.169194350528868,-0.188786681922966,3,0.0958063415389203,0.119062499372324,0.0407996177141286,2.85714285714286,-0.951940839745898,-0.472494107986572,-0.369521454419227,3.28571428571429,-0.811469781733108,-0.625420357192825,-0.244364572296266,3.14285714285714,-0.867906401432635,-0.630153808181184,-0.268653555066334,2.57142857142857,-0.645272827389251,-0.451733976415553,-0.137573704976292,2.71428571428571,-1.67489248788848,-0.940800318109774,-0.700702393860589,2.85714285714286,-0.991621978635222,-0.599038737090442,-0.442456875609743,2,-0.831501585872319,-0.591434741262175,-0.348936508282686,3.66666666666667,1.29625147828758,1.0144716520406,0.396330247157491,1.5,-0.619486307717012,-0.512652640687681,-0.191071487197587
"500",500,"female","Asian","yr1","STEM","math03","Visual",4.33333333333333,1.2098508921979,1.04487572814986,0.689507593221686,2.75,1.33935985419773,0.820278551845553,0.566570216872433,3.33333333333333,-0.381659971407452,-0.490196818414496,-1.47283675635336,2.3,-2.71566292191692,-1.77527029189847,-0.939424399123592,1.33333333333333,-3.13100560832467,-2.03596001856189,-1.42934418279317,2.42857142857143,-1.95845752416821,-1.00336930279845,-0.73791514189994,3.85714285714286,0.511200707852842,0.55789042149847,0.109004506867294,3.28571428571429,-0.369332856097022,-0.347770440032303,-0.173389515157451,2.14285714285714,-1.44065004561144,-0.827720669481618,-0.285870757342976,2.42857142857143,-2.20748938744603,-1.3121028041715,-0.867019273446692,1.71428571428571,-3.55670174391421,-2.20356904718774,-1.32494693302674,2.33333333333333,-0.138534918031266,-0.185979016212098,-0.0188166325316591,3,-0.0487548449240131,-0.0622943890997189,-0.00699482262527438,2.5,1.4934001570886,0.677341715070383,0.319381501845616
"501",501,"male","other","yr5+","Business","math03","Kinesthetic",3,-0.717930713799604,-0.226266317575598,-0.368167444944422,1.5,-0.876074951122094,-0.534216249592896,-0.428663011449839,2.66666666666667,-1.42327928446425,-0.677366718829742,-0.827002473751335,2.9,-0.933305009706103,-0.623192465570981,-0.264335684012361,3.83333333333333,1.6765708179286,1.26090692475508,0.75044953443205,3.14285714285714,-0.373078147947328,-0.416290125919243,-0.162804815175047,2.85714285714286,-1.9783670209352,-0.821015198525046,-0.698659716309579,3.28571428571429,-0.508704173908419,-0.388385357663717,-0.139708467601985,3,0.132048591753269,0.36001073685819,-0.0220434556011449,3.71428571428571,0.600960291974771,0.413819872602149,0.145471764843824,2.85714285714286,-1.03591163322919,-0.592497672610661,-0.454456983857126,2.66666666666667,0.512539211781095,0.462851741368946,0.232451334318415,2.33333333333333,-1.40779416647843,-1.40408801948717,-0.393276906535614,2,0.534672047347747,-0.239430980386067,0.0216231827136342
"502",502,"female","white","yr2","Other","stats","Kinesthetic",5,2.14245548464502,1.47441255690006,1.14164342203661,2.5,0.832387676792853,0.499457915988946,0.386457782303757,3.33333333333333,-1.32123989349988,-1.2541284742411,-2.83879495208528,2.6,-1.85720362270421,-1.39588732084347,-0.647937412976129,1.83333333333333,-2.12204595127931,-1.37616087947169,-0.968854033316054,3.14285714285714,-0.113464794872692,-0.235183770854284,0.0523362151084765,3,-1.50116274364367,-0.702039260130752,-0.521850224871672,3.71428571428571,0.547981570711051,0.419716555947529,0.141192906094694,3.14285714285714,0.457718215527216,-0.126837648960906,0.147913597240637,3.14285714285714,-0.528185363455735,-0.386211798143464,-0.183018842153138,1.85714285714286,-3.22947266821223,-2.00373143641263,-1.20530414597447,1.33333333333333,-2.17554238352573,-1.6457212238933,-0.930324350883787,3.66666666666667,1.31136976317891,0.618766956806137,0.480429640987929,1.25,-1.19656548524939,-0.649263470838488,-0.297418822153198
"503",503,"female","white","yr2","Other","math01","Kinesthetic",2.66666666666667,-1.19470664672195,-0.892294190142142,-0.626531516250605,1.5,-0.939996728926976,-0.601232244712945,-0.413722361904138,2.66666666666667,-1.42327928446425,-0.677366718829742,-0.827002473751335,2.4,-2.13682858184508,-1.56684413165278,-0.378098071626285,3.16666666666667,0.608041159886986,-0.0410873587045905,0.303834624788314,4.57142857142857,3.03992297269946,1.71851466162256,1.17224350678708,4.28571428571429,1.67277459990445,1.20786865311602,0.512563460430935,3.57142857142857,0.384473064052793,0.127030080563467,0.184189172589682,1.85714285714286,-2.38396466865433,-1.33980764911375,-0.964019719564379,3.85714285714286,1.22750807671478,0.701330551714284,0.665312116514902,3.28571428571429,-0.068069909864715,-0.150110780494521,-0.0245595276192564,2,-0.831501585872319,-0.591434741262175,-0.348936508282686,1.33333333333333,-3.43340543701574,-2.49101859133961,-1.09088539797641,3.5,4.10025638112944,2.62661391830641,1.13665569272284
"504",504,"female","white","yr1","STEM","stats","Kinesthetic",3.33333333333333,-0.245398115374665,-0.199839900470353,-0.13079654856894,2,-0.0218436371646205,-0.0173791668019752,-0.0211026145730408,4,0.678931108501971,0.275829092129251,1.694184682129,2.5,-2.02269746726999,-1.2939660455832,-0.517514225330706,2.83333333333333,-0.290130838426057,-0.0266259736204653,-0.13820256290514,3.57142857142857,0.630545397067385,0.401407374295327,0.202277874448105,3.42857142857143,-0.427841960552331,-0.300389599332705,-0.104590558970367,3.14285714285714,-0.858736347629628,-0.310683922602662,-0.30595666282428,3.57142857142857,1.37166935305618,0.777442444194317,0.476869256489088,2.57142857142857,-1.93316224575244,-1.10712744768799,-0.736481925694861,3.57142857142857,0.578388318358703,0.215715177989058,0.225541574121778,2.33333333333333,-0.138534918031266,-0.185979016212098,-0.0188166325316591,3,-0.0487548449240131,-0.0622943890997189,-0.00699482262527438,2.25,1.01403610221817,0.218955367342158,0.170502342279625
"505",505,"female","white","yr2","STEM","math02","Visual",4.33333333333333,1.2098508921979,1.04487572814986,0.689507593221686,2.5,0.872049103295616,0.662586450397935,0.382509309553854,2.66666666666667,-1.42327928446425,-0.677366718829742,-0.827002473751335,2.7,-1.44878124978902,-0.899279472354926,-0.408032163980637,4.33333333333333,2.74581173756231,1.66945147615398,1.25379099858048,5,3.92602569497344,2.35757411541285,1.45039537239774,4.85714285714286,2.94729087738752,1.76025231424254,0.964686791675653,5,3.74144114399981,2.28283476961181,1.26187175459162,4.85714285714286,4.27267085400216,2.06260469762065,1.55347706195531,5,3.63024410131203,2.35278064546,1.38533618864896,4.85714285714286,3.43316601231928,2.03801924239184,1.29992548162866,2,-0.831501585872319,-0.591434741262175,-0.348936508282686,3.66666666666667,1.29625147828758,1.0144716520406,0.396330247157491,1,-1.67193309805374,-0.844137146503784,-0.357745495736532
"506",506,"female","white","yr1","Other","math01","Visual",4.66666666666667,1.67615318842146,1.25964414252496,0.915575507629149,3,1.80667060509984,0.977970653293171,0.750631124191012,3.33333333333333,-1.32123989349988,-1.2541284742411,-2.83879495208528,3.5,0.792268187150996,0.515923905910101,0.301315011225845,3.33333333333333,0.794035290698,0.454779482004807,0.366624969279631,3.85714285714286,1.27673084950595,0.819989751366021,0.443619131712715,4.57142857142857,2.27172886617652,1.3154940086727,0.747968059229228,4.14285714285714,1.63642068522364,1.07182139422811,0.539730754283483,4.42857142857143,3.40747049706399,1.6927069470166,1.31784868646234,4,1.52135148018709,0.882914361522318,0.645392722161734,4.42857142857143,2.45848663033798,1.64166969394377,0.972448165281587,3,1.11329903018356,0.934870747582902,0.404969823915838,4,1.99088942395612,1.28966377199986,0.673570682943099,3.5,3.88884036754123,2.21611426520953,0.867509398012973
"507",507,"female","white","yr5+","STEM","other","Kinesthetic",4,0.710140718174002,0.304272391931583,0.376241401080745,2.5,0.879658237236006,0.74947118836907,0.376047257701605,4,2.54860506926052,1.51426439871821,2.51967321305066,2.1,-3.52892012031003,-2.16688089202528,-1.29810037638222,4.66666666666667,3.33742273435417,2.17189398061666,1.52014845833103,4.42857142857143,2.61981074447667,1.68923541146121,0.98106575538146,4.42857142857143,1.90923141208584,1.10972935275071,0.59511793603423,4.85714285714286,3.37813206353836,2.01475293145011,1.14737639127252,3.28571428571429,1.14371571839944,0.597376370339143,0.62910582138838,4.85714285714286,3.30655883274993,2.11153578409617,1.27515088495529,2.85714285714286,-1.00507864770541,-0.536335579350973,-0.44734352979062,4,3.15030649567803,2.3946129552641,1.31647754226797,4,1.99088942395612,1.28966377199986,0.673570682943099,1.5,-0.619486307717012,-0.512652640687681,-0.191071487197587
"508",508,"male","white","yr2","Business","math02","Auditory",2.33333333333333,-1.69017348624844,-0.993296070899123,-0.918804533460845,1,-1.79422804288445,-1.11806932750387,-0.821282758780936,3.33333333333333,0.567405834111292,0.563162842476358,1.79954929992076,3.7,1.32758131148633,0.829545864741712,0.395238463160346,2.5,-0.844102952877542,-0.52317170632152,-0.38908945755198,4.42857142857143,2.6825801067782,1.51359120092091,1.03043816926751,5,3.31150917686338,1.92132264130113,1.09454554129571,4.71428571428571,3.01482298307691,1.74667109328841,1.03288102795343,5,4.56449623865807,2.32089057238357,1.63233687488761,4,1.31890860635435,0.90116551605563,0.48437333144762,5,3.73794706238797,2.23668202166913,1.38459868253754,2,-0.831501585872319,-0.591434741262175,-0.348936508282686,3.66666666666667,1.31136976317891,0.618766956806137,0.480429640987929,1.25,-1.19656548524939,-0.649263470838488,-0.297418822153198
"509",509,"male","white","yr2","STEM","math04","Visual",3.66666666666667,0.237608119749063,0.277845974826337,0.138870504705263,2.25,0.396946411133252,0.332538013223523,0.184942646337133,3,-0.902469627935849,-0.583781768622119,-1.14991961505235,2.7,-1.48882399167891,-0.918140695813744,-0.354902683081658,2.16666666666667,-1.41590777222186,-1.00521699261408,-0.638249224792788,2.28571428571429,-2.03537966512388,-1.167282138594,-0.734063319417942,3.14285714285714,-1.16688241480698,-0.746479022663707,-0.388946095061824,3.28571428571429,-0.422913885361751,-0.235517093312361,-0.117100022809295,2.42857142857143,-0.988123414117317,-0.294935833512678,-0.286805034335762,3.14285714285714,-0.415864617890731,-0.462829325133515,-0.0782343891468385,3.42857142857143,0.27001807167235,0.150925755530248,0.161054083246708,3.66666666666667,2.50344325255627,1.95587558963208,1.06515835959374,3,-0.0638731298153453,0.33341030613474,-0.0910942164557125,1.5,-0.619486307717012,-0.512652640687681,-0.191071487197587
"510",510,"male","Black","yr1","STEM","stats","Kinesthetic",3.66666666666667,0.227134483050274,-0.173413483365107,0.106574347806543,2.5,0.872049103295616,0.662586450397935,0.382509309553854,2.66666666666667,-2.36285920655668,-1.44129837465635,-2.19296066948326,5,5.14006484697988,3.24043328690884,1.54541374373052,4.16666666666667,2.32315074422876,1.72078164868354,1.04831756580946,4,2.01922579310491,0.854731146052032,0.899310327287901,3.57142857142857,-0.254861634691332,0.119607973895904,-0.140325195243289,3.57142857142857,0.3273668354417,0.00778517629960811,0.179963370400305,3.42857142857143,1.17484302550086,0.5919833310764,0.242528137206459,4.71428571428571,2.91054339407855,1.95649491328291,1.0614080998283,4,1.55108418890154,0.751350021077104,0.554387003316069,3,1.11750991687416,1.14496413953193,0.404918608091687,2.33333333333333,-1.36460988490146,-1.26973753622736,-0.343263484450028,1.75,-0.245830259640692,-0.259516119507896,-0.17676547498653
"511",511,"female","other","yr1","STEM","math03","Kinesthetic",4,0.710140718174002,0.304272391931583,0.376241401080745,1,-1.79422804288445,-1.11806932750387,-0.821282758780936,3.33333333333333,-0.381659971407452,-0.490196818414496,-1.47283675635336,4.9,4.93926619752692,3.03538589144476,1.51801701390241,5,3.98859198390332,2.58540564800849,1.81924269522743,5,3.92602569497344,2.35757411541285,1.45039537239774,5,3.31150917686338,1.92132264130113,1.09454554129571,5,3.74144114399981,2.28283476961181,1.26187175459162,5,4.56449623865807,2.32089057238357,1.63233687488761,5,3.63024410131203,2.35278064546,1.38533618864896,5,3.73794706238797,2.23668202166913,1.38459868253754,2,-0.831501585872319,-0.591434741262175,-0.348936508282686,3.33333333333333,0.631850102401707,-0.0521298583875875,0.28728859903276,1.75,-0.0384106881185559,-0.112529138473945,0.00382833374068003
"512",512,"female","white","yr1","Health","math02","Auditory",2.66666666666667,-1.2176408878235,-0.966869653793878,-0.681433637085363,2,-0.00537522712275609,-0.285848041817709,-0.0456005472669801,3.33333333333333,-0.372174087981137,-0.200768813350245,0.433591104188832,3,-0.696168605977766,-0.314361307404878,-0.255894690265229,2.5,-0.818913149747894,-0.521274068320314,-0.373947274498042,3,-0.657878264118997,-0.307747691277502,-0.279546433933169,3,-1.50464408453354,-0.936700316326251,-0.481717415392091,3,-1.19521793447544,-0.675355657478984,-0.411400972662834,3,0.193256545329035,0.132147891150883,0.0631382206629184,2.85714285714286,-1.32158726993696,-0.81136338192608,-0.544096331605131,3,-0.692687153800795,-0.324309887974433,-0.214465075211061,2,-0.831501585872319,-0.591434741262175,-0.348936508282686,2,-2.08839911380415,-1.4142525501993,-0.687560328193648,2,0.569041803543553,0.442695658876479,0.180606016138814
"513",513,"male","white","yr1","Business","math03","Kinesthetic",4,0.74354859597434,0.830107313774762,0.463439678814223,1.75,-0.449492961563967,-0.0119427338406045,-0.209111994641524,4,-0.251162930164145,-0.198674558633102,2.23465434693926,3.9,2.10618014354453,1.23043984091147,0.812359248163352,2.16666666666667,-1.48664568759025,-1.04823830660204,-0.673641429908193,2.42857142857143,-1.91597158409169,-1.03281246533822,-0.769430627780919,3.14285714285714,-1.12833944867488,-0.671844954265775,-0.359682086608589,3.42857142857143,-0.149893735093702,-0.367398454964443,-0.0599516384688798,2.85714285714286,-0.0956016876076568,-0.344348811991909,-0.0795093730968742,2,-3.21753269393454,-1.95071250440265,-1.22241692745835,3.14285714285714,-0.338968038109552,0.0621190681060179,0.0152485555137975,2,-0.831501585872319,-0.591434741262175,-0.348936508282686,3,-0.0487548449240131,-0.0622943890997189,-0.00699482262527438,1.75,-0.245830259640692,-0.259516119507896,-0.17676547498653
"514",514,"male","white","yr1","Other","math01","Kinesthetic",3.33333333333333,-0.262102054274834,-0.462757361391943,-0.174395687435678,2,0.0188851241793628,-0.381960581106649,-0.0565927240627773,3.33333333333333,1.49749987277741,1.03766649323871,1.25907963511049,3,-0.696168605977766,-0.314361307404878,-0.255894690265229,3.83333333333333,1.74101003864308,1.11951240162797,0.798897936051303,2.42857142857143,-1.72931668210461,-1.18680159770732,-0.59987512456733,3,-1.34386754303687,-0.885061230421182,-0.382954356176864,2.28571428571429,-2.92976207043032,-1.58750197705286,-0.972022961298342,2.28571428571429,-1.31839639288092,-0.397574441931372,-0.485774111261083,2.85714285714286,-1.28579799784626,-1.0199014350519,-0.455723153066061,2.57142857142857,-1.60248584045653,-1.10431179550172,-0.680352266895114,1.66666666666667,-1.48257571568468,-1.24026549884322,-0.60020447513276,3.33333333333333,0.616731817510375,0.343574836846872,0.203189205202321,1.25,-1.19656548524939,-0.649263470838488,-0.297418822153198
"515",515,"female","white","yr1","Business","math03","Visual",4,0.710140718174002,0.304272391931583,0.376241401080745,1,-1.79422804288445,-1.11806932750387,-0.821282758780936,3,0.976690216249011,0.944081543031088,1.5819967764115,4.3,3.03282112437085,1.83905775887391,0.832721904231905,1,-3.79697930082548,-2.34728064926384,-1.73764345979917,2.14285714285714,-2.424106976542,-1.77112788477902,-0.865355979761418,3.71428571428571,0.270334835975726,0.289703400029043,0.091344108743872,3.57142857142857,0.336089173692783,-0.151017784913216,0.126245239719501,1.28571428571429,-3.54307976711111,-1.6689867492555,-1.35235871520199,3.28571428571429,-0.268724993689571,-0.425870052906414,-0.114942697546379,2.57142857142857,-1.64080989516039,-1.38329889960973,-0.848601923288928,1.33333333333333,-2.17554238352573,-1.6457212238933,-0.930324350883787,1.33333333333333,-3.44852372190707,-2.09531389610515,-1.17498479180685,1,-1.67193309805374,-0.844137146503784,-0.357745495736532
"516",516,"female","white","yr2","STEM","other","Kinesthetic",4.66666666666667,1.65944924952129,0.996726681603372,0.87197636876241,2.25,0.349675850690098,0.0825247408433987,0.195353170939285,3.33333333333333,0.557919950684978,0.273734837412108,-0.106878560621431,2.5,-2.05532314686372,-1.18861822419612,-0.592196278526282,1,-3.79697930082548,-2.34728064926384,-1.73764345979917,1.28571428571429,-4.53273218181646,-2.53593966899524,-1.73683847427444,2.57142857142857,-2.5762440222397,-1.3830443059877,-0.921968454868335,1.71428571428571,-4.28588539096233,-2.51555407903619,-1.46254379575503,1.71428571428571,-2.52432352779084,-1.4476934200307,-0.821908185844563,1.57142857142857,-4.27236529724565,-2.53799456318862,-1.69883901924112,1.14285714285714,-4.80514843956231,-2.83418384419297,-1.74560448939224,1.66666666666667,-1.48257571568468,-1.24026549884322,-0.60020447513276,3.66666666666667,1.29625147828758,1.0144716520406,0.396330247157491,1.25,-1.19656548524939,-0.649263470838488,-0.297418822153198
"517",517,"female","white","yr1","Business","math03","Kinesthetic",4,0.720614354872792,0.755531850123027,0.408537557979465,2.5,0.832387676792853,0.499457915988946,0.386457782303757,2.66666666666667,-0.483699362371816,0.0865649369968614,0.53895572198059,2.5,-1.95906970487374,-1.38701384403429,-0.537203235809813,1.66666666666667,-2.46339956191398,-1.66850580768978,-1.12228278525279,3.85714285714286,1.37594945494347,0.823622904878607,0.540586743942745,3.71428571428571,0.224267054826987,0.197507922661986,0.041293920596365,3,-1.14085958268121,-0.840001301594559,-0.371491960209573,2.28571428571429,-1.09077813212737,-0.63386058779886,-0.204872435423649,2.42857142857143,-2.1072916608012,-1.41905480862582,-0.702067555668447,1.71428571428571,-3.53766216402048,-2.160285421411,-1.2854121300256,2.33333333333333,-0.138534918031266,-0.185979016212098,-0.0188166325316591,4,1.99088942395612,1.28966377199986,0.673570682943099,1,-1.67193309805374,-0.844137146503784,-0.357745495736532
"518",518,"female","other","yr1","STEM","math02","Visual",4,0.710140718174002,0.304272391931583,0.376241401080745,2.25,0.381545335932607,0.073296939525594,0.177898942291239,3.66666666666667,-0.790944353545171,-0.871115518969226,-1.2552842328441,4,2.22194812050106,1.46303598975198,0.644759526732645,2.83333333333333,-0.213292012437484,-0.148886076915235,-0.0951030596631091,3,-0.537880003308623,-0.437561542346575,-0.209826420371604,3.14285714285714,-1.08383149212177,-0.688117179176299,-0.339522624344967,3,-1.19521793447544,-0.675355657478984,-0.411400972662834,2.85714285714286,-0.0985688393268683,-0.126137983612035,-0.0157215922693844,3,-0.99242688860333,-0.550449613348739,-0.416589525753715,3,-0.692687153800795,-0.324309887974433,-0.214465075211061,2,-0.831501585872319,-0.591434741262175,-0.348936508282686,3,-0.0487548449240131,-0.0622943890997189,-0.00699482262527438,1.25,-1.19656548524939,-0.649263470838488,-0.297418822153198
"519",519,"female","white","yr2","Business","math03","Kinesthetic",5,2.14245548464502,1.47441255690006,1.14164342203661,3.75,3.06340636463318,2.19866538888098,1.40870252242231,3,-1.84204955002828,-1.34771342444872,-2.51587781078427,2.8,-1.09412557317019,-0.890370292175506,-0.174770259832185,3.16666666666667,0.476359895821791,0.283250552534021,0.221857307789195,3.14285714285714,-0.297131330797298,-0.173825281445656,-0.131972195408579,3,-1.50464408453354,-0.936700316326251,-0.481717415392091,3,-1.19521793447544,-0.675355657478984,-0.411400972662834,3,0.193256545329035,0.132147891150883,0.0631382206629184,3,-0.99242688860333,-0.550449613348739,-0.416589525753715,3.28571428571429,-0.045983385987639,0.034593176082396,0.0416510448762516,2,-0.831501585872319,-0.591434741262175,-0.348936508282686,2.33333333333333,-1.42291245136976,-1.00838332425271,-0.477376300366052,2,0.569041803543553,0.442695658876479,0.180606016138814
"520",520,"female","white","yr2","Other","math01","Auditory",3,-0.734634652699772,-0.489183778497188,-0.411766583811161,1,-1.79422804288445,-1.11806932750387,-0.821282758780936,3.33333333333333,1.49749987277741,1.03766649323871,1.25907963511049,4,2.22194812050106,1.46303598975198,0.644759526732645,3,0.0958063415389203,0.119062499372324,0.0407996177141286,3.28571428571429,0.0328695599727544,-0.0456227552165834,0.00314012027400021,3,-1.50464408453354,-0.936700316326251,-0.481717415392091,4.14285714285714,1.56647827647715,0.824263655176693,0.483591186808109,3,0.314920839626522,0.0447137378306613,0.136060692661398,3,-0.99242688860333,-0.550449613348739,-0.416589525753715,4.28571428571429,2.17101476036786,1.06437754675359,0.694509160209709,3.66666666666667,2.49923236586567,1.74578219768306,1.06520957541789,3,-0.0638731298153453,0.33341030613474,-0.0910942164557125,1.75,-0.144118694912662,-0.317778965022385,-0.130744813614253
"521",521,"male","white","yr1","Health","stats","Auditory",2.33333333333333,-1.69017348624844,-0.993296070899123,-0.918804533460845,1.5,-0.900335302424213,-0.438103710303957,-0.417670834654042,3.33333333333333,0.557919950684978,0.273734837412108,-0.106878560621431,2.7,-1.34335227396432,-1.05271737673218,-0.260221443516122,3.33333333333333,0.775072889620204,0.447110454130497,0.351822842222095,3.85714285714286,1.27631514816799,0.798360159275358,0.423097323404228,4.14285714285714,1.24099452334405,0.771378769046207,0.420891390955011,3.71428571428571,0.635311341532749,0.264151977540853,0.291270300652282,3.57142857142857,1.33322175894848,0.933089710538541,0.35675999249607,3.71428571428571,0.711722471152601,0.522829235218029,0.260752914521954,3,-0.668537322768673,-0.535666395737411,-0.419458958783802,2.33333333333333,-0.180427456059958,0.0573960163188686,-0.0976685414326116,3.33333333333333,0.616731817510375,0.343574836846872,0.203189205202321,1.25,-1.19656548524939,-0.649263470838488,-0.297418822153198
"522",522,"male","white","yr1","Health","stats","Kinesthetic",2.33333333333333,-1.68394318404706,-1.18163806816898,-0.907501551492826,1.25,-1.35117764328446,-0.864264686767308,-0.62622967466656,3.66666666666667,1.08821549063969,0.656747792683981,1.47663215861975,3,-0.696168605977766,-0.314361307404878,-0.255894690265229,4,2.04219916272112,1.3522340736904,0.930021156470777,4,1.63407371542722,1.02491321206767,0.585424469232283,4,0.90343254616492,0.49231116248744,0.30641406295181,4,1.27311160476219,0.803739556066415,0.425235390964391,4,2.37887639199355,1.22651923176723,0.847737547775263,4,1.31890860635435,0.90116551605563,0.48437333144762,4,1.52262995429359,0.956186066847349,0.585066803663237,3,1.15940245490286,0.901589107000962,0.48377051699264,3,-0.0487548449240131,-0.0622943890997189,-0.00699482262527438,2.5,1.62148859388028,0.774180164692582,0.347280024677759
"524",524,"male","other","yr4","Other","math02","Auditory",5,2.14245548464502,1.47441255690006,1.14164342203661,4,3.45900339647015,2.11698515948176,1.59419832338845,3,-1.84204955002828,-1.34771342444872,-2.51587781078427,3,-0.696168605977766,-0.314361307404878,-0.255894690265229,3,0.0958063415389203,0.119062499372324,0.0407996177141286,3,-0.657878264118997,-0.307747691277502,-0.279546433933169,3,-1.50464408453354,-0.936700316326251,-0.481717415392091,3,-1.19521793447544,-0.675355657478984,-0.411400972662834,2.71428571428571,-0.419881747196819,-0.064675902851512,-0.13739147182523,3.85714285714286,0.930314499775125,0.769300619509026,0.268501789583934,3.14285714285714,-0.409117156393102,-0.103716108451061,-0.117847982500293,2.66666666666667,0.512539211781095,0.462851741368946,0.232451334318415,3,-0.0487548449240131,-0.0622943890997189,-0.00699482262527438,1.5,-0.721197872445042,-0.454389795173192,-0.237092148569864
"525",525,"female","Asian","yr1","Other","math01","Kinesthetic",4.33333333333333,1.17644301439756,0.519040806306683,0.602309315488208,1.75,-0.472685978024866,-0.443540143265327,-0.229661454585559,3.33333333333333,-0.372174087981137,-0.200768813350245,0.433591104188832,1.9,-3.86476757567218,-2.64307981669474,-1.24515345493608,2.16666666666667,-1.42708170993998,-1.15271105717951,-0.640552922819299,3,-0.569487621720543,-0.234567856112837,-0.226215103107152,3.42857142857143,-0.479433759760616,-0.109089369195747,-0.15834477577902,3.42857142857143,-0.0437650989370136,-0.00497056946134012,0.0190177781012364,2.57142857142857,-0.649134044814758,-0.196467875241877,-0.182392725352249,3.57142857142857,0.185792136715029,0.273022842410287,0.00651344298075444,2.71428571428571,-1.31526185771954,-0.932749704684036,-0.582285372695817,3.66666666666667,2.49923236586567,1.74578219768306,1.06520957541789,2,-2.10351739869548,-1.01854785496484,-0.771659722024086,1,-1.67193309805374,-0.844137146503784,-0.357745495736532
"526",526,"male","white","yr4","Other","math02","Visual",3,-0.757568893801321,-0.563759242148924,-0.466668704645919,1.25,-1.38304712852697,-0.855036885449504,-0.608775446018514,2.66666666666667,-1.42327928446425,-0.677366718829742,-0.827002473751335,3,-0.696168605977766,-0.314361307404878,-0.255894690265229,2.83333333333333,-0.229778283235657,-0.0876933343235906,-0.108747500734071,3,-0.657878264118997,-0.307747691277502,-0.279546433933169,3,-1.50464408453354,-0.936700316326251,-0.481717415392091,3,-1.19521793447544,-0.675355657478984,-0.411400972662834,3,0.193256545329035,0.132147891150883,0.0631382206629184,3,-0.99242688860333,-0.550449613348739,-0.416589525753715,3,-0.692687153800795,-0.324309887974433,-0.214465075211061,2,-0.831501585872319,-0.591434741262175,-0.348936508282686,2,-2.08839911380415,-1.4142525501993,-0.687560328193648,2,0.569041803543553,0.442695658876479,0.180606016138814
"527",527,"male","white","yr2","STEM","math02","Kinesthetic",1.66666666666667,-2.64571231979711,-1.49740836330106,-1.42584248311053,1.25,-1.35117764328446,-0.864264686767308,-0.62622967466656,3.33333333333333,1.49749987277741,1.03766649323871,1.25907963511049,3,-0.696168605977766,-0.314361307404878,-0.255894690265229,2.83333333333333,-0.148223642566414,-0.0968064667453669,-0.0717890341032736,3.85714285714286,1.33651184574501,0.73697618378619,0.507744452902228,4.85714285714286,2.97546835252201,1.68640701877519,0.978782847390504,4.14285714285714,1.59855765095011,0.91282041398414,0.520870760048106,3.85714285714286,2.16155131698848,1.0406171201762,0.81624771079023,4.85714285714286,3.3892596289255,2.14672618228625,1.3335145793998,4.14285714285714,1.8513415425576,1.1722066149396,0.757638087007078,3,1.15940245490286,0.901589107000962,0.48377051699264,3,-0.0487548449240131,-0.0622943890997189,-0.00699482262527438,1,-1.67193309805374,-0.844137146503784,-0.357745495736532
"528",528,"female","white","yr2","Health","stats","Auditory",5,2.14245548464502,1.47441255690006,1.14164342203661,2.75,1.24356859115033,0.762490358043309,0.598965095066179,3.33333333333333,-0.362688204554823,0.088659191714005,2.34001896473102,3.2,0.0486812836768603,0.0137728875457443,0.122246620287942,2.66666666666667,-0.550773584761235,-0.340812224556136,-0.257068413663281,2.71428571428571,-1.22301985347091,-0.720320660399602,-0.439315793915776,3.14285714285714,-1.13698311592569,-0.605284651316924,-0.423167567037505,2.85714285714286,-1.43879186506239,-0.765891481101804,-0.418896269436454,2.28571428571429,-1.57982739958985,-0.800770840624041,-0.691767089437701,2.71428571428571,-1.66327614164931,-1.09476353724835,-0.729589192321915,1.28571428571429,-4.50036738949362,-2.63552106491568,-1.66093128848337,2.33333333333333,-0.138534918031266,-0.185979016212098,-0.0188166325316591,4,1.99088942395612,1.28966377199986,0.673570682943099,1.25,-1.19656548524939,-0.649263470838488,-0.297418822153198
"529",529,"female","white","yr1","Health","stats","Kinesthetic",5,2.14245548464502,1.47441255690006,1.14164342203661,3.25,2.11338378762832,1.62404011228782,1.03353700373926,2.66666666666667,-2.36285920655668,-1.44129837465635,-2.19296066948326,3.3,0.168637194225258,-0.03465113153913,-0.0257955291737118,1,-3.79697930082548,-2.34728064926384,-1.73764345979917,1.14285714285714,-4.88103528988973,-2.83914708813601,-1.86191400173948,2.28571428571429,-3.14689965250186,-2.20886507462916,-1.02941662444758,1,-6.13187701295069,-3.63354608456978,-2.08467369991728,1.71428571428571,-2.85532287425729,-1.2736108320844,-1.21735495462094,1.14285714285714,-5.29141260995659,-3.21243501079365,-2.10832993646272,2.14285714285714,-2.596556020235,-1.89756698017345,-0.971600535806594,2,-0.835712472562919,-0.801528133211202,-0.348885292458535,2.66666666666667,-0.772544073826703,-0.206809403071659,-0.351291666368895,2.25,1.20686760933539,1.41653442342652,0.427814045979472
"530",530,"male","Black","yr3","Business","math02","Auditory",4.33333333333333,1.17021271219618,0.707382803576537,0.591006333520189,2.25,0.41359762849498,0.149540735963448,0.180412521393584,2.66666666666667,-2.36285920655668,-1.44129837465635,-2.19296066948326,3.8,1.79454361085798,1.12304793432473,0.639398494431657,2.5,-0.89822810601609,-0.467875735491498,-0.418204463726646,2,-2.98185356341509,-1.4590445004796,-1.18142782814266,1.85714285714286,-4.2875428700108,-2.65073089141236,-1.42434568020739,1.71428571428571,-4.32547510674681,-2.62820346381843,-1.44911701521233,1.71428571428571,-2.63495466518175,-1.37731413311733,-0.989926042504503,1.85714285714286,-3.64298054474663,-2.29464218179781,-1.42666908701697,1.71428571428571,-3.52730425706182,-1.90361826420422,-1.16514469707312,1.66666666666667,-1.47836482899408,-1.03017210689419,-0.600255690956911,2.33333333333333,-1.42291245136976,-1.00838332425271,-0.477376300366052,2.75,2.23293752760847,1.59291763410594,0.61261019305855
"531",531,"female","white","yr2","Other","math04","Visual",3.33333333333333,-0.245398115374665,-0.199839900470353,-0.13079654856894,1.5,-0.932204787666722,-0.428875908986152,-0.400216606005996,3.33333333333333,1.49749987277741,1.03766649323871,1.25907963511049,2.3,-2.73992782391328,-1.75912182087575,-0.89536049415803,3,0.112292612337092,0.0578697567806793,0.0544440587850909,3,-0.474184011676298,-0.375754906263328,-0.137474295029606,2.85714285714286,-1.8477687515301,-0.996587933625762,-0.631074863842329,3.42857142857143,-0.1190263575603,-0.0959461089693751,-0.0196602883307728,2.42857142857143,-1.01182724661799,-0.299162544930174,-0.385509265017009,2.85714285714286,-1.20184519227979,-0.864804934649479,-0.441440635335529,2.42857142857143,-1.9632233656427,-1.35293884537455,-0.792025264553123,3.33333333333333,1.85236912274391,1.30704483205104,0.813890392743666,3.33333333333333,0.630764815853194,0.608602426094005,0.186146219329896,1.75,-0.144118694912662,-0.317778965022385,-0.130744813614253
"532",532,"female","white","yr2","STEM","math03","Kinesthetic",4.33333333333333,1.2098508921979,1.04487572814986,0.689507593221686,2.5,0.815919266750988,0.767926791004679,0.410955714997697,2.33333333333333,-0.0744149802340973,0.467483637551591,0.321403198471338,2.7,-1.52626836883242,-0.887230740504238,-0.44637452569227,4.83333333333333,3.66300735912874,2.37864981431257,1.66969557677923,5,3.92602569497344,2.35757411541285,1.45039537239774,5,3.31150917686338,1.92132264130113,1.09454554129571,4.57142857142857,2.66172436773831,1.4719269701184,0.809615775722021,4.42857142857143,3.38608343093092,1.67559601934014,1.21860583906144,5,3.63024410131203,2.35278064546,1.38533618864896,5,3.73794706238797,2.23668202166913,1.38459868253754,2,-0.831501585872319,-0.591434741262175,-0.348936508282686,4,1.99088942395612,1.28966377199986,0.673570682943099,2.25,1.01803254428425,0.482468039405087,0.259054828262282
"533",533,"male","Asian","yr3","Business","math02","Auditory",3.33333333333333,-0.245398115374665,-0.199839900470353,-0.13079654856894,1,-1.79422804288445,-1.11806932750387,-0.821282758780936,3,0.0371102941565809,0.180149887204485,0.216038580679579,3.9,1.90009256288083,1.10873082272236,0.549685290899473,3,0.111575327399018,0.204651593894498,0.0446812512026681,2.85714285714286,-0.723556740697654,-0.519577616634469,-0.21153652173867,3.85714285714286,0.585243356079917,0.35912059455115,0.195429409693368,3.71428571428571,0.612910653239404,0.283635367810637,0.191868937264047,2.57142857142857,-0.755903964780166,-0.381354689502187,-0.305591561636232,3.71428571428571,0.748763752634198,0.434197284304544,0.305044916347045,3.14285714285714,-0.378103419991213,-0.139318577730924,-0.126355021609842,1.33333333333333,-2.17554238352573,-1.6457212238933,-0.930324350883787,1.66666666666667,-2.75388577623853,-1.82012177614589,-0.897744356021244,1.25,-1.19656548524939,-0.649263470838488,-0.297418822153198
"534",534,"female","white","yr3","Other","math04","Kinesthetic",3.66666666666667,0.237608119749063,0.277845974826337,0.138870504705263,1.25,-1.38304712852697,-0.855036885449504,-0.608775446018514,3.66666666666667,-0.790944353545171,-0.871115518969226,-1.2552842328441,3.2,0.0197054886611768,-0.0280462876242162,0.0968163442028493,4.16666666666667,2.3921298142556,1.54815935509172,1.09231489252072,3.85714285714286,1.15930525342009,0.83554336738396,0.338624402539197,3.42857142857143,-0.424599962329399,-0.300931944163282,-0.128867298447313,3.71428571428571,0.544578082336766,0.421937317616966,0.177449535732132,3.42857142857143,1.24466041719385,0.63961759061155,0.523346788827793,3.57142857142857,0.423132264751475,0.189445355887573,0.21430987154782,4,1.52621915091125,0.822312710028865,0.564881093629434,3.66666666666667,2.49923236586567,1.74578219768306,1.06520957541789,3.66666666666667,1.31136976317891,0.618766956806137,0.480429640987929,1.25,-1.19656548524939,-0.649263470838488,-0.297418822153198
"535",535,"female","white","yr2","Health","stats","Kinesthetic",4.66666666666667,1.67615318842146,1.25964414252496,0.915575507629149,3.25,2.12099292156871,1.71092485025895,1.02707495188701,2.66666666666667,-2.36285920655668,-1.44129837465635,-2.19296066948326,3.1,0.0693467192011929,-0.337940987063447,0.379987103980034,3.5,1.07570415714371,0.67654521988412,0.494684186200737,2.71428571428571,-1.19577310497457,-0.837791388369242,-0.414558866917761,4.14285714285714,1.28898382078703,0.989767600331181,0.400918043739052,3.28571428571429,-0.428165766219076,-0.420663748834431,-0.145328542568753,1.14285714285714,-3.94873085038206,-1.92480281769144,-1.46105918003475,2.57142857142857,-1.90951381110701,-1.14901793089967,-0.715048364243772,2.57142857142857,-1.63964827527001,-1.10406954589376,-0.673832278989383,2,-0.835712472562919,-0.801528133211202,-0.348885292458535,2.66666666666667,-0.72827450570122,-0.733191204293443,-0.200135864580444,1.75,-0.144118694912662,-0.317778965022385,-0.130744813614253
"536",536,"male","white","yr1","STEM","math04","Visual",2.66666666666667,-1.18847634452057,-1.080636187412,-0.615228534282586,1.25,-1.38304712852697,-0.855036885449504,-0.608775446018514,3.33333333333333,1.49749987277741,1.03766649323871,1.25907963511049,4.3,3.10946648741599,1.87307053986369,0.916534420735914,2.83333333333333,-0.189789762047329,-0.172444819505639,-0.0847520075135712,2.71428571428571,-1.06580845698541,-0.828438351253882,-0.30512933184572,2.85714285714286,-1.90432437270812,-1.01978502547237,-0.612234813483505,3.57142857142857,0.2565302604986,0.244831018963302,0.101632238845049,1.42857142857143,-3.17077610906262,-1.6075180025089,-1.1351921422756,3,-0.838454105242636,-0.626802329592029,-0.215063954273212,3.14285714285714,-0.346231987194219,0.20684386874039,0.127274170234369,1.66666666666667,-1.48257571568468,-1.24026549884322,-0.60020447513276,2.66666666666667,-0.714241507358401,-0.468163615046309,-0.21717885045287,1,-1.67193309805374,-0.844137146503784,-0.357745495736532
"537",537,"female","white","yr2","Other","stats","Visual",4.33333333333333,1.17644301439756,0.519040806306683,0.602309315488208,1.25,-1.38304712852697,-0.855036885449504,-0.608775446018514,4.33333333333333,1.19974076503037,0.369414042336875,1.37126754082799,2.4,-2.26203317294347,-1.6125064213229,-0.514764370278684,4.16666666666667,2.35987455759733,1.52376300316119,1.07478881796121,3.57142857142857,0.805615593000053,0.453313709839279,0.348142011605629,4,0.90343254616492,0.49231116248744,0.30641406295181,4,1.27311160476219,0.803739556066415,0.425235390964391,4,2.37887639199355,1.22651923176723,0.847737547775263,3.85714285714286,1.07792413396782,0.695111052881885,0.432551722198462,4,1.52262995429359,0.956186066847349,0.585066803663237,2,-0.831501585872319,-0.591434741262175,-0.348936508282686,3,-0.0487548449240131,-0.0622943890997189,-0.00699482262527438,3,2.81001670514085,1.72952846425674,0.718957528014161
"538",538,"female","white","yr1","STEM","math02","Visual",4.33333333333333,1.19314695329773,0.781958267228272,0.645908454354947,1.75,-0.489154388066731,-0.175071268249594,-0.20516352189162,3.33333333333333,-0.372174087981137,-0.200768813350245,0.433591104188832,3,-0.796456446419362,-0.320729679471172,-0.326423260732179,2,-1.79646132650473,-1.16940504577578,-0.819306914867854,2.14285714285714,-2.44431573910644,-1.44531886633619,-0.885255347563523,2,-3.88434354755009,-2.52840340350352,-1.27745884569408,2.57142857142857,-2.2163477950334,-1.3908767007905,-0.741425739049451,2.42857142857143,-1.03916357162217,-0.531364224594186,-0.407326744913069,1.57142857142857,-4.24255152138949,-2.55523551003922,-1.65689504179064,1.57142857142857,-3.87252245069609,-2.41166618917515,-1.45997046457326,2,-0.835712472562919,-0.801528133211202,-0.348885292458535,2.33333333333333,-1.42291245136976,-1.00838332425271,-0.477376300366052,1,-1.67193309805374,-0.844137146503784,-0.357745495736532
"540",540,"female","white","yr3","Other","stats","Kinesthetic",4.33333333333333,1.19314695329773,0.781958267228272,0.645908454354947,3.25,2.21785151945732,1.24100309534753,0.963138436953434,3,-1.83256366660196,-1.05828541938447,-0.609449950242083,3.3,0.183975236780858,0.131934756910218,0.028794821377464,1,-3.79697930082548,-2.34728064926384,-1.73764345979917,2.85714285714286,-0.747494648448434,-0.667299601976859,-0.212460642570637,3.57142857142857,-0.132867401993697,-0.138590409623036,-0.0549700744786617,3,-1.13560770182389,-0.654854646072489,-0.343263440450115,2.57142857142857,-0.797084238662081,-0.544460866195437,-0.433694602135666,2.57142857142857,-1.81803092440936,-1.24946576207164,-0.686275346074371,2.14285714285714,-2.56570226757351,-1.80322464202396,-1.05777678791539,4,3.15030649567803,2.3946129552641,1.31647754226797,2.66666666666667,-0.75742578893537,-0.602514098306118,-0.267192272538456,1.5,-0.721197872445042,-0.454389795173192,-0.237092148569864
"541",541,"female","white","yr1","Health","math02","Visual",2.66666666666667,-1.20716725112471,-0.515610195602434,-0.649137480186643,3,1.76700917859707,0.814842118884182,0.754579596940915,3,-0.902469627935849,-0.583781768622119,-1.14991961505235,3.4,0.416988973317941,0.577785743837319,0.0798707679750571,3,0.0888616545489939,0.271615726359246,0.0306967541353037,2.71428571428571,-1.46044371036714,-0.574953193312589,-0.614030536650859,2.71428571428571,-2.1090418168947,-1.5157281263068,-0.662895263958038,2.57142857142857,-2.33083106405058,-1.38327605980731,-0.820197285835466,2.57142857142857,-0.631573744213577,-0.46210569156466,-0.153094075270693,2.85714285714286,-1.41681655649126,-0.869040166861092,-0.66044608091501,2.71428571428571,-1.27973643959325,-0.635618946918405,-0.327206379363076,3,1.11750991687416,1.14496413953193,0.404918608091687,3,-0.0336365600326808,-0.457999084334178,0.0771045712051638,3,2.91172826986888,1.67126561874225,0.764978189386438
"542",542,"female","white","yr1","STEM","math04","Auditory",3.66666666666667,0.220904180848895,0.0149285139047472,0.0952713658385237,1.25,-1.3433857020242,-0.691908351040515,-0.612723918768418,3.33333333333333,1.49749987277741,1.03766649323871,1.25907963511049,4,2.22194812050106,1.46303598975198,0.644759526732645,3.83333333333333,1.73310080874472,1.08428549740285,0.794118479093539,3.57142857142857,0.751375060553678,0.31485270740758,0.313041504626646,4.14285714285714,1.40577393006252,0.495370163414438,0.524643844733389,3.71428571428571,0.652639174367804,0.378757339434687,0.257840980012209,3.14285714285714,0.627088611984137,0.469612802882652,0.277237949388428,4,1.42331161785471,0.890958363980899,0.583620846237665,4.14285714285714,1.80978914831894,1.04290648955224,0.661498186340202,2.33333333333333,-0.184638342750558,-0.152697375630158,-0.0976173256084611,4,1.99088942395612,1.28966377199986,0.673570682943099,1.75,-0.144118694912662,-0.317778965022385,-0.130744813614253
"543",543,"female","white","yr2","Business","math02","Auditory",1,-3.61172479004456,-2.45278011389444,-1.96517658965893,1,-1.79422804288445,-1.11806932750387,-0.821282758780936,4,2.54860506926052,1.51426439871821,2.51967321305066,5,5.14006484697988,3.24043328690884,1.54541374373052,3,0.22677032066604,-0.0584935747524686,0.113014127130825,2,-2.79303454851768,-1.77015587756762,-1.03085268333705,3.85714285714286,0.601334494831601,0.181490264081905,0.217348886244774,3,-1.10280786841613,-0.789010163762803,-0.301550062602047,2.28571428571429,-1.15531735275652,-0.858866689975691,-0.356530156097075,3.42857142857143,0.236981032004989,0.0393293048076566,0.159457720398247,3.85714285714286,1.19531532274227,0.633326543069643,0.537078211263932,3.33333333333333,1.84815823605331,1.09695144010201,0.813941608567817,3.66666666666667,1.32540276152173,0.883794546053271,0.463386655115504,1,-1.67193309805374,-0.844137146503784,-0.357745495736532
"544",544,"female","white","yr1","STEM","math03","Visual",4,0.726844657074171,0.567189852853173,0.419840539947484,1.5,-0.932204787666722,-0.428875908986152,-0.400216606005996,4,-0.260648813590459,-0.488102563697352,0.328226486397073,4.6,3.95890823414868,2.55280666166469,1.20432267654226,1.5,-2.77153337298195,-1.74867425276529,-1.26350886925109,2.14285714285714,-2.40879312530125,-1.50349234890685,-0.86063986067549,4,0.852040439504067,0.594765079728176,0.230953838470223,2.57142857142857,-2.17219246858271,-1.37286123561129,-0.765804006208986,1.85714285714286,-2.34101253420961,-1.13296304836895,-0.864948465901332,3.14285714285714,-0.415864617890731,-0.462829325133515,-0.0782343891468385,2.71428571428571,-1.36185971438495,-0.722568028418873,-0.412261075266473,3,1.16361334159346,1.11168249894999,0.483719301168489,3.33333333333333,0.659916099087344,0.47792532010668,0.253202627287908,1.75,-0.0424071301846323,-0.376041810536874,-0.0847241522419766
"545",545,"female","white","yr3","Health","stats","Visual",3,-0.717930713799604,-0.226266317575598,-0.368167444944422,1.25,-1.38304712852697,-0.855036885449504,-0.608775446018514,3,0.0371102941565809,0.180149887204485,0.216038580679579,3.8,1.82035082159515,1.05294119882383,0.589966067076426,4.16666666666667,2.35987455759733,1.52376300316119,1.07478881796121,2.85714285714286,-0.811947383096107,-0.592757451799134,-0.264867852564687,3.28571428571429,-0.763882784893709,-0.535305221858649,-0.220353252875574,3.57142857142857,0.244282722901153,0.172135729192325,0.0948350749883199,1.85714285714286,-2.09694049263339,-1.23243963798438,-0.538815323103652,3.57142857142857,0.27024134425397,0.338532993630739,0.0284616556642381,3.85714285714286,1.2178489042249,0.757523287570055,0.500393602754364,2,-0.831501585872319,-0.591434741262175,-0.348936508282686,2.66666666666667,-0.75742578893537,-0.602514098306118,-0.267192272538456,2.25,1.07478273047763,1.05618330174139,0.311363037164672
"546",546,"female","white","yr1","Other","math02","Visual",3.33333333333333,-0.245398115374665,-0.199839900470353,-0.13079654856894,1.5,-0.932204787666722,-0.428875908986152,-0.400216606005996,3,-0.892983744509534,-0.294353763557868,0.756508245489842,3,-0.696168605977766,-0.314361307404878,-0.255894690265229,1.33333333333333,-3.13100560832467,-2.03596001856189,-1.42934418279317,2.28571428571429,-2.11995053878395,-1.28983343253781,-0.761103940930449,2.28571428571429,-3.22006987391059,-1.53835541433988,-1.10237175750771,2.71428571428571,-1.89860077014854,-1.19787862643535,-0.64616591955519,1.85714285714286,-2.41531282380906,-1.20429623778527,-0.958974822239121,2.28571428571429,-2.49588576738043,-1.55091970517243,-0.917939097532133,2.57142857142857,-1.66303080069827,-1.01692391962486,-0.610409692384448,3,1.15519156821226,0.691495715051936,0.48382173281679,3.33333333333333,0.616731817510375,0.343574836846872,0.203189205202321,1.25,-1.19656548524939,-0.649263470838488,-0.297418822153198
"547",547,"male","Black","yr3","STEM","stats","Kinesthetic",5,2.14245548464502,1.47441255690006,1.14164342203661,2.75,1.35582826423959,0.55180967682982,0.542072284178494,2.66666666666667,-1.42327928446425,-0.677366718829742,-0.827002473751335,5,5.14006484697988,3.24043328690884,1.54541374373052,2.16666666666667,-1.44653067497025,-0.973479764374464,-0.657013178817916,3.14285714285714,-0.375971287354923,-0.12946782051655,-0.166115813032607,4.28571428571429,1.56995052666862,0.921588401121046,0.528385484430779,3.57142857142857,0.243817912977392,-0.0548906917875905,0.0957931529495739,1.85714285714286,-2.13643276517244,-0.927290109027547,-0.695849990702842,3.14285714285714,-0.564532435007598,-0.413978882389175,-0.202679926158694,2.28571428571429,-2.2259302554586,-1.53958948633181,-0.928144880109204,2.33333333333333,-0.184638342750558,-0.152697375630158,-0.0976173256084611,3.33333333333333,0.616731817510375,0.343574836846872,0.203189205202321,2,0.432960482619717,-0.181168134871578,-0.0243974786586425
"548",548,"female","white","yr1","Other","stats","Visual",2.66666666666667,-1.24057512892505,-1.04144511744561,-0.736335757920121,1.25,-1.35117764328446,-0.864264686767308,-0.62622967466656,3.33333333333333,1.49749987277741,1.03766649323871,1.25907963511049,3.6,1.09818304152325,0.590648186466991,0.280683031512655,3.5,1.08899701272418,0.69327254394034,0.497408133702703,3.42857142857143,0.384992436784422,0.20821320514504,0.154506357052552,4.28571428571429,1.59104222200084,0.976538784814418,0.484133282775789,4.14285714285714,1.60023445781344,0.956951247776434,0.516900905188742,3,0.336307905759582,0.0618246655071202,0.235303540062296,3.57142857142857,0.529481495572471,0.182745270865983,0.29410712744342,4,1.52754167973289,0.968440454775354,0.540140376921761,2.33333333333333,-0.138534918031266,-0.185979016212098,-0.0188166325316591,3.66666666666667,1.32540276152173,0.883794546053271,0.463386655115504,1.25,-1.09485392052136,-0.707526316352977,-0.251398160780922
"549",549,"female","white","yr1","STEM","stats","Auditory",4,0.693436779273833,0.0413549310099928,0.332642262214006,1.75,-0.496946329326985,-0.347427603976387,-0.218669277789762,3,0.0371102941565809,0.180149887204485,0.216038580679579,2.1,-3.48621625941262,-1.86853591950617,-1.16075709995444,3.16666666666667,0.489652751402266,0.299977876590242,0.224581255291161,5,3.92602569497344,2.35757411541285,1.45039537239774,5,3.31150917686338,1.92132264130113,1.09454554129571,5,3.74144114399981,2.28283476961181,1.26187175459162,5,4.56449623865807,2.32089057238357,1.63233687488761,4.71428571428571,2.94758467556014,1.86786296236943,1.10570010165339,5,3.73794706238797,2.23668202166913,1.38459868253754,2,-0.831501585872319,-0.591434741262175,-0.348936508282686,3.66666666666667,1.31136976317891,0.618766956806137,0.480429640987929,2.25,1.0444094163479,0.637569334541775,0.240932689722148
"550",550,"female","Black","yr3","Other","math04","Visual",4,0.710140718174002,0.304272391931583,0.376241401080745,1.5,-0.908127243684467,-0.61046004603075,-0.431176590552184,4.66666666666667,1.73003630498508,0.752426997608748,2.95477826006917,2.6,-1.86052402872384,-1.09050436006577,-0.45048138646603,4.33333333333333,2.64625923872371,1.8586757119135,1.19670699827109,4.28571428571429,2.307601143017,1.52021652361095,0.833458748333882,4.28571428571429,1.6510779959125,0.807524564624831,0.623078987686292,3.71428571428571,0.637994370972246,0.484643492369177,0.250579866406774,4.57142857142857,3.6219790330749,1.98437289716868,1.34144490667758,3.85714285714286,0.954265509926299,0.543256808785843,0.302077827099282,4.14285714285714,1.82523953159501,1.22006347214747,0.72121869937515,3.66666666666667,2.45733982783698,1.98915723021402,0.986357666516939,3.66666666666667,1.29625147828758,1.0144716520406,0.396330247157491,2,0.432960482619717,-0.181168134871578,-0.0243974786586425
"551",551,"female","white","yr2","Other","stats","Kinesthetic",4,0.703910415972623,0.492614389201437,0.364938419112726,2.25,0.404738352393506,0.504894348950316,0.198448402235275,2.66666666666667,-2.36285920655668,-1.44129837465635,-2.19296066948326,2.4,-2.49080184270205,-1.38664136425465,-0.831891180844303,3.16666666666667,0.443260862793775,0.246126010307686,0.201935667777493,2.85714285714286,-0.964895592987159,-0.519030353210534,-0.394478068626238,3.71428571428571,0.201413905204619,0.0767038235215483,0.0526079012155938,3.71428571428571,0.605914996499282,0.39608673356173,0.213300293166776,2.71428571428571,-0.374834508866408,-0.210559029329095,-0.157956739444888,3.42857142857143,0.184094011685581,-0.0131020402330302,0.143038003404218,3.28571428571429,-0.0530458170564915,0.125733659067013,0.0447664602454695,2,-0.831501585872319,-0.591434741262175,-0.348936508282686,3,-0.0487548449240131,-0.0622943890997189,-0.00699482262527438,1.75,0.124047504868933,0.6664359504108,0.190709689998004
"552",552,"male","white","yr2","Health","stats","Visual",2.66666666666667,-1.22387119002488,-0.778527656524024,-0.692736619053382,3.75,3.1039523186573,1.74861237682065,1.35324460518219,3,-0.902469627935849,-0.583781768622119,-1.14991961505235,2.2,-3.04681222407358,-1.59957751158094,-0.955520716630633,2.83333333333333,-0.13808554035879,-0.327279760380154,-0.0507656769554522,3.71428571428571,0.798558320098395,0.701620957552114,0.191050164014607,4.57142857142857,2.32660133536562,1.18796715194992,0.808621628346826,3.42857142857143,-0.144177044312616,0.0447746215375419,-0.0326811966706755,4.57142857142857,3.71017842590141,2.04638494519147,1.37329451233045,3.85714285714286,0.95993444916456,0.657492694328889,0.314922548145722,4.57142857142857,2.79228770260268,1.5648698636065,0.993780468226839,2,-0.873394123901012,-0.348059708731209,-0.427788417183638,2.33333333333333,-1.40779416647843,-1.40408801948717,-0.393276906535614,1.5,-0.619486307717012,-0.512652640687681,-0.191071487197587
"553",553,"male","Black","yr1","Business","math03","Auditory",2.33333333333333,-1.68394318404706,-1.18163806816898,-0.907501551492826,1,-1.79422804288445,-1.11806932750387,-0.821282758780936,3.33333333333333,1.48801398935109,0.748238488174461,-0.647348225431694,4.4,3.48202800014425,2.0637301459451,1.1356488504481,3,0.106859512718347,0.0915046230215048,0.0508222878139008,3.57142857142857,0.796064907159224,0.335776413745508,0.328954298403641,3.71428571428571,0.164430763668148,0.110537457401199,0.0532346186462436,3.42857142857143,-0.166438927262046,0.0467305986491327,-0.0526837367680515,3.28571428571429,0.725216771784395,0.617617861716121,0.163585300058055,3.14285714285714,-0.718099746909742,-0.345474256865226,-0.286052178001884,3.57142857142857,0.580201281686474,0.54733988086331,0.295995926151906,2.33333333333333,-0.138534918031266,-0.185979016212098,-0.0188166325316591,2.66666666666667,-0.72827450570122,-0.733191204293443,-0.200135864580444,2.75,2.22894108554239,1.32940496204301,0.524057707075893
"554",554,"female","other","yr2","STEM","stats","Auditory",3.66666666666667,0.214673878647515,0.203270511174602,0.0839683838705046,1.75,-0.489154388066731,-0.175071268249594,-0.20516352189162,2,-0.614196403615124,-0.204957322784533,-3.16853538131203,2.5,-2.08278069131344,-1.42329525791834,-0.609138056103577,3.16666666666667,0.426774591995603,0.30731875289933,0.188291226706531,3.14285714285714,-0.183109802111871,-0.118377846593787,-0.0327463672400826,3.85714285714286,0.567391721823542,0.257395539961496,0.190651369046603,3.57142857142857,0.246009404412114,0.125784133730593,0.0625483002102447,3.14285714285714,0.589069762849817,0.143069573562255,0.232178076166034,3.57142857142857,0.409739417915303,0.236186823589382,0.191451431173818,3.57142857142857,0.586773278249191,0.270702439750931,0.197685442044887,3.66666666666667,2.50344325255627,1.95587558963208,1.06515835959374,3,-0.0487548449240131,-0.0622943890997189,-0.00699482262527438,2.5,1.4934001570886,0.677341715070383,0.319381501845616
"555",555,"female","white","yr3","Other","math04","Kinesthetic",3.33333333333333,-0.262102054274834,-0.462757361391943,-0.174395687435678,1.5,-0.971866214169485,-0.592004443395141,-0.396268133256092,4.66666666666667,0.790456382892649,-0.0115046582178553,1.58882006433724,2.5,-2.08646356116676,-1.41785162312515,-0.630159029737709,4,2.05010839261949,1.38746097791553,0.934800613428541,3.57142857142857,0.738931235305255,0.484137716716502,0.290542793567097,3.71428571428571,0.194330062549441,0.251731828747982,0.0190131466705628,3.42857142857143,-0.171707902491207,0.112830368938494,-0.0635391556433972,2.85714285714286,-0.2200825208993,-0.151150820110625,-0.160325461865139,3.85714285714286,0.95993444916456,0.657492694328889,0.314922548145722,4,1.52262995429359,0.956186066847349,0.585066803663237,3,1.15940245490286,0.901589107000962,0.48377051699264,2.66666666666667,-0.714241507358401,-0.468163615046309,-0.21717885045287,1.75,-0.144118694912662,-0.317778965022385,-0.130744813614253
"556",556,"female","white","yr2","Other","math01","Auditory",3.33333333333333,-0.222463874273117,-0.125264436818617,-0.0758944277341815,1.25,-1.38304712852697,-0.855036885449504,-0.608775446018514,3,-1.83256366660196,-1.05828541938447,-0.609449950242083,4.7,4.30366523274999,2.71539556054686,1.35356499150096,4.66666666666667,3.3532411941509,2.24234778906691,1.52970737224655,4.14285714285714,2.2691094501191,1.21437511095606,0.975830457144427,5,3.31150917686338,1.92132264130113,1.09454554129571,4,1.27311160476219,0.803739556066415,0.425235390964391,1.85714285714286,-2.1087171025212,-1.29077648860254,-0.624008137242913,4.71428571428571,3.14827515653898,1.94067171911251,1.28169297015064,5,3.73794706238797,2.23668202166913,1.38459868253754,2.66666666666667,0.512539211781095,0.462851741368946,0.232451334318415,3,-0.0487548449240131,-0.0622943890997189,-0.00699482262527438,2.25,1.01403610221817,0.218955367342158,0.170502342279625
"557",557,"female","Asian","yr1","Other","math01","Auditory",4.33333333333333,1.19314695329773,0.781958267228272,0.645908454354947,2,-0.0857654149695032,-0.0843951619220244,-0.00616196502733971,3.66666666666667,1.08821549063969,0.656747792683981,1.47663215861975,3.4,0.505944078880588,0.17788045013995,0.177322322107492,3.16666666666667,0.449488264845627,0.240354620434583,0.202275723773895,3.57142857142857,0.823406882310437,0.41249734821809,0.33564732024063,4.14285714285714,1.2394733705063,0.727226785013385,0.422176756857016,3.42857142857143,-0.0758943480576156,-0.00304489901476153,0.0100551247799505,3,0.228493307362825,0.0264401138594237,0.0751793001721419,3.85714285714286,1.06258506781102,0.738345453530553,0.429143540718904,4,1.52262995429359,0.956186066847349,0.585066803663237,2,-0.831501585872319,-0.591434741262175,-0.348936508282686,3.33333333333333,0.616731817510375,0.343574836846872,0.203189205202321,1.25,-1.19656548524939,-0.649263470838488,-0.297418822153198
"558",558,"male","white","yr3","Other","math02","Kinesthetic",5,2.14245548464502,1.47441255690006,1.14164342203661,4.5,4.37715648823251,2.70083823739273,1.98681807071955,2.33333333333333,-2.88366886308507,-1.53488332486397,-1.87004352818225,3.3,0.410101026809406,0.100788533354611,0.334340447792496,2.33333333333333,-1.21360333598099,-0.714917635834037,-0.560124477527274,1.85714285714286,-3.2226974625813,-1.91697242382275,-1.24121814794466,3.85714285714286,0.604413535117893,0.287877624326606,0.221200743401844,3.57142857142857,0.172424952652151,0.0789394280148526,0.0199003789188719,2.42857142857143,-1.03533680609029,-0.248615480594944,-0.337382547593727,3,-0.769169835842259,-0.592266261317209,-0.234840451402296,3.57142857142857,0.583140060057602,0.35791437334641,0.102945934381059,2.33333333333333,-0.184638342750558,-0.152697375630158,-0.0976173256084611,2.66666666666667,-0.72827450570122,-0.733191204293443,-0.200135864580444,1.75,-0.0344142460524795,0.150983533588984,0.0923808197233367
"559",559,"male","white","yr1","Other","stats","Visual",4,0.726844657074171,0.567189852853173,0.419840539947484,1.5,-0.939996728926976,-0.601232244712945,-0.413722361904138,2,-0.595224636762494,0.373898687343968,0.644320339772348,3.9,2.01904600668611,1.1388856788656,0.614882672001048,1.5,-2.82565852612049,-1.69337828193527,-1.29262387542576,2.42857142857143,-1.75359563153278,-1.17654520469807,-0.560332521742862,4.28571428571429,1.70271159218199,1.15364474703003,0.534844234356738,4,1.33101225027462,0.61934573712321,0.508286597071072,1.42857142857143,-3.27688068824374,-1.34621902014282,-1.27148994851728,4.14285714285714,1.67963515639804,1.05377842650598,0.638850636966381,1.85714285714286,-3.21240603538667,-2.16212770608079,-1.3138929080027,2.66666666666667,0.508328325090495,0.252758349419919,0.232502550142566,2.33333333333333,-1.40887945302694,-0.743355735005575,-0.494419286238478,1,-1.67193309805374,-0.844137146503784,-0.357745495736532
"560",560,"male","white","yr2","STEM","math04","Visual",4,0.720614354872792,0.755531850123027,0.408537557979465,1.25,-1.38304712852697,-0.855036885449504,-0.608775446018514,4.66666666666667,0.790456382892649,-0.0115046582178553,1.58882006433724,2.9,-0.948230254684693,-0.74113596932239,-0.363040086668848,2.16666666666667,-1.50688323016065,-0.912412403671338,-0.686468240988984,2.71428571428571,-1.33525563363153,-0.501706790023794,-0.516754565624839,3.14285714285714,-1.08379282036389,-0.62380146093154,-0.308346532559076,2.28571428571429,-3.03845955800484,-1.91458500324971,-1.11991133187343,1.85714285714286,-2.30406575296018,-0.941987291646634,-0.829080952743634,2.42857142857143,-2.34679992385864,-1.51045336589218,-0.974097664826117,2.42857142857143,-1.93847915262619,-1.00047758403142,-0.556916168862028,2.33333333333333,-0.184638342750558,-0.152697375630158,-0.0976173256084611,2,-2.08839911380415,-1.4142525501993,-0.687560328193648,2.25,1.01403610221817,0.218955367342158,0.170502342279625
"561",561,"male","white","yr1","Business","math03","Kinesthetic",3.33333333333333,-0.239167813173285,-0.388181897740207,-0.11949356660092,1,-1.79422804288445,-1.11806932750387,-0.821282758780936,2.66666666666667,0.455880559720614,0.850496592823465,1.90491391771252,3.8,1.79942593125012,1.05794071407518,0.654260783096589,4,2.05549201830159,1.36896139774662,0.932745103972743,4.14285714285714,2.14776885863997,1.08510852331092,0.862608923818425,4.57142857142857,2.29306086296114,1.39214612378031,0.737939444512005,4.71428571428571,2.98729212489832,1.81472684068937,1.00202306898071,4.42857142857143,3.40747049706399,1.6927069470166,1.31784868646234,4.57142857142857,2.69126113701682,1.70504289984435,1.05047031092467,4.85714285714286,3.40091530294509,2.05051587992781,1.26151904279292,2.66666666666667,0.466435787061802,0.496133381950885,0.153650641241613,2.33333333333333,-1.42291245136976,-1.00838332425271,-0.477376300366052,2.5,1.62148859388028,0.774180164692582,0.347280024677759
"562",562,"male","other","yr1","STEM","stats","Visual",3,-0.740864954901152,-0.300841781227334,-0.42306956577918,1.75,-0.416556141480238,-0.548880483872071,-0.258107860029402,4,0.678931108501971,0.275829092129251,1.694184682129,2.2,-3.21268803355068,-1.68166381363358,-1.10175544760688,3.66666666666667,1.35182996952377,1.06687928135497,0.60329798143605,3,-0.718511230028278,-0.282576999878922,-0.305662934613709,3.14285714285714,-1.14714912417049,-1.00974870063259,-0.287449116815508,3.57142857142857,0.15252614675716,0.404806814043839,0.0351079903384275,2,-1.99236330133548,-0.962223449465462,-0.721461106449426,3.85714285714286,0.893467044760256,0.952499548752046,0.219733006647536,2.85714285714286,-1.07518374441504,-0.655509332685048,-0.465514850107079,3,1.16361334159346,1.11168249894999,0.483719301168489,3.33333333333333,0.630764815853194,0.608602426094005,0.186146219329896,2.25,1.17649429520566,0.997920456226903,0.357383698536949
"563",563,"male","white","yr1","Business","math03","Visual",3.66666666666667,0.220904180848895,0.0149285139047472,0.0952713658385237,1.5,-0.908127243684467,-0.61046004603075,-0.431176590552184,3.33333333333333,-0.381659971407452,-0.490196818414496,-1.47283675635336,3,-0.696168605977766,-0.314361307404878,-0.255894690265229,3,0.101189967221026,0.100562919203416,0.0387441082583307,3.57142857142857,0.621505639219395,0.499691332734442,0.185548064393579,3.85714285714286,0.52864906314401,0.271607784459787,0.183093368266301,3.14285714285714,-0.83697205487976,-0.700430317251573,-0.274052225731051,2.42857142857143,-1.08528287783748,-0.521048570714683,-0.395953837358107,2.85714285714286,-1.33586815316959,-0.742789857394611,-0.587108908687362,2.85714285714286,-1.01453483669505,-0.36457639758357,-0.190549514091709,2,-0.831501585872319,-0.591434741262175,-0.348936508282686,2.33333333333333,-1.40887945302694,-0.743355735005575,-0.494419286238478,1.25,-1.19656548524939,-0.649263470838488,-0.297418822153198
"564",564,"female","white","yr2","STEM","math03","Visual",4,0.693436779273833,0.0413549310099928,0.332642262214006,1.75,-0.496946329326985,-0.347427603976387,-0.218669277789762,3.66666666666667,0.158121451973574,0.182244141921628,2.01710182343001,2.6,-1.78721985067556,-1.40400420240593,-0.554778656446078,3,0.149263683676033,0.195413079584203,0.0658290967333598,2.85714285714286,-0.756506689778332,-0.575664369114943,-0.271426724238656,3.57142857142857,-0.0196768789747939,0.0826675366253972,-0.0055444887997185,4.28571428571429,1.98939758959016,1.11284650474489,0.66622408233992,1,-4.17798314799999,-2.05659479008181,-1.50606043356177,4.14285714285714,1.98189439316015,1.13470502095085,0.913387142439892,4.14285714285714,1.82448279036143,1.00330916355666,0.713298318466371,1.66666666666667,-1.48257571568468,-1.24026549884322,-0.60020447513276,3.66666666666667,1.29625147828758,1.0144716520406,0.396330247157491,1.25,-1.19656548524939,-0.649263470838488,-0.297418822153198
"565",565,"male","Black","yr3","STEM","math03","Visual",1.33333333333333,-3.12248825271946,-2.1634362358676,-1.68420655441671,1,-1.79422804288445,-1.11806932750387,-0.821282758780936,4.66666666666667,1.73003630498508,0.752426997608748,2.95477826006917,5,5.14006484697988,3.24043328690884,1.54541374373052,2,-1.81289812336626,-1.12334758925605,-0.827274075511828,4.42857142857143,2.61283272336035,1.45743788031631,0.926603326567519,4.57142857142857,2.34617381500718,1.24499787767617,0.790408295418652,4.57142857142857,2.75239065791482,1.65587048510775,0.969126561444995,3.28571428571429,0.915281504136544,0.499923709399054,0.432984513105918,5,3.63024410131203,2.35278064546,1.38533618864896,2.42857142857143,-1.93462664159781,-1.31640379420484,-0.755068627205909,2,-0.831501585872319,-0.591434741262175,-0.348936508282686,2,-2.08839911380415,-1.4142525501993,-0.687560328193648,1.25,-1.19656548524939,-0.649263470838488,-0.297418822153198
"566",566,"female","other","yr2","Other","math04","Kinesthetic",3.66666666666667,0.243838421950443,0.0895039775564828,0.150173486673282,1.5,-0.939996728926976,-0.601232244712945,-0.413722361904138,3,0.0276244107302661,-0.109278117859766,-1.69038927986261,2.5,-2.08278069131344,-1.42329525791834,-0.609138056103577,4,2.04219916272112,1.3522340736904,0.930021156470777,3.85714285714286,1.39374074425385,0.782806543257418,0.528092052577746,4.14285714285714,1.21453789359475,0.800529735650164,0.38380396166522,4,1.27311160476219,0.803739556066415,0.425235390964391,3.85714285714286,2.08705100733765,0.968233357004309,0.76887773484296,4,1.31890860635435,0.90116551605563,0.48437333144762,3.71428571428571,0.882988617549282,0.506142519805903,0.325835268206706,2.33333333333333,-0.184638342750558,-0.152697375630158,-0.0976173256084611,2.66666666666667,-0.743392790592552,-0.337486509058984,-0.284235258410882,1.5,-0.721197872445042,-0.454389795173192,-0.237092148569864
"567",567,"male","Black","yr1","Other","math02","Auditory",4.33333333333333,1.2098508921979,1.04487572814986,0.689507593221686,4.5,4.40920878079488,2.77708203383058,1.98933164982189,1,-1.2465313345342,-0.0112085226450492,-2.74025362221926,4.7,4.53766889862101,2.62529110051661,1.46322355424619,3,0.188238188019279,-0.0619832507379787,0.0894707161479334,1.85714285714286,-3.1134596546732,-1.77639920522032,-1.19096204933464,1.57142857142857,-4.86392414802702,-3.15044196571928,-1.53854537359966,1.71428571428571,-4.33009059206066,-2.44308711496137,-1.40984860867678,1.57142857142857,-2.90399767249682,-1.87938775887965,-1.05095538241753,2.14285714285714,-2.92435982045295,-1.60533386181835,-1.21168548843146,1.57142857142857,-3.86498643475123,-2.14533655664396,-1.46108861855478,1,-2.82240562664749,-2.08445858952531,-1.18164353355801,3.66666666666667,1.29625147828758,1.0144716520406,0.396330247157491,1.75,0.0712937607416269,0.356233360137424,0.22695396707827
"568",568,"male","white","yr3","STEM","math04","Kinesthetic",3.33333333333333,-0.268332356476213,-0.274415364122088,-0.185698669403698,2,-0.0218436371646205,-0.0173791668019752,-0.0211026145730408,3,0.967204332822696,0.654653537966838,-0.324431084130683,3.9,2.0211494710481,1.2579885942879,0.617362796904536,3.33333333333333,0.776705243530081,0.503244034300646,0.350584962756469,2.85714285714286,-1.07372484908108,-0.616741562145175,-0.461028524440225,2.85714285714286,-1.76796080542945,-1.19741774098532,-0.532048499532934,2.71428571428571,-1.81396368335886,-1.14668946957244,-0.611082158393091,2.42857142857143,-1.16155504805112,-0.63717075793813,-0.414292026468991,3.71428571428571,0.718949976778036,0.451438231155145,0.263100938896564,2.42857142857143,-1.94310679651707,-1.15660458042456,-0.783246196605929,1.33333333333333,-2.17133149683513,-1.43562783194427,-0.930375566707937,2.66666666666667,-0.743392790592552,-0.337486509058984,-0.284235258410882,1,-1.67193309805374,-0.844137146503784,-0.357745495736532
"569",569,"female","white","yr1","Other","math04","Kinesthetic",3,-0.711700411598224,-0.414608314845453,-0.356864462976403,2.25,0.389337277192861,0.245653275252388,0.191404698189381,3.66666666666667,0.148635568547259,-0.107183863142622,0.110673962887821,2.2,-2.8332898707627,-1.88911050744609,-0.758795404915497,2.5,-0.741357038821248,-0.790316008728903,-0.321084963673588,3,-0.479819702123856,-0.348471998694021,-0.148435204079111,3.57142857142857,-0.116775284880385,-0.0564867444147417,-0.0583767520428477,2,-3.56721923470808,-2.13378214725175,-1.20371805374668,2.42857142857143,-1.0283084168942,-0.721041836392924,-0.403007688435779,3.14285714285714,-0.539329415465529,-0.520116590900021,-0.213185065357325,2.42857142857143,-2.01203970896602,-1.33751417012755,-0.776139550499429,2.66666666666667,0.466435787061802,0.496133381950885,0.153650641241613,3.66666666666667,1.29625147828758,1.0144716520406,0.396330247157491,1.75,-0.0424071301846323,-0.376041810536874,-0.0847241522419766
"570",570,"male","white","yr1","Other","math01","Visual",3,-0.705470109396845,-0.602950312115307,-0.345561481008384,2,-0.0142345032242304,0.0695055711691598,-0.0275646664252892,1.33333333333333,-0.725721678005802,0.0823764275625742,-3.06317076352027,3.1,-0.508350934102253,-0.19570099904305,-0.314385113791057,2.33333333333333,-1.16565038606467,-0.795119416369494,-0.525320516978983,1.57142857142857,-3.92697093272272,-2.41799561896879,-1.50171434988827,2.28571428571429,-3.24424254667618,-1.74592548434366,-1.0867249158346,2.42857142857143,-2.67090481926223,-1.63771719060197,-0.940466869408729,2.14285714285714,-1.67386693245969,-0.917921691664922,-0.607684843663366,1.85714285714286,-3.61122054956984,-2.30837606159527,-1.40417536846093,2,-2.90800426189518,-1.60480584279621,-1.01399695408536,3,1.15940245490286,0.901589107000962,0.48377051699264,2.66666666666667,-0.72827450570122,-0.733191204293443,-0.200135864580444,2.5,1.72719660067439,0.979429991241022,0.481853172032693
"571",571,"female","white","yr2","Other","math02","Visual",4,0.710140718174002,0.304272391931583,0.376241401080745,1.25,-1.38304712852697,-0.855036885449504,-0.608775446018514,3.66666666666667,2.0183095293058,1.13125144344633,0.936162493809483,2.7,-1.55536894160584,-0.857816137683841,-0.479929651250106,2,-1.70229245334824,-1.34012970136639,-0.760167405102661,1.57142857142857,-3.82368214042148,-2.09880984002263,-1.46418870828481,3,-1.48178995654955,-0.556162221508275,-0.518357550126912,2.28571428571429,-2.94079761108821,-1.84309285401146,-0.98183190205318,3.14285714285714,0.396444605879067,0.168356230230887,0.0488579739680543,2.57142857142857,-1.74306430654024,-1.3271820564215,-0.598979209693851,2.42857142857143,-1.98609468942711,-1.04211601608809,-0.726697315385686,1,-2.82240562664749,-2.08445858952531,-1.18164353355801,2.66666666666667,-0.714241507358401,-0.468163615046309,-0.21717885045287,1,-1.67193309805374,-0.844137146503784,-0.357745495736532
"572",572,"female","other","yr1","STEM","stats","Kinesthetic",5,2.14245548464502,1.47441255690006,1.14164342203661,2.5,0.856648028094972,0.403345376700006,0.37546560550796,2.33333333333333,-1.95357482441896,-1.06037967410162,-2.41051319299251,2.4,-2.42972743899533,-1.57684617708867,-0.833855635241901,3,0.117008427017763,0.171016727653673,0.0483030221738581,3.57142857142857,0.913074801907125,0.298593205636906,0.413427219268671,3.85714285714286,0.537454729545996,0.311619446047492,0.168370595120801,4,1.27311160476219,0.803739556066415,0.425235390964391,3,0.409763536979064,0.283710691291629,0.245748112403395,4,1.31890860635435,0.90116551605563,0.48437333144762,3.28571428571429,-0.0599304895639652,-0.0882006243058983,-0.0584306780424252,1.33333333333333,-2.17554238352573,-1.6457212238933,-0.930324350883787,3,-0.0487548449240131,-0.0622943890997189,-0.00699482262527438,1,-1.67193309805374,-0.844137146503784,-0.357745495736532
"573",573,"female","white","yr1","Other","math03","Kinesthetic",4,0.710140718174002,0.304272391931583,0.376241401080745,1.75,-0.496946329326985,-0.347427603976387,-0.218669277789762,3,0.0371102941565809,0.180149887204485,0.216038580679579,3,-0.696168605977766,-0.314361307404878,-0.255894690265229,2.33333333333333,-1.17198774256343,-0.654414569145682,-0.541484223689988,2,-2.94983024366521,-1.64040859462268,-1.14451733709862,2.42857142857143,-2.81638478336712,-1.7366860706649,-0.942111462028333,2.42857142857143,-2.55116966938773,-1.46017117606309,-0.833466802863256,1.57142857142857,-2.87508950698121,-1.60449822891966,-1.01151330896734,2.71428571428571,-1.63979742572752,-1.0329393360764,-0.636960133141054,1.71428571428571,-3.54943779482954,-2.34829384782212,-1.43697254774732,1.33333333333333,-2.17554238352573,-1.6457212238933,-0.930324350883787,2.66666666666667,-0.75742578893537,-0.602514098306118,-0.267192272538456,1.5,-0.619486307717012,-0.512652640687681,-0.191071487197587
"574",574,"male","white","yr1","STEM","math03","Visual",2.66666666666667,-1.19470664672195,-0.892294190142142,-0.626531516250605,1,-1.79422804288445,-1.11806932750387,-0.821282758780936,3.66666666666667,2.95788945139823,1.89518309927294,2.30212068954141,5,5.14006484697988,3.24043328690884,1.54541374373052,2.16666666666667,-1.47878593162852,-0.997876116304994,-0.674539253377418,3.28571428571429,-0.192814399398613,0.0645816657278837,-0.215552031184075,3.42857142857143,-0.50768857841086,-0.16387551021791,-0.234793015065653,3.42857142857143,-0.142450362801655,-0.00157697392418959,-0.0649679714487507,1.28571428571429,-3.63127915993761,-1.73099879727829,-1.38420832085486,3,-0.862820857560895,-0.666794473934316,-0.327847150162302,3.14285714285714,-0.398465528706584,-0.328729948254161,-0.141149107903315,3.33333333333333,1.84815823605331,1.09695144010201,0.813941608567817,3,-0.0638731298153453,0.33341030613474,-0.0910942164557125,1.75,-0.144118694912662,-0.317778965022385,-0.130744813614253
"575",575,"female","white","yr1","Other","math02","Kinesthetic",5,2.14245548464502,1.47441255690006,1.14164342203661,3.5,2.6290324338148,1.5040355374019,1.17564574971586,3,-1.84204955002828,-1.34771342444872,-2.51587781078427,3,-0.696168605977766,-0.314361307404878,-0.255894690265229,1.33333333333333,-3.12146402451642,-1.94459953416661,-1.42580260530103,2,-2.94983024366521,-1.64040859462268,-1.14451733709862,2,-3.91272071523201,-2.36571179513994,-1.26984889373599,2.42857142857143,-2.54249720578428,-1.52849170802189,-0.858868013625349,1.85714285714286,-2.28418868599138,-1.22050932422838,-0.800320919381729,1.57142857142857,-4.21293157200005,-2.66704343521936,-1.61047428322885,1.85714285714286,-3.21402228493616,-1.8265744538174,-1.14558363293952,1.66666666666667,-1.52446825371337,-0.996890466312252,-0.679056384033712,2.66666666666667,-0.72827450570122,-0.733191204293443,-0.200135864580444,2.25,1.15011742314201,0.842819161090215,0.375505837077082
"576",576,"male","white","yr1","Business","math02","Auditory",1.66666666666667,-2.64571231979711,-1.49740836330106,-1.42584248311053,2,-0.0305201059462302,0.423446043940552,0.0169010740190404,4,0.678931108501971,0.275829092129251,1.694184682129,3.2,-0.294571307071857,0.0957334835232741,-0.20110123060901,4,2.0248691155532,1.40069862598624,0.913981149947615,3.71428571428571,0.982252572541093,0.633613742566288,0.333122302918169,3.42857142857143,-0.509371730399789,-0.31459945878729,-0.15529939558923,3.28571428571429,-0.405397372535143,-0.228921573830745,-0.09944744007722,4.28571428571429,3.03339497845269,1.58749977621844,1.12971390037233,4.57142857142857,2.70660020317362,1.66180849919568,1.05387849240423,4.42857142857143,2.44460132315656,1.3904073578503,0.803309893404185,2,-0.831501585872319,-0.591434741262175,-0.348936508282686,2,-2.05924783057,-1.54492965618662,-0.620503920235636,2,0.595418675607206,0.597796954013167,0.162483877598681
"577",577,"female","white","yr1","STEM","math01","Auditory",4.66666666666667,1.65944924952129,0.996726681603372,0.87197636876241,2.75,1.29969842769496,0.657150017436564,0.570518689622336,3.33333333333333,-0.381659971407452,-0.490196818414496,-1.47283675635336,1.9,-3.81718744627153,-2.41590891544811,-1.1864257619947,2.66666666666667,-0.501188280935046,-0.364880424921445,-0.223502332580617,2,-2.83282034891731,-1.67759180273128,-1.06004441623359,3.14285714285714,-1.17740794823252,-0.482062359710474,-0.376558102456976,2.71428571428571,-1.92081277845034,-1.28640507857778,-0.694485379571277,3.28571428571429,0.88089514750572,0.401355448325172,0.311037889098337,2.42857142857143,-2.22528134560447,-1.45667316717882,-0.819696729721187,2.57142857142857,-1.64323747188768,-0.970196189075276,-0.65364656895558,1.66666666666667,-1.48257571568468,-1.24026549884322,-0.60020447513276,3,-0.0487548449240131,-0.0622943890997189,-0.00699482262527438,1.75,-0.0120338160549029,0.0425721566627429,-0.0142938047994532
"578",578,"female","white","yr1","STEM","math01","Auditory",2.33333333333333,-1.69017348624844,-0.993296070899123,-0.918804533460845,1.5,-0.876074951122094,-0.534216249592896,-0.428663011449839,3.33333333333333,0.567405834111292,0.563162842476358,1.79954929992076,3,-0.667933961430806,-0.206737441122394,-0.114331432573044,2.5,-0.897384329646344,-0.455147545195692,-0.415808898274446,2.85714285714286,-0.871284961479108,-0.494763017705839,-0.350707637059205,2.71428571428571,-2.21370887475277,-1.37269792749849,-0.712616085771855,2.42857142857143,-2.61129458661068,-1.61721617919548,-0.87232933719601,2.14285714285714,-1.73084139340296,-0.717928425986682,-0.600630992585694,2.57142857142857,-2.02378077599265,-1.07590747096276,-0.800382558355627,2.14285714285714,-2.60265742423843,-1.47676962736324,-0.961984850792939,2,-0.831501585872319,-0.591434741262175,-0.348936508282686,2,-2.08839911380415,-1.4142525501993,-0.687560328193648,2,0.569041803543553,0.442695658876479,0.180606016138814
"579",579,"female","white","yr1","Health","stats","Kinesthetic",3.33333333333333,-0.222463874273117,-0.125264436818617,-0.0758944277341815,3,1.69441093201058,1.18865133450666,0.807523935078698,3.33333333333333,-1.31175401007357,-0.964700469176849,-0.932367091543093,3.7,1.50116604990036,0.766990427803445,0.550017519146724,1.83333333333333,-2.09601809667289,-1.34599313766806,-0.951668014752954,3,-0.605425936863695,-0.198023965632839,-0.271352398303673,3.28571428571429,-0.807988440843237,-0.390759300997325,-0.284497381775846,3,-1.10299654840769,-0.681000321350584,-0.352631965974196,2,-1.99900660586152,-1.13920835490364,-0.799298920538554,3.28571428571429,-0.0650020212323082,-0.247313106820991,0.0901562370501114,3.28571428571429,-0.0921811989381528,-0.0757039867699291,-0.0968371168781696,2.66666666666667,0.462224900371202,0.286039990001859,0.153701857065764,2.66666666666667,-0.729359792249733,-0.0724589198118504,-0.301278244283308,2.75,2.0664828925549,0.550439873158261,0.33717635081857
"580",580,"female","white","yr2","Health","stats","Kinesthetic",2.33333333333333,-1.65477864074413,-1.2954046017871,-0.841296448690049,1,-1.79422804288445,-1.11806932750387,-0.821282758780936,3.33333333333333,2.42759391144352,1.51217014400106,0.718609970300231,2.5,-2.12567699790164,-1.61442480802547,-0.702652054602258,1.83333333333333,-2.13225534608899,-1.33587481282507,-0.976481137963626,2.71428571428571,-1.35203015561118,-0.498871576468612,-0.56800188914536,4.14285714285714,1.21281704820956,0.845224064513563,0.40679533524016,2.57142857142857,-2.1971694480732,-1.49403181032172,-0.761067155077077,1.57142857142857,-2.88876120070334,-1.30905677855986,-1.02372598221441,3.42857142857143,0.252320098161791,-0.00390509584101097,0.162865901877805,1.42857142857143,-4.17598097194314,-2.46420122370595,-1.5693843821898,2,-0.831501585872319,-0.591434741262175,-0.348936508282686,4,1.99088942395612,1.28966377199986,0.673570682943099,1.5,-0.721197872445042,-0.454389795173192,-0.237092148569864
"581",581,"male","other","yr1","Business","math02","Auditory",5,2.14245548464502,1.47441255690006,1.14164342203661,5,5.29530957999487,3.2846913153037,2.37943781805065,1.66666666666667,-0.185940254624776,0.754817387898698,0.426767816263096,1.5,-5.02319619808097,-2.89598128890437,-1.50284448723179,2,-1.85058647964328,-1.11410907494576,-0.84842192104252,2.14285714285714,-2.59207167640599,-1.41385554183036,-0.982190191270565,2.28571428571429,-3.16663509008006,-2.15896609528013,-0.983074694885395,2.85714285714286,-1.5041857575145,-0.856836713944827,-0.468614222644553,2.28571428571429,-1.24682878305568,-0.644994695552521,-0.399741531429709,2,-3.30376238356101,-2.00206474275311,-1.31755238295505,2.42857142857143,-1.91446605089825,-1.07340810603185,-0.631364341561083,3,1.11750991687416,1.14496413953193,0.404918608091687,3,-0.0487548449240131,-0.0622943890997189,-0.00699482262527438,3,2.81001670514085,1.72952846425674,0.718957528014161
"582",582,"female","white","yr1","Other","math01","Kinesthetic",4.66666666666667,1.65321894731991,1.18506867887323,0.860673386794391,3.25,2.1935911681552,1.33711563463647,0.974130613749231,3,-1.84204955002828,-1.34771342444872,-2.51587781078427,4.1,2.62628640203634,1.43182573088147,0.846491677839239,2.5,-0.787572962061427,-0.699793133673751,-0.345420512890491,3,-0.837214103312372,-0.0799394061151334,-0.435106231989252,4,0.958305015354018,0.364784305764665,0.367067632069408,3.71428571428571,0.506715048063242,0.262936337372991,0.158589541496755,1.71428571428571,-2.62302744256889,-1.43142427231799,-0.976414625962517,3,-0.70798371774276,-0.81237504462434,-0.161449193173164,3.71428571428571,0.877163159452728,0.620388834534413,0.375864161521217,2,-0.831501585872319,-0.591434741262175,-0.348936508282686,2.66666666666667,-0.714241507358401,-0.468163615046309,-0.21717885045287,2,0.335245359957763,0.14060738270584,0.0181343459517374
"583",583,"female","white","yr2","Other","math02","Kinesthetic",4,0.726844657074171,0.567189852853173,0.419840539947484,1.25,-1.35117764328446,-0.864264686767308,-0.62622967466656,3.66666666666667,1.08821549063969,0.656747792683981,1.47663215861975,3.6,0.984406072229995,0.564430571316646,0.301238102403848,1,-3.79697930082548,-2.34728064926384,-1.73764345979917,3.42857142857143,0.390628127231979,0.180930297575734,0.165467266102056,2,-3.9253691848517,-2.01773612671996,-1.36307727155287,2.42857142857143,-2.65228497932628,-1.43896013437788,-0.906972683127351,1.85714285714286,-2.27457822974613,-1.26173524717007,-0.786270886120092,1.42857142857143,-4.63856696006087,-2.71027638085247,-1.87063782691763,2.42857142857143,-1.94678154898407,-1.14575313660868,-0.69140629191916,2,-0.831501585872319,-0.591434741262175,-0.348936508282686,2.33333333333333,-1.42291245136976,-1.00838332425271,-0.477376300366052,1.25,-1.19656548524939,-0.649263470838488,-0.297418822153198
"584",584,"male","white","yr1","Other","math01","Auditory",1,-3.61172479004456,-2.45278011389444,-1.96517658965893,1,-1.79422804288445,-1.11806932750387,-0.821282758780936,1,-1.2465313345342,-0.0112085226450492,-2.74025362221926,4.6,4.33687024916806,2.42024370505253,1.43582682441808,1,-3.79697930082548,-2.34728064926384,-1.73764345979917,1,-5.24178222321143,-2.97306949796786,-2.00948824026407,1,-6.32079734593047,-3.79472327395363,-2.05798037207989,1,-6.13187701295069,-3.63354608456978,-2.08467369991728,1,-4.17798314799999,-2.05659479008181,-1.50606043356177,1,-5.61509787851869,-3.45367987215748,-2.21851524015639,1,-5.12332136998956,-2.885301797618,-1.81352883295966,4,3.15030649567803,2.3946129552641,1.31647754226797,4,1.99088942395612,1.28966377199986,0.673570682943099,4,5.05099160673814,3.01636126963701,1.25730903988951
"585",585,"female","white","yr3","Business","math03","Auditory",4,0.697680113771243,0.680956386471291,0.353635437144707,2.25,0.461935523779354,-0.12815594037009,0.138460360051599,2.66666666666667,-2.36285920655668,-1.44129837465635,-2.19296066948326,3.5,0.769647346546991,0.488517481316599,0.193828130014786,2.5,-0.916954061215309,-0.450968193306893,-0.424550182199802,2.14285714285714,-2.60111143425398,-1.31557158339125,-0.998920001325092,2,-3.90563687257683,-2.54073980036638,-1.23625413919096,2.57142857142857,-2.19292378979205,-1.48524583583568,-0.696118055931474,2.42857142857143,-1.07910489404435,-0.789198888147322,-0.351673433701802,2.85714285714286,-1.3870027806351,-0.886281113711692,-0.618502103464529,2.14285714285714,-2.60557543547186,-1.24916387495654,-0.862224565197391,3.33333333333333,1.81047658471522,1.55041986458201,0.735038483842714,2.66666666666667,-0.714241507358401,-0.468163615046309,-0.21717885045287,2.75,2.20256421347874,1.17430366690632,0.542179845616027
"586",586,"female","white","yr2","Health","stats","Visual",3.33333333333333,-0.245398115374665,-0.199839900470353,-0.13079654856894,1.25,-1.35117764328446,-0.864264686767308,-0.62622967466656,2.66666666666667,-1.42327928446425,-0.677366718829742,-0.827002473751335,2.9,-0.969696831839709,-0.501233413277461,-0.314896342612784,4,2.04219916272112,1.3522340736904,0.930021156470777,4,1.63407371542722,1.02491321206767,0.585424469232283,4,0.90343254616492,0.49231116248744,0.30641406295181,4,1.27311160476219,0.803739556066415,0.425235390964391,4,2.37887639199355,1.22651923176723,0.847737547775263,3.85714285714286,1.07792413396782,0.695111052881885,0.432551722198462,4,1.52262995429359,0.956186066847349,0.585066803663237,2.33333333333333,-0.226530880779251,0.0906776569008085,-0.176469234509414,2,-2.08839911380415,-1.4142525501993,-0.687560328193648,1.25,-1.19656548524939,-0.649263470838488,-0.297418822153198
"587",587,"female","white","yr1","STEM","math03","Kinesthetic",3,-0.740864954901152,-0.300841781227334,-0.42306956577918,1.75,-0.52102387330924,-0.165843466931789,-0.187709293243574,3,0.0276244107302661,-0.109278117859766,-1.69038927986261,4.2,2.77795850187259,1.67597213707827,0.768389062518975,2,-1.73291535609663,-1.30839247312677,-0.778931359127789,3.28571428571429,0.271220046199787,0.0464606243199525,0.200834574465033,4.28571428571429,1.58932137661566,1.02123311367782,0.507124656350728,3.28571428571429,-0.466684412050021,-0.293553419029535,-0.163615117430575,2.42857142857143,-1.00607800779825,-0.085122366698193,-0.416278252131328,3.57142857142857,0.477965504391513,0.245383767981401,0.211279329647406,3,-0.696181155389689,-0.405223006698095,-0.138245663700348,1.66666666666667,-1.48257571568468,-1.24026549884322,-0.60020447513276,3.33333333333333,0.601613532619042,0.73927953208133,0.119089811371883,1.5,-0.619486307717012,-0.512652640687681,-0.191071487197587
"588",588,"female","white","yr1","STEM","math03","Kinesthetic",3.66666666666667,0.243838421950443,0.0895039775564828,0.150173486673282,1.75,-0.433024551522102,-0.280411608856338,-0.233609927335463,3.33333333333333,-1.31175401007357,-0.964700469176849,-0.932367091543093,2.7,-1.47623879423873,-1.13395650607714,-0.424973941557931,2.33333333333333,-1.14444830058583,-0.743165188088145,-0.517817112519254,3.14285714285714,-0.183109802111871,-0.118377846593787,-0.0327463672400826,3.14285714285714,-1.12986060151263,-0.715996938298597,-0.358396720706583,3.14285714285714,-0.790453651374627,-0.358503443154965,-0.263220341373654,2.85714285714286,-0.0985688393268683,-0.126137983612035,-0.0157215922693844,3.28571428571429,-0.158653042950944,-0.321841319438098,-0.00285046170989393,3,-0.692687153800795,-0.324309887974433,-0.214465075211061,1.33333333333333,-2.12943895880644,-1.67900286447524,-0.851523657806985,4,1.99088942395612,1.28966377199986,0.673570682943099,1,-1.67193309805374,-0.844137146503784,-0.357745495736532
"589",589,"female","white","yr1","Business","math03","Auditory",2,-2.16694941917079,-1.65932394346567,-1.17716860476703,1,-1.79422804288445,-1.11806932750387,-0.821282758780936,3.33333333333333,1.49749987277741,1.03766649323871,1.25907963511049,3.9,2.05315037218829,1.11912467932746,0.68612370355706,2.66666666666667,-0.534160822531391,-0.242494939738156,-0.250791214722542,3.14285714285714,-0.162773564595065,-0.266805717688912,-0.0382795026035427,4,0.878535741011249,0.62992983136898,0.299217359545904,3.28571428571429,-0.442745722237268,-0.251378562348831,-0.147582432192563,2.57142857142857,-0.571817196169769,-0.229847950631044,-0.127129132635194,3.85714285714286,1.10949030267789,0.58681019475489,0.459522221865806,3.14285714285714,-0.374514223373548,-0.273191934549407,-0.146540731643645,2,-0.835712472562919,-0.801528133211202,-0.348885292458535,2.66666666666667,-0.72827450570122,-0.733191204293443,-0.200135864580444,1.25,-1.19656548524939,-0.649263470838488,-0.297418822153198
"590",590,"female","Black","yr2","STEM","math03","Visual",5,2.14245548464502,1.47441255690006,1.14164342203661,3,1.70202006595097,1.2755360724778,0.801061883226449,2,0.334869401903621,0.848402338106321,0.103850674962085,3.8,1.82035082159515,1.05294119882383,0.589966067076426,2,-1.85058647964328,-1.11410907494576,-0.84842192104252,4,1.63407371542722,1.02491321206767,0.585424469232283,4.14285714285714,1.21453789359475,0.800529735650164,0.38380396166522,4,1.27311160476219,0.803739556066415,0.425235390964391,2,-1.99236330133548,-0.962223449465462,-0.721461106449426,3,-0.99242688860333,-0.550449613348739,-0.416589525753715,3,-0.692687153800795,-0.324309887974433,-0.214465075211061,3.66666666666667,2.50344325255627,1.95587558963208,1.06515835959374,2.33333333333333,-1.40779416647843,-1.40408801948717,-0.393276906535614,3,2.81001670514085,1.72952846425674,0.718957528014161
"591",591,"female","white","yr3","Other","math04","Visual",4.33333333333333,1.17644301439756,0.519040806306683,0.602309315488208,2.75,1.20302263712622,1.21254337010364,0.654423012306306,3.66666666666667,0.148635568547259,-0.107183863142622,0.110673962887821,2.7,-1.51949650536849,-1.036487252731,-0.520405008326882,2.83333333333333,-0.29870787932586,0.069793673196308,-0.147067547018338,3.71428571428571,0.859191286007676,0.676450266153534,0.217166664695147,3,-1.43424260982965,-0.790096800096398,-0.500196168376519,3,-1.16428358792257,-0.745632166549373,-0.416799643327551,2.28571428571429,-1.63081814976839,-0.923701668131166,-0.787263782808253,2.57142857142857,-1.87197612765294,-1.32723623099512,-0.663090667465729,2.57142857142857,-1.65014291153286,-1.22231071733798,-0.663554001068176,4,3.15030649567803,2.3946129552641,1.31647754226797,1.66666666666667,-2.76791877458135,-2.08514936539302,-0.880701370148818,1.75,-0.144118694912662,-0.317778965022385,-0.130744813614253
"592",592,"female","white","yr2","Business","math03","Kinesthetic",4,0.710140718174002,0.304272391931583,0.376241401080745,1.25,-1.32691729198234,-0.960377226056248,-0.637221851462357,3.66666666666667,-0.800430236971485,-1.16054352403348,-3.16171209338629,2,-3.55051923855981,-1.96787302701979,-1.0439041028561,1.83333333333333,-2.20051713117776,-1.31003435634707,-1.01071565709246,1.85714285714286,-3.23215292176725,-1.84031805747429,-1.27846976630767,3.42857142857143,-0.505929061267798,-0.14425412083655,-0.226608296854702,3.42857142857143,-0.146042531167492,0.108653630157466,-0.0797932451834601,2.42857142857143,-1.26446506600811,-0.30796229498566,-0.688767037470155,2,-3.24101140985633,-2.0125367055746,-1.31504598663921,2.85714285714286,-1.00235916217108,-0.497046810289937,-0.347501555553757,3,1.15940245490286,0.901589107000962,0.48377051699264,3,-0.0487548449240131,-0.0622943890997189,-0.00699482262527438,2.25,1.01403610221817,0.218955367342158,0.170502342279625
"593",593,"female","white","yr1","Business","math03","Visual",4.33333333333333,1.19314695329773,0.781958267228272,0.645908454354947,2,-0.0296355784248751,-0.189735502528769,-0.0346083704711827,3,-0.902469627935849,-0.583781768622119,-1.14991961505235,2.7,-1.7171490836526,-0.896703689831736,-0.649257460697535,2.33333333333333,-1.18298043323259,-0.746654864073655,-0.541360523502146,3.57142857142857,0.89528351259674,0.339409567258095,0.425921910633671,3.57142857142857,-0.0779939544429719,-0.00638327066827207,-0.0196426594766554,3.85714285714286,0.870024128524695,0.531018175534691,0.273084904815847,3,0.174686018190132,0.00927312491336095,-0.028211009968195,3.14285714285714,-0.600515533565028,-0.30000780759289,-0.286576323586458,2.71428571428571,-1.32599904125539,-0.830757777883531,-0.48733005263983,1.66666666666667,-1.43647229096539,-1.27354713942516,-0.521403782055958,4,1.99088942395612,1.28966377199986,0.673570682943099,1,-1.67193309805374,-0.844137146503784,-0.357745495736532
"594",594,"female","white","yr2","Other","math02","Visual",5,2.14245548464502,1.47441255690006,1.14164342203661,2,0.00223390681763425,-0.198963303846574,-0.0520625991192284,3,-0.902469627935849,-0.583781768622119,-1.14991961505235,2.9,-0.751811809597184,-0.643550940579817,-0.204305625403505,2.5,-0.819039641179566,-0.680784095729938,-0.366580032367819,4.28571428571429,2.31960155040937,1.33595064778856,0.877671922698436,5,3.31150917686338,1.92132264130113,1.09454554129571,4.57142857142857,2.84055506569297,1.53343000433789,1.01402837236018,2,-1.87069900703799,-1.04965760278568,-0.648538634450947,4.14285714285714,1.93075976569464,0.991213764633764,0.881993947662725,4.28571428571429,2.08871073469805,1.06919302779267,0.625074957482367,3.66666666666667,2.45733982783698,1.98915723021402,0.986357666516939,3.33333333333333,0.631850102401707,-0.0521298583875875,0.28728859903276,1.75,-0.245830259640692,-0.259516119507896,-0.17676547498653
"595",595,"female","white","yr2","STEM","stats","Auditory",4.33333333333333,1.19314695329773,0.781958267228272,0.645908454354947,1.5,-0.932204787666722,-0.428875908986152,-0.400216606005996,3.33333333333333,-0.362688204554823,0.088659191714005,2.34001896473102,2.8,-1.1370218797584,-1.08149984228264,-0.268284258330865,2.66666666666667,-0.391426387286769,-0.594390727327587,-0.15879122762365,3.28571428571429,0.150390382713494,0.1330152912077,0.0900709442864929,3.28571428571429,-0.756797963876904,-0.450599231407544,-0.212084652446135,3.42857142857143,-0.173573389346083,0.176709377558419,-0.110651204156182,2.85714285714286,-0.213054131703211,-0.623577175908605,-0.225950602707191,3.42857142857143,-0.0264604226785221,-0.0230074891139342,-0.0190415444148439,3.85714285714286,1.23323449878934,0.849838602052487,0.53847860426698,2,-0.831501585872319,-0.591434741262175,-0.348936508282686,3,-0.0487548449240131,-0.0622943890997189,-0.00699482262527438,1.75,-0.144118694912662,-0.317778965022385,-0.130744813614253
"596",596,"female","white","yr1","Health","stats","Kinesthetic",3.33333333333333,-0.211990237574327,0.325995021372827,-0.0435982708354617,1.75,-0.52102387330924,-0.165843466931789,-0.187709293243574,3.66666666666667,1.08821549063969,0.656747792683981,1.47663215861975,1.8,-4.16609932681489,-2.47162937404771,-1.2812896511504,1.83333333333333,-2.05059075097284,-1.47992140259756,-0.923699020618225,2.85714285714286,-0.749528668662017,-0.343866837970038,-0.216964295424714,3.71428571428571,0.183764879004392,0.192098777778916,0.0255512016051124,4,1.35428035580022,0.793750441047649,0.491568557782303,3.28571428571429,0.972061692051437,0.245156667968087,0.279099713923716,2.14285714285714,-2.87039281719374,-1.84592510458003,-1.08632128120228,1.71428571428571,-3.58602423928756,-2.03953272708379,-1.40691168575675,3,1.19708410624095,0.448120682520969,0.562673641717743,4,1.99088942395612,1.28966377199986,0.673570682943099,1,-1.67193309805374,-0.844137146503784,-0.357745495736532
"597",597,"female","white","yr1","STEM","math02","Visual",5,2.14245548464502,1.47441255690006,1.14164342203661,1.75,-0.496946329326985,-0.347427603976387,-0.218669277789762,3,-0.902469627935849,-0.583781768622119,-1.14991961505235,2.7,-1.46668708589845,-1.08102989825691,-0.393884689544376,2.33333333333333,-1.1915574741324,-0.650235217256882,-0.550225507615344,2.85714285714286,-0.948952473683424,-0.565124750947043,-0.384274361722693,3,-1.48723342263863,-1.02756467593216,-0.464130799894567,3,-1.1678757562884,-0.635401562467717,-0.43162491706226,2.85714285714286,0.0110176196326979,-0.0470150079127872,0.115370860784384,3,-1.15362319609893,-0.524085557349325,-0.599021117630938,3,-0.694660100868968,-0.525989783419339,-0.362588640240432,2,-0.785398161153026,-0.624716381844115,-0.270135815205884,2.33333333333333,-1.42291245136976,-1.00838332425271,-0.477376300366052,2,0.569041803543553,0.442695658876479,0.180606016138814
"598",598,"female","other","yr1","STEM","stats","Kinesthetic",1.66666666666667,-2.6561859564959,-1.9486678214925,-1.45813864000925,1.25,-1.32691729198234,-0.960377226056248,-0.637221851462357,3.66666666666667,2.95788945139823,1.89518309927294,2.30212068954141,4.1,2.54659509904805,1.53490491937429,0.783687320853908,3.33333333333333,0.776881208898393,0.647618775638353,0.348895001053234,4,1.71511757851388,1.03092262001627,0.666996366514286,5,3.31150917686338,1.92132264130113,1.09454554129571,4.28571428571429,1.9876709080792,1.15919810020662,0.698510857117995,4.85714285714286,4.33524394104013,2.18909859999321,1.58733562136059,5,3.63024410131203,2.35278064546,1.38533618864896,4.85714285714286,3.42827505401769,2.06394509935363,1.25156220219484,3,1.15940245490286,0.901589107000962,0.48377051699264,3.66666666666667,1.29625147828758,1.0144716520406,0.396330247157491,2,0.432960482619717,-0.181168134871578,-0.0243974786586425
"599",599,"female","other","yr1","Other","math01","Kinesthetic",4.66666666666667,1.67615318842146,1.25964414252496,0.915575507629149,3,1.66254144676807,1.19787913582447,0.824978163726743,3.66666666666667,-0.790944353545171,-0.871115518969226,-1.2552842328441,3,-0.696168605977766,-0.314361307404878,-0.255894690265229,2.83333333333333,-0.229778283235657,-0.0876933343235906,-0.108747500734071,3,-0.657878264118997,-0.307747691277502,-0.279546433933169,3,-1.50464408453354,-0.936700316326251,-0.481717415392091,3,-1.19521793447544,-0.675355657478984,-0.411400972662834,3,0.193256545329035,0.132147891150883,0.0631382206629184,3,-0.872490984479435,-0.509324187742602,-0.318410610595419,3,-0.692687153800795,-0.324309887974433,-0.214465075211061,3,1.15940245490286,0.901589107000962,0.48377051699264,3,-0.0487548449240131,-0.0622943890997189,-0.00699482262527438,1.5,-0.721197872445042,-0.454389795173192,-0.237092148569864
"600",600,"female","white","yr1","Other","math01","Kinesthetic",5,2.14245548464502,1.47441255690006,1.14164342203661,2,-0.0296355784248751,-0.189735502528769,-0.0346083704711827,3.33333333333333,-0.381659971407452,-0.490196818414496,-1.47283675635336,3.2,-0.300529289091275,-0.237122744480016,-0.29441755571872,5,3.98859198390332,2.58540564800849,1.81924269522743,4,1.54440579583053,1.13881735464886,0.507644570204242,4.85714285714286,2.94553136024446,1.74063092486118,0.956502073464702,4.28571428571429,2.02847262080325,1.08895189780124,0.682072299677188,4,2.4221791592147,1.32196741644879,0.828471023450516,3.85714285714286,1.22747998748115,0.624428553307886,0.577151395918546,4.42857142857143,2.44112808870537,1.34767448401643,0.7862395987396,1.66666666666667,-1.52446825371337,-0.996890466312252,-0.679056384033712,4,1.99088942395612,1.28966377199986,0.673570682943099,1.5,-0.721197872445042,-0.454389795173192,-0.237092148569864
"601",601,"female","Asian","yr1","STEM","math03","Visual",2.33333333333333,-1.66723924514689,-0.918720607247388,-0.863902412626087,1,-1.79422804288445,-1.11806932750387,-0.821282758780936,3.66666666666667,2.95788945139823,1.89518309927294,2.30212068954141,4.6,4.33687024916806,2.42024370505253,1.43582682441808,1,-3.79697930082548,-2.34728064926384,-1.73764345979917,5,3.92602569497344,2.35757411541285,1.45039537239774,4.14285714285714,1.32252331482988,0.525854632823253,0.496926381689466,5,3.74144114399981,2.28283476961181,1.26187175459162,4,2.7720108942186,1.01886505853336,1.21575242198262,3.85714285714286,0.995223337792255,0.659920654691799,0.374188027753951,4.14285714285714,1.84080288472083,1.00730402027237,0.652991147230653,4,3.15030649567803,2.3946129552641,1.31647754226797,4,1.99088942395612,1.28966377199986,0.673570682943099,4,5.05099160673814,3.01636126963701,1.25730903988951
"602",602,"male","white","yr1","Other","math02","Visual",2.66666666666667,-1.19470664672195,-0.892294190142142,-0.626531516250605,1.75,-0.504555463267375,-0.434312341947522,-0.212207225937513,3.66666666666667,2.02779541273212,1.42067944851058,2.84259035435167,2.9,-0.910969869800614,-0.550744956454215,-0.248407746199159,2.66666666666667,-0.530967407313693,-0.320415006386021,-0.239870721153545,3,-0.337699455271866,-0.352652415630543,-0.0624612694215727,3.57142857142857,-0.0850777970981493,0.168644734558161,-0.0532374140216864,3.71428571428571,0.607641678010243,0.349735138099998,0.181013518388701,2.71428571428571,-0.478822341731286,0.0368051630224504,-0.248136782015701,3.85714285714286,1.1623773229973,0.639241539795577,0.475941938859836,3,-0.698154102457862,-0.606902902143001,-0.286369228729718,2.33333333333333,-0.184638342750558,-0.152697375630158,-0.0976173256084611,3,-0.0638731298153453,0.33341030613474,-0.0910942164557125,1.25,-1.19656548524939,-0.649263470838488,-0.297418822153198
"603",603,"male","white","yr1","STEM","math04","Auditory",3.66666666666667,0.254312058649232,0.540763435747927,0.182469643572002,1.75,-0.425232610261848,-0.108055273129544,-0.220104171437321,2.66666666666667,-2.35337332313036,-1.1518703695921,-0.286532808941072,4,2.22194812050106,1.46303598975198,0.644759526732645,2,-1.81223031236483,-1.25499414029795,-0.823188548356393,2.42857142857143,-1.90431221837671,-1.05909996280897,-0.684750729759931,3.14285714285714,-1.17400492922004,-0.635766735682033,-0.453716941392746,2.57142857142857,-2.2136647655939,-1.17038518596217,-0.78211617329496,2.42857142857143,-1.32811022093097,-0.570023669956293,-0.731817956940135,3.14285714285714,-0.531908083373366,-0.496940616633369,-0.215313822094022,2.28571428571429,-2.26477372853321,-1.28863565257325,-0.774951128662632,2.33333333333333,-0.180427456059958,0.0573960163188686,-0.0976685414326116,3.66666666666667,1.31136976317891,0.618766956806137,0.480429640987929,1.25,-1.19656548524939,-0.649263470838488,-0.297418822153198
"604",604,"male","white","yr2","Business","math03","Visual",3,-0.734634652699772,-0.489183778497188,-0.411766583811161,2.75,1.30749036895522,0.829506353163358,0.584024445520478,3,0.0371102941565809,0.180149887204485,0.216038580679579,3,-0.696168605977766,-0.314361307404878,-0.255894690265229,3,0.0958063415389203,0.119062499372324,0.0407996177141286,3,-0.657878264118997,-0.307747691277502,-0.279546433933169,3,-1.50464408453354,-0.936700316326251,-0.481717415392091,3,-1.19521793447544,-0.675355657478984,-0.411400972662834,3,0.193256545329035,0.132147891150883,0.0631382206629184,3,-0.99242688860333,-0.550449613348739,-0.416589525753715,3,-0.692687153800795,-0.324309887974433,-0.214465075211061,2,-0.831501585872319,-0.591434741262175,-0.348936508282686,2,-2.08839911380415,-1.4142525501993,-0.687560328193648,2,0.569041803543553,0.442695658876479,0.180606016138814
"605",605,"male","white","yr3","Business","stats","Kinesthetic",2.33333333333333,-1.66100894294551,-1.10706260451724,-0.852599430658068,1.75,-0.472685978024866,-0.443540143265327,-0.229661454585559,3.33333333333333,1.49749987277741,1.03766649323871,1.25907963511049,3.7,1.53589299151335,0.719567164936578,0.649120415712331,2.66666666666667,-0.52395142772171,-0.282781006384781,-0.24316411007497,3.42857142857143,0.523292914898019,0.253404246987664,0.214189582396579,3.28571428571429,-0.857497912762339,-0.393566120637584,-0.288564822773474,4,1.2982622915145,0.663018825559498,0.438256299304293,2.85714285714286,-0.000564717226731612,-0.0505780827782145,0.177008994749652,3.85714285714286,1.17421160344629,0.778126961699698,0.509297075905668,2,-2.90762498531798,-1.9634649268035,-1.22921970709383,2.66666666666667,0.508328325090495,0.252758349419919,0.232502550142566,3.33333333333333,0.630764815853194,0.608602426094005,0.186146219329896,1.75,-0.0424071301846323,-0.376041810536874,-0.0847241522419766
"606",606,"female","white","yr2","STEM","math04","Visual",3,-0.711700411598224,-0.414608314845453,-0.356864462976403,1,-1.79422804288445,-1.11806932750387,-0.821282758780936,3,0.967204332822696,0.654653537966838,-0.324431084130683,3.3,0.194862302860872,0.117966125875597,0.0255357368491349,3.66666666666667,1.45058816592926,0.849791569227728,0.663663696720233,3.57142857142857,0.715947673403365,0.567217852420463,0.270362112577588,4,0.90343254616492,0.49231116248744,0.30641406295181,3.71428571428571,0.556825619934213,0.494632607387943,0.184246699588861,3.14285714285714,0.815643345172023,0.05628569030738,0.476154348397297,3.71428571428571,0.836939661581301,0.489056589708141,0.380730112949304,3.71428571428571,0.874422906780685,0.542919820583581,0.369311893459652,2.33333333333333,-0.138534918031266,-0.185979016212098,-0.0188166325316591,4,1.99088942395612,1.28966377199986,0.673570682943099,1.5,-0.619486307717012,-0.512652640687681,-0.191071487197587
"607",607,"female","white","yr5+","STEM","math04","Auditory",5,2.14245548464502,1.47441255690006,1.14164342203661,5,5.29530957999487,3.2846913153037,2.37943781805065,2.33333333333333,-2.88366886308507,-1.53488332486397,-1.87004352818225,3,-0.696168605977766,-0.314361307404878,-0.255894690265229,3,0.0958063415389203,0.119062499372324,0.0407996177141286,3,-0.657878264118997,-0.307747691277502,-0.279546433933169,3,-1.50464408453354,-0.936700316326251,-0.481717415392091,3,-1.19521793447544,-0.675355657478984,-0.411400972662834,3,0.193256545329035,0.132147891150883,0.0631382206629184,3,-0.99242688860333,-0.550449613348739,-0.416589525753715,3,-0.692687153800795,-0.324309887974433,-0.214465075211061,2,-0.831501585872319,-0.591434741262175,-0.348936508282686,2,-2.08839911380415,-1.4142525501993,-0.687560328193648,2,0.569041803543553,0.442695658876479,0.180606016138814
"608",608,"female","white","yr1","Other","math01","Kinesthetic",3.33333333333333,-0.262102054274834,-0.462757361391943,-0.174395687435678,1.5,-0.883866892382348,-0.70657258531969,-0.442168767347981,1.66666666666667,-2.06510009880964,-0.773045923754509,-2.30514857520075,1.3,-5.71812777443555,-3.66584833036775,-1.88763854192878,3,0.111575327399018,0.204651593894498,0.0446812512026681,5,3.92602569497344,2.35757411541285,1.45039537239774,4.85714285714286,3.00040382943356,1.61310406813841,1.0171556425823,5,3.74144114399981,2.28283476961181,1.26187175459162,2.57142857142857,-0.633318215322838,-0.220774380405517,-0.151795331975782,5,3.63024410131203,2.35278064546,1.38533618864896,4.28571428571429,2.16716224933948,1.380303756927,0.89266161855359,4,3.15030649567803,2.3946129552641,1.31647754226797,4,1.99088942395612,1.28966377199986,0.673570682943099,1.75,-0.245830259640692,-0.259516119507896,-0.17676547498653
"609",609,"male","white","yr2","Business","math02","Kinesthetic",4,0.710140718174002,0.304272391931583,0.376241401080745,1.5,-0.939996728926976,-0.601232244712945,-0.413722361904138,4.33333333333333,1.19974076503037,0.369414042336875,1.37126754082799,2.8,-1.23674121405699,-0.957238194065104,-0.395689576016895,3.83333333333333,1.78403254666557,1.10690959322069,0.812312991699209,3.71428571428571,1.15681184048092,0.469698823577354,0.476528536928231,4.71428571428571,2.62562034641265,1.39240069011075,0.893834947896792,4.42857142857143,2.35102986318829,1.33679750911429,0.784689300518377,3,0.145198494976085,0.329021080436801,-0.0710210765917379,4.42857142857143,2.48009044048646,1.48174748982001,1.04059267912599,4.71428571428571,3.12838496225059,1.83935646311454,1.21525228071979,3,1.11329903018356,0.934870747582902,0.404969823915838,3.33333333333333,0.659916099087344,0.47792532010668,0.253202627287908,1.5,-0.619486307717012,-0.512652640687681,-0.191071487197587
"610",610,"female","white","yr3","Other","math04","Visual",4,0.710140718174002,0.304272391931583,0.376241401080745,1,-1.79422804288445,-1.11806932750387,-0.821282758780936,3.66666666666667,1.08821549063969,0.656747792683981,1.47663215861975,2.3,-2.72676696554165,-1.68172405445003,-0.884774013259835,3.16666666666667,0.415114090325006,0.346725009013258,0.184329399738939,4.42857142857143,2.6825801067782,1.51359120092091,1.03043816926751,3.71428571428571,0.139495286756597,0.183840408037978,0.0148618234544474,3.71428571428571,0.544578082336766,0.421937317616966,0.177449535732132,3.14285714285714,0.555949747132272,0.23484256083918,0.266254760327678,4.14285714285714,1.67768893707741,1.05027135945283,0.658300895860825,3.28571428571429,-0.0818880806911222,0.0961215023240487,0.00179480455197722,2.66666666666667,0.508328325090495,0.252758349419919,0.232502550142566,3,-0.0487548449240131,-0.0622943890997189,-0.00699482262527438,1.5,-0.619486307717012,-0.512652640687681,-0.191071487197587
"611",611,"female","white","yr1","STEM","math02","Visual",4,0.697680113771243,0.680956386471291,0.353635437144707,3,1.77373378501611,1.51490840332464,0.79962698957889,2.33333333333333,-2.88366886308507,-1.53488332486397,-1.87004352818225,2.6,-1.76082441411032,-1.27912346295315,-0.492081949900194,2.66666666666667,-0.487895425354572,-0.348153100865224,-0.220778385078652,3.14285714285714,-0.300119696859772,-0.0811946384851847,-0.117219288105113,3,-1.44977161534445,-1.06422717304903,-0.421063846274493,3.28571428571429,-0.478931949647468,-0.366248708800512,-0.170412281287304,3.28571428571429,0.726261450215744,0.468115599103507,0.200510703664227,3.42857142857143,-0.0670305976110225,0.0494626216391813,-0.100105307292126,3.85714285714286,1.2178489042249,0.757523287570055,0.500393602754364,2,-0.785398161153026,-0.624716381844115,-0.270135815205884,3.33333333333333,0.601613532619042,0.73927953208133,0.119089811371883,1,-1.67193309805374,-0.844137146503784,-0.357745495736532
"612",612,"male","white","yr1","Business","math03","Visual",2.33333333333333,-1.68394318404706,-1.18163806816898,-0.907501551492826,1.75,-0.528815814569494,-0.338199802658583,-0.201215049141716,3.33333333333333,1.49749987277741,1.03766649323871,1.25907963511049,4.5,3.78311449003881,2.27514591347546,1.23357415074316,4,2.08678273205142,1.2055776184651,0.955594585153306,4.14285714285714,1.95888233360577,1.19537951237952,0.687861412560353,4.14285714285714,1.30639350432031,0.639169245047738,0.443830813352169,4,1.25559509193558,0.7971440365848,0.407582808232316,3.42857142857143,1.04371314066019,0.661919619516661,0.277361562844115,4.14285714285714,1.71473021855901,0.96163940853935,0.702592897685916,4.42857142857143,2.45290371951444,1.53568291042755,0.937800016461317,2.33333333333333,-0.184638342750558,-0.152697375630158,-0.0976173256084611,3.33333333333333,0.630764815853194,0.608602426094005,0.186146219329896,1,-1.67193309805374,-0.844137146503784,-0.357745495736532
"613",613,"female","other","yr3","Other","math01","Visual",5,2.14245548464502,1.47441255690006,1.14164342203661,3,1.62269721294544,0.949279003659817,0.808958828726257,3.33333333333333,2.42759391144352,1.51217014400106,0.718609970300231,5,5.14006484697988,3.24043328690884,1.54541374373052,2.33333333333333,-1.00406350418916,-1.00441271873391,-0.434342053537158,4.14285714285714,2.24319994363658,1.12130262050813,0.925917228730405,5,3.31150917686338,1.92132264130113,1.09454554129571,4.42857142857143,2.54025970625736,1.28362841591325,0.931413911616366,2.42857142857143,-0.95380810724337,-0.648658073221029,-0.35563771248851,5,3.63024410131203,2.35278064546,1.38533618864896,5,3.73794706238797,2.23668202166913,1.38459868253754,4,3.15030649567803,2.3946129552641,1.31647754226797,4,1.99088942395612,1.28966377199986,0.673570682943099,1.5,-0.721197872445042,-0.454389795173192,-0.237092148569864
"614",614,"female","white","yr3","STEM","math03","Visual",5,2.14245548464502,1.47441255690006,1.14164342203661,2.25,0.404738352393506,0.504894348950316,0.198448402235275,3.66666666666667,1.08821549063969,0.656747792683981,1.47663215861975,2.3,-2.58546813605503,-1.84226503813703,-0.628379454842501,1.33333333333333,-3.0987503516664,-2.01156366663136,-1.41181810823367,3,-0.277407531039975,-0.219844728677487,0.00412195491540226,3.14285714285714,-1.16187992107936,-0.467665982435385,-0.43036427044341,3.85714285714286,1.02190562189164,0.45539209381556,0.371674523798493,2.42857142857143,-1.31229439143905,-0.594330175119933,-0.701220563563668,3.28571428571429,-0.121993125184799,-0.204343516919084,-0.00999306290365042,1.57142857142857,-3.87741340899769,-2.38574033221336,-1.50833374400708,2,-0.831501585872319,-0.591434741262175,-0.348936508282686,4,1.99088942395612,1.28966377199986,0.673570682943099,1.25,-1.19656548524939,-0.649263470838488,-0.297418822153198
"615",615,"female","white","yr1","Other","math01","Visual",3.66666666666667,0.243838421950443,0.0895039775564828,0.150173486673282,1.75,-0.496946329326985,-0.347427603976387,-0.218669277789762,3.33333333333333,-1.31175401007357,-0.964700469176849,-0.932367091543093,2.6,-1.80609644606959,-1.02627113963944,-0.506745094842344,2.16666666666667,-1.50228818201868,-0.97431737371459,-0.684890305526956,3.28571428571429,0.238685798457068,0.0120034639301422,0.161466180273535,4.85714285714286,3.00040382943356,1.61310406813841,1.0171556425823,3.85714285714286,0.790000405406751,0.699840558431293,0.24942998190265,4,2.45186095545713,1.05699323667807,1.01811203817859,3.57142857142857,0.499861546183036,0.29455319604612,0.247686368881632,5,3.73794706238797,2.23668202166913,1.38459868253754,3.66666666666667,2.49923236586567,1.74578219768306,1.06520957541789,3.66666666666667,1.32540276152173,0.883794546053271,0.463386655115504,3,2.64755851215336,0.950563375371998,0.532076171756838
"616",616,"female","white","yr2","STEM","math02","Auditory",4.33333333333333,1.2098508921979,1.04487572814986,0.689507593221686,2.5,0.800518191550344,0.508685717306751,0.403912010951803,2.66666666666667,-2.36285920655668,-1.44129837465635,-2.19296066948326,2.7,-1.48939965261036,-1.21135427250287,-0.435560422456127,2.16666666666667,-1.48736297252833,-0.901456469488221,-0.683404237490616,2.14285714285714,-2.53875777329041,-1.51284538602221,-0.970069395747532,2.57142857142857,-2.53189806483777,-1.50588849543478,-0.823600739030297,3,-1.22562050208508,-0.719781582494137,-0.452650400762195,2.57142857142857,-0.687152893949078,-0.523011104562274,-0.227452598574643,2.57142857142857,-1.79613488261784,-1.20029633400692,-0.649868306840145,2.42857142857143,-1.96557558928806,-1.19595965681218,-0.724926076574028,2,-0.785398161153026,-0.624716381844115,-0.270135815205884,2.66666666666667,-0.743392790592552,-0.337486509058984,-0.284235258410882,1.75,-0.144118694912662,-0.317778965022385,-0.130744813614253
"617",617,"female","white","yr1","Business","math03","Kinesthetic",4.33333333333333,1.19314695329773,0.781958267228272,0.645908454354947,2.5,0.808310132810598,0.681042053033544,0.417417766849945,3.66666666666667,0.148635568547259,-0.107183863142622,0.110673962887821,3,-0.696168605977766,-0.314361307404878,-0.255894690265229,2.5,-0.849486578559647,-0.504672126152612,-0.387033948096182,2.71428571428571,-1.59232403849974,-0.79042465456269,-0.724934039906823,2.42857142857143,-2.75110815142252,-1.65141784527763,-0.83511384838646,2.57142857142857,-2.17727276382031,-1.41477130773414,-0.725577521712184,1.71428571428571,-2.49190330475121,-1.4476373587611,-0.817760723105125,2.71428571428571,-1.71565648928771,-0.962897185686194,-0.777289375626565,2.42857142857143,-1.94857374517413,-1.43919759459313,-0.855150350124586,1,-2.82240562664749,-2.08445858952531,-1.18164353355801,3.66666666666667,1.29625147828758,1.0144716520406,0.396330247157491,1,-1.67193309805374,-0.844137146503784,-0.357745495736532
"618",618,"female","white","yr2","STEM","math04","Kinesthetic",5,2.14245548464502,1.47441255690006,1.14164342203661,2.5,0.768648706307834,0.517913518624555,0.421366239599849,2.66666666666667,-1.42327928446425,-0.677366718829742,-0.827002473751335,1.4,-5.38293691903882,-3.47419356237552,-1.71847221007771,1.66666666666667,-2.44758110211725,-1.59805199923953,-1.11272387133727,3.28571428571429,0.352263909286444,0.0524700322685459,0.282406471747036,1.85714285714286,-4.26313085457826,-2.2079574203825,-1.45584859188314,1.57142857142857,-4.61639463801603,-2.9177914348882,-1.53532578122605,1.28571428571429,-3.54099041024841,-1.96799127448073,-1.27850790798965,1.71428571428571,-3.88944012990469,-2.52036555218506,-1.49581219842388,2.14285714285714,-2.59565678956448,-1.43944157464268,-0.896043717203432,2,-0.831501585872319,-0.591434741262175,-0.348936508282686,4,1.99088942395612,1.28966377199986,0.673570682943099,2,0.432960482619717,-0.181168134871578,-0.0243974786586425
"619",619,"female","Black","yr2","Business","math01","Auditory",4.66666666666667,1.65321894731991,1.18506867887323,0.860673386794391,2.5,0.816986601592208,0.240216842291017,0.379414078257864,2,0.325383518477306,0.558974333042071,-1.8025771855801,3.6,1.09626044680163,0.84894920608702,0.295639805040147,3,0.067659569070151,0.219661498077897,0.0231933496755742,3,-0.822854597920513,-0.0431059912893164,-0.411133552745781,2.57142857142857,-2.42543281807876,-1.56498158661697,-0.734519107219637,2.42857142857143,-2.51715783904041,-1.77722228094103,-0.794765201913298,2.57142857142857,-0.54360882333207,0.136870627875476,-0.0494629122839187,2.57142857142857,-1.96104007299651,-1.36026347956906,-0.758930000776215,2.71428571428571,-1.29021030871839,-0.715679873472832,-0.410217807617168,3.33333333333333,1.76437315999592,1.58370150516395,0.656237790765912,3.33333333333333,0.601613532619042,0.73927953208133,0.119089811371883,2.25,1.01803254428425,0.482468039405087,0.259054828262282
"620",620,"female","white","yr2","Business","math03","Kinesthetic",4.33333333333333,1.2098508921979,1.04487572814986,0.689507593221686,3.75,3.0876667159353,2.10255284959204,1.39771034562652,3,-1.84204955002828,-1.34771342444872,-2.51587781078427,4.6,4.14518722895379,2.40826413850079,1.33902452079706,2.5,-0.85201218277591,-0.558398610546649,-0.393868914509744,2.57142857142857,-1.82339455021787,-0.759242472022135,-0.809033054833424,2.71428571428571,-2.25441268026988,-1.33549308555104,-0.731406299914984,2.71428571428571,-1.89687408863758,-1.24423022189708,-0.678452694333265,2.57142857142857,-0.43239832824272,-0.528146144521322,0.121922937549371,2.57142857142857,-1.95664096167424,-1.16895164885994,-0.829110984875723,2,-2.90092106368862,-1.65776608089104,-1.11040207562988,1.33333333333333,-2.17554238352573,-1.6457212238933,-0.930324350883787,3.33333333333333,0.616731817510375,0.343574836846872,0.203189205202321,2.5,1.5991081638827,0.882591541618823,0.453954649200549
"621",621,"male","white","yr1","STEM","stats","Visual",3.33333333333333,-0.268332356476213,-0.274415364122088,-0.185698669403698,2,0.00241671413749844,-0.113491706090915,-0.0320947913688381,3.33333333333333,1.49749987277741,1.03766649323871,1.25907963511049,3.7,1.65835897724233,0.772014904248582,0.723973329925002,3,0.133445223879296,0.124959271133946,0.0562701828178325,3.42857142857143,0.444868659678354,0.319391300007433,0.200567773081039,3.42857142857143,-0.498642610556473,-0.102162117215962,-0.215292201273387,3.57142857142857,0.244282722901153,0.172135729192325,0.0948350749883199,2.57142857142857,-0.772764472703435,-0.207545921725934,-0.373114358618872,3.42857142857143,0.139134996139346,0.141940285595774,0.0932090633628714,2.42857142857143,-1.97046654758966,-1.17003379985039,-0.77328935600785,3,1.20129499293155,0.658214074469996,0.562622425893592,2.33333333333333,-1.42291245136976,-1.00838332425271,-0.477376300366052,1,-1.67193309805374,-0.844137146503784,-0.357745495736532
"622",622,"male","other","yr1","STEM","math03","Visual",4,0.726844657074171,0.567189852853173,0.419840539947484,1.5,-0.932204787666722,-0.428875908986152,-0.400216606005996,3.33333333333333,1.49749987277741,1.03766649323871,1.25907963511049,4.2,2.82628583363087,1.84340519823531,0.804461646004593,1.5,-2.74881970013192,-1.81563838523004,-1.24952437218373,2.28571428571429,-2.25771237238661,-1.12585194542475,-0.860565534740507,2.85714285714286,-1.80902609285057,-1.01080017812405,-0.623516863062028,2.57142857142857,-2.23354647711706,-1.09576422574462,-0.784281662759517,1.85714285714286,-2.42149080760219,-0.936145920352635,-1.00325522589543,2.28571428571429,-2.51583558985132,-1.596582066184,-0.973796395660804,2.57142857142857,-1.68596205038701,-1.03776047809373,-0.775064436045416,2.33333333333333,-0.184638342750558,-0.152697375630158,-0.0976173256084611,2.66666666666667,-0.743392790592552,-0.337486509058984,-0.284235258410882,1.75,0.124047504868933,0.6664359504108,0.190709689998004
"623",623,"male","white","yr2","Other","stats","Auditory",3.33333333333333,-0.251628417576044,-0.0114979032004984,-0.142099530536959,1.25,-1.3433857020242,-0.691908351040515,-0.612723918768418,3.66666666666667,0.148635568547259,-0.107183863142622,0.110673962887821,2.6,-1.82049385173057,-0.973417034871502,-0.535082261891654,3.66666666666667,1.43729531034879,0.833064245171507,0.660939749218267,3.85714285714286,1.09220519438734,0.844737782170521,0.260503376192177,4.28571428571429,1.58604070663484,0.957459740263635,0.500225304041783,4,1.27478841162551,0.84787038985871,0.421265536105027,3.57142857142857,1.63942895628329,0.800041535635536,0.655461240724736,4.14285714285714,1.51032330688054,1.17336554339793,0.43391688400632,4.28571428571429,2.16350826401019,1.42933544563269,0.89121181706506,2,-0.831501585872319,-0.591434741262175,-0.348936508282686,3,-0.0627878432668317,-0.327321978346853,0.0100481632471516,2.5,1.48540727295645,0.150316370944525,0.142276529880302
"624",624,"female","white","yr2","STEM","math04","Visual",3.66666666666667,0.220904180848895,0.0149285139047472,0.0952713658385237,2.25,0.325415499387979,0.178637280132338,0.206345347735082,3.33333333333333,1.49749987277741,1.03766649323871,1.25907963511049,2.8,-1.28590931296735,-0.69221648666282,-0.293554433823415,2.66666666666667,-0.507465156923538,-0.343973748976425,-0.229519669004007,3.57142857142857,0.780846282573354,0.262332540315563,0.306174274156687,4.71428571428571,2.657279162437,1.5532164508389,0.867798194132062,3.71428571428571,0.620492830875366,0.631929435692697,0.266251427575036,1.85714285714286,-2.5347371485188,-1.52831359950909,-1.02972788462253,3.42857142857143,0.154474062296147,0.0987058849471064,0.0966172448424294,3.71428571428571,0.908354654415996,0.279711598897023,0.261044568754556,4,3.15030649567803,2.3946129552641,1.31647754226797,4,1.99088942395612,1.28966377199986,0.673570682943099,3.25,3.30776474794277,1.8159907629958,0.672609577074705
"625",625,"male","white","yr3","Business","math02","Visual",3.66666666666667,0.243838421950443,0.0895039775564828,0.150173486673282,1.75,-0.472685978024866,-0.443540143265327,-0.229661454585559,3,-1.83256366660196,-1.05828541938447,-0.609449950242083,2.9,-0.969696831839709,-0.501233413277461,-0.314896342612784,2.83333333333333,-0.282271082464327,0.0237362166765807,-0.139100386374364,4,1.53835440404502,1.1444706701275,0.47616185284625,4.28571428571429,1.63190781687452,0.878767534849376,0.597307653977816,4.14285714285714,1.56647827647715,0.824263655176693,0.483591186808109,2.85714285714286,-0.0985688393268683,-0.126137983612035,-0.0157215922693844,3.28571428571429,-0.204500094893642,-0.144966936779634,-0.0728335384594685,3.71428571428571,0.897137239141423,0.575352002544442,0.31700679177403,3,1.15519156821226,0.691495715051936,0.48382173281679,2.33333333333333,-1.40887945302694,-0.743355735005575,-0.494419286238478,1.5,-0.619486307717012,-0.512652640687681,-0.191071487197587
"626",626,"female","white","yr1","Health","math02","Visual",4.66666666666667,1.67615318842146,1.25964414252496,0.915575507629149,1.75,-0.440816492782357,-0.452767944583132,-0.247115683233605,3,-1.83256366660196,-1.05828541938447,-0.609449950242083,4,2.22194812050106,1.46303598975198,0.644759526732645,2,-1.78558940237427,-1.25221669176405,-0.811711642982435,4.42857142857143,2.96469381027998,1.38914744017183,1.22106570577959,5,3.31150917686338,1.92132264130113,1.09454554129571,5,3.74144114399981,2.28283476961181,1.26187175459162,5,4.56449623865807,2.32089057238357,1.63233687488761,2.85714285714286,-1.04328533254402,-0.899656686849598,-0.242747698405507,5,3.73794706238797,2.23668202166913,1.38459868253754,2.33333333333333,-0.184638342750558,-0.152697375630158,-0.0976173256084611,3.66666666666667,1.29625147828758,1.0144716520406,0.396330247157491,1.5,-0.721197872445042,-0.454389795173192,-0.237092148569864
"627",627,"male","white","yr1","Business","math02","Visual",4.66666666666667,1.65321894731991,1.18506867887323,0.860673386794391,2.5,0.856648028094972,0.403345376700006,0.37546560550796,3.33333333333333,-1.31175401007357,-0.964700469176849,-0.932367091543093,2.4,-2.32664718878078,-1.46652078671083,-0.626735935600139,1.83333333333333,-2.14391584775959,-1.29646855671114,-0.980442964931218,2,-2.91949990245153,-1.65631830311057,-1.1525772225651,2.85714285714286,-1.90608388985119,-1.03940641485373,-0.620419531694456,3,-1.08902232929928,-0.654656627041338,-0.378121576895542,2.57142857142857,-0.541284994524374,-0.699098168767099,-0.0473936624054798,2.14285714285714,-2.98007711499891,-1.76081988138928,-1.20736707926138,2.71428571428571,-1.31328891065136,-0.73106980923913,-0.434161807666446,3,1.15940245490286,0.901589107000962,0.48377051699264,3,-0.0487548449240131,-0.0622943890997189,-0.00699482262527438,3,2.81001670514085,1.72952846425674,0.718957528014161
"628",628,"male","white","yr1","STEM","math04","Kinesthetic",2,-2.15024548027062,-1.39640648254408,-1.13356946590029,1.5,-0.971866214169485,-0.592004443395141,-0.396268133256092,3.66666666666667,2.0183095293058,1.13125144344633,0.936162493809483,4.4,3.40862204322091,1.99882523091189,1.00140431818398,2,-1.8679165268112,-1.06564452264992,-0.864461927565682,2.42857142857143,-1.80459737979135,-1.04271276587752,-0.695918615965393,2.85714285714286,-1.82307357607095,-1.09159261567678,-0.6269256555883,3.28571428571429,-0.46141543682086,-0.359653189318896,-0.15275969855523,1.85714285714286,-2.35787304213287,-0.959154280592697,-0.932471262883971,3,-0.780120061385325,-0.63160407574423,-0.26948345571779,3.71428571428571,0.886945076055917,0.568537120610833,0.472590720388862,2.66666666666667,0.466435787061802,0.496133381950885,0.153650641241613,3.33333333333333,0.630764815853194,0.608602426094005,0.186146219329896,1.75,-0.0424071301846323,-0.376041810536874,-0.0847241522419766
"629",629,"female","white","yr1","Other","math01","Auditory",5,2.14245548464502,1.47441255690006,1.14164342203661,4.25,3.9098457373304,2.54314613594511,1.80275716340097,2.66666666666667,-2.36285920655668,-1.44129837465635,-2.19296066948326,2.4,-2.35420545281339,-1.49106444836862,-0.665659583547644,3,0.182854562337173,-0.0434836705690705,0.0915262256037313,2.71428571428571,-1.01761931632455,-0.684324033343539,-0.301511542224729,3.71428571428571,0.199892752366868,0.0325518394887256,0.0538932671175995,3,-1.11995667585215,-0.584380117970949,-0.372722906230825,3.14285714285714,0.327515532869378,0.137389899899091,0.070133452045216,3.57142857142857,0.379925642059141,0.253427770439982,0.149507453723337,3,-0.699835140718985,-0.356191317992412,-0.139695465188878,1.66666666666667,-1.48257571568468,-1.24026549884322,-0.60020447513276,2.66666666666667,-0.75742578893537,-0.602514098306118,-0.267192272538456,1.75,-0.144118694912662,-0.317778965022385,-0.130744813614253
"630",630,"female","white","yr1","STEM","math02","Auditory",2.33333333333333,-1.68394318404706,-1.18163806816898,-0.907501551492826,1,-1.79422804288445,-1.11806932750387,-0.821282758780936,3.66666666666667,2.0183095293058,1.13125144344633,0.936162493809483,3.2,-0.0494916304056728,-0.128235376216063,0.0416129548089088,2.5,-0.884935250435616,-0.451148411435277,-0.41548051622468,3.71428571428571,1.30976005037197,0.395971724988754,0.606138752989782,4,0.952942018084023,0.495117982127699,0.310481503949437,4.14285714285714,1.62776531599203,0.888895500375482,0.547758864161464,2.57142857142857,-0.815889237745982,-0.130371361015611,-0.453262275432875,3.71428571428571,0.662340236540998,0.288278067624553,0.21438624196165,4,1.51765344014265,0.859090010806543,0.60835771888238,1.66666666666667,-1.52446825371337,-0.996890466312252,-0.679056384033712,4,1.99088942395612,1.28966377199986,0.673570682943099,2.25,1.17249785313959,0.734407784163974,0.268831212554292
"631",631,"female","white","yr2","Business","math02","Kinesthetic",3.66666666666667,0.243838421950443,0.0895039775564828,0.150173486673282,1.25,-1.35117764328446,-0.864264686767308,-0.62622967466656,3.33333333333333,-0.381659971407452,-0.490196818414496,-1.47283675635336,3.2,-0.0176257180661895,-0.075619255778106,0.107478722933599,2.66666666666667,-0.487227614353137,-0.479799651907126,-0.216692857923217,4.14285714285714,2.04813455186449,1.05984577770767,0.745119503279907,4.71428571428571,2.5813130607686,1.5795605978026,0.826643323844644,4.85714285714286,3.37813206353836,2.01475293145011,1.14737639127252,2.14285714285714,-1.6962986770241,-0.785530356728767,-0.743853094670436,4.42857142857143,2.43052066862613,1.54789305398857,0.938314622435536,4.57142857142857,2.78887925686312,1.60697865788543,0.998345685084587,2,-0.831501585872319,-0.591434741262175,-0.348936508282686,2,-2.08839911380415,-1.4142525501993,-0.687560328193648,1.25,-1.19656548524939,-0.649263470838488,-0.297418822153198
"632",632,"male","other","yr5+","STEM","math04","Visual",5,2.14245548464502,1.47441255690006,1.14164342203661,4,3.47458727899066,2.46169783093535,1.62120983518474,4,1.60902514716809,0.750332742891604,1.15371501731874,2.6,-1.93050593078481,-1.06615385369816,-0.626124806428654,1,-3.79697930082548,-2.34728064926384,-1.73764345979917,2.14285714285714,-2.77319326412417,-1.46010856189567,-1.15953704578608,1.14285714285714,-6.00969199850064,-3.48650470079091,-1.98059047336648,3.14285714285714,-0.788726969863666,-0.404855038616697,-0.295507116151729,1.71428571428571,-2.58863533891508,-1.38657921324127,-1.04795533044998,1.85714285714286,-3.57437309455497,-2.49157499083829,-1.35540658552453,3,-0.752563920975022,-0.35649982032733,-0.155639985619707,2,-0.831501585872319,-0.591434741262175,-0.348936508282686,3.66666666666667,1.29625147828758,1.0144716520406,0.396330247157491,1,-1.67193309805374,-0.844137146503784,-0.357745495736532
"633",633,"male","white","yr3","Business","math03","Auditory",4.33333333333333,1.18691665109635,0.970300264498127,0.634605472386928,4,3.52292517427504,2.18400115460181,1.57925767384275,2,-0.604710520188809,0.0844706822797178,-1.26210752076984,3.8,1.82035082159515,1.05294119882383,0.589966067076426,2,-1.85058647964328,-1.11410907494576,-0.84842192104252,2,-2.94983024366521,-1.64040859462268,-1.14451733709862,2,-3.91272071523201,-2.36571179513994,-1.26984889373599,2,-3.66354747371307,-2.15445087102438,-1.24803733629006,2,-1.99236330133548,-0.962223449465462,-0.721461106449426,2,-3.30376238356101,-2.00206474275311,-1.31755238295505,2,-2.90800426189518,-1.60480584279621,-1.01399695408536,4,3.15030649567803,2.3946129552641,1.31647754226797,4,1.99088942395612,1.28966377199986,0.673570682943099,4,5.05099160673814,3.01636126963701,1.25730903988951
"634",634,"male","white","yr2","Business","math02","Auditory",3.66666666666667,0.237608119749063,0.277845974826337,0.138870504705263,1.5,-0.908127243684467,-0.61046004603075,-0.431176590552184,3.66666666666667,0.148635568547259,-0.107183863142622,0.110673962887821,2.7,-1.5443115475962,-0.899521286680414,-0.471823295255398,3.16666666666667,0.534236320732568,0.153321421364942,0.250154683973689,3.28571428571429,0.193707725465926,0.146831312849254,0.0995990750224883,4.85714285714286,2.97546835252201,1.68640701877519,0.978782847390504,3.85714285714286,0.969412756952288,0.55615872931121,0.378877559858017,3,0.331630734824736,-0.016648040126781,0.275264887241312,3.28571428571429,-0.123551691571974,-0.0187166273131533,0.000503633768179759,4.14285714285714,1.83788487348741,1.23490977267907,0.752751432826202,2,-0.831501585872319,-0.591434741262175,-0.348936508282686,2,-2.05924783057,-1.54492965618662,-0.620503920235636,2.75,2.23293752760847,1.59291763410594,0.61261019305855
"635",635,"female","Black","yr4","Other","stats","Kinesthetic",4,0.710140718174002,0.304272391931583,0.376241401080745,2,-0.0296355784248751,-0.189735502528769,-0.0346083704711827,3,-1.84204955002828,-1.34771342444872,-2.51587781078427,3.6,1.20268687460979,0.724315941379939,0.567787231443338,3.33333333333333,0.884166972267046,0.349246702766258,0.412448420023627,2.28571428571429,-2.28811737326087,-1.28955020737916,-0.913494181238953,4,0.956423358973894,0.729779038323198,0.270348694469857,4.14285714285714,1.75398143803526,0.817446157437379,0.662602572684173,2.71428571428571,-0.402550171517646,0.152927350245897,-0.229798592904817,4.14285714285714,1.86585092767751,1.10059372945099,0.776307709492708,2.14285714285714,-2.59229471304224,-1.94086474294386,-1.18939124428511,2.33333333333333,-0.184638342750558,-0.152697375630158,-0.0976173256084611,3.33333333333333,0.630764815853194,0.608602426094005,0.186146219329896,1.25,-1.19656548524939,-0.649263470838488,-0.297418822153198
"636",636,"female","Asian","yr1","Other","math02","Kinesthetic",3.66666666666667,0.231377817547684,0.466187972096191,0.127567522737243,2,-0.00644256196397569,0.241861906895954,-0.0140589105271473,4.66666666666667,0.790456382892649,-0.0115046582178553,1.58882006433724,4.3,3.19744238027267,1.91856318906909,1.06854084210584,3.33333333333333,0.83239145797645,0.31389441665261,0.391858341965758,3.42857142857143,0.241594912734198,0.399477599827411,0.0440838541929893,4,0.953102829078964,0.174817578432566,0.430191815123928,3.28571428571429,-0.502355954888823,-0.271879573755326,-0.215719964405282,3,0.394354434587755,-0.00260112757303983,0.23744204904932,3.14285714285714,-0.513904480223102,-0.454785322674933,-0.140006265070908,4.14285714285714,1.81109091000287,1.15085398940893,0.730047175807827,2,-0.831501585872319,-0.591434741262175,-0.348936508282686,3,-0.077906128158164,0.0683827168876061,-0.0740512305832866,1.75,-0.144118694912662,-0.317778965022385,-0.130744813614253
"637",637,"female","Black","yr1","STEM","stats","Visual",3,-0.757568893801321,-0.563759242148924,-0.466668704645919,2.5,0.848856086834717,0.230989040973212,0.361959849609818,3.33333333333333,-0.372174087981137,-0.200768813350245,0.433591104188832,2.6,-1.7630285980552,-1.18809300631102,-0.516543945173892,3.33333333333333,0.733809226939272,0.675356870117557,0.32980266497834,3.57142857142857,0.967315334353499,0.437054208068605,0.448527726247654,3.14285714285714,-1.11220963816532,-0.785159566490259,-0.306586518271292,3.42857142857143,-0.075844473409978,-0.0935273282687875,-0.018261795138761,3.42857142857143,1.1543442780511,0.591540332603295,0.445379419504055,3.14285714285714,-0.567172864257963,-0.301086914283121,-0.207860585083785,3,-0.695917840978973,-0.587275860053027,-0.316212412010426,2,-0.831501585872319,-0.591434741262175,-0.348936508282686,3,-0.0487548449240131,-0.0622943890997189,-0.00699482262527438,1.75,-0.0344142460524795,0.150983533588984,0.0923808197233367
"638",638,"male","white","yr5+","STEM","other","Kinesthetic",4,0.710140718174002,0.304272391931583,0.376241401080745,1.25,-1.38304712852697,-0.855036885449504,-0.608775446018514,4,0.669445225075656,-0.0135989129349988,-0.212243178413189,3.8,1.65907673213312,1.12487036926258,0.511912426850639,3.16666666666667,0.429968007213301,0.229398686251465,0.199211720275527,3.57142857142857,0.683413425660646,0.532760692030653,0.23099371838609,3.57142857142857,-0.107931925082145,-0.211893360259815,-0.0165972792868654,3.71428571428571,0.645643517627682,0.49120870518578,0.279272335914938,3,0.243202617076222,0.404580981270622,0.121709510427298,3.28571428571429,-0.278395120608111,-0.268399766714699,-0.105506157979496,3.71428571428571,0.871014461041128,0.585028614862514,0.3738771103174,3.66666666666667,2.45733982783698,1.98915723021402,0.986357666516939,3,-0.0487548449240131,-0.0622943890997189,-0.00699482262527438,2.25,0.908328095424066,0.0137055407937179,0.0359291949246917
"639",639,"female","other","yr3","Other","math04","Visual",4.33333333333333,1.2098508921979,1.04487572814986,0.689507593221686,2.75,1.24356859115033,0.762490358043309,0.598965095066179,3,0.0465961775828957,0.469577892268735,2.12246644122177,2.4,-2.35420545281339,-1.49106444836862,-0.665659583547644,3.16666666666667,0.408098110733023,0.309091009012018,0.187622788660363,3.57142857142857,0.452486835072244,0.442131681711846,0.0711666445940472,3.85714285714286,0.592127506187663,0.27293890222094,0.250730171911333,3.57142857142857,0.215142026878712,-0.145668212264475,0.0222569500721378,3.28571428571429,0.930025265743567,0.340049731637334,0.454389546417689,3.71428571428571,0.504696930239401,0.529085626497494,0.135445127755084,3.85714285714286,1.1939831547412,0.825007186867896,0.434131031841729,4,3.15030649567803,2.3946129552641,1.31647754226797,3.66666666666667,1.29625147828758,1.0144716520406,0.396330247157491,1.5,-0.619486307717012,-0.512652640687681,-0.191071487197587
"640",640,"male","white","yr1","Business","math03","Kinesthetic",2.33333333333333,-1.69017348624844,-0.993296070899123,-0.918804533460845,1,-1.79422804288445,-1.11806932750387,-0.821282758780936,4,1.6185110305944,1.03976074795585,3.06014287786092,3.7,1.54570538481227,0.694028341367964,0.660144865625946,5,3.98859198390332,2.58540564800849,1.81924269522743,5,3.92602569497344,2.35757411541285,1.45039537239774,5,3.31150917686338,1.92132264130113,1.09454554129571,5,3.74144114399981,2.28283476961181,1.26187175459162,4.28571428571429,3.24183596491536,1.53790661438617,1.34363139594677,5,3.63024410131203,2.35278064546,1.38533618864896,5,3.73794706238797,2.23668202166913,1.38459868253754,2.66666666666667,0.466435787061802,0.496133381950885,0.153650641241613,3.66666666666667,1.29625147828758,1.0144716520406,0.396330247157491,1.25,-1.19656548524939,-0.649263470838488,-0.297418822153198
"641",641,"male","white","yr2","Business","math03","Visual",4,0.697680113771243,0.680956386471291,0.353635437144707,3.5,2.6290324338148,1.5040355374019,1.17564574971586,3.33333333333333,1.49749987277741,1.03766649323871,1.25907963511049,3.3,-0.00878623666145578,0.181236854942919,-0.140151907235947,3,0.0958063415389203,0.119062499372324,0.0407996177141286,2.42857142857143,-1.97227385326974,-0.841191978185899,-0.766798516000487,3.85714285714286,0.537454729545996,0.311619446047492,0.168370595120801,2.57142857142857,-2.18259161369711,-1.25818910819076,-0.708116020668818,2.85714285714286,-0.0610153109254619,-0.244729977162456,-0.00421912947981254,2.85714285714286,-1.30605437731343,-0.760030804245212,-0.54516493123688,3.14285714285714,-0.379405181675142,-0.247266077587617,-0.194904011077467,2.33333333333333,-0.180427456059958,0.0573960163188686,-0.0976685414326116,2.66666666666667,-0.72827450570122,-0.733191204293443,-0.200135864580444,2,0.670753368271583,0.38443281336199,0.226626677511091
"642",642,"female","white","yr1","Business","math03","Kinesthetic",4.33333333333333,1.17644301439756,0.519040806306683,0.602309315488208,2.5,0.824595735532598,0.327101580262152,0.372952026405616,4,1.60902514716809,0.750332742891604,1.15371501731874,1.3,-5.60971721863382,-3.36908605687558,-1.75994212767029,3.33333333333333,0.710004519749133,0.395030843960629,0.32850881666226,3.14285714285714,-0.238625155090216,-0.315078899720277,-0.0871760275310363,4.57142857142857,2.2734497115617,1.2707996798093,0.724976685654288,4.28571428571429,1.90239530410393,1.14287382758115,0.646627414445339,3.14285714285714,0.828035888517803,0.44731077397754,0.523223175372105,3.42857142857143,0.0154763720978199,-0.00991395850026848,-0.0372648317363083,2.85714285714286,-0.993122266018237,-0.440091715479403,-0.311403605244957,4,3.15030649567803,2.3946129552641,1.31647754226797,3.66666666666667,1.29625147828758,1.0144716520406,0.396330247157491,1,-1.67193309805374,-0.844137146503784,-0.357745495736532
"643",643,"female","white","yr1","Business","math01","Visual",5,2.14245548464502,1.47441255690006,1.14164342203661,4.25,3.94950716383316,2.7062746703541,1.79880869065107,3.33333333333333,-1.32123989349988,-1.2541284742411,-2.83879495208528,2.7,-1.38300440648434,-1.14560218476198,-0.31983365725756,3,0.103715571437289,0.154289403597452,0.0455790746718923,4,1.63407371542722,1.02491321206767,0.585424469232283,5,3.31150917686338,1.92132264130113,1.09454554129571,4.14285714285714,1.63301719684935,1.07404215589755,0.575987383920922,5,4.56449623865807,2.32089057238357,1.63233687488761,3.42857142857143,-0.0374106482215879,-0.0623453035409552,-0.0536845487303381,5,3.73794706238797,2.23668202166913,1.38459868253754,2,-0.831501585872319,-0.591434741262175,-0.348936508282686,2,-2.08839911380415,-1.4142525501993,-0.687560328193648,2,0.569041803543553,0.442695658876479,0.180606016138814
"644",644,"female","white","yr2","Health","stats","Auditory",1.66666666666667,-2.64571231979711,-1.49740836330106,-1.42584248311053,1,-1.79422804288445,-1.11806932750387,-0.821282758780936,3,-0.902469627935849,-0.583781768622119,-1.14991961505235,3.9,2.0211494710481,1.2579885942879,0.617362796904536,2.83333333333333,-0.13964660166661,-0.19322611356214,-0.0629240499900751,4,1.63407371542722,1.02491321206767,0.585424469232283,4.42857142857143,1.92708304634222,1.21145440734036,0.599895976680996,3.71428571428571,0.605914996499282,0.39608673356173,0.213300293166776,2.71428571428571,-0.168981336475888,-0.637629422020496,0.169772910520918,4.14285714285714,1.75071960633444,1.24293204383463,0.726101129872218,2.85714285714286,-1.03317437287388,-0.728338862477806,-0.53859677627662,2,-0.831501585872319,-0.591434741262175,-0.348936508282686,2.66666666666667,-0.72827450570122,-0.733191204293443,-0.200135864580444,1,-1.67193309805374,-0.844137146503784,-0.357745495736532
"645",645,"female","white","yr1","Health","stats","Kinesthetic",2.66666666666667,-1.17800270782178,-0.629376729220553,-0.582932377383866,1.25,-1.32691729198234,-0.960377226056248,-0.637221851462357,4,0.678931108501971,0.275829092129251,1.694184682129,3,-0.63450597644298,-0.30957864528523,-0.145730010761713,2.16666666666667,-1.38461705847203,-1.1686007718956,-0.615399743612225,3,-0.320820100447286,-0.427852412761264,0.0126577293404324,2.42857142857143,-2.84528639088968,-1.31765203631223,-0.9790510628222,2.85714285714286,-1.45174276722278,-0.867120920186451,-0.447500338785366,1.71428571428571,-2.55940967709958,-1.45443263255805,-0.905630662951062,4,1.48978531147702,0.991215219649312,0.61842222249439,2.71428571428571,-1.29348202515376,-0.811997064956455,-0.536198301633106,3.66666666666667,2.49923236586567,1.74578219768306,1.06520957541789,3.66666666666667,1.29625147828758,1.0144716520406,0.396330247157491,1.25,-1.19656548524939,-0.649263470838488,-0.297418822153198
"646",646,"female","white","yr3","Other","math04","Visual",5,2.14245548464502,1.47441255690006,1.14164342203661,2.75,1.33068338541612,1.26110376258808,0.604573905464514,3.33333333333333,-0.362688204554823,0.088659191714005,2.34001896473102,2.8,-1.29834158576687,-0.737192842465619,-0.451745290855348,2.66666666666667,-0.571131893870331,-0.38003826254168,-0.262176252670811,3.57142857142857,0.60065847370975,0.432297949296681,0.188623296609577,3.57142857142857,-0.134588247378879,-0.0938960807596358,-0.0319787009037221,2,-3.78964188478422,-1.84928251543304,-1.2661091206378,2.42857142857143,-0.900151430795731,-0.519044094456154,-0.180566004750897,3.28571428571429,-0.272920007836579,-0.248730859501189,-0.0881846558217493,3.85714285714286,1.19757235135886,0.691133830049412,0.413945321807926,2,-0.831501585872319,-0.591434741262175,-0.348936508282686,2,-2.08839911380415,-1.4142525501993,-0.687560328193648,2,0.569041803543553,0.442695658876479,0.180606016138814
"647",647,"female","white","yr1","STEM","stats","Kinesthetic",4,0.726844657074171,0.567189852853173,0.419840539947484,2,-0.00644256196397569,0.241861906895954,-0.0140589105271473,2.33333333333333,-1.01399490232653,-0.296448018275012,-1.04455499726059,2.7,-1.57879208760394,-0.887729179501592,-0.48133590107692,3.83333333333333,1.71661453794654,1.14547823999449,0.780474038022577,3.42857142857143,0.50763802197988,0.143747089467131,0.249940186967086,4.57142857142857,2.23298620749699,1.32970625317099,0.740410058448926,4.28571428571429,1.96186673141157,1.18090225214584,0.635366123367199,2.57142857142857,-0.712779199737619,-0.45852925021251,-0.225443644822229,4.14285714285714,1.7094489322542,1.03653747965537,0.680794614416862,3.57142857142857,0.598504887484335,0.412049442939047,0.234320642068973,1.33333333333333,-2.17554238352573,-1.6457212238933,-0.930324350883787,2.66666666666667,-0.72827450570122,-0.733191204293443,-0.200135864580444,1,-1.67193309805374,-0.844137146503784,-0.357745495736532
"648",648,"female","white","yr1","Health","stats","Visual",3.66666666666667,0.237608119749063,0.277845974826337,0.138870504705263,3,1.70220287327083,1.36100767023345,0.82102969097684,2.66666666666667,-1.42327928446425,-0.677366718829742,-0.827002473751335,3.4,0.51545801702741,0.199473375031653,0.407642291093537,4,2.04219916272112,1.3522340736904,0.930021156470777,4,1.63407371542722,1.02491321206767,0.585424469232283,4,0.90343254616492,0.49231116248744,0.30641406295181,4,1.27311160476219,0.803739556066415,0.425235390964391,3.28571428571429,0.956696249963456,0.126065614674956,0.489305996271447,4,1.31890860635435,0.90116551605563,0.48437333144762,4,1.52262995429359,0.956186066847349,0.585066803663237,2,-0.831501585872319,-0.591434741262175,-0.348936508282686,2,-2.08839911380415,-1.4142525501993,-0.687560328193648,1.75,-0.0384106881185559,-0.112529138473945,0.00382833374068003
"649",649,"female","white","yr1","STEM","stats","Visual",3.33333333333333,-0.251628417576044,-0.0114979032004984,-0.142099530536959,1.5,-0.908127243684467,-0.61046004603075,-0.431176590552184,3.33333333333333,-1.32123989349988,-1.2541284742411,-2.83879495208528,2.2,-3.07143580945668,-1.95622022366117,-1.04350585237497,3,0.243924402465648,-0.251332868386015,0.130744095357222,2.57142857142857,-1.65195112329288,-1.0079078953983,-0.625441410354332,4.71428571428571,2.63942752818063,1.45149139624924,0.863020153485297,2.57142857142857,-2.29590458658548,-1.40015578553055,-0.816735984708353,2.71428571428571,-0.449334818517239,-0.28294279250099,-0.205326715392158,1.71428571428571,-3.87390723728116,-2.46903297450419,-1.49688079805562,2.57142857142857,-1.64058277506497,-1.01574908812704,-0.57544010624105,2.33333333333333,-0.138534918031266,-0.185979016212098,-0.0188166325316591,3.33333333333333,0.659916099087344,0.47792532010668,0.253202627287908,2.5,1.48540727295645,0.150316370944525,0.142276529880302
"650",650,"male","white","yr1","STEM","math03","Auditory",3.66666666666667,0.220904180848895,0.0149285139047472,0.0952713658385237,1,-1.79422804288445,-1.11806932750387,-0.821282758780936,3.33333333333333,0.567405834111292,0.563162842476358,1.79954929992076,3.6,1.34956355841084,0.705240875709125,0.617503704619815,1.66666666666667,-2.50798313124429,-1.52184935246448,-1.14785621393532,2.14285714285714,-2.40232603217777,-1.48751607229483,-0.808635335009011,3.71428571428571,0.272017009603027,0.180693352920884,0.0371766433830416,2.42857142857143,-2.49304012382862,-1.41581201657464,-0.883334680944137,1.85714285714286,-2.35189507839112,-1.22835517178091,-0.841534478837147,3,-0.713458830514293,-0.832043951837851,-0.178770695330911,2.57142857142857,-1.58611116015291,-1.39462070564789,-0.775225898309786,1.33333333333333,-2.12943895880644,-1.67900286447524,-0.851523657806985,3.33333333333333,0.630764815853194,0.608602426094005,0.186146219329896,1,-1.67193309805374,-0.844137146503784,-0.357745495736532
"651",651,"male","white","yr3","STEM","stats","Visual",2,-2.17317972137217,-1.47098194619581,-1.18847158673505,2,-0.0218436371646205,-0.0173791668019752,-0.0211026145730408,1.66666666666667,-1.12552017671721,-0.00911426792790544,-0.939190379468829,3.3,0.259184452057396,0.240831275100342,0.00115144306590696,3,0.0958063415389203,0.119062499372324,0.0407996177141286,3,-0.657878264118997,-0.307747691277502,-0.279546433933169,3,-1.50464408453354,-0.936700316326251,-0.481717415392091,3,-1.19521793447544,-0.675355657478984,-0.411400972662834,3,0.193256545329035,0.132147891150883,0.0631382206629184,3,-0.99242688860333,-0.550449613348739,-0.416589525753715,3,-0.692687153800795,-0.324309887974433,-0.214465075211061,2,-0.831501585872319,-0.591434741262175,-0.348936508282686,2,-2.08839911380415,-1.4142525501993,-0.687560328193648,2,0.569041803543553,0.442695658876479,0.180606016138814
"652",652,"female","white","yr1","Other","math02","Kinesthetic",4,0.726844657074171,0.567189852853173,0.419840539947484,2.5,0.856648028094972,0.403345376700006,0.37546560550796,4,-0.260648813590459,-0.488102563697352,0.328226486397073,3.1,-0.306907611593462,-0.388478012394637,-0.00499533082251168,3.16666666666667,0.535868674642445,0.20945500153509,0.248916804508063,4.42857142857143,2.52358050510163,1.59297161498815,0.869345235847965,4.14285714285714,1.26232652012867,0.848030884153822,0.410862776237787,4.28571428571429,1.99105730208165,1.40822376434861,0.679627328364669,3.71428571428571,1.76295601236717,0.597444431152977,0.614189061573944,4.28571428571429,2.10664157359731,1.2120812142952,0.832606099853173,4.14285714285714,1.87670757942432,0.945775694030721,0.692847387554928,3.33333333333333,1.84815823605331,1.09695144010201,0.813941608567817,2.66666666666667,-0.729359792249733,-0.0724589198118504,-0.301278244283308,1.75,-0.144118694912662,-0.317778965022385,-0.130744813614253
"653",653,"female","Black","yr1","STEM","math02","Visual",4.33333333333333,1.2098508921979,1.04487572814986,0.689507593221686,2.75,1.30749036895522,0.829506353163358,0.584024445520478,2,-0.604710520188809,0.0844706822797178,-1.26210752076984,3.1,-0.452302108510422,-0.271135778612384,-0.238296810768667,2,-1.77997505570656,-1.23059778836742,-0.805662473796892,2.57142857142857,-1.61331266847285,-0.981330873581729,-0.64101133393533,2.14285714285714,-3.53965905595791,-2.36004808392643,-1.09821067135995,2.57142857142857,-2.24747082157783,-1.21259034930789,-0.787108971756883,2.14285714285714,-1.56216372718388,-0.852733505980208,-0.43047462693873,2.57142857142857,-1.92154589951327,-1.26109066682656,-0.765368724156188,2.42857142857143,-1.94547978730014,-1.03780563675198,-0.622857302451534,2.33333333333333,-0.184638342750558,-0.152697375630158,-0.0976173256084611,1.33333333333333,-3.44852372190707,-2.09531389610515,-1.17498479180685,1.75,0.0936741907392035,0.247821983211183,0.12027934255548
"654",654,"male","white","yr2","STEM","math04","Kinesthetic",3,-0.734634652699772,-0.489183778497188,-0.411766583811161,1,-1.79422804288445,-1.11806932750387,-0.821282758780936,3.66666666666667,1.08821549063969,0.656747792683981,1.47663215861975,3.9,1.9436623520047,1.27003732613859,0.579020435192902,4,2.04219916272112,1.3522340736904,0.930021156470777,3.71428571428571,1.0779718839233,0.51405628450646,0.442384919304203,3.71428571428571,0.208536419617676,-0.0340084634601251,0.117378747546516,3.57142857142857,0.2203440330884,0.129960872511621,0.0788023897503076,3.14285714285714,0.31187770555606,0.334319150454614,-0.0598783824700023,4.28571428571429,1.97175425625007,1.4033241459968,0.722065440992706,4.28571428571429,2.16444276380515,1.34101498786597,0.792819644316727,2.66666666666667,0.508328325090495,0.252758349419919,0.232502550142566,3.66666666666667,1.31136976317891,0.618766956806137,0.480429640987929,1.25,-1.19656548524939,-0.649263470838488,-0.297418822153198
"655",655,"female","white","yr3","Other","math04","Kinesthetic",3.66666666666667,0.220904180848895,0.0149285139047472,0.0952713658385237,1.75,-0.496946329326985,-0.347427603976387,-0.218669277789762,3,-0.902469627935849,-0.583781768622119,-1.14991961505235,3.2,-0.158076625612276,-0.18494948424512,-0.149589074569283,5,3.98859198390332,2.58540564800849,1.81924269522743,4.85714285714286,3.57431851949973,2.12536774714189,1.31955094392767,5,3.31150917686338,1.92132264130113,1.09454554129571,4.71428571428571,3.07951351096607,1.80908217681777,1.06079207566935,4,2.4681204632514,1.1390290171774,0.916512557034304,5,3.63024410131203,2.35278064546,1.38533618864896,4.42857142857143,2.49800128879684,1.48444825577343,0.898828989396759,3.33333333333333,1.84815823605331,1.09695144010201,0.813941608567817,3.33333333333333,0.630764815853194,0.608602426094005,0.186146219329896,1,-1.67193309805374,-0.844137146503784,-0.357745495736532
"656",656,"male","white","yr3","STEM","math04","Visual",2.66666666666667,-1.20093694892333,-0.703952192872288,-0.637834498218624,1.25,-1.35117764328446,-0.864264686767308,-0.62622967466656,3.66666666666667,0.148635568547259,-0.107183863142622,0.110673962887821,4.9,4.86653662111793,3.05356118103626,1.48641209138297,2.66666666666667,-0.465181752504548,-0.415117233329972,-0.206793888011287,2.71428571428571,-1.05015356406727,-0.71878119373335,-0.340879936416227,3.28571428571429,-0.825840075099611,-0.49248435558698,-0.289275422422611,3.71428571428571,0.569728769089082,0.281216587110049,0.190470444072035,2.71428571428571,-0.497392868870189,-0.0860696032150712,-0.339486012646814,3.57142857142857,0.592232469277147,0.172273308044492,0.296613523759261,3.85714285714286,1.22473357673237,0.971457570942965,0.603590741042259,2,-0.831501585872319,-0.591434741262175,-0.348936508282686,2.66666666666667,-0.743392790592552,-0.337486509058984,-0.284235258410882,2.25,1.12374055107836,0.687717865953527,0.393627975617215
"657",657,"female","Black","yr2","Health","math02","Auditory",4.33333333333333,1.19314695329773,0.781958267228272,0.645908454354947,2,-0.0218436371646205,-0.0173791668019752,-0.0211026145730408,3.66666666666667,-0.781458470118856,-0.581687513904975,0.651143627698084,2.5,-2.13474119999675,-1.2622305688276,-0.643594043084909,3,0.0958063415389203,0.119062499372324,0.0407996177141286,2.42857142857143,-1.91504495476089,-0.795361618714671,-0.74645091632497,3,-1.50464408453354,-0.936700316326251,-0.481717415392091,3,-1.19521793447544,-0.675355657478984,-0.411400972662834,3,0.193256545329035,0.132147891150883,0.0631382206629184,3,-0.942874935268098,-0.419613130138886,-0.441418350923183,3,-0.692687153800795,-0.324309887974433,-0.214465075211061,3,1.15940245490286,0.901589107000962,0.48377051699264,3,-0.0487548449240131,-0.0622943890997189,-0.00699482262527438,1.75,-0.0424071301846323,-0.376041810536874,-0.0847241522419766
"658",658,"male","white","yr1","Other","math02","Visual",3.66666666666667,0.243838421950443,0.0895039775564828,0.150173486673282,2,-0.0615050636673842,-0.180507701210964,-0.017154141823137,3.66666666666667,1.08821549063969,0.656747792683981,1.47663215861975,2.7,-1.47836925836164,-1.07284084283369,-0.407912192082136,2.16666666666667,-1.40733073132206,-1.10163663943086,-0.629384240679589,3,-0.406222376783267,-0.5936628908864,-0.0554265087890498,3.28571428571429,-0.767163454874522,-0.599078595272832,-0.22725260518452,2.85714285714286,-1.45765025963753,-0.76615626565965,-0.475155439171269,2,-1.9071804675545,-0.795498136637182,-0.650848737175823,3.42857142857143,0.0662981533490438,0.0438465795435097,0.0209320482401711,3.28571428571429,-0.100682120995119,0.0459149821205494,-0.0317249801028906,3,1.15940245490286,0.901589107000962,0.48377051699264,3.33333333333333,0.616731817510375,0.343574836846872,0.203189205202321,1.5,-0.721197872445042,-0.454389795173192,-0.237092148569864
"659",659,"male","white","yr3","STEM","stats","Auditory",3,-0.717930713799604,-0.226266317575598,-0.368167444944422,1.25,-1.3433857020242,-0.691908351040515,-0.612723918768418,3.33333333333333,-1.31175401007357,-0.964700469176849,-0.932367091543093,2.4,-2.2076937449755,-1.43636593056759,-0.561538554498564,4.83333333333333,3.64029368627872,2.44561394677732,1.65571107971186,5,3.92602569497344,2.35757411541285,1.45039537239774,5,3.31150917686338,1.92132264130113,1.09454554129571,4.42857142857143,2.41064009583984,1.35729852052079,0.852826832731096,5,4.56449623865807,2.32089057238357,1.63233687488761,5,3.63024410131203,2.35278064546,1.38533618864896,5,3.73794706238797,2.23668202166913,1.38459868253754,3.33333333333333,1.85236912274391,1.30704483205104,0.813890392743666,3,-0.0487548449240131,-0.0622943890997189,-0.00699482262527438,3.75,4.57562399393379,2.82148759397171,1.19698236630617
"660",660,"female","Black","yr1","STEM","stats","Kinesthetic",3.33333333333333,-0.222463874273117,-0.125264436818617,-0.0758944277341815,2,-0.0779734737092486,0.0879611738047693,0.00734379087080221,3.33333333333333,-0.381659971407452,-0.490196818414496,-1.47283675635336,2.5,-2.12368380598711,-1.30393571782417,-0.635487687090201,1.5,-2.78965199769,-1.7436150903438,-1.27591543085643,2.71428571428571,-1.23384781650997,-0.650773978747524,-0.482952075319789,3.57142857142857,-0.153758426416855,-0.0226531105350913,-0.0577500346121979,3.57142857142857,0.251278379641275,0.0596843634412316,0.0734037190855905,3.57142857142857,1.42971588188435,0.713016651114157,0.479007765476112,3,-0.837395922318468,-0.601463205709228,-0.254668349875884,3.57142857142857,0.569908163439443,0.375514391769332,0.197364004721759,3.33333333333333,1.81047658471522,1.55041986458201,0.735038483842714,3,-0.0347218465811944,0.202733200147415,-0.0240378084977003,2.75,2.20256421347874,1.17430366690632,0.542179845616027
"661",661,"female","white","yr2","Business","math02","Auditory",3,-0.711700411598224,-0.414608314845453,-0.356864462976403,2.25,0.461935523779354,-0.12815594037009,0.138460360051599,3.66666666666667,1.08821549063969,0.656747792683981,1.47663215861975,3.4,0.768127286262113,0.133155399078351,0.511969664473394,3.66666666666667,1.5385296370339,0.684838303510221,0.722463150489024,3.28571428571429,0.226241973208645,0.181288473239065,0.138967469213987,3.71428571428571,0.298712003657641,0.127011791665465,0.0837341567857891,3.42857142857143,-0.114410872246453,-0.281062457826433,-0.0589286948663213,2.28571428571429,-1.32503969740696,-0.574559347369551,-0.563611925350211,3,-0.788231621916691,-0.659760679158446,-0.270543612822738,3.57142857142857,0.565742976466306,0.200868877457458,0.194008840670727,3,1.11329903018356,0.934870747582902,0.404969823915838,3.66666666666667,1.31136976317891,0.618766956806137,0.480429640987929,2,0.432960482619717,-0.181168134871578,-0.0243974786586425
"662",662,"female","white","yr3","Other","math04","Visual",3.33333333333333,-0.268332356476213,-0.274415364122088,-0.185698669403698,1.5,-0.876074951122094,-0.534216249592896,-0.428663011449839,3.66666666666667,2.0183095293058,1.13125144344633,0.936162493809483,2.8,-1.24322505770165,-0.688105519150044,-0.373897994960338,5,3.98859198390332,2.58540564800849,1.81924269522743,4.28571428571429,2.49648766805121,1.40994553454235,1.00820625959195,4.14285714285714,1.23546758977579,0.748908154806979,0.417760013584647,4.71428571428571,3.14085042512859,1.78323159276253,1.09664283310399,3.71428571428571,1.59146180715392,0.838013349707566,0.436139079157195,4.28571428571429,1.92081345525129,1.35439986800926,0.686195465104232,3.71428571428571,0.915704159350001,0.258008711265247,0.0773647593810191,3.33333333333333,1.80626569802462,1.34032647263298,0.735089699666865,3,-0.0347218465811944,0.202733200147415,-0.0240378084977003,1,-1.67193309805374,-0.844137146503784,-0.357745495736532
"663",663,"male","white","yr1","STEM","math04","Visual",5,2.14245548464502,1.47441255690006,1.14164342203661,1.75,-0.440816492782357,-0.452767944583132,-0.247115683233605,3,-0.892983744509534,-0.294353763557868,0.756508245489842,3.5,0.927046120464893,0.529247368083004,0.294690074535538,3,0.0958063415389203,0.119062499372324,0.0407996177141286,3,-0.657878264118997,-0.307747691277502,-0.279546433933169,3,-1.50464408453354,-0.936700316326251,-0.481717415392091,3,-1.19521793447544,-0.675355657478984,-0.411400972662834,2.42857142857143,-1.03232024704476,-0.353328745400436,-0.376145311214461,3,-0.99242688860333,-0.550449613348739,-0.416589525753715,3,-0.692687153800795,-0.324309887974433,-0.214465075211061,2.33333333333333,-0.180427456059958,0.0573960163188686,-0.0976685414326116,2.33333333333333,-1.40887945302694,-0.743355735005575,-0.494419286238478,2.5,1.65186190801001,1.1927941318922,0.417710372120283
"664",664,"female","white","yr1","STEM","math02","Kinesthetic",3,-0.705470109396845,-0.602950312115307,-0.345561481008384,3.25,2.17819009295455,1.07787456093855,0.967086909703337,3.66666666666667,-0.771972586692541,-0.292259508840725,2.55757148824027,1.5,-5.17317478707366,-3.41120703404488,-1.77211536213715,2.16666666666667,-1.41754012613174,-1.06135057278423,-0.637011345327161,3.28571428571429,0.388229940947687,0.00927741621135038,0.285307495330064,5,3.31150917686338,1.92132264130113,1.09454554129571,4.42857142857143,2.32876798023886,1.33875348622588,0.764686760421001,4.28571428571429,3.01972328473056,1.88294122657824,1.11750122712525,3.85714285714286,1.04088285248623,0.78374300379537,0.388259720373371,4.28571428571429,2.181488629493,1.14443847330802,0.777520588463801,2.66666666666667,0.462224900371202,0.286039990001859,0.153701857065764,3.66666666666667,1.31136976317891,0.618766956806137,0.480429640987929,2.5,1.5991081638827,0.882591541618823,0.453954649200549
"665",665,"male","white","yr1","Business","math02","Visual",4.33333333333333,1.19314695329773,0.781958267228272,0.645908454354947,1.75,-0.496946329326985,-0.347427603976387,-0.218669277789762,3.66666666666667,2.02779541273212,1.42067944851058,2.84259035435167,5,5.14006484697988,3.24043328690884,1.54541374373052,3.16666666666667,0.527341107679281,0.290739362279946,0.245729100821852,3,-0.59077820508624,-0.316942106064063,-0.201425407586149,4,0.898108220652805,0.686960557095234,0.28100402661773,3.85714285714286,0.96751448982161,0.45927374137373,0.342709330379831,3.28571428571429,1.074154441082,0.351570776594496,0.442259897386715,4.14285714285714,1.55597653235651,0.901924182409933,0.508376741867201,4.28571428571429,2.19447797883815,1.34707155312982,0.767779560257881,2.33333333333333,-0.230741767469851,-0.119415735048218,-0.176418018685263,4,1.99088942395612,1.28966377199986,0.673570682943099,1,-1.67193309805374,-0.844137146503784,-0.357745495736532
"666",666,"female","white","yr1","STEM","math03","Visual",4.33333333333333,1.2098508921979,1.04487572814986,0.689507593221686,3.25,2.16951362417295,1.51869977168107,1.00509059829542,3.33333333333333,-0.381659971407452,-0.490196818414496,-1.47283675635336,2.9,-0.974454374474124,-0.507359971018266,-0.321633781804972,2.33333333333333,-1.10609213330738,-0.884050253440343,-0.492583739833127,2.57142857142857,-1.34156881530909,-0.818179875051255,-0.405141140549315,3.71428571428571,0.220624693147565,0.116008897607469,0.13430882953477,4.71428571428571,3.01290762157439,1.90103253116237,1.01408589935936,3.14285714285714,0.656541683304558,0.68787969253213,0.345173192955356,3.28571428571429,-0.255634722359148,-0.288458193096715,-0.104226733236635,2.71428571428571,-1.2900735794142,-0.854105859235388,-0.540763518490854,2.33333333333333,-0.184638342750558,-0.152697375630158,-0.0976173256084611,4,1.99088942395612,1.28966377199986,0.673570682943099,1.5,-0.721197872445042,-0.454389795173192,-0.237092148569864
"667",667,"male","white","yr1","Business","math02","Visual",1,-3.61172479004456,-2.45278011389444,-1.96517658965893,1,-1.79422804288445,-1.11806932750387,-0.821282758780936,3.66666666666667,2.95788945139823,1.89518309927294,2.30212068954141,3.1,-0.3922862877463,0.0705903771683193,-0.231173438680027,3,0.0645156277890925,0.282446278653844,0.0179501365335656,3.85714285714286,1.39374074425385,0.782806543257418,0.528092052577746,3.57142857142857,-0.155517943559918,-0.0422744999164514,-0.0659347528231491,4,1.27311160476219,0.803739556066415,0.425235390964391,3.71428571428571,1.73647930117566,0.866202323868081,0.726103559824716,3.85714285714286,0.995223337792255,0.659920654691799,0.374188027753951,4.14285714285714,1.82200884441684,0.957097500068875,0.619471362575786,3,1.11329903018356,0.934870747582902,0.404969823915838,1.33333333333333,-3.46255672024989,-2.36034148535229,-1.15794180593443,3.25,3.2853843179452,1.92440213992204,0.779284201597495
"668",668,"male","white","yr2","Business","stats","Auditory",1,-3.61172479004456,-2.45278011389444,-1.96517658965893,1,-1.79422804288445,-1.11806932750387,-0.821282758780936,3,0.0371102941565809,0.180149887204485,0.216038580679579,2.7,-1.65152166401293,-0.869553889910098,-0.512940823596365,5,3.98859198390332,2.58540564800849,1.81924269522743,5,3.92602569497344,2.35757411541285,1.45039537239774,5,3.31150917686338,1.92132264130113,1.09454554129571,5,3.74144114399981,2.28283476961181,1.26187175459162,5,4.56449623865807,2.32089057238357,1.63233687488761,4.85714285714286,3.29121976659313,2.15477018474484,1.27174270347573,5,3.73794706238797,2.23668202166913,1.38459868253754,2.33333333333333,-0.184638342750558,-0.152697375630158,-0.0976173256084611,2.66666666666667,-0.75742578893537,-0.602514098306118,-0.267192272538456,3,2.67793182628309,1.36917734257161,0.602506519199361
"669",669,"female","white","yr1","Other","math02","Kinesthetic",3.66666666666667,0.237608119749063,0.277845974826337,0.138870504705263,2,-0.0779734737092486,0.0879611738047693,0.00734379087080221,3.33333333333333,0.557919950684978,0.273734837412108,-0.106878560621431,3.5,0.764709923118388,0.491380244252313,0.26239136327834,1.66666666666667,-2.42323507535734,-1.60888255153412,-1.09997725373553,1.42857142857143,-4.31070142794631,-2.46883789309668,-1.66946926940237,2.85714285714286,-1.86890105576729,-1.1620863616296,-0.64275225679804,2.28571428571429,-2.9713888586894,-1.7795089366144,-1.07416323352469,2.28571428571429,-1.32051313919717,-0.383639651916838,-0.531891874931951,2,-3.42350446121818,-1.94862319002971,-1.42020807922465,2,-2.94092615665361,-1.68604160084846,-1.13197796848285,2.33333333333333,-0.138534918031266,-0.185979016212098,-0.0188166325316591,3,-0.0487548449240131,-0.0622943890997189,-0.00699482262527438,1.25,-1.09485392052136,-0.707526316352977,-0.251398160780922
"670",670,"female","white","yr3","STEM","math04","Kinesthetic",4,0.726844657074171,0.567189852853173,0.419840539947484,2,-0.0461039884667395,0.0787333724869645,-0.0101104377772435,3.66666666666667,0.148635568547259,-0.107183863142622,0.110673962887821,2.5,-2.12015134864497,-1.42230009600751,-0.659086153964697,3.5,1.05921788634554,0.737737962475764,0.481039745129775,2.85714285714286,-0.939785240883071,-0.486027562038454,-0.392977054833731,2.57142857142857,-2.54802787534734,-1.39257388321029,-0.876696307367594,2.71428571428571,-1.85303871457195,-1.1227948626288,-0.626930375730359,2.14285714285714,-1.58566753963318,-0.855909643642133,-0.575835238010497,3.14285714285714,-0.602080389170205,-0.50964462807853,-0.215691461673166,3.57142857142857,0.546021646818037,0.404818046177378,0.224391139984422,2,-0.831501585872319,-0.591434741262175,-0.348936508282686,3,-0.0487548449240131,-0.0622943890997189,-0.00699482262527438,1,-1.67193309805374,-0.844137146503784,-0.357745495736532
"671",671,"male","white","yr5+","STEM","math04","Kinesthetic",4.33333333333333,1.19314695329773,0.781958267228272,0.645908454354947,2,-0.0383120472064849,0.251089708213758,0.00339531812089843,3.33333333333333,1.49749987277741,1.03766649323871,1.25907963511049,2.3,-2.74947953225356,-1.81204842869599,-0.926449746171586,2.66666666666667,-0.561590310062086,-0.288677778146402,-0.258634675178674,3.14285714285714,-0.203548415807339,-0.142909220363762,-0.0459654922280527,3.85714285714286,0.567391721823542,0.257395539961496,0.190651369046603,3.85714285714286,1.06676431290529,0.501941708308443,0.369103162131141,2.85714285714286,-0.395403491644425,-0.193330645555278,-0.40831964160123,3.42857142857143,0.238927251325619,0.042836371860798,0.140007461503803,3,-0.711545982816422,-0.459358076290732,-0.269620371388262,2.66666666666667,0.508328325090495,0.252758349419919,0.232502550142566,3.66666666666667,1.29625147828758,1.0144716520406,0.396330247157491,1.75,-0.144118694912662,-0.317778965022385,-0.130744813614253
"672",672,"female","white","yr5+","STEM","math03","Kinesthetic",4,0.726844657074171,0.567189852853173,0.419840539947484,2.25,0.396946411133252,0.332538013223523,0.184942646337133,3.33333333333333,-1.31175401007357,-0.964700469176849,-0.932367091543093,2.8,-1.18831316271581,-0.999938504972502,-0.337635122161067,1.83333333333333,-2.07493677773274,-1.46909085030296,-0.936445638219964,2.57142857142857,-1.40230415739703,-0.965968428517775,-0.450009901581286,2.85714285714286,-1.69199470376105,-1.22376188794901,-0.490893629245516,2.71428571428571,-1.95295912194277,-1.03323298231978,-0.68607493200845,1.28571428571429,-3.63127915993761,-1.73099879727829,-1.38420832085486,3.14285714285714,-0.411253861576638,-0.373932563473269,-0.0257852724977259,1.14285714285714,-4.80514843956231,-2.83418384419297,-1.74560448939224,4,3.15030649567803,2.3946129552641,1.31647754226797,4,1.99088942395612,1.28966377199986,0.673570682943099,2,0.331248917891687,-0.122905289357089,-0.0704181400309192
"673",673,"male","white","yr1","Business","math02","Visual",2.33333333333333,-1.68394318404706,-1.18163806816898,-0.907501551492826,1,-1.79422804288445,-1.11806932750387,-0.821282758780936,3.33333333333333,0.567405834111292,0.563162842476358,1.79954929992076,3.7,1.38554850627117,0.937998263389999,0.452910774503085,3,0.187619850954483,0.0545280142320057,0.0910624694194865,3.14285714285714,-0.148959692159792,-0.183659013860821,-0.0145155433930488,5,3.31150917686338,1.92132264130113,1.09454554129571,4.71428571428571,3.02515515917184,1.97372782093334,1.02088306321609,3.57142857142857,1.4472417305919,0.985393679964293,0.533431592501054,4.57142857142857,2.78754860649529,1.78805880866216,1.12721566463188,4.85714285714286,3.43316601231928,2.03801924239184,1.29992548162866,2,-0.831501585872319,-0.591434741262175,-0.348936508282686,3,-0.0487548449240131,-0.0622943890997189,-0.00699482262527438,1,-1.67193309805374,-0.844137146503784,-0.357745495736532
"674",674,"female","white","yr1","Other","math02","Auditory",4.66666666666667,1.65944924952129,0.996726681603372,0.87197636876241,2.75,1.28429735249432,0.397908943738635,0.563474985576443,3.33333333333333,-1.32123989349988,-1.2541284742411,-2.83879495208528,2.1,-3.34286057095664,-2.02398941411146,-1.10002737981904,1,-3.79697930082548,-2.34728064926384,-1.73764345979917,1.71428571428571,-3.5479217820978,-2.10906831622525,-1.36417689958121,1.57142857142857,-4.99104399205097,-3.04617449616631,-1.64569038425571,1,-6.13187701295069,-3.63354608456978,-2.08467369991728,1.57142857142857,-2.9092542011301,-1.36322297903012,-1.01436202841186,1.14285714285714,-5.29141260995659,-3.21243501079365,-2.10832993646272,2.14285714285714,-2.60689796429349,-1.39529161970303,-0.837483848489718,4,3.15030649567803,2.3946129552641,1.31647754226797,4,1.99088942395612,1.28966377199986,0.673570682943099,2,0.331248917891687,-0.122905289357089,-0.0704181400309192
"675",675,"female","white","yr3","STEM","stats","Kinesthetic",5,2.14245548464502,1.47441255690006,1.14164342203661,4,3.61871643732243,2.24178934840405,1.546862795649,3.33333333333333,-1.32123989349988,-1.2541284742411,-2.83879495208528,3.2,-0.133297217609826,0.0238043130845201,-0.123047590383223,4.16666666666667,2.45253184338264,1.47195670831668,1.12744723511877,4,1.63407371542722,1.02491321206767,0.585424469232283,3,-1.50464408453354,-0.936700316326251,-0.481717415392091,3,-1.19521793447544,-0.675355657478984,-0.411400972662834,4,2.37887639199355,1.22651923176723,0.847737547775263,4,1.31890860635435,0.90116551605563,0.48437333144762,3,-0.692687153800795,-0.324309887974433,-0.214465075211061,2,-0.831501585872319,-0.591434741262175,-0.348936508282686,2,-2.08839911380415,-1.4142525501993,-0.687560328193648,2,0.569041803543553,0.442695658876479,0.180606016138814
"676",676,"male","white","yr3","Other","math02","Auditory",1.66666666666667,-2.63948201759573,-1.68575036057091,-1.41453950114251,1.75,-0.433024551522102,-0.280411608856338,-0.233609927335463,3.66666666666667,0.148635568547259,-0.107183863142622,0.110673962887821,3,-0.696168605977766,-0.314361307404878,-0.255894690265229,3.5,1.08041997182438,0.789692190757113,0.488543149589504,3.57142857142857,0.561629416325463,0.388513237872049,0.139486648365092,3.57142857142857,-0.201547052950776,-0.0701542590387493,-0.0848088491847653,3.28571428571429,-0.509866296200344,-0.295972199730123,-0.165013610622587,3.14285714285714,0.526496675811852,0.0165756711897022,0.19831951676075,4,1.31890860635435,0.90116551605563,0.48437333144762,3.57142857142857,0.59724714737433,0.350763366305358,0.280696870298979,2,-0.831501585872319,-0.591434741262175,-0.348936508282686,1.66666666666667,-2.75388577623853,-1.82012177614589,-0.897744356021244,2,0.569041803543553,0.442695658876479,0.180606016138814
"677",677,"male","white","yr3","Business","math03","Kinesthetic",2.33333333333333,-1.70687742514861,-1.25621353182071,-0.962403672327584,1.75,-0.448425626722747,-0.539652682554267,-0.240653631381356,3.33333333333333,1.49749987277741,1.03766649323871,1.25907963511049,4.6,4.33687024916806,2.42024370505253,1.43582682441808,1.83333333333333,-2.19030773636808,-1.3503204229937,-1.00308855244489,2.42857142857143,-1.75655628107716,-1.0905632873148,-0.587815886052889,3.42857142857143,-0.372969491363233,-0.42791645605548,-0.0439369898527689,2,-3.66354747371307,-2.15445087102438,-1.24803733629006,1.71428571428571,-2.79170510878798,-1.29661919232447,-1.14657099160948,2.28571428571429,-2.50155470661869,-1.66515559071547,-0.930783818578573,3.57142857142857,0.574799121741038,0.349588534807542,0.245727284155581,1,-2.82240562664749,-2.08445858952531,-1.18164353355801,2.33333333333333,-1.40887945302694,-0.743355735005575,-0.494419286238478,1,-1.67193309805374,-0.844137146503784,-0.357745495736532
"678",678,"female","Asian","yr3","STEM","stats","Auditory",3.33333333333333,-0.245398115374665,-0.199839900470353,-0.13079654856894,1,-1.79422804288445,-1.11806932750387,-0.821282758780936,3.66666666666667,1.08821549063969,0.656747792683981,1.47663215861975,3.8,1.72384657058977,0.830995819899915,0.562440340613819,3.33333333333333,0.807328146278474,0.471506806061027,0.369348916781597,4.14285714285714,1.91374906914417,1.15947493952813,0.693663082088363,4.71428571428571,2.59896402411591,1.51039796961093,0.878453526279935,4.28571428571429,1.96373221826644,1.11702324352591,0.682478171879983,3.14285714285714,0.561933457897013,-0.0880815323461855,0.163704215879454,4,1.40708451530145,0.956024821459227,0.560058528049878,2.57142857142857,-1.65229361716241,-1.11891584642536,-0.705365012440434,3,1.11329903018356,0.934870747582902,0.404969823915838,3,-0.0638731298153453,0.33341030613474,-0.0910942164557125,1.5,-0.619486307717012,-0.512652640687681,-0.191071487197587
"679",679,"male","Black","yr1","Business","math02","Auditory",3,-0.734634652699772,-0.489183778497188,-0.411766583811161,3,1.75054076855521,1.08331099389992,0.779077529634855,3,0.0371102941565809,0.180149887204485,0.216038580679579,3,-0.696168605977766,-0.314361307404878,-0.255894690265229,3,0.0958063415389203,0.119062499372324,0.0407996177141286,2.85714285714286,-1.15775707823021,-0.530120327133297,-0.527847514418762,3,-1.5242165641751,-0.993731042052505,-0.463504082463917,3,-1.21747981742487,-0.673399680367393,-0.43140351276021,3.14285714285714,0.597829813692099,0.3061196889859,0.356133653926029,3.14285714285714,-0.631894165026367,-0.492403681227929,-0.257635439123647,3.14285714285714,-0.376109705785334,0.100541562603777,-0.0715211627557694,2,-0.785398161153026,-0.624716381844115,-0.270135815205884,2.33333333333333,-1.45206373460391,-0.877706218265383,-0.544432708324064,1.75,-0.0120338160549029,0.0425721566627429,-0.0142938047994532
"680",680,"female","white","yr2","Business","math02","Kinesthetic",3,-0.705470109396845,-0.602950312115307,-0.345561481008384,3,1.70308740079219,0.747826123764133,0.769520246486616,2.66666666666667,-0.483699362371816,0.0865649369968614,0.53895572198059,2.7,-1.41827159945389,-1.02550410742886,-0.367301630215193,3.16666666666667,0.506139022200438,0.238785133998597,0.238225696362123,3.71428571428571,1.24647976007761,0.35579468099617,0.554308435956272,4.57142857142857,2.28785867668609,1.20217939644821,0.801063627566525,4.71428571428571,3.01649978994023,1.79080192708071,1.02891117309407,2.85714285714286,-0.0985688393268683,-0.126137983612035,-0.0157215922693844,5,3.63024410131203,2.35278064546,1.38533618864896,3.28571428571429,-0.0530458170564915,0.125733659067013,0.0447664602454695,3,1.15940245490286,0.901589107000962,0.48377051699264,2.66666666666667,-0.743392790592552,-0.337486509058984,-0.284235258410882,1.5,-0.721197872445042,-0.454389795173192,-0.237092148569864
"681",681,"male","white","yr1","STEM","math03","Kinesthetic",1.33333333333333,-3.12248825271946,-2.1634362358676,-1.68420655441671,1,-1.79422804288445,-1.11806932750387,-0.821282758780936,3.66666666666667,1.08821549063969,0.656747792683981,1.47663215861975,4.6,4.33687024916806,2.42024370505253,1.43582682441808,3.33333333333333,0.80013620131818,0.289498064722079,0.374332267406256,5,3.92602569497344,2.35757411541285,1.45039537239774,5,3.31150917686338,1.92132264130113,1.09454554129571,5,3.74144114399981,2.28283476961181,1.26187175459162,5,4.56449623865807,2.32089057238357,1.63233687488761,4.71428571428571,3.14827515653898,1.94067171911251,1.28169297015064,5,3.73794706238797,2.23668202166913,1.38459868253754,3,1.15940245490286,0.901589107000962,0.48377051699264,3,-0.0487548449240131,-0.0622943890997189,-0.00699482262527438,3,2.81001670514085,1.72952846425674,0.718957528014161
"682",682,"male","white","yr1","STEM","math03","Kinesthetic",2.66666666666667,-1.2176408878235,-0.966869653793878,-0.681433637085363,1.25,-1.32691729198234,-0.960377226056248,-0.637221851462357,3.66666666666667,2.0183095293058,1.13125144344633,0.936162493809483,3,-0.696168605977766,-0.314361307404878,-0.255894690265229,2.66666666666667,-0.507465156923538,-0.343973748976425,-0.229519669004007,3,-0.739365545061705,-0.32873796573956,-0.339403867910167,2.85714285714286,-1.92549534870319,-1.24959917172096,-0.655088298225107,3,-1.2150996459986,-0.600734697261428,-0.413566462127391,3.14285714285714,0.633266595777261,0.201462485450013,0.321518353044733,4.14285714285714,1.76038973325298,1.08546175764292,0.716664590305336,2.42857142857143,-1.95160771857403,-1.03498561153409,-0.71813405983065,2,-0.831501585872319,-0.591434741262175,-0.348936508282686,2,-2.08839911380415,-1.4142525501993,-0.687560328193648,3.25,3.52317720359706,2.49000308815561,1.03030835776723
"683",683,"female","white","yr2","Other","math02","Auditory",3.66666666666667,0.237608119749063,0.277845974826337,0.138870504705263,2,-0.0461039884667395,0.0787333724869645,-0.0101104377772435,3,-1.84204955002828,-1.34771342444872,-2.51587781078427,3.8,1.64733340474456,1.06474811634903,0.487832574090031,3.83333333333333,1.74639366432519,1.10101282145907,0.796842426595505,4,1.63407371542722,1.02491321206767,0.585424469232283,4,0.960026839100827,0.579823972578804,0.318750104378876,3.42857142857143,-0.178703559231329,0.225281734689587,-0.0421077997406679,3.57142857142857,1.48758440853392,0.475968112642115,0.580560715601887,3.85714285714286,0.95993444916456,0.657492694328889,0.314922548145722,4,1.52262995429359,0.956186066847349,0.585066803663237,2,-0.831501585872319,-0.591434741262175,-0.348936508282686,2.66666666666667,-0.714241507358401,-0.468163615046309,-0.21717885045287,1.75,-0.144118694912662,-0.317778965022385,-0.130744813614253
"684",684,"female","white","yr2","Business","math02","Visual",3.66666666666667,0.260542360850612,0.352421438478073,0.193772625540021,1,-1.79422804288445,-1.11806932750387,-0.821282758780936,3,-0.902469627935849,-0.583781768622119,-1.14991961505235,3.4,0.645038724422323,0.108369923095074,0.409254885251128,3.66666666666667,1.42080903955061,0.894256987763152,0.647295308147305,2.28571428571429,-2.34875033917015,-1.26437951598058,-0.939610681919493,2.85714285714286,-1.78737128591983,-1.14787650217501,-0.592043420179177,3.42857142857143,-0.0741676665466545,-0.0493964944764931,-0.0222316499981247,3.57142857142857,1.52560325766824,0.802511341962511,0.625620588824281,3.42857142857143,0.0409013073402466,0.0554173097248196,0.0359139685501093,3.28571428571429,-0.0648214478655595,-0.0622747673441082,-0.106793957476248,2.33333333333333,-0.138534918031266,-0.185979016212098,-0.0188166325316591,3,-0.0487548449240131,-0.0622943890997189,-0.00699482262527438,1.25,-1.19656548524939,-0.649263470838488,-0.297418822153198
"685",685,"male","white","yr1","Business","math02","Visual",4,0.726844657074171,0.567189852853173,0.419840539947484,4,3.46679533773041,2.28934149520855,1.60770407928659,2.66666666666667,-2.36285920655668,-1.44129837465635,-2.19296066948326,3,-0.6713901868215,-0.492000765794088,-0.322090776965891,1.5,-2.82027490043839,-1.71187786210418,-1.29467938488156,1.85714285714286,-3.27079137658728,-1.86689507929087,-1.26289984272667,3.71428571428571,0.164430763668148,0.110537457401199,0.0532346186462436,2.14285714285714,-3.31295074077282,-2.18609074361358,-1.13938105886644,2.57142857142857,-0.862479611717193,-0.511467728009771,-0.281959449815686,1.85714285714286,-3.56469667841843,-2.25378156693843,-1.42523129033288,3.28571428571429,-0.0579575424957926,0.113479271139007,0.0896928869869455,2.33333333333333,-0.184638342750558,-0.152697375630158,-0.0976173256084611,2.33333333333333,-1.42291245136976,-1.00838332425271,-0.477376300366052,2,0.538668489413823,0.0240816916768621,0.110175668696291
"686",686,"female","white","yr5+","STEM","math04","Kinesthetic",4,0.710140718174002,0.304272391931583,0.376241401080745,1.75,-0.425232610261848,-0.108055273129544,-0.220104171437321,3.33333333333333,-0.372174087981137,-0.200768813350245,0.433591104188832,2.8,-1.2818407157439,-0.670944031811258,-0.420927998902551,2.83333333333333,-0.159166859298937,-0.204182047745258,-0.0659880534884431,2.85714285714286,-1.0186251974407,-0.441670101109348,-0.427120672457759,3.28571428571429,-0.774447968438758,-0.594938272827715,-0.213815197941025,3,-1.19521793447544,-0.675355657478984,-0.411400972662834,2.42857142857143,-1.02738696173436,-0.473027373976032,-0.322133930773808,3.42857142857143,0.138941169672618,0.0473733072662381,0.0976858444741784,3.14285714285714,-0.352979930397508,-0.145516400395077,-0.106468678927212,1.66666666666667,-1.48257571568468,-1.24026549884322,-0.60020447513276,2.66666666666667,-0.72827450570122,-0.733191204293443,-0.200135864580444,1.25,-1.19656548524939,-0.649263470838488,-0.297418822153198
"687",687,"female","white","yr1","STEM","math02","Auditory",2.66666666666667,-1.19470664672195,-0.892294190142142,-0.626531516250605,1.5,-0.939996728926976,-0.601232244712945,-0.413722361904138,3.33333333333333,0.567405834111292,0.563162842476358,1.79954929992076,4.4,3.41336702095872,2.10317789038815,0.976670362849523,3.16666666666667,0.404904695515325,0.387011075659883,0.176702295091366,2.71428571428571,-1.25895816861406,-0.683776769919604,-0.484453089112296,2.85714285714286,-1.92545667694531,-1.1852834534762,-0.623912206439216,2.85714285714286,-1.62172941595429,-0.853707902965523,-0.608859141929355,3,0.134315950794568,0.233628957024845,-0.0476070895275523,3,-0.929675914898654,-0.560921576170231,-0.414083129437874,3.14285714285714,-0.377432234606969,-0.0455861821427117,-0.0467804460480965,2.66666666666667,0.508328325090495,0.252758349419919,0.232502550142566,2,-2.08839911380415,-1.4142525501993,-0.687560328193648,1.25,-1.19656548524939,-0.649263470838488,-0.297418822153198
"688",688,"female","white","yr5+","STEM","math02","Kinesthetic",5,2.14245548464502,1.47441255690006,1.14164342203661,5,5.29530957999487,3.2846913153037,2.37943781805065,2.33333333333333,-2.88366886308507,-1.53488332486397,-1.87004352818225,2.3,-2.70335638444017,-1.55358491089682,-0.914839157959666,1.33333333333333,-3.15124315089507,-1.90013411563118,-1.44217099387396,2,-2.8354676733024,-1.74293953812245,-1.08575823258656,2.28571428571429,-3.25676887705882,-1.78256593786357,-1.09141907426288,2.28571428571429,-2.86962005883553,-1.68170339973191,-0.950533527849701,1.57142857142857,-3.13946027595581,-1.50441406402176,-1.18145154985794,1.14285714285714,-5.28593749718506,-3.19276610358014,-2.09100843430497,2,-2.89876736574234,-1.54785074798568,-0.97789900377656,1,-2.82240562664749,-2.08445858952531,-1.18164353355801,2.33333333333333,-1.40887945302694,-0.743355735005575,-0.494419286238478,1.75,-0.0424071301846323,-0.376041810536874,-0.0847241522419766
"689",689,"female","white","yr2","Other","math04","Visual",5,2.14245548464502,1.47441255690006,1.14164342203661,3,1.68680179807019,1.10176659653553,0.813985986930946,2.66666666666667,-0.493185245798131,-0.202863068067389,-1.3674721385616,3.7,1.41453385415142,0.998564635845391,0.391674937609397,4,1.99828340439225,1.3672439778738,0.908533254943683,3.14285714285714,-0.252441484191752,-0.152901575107728,-0.116059401631584,3.71428571428571,0.247443014595477,0.104583582643846,0.0714819975772101,3.71428571428571,0.577825631296442,0.766054646717999,0.235577936503058,3.14285714285714,0.630484508676729,-0.230788521161843,0.288499559331563,3.57142857142857,0.599865446361133,0.0930342132622671,0.417114867771184,3.42857142857143,0.306898800446207,0.0774374613014659,-0.084061261527947,3.66666666666667,2.45733982783698,1.98915723021402,0.986357666516939,2.33333333333333,-1.42399773791827,-0.347651039771116,-0.578518680068916,2,0.546661373545976,0.55110703580272,0.287280640661604
"690",690,"male","white","yr2","STEM","math04","Visual",3.66666666666667,0.243838421950443,0.0895039775564828,0.150173486673282,2,0.0188851241793628,-0.381960581106649,-0.0565927240627773,2.66666666666667,0.42742290944167,-0.0177874223692862,-3.81436966391405,4.6,4.33687024916806,2.42024370505253,1.43582682441808,4.16666666666667,2.45000623916637,1.41823022392264,1.12061226870521,3.57142857142857,0.796092623677316,0.32912768816831,0.286718026790148,4,0.90343254616492,0.49231116248744,0.30641406295181,3.28571428571429,-0.437476747008107,-0.317478332638193,-0.136727013317217,4,2.37887639199355,1.22651923176723,0.847737547775263,4.85714285714286,3.3010837199784,2.09186687688266,1.25782938279754,4,1.52262995429359,0.956186066847349,0.585066803663237,2,-0.831501585872319,-0.591434741262175,-0.348936508282686,2,-2.1175503970383,-1.28357544421197,-0.75461673615166,2,0.432960482619717,-0.181168134871578,-0.0243974786586425
"691",691,"male","other","yr2","Business","math03","Visual",4.66666666666667,1.65944924952129,0.996726681603372,0.87197636876241,3.75,3.00727652808855,2.30400572948773,1.43714892786616,2.66666666666667,-2.36285920655668,-1.44129837465635,-2.19296066948326,4.5,3.83563820881032,2.27564435247282,1.26853552612781,1.33333333333333,-3.1230963784263,-2.00073311433676,-1.4245647258354,2,-2.75048109830438,-1.59875865208797,-1.03819580276557,3.14285714285714,-1.20950558967664,-0.62209683601432,-0.485551681649993,2.71428571428571,-1.72528459100931,-1.13258595861641,-0.595455345357873,1.57142857142857,-3.08457517187523,-1.40540280447477,-1.26235620814796,1.42857142857143,-4.62322789390407,-2.75351078150114,-1.86722964543807,2.85714285714286,-1.05790019426147,-0.825501225845186,-0.357143766788713,2,-0.831501585872319,-0.591434741262175,-0.348936508282686,3,-0.0196035616898622,-0.192971495087044,0.0600615853327378,1,-1.67193309805374,-0.844137146503784,-0.357745495736532
"692",692,"female","white","yr2","STEM","stats","Auditory",3.66666666666667,0.260542360850612,0.352421438478073,0.193772625540021,1.25,-1.32691729198234,-0.960377226056248,-0.637221851462357,5,1.32075192284736,0.371508297054018,3.17233078357842,3,-0.696168605977766,-0.314361307404878,-0.255894690265229,4.5,3.10117548871553,1.83174189131447,1.41970650560161,4.14285714285714,2.32283905457264,1.13701485885487,1.00847306097595,4,0.90343254616492,0.49231116248744,0.30641406295181,4,1.27311160476219,0.803739556066415,0.425235390964391,4,2.37887639199355,1.22651923176723,0.847737547775263,4.28571428571429,2.18778380338571,1.43289850209122,0.901466490969515,4,1.52262995429359,0.956186066847349,0.585066803663237,2,-0.831501585872319,-0.591434741262175,-0.348936508282686,2.66666666666667,-0.72827450570122,-0.733191204293443,-0.200135864580444,1.25,-1.19656548524939,-0.649263470838488,-0.297418822153198
"693",693,"male","Black","yr1","Other","math02","Auditory",2.66666666666667,-1.19470664672195,-0.892294190142142,-0.626531516250605,3.25,2.17819009295455,1.07787456093855,0.967086909703337,2.66666666666667,0.436908792867985,0.271640582694964,-1.90794180337186,3.5,0.756911850648982,0.361535997853357,0.170598991537925,2.66666666666667,-0.573250811732683,-0.249271522032474,-0.262596502146266,2.85714285714286,-1.07754707448574,-0.32204607492539,-0.492438648643789,2.71428571428571,-2.16960224044161,-1.25750985268227,-0.673798110987175,2.42857142857143,-2.64864293631281,-1.63967316771356,-0.920464329311353,2.28571428571429,-1.43797133031571,-0.609144813836378,-0.484845776047219,2.57142857142857,-1.91362816544863,-1.32750104174188,-0.759831785939933,3,-0.718233941545617,-0.00611440452600229,-0.134053882582856,3,1.11329903018356,0.934870747582902,0.404969823915838,2.66666666666667,-0.743392790592552,-0.337486509058984,-0.284235258410882,2.5,1.72719660067439,0.979429991241022,0.481853172032693
"694",694,"female","white","yr2","STEM","math02","Visual",2.66666666666667,-1.17800270782178,-0.629376729220553,-0.582932377383866,1,-1.79422804288445,-1.11806932750387,-0.821282758780936,3.66666666666667,1.08821549063969,0.656747792683981,1.47663215861975,2.6,-1.87987857749849,-1.09914494703196,-0.57926120137198,3.16666666666667,0.404904695515325,0.387011075659883,0.176702295091366,3.85714285714286,1.39374074425385,0.782806543257418,0.528092052577746,4,0.90343254616492,0.49231116248744,0.30641406295181,4.42857142857143,2.28801614216245,1.31851725937723,0.752808397943096,1.57142857142857,-2.99533110061737,-1.49289301906459,-1.19358119888891,3.14285714285714,-0.668741620041237,-0.309204751984909,-0.306404222060045,3.57142857142857,0.559434294314304,0.295453465214905,0.114352576467667,2,-0.831501585872319,-0.591434741262175,-0.348936508282686,2,-2.08839911380415,-1.4142525501993,-0.687560328193648,2.25,1.0444094163479,0.637569334541775,0.240932689722148
"695",695,"female","white","yr1","Business","math02","Auditory",1,-3.61172479004456,-2.45278011389444,-1.96517658965893,1,-1.79422804288445,-1.11806932750387,-0.821282758780936,4,0.678931108501971,0.275829092129251,1.694184682129,2.2,-3.21268803355068,-1.68166381363358,-1.10175544760688,4,2.04219916272112,1.3522340736904,0.930021156470777,4,1.63407371542722,1.02491321206767,0.585424469232283,4,0.90343254616492,0.49231116248744,0.30641406295181,4,1.27311160476219,0.803739556066415,0.425235390964391,4,2.37887639199355,1.22651923176723,0.847737547775263,4,1.31890860635435,0.90116551605563,0.48437333144762,4,1.52262995429359,0.956186066847349,0.585066803663237,2,-0.831501585872319,-0.591434741262175,-0.348936508282686,2,-2.08839911380415,-1.4142525501993,-0.687560328193648,2,0.569041803543553,0.442695658876479,0.180606016138814
"696",696,"male","white","yr1","STEM","math02","Kinesthetic",2.66666666666667,-1.19470664672195,-0.892294190142142,-0.626531516250605,2,-0.0933745489098934,-0.171279899893159,0.000300086824908674,4,0.678931108501971,0.275829092129251,1.694184682129,4,2.22194812050106,1.46303598975198,0.644759526732645,3.66666666666667,1.43729531034879,0.833064245171507,0.660939749218267,3.57142857142857,0.642285294592252,0.366244328152782,0.158300465725114,4.14285714285714,1.2341103732363,0.857560461376418,0.365590628737046,4,1.27311160476219,0.803739556066415,0.425235390964391,3.71428571428571,1.77534855571295,0.988469514823137,0.661257888548752,4,1.40160940252992,0.936355914245716,0.542737025892131,3.14285714285714,-0.374514223373548,-0.273191934549407,-0.146540731643645,2.33333333333333,-0.138534918031266,-0.185979016212098,-0.0188166325316591,1.66666666666667,-2.76900406112987,-1.42441708091143,-0.981843749851682,1.25,-1.19656548524939,-0.649263470838488,-0.297418822153198
