"","ID","sex","race","class","major","math.level","modality","Anxiety.mea.avg","Anxiety.mea.pca1","Anxiety.mea.wt.pca","Anxiety.mea.cfa","Anxiety.mla.avg","Anxiety.mla.pca1","Anxiety.mla.wt.pca","Anxiety.mla.cfa","SelfEfficacy.avg","SelfEfficacy.pca1","SelfEfficacy.wt.pca","SelfEfficacy.cfa","Technology.avg","Technology.pca1","Technology.wt.pca","Technology.cfa","Cooporative.avg","Cooporative.pca1","Cooporative.wt.pca","Cooporative.cfa","Deductive.avg","Deductive.pca1","Deductive.wt.pca","Deductive.cfa","Demonstration.avg","Demonstration.pca1","Demonstration.wt.pca","Demonstration.cfa","Inductive.avg","Inductive.pca1","Inductive.wt.pca","Inductive.cfa","Integrative.avg","Integrative.pca1","Integrative.wt.pca","Integrative.cfa","LectureType.avg","LectureType.pca1","LectureType.wt.pca","LectureType.cfa","Repetitive.avg","Repetitive.pca1","Repetitive.wt.pca","Repetitive.cfa","Engage.avg","Engage.pca1","Engage.wt.pca","Engage.cfa","Resource.avg","Resource.pca1","Resource.wt.pca","Resource.cfa"
"1",1,"female","Asian","yr3","Health","stats","Visual",4.75,2.14511475358154,1.47845455939476,1.11779036069037,2.6,1.29882424547508,0.712592408246948,0.330798686264138,3,-1.83780178217861,-1.06069932154477,-0.603094416254917,2.4,-2.26710758970861,-1.62520780914809,-0.643427688532324,4,1.99928166482694,1.36721141225045,0.916040648118903,3.28571428571429,0.110292393738571,0.100753607715331,0.0568402223522599,4,0.860940843135404,0.675517393762747,0.238568727127041,4,1.3207653335302,0.700992532920378,0.446563373335696,4,2.48976245667943,1.05546145047248,0.942502037311109,3.71428571428571,0.659546672010661,0.411259163105658,0.242696959835811,4.14285714285714,1.81283686087025,1.18259727141759,0.637436198196033,2,-0.831435085337812,-0.59098647132696,-0.345969846195772,1,-1.67277738826583,-0.843783682502592,-0.351623884594771
"2",2,"female","white","yr2","Health","stats","Auditory",4,0.931420305898933,0.699201005562881,0.601580943402697,3.8,3.72464288771443,2.43590551230341,0.928438493461578,2.66666666666667,-0.488907955226482,0.0841240795496512,0.548283369534074,3.1,-0.566952103663022,-0.116715006424976,-0.403108782368328,4.33333333333333,2.68708139531254,1.79695656605723,1.22957562099498,4.57142857142857,2.91343018192814,1.85658761374685,1.07100175435957,4.85714285714286,2.97762621011447,1.68798890789531,0.981889450145753,4.57142857142857,2.71012277780902,1.62733088672193,0.892722543525371,4.85714285714286,4.22334905035967,2.10285497969893,1.45254403805363,4.14285714285714,1.89558671906455,1.04712903456188,0.823228612096894,4.71428571428571,3.10911672776171,1.78709020590735,1.1560656137455,3.33333333333333,1.8120593419415,1.53890202635143,0.718106249084741,2.25,1.00835539632545,0.215269422035051,0.163625424354463
"3",3,"female","white","yr2","STEM","other","Visual",3.75,0.436289125953471,0.106887803094519,-0.0588897008362933,1.2,-1.58414135310556,-0.959716958919861,-0.39777303004052,4.33333333333333,1.19560969759348,0.365713533257982,1.37509245377966,3.6,1.13020063137076,0.698310249268213,0.373188251473352,3.33333333333333,0.802817668995441,0.469772758618913,0.36333646128387,4.14285714285714,2.17690084700095,1.16311039429717,0.893476757648632,4.28571428571429,1.60085979116414,1.07360283687412,0.530206111843869,4.57142857142857,2.74769062933735,1.64505961415751,0.965747357789216,3.71428571428571,1.9705574948061,0.804525416133876,0.866812365720381,4.28571428571429,2.1214625513499,1.21790879326126,0.86661754076281,4.42857142857143,2.4562826648596,1.44314373235468,0.996778697296335,2,-0.831435085337812,-0.59098647132696,-0.345969846195772,2,0.431405171288841,0.0764318047246739,0.0611900907590484
"4",4,"female","other","yr1","Other","math02","Visual",2.75,-1.11390091690858,-0.64653038820056,-0.428223764335304,1,-1.95968575222524,-1.12354304995711,-0.506476490509507,2.66666666666667,-0.488907955226482,0.0841240795496512,0.548283369534074,2.8,-1.17157991290806,-0.65730744251974,-0.345001961079848,1.66666666666667,-2.45497220544376,-1.57347145853024,-1.1184755427751,2.57142857142857,-1.44987839640875,-1.13292160473601,-0.473019881148555,2.42857142857143,-2.80357896187985,-1.56923265845746,-0.920949144725858,2.71428571428571,-1.80152808531133,-1.33748313803384,-0.600932935465499,1.57142857142857,-2.93559593246133,-1.46579396790056,-1.08875916923146,3.14285714285714,-0.425351182641302,-0.318036228790864,-0.0636119912934185,2.14285714285714,-2.59941309964765,-1.53314115396305,-1.02232317495186,3,1.16109640947066,0.89558989955865,0.476063462043351,1.5,-0.623032644819437,-0.513559309885433,-0.191628894219258
"5",5,"female","other","yr1","STEM","math04","Kinesthetic",3,-0.804754304111319,-0.599803195450772,-0.593384649793385,1,-1.95968575222524,-1.12354304995711,-0.506476490509507,4,1.61416912777569,1.03643584205871,3.08276806956743,3.4,0.561504077818184,0.297641535502548,0.209906258467244,2,-1.86697598705511,-0.999439147110935,-0.875151001261745,3.85714285714286,1.3074275122869,1.16066018127864,0.501956152392574,5,3.31367547972593,1.91915665923684,1.0979722632391,5,3.73679657201665,2.30646665724278,1.25687647338945,4.57142857142857,3.73027482162941,2.02995590558066,1.39116571825652,4.57142857142857,2.82447475911517,1.71370631907591,1.17107716092428,5,3.7350316100817,2.22691801750131,1.37973577599676,4,3.15362790427913,2.38216627044426,1.29809677028247,2.5,1.47645684207335,0.146889435348884,0.128361086531768
"6",6,"female","white","yr1","Other","math02","Auditory",3.75,0.501015532680634,0.284796435811794,0.189461934661829,1.6,-0.687851810648981,-0.673591623444527,-0.190497641919119,3.66666666666667,0.153400692200954,0.179357090092986,2.03957985095958,2.7,-1.47226735928169,-1.24174547780993,-0.519097899683679,2.5,-0.897284392343342,-0.459107708804142,-0.414973768098145,2.85714285714286,-1.04095240531275,-0.430514848305429,-0.442812516539136,3.42857142857143,-0.449553189101377,-0.281930375739557,-0.166156805304822,3.57142857142857,0.275861959955101,-0.0146468343008657,0.0840270827897485,2.57142857142857,-0.789652720055004,-0.158757807759622,-0.359154473378681,3.28571428571429,-0.237296298730573,-0.18072770062033,-0.143792199376023,3.28571428571429,-0.0821091690137941,0.164852517687703,0.0535084835063785,3,1.16109640947066,0.89558989955865,0.476063462043351,2,0.426712098626955,-0.183334937268275,-0.0316339038437446
"7",7,"female","white","yr1","Health","stats","Auditory",3.75,0.501015532680634,0.284796435811794,0.189461934661829,1.8,-0.392565583837461,-0.103727727587239,-0.105001169885,3.33333333333333,-1.31669727948235,-0.967521099962269,-0.935338114844879,2.6,-1.79202214762229,-1.13287612805495,-0.534474138796873,2,-1.85071079018598,-1.11469682955327,-0.847667255692644,2.28571428571429,-2.21375733036068,-1.11064784521487,-0.843184019162589,2.42857142857143,-2.78690460187558,-1.74747551626791,-0.897647097933244,2,-3.63825999378942,-2.17739068478022,-1.22876383958412,2.71428571428571,-0.363454251203422,0.0141441778014566,-0.118364832529035,2,-3.2833007717121,-2.00597981266066,-1.25747909394781,1,-5.12608668929201,-2.87572657194544,-1.80970188717721,2,-0.833792108660722,-0.776919907898219,-0.331966807768785,2.5,1.58999869402395,0.613873781338377,0.358884752552671
"8",8,"male","white","yr3","Business","math03","Visual",4.25,1.3973687145327,1.02918290846063,0.951408860610283,3.6,3.28415591668568,1.90756846304529,0.85307355424403,2.66666666666667,-1.42857188810496,-0.679776450833573,-0.827148547663742,3,-0.693766893567773,-0.318577880021777,-0.257441991975146,1.83333333333333,-2.19508050027172,-1.26848597940801,-1.01656534547778,3,-0.416440990665535,-0.506354535734776,-0.0770582828795481,3.71428571428571,0.196879675938065,0.314053221080552,0.0513396122044783,3.42857142857143,-0.143435949541072,-0.169681988675512,-0.0337887612340776,2.85714285714286,-0.277240279920572,-0.190108642251824,-0.190782261241717,3.14285714285714,-0.514993120477369,-0.239055549364595,-0.240232887719427,2.85714285714286,-1.02274071324632,-0.655007116170657,-0.503369470681751,2,-0.831435085337812,-0.59098647132696,-0.345969846195772,1,-1.67277738826583,-0.843783682502592,-0.351623884594771
"9",9,"female","white","yr2","Other","other","Visual",1.75,-2.93395626299489,-2.06274077821165,-1.97040314790164,1.4,-1.13639905043638,-0.660353271941288,-0.344639447764221,3.33333333333333,1.49296498304452,1.03438105309787,1.25922788955197,2.6,-1.82412807923084,-1.22157484668767,-0.628339609930525,2.16666666666667,-1.5421000289239,-0.846341340241168,-0.712887054262451,3.42857142857143,0.356456427453078,0.339155884315064,0.106081695108907,4.28571428571429,1.67087591585,0.937479837781504,0.630924169865946,3.57142857142857,0.253635725983545,0.187394184673121,0.100421517149556,3.28571428571429,1.02211247670467,0.62706176664531,0.479780888334048,4,1.4367616328173,0.894533596163758,0.606005321004161,3.42857142857143,0.249984157016296,0.149327298054743,0.102635621922985,2,-0.831435085337812,-0.59098647132696,-0.345969846195772,1,-1.67277738826583,-0.843783682502592,-0.351623884594771
"10",10,"male","Asian","yr5+","STEM","other","Kinesthetic",1.75,-2.84188087388554,-1.95739470078096,-1.70376598073409,1,-1.95968575222524,-1.12354304995711,-0.506476490509507,3,0.971860480348258,0.941202831515373,1.59147158814193,5,5.14404030313939,3.25008804515714,1.55143250842355,2.5,-0.83663973924099,-0.60827302864419,-0.379828101160091,4.28571428571429,2.49779497939626,1.40518890805551,1.00963744788393,4.28571428571429,1.57927096315524,0.901284501838653,0.516687523942834,2.85714285714286,-1.59727296857258,-1.00302265611874,-0.561160293673507,3,0.29158574434404,0.0821329143383014,0.182913685952371,3.85714285714286,1.01288289731282,0.588912546995194,0.404621407620954,2.42857142857143,-1.95279890609851,-1.17576283262274,-0.739545170715842,1.33333333333333,-2.13100392695658,-1.69167728834127,-0.844058458705541,1.75,-0.00980102878516176,0.30407667620195,0.0767113469911084
"11",11,"male","Black","yr3","STEM","math01","Visual",3.75,0.473666550298455,0.357358991098381,0.171176402992405,1.4,-1.10606331347181,-0.848752355872997,-0.311297189274503,2.33333333333333,-2.8893403236797,-1.53685520279929,-1.8703367662716,5,5.14404030313939,3.25008804515714,1.55143250842355,1.33333333333333,-3.1498334954362,-1.90008970393931,-1.4387086077377,2.57142857142857,-1.48650955513746,-0.881577287396241,-0.516622827010111,2.14285714285714,-3.5678280357397,-1.83433025097227,-1.18949943367088,2.71428571428571,-1.79405178308226,-1.11688313417199,-0.556915445393373,2.28571428571429,-1.18441485924042,-0.436127038527413,-0.430743838313083,3.14285714285714,-0.687987326649805,-0.314258957563478,-0.361612010825991,3,-0.718934270789481,-0.517961229439315,-0.246252183024619,3,1.15873938614775,0.709656462987391,0.490066500470339,1.25,-1.19998286985605,-0.652396927195811,-0.294064227814672
"12",12,"male","white","yr5+","STEM","math03","Visual",4.25,1.48124945060875,1.14638909745807,1.29862265098053,2,0.0551767188317152,0.195635959391334,-0.0518675876087003,4,-0.274488274089816,-0.781164656797273,-1.5998255120248,5,5.14404030313939,3.25008804515714,1.55143250842355,2.5,-0.86593380838285,-0.518517932299454,-0.408654422498876,3.42857142857143,0.443220102111108,0.166277288035186,0.195981850271115,4.57142857142857,2.26573140601701,1.4308337626119,0.724912204504838,3,-1.08348238842137,-0.939279889361728,-0.365224644940613,1.57142857142857,-2.88178149906727,-1.46123829838704,-1.03199392595905,3.57142857142857,0.34310617655042,0.366307999603422,0.104933628782924,3.71428571428571,0.895168596086731,0.578251220099614,0.309493303358778,2,-0.831435085337812,-0.59098647132696,-0.345969846195772,1.5,-0.618339572157551,-0.253792567892485,-0.0988048996164647
"13",13,"female","white","yr2","Health","stats","Kinesthetic",2.75,-1.23515907732962,-1.01420776520186,-1.00550365853425,3,2.10571645127439,0.938710918553784,0.640063746053992,3.33333333333333,1.49296498304452,1.03438105309787,1.25922788955197,3.5,0.758980363810645,0.520085880358722,0.27801911872535,2.66666666666667,-0.476313717384357,-0.468369510390108,-0.21042366464235,3.85714285714286,1.32221498248241,0.700807562261768,0.52830222875229,4.28571428571429,1.49816992025571,0.947434344459522,0.489940334540644,2.71428571428571,-1.9873336005465,-1.24704322543092,-0.736352768677825,3.28571428571429,0.697878473234192,0.226817038198103,0.227063120269964,2.57142857142857,-1.85572186027328,-1.28907756527973,-0.784835424535929,3.57142857142857,0.57668041481128,0.304461265572045,0.145128044352602,2.66666666666667,0.46577673295805,0.323770909116089,0.166121804740984,1,-1.67277738826583,-0.843783682502592,-0.351623884594771
"14",14,"female","white","yr5+","STEM","other","Kinesthetic",4,0.958769288281112,0.626638450276295,0.61986647507212,1.4,-1.20859695398588,-0.795890867882608,-0.289069569571534,3.33333333333333,1.49296498304452,1.03438105309787,1.25922788955197,2.3,-2.73777961838366,-2.01450703889972,-0.897313627564145,2,-1.70645905684946,-1.34532538811315,-0.767204442969211,2.57142857142857,-1.3184003338916,-0.83638901204339,-0.446595005342196,3.14285714285714,-1.05228761156496,-0.450131476419777,-0.341604710426059,3.57142857142857,0.402839449452574,0.0764970936604096,0.226380036617539,2.57142857142857,-0.74632599220036,-0.237287407507452,-0.500166717124529,4,1.63892880386116,0.805447509763818,0.762668588742584,2.57142857142857,-1.64561253306572,-1.15921537621046,-0.850384268224306,1.66666666666667,-1.52675476185042,-1.16280546176952,-0.655911503498139,1.5,-0.727188351446263,-0.461010171889029,-0.236504571034574
"15",15,"male","white","yr1","STEM","math04","Visual",2.75,-1.23515907732962,-1.01420776520186,-1.00550365853425,1.8,-0.362229846872887,-0.292126811518949,-0.071658911395282,4,1.60483959166714,0.746636403969175,1.15103832237083,3.2,-0.131866759178557,0.06688946282289,-0.125311733080967,3.33333333333333,0.737974423219005,0.497597071256458,0.336610208689272,4,1.5813740292202,1.01056912626353,0.535115335039731,4,0.961128749797922,0.579150813595371,0.319889901149502,4.14285714285714,1.73221256684941,1.28056690365279,0.606629399823481,3.14285714285714,0.440717931180602,0.210667094183922,0.123245836322056,4.14285714285714,1.89005956601371,0.969111221000486,0.805895945746199,3.42857142857143,0.256676408597174,0.169002202335389,0.154451452161944,4,3.15362790427913,2.38216627044426,1.29809677028247,2.25,0.899506617036739,0.00805181803850661,0.0259257529363538
"16",16,"female","white","yr1","Other","math02","Kinesthetic",4.75,2.2289954896576,1.5956607483922,1.46500415106062,2.8,1.64483784474841,0.752215544734097,0.50716811181221,2.33333333333333,-2.8893403236797,-1.53685520279929,-1.8703367662716,4.2,2.66733611437743,1.76595491091742,0.711743348126542,1.66666666666667,-2.40138911184824,-1.61950986997258,-1.09002796792357,2.42857142857143,-1.76096172559975,-1.14541212764444,-0.59585620291929,3.28571428571429,-0.827232092638367,-0.578923158242573,-0.296762841540123,4.14285714285714,1.59632082719024,1.14893009716604,0.517286753677061,2.42857142857143,-0.928076957339016,-0.360777675551758,-0.333183805460575,3.14285714285714,-0.580381527840179,-0.375119499776377,-0.273302091295814,3.71428571428571,0.848055607498348,0.719769585689884,0.336630001498298,1,-2.82396658014628,-2.07756284221257,-1.1680031544349,1,-1.67277738826583,-0.843783682502592,-0.351623884594771
"17",17,"female","white","yr1","Other","math01","Auditory",3.25,-0.376183319822538,-0.520292480556882,-0.473622836414497,1,-1.95968575222524,-1.12354304995711,-0.506476490509507,3,1.90219487711818,1.41530392380907,1.03517375814314,3,-0.693766893567773,-0.318577880021777,-0.257441991975146,5,3.98620410056276,2.58234944044327,1.82061697304004,5,3.9261456704954,2.35256263097091,1.45105146459158,5,3.31367547972593,1.91915665923684,1.0979722632391,5,3.73679657201665,2.30646665724278,1.25687647338945,3,0.198764881314983,0.110002156595873,0.0634153015406642,5,3.63061219171766,2.33893933302049,1.38525280960426,5,3.7350316100817,2.22691801750131,1.37973577599676,4,3.15362790427913,2.38216627044426,1.29809677028247,1.75,-0.25439383303648,-0.269623416582248,-0.178944914254476
"18",18,"female","Black","yr2","Health","stats","Kinesthetic",3,-0.796559651078032,-0.611663307017521,-0.67396127299609,2,0.0487263243095094,0.112007283189064,0.0713719929013508,4.33333333333333,0.265275300823567,-0.10838755903571,1.93139028377844,3.5,0.865387830685935,0.49878886865999,0.335225117093853,4,2.04056580364651,1.35000068377775,0.931188896795814,3.85714285714286,1.2758774494595,0.824629446981599,0.44304253702409,3.85714285714286,0.54008689067775,0.318810347534338,0.16907798349487,3.85714285714286,0.880368578293373,0.58474495833052,0.278829779171184,3.71428571428571,1.80776908783672,0.868635172676769,0.620654915940681,3.57142857142857,0.308126801894332,0.215031716596172,0.0780931155659132,3.85714285714286,1.20803689898464,0.715992009378754,0.446019997226956,2.33333333333333,-0.182829176189881,-0.133607781105436,-0.089924020727394,3,2.81176885343061,1.98937901152019,0.80274124037061
"19",19,"male","Asian","yr1","Other","math02","Kinesthetic",4.75,2.14511475358154,1.47845455939476,1.11779036069037,2,0.0479213871912827,0.424609321670877,-0.0296362306674519,3.33333333333333,0.553301050166047,0.270480522714647,-0.116204027645849,1.7,-4.42448593514253,-2.78221198124409,-1.34383829373365,2.33333333333333,-1.20259435634363,-0.683143768754228,-0.539566535195977,2.71428571428571,-1.30861139898328,-0.758872011390491,-0.529917651355941,3.71428571428571,0.265081270780786,-0.233801027670367,0.153505061926385,3,-1.1077236169891,-0.775833555391291,-0.31398164486741,2.14285714285714,-1.4806077905423,-1.05433127797553,-0.339906808896034,1.85714285714286,-3.54839998238271,-2.01296019559624,-1.3328762504036,2.14285714285714,-2.60578422977584,-1.38447546810352,-0.927801938646359,1.66666666666667,-1.48004099448574,-1.04836516154848,-0.602015671664151,1,-1.67277738826583,-0.843783682502592,-0.351623884594771
"20",20,"female","white","yr3","Business","math03","Visual",4.5,1.85512247013317,1.37102492292513,1.38181340102057,1.8,-0.348554095220857,0.0988148906971088,-0.0938836227952359,3.33333333333333,-0.386362882712429,-0.493420007668577,-1.49163594484367,2.8,-1.38468280815687,-0.793935313300481,-0.619457872296726,1.5,-2.7724132463045,-1.74598852673745,-1.26301773431843,2.57142857142857,-1.46233866492123,-0.977146251777568,-0.518041765691359,3,-1.50059720097181,-0.709083215552103,-0.530880796847334,3,-1.3147397659501,-0.757763473518103,-0.476498773567713,2.28571428571429,-1.25744682215145,-0.684202047143511,-0.411117740558846,2.71428571428571,-1.70180502577395,-0.988709282118116,-0.719564323052259,3.28571428571429,-0.0912414967891365,0.318241642697834,0.121322291604881,3,1.16109640947066,0.89558989955865,0.476063462043351,2.75,2.27579769834927,0.9599290026453,0.599019757566195
"21",21,"male","white","yr2","Business","math03","Auditory",2.75,-1.17043267060245,-0.836299132484584,-0.757152023036131,1.2,-1.5632102698131,-0.797748618983346,-0.442229098381723,3.33333333333333,0.553301050166047,0.270480522714647,-0.116204027645849,4,2.34167630682839,1.42566372378252,0.735853741115343,2.33333333333333,-1.11529527887076,-0.859619581684144,-0.500329191648194,3.28571428571429,0.382867645024426,0.0407006284575643,0.273076723947858,3.42857142857143,-0.365589477164409,-0.352143085442729,-0.0296400115545275,3.57142857142857,0.34983283153303,0.151550168206213,0.174408369398234,2.71428571428571,-0.442525577303401,-0.277846638298607,-0.201008233706992,3.42857142857143,0.304100267327405,-0.0804425938957743,0.246341122605795,2.28571428571429,-2.26712397922408,-1.54153809230489,-0.873639110417796,2.33333333333333,-0.140829455471021,-0.391034354026917,-0.00802211203943033,1.25,-1.19998286985605,-0.652396927195811,-0.294064227814672
"22",22,"male","other","yr2","Health","stats","Auditory",3.75,0.501015532680634,0.284796435811794,0.189461934661829,1.8,-0.342643148493877,-0.321366448475565,-0.11513643993985,2.33333333333333,-1.95900592690978,-1.0627541105056,-2.42663459627038,3.7,1.53674195774359,0.818809372535756,0.522382206284792,3,0.135481728053044,0.0461109295722981,0.0688658196334342,2.85714285714286,-0.988839728593561,-0.439234603266407,-0.414150379231765,2.71428571428571,-2.14850910886171,-1.25236324944865,-0.725087191688073,2.85714285714286,-1.53248283411817,-1.11287402862424,-0.510663544676758,2,-2.09590959653269,-0.883627250614858,-0.887098114013106,2.71428571428571,-1.56230659699795,-1.0596593391605,-0.59639887853894,3,-0.659280236854207,-0.566546458982377,-0.247623183373375,3,1.16109640947066,0.89558989955865,0.476063462043351,1.5,-0.727188351446263,-0.461010171889029,-0.236504571034574
"23",23,"male","white","yr5+","STEM","other","Visual",2.25,-1.95372234506677,-1.20114811656537,-0.861242431582931,1.2,-1.58414135310556,-0.959716958919861,-0.39777303004052,4,1.60483959166714,0.746636403969175,1.15103832237083,3.6,1.19178925748891,0.744261764688585,0.428351002224455,1.33333333333333,-3.15330217061349,-1.96710044207457,-1.44224594379919,3.57142857142857,0.798502847556309,0.492099334148898,0.334441030423494,2.57142857142857,-2.52945441091774,-1.24762284972355,-0.849366870961324,3,-1.14040720754808,-0.830258774308503,-0.370319635385836,2.85714285714286,-0.103813405000879,-0.0301336064329162,-0.179531283748056,2.71428571428571,-1.59458633474869,-1.07539833957656,-0.672416078393932,1.57142857142857,-3.86369484239798,-2.22100567447219,-1.35425504797296,3,1.16109640947066,0.89558989955865,0.476063462043351,1.75,-0.150238126409654,-0.322172554578652,-0.134069237439159
"24",24,"female","white","yr3","STEM","stats","Kinesthetic",3.75,0.408940143571292,0.179450358381106,-0.0771752325057164,2,0.0234965969536891,0.192827066429912,-0.0842313063017839,4,0.674505194897219,0.272535311675484,1.70733615236962,4.1,2.49597636727441,1.55327602152812,0.703407203047523,2.33333333333333,-1.14591594533446,-0.745879089121584,-0.518605287652401,3,-0.601739531069879,-0.231944883410806,-0.240900002949764,3.14285714285714,-1.16476040510028,-0.75738734666053,-0.389555631964907,3.14285714285714,-0.779738552073055,-0.621650876031362,-0.253465829346842,3.14285714285714,0.491347263716764,0.278676488509067,0.142911009350191,2.85714285714286,-1.23317575883336,-0.768869795151964,-0.468839515528487,3.28571428571429,-0.0736245046598339,0.0721750014546072,0.00738563883817701,2.66666666666667,0.51013347699982,0.252277772765867,0.23402067500196,1.25,-1.19998286985605,-0.652396927195811,-0.294064227814672
"25",25,"female","white","yr1","Health","stats","Kinesthetic",1.25,-3.62517054834986,-2.32224368486175,-1.80785638928089,1.4,-1.16592985028273,-0.784556226491391,-0.276973482685136,3.66666666666667,1.08373508897087,0.653458182386678,1.48328202096079,3.3,0.18710615213858,0.0749074260540909,0.138937829278712,4,2.04056580364651,1.35000068377775,0.931188896795814,4,1.63391339847463,1.02262885178259,0.58581841920635,4,0.905693381081866,0.491652562079174,0.307811920424704,4,1.27073976996902,0.811911841495528,0.423306640922497,3.71428571428571,1.92754332416102,0.959603471678066,0.760721903241409,4,1.31935165331434,0.888150089808624,0.484193885042945,4,1.51975203523827,0.951256870139627,0.58237636020327,2.33333333333333,-0.182829176189881,-0.133607781105436,-0.089924020727394,2.25,1.17568773962384,1.00078353760676,0.354662927194096
"26",26,"male","white","yr2","Other","math02","Kinesthetic",4.75,2.14511475358154,1.47845455939476,1.11779036069037,2.8,1.73796683159037,1.04972148061193,0.407142165278321,2.33333333333333,-1.95900592690978,-1.0627541105056,-2.42663459627038,2.1,-3.32029057849255,-2.18685782980692,-1.04317157747161,3.83333333333333,1.73195504238443,1.08164519446565,0.796408695365621,4,1.63391339847463,1.02262885178259,0.58581841920635,4,0.905693381081866,0.491652562079174,0.307811920424704,4,1.27073976996902,0.811911841495528,0.423306640922497,3.14285714285714,0.739148912015778,0.15826229141108,0.374133020584931,4,1.31935165331434,0.888150089808624,0.484193885042945,4,1.51975203523827,0.951256870139627,0.58237636020327,4,3.15362790427913,2.38216627044426,1.29809677028247,3.25,3.420307396803,2.54724825561463,0.978257486978183
"27",27,"female","white","yr2","STEM","other","Visual",3.75,0.492820879647347,0.296656547378543,0.270038557864534,1.8,-0.351242865047762,-0.283601063089153,-0.0919265432019676,3.66666666666667,1.08373508897087,0.653458182386678,1.48328202096079,2.1,-3.35512408735507,-2.12195442984447,-1.11564346797451,1.66666666666667,-2.47366727489515,-1.5722662959976,-1.13447597597413,2.57142857142857,-1.4396365869554,-0.933739676021266,-0.519764949647641,3.28571428571429,-0.802276818717095,-0.334855269270626,-0.305541665190782,3,-1.22311636166824,-0.773764684650566,-0.44991435831746,2.85714285714286,-0.10299076484869,-0.0893330253943891,-0.173274032652656,3.14285714285714,-0.548288315195101,-0.402437548707389,-0.20275609360533,2.42857142857143,-1.94831767182663,-1.35757214151816,-0.710551440838188,2,-0.833792108660722,-0.776919907898219,-0.331966807768785,1,-1.67277738826583,-0.843783682502592,-0.351623884594771
"28",28,"male","white","yr3","STEM","other","Visual",4,0.847539569822878,0.581994816565444,0.254367153032446,1.8,-0.320907128083188,-0.472000147020863,-0.0585842847122497,2.66666666666667,-1.42857188810496,-0.679776450833573,-0.827148547663742,2.7,-1.63079453568656,-0.901402891579211,-0.557790478240489,1.83333333333333,-2.05562403943433,-1.54213987988531,-0.929089643481253,2.42857142857143,-1.77015744200283,-1.06566935188195,-0.654500702700529,2.57142857142857,-2.46855261366384,-1.61330354262147,-0.787100957581837,2.71428571428571,-1.94155107165685,-0.950537672008551,-0.687006917321746,2.71428571428571,-0.363454251203422,0.0141441778014566,-0.118364832529035,3,-0.809423840719693,-0.616116774410558,-0.315175439747326,2.85714285714286,-1.01000387350595,-0.554945698832328,-0.378046846773532,1.66666666666667,-1.48239801780865,-1.23429859811974,-0.588012633237163,1,-1.67277738826583,-0.843783682502592,-0.351623884594771
"29",29,"female","other","yr3","STEM","math01","Kinesthetic",5,2.60286850918202,1.82029657385926,1.54819490110066,4,4.12192330724479,2.44909790479536,1.09369410915816,3.66666666666667,-0.80492231289464,-1.1641423164693,-3.19931156063144,4.5,4.05526475516242,2.29829285624769,1.38010388668733,1.33333333333333,-3.16146700538076,-2.00201144980438,-1.44801094885021,1,-5.24278341758768,-2.96717248578235,-2.00988071694933,2.42857142857143,-3.0839851354654,-1.56020989820901,-1.15791133862696,1.28571428571429,-5.40268445543494,-3.1436400668905,-1.85196114932115,1,-4.17452736394631,-2.10202512948847,-1.51064126241043,1.14285714285714,-5.2908262767819,-3.25144590937984,-2.10875619198125,1.57142857142857,-3.88614120600081,-2.26105038558128,-1.33729611466192,1.33333333333333,-2.17300364767544,-1.43425071541979,-0.925960367393505,2.25,1.07153203299701,1.05333267560317,0.30978725037878
"30",30,"male","Asian","yr3","STEM","other","Visual",2,-2.46800785436112,-1.7327588753139,-1.62057523069405,1.2,-1.54012986448896,-0.757174340635513,-0.386655482950756,3.33333333333333,-0.386362882712429,-0.493420007668577,-1.49163594484367,3.6,1.25507681840985,0.753593301499282,0.478792029242879,2.16666666666667,-1.41257712294559,-1.16219473574109,-0.634240255343566,3,-0.702089218932736,-0.41988690916731,-0.293514157423504,2.71428571428571,-2.15566705398994,-1.02595262456091,-0.726742749885119,3.28571428571429,-0.410466206138067,-0.355696413081566,-0.158906717736214,1.42857142857143,-3.25607730651665,-1.79702465084765,-1.21473055285908,4.14285714285714,1.9682461671314,1.13929410311942,0.895699153917546,2.42857142857143,-1.96542074488634,-1.287546158156,-0.74150393429751,3,1.20309613018952,0.638163326637169,0.557965370731314,1,-1.67277738826583,-0.843783682502592,-0.351623884594771
"31",31,"female","white","yr2","Business","math03","Auditory",3.25,-0.338805895477554,-0.269821292553021,-0.243556732585799,1,-1.95968575222524,-1.12354304995711,-0.506476490509507,3.66666666666667,1.08373508897087,0.653458182386678,1.48328202096079,3.9,1.95097786165775,1.33138072887355,0.587358173330007,2,-1.78586754440955,-1.14252114219082,-0.820941003098046,2.14285714285714,-2.50128485613667,-1.52803809911703,-0.902119148297896,3.42857142857143,-0.425366557768368,-0.362874906953058,-0.128197573958869,2.14285714285714,-3.21799602453106,-2.02508398137978,-1.04738449504079,2.28571428571429,-1.36201356628778,-0.859685339718675,-0.507197978693057,2.71428571428571,-1.42969210114163,-1.0608819991031,-0.471473097398036,2.57142857142857,-1.62910117718584,-0.8138862972966,-0.503121038358837,2,-0.831435085337812,-0.59098647132696,-0.345969846195772,1,-1.67277738826583,-0.843783682502592,-0.351623884594771
"32",32,"male","other","yr2","STEM","stats","Kinesthetic",2.25,-2.01025409876064,-1.3909168608494,-1.19017069028376,1,-1.95968575222524,-1.12354304995711,-0.506476490509507,1.66666666666667,-1.14054613876248,-0.300908369083215,-2.87474285908803,4,2.14826633143738,1.53303235021385,0.61423508554138,3.33333333333333,0.800387796413172,0.355720238709218,0.374819773653945,4.71428571428571,3.39219172611596,1.94467247414329,1.30393533476187,4.85714285714286,2.94806898932181,1.746314444692,0.959238326309266,3.85714285714286,0.968700368515147,0.549731199315891,0.307414872868336,3.85714285714286,2.17603066686002,1.31959736878831,0.916598420057982,4.42857142857143,2.31089437805978,1.5968769284137,0.835320986552601,4.85714285714286,3.42331647382807,1.99165315674044,1.24337941302045,2,-0.831435085337812,-0.59098647132696,-0.345969846195772,2.75,2.08499538544574,0.704758679443318,0.303877333139341
"33",33,"female","other","yr1","Business","math03","Visual",3.75,0.436289125953471,0.106887803094519,-0.0588897008362933,1.6,-0.833052554866204,-0.632064776845355,-0.180366109102548,2.66666666666667,0.450755977651994,0.848024609932875,1.92371528673189,3.3,0.509857529394369,-0.0080143956352933,0.453780384098664,3.66666666666667,1.36263086301365,1.01488878854323,0.623892367005619,2.57142857142857,-1.49578923689642,-0.988320239536139,-0.536238626017507,3.85714285714286,0.67949192750707,0.160242678264511,0.233650442831629,3.57142857142857,0.3056762841409,0.115069561101521,0.0888296838493594,2.71428571428571,-0.363946052828756,-0.0974796603442943,-0.152691442068093,3,-0.719595377777965,-0.652040404489755,-0.133083341156809,3.85714285714286,1.17698054396864,0.607412505653708,0.462321634779192,1.66666666666667,-1.48004099448574,-1.04836516154848,-0.602015671664151,1,-1.67277738826583,-0.843783682502592,-0.351623884594771
"34",34,"female","white","yr1","STEM","math03","Visual",2.75,-1.0865519345264,-0.719092943487147,-0.409938232665881,1.8,-0.318218358256284,-0.0895841932346007,-0.0605413643055181,3.66666666666667,2.02339902184935,1.4173587127699,2.85871393815861,3.8,1.64725216667444,1.05172793716971,0.486740768673575,3.66666666666667,1.39575016706596,0.962767052340726,0.633275610631507,3,-0.596152781639585,-0.405394039784312,-0.21013647919467,3.57142857142857,-0.0912464962860829,0.0730853946582764,-0.0673224047174083,3.85714285714286,0.928689706960114,0.418377278604641,0.306219464044773,1.85714285714286,-2.32357010755895,-1.24272717581952,-0.893571113229021,4.42857142857143,2.42830435756274,1.60326043476884,0.957132422513818,4,1.52888436301361,0.797867745129495,0.514562552104768,3.66666666666667,2.50266497180829,1.73885414365148,1.05605398324108,1.5,-0.623032644819437,-0.513559309885433,-0.191628894219258
"35",35,"female","white","yr3","Other","stats","Kinesthetic",2.75,-1.14124989929076,-0.573967832913973,-0.446509296004727,1.4,-1.16458546536928,-0.59334824959826,-0.27795202248177,2.66666666666667,-2.36823582098343,-1.4436769812168,-2.20258046486156,2.6,-1.63685339707885,-1.10881797710886,-0.284153442854247,3,0.219380895354962,-0.249809385042512,0.107156287111491,5,3.9261456704954,2.35256263097091,1.45105146459158,5,3.31367547972593,1.91915665923684,1.0979722632391,5,3.73679657201665,2.30646665724278,1.25687647338945,4.85714285714286,4.25261368407568,2.26763698251237,1.52177951729885,4.42857142857143,2.35305206179174,1.5097634148691,0.932810337943929,5,3.7350316100817,2.22691801750131,1.37973577599676,3,1.16109640947066,0.89558989955865,0.476063462043351,1.25,-1.19998286985605,-0.652396927195811,-0.294064227814672
"36",36,"female","white","yr5+","STEM","other","Kinesthetic",3,-0.77740532172914,-0.672365750737359,-0.575099118123962,1.2,-1.53287453284852,-0.986147702915055,-0.408886839892005,4.33333333333333,1.19560969759348,0.365713533257982,1.37509245377966,3,-0.807600715003682,-0.203336937257167,-0.477769899601004,4,2.15132487516709,1.08778621436011,0.991244802523918,4.14285714285714,2.04216651942331,1.3301045612802,0.734911246561698,3.85714285714286,0.595664111854399,0.450545668085273,0.219399942365043,4.57142857142857,2.72418777590188,1.86668277025288,0.949293904882527,3.85714285714286,2.23314491653612,1.10073657719932,0.855187305694927,4.57142857142857,2.69204678836451,1.75798602836558,1.05162258194788,4.14285714285714,1.84604110112061,1.00483553810311,0.72814070570417,3.66666666666667,2.46066525108943,1.99628071657296,0.97415207455312,1.75,-0.0460824197828283,-0.374721692575056,-0.0891935606238431
"37",37,"female","white","yr1","STEM","math02","Kinesthetic",3.5,0.146296842505102,-0.000541833375106965,0.205133339493916,1.6,-0.781785734609168,-0.65849552084055,-0.191479918954032,3.33333333333333,-0.386362882712429,-0.493420007668577,-1.49163594484367,2.8,-1.2420845798239,-0.587326587410044,-0.376716161763537,4,2.14822955775344,1.10448312328513,0.998731129831876,3.71428571428571,1.09367693519455,0.886526226174268,0.42958629436967,4.85714285714286,2.97614716726402,1.74069247081888,1.00517947281431,4,1.29393206370276,0.607142371547337,0.470475707082192,2.28571428571429,-1.31038741510838,-0.798155903023232,-0.47944978994318,4.14285714285714,1.79804539134181,1.04819411216119,0.76186204626756,3.85714285714286,1.16834461883946,0.835323859958683,0.479474627966037,3.33333333333333,1.80970231861859,1.35296858978018,0.732109287511729,1.75,-0.150238126409654,-0.322172554578652,-0.134069237439159
"38",38,"female","Asian","yr1","STEM","stats","Auditory",4.5,1.79039606340601,1.19311629020786,1.13346176552245,2.2,0.474732606567996,0.562004668712935,0.06795341995005,4,-0.265158737981257,-0.491365218707741,0.331904235171801,3.7,1.54366950923329,0.922670311265889,0.531512404908995,3,0.0797011124561622,0.185867827780138,0.0292977234140425,1.71428571428571,-3.48209823662124,-2.11153485896248,-1.28735792652785,2.85714285714286,-1.89664198110345,-1.05460145977105,-0.636256505417607,3,-1.19531703207861,-0.682642974251729,-0.410263191544454,2.14285714285714,-1.77406258041491,-0.550170915888219,-0.738366926958358,2.85714285714286,-1.23317575883336,-0.768869795151964,-0.468839515528487,2.71428571428571,-1.33256295686705,-0.505618824583278,-0.37245766095328,3,1.16109640947066,0.89558989955865,0.476063462043351,2.25,1.14879249394994,0.841518652815653,0.374406008784731
"39",39,"female","white","yr1","Other","math02","Kinesthetic",3.25,-0.311456913095375,-0.342383847839607,-0.225271200916375,2.2,0.508799993717262,0.611104695490564,0.103259403574331,3,-0.907467385408693,-0.586598229251075,-1.1593922462537,3,-0.693766893567773,-0.318577880021777,-0.257441991975146,2,-1.76004215044498,-1.29928697667081,-0.795652017820745,3,-0.658318873546137,-0.307304927405721,-0.279414626178877,3.85714285714286,0.587341392870125,0.357480588432736,0.197265780073297,2.85714285714286,-1.55397069295747,-0.85265618752532,-0.561965563296843,3,0.198764881314983,0.110002156595873,0.0634153015406642,2.71428571428571,-1.56919052991763,-0.989931942060716,-0.594638541911354,3.42857142857143,0.279806551947069,0.336580683775473,0.109970587687982,1.66666666666667,-1.48239801780865,-1.23429859811974,-0.588012633237163,1,-1.67277738826583,-0.843783682502592,-0.351623884594771
"40",40,"male","white","yr1","STEM","math03","Kinesthetic",2,-2.44885352501223,-1.79346131903374,-1.52171307582192,1,-1.95968575222524,-1.12354304995711,-0.506476490509507,3.33333333333333,2.432628915923,1.7982815834811,2.63465980674978,4,2.22513670478581,1.46575508256768,0.646995258224203,2,-1.79006613708363,-1.26386214939332,-0.812521588754591,2.85714285714286,-0.787363900728391,-0.569358068057368,-0.286896996463858,4.14285714285714,1.21836646701584,0.799531597689784,0.393412479910503,3.42857142857143,-0.141420954944903,-0.131087303671962,-0.068637326947473,2.28571428571429,-1.28190430863308,-0.290856300839359,-0.414275542080387,3.42857142857143,0.253822582840461,-0.0726788452547544,0.179667562114535,4.14285714285714,1.83077497445225,1.10487122031453,0.669836611973786,3,1.16109640947066,0.89558989955865,0.476063462043351,1.75,-0.150238126409654,-0.322172554578652,-0.134069237439159
"41",41,"male","white","yr1","STEM","math03","Visual",2,-2.47620250739441,-1.72089876374715,-1.53999860749134,1.6,-0.737774245992565,-0.455952902556202,-0.180362371864268,4,2.54450352454561,1.5105369343524,2.52647023956865,4.6,4.05845027216758,2.41749618494358,1.2992994521874,3.16666666666667,0.504737142417481,0.165301099044354,0.238791688001681,3.71428571428571,1.39558313359169,0.536675645681626,0.653126434179868,4.42857142857143,1.92069082222634,1.15507124759699,0.617462229526715,4,1.36244162764779,0.591334055196113,0.481990937905155,3,0.380822018086289,0.23921297175083,0.215357353086392,3.85714285714286,1.29011583902201,0.550266431147912,0.580135557764757,4.42857142857143,2.45268642669015,1.45556723924618,0.968623348770908,3,1.20309613018952,0.638163326637169,0.557965370731314,1.25,-1.19998286985605,-0.652396927195811,-0.294064227814672
"42",42,"male","white","yr1","STEM","math03","Visual",4,0.874888552205057,0.509432261278857,0.27265268470187,1.2,-1.53287453284852,-0.986147702915055,-0.408886839892005,4,-0.265158737981257,-0.491365218707741,0.331904235171801,4.6,3.86326519012017,2.59303264508249,1.08430704001697,3,0.18212747129398,-0.133948958140552,0.0902387223620017,2.85714285714286,-0.69321604909706,-0.517297652539758,-0.199726234428537,3.42857142857143,-0.504107488882574,-0.138427060784957,-0.234244138225669,3.14285714285714,-0.804755599020874,-0.548895255739152,-0.256506902713444,2.42857142857143,-1.19755090905714,-0.712747924710419,-0.503229257323182,3.85714285714286,1.1308755758566,0.766635932663,0.4442450807216,1.85714285714286,-3.24215746252362,-2.1351291052987,-1.34881049472511,1.66666666666667,-1.48004099448574,-1.04836516154848,-0.602015671664151,1,-1.67277738826583,-0.843783682502592,-0.351623884594771
"43",43,"female","white","yr1","STEM","math02","Visual",4.25,1.33264230780553,0.851274275743358,0.703057225112161,3,2.09258014741758,1.05157923171267,0.560301694088509,2.33333333333333,-1.95900592690978,-1.0627541105056,-2.42663459627038,3.1,-0.343163280928412,-0.47312847803334,-0.142456136956943,1.33333333333333,-3.15330217061349,-1.96710044207457,-1.44224594379919,2.28571428571429,-2.39948187265193,-1.01249281763661,-1.03001824944577,3.57142857142857,-0.0822551821068751,0.117680158331662,-0.0759552428326305,3.28571428571429,-0.543376891438872,-0.45146698553897,-0.219534429076527,1.28571428571429,-3.48269988598819,-1.87928635327306,-1.21092451664028,2.85714285714286,-1.09068331699581,-0.872944969055221,-0.322441582851247,3,-0.666388924421451,-0.264684661832324,-0.1801261586623,1.33333333333333,-2.17536067099835,-1.62018415199105,-0.911957328966517,1.25,-1.19998286985605,-0.652396927195811,-0.294064227814672
"44",44,"female","white","yr3","Other","other","Visual",3.25,-0.338805895477554,-0.269821292553021,-0.243556732585799,1,-1.95968575222524,-1.12354304995711,-0.506476490509507,3,1.90219487711818,1.41530392380907,1.03517375814314,2.8,-1.13000758096416,-0.868872699225531,-0.243801443710511,3.66666666666667,1.42334428112234,0.813289705153543,0.661628493935429,3.28571428571429,0.032644783841537,-0.0437818422848712,0.00250288392223676,3.28571428571429,-0.818330238946339,-0.628837346887212,-0.233068345108452,3.57142857142857,0.343244135669233,0.132798288537108,0.161854498113205,2.85714285714286,-0.280374180493524,-0.176853684844926,-0.245706388693316,3.57142857142857,0.308126801894332,0.215031716596172,0.0780931155659132,3.42857142857143,0.231398380012916,0.287764957934834,0.0919261715755322,3,1.16109640947066,0.89558989955865,0.476063462043351,1,-1.67277738826583,-0.843783682502592,-0.351623884594771
"45",45,"female","white","yr1","STEM","math02","Visual",4.25,1.24876157172948,0.734068086745921,0.355843434741911,1.8,-0.326818074810168,-0.0518188078481891,-0.0373314675676355,2.66666666666667,-0.498237491335041,-0.205675358539881,-1.38344637766253,3,-0.693766893567773,-0.318577880021777,-0.257441991975146,4,2.04056580364651,1.35000068377775,0.931188896795814,4,1.63391339847463,1.02262885178259,0.58581841920635,4,0.905693381081866,0.491652562079174,0.307811920424704,4,1.27073976996902,0.811911841495528,0.423306640922497,3.57142857142857,1.50766385674029,0.709992803898462,0.611956460087631,3.85714285714286,0.980543451847226,0.682984525659218,0.370852843203499,4,1.51975203523827,0.951256870139627,0.58237636020327,2,-0.831435085337812,-0.59098647132696,-0.345969846195772,2,0.567149196251447,0.442914293512327,0.179146680586523
"46",46,"female","white","yr5+","STEM","other","Kinesthetic",2.25,-2.03760308114282,-1.31835430556281,-1.20845622195318,1,-1.95968575222524,-1.12354304995711,-0.506476490509507,3.66666666666667,2.01406948574079,1.12755927468037,0.926984190962007,4.2,2.90571118637351,1.6261411996186,0.979335694674567,3.66666666666667,1.49437816172608,0.752071574665965,0.673382091914111,5,3.9261456704954,2.35256263097091,1.45105146459158,5,3.31367547972593,1.91915665923684,1.0979722632391,5,3.73679657201665,2.30646665724278,1.25687647338945,3.71428571428571,1.50353414112393,0.369392183961716,0.295607038232384,5,3.63061219171766,2.33893933302049,1.38525280960426,3.28571428571429,-0.0372548716262618,-0.360264400769012,-0.369257487405911,3,1.16109640947066,0.89558989955865,0.476063462043351,1.75,-0.150238126409654,-0.322172554578652,-0.134069237439159
"47",47,"female","white","yr2","STEM","math04","Visual",2.5,-1.6637300616184,-1.09371848009575,-1.12526547191314,1,-1.95968575222524,-1.12354304995711,-0.506476490509507,3.66666666666667,2.01406948574079,1.12755927468037,0.926984190962007,4.6,3.89064550944511,2.56228249042156,1.08246347568428,2.66666666666667,-0.460919445194761,-0.51389410228477,-0.204610665775686,2.71428571428571,-1.08924719980251,-0.712776909343488,-0.413199202276251,4.28571428571429,1.60239286802553,0.874347002249478,0.518197096604443,4,1.36406760914532,0.851359001513794,0.44575810371236,2.42857142857143,-1.11277306503883,-0.261320381261585,-0.546273501354915,4,1.65984699837102,0.918916206374549,0.788586802437476,2.14285714285714,-2.57999527745268,-1.93744347546504,-1.157780460257,4,3.15362790427913,2.38216627044426,1.29809677028247,1,-1.67277738826583,-0.843783682502592,-0.351623884594771
"48",48,"female","Asian","yr1","STEM","stats","Kinesthetic",2.25,-1.88899593833961,-1.0232394838481,-0.612890796084809,1.8,-0.326818074810168,-0.0518188078481891,-0.0373314675676355,3.33333333333333,-0.386362882712429,-0.493420007668577,-1.49163594484367,4.4,3.72861056960277,1.96706845600154,1.24495644241042,2.16666666666667,-1.55336018110482,-0.864555439045962,-0.711165732005516,2,-2.95055114556691,-1.63723870659404,-1.1446476715641,2.42857142857143,-2.89756286556777,-1.64300013685035,-0.947045411171922,2.14285714285714,-3.29411648278743,-1.94983801205274,-1.11442534668738,3,0.262413423824459,0.150470324529079,0.09805016921279,3,-1.03386598614226,-0.492754173960179,-0.47866391820236,2.28571428571429,-2.28890407950326,-1.20348614590708,-0.789973776955315,2.33333333333333,-0.182829176189881,-0.133607781105436,-0.089924020727394,1.5,-0.623032644819437,-0.513559309885433,-0.191628894219258
"49",49,"female","white","yr2","Business","math03","Auditory",4.25,1.35179663715443,0.79057183202352,0.80191937998429,2,0.0479213871912827,0.424609321670877,-0.0296362306674519,4,-0.255829201872698,-0.201565780618209,2.2636339823684,2.9,-0.824492467497484,-0.767749701681154,-0.139619062354465,3,0.196195146161737,-0.155488153817389,0.106601946563244,3.57142857142857,0.813369278745559,0.42539312991529,0.384820353185985,3.85714285714286,0.533597540744454,0.496750656442922,0.136655424890856,3,-1.21672643752099,-0.627001708319761,-0.429465328432134,3.14285714285714,0.428972050073331,0.00731455935118545,0.146663982599551,3,-1.12433685583965,-0.51835944411357,-0.53631961849477,4.42857142857143,2.45600607702517,1.41716526157751,0.921028705387977,1.33333333333333,-2.17300364767544,-1.43425071541979,-0.925960367393505,2,0.594044441925341,0.602179178303436,0.159403598995888
"50",50,"female","Black","yr5+","STEM","other","Kinesthetic",1.75,-2.86922985626772,-1.88483214549438,-1.72205151240351,1.8,-0.252440874718383,-0.57396166178888,-0.116117888039499,4,0.674505194897219,0.272535311675484,1.70733615236962,4,2.22513670478581,1.46575508256768,0.646995258224203,3,0.135481728053044,0.0461109295722981,0.0688658196334342,3.71428571428571,1.09995945409519,0.614738694954977,0.43870228937664,4.14285714285714,1.21755601936031,0.803764844634197,0.385935502172097,4.14285714285714,1.65661571377395,0.854344954828029,0.55248094740779,3.85714285714286,1.99791178949656,1.36530389016857,0.606804399278091,3.57142857142857,0.410145739938271,0.185964339901966,0.191319004182933,4,1.51975203523827,0.951256870139627,0.58237636020327,2.33333333333333,-0.180472152866971,0.0523256554658236,-0.103927059154382,1.5,-0.623032644819437,-0.513559309885433,-0.191628894219258
"51",51,"male","white","yr1","STEM","math03","Kinesthetic",4.5,1.77124173405712,1.2538187339277,1.03459961065032,2.4,0.909604094703369,0.157824614993638,0.244319937195106,2.33333333333333,-1.94967639080122,-0.772954672416071,-0.494904849073781,3.9,1.84330784305952,1.22412556578461,0.434408458475858,1.66666666666667,-2.42664817389058,-1.66861853665018,-1.10207940987612,1.42857142857143,-4.18268861666103,-2.26490910618568,-1.58785049944655,3.14285714285714,-1.11662483397305,-0.487715539291336,-0.417377187582529,1.42857142857143,-5.10823314419532,-3.21321683908724,-1.75726641668641,1.85714285714286,-2.58229499681305,-1.38486493251575,-1.09511772709087,2.14285714285714,-2.88890834357551,-1.73199434666751,-1.14457036496302,2,-2.92126546487638,-1.91089125018495,-1.2096808652112,2,-0.831435085337812,-0.59098647132696,-0.345969846195772,1,-1.67277738826583,-0.843783682502592,-0.351623884594771
"52",52,"male","Black","yr2","Health","stats","Kinesthetic",1.5,-3.28048030013713,-2.3599391589653,-2.03530836627225,1.2,-1.58414135310556,-0.959716958919861,-0.39777303004052,3.66666666666667,1.08373508897087,0.653458182386678,1.48328202096079,5,5.14404030313939,3.25008804515714,1.55143250842355,1,-3.79634908710223,-2.34704558621879,-1.73709533193687,1.71428571428571,-3.48407839741111,-2.02434938294161,-1.26972285453457,2.14285714285714,-3.54364140440669,-1.91527478218578,-1.15154020232493,3.28571428571429,-0.360440642576882,-0.466615721656716,-0.135649985323016,2.42857142857143,-1.00073696881172,-0.496357760866126,-0.339431046437023,2.28571428571429,-2.517633879252,-1.46803273275497,-0.949740921104069,2,-2.92532184586931,-2.09650190246526,-1.28156940767017,1.33333333333333,-2.13100392695658,-1.69167728834127,-0.844058458705541,1,-1.67277738826583,-0.843783682502592,-0.351623884594771
"53",53,"female","white","yr2","Other","math01","Kinesthetic",3.75,0.473666550298455,0.357358991098381,0.171176402992405,1.8,-0.319562743169736,-0.280792170127732,-0.0595628245088839,2.66666666666667,0.441426441543435,0.558225171843343,-0.00801446046471216,3.5,0.80462505172208,0.625972198852854,0.28606177540712,2.83333333333333,-0.240238565993185,-0.0482679967871217,-0.106351615750971,2,-2.87429166525117,-1.76139685791439,-1.04694197584057,2,-3.86449535686435,-2.27198182841418,-1.2210309459571,3,-1.2225393150047,-0.555062874310638,-0.387735126277358,2.14285714285714,-1.62724308696541,-1.03101770523147,-0.516170436580144,2.14285714285714,-2.97956573837857,-1.80065666616797,-1.20769726741994,3.14285714285714,-0.383767869733263,0.0532227029018138,-0.00803961797780904,2.33333333333333,-0.182829176189881,-0.133607781105436,-0.089924020727394,1.25,-1.19998286985605,-0.652396927195811,-0.294064227814672
"54",54,"female","white","yr2","STEM","stats","Auditory",2.5,-1.59900365489124,-0.915809847378474,-0.876913836415019,1.4,-1.1146630300257,-0.810986970486585,-0.28808729253662,4.33333333333333,1.19560969759348,0.365713533257982,1.37509245377966,2.6,-1.89131356550721,-1.10474057684427,-0.656828670543338,4.83333333333333,3.66059822493476,2.37492136450625,1.67030977644569,4.85714285714286,3.68642846332783,2.11105467730619,1.39402740576339,5,3.31367547972593,1.91915665923684,1.0979722632391,5,3.73679657201665,2.30646665724278,1.25687647338945,3.14285714285714,0.770540609126169,0.826521972378298,0.446102513492248,5,3.63061219171766,2.33893933302049,1.38525280960426,4.71428571428571,3.10367512590833,1.81538727369461,1.07884382312241,3,1.16109640947066,0.89558989955865,0.476063462043351,3.5,3.85682052421512,2.0598366421444,0.86991223614333
"55",55,"female","white","yr1","STEM","math02","Kinesthetic",3.25,-0.311456913095375,-0.342383847839607,-0.225271200916375,2.4,0.87419232264065,-0.082483388677122,0.20999249336746,3,-0.907467385408693,-0.586598229251075,-1.1593922462537,3.5,0.842748530320388,0.457371369380415,0.30337499595582,1.33333333333333,-3.10141903210345,-2.07286110435935,-1.41427180698252,1,-5.24278341758768,-2.96717248578235,-2.00988071694933,4.28571428571429,1.6215691922757,0.918639217020996,0.500443746677822,3.14285714285714,-0.705805123742965,-0.487967765077577,-0.285065069158055,1.71428571428571,-2.52946287395057,-0.792533927870836,-1.0173988357475,2.85714285714286,-1.01104614253178,-1.00194116294799,-0.21501267556362,2,-2.93713457785087,-1.91953914881847,-1.26426996198776,1,-2.82396658014628,-2.07756284221257,-1.1680031544349,1.25,-1.06423884489344,-0.285914438408157,-0.176107637987198
"56",56,"male","white","yr1","STEM","other","Visual",2,-2.41967075370053,-1.53113001946313,-1.21107034879052,1.2,-1.54147424940241,-0.948382317528644,-0.385676943154122,4,2.54450352454561,1.5105369343524,2.52647023956865,3.8,1.81782835236135,1.05704466496002,0.591149489803191,2.83333333333333,-0.141778449248549,-0.281654783235119,-0.0595950361974897,3.28571428571429,0.0505331551571324,0.132436724553092,-0.00803204976598053,3,-1.44456385834016,-0.905290093430268,-0.486083486595048,4,1.33235007834853,0.794205331622378,0.452983613713436,2.28571428571429,-1.37609081372461,-0.265212710361334,-0.55653372991922,3.42857142857143,0.0847640814086714,0.136732191140907,-0.0199437019024935,4.14285714285714,1.83658765189258,0.989884072973067,0.649617447258215,2.66666666666667,0.51013347699982,0.252277772765867,0.23402067500196,1.25,-1.09582716322922,-0.704946065192215,-0.249188550999356
"57",57,"female","other","yr3","Other","math01","Visual",4,1.01530104197499,0.816407194560318,0.948794733772948,3.8,3.79764572838215,2.25884106976292,0.973876838837694,3,-1.84713131828717,-1.3504987596343,-2.53482416345152,3,-0.729669693527231,-0.36726172343274,-0.282933789659959,3,0.0949275067302644,0.11765192711224,0.0417608205515849,3,-0.658318873546137,-0.307304927405721,-0.279414626178877,3,-1.5022887175622,-0.935851535078486,-0.482348422389692,3,-1.19531703207861,-0.682642974251729,-0.410263191544454,3,0.198764881314983,0.110002156595873,0.0634153015406642,3,-0.991908885088992,-0.562639153403243,-0.416865039518374,3,-0.695527539605158,-0.324404277222061,-0.214983055590222,2,-0.831435085337812,-0.59098647132696,-0.345969846195772,2,0.567149196251447,0.442914293512327,0.179146680586523
"58",58,"female","white","yr3","STEM","math04","Kinesthetic",4.25,1.41652304388159,0.968480464740795,1.05027101548241,1.4,-1.16592985028273,-0.784556226491391,-0.276973482685136,3,0.962530944239699,0.651403393425841,-0.340258159054674,4.4,3.52567696208884,2.01951039019379,1.08304268991389,2.33333333333333,-1.14452058300628,-0.822298248889047,-0.526565052995222,3.71428571428571,1.10193961488506,0.527553218934106,0.42106721738336,4.28571428571429,1.69153128295063,0.929068489629457,0.589880797270763,3.71428571428571,0.571200877559999,0.117624517695146,0.210185434211589,2.42857142857143,-0.846179335265041,-0.651198871603539,-0.184010023675973,3.28571428571429,-0.047506127894585,-0.319727089752334,0.0762660761713883,2.85714285714286,-1.02355823734518,-0.897869935605673,-0.599045722314551,2.66666666666667,0.46813375628096,0.509704345687348,0.152118766313997,1.75,-0.150238126409654,-0.322172554578652,-0.134069237439159
"59",59,"female","white","yr2","STEM","other","Auditory",1.5,-3.24310287579215,-2.10946797096144,-1.80524226244356,1,-1.95968575222524,-1.12354304995711,-0.506476490509507,3.33333333333333,0.553301050166047,0.270480522714647,-0.116204027645849,5,5.14404030313939,3.25008804515714,1.55143250842355,2.66666666666667,-0.50286902884572,-0.365933944977365,-0.223755899514714,2.42857142857143,-1.72622676230503,-1.12308524106095,-0.573646885838297,2.42857142857143,-2.91857893745993,-1.38799084903403,-1.05682703964408,3.28571428571429,-0.405780716885264,-0.26438180790149,-0.134324735390497,2.57142857142857,-0.833466296924378,-0.68446064510613,-0.487965292241664,4.14285714285714,1.94837751535118,1.13184551916497,0.835254283785662,3.28571428571429,-0.0804866169181917,-0.251074331038092,-0.161797406463883,1.66666666666667,-1.48239801780865,-1.23429859811974,-0.588012633237163,1.5,-0.623032644819437,-0.513559309885433,-0.191628894219258
"60",60,"male","other","yr2","STEM","math02","Visual",3.75,0.706154429177726,0.76968000181053,1.11395561923103,2.4,0.986338585555786,0.218259283162484,0.291722007705785,3.66666666666667,-0.786263240677522,-0.584543440290239,0.664147933761763,2.9,-0.99693868515791,-0.554386628274763,-0.372481034179141,3.83333333333333,1.66954166919026,1.22352202701289,0.758199130400948,3.57142857142857,0.594540514723941,0.450957523963094,0.179700089740565,3.85714285714286,0.587341392870125,0.357480588432736,0.197265780073297,3.57142857142857,0.220952135424564,0.132968965755909,0.0440835266311306,2,-1.96229351008289,-0.879399596966974,-0.725804180972987,3.85714285714286,0.980543451847226,0.682984525659218,0.370852843203499,3.57142857142857,0.545749386854491,0.35709407069605,0.20820982233184,1.66666666666667,-1.48239801780865,-1.23429859811974,-0.588012633237163,2.25,1.14879249394994,0.841518652815653,0.374406008784731
"61",61,"female","white","yr1","Other","math01","Visual",2.75,-1.11390091690858,-0.64653038820056,-0.428223764335304,1.2,-1.54012986448896,-0.757174340635513,-0.386655482950756,3.66666666666667,1.08373508897087,0.653458182386678,1.48328202096079,3.8,1.81782835236135,1.05704466496002,0.591149489803191,3.16666666666667,0.45535264149605,0.332680517689197,0.201924698806692,3.57142857142857,0.741496812544806,0.395959809673942,0.273885460335133,3.57142857142857,-0.1068020958167,0.0507689491433292,-0.0428937853965431,3.28571428571429,-0.442572750033503,-0.191419821658851,-0.153065476214537,2,-2.11078937821291,-1.0737248280407,-0.91860409518721,4.71428571428571,3.03085498983162,1.96315159251499,1.16496362378733,2.57142857142857,-1.6294668322568,-1.12458900679977,-0.720045179539393,3,1.15873938614775,0.709656462987391,0.490066500470339,1.5,-0.727188351446263,-0.461010171889029,-0.236504571034574
"62",62,"female","white","yr2","Business","math02","Kinesthetic",2.5,-1.58168311447186,-1.31140614595551,-1.07040887690487,1,-1.95968575222524,-1.12354304995711,-0.506476490509507,3.33333333333333,-0.386362882712429,-0.493420007668577,-1.49163594484367,5,5.14404030313939,3.25008804515714,1.55143250842355,4.16666666666667,2.34101173014133,1.58344516536005,1.06020409317498,4.14285714285714,2.16719447270675,1.03558796167723,0.851820011781989,4.42857142857143,1.90151449797617,1.11077903282547,0.635215579453337,4.71428571428571,3.00228186933901,1.85174710135029,0.998061118741402,4.42857142857143,3.23893918999977,1.71144187157033,1.07333158447395,5,3.63061219171766,2.33893933302049,1.38525280960426,4.42857142857143,2.42792231717548,1.39828933696456,0.761208921958471,3.33333333333333,1.85170203933745,1.09554201685869,0.814011196199693,2.5,1.49053606005901,0.92618966132773,0.406833070340148
"63",63,"female","white","yr2","Health","stats","Visual",4.5,1.77124173405712,1.2538187339277,1.03459961065032,1.6,-0.687851810648981,-0.673591623444527,-0.190497641919119,3.33333333333333,-0.36770381049531,0.0861788685104876,2.37182354954954,1.3,-5.62050492916117,-3.39268970765654,-1.80104326731741,4.33333333333333,2.75662080067896,1.73703252301424,1.25852954257912,4.85714285714286,3.68642846332783,2.11105467730619,1.39402740576339,4.85714285714286,2.99532349151419,1.7849846855904,0.987426122887693,5,3.73679657201665,2.30646665724278,1.25687647338945,3.85714285714286,2.22161432683138,1.23342168410731,0.882627236311736,4.85714285714286,3.38934531797329,2.13270869127177,1.33327833359415,3.71428571428571,0.905816748800727,0.28653120379857,0.0679908284447572,3,1.16109640947066,0.89558989955865,0.476063462043351,2,0.458300416962735,0.235696689515782,0.0414470091684137
"64",64,"female","white","yr2","Health","stats","Visual",2.75,-1.14124989929076,-0.573967832913973,-0.446509296004727,3,2.11351123071005,1.21354757164919,0.515845625747307,3,0.0321965474697825,0.177302301132149,0.216039670944113,3.3,0.274354389942528,0.247004079680893,0.162031805168888,3,0.0949275067302644,0.11765192711224,0.0417608205515849,3,-0.658318873546137,-0.307304927405721,-0.279414626178877,3,-1.5022887175622,-0.935851535078486,-0.482348422389692,3,-1.19531703207861,-0.682642974251729,-0.410263191544454,3,0.198764881314983,0.110002156595873,0.0634153015406642,3,-0.991908885088992,-0.562639153403243,-0.416865039518374,3,-0.695527539605158,-0.324404277222061,-0.214983055590222,2,-0.831435085337812,-0.59098647132696,-0.345969846195772,2,0.567149196251447,0.442914293512327,0.179146680586523
"65",65,"female","white","yr5+","STEM","stats","Kinesthetic",4.75,2.20164650727542,1.66822330367878,1.44671861939119,2,0.0530273968000363,0.317030020980016,-0.151897271380869,3.66666666666667,-0.795592776786081,-0.874342878379771,-1.26758181343484,3,-0.693766893567773,-0.318577880021777,-0.257441991975146,4.5,3.0427112575792,1.96895981471675,1.39675238852319,2.85714285714286,-0.674393610041862,-0.707189266199898,-0.122506671829709,4.14285714285714,1.25462551148172,0.842737634434463,0.423243810561924,3.85714285714286,1.00754483950739,0.547877789630095,0.413287574398678,2.42857142857143,-0.858747856524501,-0.795351987474803,-0.166849128493877,4.28571428571429,2.14133120313012,1.22535737721571,0.927062410894693,2.42857142857143,-1.95063541773847,-1.37480533269069,-0.934924800961662,3.66666666666667,2.5050219951312,1.92478758022274,1.0420509448141,2,0.458300416962735,0.235696689515782,0.0414470091684137
"66",66,"male","white","yr4","Other","math01","Kinesthetic",4,0.810162145477895,0.331523628561582,0.0243010492037478,1.8,-0.406241335489491,-0.494669429803297,-0.082776458485046,3.66666666666667,-0.795592776786081,-0.874342878379771,-1.26758181343484,3,-0.693766893567773,-0.318577880021777,-0.257441991975146,2.83333333333333,-0.211983299446347,-0.090981311357418,-0.0925459428437445,3.28571428571429,0.207969560700604,0.00884913332636723,0.148810277364671,3,-1.5022887175622,-0.935851535078486,-0.482348422389692,4,1.27073976996902,0.811911841495528,0.423306640922497,3,0.198764881314983,0.110002156595873,0.0634153015406642,3.71428571428571,0.719594451428295,0.512362349303123,0.263904699226011,3,-0.695527539605158,-0.324404277222061,-0.214983055590222,3.33333333333333,1.85170203933745,1.09554201685869,0.814011196199693,1.25,-1.19998286985605,-0.652396927195811,-0.294064227814672
"67",67,"male","white","yr5+","STEM","other","Kinesthetic",3,-0.712678915001977,-0.494457118020084,-0.32674748262584,1,-1.95968575222524,-1.12354304995711,-0.506476490509507,3.33333333333333,1.49296498304452,1.03438105309787,1.25922788955197,4.7,4.24282076010784,2.55168991424671,1.25925571466688,2.83333333333333,-0.148908773761727,-0.126094111287772,-0.0688835882757659,3.14285714285714,-0.0732714728396495,-0.241648926700174,0.0153382765402203,4.71428571428571,2.67697150330245,1.65081271194396,0.876879982536286,4.28571428571429,1.8674595263765,1.20755731641224,0.604807460484812,3.14285714285714,0.60159456615813,-0.0208826987720182,0.370691056778974,4.57142857142857,2.90681157048455,1.72024740777433,1.22932938157392,3.71428571428571,0.877284260196728,0.375247389581149,0.331639032338373,3,1.16109640947066,0.89558989955865,0.476063462043351,1.25,-1.09582716322922,-0.704946065192215,-0.249188550999356
"68",68,"female","white","yr1","Other","math02","Auditory",1.75,-2.82272654453665,-2.0180971445008,-1.60490382586196,1,-1.95968575222524,-1.12354304995711,-0.506476490509507,3.33333333333333,2.432628915923,1.7982815834811,2.63465980674978,4.1,2.50290391876412,1.65713696025825,0.712537401671726,1.83333333333333,-2.14569599935029,-1.43586539805285,-0.979698356282792,1.71428571428571,-3.46222970451578,-2.02250176814539,-1.31552793220934,3.42857142857143,-0.398317679812631,-0.0734286251827546,-0.202314428114192,3.28571428571429,-0.533885594613636,-0.192272296673568,-0.210365504717795,1.85714285714286,-2.09904493007195,-1.43380880084226,-0.611491025099977,4,1.5512513645466,0.763945656851081,0.692554903906753,2.42857142857143,-1.96325725652631,-1.48658865822394,-0.936883564543329,2,-0.831435085337812,-0.59098647132696,-0.345969846195772,1,-1.67277738826583,-0.843783682502592,-0.351623884594771
"69",69,"male","white","yr3","STEM","math03","Auditory",3,-0.769210668695853,-0.684225862304108,-0.655675741326667,1.2,-1.54012986448896,-0.757174340635513,-0.386655482950756,4,1.60483959166714,0.746636403969175,1.15103832237083,3.7,1.40104029385936,0.785831188228647,0.429600196296672,2.66666666666667,-0.460919445194761,-0.51389410228477,-0.204610665775686,3.14285714285714,0.0396981271985406,-0.224004980577038,0.18068016452809,4,0.932961111368541,0.490263835150467,0.346276089191346,3.42857142857143,0.0049135021509438,-0.166693218199499,0.00578580306169488,1.71428571428571,-2.44216433181347,-1.43737311407638,-0.726279943431998,3.85714285714286,1.21797031613033,0.636797906263066,0.596546528418001,3.14285714285714,-0.386130149263373,-0.106372607633712,-0.303000052737382,2,-0.831435085337812,-0.59098647132696,-0.345969846195772,1.25,-1.19998286985605,-0.652396927195811,-0.294064227814672
"70",70,"male","white","yr1","STEM","math03","Kinesthetic",2.25,-2.0941348348367,-1.50812304984684,-1.53738448065401,1.2,-1.54147424940241,-0.948382317528644,-0.385676943154122,3.66666666666667,2.95373341861926,1.89145980506359,2.30241610815982,4,2.15102366701974,1.47872841368095,0.609375998987186,3.66666666666667,1.46125885767378,0.804193310868469,0.663998848288223,3.57142857142857,0.683364001813925,0.42856472217994,0.275046855958547,4.14285714285714,1.24711324015297,0.745439307837512,0.408586626008584,4.14285714285714,1.56871173898271,0.964389222114771,0.486915013983752,3.14285714285714,0.519246255370301,0.441232839542966,0.189386685168286,4.28571428571429,2.20932651577011,1.30246769552107,0.94220242776315,4.42857142857143,2.50155556822894,1.32520838301912,0.937941984569423,2.66666666666667,0.51013347699982,0.252277772765867,0.23402067500196,1.75,-0.25439383303648,-0.269623416582248,-0.178944914254476
"71",71,"female","Asian","yr1","STEM","stats","Kinesthetic",2,-2.41147610066725,-1.54299013102988,-1.29164697199322,1,-1.95968575222524,-1.12354304995711,-0.506476490509507,4,1.61416912777569,1.03643584205871,3.08276806956743,4.7,4.30798132562212,2.73024634861834,1.35966516463518,4.83333333333333,3.67759333930068,2.31399395113116,1.68583677160985,4.71428571428571,3.39219172611596,1.94467247414329,1.30393533476187,4.42857142857143,1.9826155408757,1.0646291902046,0.661962768855527,4.42857142857143,2.32052740451347,1.49085471723515,0.802529755213864,3.85714285714286,2.21387618673419,0.907416005501471,0.949402703928899,4.14285714285714,1.58328060922177,1.08593273275245,0.58415524664152,4.42857142857143,2.45600607702517,1.41716526157751,0.921028705387977,2.66666666666667,0.51013347699982,0.252277772765867,0.23402067500196,1.25,-1.19998286985605,-0.652396927195811,-0.294064227814672
"72",72,"male","white","yr1","Business","math02","Kinesthetic",2.5,-1.66556385054792,-1.42861233495295,-1.41762266727512,1.4,-1.16458546536928,-0.59334824959826,-0.27795202248177,2,-1.54977603283613,-0.681831239794409,-2.65068872767921,3.4,0.526194109956784,0.280345440504991,0.0516691854866353,3,0.0949275067302644,0.11765192711224,0.0417608205515849,2.71428571428571,-1.37722431743677,-0.657677221946921,-0.59141321226861,3,-1.47502098727552,-0.937240262007194,-0.443884253623049,3.14285714285714,-0.830153128732885,-0.289301306142081,-0.27810683023944,2.71428571428571,-0.336593191104605,-0.100137693943896,-0.0821681921456538,2.85714285714286,-1.23317575883336,-0.768869795151964,-0.468839515528487,3,-0.710101469233875,-0.142718084424668,-0.224391038114808,2.33333333333333,-0.182829176189881,-0.133607781105436,-0.089924020727394,1.25,-1.19998286985605,-0.652396927195811,-0.294064227814672
"73",73,"female","white","yr2","Other","math01","Visual",3.25,-0.376183319822538,-0.520292480556882,-0.473622836414497,1,-1.95968575222524,-1.12354304995711,-0.506476490509507,3.33333333333333,0.562630586274606,0.560279960804179,1.81552571955075,3.8,1.62432367609811,1.0001563286274,0.452210729053091,3.66666666666667,1.34223583847678,0.956371700233427,0.60741849577173,3.71428571428571,1.00915580621533,0.724316972759003,0.360990595151938,3.28571428571429,-0.844716900298155,-0.396447053487707,-0.327541866071143,3.57142857142857,0.185324933755062,0.0751914043626445,0.081011127726296,2.71428571428571,-0.497562139278558,-0.101707313992179,-0.313985375108212,3.42857142857143,0.0613327750991243,-0.0692167387139401,0.00878597320510542,4.42857142857143,2.45268642669015,1.45556723924618,0.968623348770908,2.66666666666667,0.46577673295805,0.323770909116089,0.166121804740984,1.25,-1.19998286985605,-0.652396927195811,-0.294064227814672
"74",74,"male","other","yr2","Other","math02","Kinesthetic",2.5,-1.63638107923622,-1.16628103538234,-1.10697994024372,1,-1.95968575222524,-1.12354304995711,-0.506476490509507,4.66666666666667,1.72604373639831,0.748691192930012,2.9745785023863,4.1,2.50544948056113,1.47939313892082,0.890612109453262,2.83333333333333,-0.111754462609896,-0.317079610512607,-0.0427254652636435,3.85714285714286,1.54045671965758,0.824461558674513,0.644627259720857,3.14285714285714,-1.17745375800817,-0.409312979191672,-0.477203098145318,3.57142857142857,0.142872821257377,0.0941591684086817,-0.0087005102829687,2.57142857142857,-0.578730437996601,0.256730585067252,-0.187931589621149,3.71428571428571,0.743613313460203,0.356169139837054,0.292798581836193,1.71428571428571,-3.56005717858568,-1.7915079979244,-1.27504776339972,3.66666666666667,2.46066525108943,1.99628071657296,0.97415207455312,2.5,1.54432655140679,1.24471943090995,0.367346907158878
"75",75,"male","white","yr2","Business","math03","Kinesthetic",5,2.60286850918202,1.82029657385926,1.54819490110066,2.2,0.4878689104248,0.449136355554049,0.147715471915533,3,-1.84713131828717,-1.3504987596343,-2.53482416345152,3.5,0.881026907735553,0.533808744062421,0.25556262978487,1.33333333333333,-3.19038771675898,-1.82854870639937,-1.46581360681955,1.28571428571429,-4.58810387803555,-2.66919687335928,-1.77260688889958,4.14285714285714,1.18947784141811,0.809386818507318,0.339994355667047,2.57142857142857,-2.15758970493047,-1.25019985596396,-0.725304640891182,2.57142857142857,-0.537628039343372,-0.065787506889986,-0.0805533564649597,1.85714285714286,-3.69120576671673,-2.10481009946721,-1.53246522284739,2.85714285714286,-1.06957711400027,-0.487510279803217,-0.400482780633873,2,-0.831435085337812,-0.59098647132696,-0.345969846195772,1.5,-0.482595547194945,0.112689920895169,0.01915169021101
"76",76,"female","white","yr2","Other","math01","Kinesthetic",3,-0.77740532172914,-0.672365750737359,-0.575099118123962,1.8,-0.266951537999248,-0.116014937229795,-0.0716551741570025,3,-1.83780178217861,-1.06069932154477,-0.603094416254917,3.3,0.429843317737707,0.211446737036522,0.274202917673097,4.33333333333333,2.7968016642381,1.58178387841402,1.27461087829153,3.85714285714286,1.5334262756236,0.511415275187917,0.563687913112809,3.14285714285714,-1.19772587687257,-0.441565696670466,-0.444124376984719,3.28571428571429,-0.384776322776318,-0.786248649457762,-0.0438131733717172,3.57142857142857,1.54299025587295,0.525608464900769,0.64381304787968,3.85714285714286,0.958856033190885,0.355118900388742,0.421651190204668,3.42857142857143,0.21236087747863,0.182285198898101,0.113901569663264,2.66666666666667,0.46577673295805,0.323770909116089,0.166121804740984,2.5,1.75733103732233,1.39938789691009,0.549922255392304
"77",77,"male","white","yr3","STEM","other","Visual",2.5,-1.52515136077799,-1.12163740167149,-0.741480618204044,1.6,-0.833052554866204,-0.632064776845355,-0.180366109102548,3.33333333333333,1.49296498304452,1.03438105309787,1.25922788955197,4.9,4.94038612692717,3.04573283635331,1.52350962421305,2.83333333333333,-0.128084132144429,-0.386901625972228,-0.0542554753656883,3.14285714285714,-0.190121402436804,-0.337115917974086,-0.0701093015388179,3,-1.42354778644799,-1.16029938124659,-0.376301858122892,2.85714285714286,-1.54532955924966,-0.762795731299372,-0.462279731305511,3.28571428571429,0.889011425808104,-0.00552236070899462,0.336350459544375,3.71428571428571,0.956648265500077,0.380061631212824,0.478655980111497,3.57142857142857,0.552050049648404,0.362512412394454,0.0609118003358893,2,-0.787078341296042,-0.662479607677182,-0.278070975934797,2.75,2.19384416473445,0.911976283439863,0.441577004557451
"78",78,"female","white","yr3","STEM","other","Kinesthetic",3,-0.712678915001977,-0.494457118020084,-0.32674748262584,1.2,-1.5632102698131,-0.797748618983346,-0.442229098381723,3.66666666666667,2.02339902184935,1.4173587127699,2.85871393815861,4.6,4.02024003436096,2.47915335946781,1.28717199063519,2.5,-0.78482536573729,-0.661599927379338,-0.354444424335177,3.28571428571429,0.11828837482634,0.0408685167646505,0.0714920012510917,4,0.924992718584786,0.720907706982616,0.337143553255894,3.71428571428571,0.67781789644907,0.305732847566142,0.234924184918802,2.57142857142857,-0.675136319678937,-0.454222915612717,-0.317295753627718,3.71428571428571,0.927475300628654,0.544351125811648,0.443371835479638,2.28571428571429,-2.28678512476149,-1.54489076533803,-1.05594048183723,2.33333333333333,-0.138472432148111,-0.205100917455658,-0.0220251504664182,1.5,-0.727188351446263,-0.461010171889029,-0.236504571034574
"79",79,"male","white","yr1","Business","math02","Kinesthetic",3.5,0.118947860122923,0.0720207219114799,0.186847807824493,2,0.0769127392424039,0.0450022608460361,0.00468456761890011,3.66666666666667,1.08373508897087,0.653458182386678,1.48328202096079,3.1,-0.35242256416334,-0.301037796171038,-0.169315846468136,3.16666666666667,0.472347755861968,0.271753104314106,0.217451693970854,2.85714285714286,-0.895629227388594,-0.615218876611263,-0.332032810141096,3.42857142857143,-0.479110409894038,-0.223604838942871,-0.18880792914131,3.28571428571429,-0.478975770083099,-0.339888096730342,-0.170421948559177,2.71428571428571,-0.442525577303401,-0.277846638298607,-0.201008233706992,3.28571428571429,-0.174406945594408,-0.197429566901269,-0.0258558364543125,3.57142857142857,0.561743826888191,0.526954278178617,0.309579059535398,2,-0.831435085337812,-0.59098647132696,-0.345969846195772,2,0.567149196251447,0.442914293512327,0.179146680586523
"80",80,"female","white","yr4","Other","other","Kinesthetic",3.25,-0.282274141783679,-0.0800525482689966,0.0853715261150288,2.8,1.69529972788722,1.03838683922072,0.395046078391923,4,0.674505194897219,0.272535311675484,1.70733615236962,2.9,-1.12650764763749,-0.404659215145406,-0.467713703197404,3.83333333333333,1.69310077614712,1.21290844284804,0.769777134318635,3.71428571428571,1.09995945409519,0.614738694954977,0.43870228937664,3.42857142857143,-0.498286734144212,-0.267897053714389,-0.171054579214688,2.85714285714286,-1.48651006384642,-0.909787639854298,-0.452038266240982,3.85714285714286,2.15647716405333,1.08780963565805,0.80558274337881,3.85714285714286,0.995747968200588,0.675378359361484,0.373967188383187,3.57142857142857,0.579360819017494,0.28088763693539,0.195642406768694,2,-0.831435085337812,-0.59098647132696,-0.345969846195772,2,0.567149196251447,0.442914293512327,0.179146680586523
"81",81,"female","white","yr5+","STEM","math02","Auditory",3.5,0.0350671240468692,-0.0451854670859573,-0.160365982545758,1.2,-1.58414135310556,-0.959716958919861,-0.39777303004052,3.33333333333333,1.49296498304452,1.03438105309787,1.25922788955197,3.1,-0.341662941581175,-0.143721342702015,-0.110536965959213,3.33333333333333,0.748573422909472,0.409047137444366,0.349436096829031,3,-0.481013935897201,-0.341859427815354,-0.150742304729723,3.85714285714286,0.587341392870125,0.357480588432736,0.197265780073297,3.85714285714286,0.938069215800173,0.566414556955522,0.338208843056212,3.14285714285714,0.482786483467391,0.0118702288647018,0.203429225871954,4.14285714285714,1.64574876881093,1.08502523749642,0.581962597159281,2.85714285714286,-1.03869061966175,-0.682505204290223,-0.53415163324921,3.33333333333333,1.8120593419415,1.53890202635143,0.718106249084741,2,0.426712098626955,-0.183334937268275,-0.0316339038437446
"82",82,"female","white","yr1","STEM","stats","Visual",4.25,1.28707023042726,0.612663199306245,0.553567744486168,1.4,-1.1146630300257,-0.810986970486585,-0.28808729253662,2.66666666666667,-2.36823582098343,-1.4436769812168,-2.20258046486156,1.2,-6.12426573785048,-3.47853338759304,-2.01047072395283,3,0.0874925894597919,0.137071188449677,0.0240390650956242,3.71428571428571,0.988860581574625,0.614504401461871,0.367119653974188,4,0.905693381081866,0.491652562079174,0.307811920424704,3.57142857142857,0.212348444964598,0.0756224010832543,0.0663782210594968,2.71428571428571,-0.137017301724564,-0.00949741080823077,0.162427484922791,3.71428571428571,0.672237014715005,0.657097543611954,0.232492991793377,4,1.52908015740709,0.804996026420617,0.614119478222222,1,-2.82396658014628,-2.07756284221257,-1.1680031544349,1.25,-1.19998286985605,-0.652396927195811,-0.294064227814672
"83",83,"female","white","yr1","Business","stats","Kinesthetic",4,0.977923617630003,0.565936006556457,0.718728629944249,2.6,1.25615714177193,0.701257766855731,0.31870259937774,3.66666666666667,0.153400692200954,0.179357090092986,2.03957985095958,1.7,-4.42381248955433,-2.79097423986793,-1.351695295034,1.83333333333333,-2.18118070331946,-1.31271648385808,-0.993552023005661,2.85714285714286,-1.16416450545263,-0.491865578877646,-0.560457772674199,2.71428571428571,-2.12601399411909,-1.56007610018853,-0.638595585884478,2.57142857142857,-2.26040884093201,-1.54884170484763,-0.756925028039775,2.14285714285714,-1.74383222243181,-1.1854397290444,-0.619137353636605,2.14285714285714,-2.82726911584769,-1.8374877915032,-1.02779781831166,3,-0.695527539605158,-0.324404277222061,-0.214983055590222,2.33333333333333,-0.182829176189881,-0.133607781105436,-0.089924020727394,1.5,-0.623032644819437,-0.513559309885433,-0.191628894219258
"84",84,"male","white","yr2","Business","math02","Visual",3,-0.740027897384156,-0.421894562733497,-0.345033014295263,2,0.0683130226885191,0.0827676462324477,0.0278944643567827,3,-1.83780178217861,-1.06069932154477,-0.603094416254917,3,-0.693766893567773,-0.318577880021777,-0.257441991975146,3.5,1.11716339244252,0.658986735751133,0.515364980135161,3,-0.658318873546137,-0.307304927405721,-0.279414626178877,3,-1.5022887175622,-0.935851535078486,-0.482348422389692,3,-1.19531703207861,-0.682642974251729,-0.410263191544454,3,0.198764881314983,0.110002156595873,0.0634153015406642,3,-0.991908885088992,-0.562639153403243,-0.416865039518374,3,-0.695527539605158,-0.324404277222061,-0.214983055590222,2,-0.831435085337812,-0.59098647132696,-0.345969846195772,2,0.567149196251447,0.442914293512327,0.179146680586523
"85",85,"female","white","yr2","Business","math02","Auditory",3,-0.626964389996406,-0.0423570741654491,0.312823503106392,1.8,-0.371634500544999,0.0582406123492756,-0.149457238226202,1.33333333333333,-0.731316244688825,0.0800145016279787,-3.09879699049686,3.1,-0.355516776022375,-0.119234335329435,-0.0504153642945672,3.5,1.06534901893882,0.712313634486281,0.489981303310247,3,-0.658318873546137,-0.307304927405721,-0.279414626178877,3,-1.4823019456565,-0.895792567251382,-0.492624794577908,3.14285714285714,-0.92627178088545,-0.458033864842125,-0.319993800755713,2.71428571428571,-0.442525577303401,-0.277846638298607,-0.201008233706992,3.14285714285714,-0.682460173598967,-0.236241144002087,-0.344279344475296,2.57142857142857,-1.63859916003215,-0.971199881789642,-0.65223137144089,3,1.16109640947066,0.89558989955865,0.476063462043351,2.5,1.75733103732233,1.39938789691009,0.549922255392304
"86",86,"female","white","yr5+","Business","math02","Visual",3.75,0.624107482031189,0.98736766767029,1.05909902422276,1.4,-1.16673478740096,-0.471954188009578,-0.377981706253939,2.66666666666667,-2.36823582098343,-1.4436769812168,-2.20258046486156,3,-0.693766893567773,-0.318577880021777,-0.257441991975146,3.16666666666667,0.513567422016133,0.0694626779394537,0.24855367811482,5,3.9261456704954,2.35256263097091,1.45105146459158,5,3.31367547972593,1.91915665923684,1.0979722632391,5,3.73679657201665,2.30646665724278,1.25687647338945,5,4.57205712657628,2.32202944268021,1.63747186549176,5,3.63061219171766,2.33893933302049,1.38525280960426,5,3.7350316100817,2.22691801750131,1.37973577599676,3,1.16109640947066,0.89558989955865,0.476063462043351,3,2.80707578076872,1.72961226952725,0.709917245767817
"87",87,"female","white","yr2","Business","math02","Auditory",4.5,1.85512247013317,1.37102492292513,1.38181340102057,3.2,2.48905562982972,1.37737366268644,0.624549086216293,3.66666666666667,-0.795592776786081,-0.874342878379771,-1.26758181343484,1.9,-3.94555798304905,-2.11597037767894,-1.24171219502522,3,0.0949275067302644,0.11765192711224,0.0417608205515849,4,1.63391339847463,1.02262885178259,0.58581841920635,4,0.905693381081866,0.491652562079174,0.307811920424704,4,1.27073976996902,0.811911841495528,0.423306640922497,2.42857142857143,-0.976610320856945,-0.718880250063053,-0.308203886471824,4,1.31935165331434,0.888150089808624,0.484193885042945,4,1.51975203523827,0.951256870139627,0.58237636020327,2.33333333333333,-0.182829176189881,-0.133607781105436,-0.089924020727394,3.5,3.82992527854122,1.9005717573533,0.889655317733965
"88",88,"female","white","yr2","Health","stats","Kinesthetic",4,0.874888552205057,0.509432261278857,0.27265268470187,2.2,0.400385380986819,0.547861134360296,0.0234936143705682,3.33333333333333,-0.386362882712429,-0.493420007668577,-1.49163594484367,2.2,-3.12183686950507,-1.74861999592348,-1.06954741058908,1.83333333333333,-2.10580722285889,-1.37665696675808,-0.95659034226306,3.28571428571429,0.197836493871158,-0.139452779773614,0.0851125846387802,2.28571428571429,-3.05861664907896,-1.94105920473787,-0.93795743387012,3,-1.39441172702656,-0.740864231501538,-0.54797031267413,2.57142857142857,-0.656344238204159,-0.723687208856685,-0.186254287183516,2,-3.30974001391553,-1.7477759217411,-1.26297258768555,2.57142857142857,-1.5628802187289,-1.00400893140807,-0.499456348895636,2,-0.833792108660722,-0.776919907898219,-0.331966807768785,1,-1.67277738826583,-0.843783682502592,-0.351623884594771
"89",89,"male","white","yr1","Business","math01","Kinesthetic",3,-0.796559651078032,-0.611663307017521,-0.67396127299609,2.8,1.66576892804087,0.914183884670613,0.462712043471007,3.33333333333333,-0.37703334660387,-0.203620569579045,0.440093802352938,3.2,-0.026052124401325,0.0142047027107503,0.0646395405833319,2.66666666666667,-0.509333908527512,-0.341122701864729,-0.229047466530873,3,-0.658318873546137,-0.307304927405721,-0.279414626178877,3,-1.5022887175622,-0.935851535078486,-0.482348422389692,2.71428571428571,-1.88645100574421,-1.19157263671776,-0.637783934083431,3,0.198764881314983,0.110002156595873,0.0634153015406642,3.28571428571429,-0.271948273317147,-0.196364489301955,-0.0872224022836457,3,-0.695527539605158,-0.324404277222061,-0.214983055590222,2,-0.831435085337812,-0.59098647132696,-0.345969846195772,1.25,-1.19998286985605,-0.652396927195811,-0.294064227814672
"90",90,"female","Black","yr3","Business","stats","Auditory",4.25,1.3973687145327,1.02918290846063,0.951408860610283,1.2,-1.54012986448896,-0.757174340635513,-0.386655482950756,4,0.674505194897219,0.272535311675484,1.70733615236962,4.7,4.20216669084489,2.78293110873048,1.16971389097088,5,3.98620410056276,2.58234944044327,1.82061697304004,5,3.9261456704954,2.35256263097091,1.45105146459158,5,3.31367547972593,1.91915665923684,1.0979722632391,5,3.73679657201665,2.30646665724278,1.25687647338945,5,4.57205712657628,2.32202944268021,1.63747186549176,4,1.46338740012639,0.67938675459127,0.616970016906413,5,3.7350316100817,2.22691801750131,1.37973577599676,3,1.20309613018952,0.638163326637169,0.557965370731314,2,0.426712098626955,-0.183334937268275,-0.0316339038437446
"91",91,"female","white","yr3","Other","other","Kinesthetic",4,0.958769288281112,0.626638450276295,0.61986647507212,1.8,-0.328967396841848,0.0695752537404927,-0.137361151339804,4,-0.274488274089816,-0.781164656797273,-1.5998255120248,2.8,-1.13000758096416,-0.868872699225531,-0.243801443710511,3.5,1.01346588042878,0.818074296771067,0.462007166493577,3.14285714285714,-0.555662164612215,-0.240065952675337,-0.341689350735043,3.14285714285714,-1.19543638636659,-0.498502506538445,-0.459937421914874,3.14285714285714,-0.730236593692787,-0.23110226645471,-0.243101496164548,3,0.23777131094998,0.077577244824785,0.126148442679968,4,1.26382713435971,0.709519208884789,0.44237756246006,3.14285714285714,-0.388020045119676,-0.139516230669611,-0.17948508655423,3,1.16109640947066,0.89558989955865,0.476063462043351,1.5,-0.623032644819437,-0.513559309885433,-0.191628894219258
"92",92,"female","white","yr1","Business","math03","Kinesthetic",2.75,-1.11390091690858,-0.64653038820056,-0.428223764335304,1,-1.95968575222524,-1.12354304995711,-0.506476490509507,3.33333333333333,1.49296498304452,1.03438105309787,1.25922788955197,3.2,0.0122010269031186,-0.24421396872874,0.162614917881792,2.33333333333333,-1.10226640659803,-0.834116995586542,-0.49898661587851,3.28571428571429,-0.0653787333653184,0.109539277875979,-0.0893779982540871,3.14285714285714,-1.17294127162396,-0.806215357278329,-0.373445816111279,2.71428571428571,-1.820345449494,-1.0245453767584,-0.592804406026472,2.71428571428571,-0.415172715579249,-0.280504671898209,-0.130484983784553,4,1.56645588089996,0.756339490553346,0.695669249086441,3.42857142857143,0.241544026280603,0.38436693365084,0.219345541227285,2.66666666666667,0.51013347699982,0.252277772765867,0.23402067500196,3,2.69822700148001,1.5223946655307,0.572217574349708
"93",93,"female","white","yr3","Other","math02","Visual",4.75,2.14511475358154,1.47845455939476,1.11779036069037,2.2,0.453801523275534,0.40003632877642,0.112409488291252,3.66666666666667,-0.795592776786081,-0.874342878379771,-1.26758181343484,2.1,-3.34183082943276,-2.0153899036508,-1.10546729735117,4,2.07228974537064,1.37429810734271,0.948531905764524,3.85714285714286,1.46040225643544,0.746332104215141,0.585884046424866,4.28571428571429,1.59134337628811,1.02543506979683,0.508559623248302,4.28571428571429,1.99378151581351,1.28457600920054,0.652881300540095,3.71428571428571,1.86389478165154,0.919135303744861,0.726087035569283,4,1.43936853809448,0.835579964057338,0.588076134296231,4.14285714285714,1.8314671714919,1.1865217309005,0.718732723179584,2,-0.831435085337812,-0.59098647132696,-0.345969846195772,1.25,-1.19998286985605,-0.652396927195811,-0.294064227814672
"94",94,"female","white","yr1","Health","stats","Visual",4.25,1.3973687145327,1.02918290846063,0.951408860610283,1.8,-0.321712065201415,-0.15939810853905,-0.159592508281052,3.33333333333333,-1.3260268155909,-1.2573205380518,-2.86706786204148,2.7,-1.38826594680807,-0.815167696896756,-0.300317034333108,3.33333333333333,0.720249391356293,0.504194215564301,0.333039963930049,3.14285714285714,-0.0428428409908051,-0.473399710013174,0.0944493933170774,4,0.927950804285705,0.615500581135486,0.290563507918771,4,1.22456822798072,0.736836549387285,0.372576521087018,3.42857142857143,1.2238776518992,0.300392747625704,0.500051341243114,3.57142857142857,0.423385757770119,0.298840705943239,0.0879261377724437,4.14285714285714,1.81151383499438,1.06989185011861,0.763067135157981,1.66666666666667,-1.52439773852751,-0.976872025198263,-0.669914541925127,1,-1.67277738826583,-0.843783682502592,-0.351623884594771
"95",95,"male","white","yr2","Business","math03","Auditory",3.75,0.501015532680634,0.284796435811794,0.189461934661829,2.4,0.842482226252016,0.450994106654786,0.300875000725721,3.33333333333333,1.49296498304452,1.03438105309787,1.25922788955197,4.5,3.71378676212369,2.35310268635915,1.20794816660951,5,3.98620410056276,2.58234944044327,1.82061697304004,5,3.9261456704954,2.35256263097091,1.45105146459158,4.71428571428571,2.61283016736588,1.51091344640606,0.850632490954326,5,3.73679657201665,2.30646665724278,1.25687647338945,3.57142857142857,1.52794455848364,0.545672391170543,0.785407551792633,5,3.63061219171766,2.33893933302049,1.38525280960426,5,3.7350316100817,2.22691801750131,1.37973577599676,4,3.15362790427913,2.38216627044426,1.29809677028247,4,5.047002365286,3.01631024554217,1.24068781094911
"96",96,"female","white","yr1","Health","stats","Kinesthetic",4,0.810162145477895,0.331523628561582,0.0243010492037478,2.4,0.90154382594471,0.699400015754993,0.165543070567552,3,-0.898137849300134,-0.296798791161543,0.772337500942899,3.1,-0.203892174898824,-0.370686474692349,0.0745545693327364,2,-1.82892040332094,-1.13259890101093,-0.839153149801577,3.42857142857143,0.658093548915118,0.108423159148248,0.373310310526477,4.28571428571429,1.58316250976443,0.976607059179033,0.52466943910193,4,1.29106279732958,0.682433548032512,0.418940317623377,2,-1.98660791244962,-1.22690524767097,-0.685225139513396,4.14285714285714,1.65127592186176,1.16304305105781,0.599295263509976,2.14285714285714,-2.60098487082785,-1.74945371617113,-1.14325428111219,1.33333333333333,-2.13100392695658,-1.69167728834127,-0.844058458705541,1.25,-1.19998286985605,-0.652396927195811,-0.294064227814672
"97",97,"female","white","yr1","Other","stats","Visual",2.25,-2.03760308114282,-1.31835430556281,-1.20845622195318,1.4,-1.16592985028273,-0.784556226491391,-0.276973482685136,3.33333333333333,0.553301050166047,0.270480522714647,-0.116204027645849,3.5,0.791274792919859,0.511762199773253,0.297605857856837,2.33333333333333,-1.15754945527902,-0.847800834986649,-0.527907628764906,3.28571428571429,0.0505331551571324,0.132436724553092,-0.00803204976598053,3.57142857142857,-0.116005883735834,-0.273297696980006,-0.00901859549224016,2.57142857142857,-2.19678353795633,-1.52795352971723,-0.762096620962232,1.85714285714286,-2.12399421817891,-1.15208689268386,-0.648975436160576,3.42857142857143,0.0516554117966007,0.0164072411451854,0.0230042943761123,3.57142857142857,0.570876154663534,0.373565153168486,0.241765251436895,2.33333333333333,-0.182829176189881,-0.133607781105436,-0.089924020727394,1.25,-1.19998286985605,-0.652396927195811,-0.294064227814672
"98",98,"female","Black","yr1","Health","stats","Kinesthetic",3.75,0.436289125953471,0.106887803094519,-0.0588897008362933,2.8,1.66576892804087,0.914183884670613,0.462712043471007,3.66666666666667,-0.776933704568962,-0.294744002200706,2.59587768095837,2.8,-1.08539448415735,-0.7199621342268,-0.149738335961462,2.16666666666667,-1.44973143409742,-0.971209236516258,-0.660398378355688,2.57142857142857,-1.40971463966258,-0.934075942621788,-0.507318945652303,4.57142857142857,2.32174590944082,1.37535274583092,0.778550519369562,3.71428571428571,0.652610608119155,0.471907632510783,0.222603684472503,2.85714285714286,-0.0135651593172005,-0.230694533446156,0.12057887332494,4.14285714285714,1.8510227127341,1.17596764611136,0.779358920120838,2.57142857142857,-1.63928293977921,-1.09873365212064,-0.624709440277966,2.66666666666667,0.51013347699982,0.252277772765867,0.23402067500196,1.5,-0.727188351446263,-0.461010171889029,-0.236504571034574
"99",99,"female","white","yr1","Health","math02","Kinesthetic",3.25,-0.338805895477554,-0.269821292553021,-0.243556732585799,1.8,-0.318218358256284,-0.0895841932346007,-0.0605413643055181,3.33333333333333,1.49296498304452,1.03438105309787,1.25922788955197,2.6,-1.82412807923084,-1.22157484668767,-0.628339609930525,2,-1.81898684846186,-1.09039940598831,-0.830324246723935,2.71428571428571,-1.22219476521841,-0.714858817632815,-0.438976760003926,3.42857142857143,-0.450363636756904,-0.277697128795144,-0.173633783043228,3.14285714285714,-0.773038068224082,-0.491741585847736,-0.263732412714521,2.57142857142857,-0.698320477294522,-0.291770930533243,-0.282065714227774,3.42857142857143,0.174406019244738,0.0577515117146372,0.156677194523515,3.42857142857143,0.271853324532013,0.0959995903829405,0.160144437732701,1.66666666666667,-1.48004099448574,-1.04836516154848,-0.602015671664151,1,-1.67277738826583,-0.843783682502592,-0.351623884594771
"100",100,"male","white","yr5+","STEM","other","Kinesthetic",3.25,-0.338805895477554,-0.269821292553021,-0.243556732585799,1,-1.95968575222524,-1.12354304995711,-0.506476490509507,4,1.60483959166714,0.746636403969175,1.15103832237083,4.8,4.54322727445169,2.78448929121686,1.35664797925244,4,2.04056580364651,1.35000068377775,0.931188896795814,4.14285714285714,2.15454580992829,0.902812028503315,0.894159205415107,5,3.31367547972593,1.91915665923684,1.0979722632391,4.85714285714286,3.37612791654163,2.09785875896564,1.14002266735045,4.28571428571429,2.95066859582146,0.961710094128858,1.14332600896794,5,3.63061219171766,2.33893933302049,1.38525280960426,5,3.7350316100817,2.22691801750131,1.37973577599676,4,3.15362790427913,2.38216627044426,1.29809677028247,2.25,0.899506617036739,0.00805181803850661,0.0259257529363538
"101",101,"female","white","yr4","Other","other","Auditory",2.25,-2.01025409876064,-1.3909168608494,-1.19017069028376,1.2,-1.54147424940241,-0.948382317528644,-0.385676943154122,4,1.61416912777569,1.03643584205871,3.08276806956743,3.7,1.70486512158051,0.83472802056419,0.80028191129544,5,3.98620410056276,2.58234944044327,1.82061697304004,4.14285714285714,2.13297016730316,1.22052628347617,0.8126229407864,4.85714285714286,2.97762621011447,1.68798890789531,0.981889450145753,4.28571428571429,1.92345572898885,1.13377854388651,0.66831947683023,1.85714285714286,-2.37778402938192,-1.12578727047457,-1.00029100353484,4.14285714285714,1.63327797512556,1.18654580011489,0.608638902873709,3.57142857142857,0.562674181944145,0.0293769188668583,0.0453770583593381,4,3.15362790427913,2.38216627044426,1.29809677028247,2,0.322556392000129,-0.130785799271871,-0.0765095806590609
"102",102,"female","Black","yr2","STEM","math03","Visual",4.25,1.24876157172948,0.734068086745921,0.355843434741911,1.4,-1.16458546536928,-0.59334824959826,-0.27795202248177,4.33333333333333,1.19560969759348,0.365713533257982,1.37509245377966,3.5,0.912832510404685,0.481904277112111,0.384967757086173,3.16666666666667,0.542055039143873,0.234520370044353,0.239755517284114,4.85714285714286,3.59562481544798,2.22063295511022,1.31631571153869,5,3.31367547972593,1.91915665923684,1.0979722632391,5,3.73679657201665,2.30646665724278,1.25687647338945,3.14285714285714,0.751906765064478,0.00397384181804798,0.61838136424641,3.85714285714286,1.02606320742981,0.811599892116552,0.343477176648002,3.42857142857143,0.250028690634564,0.291689417417744,0.173222696559083,3,1.11673966542889,0.967083035908873,0.408164591782375,2.5,1.58530562136206,0.354107039345428,0.266060757949878
"103",103,"female","white","yr3","Other","math01","Kinesthetic",3.25,-0.311456913095375,-0.342383847839607,-0.225271200916375,2.4,0.892944109390825,0.737165401141405,0.188752967305434,3.66666666666667,0.144071156092395,-0.110442347996547,0.107850103762977,2.8,-1.17157991290806,-0.65730744251974,-0.345001961079848,3.66666666666667,1.34393579356226,1.01609395107587,0.607891933806593,3.71428571428571,0.944929901876829,0.671920290640871,0.286265837111956,3.57142857142857,-0.167247771615592,0.0885074436121513,-0.110684347393917,3.28571428571429,-0.527296898749839,-0.173520417004463,-0.197811633432766,3.14285714285714,0.63112055679875,0.270646527242519,0.210647887006707,2.85714285714286,-1.32103972325358,-0.853428697411775,-0.544424402528827,3.85714285714286,1.20291641858396,0.912629667306187,0.515135273148325,3,1.15873938614775,0.709656462987391,0.490066500470339,1.5,-0.623032644819437,-0.513559309885433,-0.191628894219258
"104",104,"male","Asian","yr3","STEM","stats","Auditory",2.5,-1.70110748596338,-1.34418966809961,-1.35533157574184,1.8,-0.371634500544999,0.0582406123492756,-0.149457238226202,3.66666666666667,1.08373508897087,0.653458182386678,1.48328202096079,4,2.16975572721583,1.50101261315724,0.568177025502056,3.83333333333333,1.75624406683808,1.12536187936804,0.79602994887837,3,-0.520642257484228,-0.469045593834772,-0.204845054591705,4.28571428571429,1.59835782691823,0.851067764292146,0.571261508563105,3.71428571428571,0.542813763155177,0.37594416527214,0.17704515755948,4,2.25306824636187,0.980894384765482,0.727537491397578,4.85714285714286,3.27212186357599,2.16938223426371,1.21693809979744,3.42857142857143,0.280915184973085,0.0966944929307381,0.0395538439437462,3,1.20309613018952,0.638163326637169,0.557965370731314,2,0.322556392000129,-0.130785799271871,-0.0765095806590609
"105",105,"female","white","yr2","STEM","math03","Kinesthetic",4.25,1.33264230780553,0.851274275743358,0.703057225112161,2.6,1.27708822506439,0.863226106792246,0.274246531036538,2.66666666666667,-1.42857188810496,-0.679776450833573,-0.827148547663742,2.2,-2.95388971984448,-1.86680297220893,-0.952112643011645,1.83333333333333,-2.15932155144807,-1.38305231886538,-0.982447457122837,1.71428571428571,-3.51442703723918,-2.04479259682113,-1.30420980538915,2.85714285714286,-1.7983832825701,-0.946175489668613,-0.610142975247031,1.71428571428571,-4.28322242546672,-2.61124505513801,-1.40555446228761,2.14285714285714,-1.88230622703446,-0.773824321797505,-0.905873844875896,1.71428571428571,-3.87543784044529,-2.54139991538389,-1.56724631259588,1.28571428571429,-4.50422818796495,-2.62150941263177,-1.65792026738491,1.66666666666667,-1.48239801780865,-1.23429859811974,-0.588012633237163,1.25,-1.09582716322922,-0.704946065192215,-0.249188550999356
"106",106,"male","white","yr3","Business","math03","Kinesthetic",5,2.60286850918202,1.82029657385926,1.54819490110066,3.6,3.32682302038883,1.91890310443651,0.865169641130428,2.33333333333333,-2.8893403236797,-1.53685520279929,-1.8703367662716,2.7,-1.41344432692691,-0.800005476799344,-0.385052306842557,1.66666666666667,-2.45497220544376,-1.57347145853024,-1.1184755427751,1.42857142857143,-4.32172927568455,-2.35199260909913,-1.68951421083762,3.14285714285714,-1.11442480395424,-0.639161301477339,-0.360862897965791,1.85714285714286,-4.05844550965086,-2.53427396334762,-1.37804330239504,2.14285714285714,-1.78031210024352,-0.771032713978009,-0.629181834080396,1.85714285714286,-3.69673291976757,-2.18282791302861,-1.54979788919809,2.14285714285714,-2.63155024371368,-1.38611820154395,-0.863248361952391,2.33333333333333,-0.182829176189881,-0.133607781105436,-0.089924020727394,1.75,-0.150238126409654,-0.322172554578652,-0.134069237439159
"107",107,"female","Black","yr5+","Health","math02","Kinesthetic",4,0.958769288281112,0.626638450276295,0.61986647507212,2.6,1.29022452892119,0.75035779363336,0.354008583002021,2,0.320222296812263,0.556170382882507,-1.83155464048018,2.8,-1.24569295067414,-0.644334111406478,-0.382621220316864,1.33333333333333,-3.16213245021214,-1.87126202096967,-1.45200793391233,2.57142857142857,-1.36054425142765,-0.948049198136742,-0.394660868845168,3.28571428571429,-0.74371854598011,-0.497046880599497,-0.238743714310275,3.42857142857143,-0.21950026911209,-0.169897101019189,-0.121421363861572,2.57142857142857,-0.745764708972787,-0.423234049670017,-0.264630817011641,3,-0.954042286572565,-0.578693318505876,-0.365763808750224,2.28571428571429,-2.28225636154065,-1.32617336098944,-0.808745021352455,1.66666666666667,-1.52439773852751,-0.976872025198263,-0.669914541925127,1.75,0.0674594321677698,0.0922626534144375,0.141330105397059
"108",108,"female","other","yr1","STEM","stats","Visual",1.25,-3.68170230204373,-2.51201242914578,-2.13678464798172,1.6,-0.760854651316706,-0.496527180904035,-0.235935987295235,2.33333333333333,-0.0983371333699483,-0.114551925918219,-3.53923025626796,3.4,0.603930642094685,0.270523507830643,0.261145482121367,1.33333333333333,-3.12974306365663,-1.97771402623942,-1.4306679398815,2.71428571428571,-1.00774801094965,-0.793492426999795,-0.283689246607811,3.71428571428571,0.204391947266813,0.411351547677504,0.0659967967578175,3,-1.03921405304406,-0.791641871742515,-0.302466414044447,2.14285714285714,-1.48638066204376,-0.812408211123499,-0.455978580696246,2.85714285714286,-1.06288118956627,-0.82920366954427,-0.298283705783941,2.14285714285714,-2.57967415599999,-1.76910288532487,-1.01144339371254,2.66666666666667,0.51013347699982,0.252277772765867,0.23402067500196,1.5,-0.455700301521051,0.271954805686277,-0.000591391379624773
"109",109,"male","Asian","yr3","STEM","math03","Visual",3.5,0.0350671240468692,-0.0451854670859573,-0.160365982545758,1,-1.95968575222524,-1.12354304995711,-0.506476490509507,3,0.962530944239699,0.651403393425841,-0.340258159054674,5,5.14404030313939,3.25008804515714,1.55143250842355,2,-1.70475910176399,-1.2856031372707,-0.766731004934348,2.85714285714286,-0.656931931261512,-0.551750179841976,-0.155082552377173,4,0.929429847136165,0.562797018211921,0.26727348525021,2.71428571428571,-1.75385088014514,-1.07894837811317,-0.546440609490114,2.14285714285714,-1.68744517169238,-1.00819237477521,-0.742983883025491,4.28571428571429,2.30705436859851,1.34445966726883,1.00904019575699,3,-0.701652921205599,-0.423640979765793,-0.264682915050385,2,-0.831435085337812,-0.59098647132696,-0.345969846195772,1.25,-1.19998286985605,-0.652396927195811,-0.294064227814672
"110",110,"male","white","yr2","Other","math02","Auditory",1.75,-2.78534912019167,-1.76762595649694,-1.37483772203326,1.2,-1.58414135310556,-0.959716958919861,-0.39777303004052,3.33333333333333,1.49296498304452,1.03438105309787,1.25922788955197,3.2,-0.141840836461405,0.00717835136292513,-0.132262763633427,4.83333333333333,3.66059822493476,2.37492136450625,1.67030977644569,4.71428571428571,3.2810928535954,1.94443818065018,1.23235269935941,4.85714285714286,2.99532349151419,1.7849846855904,0.987426122887693,5,3.73679657201665,2.30646665724278,1.25687647338945,3.42857142857143,1.3368821980788,0.639764071108732,0.515963541021888,4.57142857142857,2.6041828239443,1.67342712610577,0.976037694947544,5,3.7350316100817,2.22691801750131,1.37973577599676,2.66666666666667,0.51013347699982,0.252277772765867,0.23402067500196,1.25,-1.19998286985605,-0.652396927195811,-0.294064227814672
"111",111,"female","white","yr2","STEM","math01","Kinesthetic",2,-2.46800785436112,-1.7327588753139,-1.62057523069405,1.4,-1.16458546536928,-0.59334824959826,-0.27795202248177,3,1.90219487711818,1.41530392380907,1.03517375814314,3.3,0.313461773579568,0.173032637275289,0.210045888752135,2.5,-0.895584437257867,-0.399385457961695,-0.414500330063281,3.71428571428571,0.92463467723612,0.562107719343739,0.292394895934206,3.71428571428571,0.224024392971994,0.127701564019921,0.0427187982133086,3.71428571428571,0.547698024124529,0.339247673790515,0.1937319813049,2.42857142857143,-1.00243344940104,-0.327760155538448,-0.334121491420492,3.42857142857143,-0.0683614729835429,0.0689773668964713,-0.0808779548771742,4.28571428571429,2.17942961049648,1.17964440990106,0.822448958372746,1.66666666666667,-1.48239801780865,-1.23429859811974,-0.588012633237163,1.25,-1.19998286985605,-0.652396927195811,-0.294064227814672
"112",112,"female","Black","yr1","Other","math01","Auditory",5,2.60286850918202,1.82029657385926,1.54819490110066,4,4.14365932765548,2.29846420625007,1.15024626438576,3,0.0321965474697825,0.177302301132149,0.216039670944113,4.6,4.32942359829048,2.43266720994182,1.43974097158153,3,0.0949275067302644,0.11765192711224,0.0417608205515849,3,-0.658318873546137,-0.307304927405721,-0.279414626178877,3,-1.5022887175622,-0.935851535078486,-0.482348422389692,3,-1.19531703207861,-0.682642974251729,-0.410263191544454,3,0.198764881314983,0.110002156595873,0.0634153015406642,3,-0.991908885088992,-0.562639153403243,-0.416865039518374,3,-0.695527539605158,-0.324404277222061,-0.214983055590222,3,1.16109640947066,0.89558989955865,0.476063462043351,3,2.80707578076872,1.72961226952725,0.709917245767817
"113",113,"female","Black","yr1","STEM","math02","Auditory",3,-0.712678915001977,-0.494457118020084,-0.32674748262584,1.4,-1.12191836166613,-0.582013608207043,-0.265855935595372,4.33333333333333,1.19560969759348,0.365713533257982,1.37509245377966,3.4,0.522554752065582,0.293107519361752,0.186593628854174,1.33333333333333,-3.09971907701798,-2.01313885351691,-1.41379836894765,1.85714285714286,-3.09895404696351,-1.78105972968035,-1.14094779008218,1.85714285714286,-4.14694262681073,-2.68665671680063,-1.31474738201338,2.28571428571429,-2.94782338510699,-1.96372831115938,-1.02342728875254,1.57142857142857,-2.93432260359529,-1.69668772912523,-1.05037132830997,2,-3.2360371284763,-1.99928114161896,-1.26278608860974,2.14285714285714,-2.61356217599742,-1.71887492234138,-1.07462597005775,2,-0.831435085337812,-0.59098647132696,-0.345969846195772,1.5,-0.618339572157551,-0.253792567892485,-0.0988048996164647
"114",114,"male","white","yr1","STEM","math04","Kinesthetic",3,-0.712678915001977,-0.494457118020084,-0.32674748262584,1.2,-1.58414135310556,-0.959716958919861,-0.39777303004052,3.33333333333333,0.553301050166047,0.270480522714647,-0.116204027645849,4.3,3.06119568230309,1.98559677910648,0.838762602012578,2.5,-0.826045031891455,-0.459309501004685,-0.385546408479144,3.28571428571429,0.282357622850373,0.0227564736416501,0.153708283856512,3.71428571428571,0.307252592671549,0.217384092011308,0.12354027441554,3.28571428571429,-0.418604637919665,-0.305498577928814,-0.0516123366150375,2.85714285714286,0.164456699453444,0.255159923642105,0.153335617766896,4.28571428571429,2.30705436859851,1.34445966726883,1.00904019575699,1.71428571428571,-3.54718034719637,-2.35071906177892,-1.43335102746247,1.66666666666667,-1.48004099448574,-1.04836516154848,-0.602015671664151,1,-1.67277738826583,-0.843783682502592,-0.351623884594771
"115",115,"female","other","yr1","Other","math02","Auditory",4,0.874888552205057,0.509432261278857,0.27265268470187,3,2.12426026929561,1.05438812467409,0.592665412781593,3,-0.907467385408693,-0.586598229251075,-1.1593922462537,2.1,-3.34183082943276,-2.0153899036508,-1.10546729735117,1.83333333333333,-2.11633745754302,-1.34054079649562,-0.966825770411063,2.42857142857143,-1.8445455041526,-1.07957669219723,-0.65939870919237,2.85714285714286,-1.8501979265666,-1.01169797192824,-0.615545686577586,3,-1.16150605328873,-0.791471194523715,-0.420237385526521,1.85714285714286,-2.12526754704496,-0.921193131459181,-0.687363277082062,2.42857142857143,-2.21408537102414,-1.30576663560935,-0.905430296740703,3.57142857142857,0.573556558869749,0.349991524531831,0.292279613852988,2.66666666666667,0.51013347699982,0.252277772765867,0.23402067500196,1.25,-1.09582716322922,-0.704946065192215,-0.249188550999356
"116",116,"male","white","yr2","STEM","other","Kinesthetic",1.5,-3.22394854644325,-2.17017041468128,-1.70638010757143,1,-1.95968575222524,-1.12354304995711,-0.506476490509507,3.66666666666667,2.01406948574079,1.12755927468037,0.926984190962007,4,2.22513670478581,1.46575508256768,0.646995258224203,2.83333333333333,-0.131844894389467,-0.2394552882125,-0.0507661331198478,3.28571428571429,0.326288302548169,-0.0346594155373507,0.234562100718745,3.42857142857143,-0.406067220265448,-0.133619762049616,-0.0988659411276785,3.28571428571429,-0.34339459012566,-0.191397604096412,-0.050363689159753,3.14285714285714,0.628809296377987,0.224702065687943,0.161981010650507,3.85714285714286,1.07808477956997,0.681919448059904,0.432219409032832,3.85714285714286,1.21472915056552,0.735666913659401,0.497835827465915,4,3.15362790427913,2.38216627044426,1.29809677028247,1.75,-0.150238126409654,-0.322172554578652,-0.134069237439159
"117",117,"female","white","yr1","Health","stats","Kinesthetic",3.75,0.436289125953471,0.106887803094519,-0.0588897008362933,1.6,-0.833052554866204,-0.632064776845355,-0.180366109102548,3.33333333333333,1.49296498304452,1.03438105309787,1.25922788955197,3.6,1.1459123802466,0.635866809817655,0.395908173987182,2.5,-0.74663654433137,-0.662113746927015,-0.331809848350308,2.14285714285714,-2.44144096155102,-1.52871063231807,-0.877227140307218,3.42857142857143,-0.490159901631459,-0.0725167713955165,-0.198445402497451,2.57142857142857,-2.16611494199352,-1.51212299580356,-0.670910064730411,2,-2.00594612385378,-1.12265533906051,-0.792219031853255,2.57142857142857,-1.74602474555133,-1.31755261140447,-0.542298455813528,2.28571428571429,-2.30845849788373,-1.48443477637511,-1.0138923715295,2.33333333333333,-0.138472432148111,-0.205100917455658,-0.0220251504664182,1,-1.67277738826583,-0.843783682502592,-0.351623884594771
"118",118,"female","Black","yr3","Business","math03","Kinesthetic",4.75,2.16426908293044,1.41775211567492,1.21665251556249,1.4,-1.12057397675268,-0.390805631313912,-0.266834475392006,3.33333333333333,-1.3260268155909,-1.2573205380518,-2.86706786204148,3.8,1.81014707811884,0.733838227945072,0.720251607885954,2.33333333333333,-1.1006655644217,-0.84951981706697,-0.489272619581012,3,-0.380156872829987,-0.540807063036994,-0.0324146008281848,3.71428571428571,0.15258325944661,0.169975854335025,-0.0234282297110715,4,1.36321744602789,0.68202476887434,0.53627501134496,2.57142857142857,-0.853793064189814,-0.310849813838578,-0.428115950589865,3.28571428571429,-0.0601037389707636,-0.37107455556102,0.0552225442837703,3.71428571428571,0.900208283046465,0.362763372686132,0.264184961646506,3.33333333333333,1.76770259789973,1.61039516270166,0.650207378823765,3.5,3.89310191521278,2.73863501092141,1.03581714375828
"119",119,"female","white","yr1","Health","stats","Kinesthetic",4.75,2.2289954896576,1.5956607483922,1.46500415106062,3.6,3.32762795750706,1.6063010659547,0.966177864699231,3.33333333333333,-0.386362882712429,-0.493420007668577,-1.49163594484367,2,-3.83776694080195,-2.00968691273855,-1.26987793333135,3.83333333333333,1.69140082106165,1.15318619200559,0.769303696283772,3.42857142857143,0.206155925880734,0.232514905282581,0.00243725670371997,3.42857142857143,-0.51684849721038,-0.214107312763985,-0.195349237124169,3,-1.16340925989973,-0.718908469012744,-0.408209274465833,3.71428571428571,1.80776908783672,0.868635172676769,0.620654915940681,3.71428571428571,0.719407926322634,0.469305299956049,0.258433497061502,3.28571428571429,-0.0476626963285086,0.0809460161861557,0.0423889882616638,2.33333333333333,-0.182829176189881,-0.133607781105436,-0.089924020727394,2.25,1.14409942128806,0.581751910822704,0.281582014181938
"120",120,"female","white","yr3","Business","math03","Visual",4.75,2.14511475358154,1.47845455939476,1.11779036069037,3.8,3.76088957140598,1.82732508919903,0.940527934806681,2.66666666666667,-2.36823582098343,-1.4436769812168,-2.20258046486156,1.9,-3.81632466813359,-2.30726605141507,-1.189802126385,2.83333333333333,-0.232447088989555,-0.0970646361175831,-0.11161027406939,2.85714285714286,-1.14344258827667,-0.361273527100472,-0.544545884637202,3,-1.5022887175622,-0.935851535078486,-0.482348422389692,3.14285714285714,-0.832943941709148,-0.418586704823858,-0.29754233796585,3.14285714285714,0.491347263716764,0.278676488509067,0.142911009350191,3.28571428571429,-0.136726872183642,-0.256540781350975,0.0197741921493289,3,-0.695527539605158,-0.324404277222061,-0.214983055590222,1.66666666666667,-1.48239801780865,-1.23429859811974,-0.588012633237163,1.5,-0.727188351446263,-0.461010171889029,-0.236504571034574
"121",121,"female","white","yr5+","STEM","math03","Kinesthetic",3,-0.712678915001977,-0.494457118020084,-0.32674748262584,1.2,-1.58414135310556,-0.959716958919861,-0.39777303004052,3.66666666666667,2.02339902184935,1.4173587127699,2.85871393815861,3,-0.693766893567773,-0.318577880021777,-0.257441991975146,1.33333333333333,-3.12157822888936,-1.94280301850961,-1.42490293483048,1.57142857142857,-3.84254103896149,-2.24312826822265,-1.43453968357607,3,-1.56118637126881,-0.619301401700232,-0.53762503172695,1.42857142857143,-5.10823314419532,-3.21321683908724,-1.75726641668641,1.28571428571429,-3.42975929303126,-1.76533249739334,-1.14259246725594,1.57142857142857,-4.23932850424699,-2.63610679927491,-1.70517385115135,1,-5.12608668929201,-2.87572657194544,-1.80970188717721,1.66666666666667,-1.48239801780865,-1.23429859811974,-0.588012633237163,1,-1.67277738826583,-0.843783682502592,-0.351623884594771
"122",122,"female","white","yr1","STEM","stats","Visual",3.5,0.183674266850086,0.249929354628755,0.435199443322615,1.8,-0.348554095220857,0.0988148906971088,-0.0938836227952359,3,0.0228670113612233,-0.112497136957383,-1.71569007625249,3,-0.526937989608224,-0.644903350942067,-0.0546878163908526,3,0.138577045466698,0.0294140206472816,0.0613794923254764,3.57142857142857,0.843291226038385,0.425056863314768,0.397266357181324,4,0.906716302477319,0.76689119758471,0.290046546374029,3.71428571428571,0.521793370811441,0.210155169889977,0.1592272891512,2.42857142857143,-1.15163641055893,-0.969746866498647,-0.565269799513086,4,1.4742551811224,0.792365332366979,0.646164147443294,3.42857142857143,0.237769510141098,0.139099272075308,-0.00259506472996567,3,1.16109640947066,0.89558989955865,0.476063462043351,1.25,-1.19998286985605,-0.652396927195811,-0.294064227814672
"123",123,"female","white","yr5+","Health","stats","Visual",2.5,-1.55250034316017,-1.0490748463849,-0.759766149873467,1.2,-1.5632102698131,-0.797748618983346,-0.442229098381723,3.66666666666667,1.08373508897087,0.653458182386678,1.48328202096079,3.9,1.94736949080751,1.27437320487712,0.58145311477668,3,0.127316893285778,0.0111999218424877,0.0631008145824118,3,-0.567088533131039,-0.396103724729706,-0.179661985094928,3.85714285714286,0.587341392870125,0.357480588432736,0.197265780073297,3.28571428571429,-0.47266429933277,0.011451454767414,-0.182072800406256,2.28571428571429,-1.4253545041983,-0.330996452906933,-0.553439099520229,3.42857142857143,0.0723870812007996,0.0868188884088424,0.0434513059064952,3.42857142857143,0.22559411986517,0.356868845531274,0.188563378659826,3.66666666666667,2.50266497180829,1.73885414365148,1.05605398324108,1,-1.67277738826583,-0.843783682502592,-0.351623884594771
"124",124,"male","white","yr1","STEM","math03","Visual",1,-4.08292430395033,-2.66408569932625,-2.23826092969118,1,-1.95968575222524,-1.12354304995711,-0.506476490509507,4,2.54450352454561,1.5105369343524,2.52647023956865,5,5.14404030313939,3.25008804515714,1.55143250842355,2.66666666666667,-0.468049769707938,-0.358333430337423,-0.213899217853962,3.42857142857143,0.606942999890319,0.209581890684073,0.278287305712623,4.14285714285714,1.30106956601857,0.885641122277273,0.443954629401944,4.14285714285714,1.60500297104713,1.00170008667174,0.5270919409811,2.28571428571429,-1.4407772877888,-0.582519101073791,-0.60144763302606,4.28571428571429,2.09228958647847,1.38219828786008,0.831333396130951,3.85714285714286,1.17410434536894,0.623857852999241,0.312250346245645,4,3.15362790427913,2.38216627044426,1.29809677028247,2.5,1.47645684207335,0.146889435348884,0.128361086531768
"125",125,"male","white","yr1","STEM","stats","Kinesthetic",4,0.874888552205057,0.509432261278857,0.27265268470187,2.4,0.828001537481759,0.372654442920542,0.222091488556873,3,0.0228670113612233,-0.112497136957383,-1.71569007625249,3.9,1.85590492653367,1.06773740439799,0.519247376784584,3.5,1.11716339244252,0.658986735751133,0.515364980135161,3.14285714285714,-0.408974943726449,-0.175945811638664,-0.203815504533103,2.85714285714286,-1.8631932137016,-1.03760443922736,-0.605623466422023,3.57142857142857,0.253635725983545,0.187394184673121,0.100421517149556,3.28571428571429,0.744830903287122,0.246656319189127,0.175301613514773,3,-0.819101204022217,-0.530492794551433,-0.300957118576319,2.85714285714286,-1.01137985029266,-0.764129979749286,-0.399421026816405,3,1.16109640947066,0.89558989955865,0.476063462043351,2.25,1.14409942128806,0.581751910822704,0.281582014181938
"126",126,"male","Black","yr1","STEM","math03","Kinesthetic",1.75,-2.85007552691883,-1.94553458921421,-1.62318935753139,1,-1.95968575222524,-1.12354304995711,-0.506476490509507,3.66666666666667,2.95373341861926,1.89145980506359,2.30241610815982,4.8,4.65625320651626,2.85164737119921,1.45692150876639,2.5,-0.847169973925116,-0.572156858381736,-0.390063529308094,2.71428571428571,-1.0073213184144,-0.772712946519753,-0.261648299748564,3.42857142857143,-0.538745638037404,-0.190099591418463,-0.249121513400277,2,-3.56517672857676,-2.21304180646589,-1.16984617176273,2.14285714285714,-1.6296466605826,-1.31008157979027,-0.549209275441984,3.57142857142857,0.578475810683846,0.246112997848668,0.255367602337302,3.57142857142857,0.576192429457696,0.184055776532174,0.272206901632981,3,1.16109640947066,0.89558989955865,0.476063462043351,1.25,-1.19998286985605,-0.652396927195811,-0.294064227814672
"127",127,"female","white","yr1","STEM","stats","Kinesthetic",3.75,0.60405059810558,0.341300181089394,0.635537879904208,3.2,2.50864232820873,1.34813402572982,0.581071557671725,4,-0.274488274089816,-0.781164656797273,-1.5998255120248,3.4,0.637052176868125,0.345794450518493,0.229865575899387,3.83333333333333,1.71495992801851,1.14257260784074,0.780881700201459,2.85714285714286,-1.01592813002603,-0.484524851726674,-0.400149561501889,3.28571428571429,-0.738708238897274,-0.622283626584516,-0.1830311330377,3,-1.19531703207861,-0.682642974251729,-0.410263191544454,3,0.212606731440486,0.0232615112424603,0.0846422472800548,3.14285714285714,-0.562629813924485,-0.331868319100447,-0.245868297386518,3.42857142857143,0.259844798156973,0.265834062738606,0.0778869572976564,4,3.15362790427913,2.38216627044426,1.29809677028247,4,5.047002365286,3.01631024554217,1.24068781094911
"128",128,"female","white","yr3","STEM","math04","Visual",2.25,-2.07498050548781,-1.56882549356667,-1.43852232578188,1.8,-0.348554095220857,0.0988148906971088,-0.0938836227952359,4,-0.265158737981257,-0.491365218707741,0.331904235171801,3.2,0.00308118195286591,-0.119477851154819,0.105702593614119,2.83333333333333,-0.202423102350901,-0.132489463395071,-0.0947407031355433,3.28571428571429,0.169278589539942,0.109707656169415,0.0997607204473405,3.85714285714286,0.563154761537115,0.438425119646237,0.159306548727344,3.71428571428571,0.632422172840864,0.321348269136127,0.238478138523128,3,0.0563526173044852,0.346700227307552,-0.0654692204644644,3.42857142857143,0.022109396713855,0.0945826370498624,-0.0232222545847641,3.28571428571429,-0.0644921768844913,-0.0812141235555245,-0.0604281692603253,1.66666666666667,-1.48239801780865,-1.23429859811974,-0.588012633237163,1.5,-0.623032644819437,-0.513559309885433,-0.191628894219258
"129",129,"male","white","yr1","STEM","math04","Kinesthetic",3.75,0.436289125953471,0.106887803094519,-0.0588897008362933,1.4,-1.18766587069342,-0.633922527946093,-0.333525637912736,3.33333333333333,0.562630586274606,0.560279960804179,1.81552571955075,3.4,0.5524364511515,0.049166155445814,0.198594857643712,1.16666666666667,-3.48773832584015,-2.07869009690668,-1.60231513050668,3.28571428571429,0.280377462060504,0.109941949662522,0.171343355849792,1.71428571428571,-4.57204249289761,-2.78175661478632,-1.47555092505681,3,-1.06721215435024,-0.754752485479651,-0.334222422217156,1.57142857142857,-2.79341906576216,-1.19476005460831,-0.9879834527131,3.14285714285714,-0.418467249721622,-0.387763625890643,-0.0653723279210042,2.14285714285714,-2.63416018058562,-1.51662860046522,-0.860985938678031,2.33333333333333,-0.182829176189881,-0.133607781105436,-0.089924020727394,1.75,-0.0460824197828283,-0.374721692575056,-0.0891935606238431
"130",130,"female","white","yr2","Business","math03","Visual",4.5,1.70651532732996,1.07591010121042,0.786247975152202,4,4.13643397052566,1.99115118023628,1.04923139527567,2.66666666666667,-2.35890628487487,-1.15387754312726,-0.270850717664956,2.7,-1.50725348161549,-1.1041644114027,-0.514783382899755,1.33333333333333,-3.14513733584623,-1.93218943434476,-1.43648093874816,1.14285714285714,-4.9485466803758,-2.80079028261945,-1.91978864594781,2.28571428571429,-3.29043708625856,-1.81445362446648,-1.1242435168684,2.71428571428571,-1.9398466367624,-0.895089300857821,-0.691139869782136,1.85714285714286,-2.2791902948514,-1.39557957958417,-0.764720847322923,1,-5.61442996189565,-3.46421763982698,-2.21898288864101,2.42857142857143,-1.98806290288265,-1.33471915055621,-0.824101927103928,1.66666666666667,-1.48239801780865,-1.23429859811974,-0.588012633237163,2.25,1.15348556661183,1.1012853948086,0.467230003387524
"131",131,"female","white","yr2","Business","math02","Kinesthetic",2.75,-1.29169083102349,-1.20397650948588,-1.33443191723508,1.4,-1.11331864511224,-0.619778993593454,-0.289065832333255,3.66666666666667,0.144071156092395,-0.110442347996547,0.107850103762977,2.4,-2.52267348068803,-1.6591202573021,-0.929781182739463,3.16666666666667,0.40250375773826,0.195535736747187,0.180064569009032,4,1.59720258810384,1.03630189860477,0.519133790295739,4.42857142857143,1.96410781182046,0.971866659453934,0.648949118375181,3.85714285714286,0.839081297274426,0.472973174740653,0.244786483081125,3,0.344126848872056,0.317582345076494,0.201291088303288,4.28571428571429,2.10451414734333,1.34743165497462,0.841434523689551,4.28571428571429,2.1483027881462,1.22514893373394,0.785973810234529,2.66666666666667,0.46813375628096,0.509704345687348,0.152118766313997,2,0.458300416962735,0.235696689515782,0.0414470091684137
"132",132,"female","white","yr1","Other","math02","Visual",4.25,1.26791590107837,0.673365643026083,0.454705589614039,3,2.10252424888492,1.20502182321939,0.536113257553992,3,0.962530944239699,0.651403393425841,-0.340258159054674,2.5,-2.19934097301862,-1.43789037170702,-0.718876881449054,3,0.115391296273473,0.123735251872405,0.0608251517772299,3.42857142857143,0.412098419502971,0.186471239447513,0.139543125393369,4.42857142857143,1.9561394190367,1.20251053128608,0.639816582439729,3.85714285714286,0.963388292115264,0.511397182525403,0.327708888849804,2.28571428571429,-1.54385541165656,-0.652858513132907,-0.655118245899472,2.71428571428571,-1.39219855283652,-1.16305026289987,-0.431314270958903,2.71428571428571,-1.32858112201793,-1.1134598920859,-0.683586255051906,2.66666666666667,0.554490221041589,0.180784636415644,0.301919545262936,1,-1.67277738826583,-0.843783682502592,-0.351623884594771
"133",133,"female","white","yr5+","STEM","other","Kinesthetic",4,0.931420305898933,0.699201005562881,0.601580943402697,2,0.105904091293525,-0.334604799978804,0.0390053659052521,3.33333333333333,-0.386362882712429,-0.493420007668577,-1.49163594484367,2.9,-0.878646096086083,-0.697410386264572,-0.240715933924525,2.16666666666667,-1.52163623938069,-0.840258015481003,-0.693822723036807,2.85714285714286,-0.723137996389886,-0.516961385939236,-0.212172238423876,3.42857142857143,-0.479110409894038,-0.223604838942871,-0.18880792914131,3.71428571428571,0.602719636640242,0.302789284248262,0.21085508281081,2.85714285714286,-0.234695079306637,0.0738793573707736,-0.335855736369993,3.14285714285714,-0.460424350774885,-0.317878646447578,-0.12717120660499,2.14285714285714,-2.58167078045914,-1.61799548635722,-1.08947968729156,1,-2.82396658014628,-2.07756284221257,-1.1680031544349,1.75,-0.150238126409654,-0.322172554578652,-0.134069237439159
"134",134,"female","other","yr1","STEM","stats","Auditory",3.75,0.584896268756688,0.402002624809231,0.536675725032079,2.2,0.42937673303794,0.168254073535456,0.0578144126569202,3,-0.907467385408693,-0.586598229251075,-1.1593922462537,2.7,-1.58794728457852,-1.02303468209251,-0.556429815033029,3.5,1.12532822720979,0.693897743480944,0.521129985186183,2.71428571428571,-1.40380206097811,-0.495702262024763,-0.59440014845333,3.57142857142857,-0.145563104528494,-0.21497216018332,-0.0316697193287278,3.71428571428571,0.611323327100208,0.360135848920916,0.188560388382443,2.42857142857143,-1.03082424267991,-0.601940344718098,-0.414923776777644,3.42857142857143,-0.000366160343549943,0.146087685201834,-0.0657379380087175,3.57142857142857,0.57692074282303,0.453951666226168,0.315272045106155,2.33333333333333,-0.138472432148111,-0.205100917455658,-0.0220251504664182,2.5,1.75733103732233,1.39938789691009,0.549922255392304
"135",135,"female","white","yr1","Other","math01","Visual",2.5,-1.487773936433,-0.871166213667623,-0.511414514375345,1.8,-0.319562743169736,-0.280792170127732,-0.0595628245088839,3.66666666666667,0.162730228309513,0.469156528182518,3.97130959815618,2.4,-2.65343608239053,-1.36844419361887,-0.980854245411763,2.16666666666667,-1.50324576268659,-0.977604588623557,-0.686255493215466,2.71428571428571,-1.37481746411165,-0.724083217487751,-0.587007337402643,2.42857142857143,-2.85333542831813,-1.83043797193782,-0.908081544585049,3.42857142857143,-0.178212988093142,-0.0581253174293224,-0.0873780677715128,2.71428571428571,-0.411987614721352,-0.343958396709838,-0.0933849135402844,2.28571428571429,-2.61275482680322,-1.56897833660915,-1.03450787580584,3,-0.695527539605158,-0.324404277222061,-0.214983055590222,2,-0.831435085337812,-0.59098647132696,-0.345969846195772,2,0.567149196251447,0.442914293512327,0.179146680586523
"136",136,"female","white","yr3","Business","math02","Kinesthetic",4.25,1.33264230780553,0.851274275743358,0.703057225112161,1.8,-0.371634500544999,0.0582406123492756,-0.149457238226202,3.33333333333333,-1.31669727948235,-0.967521099962269,-0.935338114844879,2.6,-1.73332198941284,-1.12128024391081,-0.452430766003849,2.16666666666667,-1.48145537582155,-0.995506660081217,-0.677741387324398,2.57142857142857,-1.35856409063778,-1.03523467415761,-0.412295940838448,3.57142857142857,-0.143150600769763,-0.0869460399193743,-0.000397781501070393,3,-1.16340925989973,-0.718908469012744,-0.408209274465833,2,-2.08079441754115,-1.20126165719295,-0.82748332735223,4,1.51909844418667,0.901074684862178,0.664257541653806,3.14285714285714,-0.356697428375922,-0.177892473211372,-0.0434530122985582,1.33333333333333,-2.17536067099835,-1.62018415199105,-0.911957328966517,3,2.72512224715391,1.68165955032181,0.552474492759073
"137",137,"female","Black","yr1","STEM","math03","Kinesthetic",2.75,-1.19778165298463,-0.763736577197997,-0.775437554705554,1.6,-0.737774245992565,-0.455952902556202,-0.180362371864268,4.33333333333333,0.265275300823567,-0.10838755903571,1.93139028377844,4,2.22513670478581,1.46575508256768,0.646995258224203,2.33333333333333,-1.18167489415811,-0.631312749664211,-0.552723176007345,3.42857142857143,0.256373097814269,0.341991209979191,0.00875420187680875,4.14285714285714,1.25381506382619,0.846970881378876,0.415766832823517,3.85714285714286,1.06876613478826,0.751601541071077,0.441580278710217,2.14285714285714,-1.5781635935181,-0.507700746086675,-0.56519792967324,3.85714285714286,1.30564775544488,0.678299759175804,0.666660213253833,2.28571428571429,-2.25302243182327,-1.75633103717057,-1.03953804591902,2.66666666666667,0.51013347699982,0.252277772765867,0.23402067500196,1,-1.67277738826583,-0.843783682502592,-0.351623884594771
"138",138,"female","white","yr3","STEM","other","Auditory",2.75,-1.15127834125356,-0.897001576204422,-0.658289868164003,1.6,-0.737774245992565,-0.455952902556202,-0.180362371864268,4,1.61416912777569,1.03643584205871,3.08276806956743,4,2.26968289069664,1.30750331344471,0.643634197698984,2.83333333333333,-0.202423102350901,-0.132489463395071,-0.0947407031355433,4.14285714285714,2.02101359599832,1.22991857163819,0.75906879548835,4.57142857142857,2.29299913630368,1.42944503568319,0.763376373271481,4.85714285714286,3.43603379002669,2.02470387794176,1.17383259260178,3.28571428571429,1.01293921294278,0.596400916568242,0.322587261950255,4.71428571428571,3.14807844422892,1.92647804952305,1.28130385758404,3.57142857142857,0.619424174749625,0.0748657068012539,0.0647468206909533,1.33333333333333,-2.17536067099835,-1.62018415199105,-0.911957328966517,1,-1.67277738826583,-0.843783682502592,-0.351623884594771
"139",139,"female","white","yr1","Business","math03","Kinesthetic",2,-2.43882508304942,-1.47042757574329,-1.30993250366265,1.2,-1.58414135310556,-0.959716958919861,-0.39777303004052,4,0.674505194897219,0.272535311675484,1.70733615236962,2.6,-2.04879098261036,-0.849389924939699,-0.736421034355932,3.83333333333333,1.73195504238443,1.08164519446565,0.796408695365621,4.14285714285714,1.93013029647638,1.10182557892462,0.658275418214594,4.14285714285714,1.21755601936031,0.803764844634197,0.385935502172097,3.85714285714286,0.94848912913976,0.790366903293427,0.288960741514748,4.42857142857143,3.35998675519011,1.57151640934695,1.25178641269617,4.14285714285714,1.65555294950426,1.15226928606445,0.615464113590321,4.14285714285714,1.82477491991102,1.16684682661985,0.666916892940625,2,-0.833792108660722,-0.776919907898219,-0.331966807768785,1.5,-0.623032644819437,-0.513559309885433,-0.191628894219258
"140",140,"female","white","yr1","STEM","math03","Visual",3,-0.77740532172914,-0.672365750737359,-0.575099118123962,1.4,-1.20859695398588,-0.795890867882608,-0.289069569571534,3.33333333333333,1.49296498304452,1.03438105309787,1.25922788955197,2.9,-0.8952863246241,-0.707922955834192,-0.174013181520606,1.5,-2.84402596452002,-1.82949438159717,-1.30346875730688,1.57142857142857,-3.84296773149674,-2.26390774870269,-1.45658063043532,1.57142857142857,-4.86983288863468,-2.93927606623777,-1.5700810935813,2.28571428571429,-2.94619740360947,-1.70370336484169,-1.05966012294533,1.57142857142857,-2.88265533950441,-1.35184011202084,-1.02042711984712,1.71428571428571,-3.90311315048402,-2.43227318646768,-1.54368435206114,2.14285714285714,-2.56620885939729,-1.71090288727753,-0.93161866744372,3,1.16109640947066,0.89558989955865,0.476063462043351,1.5,-0.727188351446263,-0.461010171889029,-0.236504571034574
"141",141,"female","white","yr2","Other","other","Auditory",1.5,-3.28048030013713,-2.3599391589653,-2.03530836627225,1,-1.95968575222524,-1.12354304995711,-0.506476490509507,3.33333333333333,1.49296498304452,1.03438105309787,1.25922788955197,3,-0.693766893567773,-0.318577880021777,-0.257441991975146,4.66666666666667,3.36898257803859,2.04563846181906,1.55105657017966,4.28571428571429,2.33974348705156,1.21944573266984,0.918115252069954,5,3.31367547972593,1.91915665923684,1.0979722632391,4,1.27073976996902,0.811911841495528,0.423306640922497,3.42857142857143,1.40730043073298,0.431829214560207,0.674753196215968,4.42857142857143,2.4704620412947,1.51614692122424,1.05462177390515,5,3.7350316100817,2.22691801750131,1.37973577599676,3,1.16109640947066,0.89558989955865,0.476063462043351,3,2.80707578076872,1.72961226952725,0.709917245767817
"142",142,"female","white","yr2","STEM","other","Visual",3.75,0.473666550298455,0.357358991098381,0.171176402992405,2.6,1.30607957711551,0.483619045967406,0.30856732932289,3.33333333333333,-0.386362882712429,-0.493420007668577,-1.49163594484367,4,2.22513670478581,1.46575508256768,0.646995258224203,1.5,-2.8058371431141,-1.83000820114485,-1.28083418132201,1.28571428571429,-4.52430466623229,-2.63757967172119,-1.71992307771885,2,-3.89900885072892,-2.23497181733355,-1.28811364363703,1.85714285714286,-4.05472608016025,-2.44023090719334,-1.41702482056882,1.71428571428571,-2.87697334823306,-1.26344608424279,-1.21925852691728,1.42857142857143,-4.57105219011572,-2.92822829462562,-1.78458475691103,2,-2.9301212048173,-1.73152365439765,-1.06611706520434,2.66666666666667,0.51013347699982,0.252277772765867,0.23402067500196,1.5,-0.623032644819437,-0.513559309885433,-0.191628894219258
"143",143,"female","white","yr3","Health","stats","Kinesthetic",2.75,-1.11390091690858,-0.64653038820056,-0.428223764335304,1,-1.95968575222524,-1.12354304995711,-0.506476490509507,3.33333333333333,-0.36770381049531,0.0861788685104876,2.37182354954954,3,-0.693766893567773,-0.318577880021777,-0.257441991975146,4,2.04056580364651,1.35000068377775,0.931188896795814,4,1.63391339847463,1.02262885178259,0.58581841920635,4,0.905693381081866,0.491652562079174,0.307811920424704,4,1.27073976996902,0.811911841495528,0.423306640922497,4,2.38541100394563,1.21601579963804,0.850443583516211,4,1.31935165331434,0.888150089808624,0.484193885042945,4,1.51975203523827,0.951256870139627,0.58237636020327,2,-0.831435085337812,-0.59098647132696,-0.345969846195772,2,0.567149196251447,0.442914293512327,0.179146680586523
"144",144,"female","white","yr1","Other","math02","Kinesthetic",4.5,1.77124173405712,1.2538187339277,1.03459961065032,2.4,0.90154382594471,0.699400015754993,0.165543070567552,3,-1.84713131828717,-1.3504987596343,-2.53482416345152,2.6,-1.72499471923035,-1.17120493935194,-0.530686532154236,2.66666666666667,-0.592872223755341,-0.31209322669454,-0.271774152324496,3.28571428571429,-0.144580502165315,0.228443928642357,-0.103087754477863,3,-1.45083435594251,-1.01818479322069,-0.405925022277096,3,-1.17871343420867,-0.906164323869024,-0.375647996669789,3,0.183649702323437,0.427636563173963,0.00380051487978741,3.57142857142857,0.443254409550341,0.306289289897688,0.148371007904327,2.42857142857143,-1.95543477668645,-1.00982708462308,-0.719472458495836,3,1.16109640947066,0.89558989955865,0.476063462043351,1.5,-0.727188351446263,-0.461010171889029,-0.236504571034574
"145",145,"female","white","yr1","Other","math01","Visual",3.5,0.183674266850086,0.249929354628755,0.435199443322615,2.4,0.914680129801514,0.586531702596107,0.245305122533035,2,-0.610112099957654,0.082069290588815,-1.27525681048139,2.8,-1.32915203088345,-0.566213753379126,-0.441914430068578,2,-1.85071079018598,-1.11469682955327,-0.847667255692644,3.42857142857143,0.272361991009108,0.197726111379841,0.0595269427504223,3.28571428571429,-0.754188903009777,-0.488938081349318,-0.206820853526492,3.71428571428571,0.579605796303417,0.3029821790295,0.19578589838352,3.57142857142857,1.54572466801699,0.633849082352343,0.648782528297861,3,-0.991908885088992,-0.562639153403243,-0.416865039518374,3.85714285714286,1.20291641858396,0.912629667306187,0.515135273148325,2.66666666666667,0.51013347699982,0.252277772765867,0.23402067500196,2.25,1.03994371466123,0.634301048819108,0.236706337366621
"146",146,"female","white","yr2","Health","stats","Kinesthetic",2.75,-1.23515907732962,-1.01420776520186,-1.00550365853425,1.6,-0.760854651316706,-0.496527180904035,-0.235935987295235,3.33333333333333,-0.386362882712429,-0.493420007668577,-1.49163594484367,2.1,-3.30976259781653,-2.0833026748961,-1.05064218446671,2,-1.80059637176776,-1.22774597913087,-0.822757016902594,2.71428571428571,-1.19906168100355,-0.701858304011683,-0.480769380923859,3.57142857142857,-0.204985858931934,0.0980049697910373,-0.117225655376776,3.28571428571429,-0.543376891438872,-0.45146698553897,-0.219534429076527,3.28571428571429,0.951929641361816,0.327264639189906,0.349100038626741,3.14285714285714,-0.503724308864655,-0.531276160256874,-0.158886401629274,2.57142857142857,-1.65373154234872,-0.755835150474192,-0.587337282375549,1.66666666666667,-1.52439773852751,-0.976872025198263,-0.669914541925127,1,-1.67277738826583,-0.843783682502592,-0.351623884594771
"147",147,"male","white","yr3","STEM","stats","Kinesthetic",1,-4.08292430395033,-2.66408569932625,-2.23826092969118,1,-1.95968575222524,-1.12354304995711,-0.506476490509507,5,1.31681384232466,0.367768322218818,3.19863263379512,3.6,1.17775691162061,0.571506047829898,0.406989663540253,4,2.04056580364651,1.35000068377775,0.931188896795814,4,1.63391339847463,1.02262885178259,0.58581841920635,4,0.905693381081866,0.491652562079174,0.307811920424704,4,1.27073976996902,0.811911841495528,0.423306640922497,4,2.38541100394563,1.21601579963804,0.850443583516211,4,1.31935165331434,0.888150089808624,0.484193885042945,4,1.51975203523827,0.951256870139627,0.58237636020327,2,-0.831435085337812,-0.59098647132696,-0.345969846195772,1.75,-0.0366962744590559,0.144811791410841,0.0964544285817431
"148",148,"female","white","yr1","STEM","stats","Auditory",3,-0.740027897384156,-0.421894562733497,-0.345033014295263,2,0.0559816559499417,-0.116966079090479,0.0491406359601024,3,-0.907467385408693,-0.586598229251075,-1.1593922462537,2.4,-2.3539222820115,-1.51834347089961,-0.666604397691051,1.5,-2.78227803615724,-1.8406217853097,-1.26925617740432,2.28571428571429,-2.14848861565867,-1.37348132798008,-0.791147526060538,2.14285714285714,-3.59840817792782,-2.05124334968112,-1.19438518345669,2.28571428571429,-2.88342226375122,-1.85214942235075,-0.974314808235189,1.71428571428571,-2.50939746360975,-1.29289198233948,-0.84796952838181,2.14285714285714,-2.97956573837857,-1.80065666616797,-1.20769726741994,1.71428571428571,-3.54036276855628,-2.16983184864923,-1.33475505679651,2,-0.831435085337812,-0.59098647132696,-0.345969846195772,2,0.436098243950727,0.336198546717623,0.154014085361842
"149",149,"female","white","yr1","STEM","stats","Kinesthetic",3.75,0.436289125953471,0.106887803094519,-0.0588897008362933,1.6,-0.739118630906017,-0.647160879449333,-0.179383832067634,3,1.90219487711818,1.41530392380907,1.03517375814314,3.3,0.328555704597019,0.0390111306928772,0.146407362637121,3,0.165505714691698,0.0106861022948102,0.0857353905672804,3.71428571428571,1.13624357193074,0.58028616765276,0.483345971428003,3.71428571428571,0.202558578215834,0.140346159116382,0.0762851930700855,3,-1.13580017169219,-0.534367593961476,-0.377837534772524,3.42857142857143,1.26066513430986,0.455142787304263,0.498489568531858,3.42857142857143,0.154537367464516,0.0503029277601887,0.0962323243916316,2.85714285714286,-1.007368002918,-0.720881446831985,-0.398119558993539,3,1.16109640947066,0.89558989955865,0.476063462043351,1.5,-0.623032644819437,-0.513559309885433,-0.191628894219258
"150",150,"male","white","yr2","STEM","math02","Visual",2.25,-2.01025409876064,-1.3909168608494,-1.19017069028376,1.2,-1.54012986448896,-0.757174340635513,-0.386655482950756,3.33333333333333,-0.386362882712429,-0.493420007668577,-1.49163594484367,4,2.37698627468979,1.44295981878007,0.894090814095952,3.83333333333333,1.69067090356485,1.09885592293834,0.78126044668871,3.71428571428571,1.00803334420975,0.801875867124746,0.360597177040815,3.57142857142857,-0.0788469311272444,-0.139815954861716,-0.0440376216493064,3.28571428571429,-0.543455344835792,-0.246890410372019,-0.251634310808931,1.57142857142857,-3.08031945689259,-1.27504035874346,-1.26631056759278,3.42857142857143,0.113844314651929,-0.222048218155527,0.0465879426594173,3,-0.670374838080112,-0.604379341670556,-0.199237915430813,2,-0.831435085337812,-0.59098647132696,-0.345969846195772,1.5,-0.727188351446263,-0.461010171889029,-0.236504571034574
"151",151,"male","white","yr1","Health","stats","Auditory",1.25,-3.68170230204373,-2.51201242914578,-2.13678464798172,1,-1.95968575222524,-1.12354304995711,-0.506476490509507,4.33333333333333,1.19560969759348,0.365713533257982,1.37509245377966,4,2.22513670478581,1.46575508256768,0.646995258224203,1.66666666666667,-2.54387212509295,-1.3815928241199,-1.16742688262038,4.85714285714286,3.68642846332783,2.11105467730619,1.39402740576339,4.42857142857143,1.87195727718351,1.16910456962216,0.612564455616849,5,3.73679657201665,2.30646665724278,1.25687647338945,3.71428571428571,1.74412054532725,0.828167004743564,0.586020048268555,1.14285714285714,-5.37316308815128,-3.25798699807826,-2.1670084126309,4.28571428571429,2.14842811520542,1.38636124258299,0.832753950661531,2.33333333333333,-0.180472152866971,0.0523256554658236,-0.103927059154382,1,-1.67277738826583,-0.843783682502592,-0.351623884594771
"152",152,"female","white","yr1","STEM","stats","Visual",3.25,-0.282274141783679,-0.0800525482689966,0.0853715261150288,2.8,1.60136580392703,1.05348294182469,0.394063801357009,3.33333333333333,1.49296498304452,1.03438105309787,1.25922788955197,3.2,0.0998699515386021,-0.16663107794333,0.135830333325305,3.33333333333333,0.786693479309051,0.460967081446327,0.369480212822144,4.14285714285714,2.04165586153219,1.12283935289777,0.751899000476293,3,-1.55374307918188,-0.853518276936278,-0.558771822502288,3.42857142857143,-0.017424519805789,-0.0758096097400331,0.0450006920742107,2.85714285714286,-0.0265843692905147,-0.203153307054216,0.105609178680949,4,1.45371003682386,0.765010734450395,0.63118833807742,3.42857142857143,0.279033561466475,0.236079983703458,0.0848814106912809,2,-0.831435085337812,-0.59098647132696,-0.345969846195772,1.25,-1.09582716322922,-0.704946065192215,-0.249188550999356
"153",153,"female","white","yr1","STEM","stats","Kinesthetic",2.75,-1.2625080597118,-0.941645209915272,-1.02378919020368,1,-1.95968575222524,-1.12354304995711,-0.506476490509507,3.66666666666667,1.08373508897087,0.653458182386678,1.48328202096079,2.9,-0.791411945664221,-0.72972070243897,-0.110053789215039,2.66666666666667,-0.500439156263451,-0.251881425067671,-0.235239211884789,3.71428571428571,1.24621998244571,0.658079355511609,0.554535188719333,3.85714285714286,0.554448794316609,0.38602410562454,0.145137037870183,3.71428571428571,0.570890317858274,0.134478203842325,0.240901047464594,2.14285714285714,-1.54635230207,-0.804706265722583,-0.419186768585046,3.71428571428571,0.786634014816146,0.332018689601667,0.35029007462602,3.57142857142857,0.613745241661092,0.305181903246745,0.208164168202249,2,-0.871077782733762,-0.14762646183422,-0.441874793310724,2.25,1.12189724827605,0.682253768024545,0.394149090375366
"154",154,"female","white","yr1","Health","stats","Kinesthetic",4.5,1.77124173405712,1.2538187339277,1.03459961065032,1.4,-1.16458546536928,-0.59334824959826,-0.27795202248177,4.33333333333333,1.20493923370204,0.655512971347514,3.30682220097626,2.7,-1.5120515014548,-1.03964223034814,-0.45936944435598,4.66666666666667,3.38024273021951,2.06385256062385,1.54933524792272,4.71428571428571,3.39219172611596,1.94467247414329,1.30393533476187,4.57142857142857,2.31136501289833,1.47797049739912,0.738146045606453,4.85714285714286,3.37442348164718,2.04241038781491,1.14415561981084,4.42857142857143,3.26947715258182,1.6453301131591,1.18095490464066,4.71428571428571,2.94299102541141,1.87859269025518,1.08937873678699,4.71428571428571,3.1249858407362,1.79573810454086,1.21065471052205,1,-2.82396658014628,-2.07756284221257,-1.1680031544349,1.75,0.0580732868439974,-0.42727083057146,-0.0443178838085268
"155",155,"female","white","yr3","Other","other","Kinesthetic",5,2.60286850918202,1.82029657385926,1.54819490110066,3,2.05851276026832,1.00247920493504,0.524995710464229,3.33333333333333,-0.37703334660387,-0.203620569579045,0.440093802352938,2.6,-1.69570335499172,-1.38339295176391,-0.464922025153272,4.83333333333333,3.66059822493476,2.37492136450625,1.67030977644569,5,3.9261456704954,2.35256263097091,1.45105146459158,5,3.31367547972593,1.91915665923684,1.0979722632391,5,3.73679657201665,2.30646665724278,1.25687647338945,4.28571428571429,3.3000908420958,1.60006228691386,1.3438979294605,5,3.63061219171766,2.33893933302049,1.38525280960426,4.85714285714286,3.4113784147873,2.00740360153818,1.21389871827586,2,-0.833792108660722,-0.776919907898219,-0.331966807768785,2,0.426712098626955,-0.183334937268275,-0.0316339038437446
"156",156,"male","white","yr2","Other","math02","Visual",3.25,-0.282274141783679,-0.0800525482689966,0.0853715261150288,2,0.0769127392424039,0.0450022608460361,0.00468456761890011,4.33333333333333,0.265275300823567,-0.10838755903571,1.93139028377844,2.3,-2.70618429188254,-1.61469454967297,-0.83821087767716,1.66666666666667,-2.45497220544376,-1.57347145853024,-1.1184755427751,2,-3.04857466277376,-1.48391758643318,-1.23652855374043,3,-1.39310949672047,-0.987623351572476,-0.409660086482453,3,-1.26142258832883,-0.849670234211086,-0.455242719601413,3,0.284816054199335,0.330535938820031,0.0587588984304172,3.28571428571429,-0.378725140265442,-0.0309179975093954,-0.294497517947421,3.28571428571429,-0.0356801036694717,0.207557690751421,0.142456757642355,3,1.16109640947066,0.89558989955865,0.476063462043351,2,0.540253950577553,0.283649408721219,0.198889762177158
"157",157,"female","white","yr1","Other","stats","Visual",3.5,0.0350671240468692,-0.0451854670859573,-0.160365982545758,2,0.0769127392424039,0.0450022608460361,0.00468456761890011,3.66666666666667,0.144071156092395,-0.110442347996547,0.107850103762977,2.8,-1.2391989446855,-0.819434164551623,-0.37340828842411,3,0.0980228241439181,0.100955018187223,0.0342744932436271,3.71428571428571,1.00150924435309,0.747280334635786,0.324780460341069,4,0.821511239228676,0.45824660041525,0.280559793601824,3.85714285714286,0.933573967929465,0.381680787123017,0.322906287790193,3.28571428571429,0.918583664123066,0.728416696849398,0.39397968563455,4,1.37232897470663,1.01592362375879,0.501690758896222,2.85714285714286,-1.03435765083439,-0.470916081232749,-0.386513098881886,2.33333333333333,-0.182829176189881,-0.133607781105436,-0.089924020727394,1.75,-0.150238126409654,-0.322172554578652,-0.134069237439159
"158",158,"female","white","yr3","Business","math02","Auditory",1,-4.08292430395033,-2.66408569932625,-2.23826092969118,1,-1.95968575222524,-1.12354304995711,-0.506476490509507,3,0.971860480348258,0.941202831515373,1.59147158814193,3.1,-0.412838556834444,-0.00183712905110885,-0.213376162426923,4.83333333333333,3.66059822493476,2.37492136450625,1.67030977644569,4.71428571428571,3.39219172611596,1.94467247414329,1.30393533476187,4.42857142857143,1.9826155408757,1.0646291902046,0.661962768855527,4.42857142857143,2.35433838330335,1.38202649696316,0.792555561231797,4.57142857142857,3.62801933791384,1.90041707456007,1.34375235647851,4.85714285714286,3.30700850660391,2.12616760257335,1.27502611294451,4.57142857142857,2.77702340173162,1.80261542554031,1.10693847532889,2,-0.831435085337812,-0.59098647132696,-0.345969846195772,1,-1.67277738826583,-0.843783682502592,-0.351623884594771
"159",159,"male","other","yr2","Business","math03","Kinesthetic",2,-2.53273426108828,-1.91066750803117,-1.86892686619217,1,-1.95968575222524,-1.12354304995711,-0.506476490509507,4.66666666666667,0.786379803519831,-0.0152093374532124,1.59914658518848,3.3,0.258977941840008,0.195975899983471,0.167114278061031,2.66666666666667,-0.493209718841123,-0.332317024692143,-0.235191218069146,3.71428571428571,1.12894405096165,0.386357739491989,0.446095100427327,4.85714285714286,3.00181284144748,1.60704437668181,1.01984868149171,3.85714285714286,0.992780268614162,0.546809853560448,0.386047557815127,3.42857142857143,1.173555923962,0.801540408045506,0.468779915059932,4,1.51909844418667,0.901074684862178,0.664257541653806,3.71428571428571,0.91352231887395,0.556197208805354,0.315039836433971,2,-0.831435085337812,-0.59098647132696,-0.345969846195772,1.75,-0.150238126409654,-0.322172554578652,-0.134069237439159
"160",160,"female","white","yr2","Other","math02","Auditory",4.25,1.30529332542336,0.923836831029945,0.684771693442738,1.8,-0.328162459723621,-0.24302678474132,-0.0363529277710013,4,-0.265158737981257,-0.491365218707741,0.331904235171801,3.9,2.02148252857358,1.26139987376385,0.619072374013697,1.33333333333333,-3.18155743716033,-1.92438712750427,-1.45605161670641,2.14285714285714,-2.53558881318235,-1.58077104783568,-0.964397902342539,2.28571428571429,-3.21214632042307,-1.88681248328834,-1.09669461912204,2.57142857142857,-2.27817727028069,-1.19458080759443,-0.847208564833646,1.85714285714286,-2.53194217449969,-1.09244173459563,-1.10575737926247,1.85714285714286,-3.67464447049453,-2.26016147642612,-1.54844388064598,1.85714285714286,-3.23197569993025,-1.85028175047466,-1.22722209280598,2.66666666666667,0.46813375628096,0.509704345687348,0.152118766313997,1.25,-1.19998286985605,-0.652396927195811,-0.294064227814672
"161",161,"male","white","yr1","STEM","math02","Kinesthetic",3,-0.712678915001977,-0.494457118020084,-0.32674748262584,1,-1.95968575222524,-1.12354304995711,-0.506476490509507,2.33333333333333,-1.01934199403131,-0.298853580122379,-1.05120267907257,3.3,0.170883077041835,0.165003089084423,-0.038776129343361,3.33333333333333,0.819812783361359,0.408845345243822,0.378863456448032,4.28571428571429,2.46151086156071,1.43964143535773,0.964993765832567,4.57142857142857,2.29867803858145,1.25573797371902,0.788321954137088,4.28571428571429,1.93504047380718,1.22699134258851,0.674739717207971,3.28571428571429,1.0552230566321,0.733641692989747,0.406792435839467,4.28571428571429,2.12164907645556,1.26096584260833,0.872088742927318,4.28571428571429,2.17687453334947,1.36443034738676,0.818714736383656,2,-0.831435085337812,-0.59098647132696,-0.345969846195772,2,0.567149196251447,0.442914293512327,0.179146680586523
"162",162,"male","Asian","yr3","Other","other","Visual",3,-0.740027897384156,-0.421894562733497,-0.345033014295263,3,2.11351123071005,1.21354757164919,0.515845625747307,3,0.0321965474697825,0.177302301132149,0.216039670944113,2.7,-1.59190148970039,-0.621052801310101,-0.392526280692792,3,0.0949275067302644,0.11765192711224,0.0417608205515849,3.14285714285714,-0.364082136334261,-0.140922724242817,-0.189322555177353,2.42857142857143,-2.7894065661215,-1.97001058884988,-0.856591701214008,2.85714285714286,-1.64272483086614,-0.911946152878032,-0.537014589088281,3,0.103939933097648,-0.262688050563824,-0.039167274699465,3,-0.991908885088992,-0.562639153403243,-0.416865039518374,2.85714285714286,-0.953473695512203,-0.558000669415605,-0.232266277621902,3.33333333333333,1.8120593419415,1.53890202635143,0.718106249084741,3,2.80707578076872,1.72961226952725,0.709917245767817
"163",163,"female","white","yr1","Other","math01","Kinesthetic",3.25,-0.311456913095375,-0.342383847839607,-0.225271200916375,1,-1.95968575222524,-1.12354304995711,-0.506476490509507,3,0.0228670113612233,-0.112497136957383,-1.71569007625249,3.8,1.7882615005061,0.911766226950315,0.550169170040955,4.33333333333333,2.69524623007981,1.83186757378704,1.23534062604601,3.57142857142857,0.81631156722982,0.430646630469266,0.300824413686222,4.28571428571429,1.53590800757205,0.937936818280636,0.496481642523503,4,1.26585550899967,0.848608332977152,0.406619817177078,2.85714285714286,0.1271230871134,-0.0648045006699547,0.178944964582496,3.28571428571429,-0.277475426367985,-0.274382302863346,-0.104555068634341,3.71428571428571,0.884509030749457,0.657689902264668,0.326963079933051,2,-0.831435085337812,-0.59098647132696,-0.345969846195772,1,-1.67277738826583,-0.843783682502592,-0.351623884594771
"164",164,"male","Black","yr3","Business","stats","Visual",1.75,-2.82272654453665,-2.0180971445008,-1.60490382586196,1,-1.95968575222524,-1.12354304995711,-0.506476490509507,3,1.90219487711818,1.41530392380907,1.03517375814314,4,2.22513670478581,1.46575508256768,0.646995258224203,4,2.04056580364651,1.35000068377775,0.931188896795814,3.85714285714286,1.27545075692425,0.803849966501557,0.421001590164843,3.85714285714286,0.540897338333276,0.314577100589925,0.176554961233277,3.71428571428571,0.609308332504039,0.321541163917366,0.223408954095839,3,0.411359980668338,0.173101213339599,0.3229806732531,4,1.32902901661686,0.802526109949499,0.469975563871938,4,1.51975203523827,0.951256870139627,0.58237636020327,2,-0.789435364618952,-0.848413044248442,-0.264067937507809,1.25,-1.09582716322922,-0.704946065192215,-0.249188550999356
"165",165,"female","Black","yr1","STEM","math02","Visual",4,0.958769288281112,0.626638450276295,0.61986647507212,1.8,-0.342643148493877,-0.321366448475565,-0.11513643993985,2,-2.48011042960605,-1.1559323320881,-2.09439089768042,3.7,1.4397083710651,0.837524402922455,0.472738771599925,3.16666666666667,0.430759024285098,0.15282242217689,0.193870241916258,3.85714285714286,1.44638851966834,1.0100724136745,0.58053818073459,4.57142857142857,2.3715982149573,1.16076012048035,0.831178959392907,4.42857142857143,2.29741356417664,1.49104761201638,0.787460570786574,2.57142857142857,-0.601041184541525,-0.61398765882712,-0.0870794186503129,3.28571428571429,-0.0640674241167881,-0.16437571279343,0.0922447339699809,4.42857142857143,2.44655262779713,1.40221379644747,0.842505446942022,1.33333333333333,-2.13100392695658,-1.69167728834127,-0.844058458705541,1.5,-0.618339572157551,-0.253792567892485,-0.0988048996164647
"166",166,"male","white","yr1","Other","math02","Visual",3.5,-0.0861910363741687,-0.412862844087256,-0.737645876744707,1.2,-1.58414135310556,-0.959716958919861,-0.39777303004052,2,-0.610112099957654,0.082069290588815,-1.27525681048139,3,-0.764271560483605,-0.24859702491208,-0.289156192658835,2.33333333333333,-1.08923753432529,-0.808614409488939,-0.497644040108825,4,1.63391339847463,1.02262885178259,0.58581841920635,4.28571428571429,1.5823520621089,0.980840306123447,0.517192461363524,4.42857142857143,2.3890369684585,1.47504640088392,0.814044986036827,2.28571428571429,-1.37800258571646,-0.432652746774381,-0.555245959242002,5,3.63061219171766,2.33893933302049,1.38525280960426,4.28571428571429,2.18203954736842,1.31015480882233,0.820186535098385,1.33333333333333,-2.17536067099835,-1.62018415199105,-0.911957328966517,1,-1.67277738826583,-0.843783682502592,-0.351623884594771
"167",167,"female","white","yr1","STEM","math02","Visual",3.75,0.492820879647347,0.296656547378543,0.270038557864534,1.6,-0.739923568024244,-0.33455884096752,-0.280392055636437,3,0.962530944239699,0.651403393425841,-0.340258159054674,2.9,-0.797007196956211,-0.842000277532353,-0.0263988100291029,5,3.98620410056276,2.58234944044327,1.82061697304004,3.57142857142857,0.860162595285531,0.13555947077267,0.3585965474994,4.42857142857143,1.93548405193607,1.21092187943813,0.680859955034912,3.85714285714286,1.02287181791343,0.343938577134183,0.415054882006846,2.85714285714286,0.106209077007098,-0.139726234444859,0.260645860625668,5,3.63061219171766,2.33893933302049,1.38525280960426,4.85714285714286,3.42331647382807,1.99165315674044,1.24337941302045,3,1.16109640947066,0.89558989955865,0.476063462043351,1.75,-0.150238126409654,-0.322172554578652,-0.134069237439159
"168",168,"female","white","yr2","Other","math01","Kinesthetic",4.25,1.48124945060875,1.14638909745807,1.29862265098053,2.6,1.31975532876754,0.874560748183463,0.286342617922936,3.33333333333333,-1.3260268155909,-1.2573205380518,-2.86706786204148,4.5,4.05526475516242,2.29829285624769,1.38010388668733,3.16666666666667,0.438193941555571,0.133403160839453,0.211591997372219,2.71428571428571,-1.17197759328487,-0.605382512936204,-0.432659814830837,3.85714285714286,0.572814670911256,0.434549567340471,0.119906710205154,3,-1.19531703207861,-0.682642974251729,-0.410263191544454,2.42857142857143,-1.26796914171132,-0.504813068161895,-0.662018912517262,3.42857142857143,0.00429797508331095,0.161142435454016,-0.00840741305652222,4.42857142857143,2.47444059325333,1.4139614397693,0.902768304254073,2.66666666666667,0.46577673295805,0.323770909116089,0.166121804740984,1.5,-0.623032644819437,-0.513559309885433,-0.191628894219258
"169",169,"female","other","yr1","Business","math02","Kinesthetic",4.25,1.41652304388159,0.968480464740795,1.05027101548241,2,0.0769127392424039,0.0450022608460361,0.00468456761890011,3,0.971860480348258,0.941202831515373,1.59147158814193,3.2,-0.131866759178557,0.06688946282289,-0.125311733080967,2.5,-0.808384472694152,-0.650986343214486,-0.366022428252864,3.57142857142857,0.658339726527202,0.482574725601185,0.2323839009213,3.85714285714286,0.602011609327102,0.228368290141951,0.213578522823682,3.57142857142857,0.159341827045054,0.150675475629058,0.0144065538401915,3.42857142857143,1.34237855935746,0.622254807851679,0.601730487622356,3.57142857142857,0.380786249961186,0.307196785153717,0.150563657386565,3.71428571428571,0.893837152918282,0.511429058545658,0.358706197952004,2.33333333333333,-0.180472152866971,0.0523256554658236,-0.103927059154382,2.75,2.33428126235894,1.53822551422047,0.652357588987719
"170",170,"female","white","yr1","Other","math01","Visual",3.25,-0.338805895477554,-0.269821292553021,-0.243556732585799,2.2,0.402534703018498,0.426467072771614,0.123523298142737,3,-0.907467385408693,-0.586598229251075,-1.1593922462537,2.5,-2.03388656164113,-1.27557416233455,-0.574524484559582,4.16666666666667,2.35800684450725,1.52251775198496,1.07573108833915,4.85714285714286,3.59562481544798,2.22063295511022,1.31631571153869,5,3.31367547972593,1.91915665923684,1.0979722632391,5,3.73679657201665,2.30646665724278,1.25687647338945,5,4.57205712657628,2.32202944268021,1.63747186549176,5,3.63061219171766,2.33893933302049,1.38525280960426,5,3.7350316100817,2.22691801750131,1.37973577599676,2.33333333333333,-0.182829176189881,-0.133607781105436,-0.089924020727394,1,-1.67277738826583,-0.843783682502592,-0.351623884594771
"171",171,"female","white","yr1","Health","stats","Auditory",2.75,-1.15127834125356,-0.897001576204422,-0.658289868164003,1.4,-1.16458546536928,-0.59334824959826,-0.27795202248177,3.66666666666667,1.08373508897087,0.653458182386678,1.48328202096079,3.8,1.76863229447958,0.901796295355395,0.555481521495041,2,-1.83945063800506,-1.09648273074848,-0.84938857794958,3.42857142857143,0.509426167239483,0.131488494132447,0.253071536317817,3.85714285714286,0.580906076947757,0.388868625640247,0.176124228898419,3.28571428571429,-0.440479302040414,-0.357401711822252,-0.155814160195528,3,0.2272068748788,0.333983578370791,0.126393529690486,3,-0.894367557366253,-0.563704231002558,-0.355498473689041,3.28571428571429,-0.0743082844069005,-0.0553587688763857,0.0349075700011017,2,-0.831435085337812,-0.59098647132696,-0.345969846195772,3,2.82927795378073,1.62911041232541,0.597350169574389
"172",172,"male","white","yr1","STEM","math03","Auditory",4.5,1.85512247013317,1.37102492292513,1.38181340102057,1.2,-1.58414135310556,-0.959716958919861,-0.39777303004052,3.66666666666667,-0.80492231289464,-1.1641423164693,-3.19931156063144,4.5,3.75199699993031,2.29144551183492,1.22007562816172,4.16666666666667,2.37743183145544,1.57564285851956,1.07977477113323,5,3.9261456704954,2.35256263097091,1.45105146459158,4.57142857142857,2.28548686497493,1.33214670908624,0.748719188718142,4.57142857142857,2.68290049488294,1.75491098666302,0.915250608792468,4,2.38541100394563,1.21601579963804,0.850443583516211,4.28571428571429,2.00163219167541,1.31353596835962,0.768206493674032,4.57142857142857,2.77033115015074,1.78294052125966,1.05512264508993,3.33333333333333,1.8120593419415,1.53890202635143,0.718106249084741,3,2.7029200741419,1.78216140752365,0.665041568952501
"173",173,"male","white","yr2","STEM","math03","Kinesthetic",3,-0.675301490656994,-0.243985930016222,-0.096681378797141,1,-1.95968575222524,-1.12354304995711,-0.506476490509507,4,1.60483959166714,0.746636403969175,1.15103832237083,4.9,4.87320064065079,3.16256710619671,1.49502056360023,4.16666666666667,2.31605726085629,1.67047790929236,1.05658585460012,4,1.92953707797113,0.944565802509242,0.800242564009578,4,0.939810743678652,0.460179266643718,0.30767795901332,4.42857142857143,2.29412195011656,1.47203506413422,0.789461249233472,2.28571428571429,-1.42117771946003,-0.560021786483165,-0.72373238970369,4.14285714285714,1.88038220271119,1.05473520085961,0.820114266917206,4,1.51305978365739,0.931581965858981,0.530560529964311,2.66666666666667,0.51013347699982,0.252277772765867,0.23402067500196,1,-1.67277738826583,-0.843783682502592,-0.351623884594771
"174",174,"female","white","yr2","STEM","math03","Visual",3.5,0.0624161064290482,-0.117748022372544,-0.142080450876334,2,0.142660248269696,0.0969111805850864,0.0723542699362645,3.33333333333333,1.49296498304452,1.03438105309787,1.25922788955197,5,5.14404030313939,3.25008804515714,1.55143250842355,1.83333333333333,-2.10750717794437,-1.43637921760053,-0.957063780297923,2.42857142857143,-1.76251088014058,-1.08863271375874,-0.61829056788966,1.85714285714286,-4.24698868101265,-2.54605306759852,-1.35782457789047,3,-1.23660431309756,-0.794414757841595,-0.444306487634513,1.71428571428571,-2.61742581882678,-1.18050774650804,-1.01145466196003,2.85714285714286,-1.23590948150136,-0.862784191472702,-0.498630166422603,1.71428571428571,-3.55635720858998,-2.33969205613179,-1.43612429400006,2.66666666666667,0.51013347699982,0.252277772765867,0.23402067500196,1.25,-1.09582716322922,-0.704946065192215,-0.249188550999356
"175",175,"female","white","yr1","Other","math02","Kinesthetic",4.5,1.79039606340601,1.19311629020786,1.13346176552245,1.8,-0.372978885458451,-0.132967364543856,-0.148478698429568,3.66666666666667,-0.795592776786081,-0.874342878379771,-1.26758181343484,1.8,-4.17788980695003,-2.5352316001896,-1.29723464113955,3,0.125548173193962,0.0039114345496792,0.0600369165557922,2.71428571428571,-1.16957073995976,-0.671788508477035,-0.42825393996487,3,-1.49670565436262,-0.633760658211722,-0.522898881688238,3,-1.21139702476765,-0.960589542786236,-0.431985987188214,3,0.383225591703478,0.518276846309628,0.248396191948232,3.14285714285714,-0.655834406289877,-0.451387985574575,-0.333314648573044,2.42857142857143,-1.96293613507361,-1.31824806808377,-0.790546497998872,2.66666666666667,0.51013347699982,0.252277772765867,0.23402067500196,1.5,-0.727188351446263,-0.461010171889029,-0.236504571034574
"176",176,"male","white","yr3","STEM","math04","Auditory",4.25,1.31348797845664,0.911976719463195,0.604195070240032,1,-1.95968575222524,-1.12354304995711,-0.506476490509507,3.33333333333333,-0.386362882712429,-0.493420007668577,-1.49163594484367,4.7,4.24943922529711,2.6401450059278,1.30232324581233,3.66666666666667,1.46942369244104,0.83910431859828,0.669763853339245,4.57142857142857,3.11619040111284,1.7376170477808,1.20226759388232,4.28571428571429,1.6023388340146,1.02089927395055,0.506916089175308,3.42857142857143,0.0518608625193356,-0.00092721241302994,0.110799996336979,2.71428571428571,-0.473793866841213,0.0805839520783197,-0.330516842463459,4.42857142857143,2.45077991462014,1.55175538661686,0.999648105937771,4,1.52086066826428,0.711370679294892,0.511959616459034,1.33333333333333,-2.13100392695658,-1.69167728834127,-0.844058458705541,1.25,-1.09582716322922,-0.704946065192215,-0.249188550999356
"177",177,"female","white","yr3","STEM","stats","Visual",3,-0.767376879766335,-0.34933200744691,-0.363318545964686,3.2,2.4573755079517,1.37456476972502,0.59218536752321,2,-1.54044649672757,-0.392031801704877,-0.718958980482606,3.3,0.255512505352621,0.114319042998157,0.0199586946334925,2.33333333333333,-1.17624452473041,-0.846595672454006,-0.543908061963932,3,-0.658318873546137,-0.307304927405721,-0.279414626178877,3,-1.5022887175622,-0.935851535078486,-0.482348422389692,3,-1.19531703207861,-0.682642974251729,-0.410263191544454,3,0.198764881314983,0.110002156595873,0.0634153015406642,3,-0.982231521786468,-0.648263133262369,-0.431083360689381,3,-0.695527539605158,-0.324404277222061,-0.214983055590222,2.66666666666667,0.46813375628096,0.509704345687348,0.152118766313997,2,0.567149196251447,0.442914293512327,0.179146680586523
"178",178,"female","white","yr1","Business","other","Kinesthetic",2.75,-1.29169083102349,-1.20397650948588,-1.33443191723508,2.2,0.474732606567996,0.562004668712935,0.06795341995005,3.33333333333333,-0.37703334660387,-0.203620569579045,0.440093802352938,2.1,-3.3122639775775,-1.87011146564109,-1.06448697758894,3.66666666666667,1.38795869006233,1.01156369167119,0.638534268949926,3.57142857142857,0.86066893946286,0.394010221770306,0.403719177407702,4,0.908863940522712,0.665717318681993,0.2359895232985,4.28571428571429,2.05446320767866,1.30211184185489,0.74097529923123,3,0.324696324271467,0.188712840682738,0.10992523345779,4.42857142857143,2.21595995561422,1.5389883739066,0.756025234015338,4.42857142857143,2.49639055420999,1.37948392158355,0.936470185854693,2.66666666666667,0.512490500322729,0.438211209337126,0.220017636574972,2.25,1.03994371466123,0.634301048819108,0.236706337366621
"179",179,"female","white","yr3","STEM","math04","Kinesthetic",4.25,1.38917406149941,1.04104302002738,1.03198548381299,2.2,0.452457138362082,0.208828351883289,0.113388028087886,2.66666666666667,-1.42857188810496,-0.679776450833573,-0.827148547663742,1.5,-5.09665697469413,-3.02407064883404,-1.65633901600526,1.5,-2.77411320138997,-1.80571077757989,-1.2634911723533,2.28571428571429,-2.09190927318241,-1.29812128398516,-0.752632902831425,3.85714285714286,0.619258725448104,0.477453055183282,0.140617529045175,2.85714285714286,-1.45947802230243,-0.943948575142957,-0.483845758587775,2.14285714285714,-1.67162289967296,-0.878165301466827,-0.645020702486243,2.57142857142857,-1.76161636968905,-1.33577496035228,-0.586574475865068,2.28571428571429,-2.29028005628998,-1.41267042682404,-0.811347956998188,2,-0.831435085337812,-0.59098647132696,-0.345969846195772,2.25,1.00835539632545,0.215269422035051,0.163625424354463
"180",180,"female","white","yr1","Other","math01","Visual",3.75,0.473666550298455,0.357358991098381,0.171176402992405,1.2,-1.58414135310556,-0.959716958919861,-0.39777303004052,3.33333333333333,-1.3260268155909,-1.2573205380518,-2.86706786204148,2.2,-2.78617860136123,-1.68906258493619,-0.583571955120065,4.33333333333333,2.64652717398976,1.86849756359717,1.20247062191314,3.71428571428571,0.942949741086961,0.759105766661743,0.303900909105236,4,0.907172423932326,0.438948999155609,0.284521897756142,3.85714285714286,0.903482418630199,0.584552063549281,0.293898963598474,4.71428571428571,3.91692481783239,2.02092129313915,1.35182138450471,2.71428571428571,-1.68920741469777,-0.93736181630943,-0.698520791164641,4.14285714285714,1.85590174226129,1.12134230278697,0.703392041078842,2.33333333333333,-0.182829176189881,-0.133607781105436,-0.089924020727394,2,0.571842268913333,0.702681035505276,0.271970675189316
"181",181,"male","white","yr2","Business","math03","Auditory",3,-0.685329932619798,-0.567019673306671,-0.308461950956417,1,-1.95968575222524,-1.12354304995711,-0.506476490509507,4,0.674505194897219,0.272535311675484,1.70733615236962,3,-0.693766893567773,-0.318577880021777,-0.257441991975146,3.33333333333333,0.769698364943133,0.521894494821417,0.353953217657982,4,1.63391339847463,1.02262885178259,0.58581841920635,4,0.905693381081866,0.491652562079174,0.307811920424704,4,1.27073976996902,0.811911841495528,0.423306640922497,3.85714285714286,2.09282862154385,1.04734146772485,0.770947875706684,4,1.31935165331434,0.888150089808624,0.484193885042945,4,1.51975203523827,0.951256870139627,0.58237636020327,3,1.16109640947066,0.89558989955865,0.476063462043351,2.5,1.58999869402395,0.613873781338377,0.358884752552671
"182",182,"female","white","yr2","Other","math02","Visual",3.5,0.0350671240468692,-0.0451854670859573,-0.160365982545758,1.2,-1.5632102698131,-0.797748618983346,-0.442229098381723,3.66666666666667,1.08373508897087,0.653458182386678,1.48328202096079,2.8,-1.24569295067414,-0.644334111406478,-0.382621220316864,2,-1.85644575237098,-1.03555531737339,-0.864915573113742,3.42857142857143,0.529210733989072,0.0340358570471546,0.263930231410162,3.57142857142857,-0.0470730930473731,0.0321998312718797,-0.0396395455596709,3.57142857142857,0.343982510801488,0.190975110662041,0.0941580451333121,2.14285714285714,-1.73967867162143,-0.674484750768459,-0.772967538531454,3.57142857142857,0.435027619594155,0.0927341937451066,0.180215028191614,3.85714285714286,1.20791157192543,0.554779700529703,0.399239856799953,2,-0.831435085337812,-0.59098647132696,-0.345969846195772,1.25,-1.09582716322922,-0.704946065192215,-0.249188550999356
"183",183,"female","white","yr3","STEM","stats","Visual",3.25,-0.338805895477554,-0.269821292553021,-0.243556732585799,1.4,-1.14365438207682,-0.431379909661745,-0.322408090822972,3.33333333333333,-0.386362882712429,-0.493420007668577,-1.49163594484367,3.2,-0.0197897603188204,-0.214656648992597,0.00760298497205972,4,2.04056580364651,1.35000068377775,0.931188896795814,4,1.63391339847463,1.02262885178259,0.58581841920635,4.42857142857143,1.92887168875003,1.20389925821479,0.601352413673086,3.85714285714286,0.910071114493995,0.603303943218386,0.306452834883503,3.71428571428571,1.92754332416102,0.959603471678066,0.760721903241409,4,1.31935165331434,0.888150089808624,0.484193885042945,3.14285714285714,-0.36639120561571,-0.342334338995536,-0.292120271498067,3,1.16109640947066,0.89558989955865,0.476063462043351,1.75,-0.0413893471209421,-0.114954950582107,0.00363043397895002
"184",184,"female","white","yr4","Other","other","Auditory",4.75,2.2289954896576,1.5956607483922,1.46500415106062,2.4,0.778079102138176,0.590293163808867,0.232226758611723,3.66666666666667,-0.795592776786081,-0.874342878379771,-1.26758181343484,1.8,-4.13967956914342,-2.59688877471383,-1.28510717958735,5,3.98620410056276,2.58234944044327,1.82061697304004,4.14285714285714,1.92815013568651,1.1890110549455,0.675910490207874,4,0.905693381081866,0.491652562079174,0.307811920424704,4.57142857142857,2.68778475585229,1.71821449518139,0.931937432537887,4,2.38541100394563,1.21601579963804,0.850443583516211,4.57142857142857,2.60970997699514,1.75144493966716,0.993370361298239,4.85714285714286,3.42083186401534,2.02235506666822,1.29242197672181,1,-2.82396658014628,-2.07756284221257,-1.1680031544349,2.75,2.16694891906055,0.752711398648754,0.461320086148086
"185",185,"male","white","yr2","STEM","math03","Auditory",3.75,0.408940143571292,0.179450358381106,-0.0771752325057164,1.6,-0.768109982957139,-0.267553818624492,-0.213704630353986,3.33333333333333,1.49296498304452,1.03438105309787,1.25922788955197,3.2,0.00117013703917864,0.0619600065962231,0.0380945222804656,2.66666666666667,-0.449285935250204,-0.411972356419704,-0.19530832466318,2.57142857142857,-1.7280403971249,-0.899419469104739,-0.720019906499248,3.14285714285714,-1.0933192715749,-0.799661636975634,-0.323408604040527,2.57142857142857,-2.31121022287329,-1.5286131099507,-0.834465833892779,2.71428571428571,-0.280467497289782,-0.0496375628758044,0.0232639274829489,2.71428571428571,-1.60687060332839,-0.930820727611011,-0.640268570514996,2.71428571428571,-1.30561784256892,-0.897946309545515,-0.454651195701031,2,-0.831435085337812,-0.59098647132696,-0.345969846195772,2,0.431405171288841,0.0764318047246739,0.0611900907590484
"186",186,"female","Black","yr1","STEM","stats","Visual",4,0.810162145477895,0.331523628561582,0.0243010492037478,1.6,-0.745029577632997,-0.226979540276659,-0.15813101492302,3.66666666666667,0.144071156092395,-0.110442347996547,0.107850103762977,3,-0.693766893567773,-0.318577880021777,-0.257441991975146,2.33333333333333,-1.17593993197311,-0.710454261844096,-0.535474858586247,3,-0.658318873546137,-0.307304927405721,-0.279414626178877,2.85714285714286,-1.83833798717365,-1.16701928642001,-0.598431235483038,3,-1.19531703207861,-0.682642974251729,-0.410263191544454,3,0.198764881314983,0.110002156595873,0.0634153015406642,3,-0.991908885088992,-0.562639153403243,-0.416865039518374,3,-0.695527539605158,-0.324404277222061,-0.214983055590222,2,-0.831435085337812,-0.59098647132696,-0.345969846195772,2,0.567149196251447,0.442914293512327,0.179146680586523
"187",187,"female","white","yr1","Business","math03","Auditory",2.75,-1.11390091690858,-0.64653038820056,-0.428223764335304,1.4,-1.12191836166613,-0.582013608207043,-0.265855935595372,2.66666666666667,-0.498237491335041,-0.205675358539881,-1.38344637766253,3.1,-0.409633973156862,-0.124492414867678,-0.19085387652849,2.5,-0.858498891112378,-0.537937193636892,-0.390932667042915,3.28571428571429,0.0529400084822463,0.0660307290122614,-0.00362617490001332,3.57142857142857,-0.15205245446179,-0.037031851274736,-0.0640922779327415,3.14285714285714,-0.832943941709148,-0.418586704823858,-0.29754233796585,2.57142857142857,-0.685301267321208,-0.319312156925182,-0.267096019583783,3,-0.909572073719615,-0.556098064704824,-0.358612818868729,4,1.50063373926304,0.826926921616845,0.628158692500098,3,1.16109640947066,0.89558989955865,0.476063462043351,2,0.426712098626955,-0.183334937268275,-0.0316339038437446
"188",188,"male","white","yr1","STEM","math02","Kinesthetic",3.75,0.501015532680634,0.284796435811794,0.189461934661829,1.4,-1.16458546536928,-0.59334824959826,-0.27795202248177,3,-1.83780178217861,-1.06069932154477,-0.603094416254917,2.8,-1.26833225103969,-0.685751610686054,-0.414471341454897,2.33333333333333,-1.20523400111497,-0.62069916549936,-0.564301179925032,3,-0.426067713317652,-0.396205697837121,-0.0956333456971371,4,0.935250601874527,0.433327025282489,0.330463044261191,3.42857142857143,-0.116602679713632,-0.0758318273024715,-0.0577010949805737,2.28571428571429,-1.4578042387722,-0.432324730908749,-0.659774649009718,3.28571428571429,-0.0894632289478481,-0.24984211030927,0.0144671974874027,2.85714285714286,-1.02407215641477,-0.721829277724614,-0.454156576088526,1.66666666666667,-1.48239801780865,-1.23429859811974,-0.588012633237163,1,-1.67277738826583,-0.843783682502592,-0.351623884594771
"189",189,"male","Asian","yr1","STEM","math01","Auditory",2.5,-1.72026181531227,-1.28348722437977,-1.45419373061397,4,4.10609823356108,2.17955026416799,1.01588913678595,1.66666666666667,-1.14054613876248,-0.300908369083215,-2.87474285908803,2.5,-2.07903011186769,-0.913152277565765,-0.600740386284533,3.16666666666667,0.412368547591001,0.290168995319444,0.186303012094917,2.85714285714286,-1.13510025694408,-0.482575263823039,-0.529983278574457,3.42857142857143,-0.387717930939206,-0.466881385449968,-0.0493289314291165,4.42857142857143,2.30113299366726,1.58509066817066,0.748479052612789,3.28571428571429,0.799683268235902,0.528050211481896,0.24234589222189,3.42857142857143,-0.103154322533969,-0.0392418667637061,-0.102247265929676,4,1.50961480626316,0.808771634678593,0.53137503292024,1.33333333333333,-2.13100392695658,-1.69167728834127,-0.844058458705541,1.75,-0.145545053747768,-0.0624058125857035,-0.0412452428363662
"190",190,"female","white","yr1","Business","math01","Visual",4.75,2.2289954896576,1.5956607483922,1.46500415106062,2.8,1.71703574829791,0.887753140675418,0.451598233619523,2.33333333333333,-2.8893403236797,-1.53685520279929,-1.8703367662716,2.7,-1.59529552289976,-1.03238185798125,-0.515681453210569,2.83333333333333,-0.202423102350901,-0.132489463395071,-0.0947407031355433,3,-0.658318873546137,-0.307304927405721,-0.279414626178877,3,-1.51128003174141,-0.980446298751873,-0.47371558427447,3.14285714285714,-0.869346961758743,-0.567054979895349,-0.31489881031049,2.57142857142857,-0.671459417195705,-0.406052802278595,-0.245869073844393,3,-0.991908885088992,-0.562639153403243,-0.416865039518374,3.57142857142857,0.560367850101475,0.317769997261659,0.288204879492524,1.66666666666667,-1.48004099448574,-1.04836516154848,-0.602015671664151,1,-1.67277738826583,-0.843783682502592,-0.351623884594771
"191",191,"female","white","yr2","Business","math03","Kinesthetic",4.5,1.85512247013317,1.37102492292513,1.38181340102057,2.8,1.69903137807191,1.27588594993005,0.397009803526486,2.33333333333333,-2.8893403236797,-1.53685520279929,-1.8703367662716,2.8,-1.32617169487282,-0.634064367756746,-0.421286451553014,1,-3.79634908710223,-2.34704558621879,-1.73709533193687,3,-0.658318873546137,-0.307304927405721,-0.279414626178877,3,-1.5022887175622,-0.935851535078486,-0.482348422389692,3,-1.19531703207861,-0.682642974251729,-0.410263191544454,2,-1.98788124131566,-0.996011486446297,-0.723612980434883,1.71428571428571,-3.92105138950538,-2.51858141649069,-1.57658934813494,1.85714285714286,-3.24695682147161,-1.77015085723109,-1.13335815225929,1.33333333333333,-2.17536067099835,-1.62018415199105,-0.911957328966517,2.75,2.20323031005822,1.43150976742576,0.627224993763037
"192",192,"female","white","yr1","Other","math01","Auditory",3.5,0.0350671240468692,-0.0451854670859573,-0.160365982545758,1.6,-0.737774245992565,-0.455952902556202,-0.180362371864268,4,0.674505194897219,0.272535311675484,1.70733615236962,3.5,0.849114236752993,0.460074956843946,0.304420967954953,3.33333333333333,0.742173015893089,0.618938078458961,0.328190794345817,4.14285714285714,1.92815013568651,1.1890110549455,0.675910490207874,4.28571428571429,1.59134337628811,1.02543506979683,0.508559623248302,4.57142857142857,2.68328950798158,1.53348072534889,0.916634877271867,3.42857142857143,1.47198690479717,0.749135605272665,0.719667099322807,4.71428571428571,3.06021447980871,1.84191914726324,1.2057189705837,4.71428571428571,3.1249858407362,1.79573810454086,1.21065471052205,2.66666666666667,0.51013347699982,0.252277772765867,0.23402067500196,1.25,-1.19998286985605,-0.652396927195811,-0.294064227814672
"193",193,"female","white","yr1","Other","math01","Kinesthetic",2.5,-1.66556385054792,-1.42861233495295,-1.41762266727512,1.8,-0.406241335489491,-0.494669429803297,-0.082776458485046,3.33333333333333,1.49296498304452,1.03438105309787,1.25922788955197,2.6,-1.73059157938857,-1.00841915408817,-0.504012842015946,5,3.98620410056276,2.58234944044327,1.82061697304004,3.85714285714286,1.51492178647974,0.671206353713333,0.618952058598205,4.71428571428571,2.64157694050302,1.45682115655379,0.865806637052408,3.57142857142857,0.268034087875228,0.0186973147047069,0.16060585065792,3,0.342665765594056,-0.0215520335997566,0.234709448806592,4.42857142857143,2.46045727792267,1.46613140675774,0.985429784766764,5,3.7350316100817,2.22691801750131,1.37973577599676,2,-0.831435085337812,-0.59098647132696,-0.345969846195772,1.25,-1.19998286985605,-0.652396927195811,-0.294064227814672
"194",194,"female","Black","yr3","Other","other","Auditory",4.75,2.2289954896576,1.5956607483922,1.46500415106062,2.6,1.28162481236731,0.788123179019771,0.377218479739904,1.66666666666667,-0.210211741992561,0.173192723210477,-3.43104068908682,2,-3.77058145452557,-2.12652118258194,-1.24138887271854,4.16666666666667,2.36617167927452,1.55742875971477,1.08149609339017,4,1.63391339847463,1.02262885178259,0.58581841920635,3.71428571428571,0.213554035942326,0.1358103632701,0.0746416589970921,3,-1.19531703207861,-0.682642974251729,-0.410263191544454,2.57142857142857,-0.762791659956187,-0.273039679504975,-0.3229578329953,2.71428571428571,-1.70907606647799,-0.944810400263879,-0.758965661296524,3.28571428571429,-0.0727894641375515,0.0644749337137203,0.00883355915660836,2,-0.831435085337812,-0.59098647132696,-0.345969846195772,1.5,-0.727188351446263,-0.461010171889029,-0.236504571034574
"195",195,"male","white","yr1","Business","math03","Kinesthetic",2.5,-1.57165467250906,-0.988372402665061,-0.858628304745595,2.4,0.857532337328107,0.496857397470645,0.154425523477788,3,0.0321965474697825,0.177302301132149,0.216039670944113,3,-0.693766893567773,-0.318577880021777,-0.257441991975146,3,0.0949275067302644,0.11765192711224,0.0417608205515849,3,-0.658318873546137,-0.307304927405721,-0.279414626178877,3,-1.5022887175622,-0.935851535078486,-0.482348422389692,3,-1.19531703207861,-0.682642974251729,-0.410263191544454,3,0.198764881314983,0.110002156595873,0.0634153015406642,3,-0.991908885088992,-0.562639153403243,-0.416865039518374,3,-0.695527539605158,-0.324404277222061,-0.214983055590222,2,-0.831435085337812,-0.59098647132696,-0.345969846195772,2,0.567149196251447,0.442914293512327,0.179146680586523
"196",196,"female","Black","yr1","Other","math01","Auditory",3.25,-0.209353082023229,0.0859959728815291,0.253146538410445,1,-1.95968575222524,-1.12354304995711,-0.506476490509507,3.33333333333333,-1.31669727948235,-0.967521099962269,-0.935338114844879,3,-0.693766893567773,-0.318577880021777,-0.257441991975146,4,2.04056580364651,1.35000068377775,0.931188896795814,4.85714285714286,3.68642846332783,2.11105467730619,1.39402740576339,4,0.881506749748857,0.572597093292675,0.269852689078751,5,3.73679657201665,2.30646665724278,1.25687647338945,2.71428571428571,-0.468113308536174,-0.39445852777793,-0.198817033168887,5,3.63061219171766,2.33893933302049,1.38525280960426,4.71428571428571,3.11829358915532,1.77606320026022,1.15883888028309,1.33333333333333,-2.17536067099835,-1.62018415199105,-0.911957328966517,1,-1.67277738826583,-0.843783682502592,-0.351623884594771
"197",197,"female","white","yr1","Health","stats","Visual",3.5,0.0997935307740318,0.132723165631318,0.0879856529523643,1.4,-1.16458546536928,-0.59334824959826,-0.27795202248177,3.33333333333333,0.562630586274606,0.560279960804179,1.81552571955075,3.2,-0.0743939499504965,0.0434035621400076,-0.0209897214400311,3.33333333333333,0.741443098396295,0.564607809391713,0.340147544750755,3.28571428571429,0.141336803036985,0.0228584467490657,0.0696796444587216,3.71428571428571,0.197548271132998,0.265582905101401,0.0205726117975105,3.85714285714286,0.867079398580603,0.43608378847779,0.276542491253834,2.71428571428571,-0.400241733614081,-0.140605861877102,-0.11680305981778,3,-0.874498905586031,-0.55625564704811,-0.295053603557158,2.42857142857143,-1.94630244891111,-1.16321620963321,-0.787286266594338,2,-0.831435085337812,-0.59098647132696,-0.345969846195772,1.75,-0.0413893471209421,-0.114954950582107,0.00363043397895002
"198",198,"female","white","yr1","Other","math01","Kinesthetic",5,2.60286850918202,1.82029657385926,1.54819490110066,2.4,0.893749046509052,0.424563362659592,0.289761190874237,2.66666666666667,-2.36823582098343,-1.4436769812168,-2.20258046486156,3.9,2.02148252857358,1.26139987376385,0.619072374013697,1.66666666666667,-2.48419750957928,-1.53615012573514,-1.14471140412213,3,-0.328391237003957,-0.332635027960418,-0.00271172733100583,3.57142857142857,-0.114314367145448,-0.046529377453622,-0.0575509699498824,3.71428571428571,0.549402459018973,0.394696044941244,0.189599028844509,1.85714285714286,-2.44094077026606,-1.05463160026202,-1.00059926166791,3.42857142857143,0.129328087739117,0.00789357959142239,0.0239259900735622,4,1.51975203523827,0.951256870139627,0.58237636020327,2,-0.831435085337812,-0.59098647132696,-0.345969846195772,1,-1.67277738826583,-0.843783682502592,-0.351623884594771
"199",199,"female","Asian","yr1","STEM","math03","Visual",1.75,-2.81269810257385,-1.69506340121035,-1.39312325370269,1,-1.95968575222524,-1.12354304995711,-0.506476490509507,3.66666666666667,2.95373341861926,1.89145980506359,2.30241610815982,3.8,1.61850311569767,1.16649412314871,0.435140795859988,3.16666666666667,0.48464671063791,0.242925421344461,0.230751020145476,3.57142857142857,0.889226843794077,0.144849785827277,0.389071041599141,4.28571428571429,1.56407564600144,1.02682379672554,0.470095454481659,4,1.34095376880849,0.851551896295033,0.43068891928507,3.85714285714286,2.01533822890887,1.09361394514506,0.715086062295168,4.28571428571429,2.13132643975808,1.17534186274921,0.857870421756311,3.85714285714286,1.1985834497566,0.701040544248713,0.367496738781001,2,-0.833792108660722,-0.776919907898219,-0.331966807768785,1.25,-1.09582716322922,-0.704946065192215,-0.249188550999356
"200",200,"female","white","yr3","STEM","other","Kinesthetic",1.75,-2.90660728061271,-2.13530333349824,-1.95211761623221,1.2,-1.5632102698131,-0.797748618983346,-0.442229098381723,4,2.54450352454561,1.5105369343524,2.52647023956865,4.1,2.50290391876412,1.65713696025825,0.712537401671726,5,3.98620410056276,2.58234944044327,1.82061697304004,5,3.9261456704954,2.35256263097091,1.45105146459158,5,3.31367547972593,1.91915665923684,1.0979722632391,5,3.73679657201665,2.30646665724278,1.25687647338945,5,4.57205712657628,2.32202944268021,1.63747186549176,5,3.63061219171766,2.33893933302049,1.38525280960426,5,3.7350316100817,2.22691801750131,1.37973577599676,4,3.15362790427913,2.38216627044426,1.29809677028247,2.25,1.00835539632545,0.215269422035051,0.163625424354463
"201",201,"female","white","yr1","Other","math01","Visual",2.25,-2.0941348348367,-1.50812304984684,-1.53738448065401,1.8,-0.341298763580425,-0.130158471582434,-0.116114979736484,3.33333333333333,1.49296498304452,1.03438105309787,1.25922788955197,4.2,2.82845111323449,1.71816262725296,0.855624580517542,4.66666666666667,3.36898257803859,2.04563846181906,1.55105657017966,4.42857142857143,2.63742885692502,1.64953218738435,0.969334013480018,4.85714285714286,2.94887943697734,1.74208119774759,0.966715304047672,4.42857142857143,2.3890369684585,1.47504640088392,0.814044986036827,3.71428571428571,1.70101406148574,0.750125647283531,0.495557623283943,4.57142857142857,2.68925335798167,1.77388261112493,1.06408056649131,4.42857142857143,2.49094895235662,1.40778098937081,0.859248395231605,3,1.16109640947066,0.89558989955865,0.476063462043351,1.5,-0.514183865530725,-0.306341705888888,-0.0539292228011484
"202",202,"female","white","yr1","STEM","stats","Kinesthetic",3.5,0.0624161064290482,-0.117748022372544,-0.142080450876334,2,0.00605922060635833,0.100672641797847,0.0592759060149527,3.33333333333333,1.49296498304452,1.03438105309787,1.25922788955197,2.7,-1.57358473555927,-0.802882912525422,-0.593233737227783,2.66666666666667,-0.473948317467497,-0.539396688382372,-0.20595324154537,3.85714285714286,1.42120062738365,0.639925418675764,0.553822243422131,4.14285714285714,1.18880924622318,0.857857134486469,0.370761356074015,3.42857142857143,0.0125885760965578,-0.0741043109993466,0.0419081345335244,3.28571428571429,1.03722765569622,0.309427360067221,0.539395674994925,3.85714285714286,1.04872528959288,0.803151893311654,0.391464062236464,4,1.54082242205438,0.78211730033176,0.54404324684936,1.33333333333333,-2.13100392695658,-1.69167728834127,-0.844058458705541,2,0.698200148552167,0.549630040307032,0.204279275811205
"203",203,"male","white","yr1","Business","math02","Kinesthetic",2.75,-1.0865519345264,-0.719092943487147,-0.409938232665881,1.4,-1.18766587069342,-0.633922527946093,-0.333525637912736,4.33333333333333,1.20493923370204,0.655512971347514,3.30682220097626,3.7,1.45023635174113,0.941079557833276,0.465268164604821,3,0.14601196273717,0.00999475930984427,0.0791012477814372,2.28571428571429,-2.21469468078705,-1.33869253407734,-0.84823721210724,4.57142857142857,2.32322495229128,1.32264918290735,0.755260496701001,3.42857142857143,-0.0913953913837172,-0.242006612247112,-0.0453805945342746,2.57142857142857,-0.627902244640342,-0.499705787081767,-0.123276059033694,3.85714285714286,1.22764767943285,0.551173926403941,0.582328207246995,4.14285714285714,1.85659393930094,1.20299281337294,0.75228815228464,3.33333333333333,1.8120593419415,1.53890202635143,0.718106249084741,1.5,-0.727188351446263,-0.461010171889029,-0.236504571034574
"204",204,"female","Asian","yr3","STEM","stats","Visual",3.75,0.594924710719493,0.72503636809968,0.748456297191355,3.2,2.53172273353287,1.38870830407766,0.636645173102691,4,-0.255829201872698,-0.201565780618209,2.2636339823684,4.6,3.98794560525175,2.48747704005328,1.26758525150371,5,3.98620410056276,2.58234944044327,1.82061697304004,5,3.9261456704954,2.35256263097091,1.45105146459158,5,3.31367547972593,1.91915665923684,1.0979722632391,4.57142857142857,2.7129920441822,1.55203971023675,0.944257932984186,4.28571428571429,3.3381516533725,1.52391856536774,1.38072399767073,5,3.63061219171766,2.33893933302049,1.38525280960426,5,3.7350316100817,2.22691801750131,1.37973577599676,1.66666666666667,-1.48239801780865,-1.23429859811974,-0.588012633237163,1.5,-0.623032644819437,-0.513559309885433,-0.191628894219258
"205",205,"male","white","yr1","Business","math02","Visual",3.5,0.0159127946979776,0.0155169766338804,-0.259228137417886,1.6,-0.739118630906017,-0.647160879449333,-0.179383832067634,3.33333333333333,-0.386362882712429,-0.493420007668577,-1.49163594484367,3.4,0.462327804319874,0.444033125082087,0.0264052649446981,3.16666666666667,0.422233337443742,0.384802253891701,0.192541455180803,2,-2.83945227304635,-1.63700441310093,-1.07306503616165,2.85714285714286,-1.83833798717365,-1.16701928642001,-0.598431235483038,3,-1.23210906522685,-0.609680988009089,-0.429003932368494,1.71428571428571,-2.62917169993405,-1.38386028134078,-0.988036515682538,2,-3.20562809576958,-2.01449347421443,-1.25655739825036,2.42857142857143,-1.96943259226101,-1.3307946910733,-0.742805402120376,2,-0.831435085337812,-0.59098647132696,-0.345969846195772,1.25,-1.19998286985605,-0.652396927195811,-0.294064227814672
"206",206,"female","white","yr1","Business","math02","Visual",2.75,-1.15127834125356,-0.897001576204422,-0.658289868164003,1.6,-0.737774245992565,-0.455952902556202,-0.180362371864268,4,1.61416912777569,1.03643584205871,3.08276806956743,2.3,-2.80570190726044,-1.64614808912213,-0.925327035670649,3.83333333333333,1.72622008019943,1.16078670664553,0.779160377944524,4.14285714285714,2.03924900820707,1.1892453484386,0.747493125610326,4.57142857142857,2.29366773149862,1.38097471970404,0.732609372864513,4.28571428571429,1.89747262227885,1.20926261515293,0.601714902944126,2.71428571428571,-0.246083588496312,-0.173951397756044,-0.0113366840901465,4.71428571428571,2.93331366210888,1.9642166701143,1.103597057958,4,1.56001118536388,0.752363221296612,0.551037700242984,2.33333333333333,-0.138472432148111,-0.205100917455658,-0.0220251504664182,1,-1.67277738826583,-0.843783682502592,-0.351623884594771
"207",207,"male","white","yr3","STEM","other","Visual",3.75,0.501015532680634,0.284796435811794,0.189461934661829,1.2,-1.58414135310556,-0.959716958919861,-0.39777303004052,3.66666666666667,0.144071156092395,-0.110442347996547,0.107850103762977,3.3,0.142292083949505,0.201263816517024,-0.0656746481867709,2.83333333333333,-0.238843203665006,-0.124687156554585,-0.114311381093792,4.14285714285714,1.88515680641508,1.47447163298696,0.600109866290293,5,3.31367547972593,1.91915665923684,1.0979722632391,5,3.73679657201665,2.30646665724278,1.25687647338945,5,4.57205712657628,2.32202944268021,1.63747186549176,3.14285714285714,-0.43087833569214,-0.396054042352256,-0.0809446576441134,5,3.7350316100817,2.22691801750131,1.37973577599676,1.66666666666667,-1.52439773852751,-0.976872025198263,-0.669914541925127,1.25,-1.19998286985605,-0.652396927195811,-0.294064227814672
"208",208,"male","white","yr2","STEM","stats","Visual",2,-2.38412711828507,-1.61555268631646,-1.2733614403238,1,-1.95968575222524,-1.12354304995711,-0.506476490509507,3.66666666666667,1.08373508897087,0.653458182386678,1.48328202096079,3.7,1.36811782991053,0.669296730440063,0.424736377127423,1.83333333333333,-2.1967804553572,-1.32820823025045,-1.01703878351264,2.85714285714286,-0.860198494623536,-0.691230364873564,-0.331471021808226,2.85714285714286,-1.84630637995741,-0.936375414587859,-0.60756377141849,3.42857142857143,-0.0587118008247362,-0.1875813933299,0.0109573959841511,1.71428571428571,-2.44343766067951,-1.2064793528517,-0.764667784353484,2.85714285714286,-1.08914001202131,-0.977633130369318,-0.336063383665019,2,-2.9060077555006,-1.96504367265135,-1.22779481384954,1.66666666666667,-1.48004099448574,-1.04836516154848,-0.602015671664151,1.25,-1.09582716322922,-0.704946065192215,-0.249188550999356
"209",209,"male","white","yr3","STEM","other","Auditory",1.25,-3.64432487769875,-2.26154124114192,-1.90671854415302,1,-1.95968575222524,-1.12354304995711,-0.506476490509507,2,-0.610112099957654,0.082069290588815,-1.27525681048139,5,5.14404030313939,3.25008804515714,1.55143250842355,5,3.98620410056276,2.58234944044327,1.82061697304004,4.71428571428571,3.32796582177745,1.89227579202516,1.22921057672188,4.57142857142857,2.29366773149862,1.38097471970404,0.732609372864513,4.28571428571429,1.99866577678286,1.24787951771891,0.669568124285514,4.28571428571429,3.11952232559307,1.57599535227495,1.23436550317557,4.57142857142857,2.67217813658429,1.75053744441114,0.991177711816001,4.71428571428571,3.08716676680505,1.8215677240931,1.12236373214488,3,1.16109640947066,0.89558989955865,0.476063462043351,1.5,-0.623032644819437,-0.513559309885433,-0.191628894219258
"210",210,"male","white","yr2","Health","stats","Kinesthetic",4,0.958769288281112,0.626638450276295,0.61986647507212,1.4,-1.16458546536928,-0.59334824959826,-0.27795202248177,3,-0.907467385408693,-0.586598229251075,-1.1593922462537,3,-0.491005431320368,-0.496921325468827,-0.0126615246294832,1.5,-2.78940836067042,-1.68506111336236,-1.2785447294826,2.28571428571429,-2.08426271132017,-1.32108464586195,-0.716422768020556,2.42857142857143,-2.73626068791143,-1.8255755274657,-0.828700675559055,3.28571428571429,-0.518248056505877,-0.413065195316659,-0.239313810362632,1.71428571428571,-2.76214934325804,-0.989754137350938,-1.18900606032136,2.28571428571429,-2.52055412702566,-1.60500417842278,-0.985002774162694,2.42857142857143,-1.98685378999683,-1.07759976853895,-0.529311823236218,2.33333333333333,-0.138472432148111,-0.205100917455658,-0.0220251504664182,1.25,-1.09582716322922,-0.704946065192215,-0.249188550999356
"211",211,"female","white","yr1","Other","math02","Visual",3,-0.740027897384156,-0.421894562733497,-0.345033014295263,3,2.11351123071005,1.21354757164919,0.515845625747307,2,-0.610112099957654,0.082069290588815,-1.27525681048139,2.7,-1.52966781320061,-0.916925035106977,-0.424507881793343,3,0.0949275067302644,0.11765192711224,0.0417608205515849,3,-0.658318873546137,-0.307304927405721,-0.279414626178877,3.28571428571429,-0.680191771227552,-0.455229570783525,-0.170448214892212,2.71428571428571,-1.89303970160801,-1.21032451638686,-0.65033780536846,3.42857142857143,1.11721493874465,0.415002635236689,0.359326011092016,3,-0.991908885088992,-0.562639153403243,-0.416865039518374,2.42857142857143,-1.93680446606481,-1.00590262514017,-0.638175933512284,3,1.16109640947066,0.89558989955865,0.476063462043351,2,0.567149196251447,0.442914293512327,0.179146680586523
"212",212,"female","white","yr1","Business","math03","Auditory",4.75,2.14511475358154,1.47845455939476,1.11779036069037,2.2,0.510949315748942,0.489710633901882,0.203289087346499,3.33333333333333,-0.386362882712429,-0.493420007668577,-1.49163594484367,4.7,4.29164154190666,2.66783164969485,1.35166816208358,3,0.1597707525067,0.0898276144746944,0.0684870731461831,3.14285714285714,-0.347131115445031,-0.19274884626732,-0.204910681810222,2.85714285714286,-1.71538845801766,-1.43817910657839,-0.444579800016927,2.85714285714286,-1.45680752764579,-0.891228654966432,-0.424415210528663,2.85714285714286,-0.146758094043722,-0.172626031197042,-0.084412455653197,3,-0.886969699271399,-0.454735084429638,-0.26837729784273,3.28571428571429,-0.0871343348808026,-0.128387115955737,-0.143026162066743,3,1.16345343279357,1.08152333612991,0.462060423616363,1.75,0.152838241851338,0.829824049780712,0.174924855227948
"213",213,"female","white","yr3","Other","other","Kinesthetic",4.75,2.14511475358154,1.47845455939476,1.11779036069037,3.2,2.47537987817769,0.986431960470381,0.646773797616247,2.66666666666667,-2.36823582098343,-1.4436769812168,-2.20258046486156,2.1,-3.3048050271097,-2.30889035991731,-0.985213281204801,3.66666666666667,1.35106611807543,0.860533279128526,0.61718048588487,3,-0.861932477801321,-0.229893322399755,-0.454762359420123,2.85714285714286,-1.93939037550263,-0.919867187607145,-0.698510394673041,2.14285714285714,-3.17670874351211,-1.91331219778991,-1.01334119895073,2.57142857142857,-0.725365734419717,0.280044157811307,-0.364195217305259,2.85714285714286,-1.42296592966935,-0.62987040601996,-0.688897791075899,2.71428571428571,-1.36113470207032,-0.644900238236101,-0.405198587102407,4,3.15362790427913,2.38216627044426,1.29809677028247,1.75,-0.0460824197828283,-0.374721692575056,-0.0891935606238431
"214",214,"male","white","yr2","Business","math03","Auditory",4.5,1.827773487751,1.44358747821172,1.36352786935115,3.8,3.78904601182827,2.29660645514933,0.997086735575576,2.33333333333333,-2.8893403236797,-1.53685520279929,-1.8703367662716,1.8,-4.30753007813402,-2.52180418073839,-1.55760257645537,2.83333333333333,-0.19359282275225,-0.228327884499971,-0.0849787130224037,2.85714285714286,-0.920311466144286,-0.571439976346694,-0.312674554191533,3,-1.50295731275713,-0.887381219099335,-0.451581421982724,2.71428571428571,-1.89152550809566,-1.0614569805837,-0.663750184908547,2.71428571428571,-0.422152562363623,-0.209047638022304,-0.0431851794963492,3.28571428571429,-0.339174361810659,-0.059077878947572,-0.179078979848163,3.14285714285714,-0.390183533479712,0.0595262693983383,0.0158945436915899,2,-0.831435085337812,-0.59098647132696,-0.345969846195772,2.5,1.75733103732233,1.39938789691009,0.549922255392304
"215",215,"female","white","yr3","STEM","math03","Kinesthetic",5,2.60286850918202,1.82029657385926,1.54819490110066,2.4,0.840332904220337,0.572388168243468,0.200845316953553,3,-0.907467385408693,-0.586598229251075,-1.1593922462537,4.7,4.34619156342874,2.66858917409412,1.37179262618738,1.33333333333333,-3.16213245021214,-1.87126202096967,-1.45200793391233,2.71428571428571,-1.03766995824247,-0.793156160399272,-0.29613525060315,2.57142857142857,-2.65423730912472,-1.24746841812628,-0.992929910115167,3.71428571428571,0.510130172596196,0.321518946354928,0.120707167041054,3,0.196668912296751,0.400095336782022,0.0187702095237782,2.57142857142857,-1.90799873138474,-1.19509750621012,-0.7079795837508,1.14285714285714,-4.8092510726377,-2.837099369112,-1.74246080012226,1,-2.82396658014628,-2.07756284221257,-1.1680031544349,1.5,-0.518876938192611,-0.566108447881837,-0.146753217403941
"216",216,"male","white","yr1","Business","math02","Visual",2,-2.46800785436112,-1.7327588753139,-1.62057523069405,1.6,-0.737774245992565,-0.455952902556202,-0.180362371864268,3.66666666666667,1.08373508897087,0.653458182386678,1.48328202096079,2.9,-0.994173407911626,-0.551377256991919,-0.354834256560701,3.83333333333333,1.70679509325124,1.10766160011093,0.775116695150437,4,1.63391339847463,1.02262885178259,0.58581841920635,3.85714285714286,0.50964860095023,0.146134317860227,0.202436211854431,3.71428571428571,0.515014433565547,0.284822454873303,0.137393990786474,3.71428571428571,2.04731756048532,1.05057177067936,0.900788890542138,4,1.31935165331434,0.888150089808624,0.484193885042945,4.42857142857143,2.45581028263169,1.41003698028639,0.821471779270522,2,-0.831435085337812,-0.59098647132696,-0.345969846195772,1.25,-1.19998286985605,-0.652396927195811,-0.294064227814672
"217",217,"female","white","yr1","Other","math01","Auditory",4.5,1.77124173405712,1.2538187339277,1.03459961065032,2,0.0999931445665452,0.0855765391938692,0.0602581830498663,3,-1.84713131828717,-1.3504987596343,-2.53482416345152,3.5,0.762269786121707,0.467641113030146,0.26470976471967,4.16666666666667,2.28433331913216,1.6461804857274,1.03924284563141,4.14285714285714,1.87603745896732,1.19773080990647,0.647248352900502,4.42857142857143,1.92887168875003,1.20389925821479,0.601352413673086,4.28571428571429,1.98708103196453,1.15466671901691,0.663147883907774,2.28571428571429,-1.14085768668505,-0.529780023330584,-0.308150823502385,3.28571428571429,-0.212087019005174,-0.138318352451564,-0.0714858650579539,4.42857142857143,2.44667795485634,1.56342610529652,0.889285587369024,3,1.15873938614775,0.709656462987391,0.490066500470339,1.5,-0.727188351446263,-0.461010171889029,-0.236504571034574
"218",218,"female","white","yr3","Business","math03","Visual",4.75,2.2289954896576,1.5956607483922,1.46500415106062,2.6,1.2244770198939,0.698448873894309,0.286338880684657,2.66666666666667,-2.36823582098343,-1.4436769812168,-2.20258046486156,2.8,-1.25423244204219,-0.967682575577499,-0.407729362013377,1.33333333333333,-3.17912756457806,-1.81033460759458,-1.46753492907649,2.57142857142857,-1.48092280570717,-1.05502644376975,-0.485859303255017,2.71428571428571,-2.17100422360434,-0.944650398708762,-0.811578797491668,2.57142857142857,-2.25382014506821,-1.53008982517852,-0.744371156754746,2.28571428571429,-1.22478693093788,-0.405927778535871,-0.516236782879513,2.71428571428571,-1.5919794294715,-1.13435197168298,-0.690345265101862,2.42857142857143,-1.9913380195994,-1.15395505352454,-0.705920209084897,2.66666666666667,0.51013347699982,0.252277772765867,0.23402067500196,2,0.649102729866265,0.490867012717764,0.336589433595267
"219",219,"male","white","yr2","Business","math02","Visual",3,-0.740027897384156,-0.421894562733497,-0.345033014295263,3,2.11351123071005,1.21354757164919,0.515845625747307,3,0.0321965474697825,0.177302301132149,0.216039670944113,3,-0.703740970850622,-0.378288991481741,-0.264393022527605,3,0.0949275067302644,0.11765192711224,0.0417608205515849,3,-0.658318873546137,-0.307304927405721,-0.279414626178877,3,-1.5022887175622,-0.935851535078486,-0.482348422389692,3,-1.19531703207861,-0.682642974251729,-0.410263191544454,3,0.198764881314983,0.110002156595873,0.0634153015406642,3,-0.991908885088992,-0.562639153403243,-0.416865039518374,3,-0.695527539605158,-0.324404277222061,-0.214983055590222,2,-0.831435085337812,-0.59098647132696,-0.345969846195772,2,0.567149196251447,0.442914293512327,0.179146680586523
"220",220,"female","white","yr1","STEM","math02","Kinesthetic",4.75,2.2289954896576,1.5956607483922,1.46500415106062,3,2.06090002553956,1.04877033875125,0.527937975395426,3,-1.84713131828717,-1.3504987596343,-2.53482416345152,2.3,-2.63168949598981,-1.70972534859018,-0.732146541138574,2.16666666666667,-1.52510491455798,-0.907268753616259,-0.697360059098289,2.57142857142857,-1.52124020471838,-0.955089716594936,-0.600942527914002,3.28571428571429,-0.772465319117244,-0.442954590747225,-0.253917860408357,3.14285714285714,-0.749924227887257,-0.491934480628975,-0.248663228287231,2,-1.80214720206113,-0.818630557957219,-0.500244249105828,3.14285714285714,-0.413066914061596,-0.46261384075641,-0.0957594991723553,4.14285714285714,1.80720246139998,1.55527558722608,0.851440620343428,1.66666666666667,-1.48239801780865,-1.23429859811974,-0.588012633237163,1.5,-0.727188351446263,-0.461010171889029,-0.236504571034574
"221",221,"female","Asian","yr3","STEM","math03","Visual",1.25,-3.62517054834986,-2.32224368486175,-1.80785638928089,1,-1.95968575222524,-1.12354304995711,-0.506476490509507,1,-1.25242074738509,-0.0131637199545192,-2.7665532919069,4.2,2.6841078395362,1.67179960838291,0.59248211679351,5,3.98620410056276,2.58234944044327,1.82061697304004,5,3.9261456704954,2.35256263097091,1.45105146459158,5,3.31367547972593,1.91915665923684,1.0979722632391,5,3.73679657201665,2.30646665724278,1.25687647338945,5,4.57205712657628,2.32202944268021,1.63747186549176,5,3.63061219171766,2.33893933302049,1.38525280960426,5,3.7350316100817,2.22691801750131,1.37973577599676,3,1.16109640947066,0.89558989955865,0.476063462043351,2.75,2.22543248307023,1.33100791022392,0.514657917569609
"222",222,"male","white","yr1","Business","math03","Auditory",3.25,-0.311456913095375,-0.342383847839607,-0.225271200916375,1,-1.95968575222524,-1.12354304995711,-0.506476490509507,3.66666666666667,0.153400692200954,0.179357090092986,2.03957985095958,4.2,2.78703683917503,1.85122242541235,0.779125517118382,3.83333333333333,1.69310077614712,1.21290844284804,0.769777134318635,4.71428571428571,3.23518201310773,2.08903954585006,1.16913395449046,4.14285714285714,1.22404536929361,0.625824535725613,0.41835806077611,4.28571428571429,1.98708103196453,1.15466671901691,0.663147883907774,4.28571428571429,2.99616349998197,1.66997635294376,1.00724379859716,4.71428571428571,2.91083810505148,2.01572171826628,1.06108137453404,4.28571428571429,2.16092462693404,1.3369322592672,0.787932573816197,2.33333333333333,-0.182829176189881,-0.133607781105436,-0.089924020727394,2.5,1.62158701235973,1.03290540812243,0.431965665564829
"223",223,"female","other","yr5+","Business","math03","Visual",2.75,-1.14124989929076,-0.573967832913973,-0.446509296004727,1.4,-1.16458546536928,-0.59334824959826,-0.27795202248177,3.66666666666667,0.144071156092395,-0.110442347996547,0.107850103762977,4.1,2.53080987613693,1.48837262156566,0.775879093550425,1.5,-2.80413718802863,-1.7702859503024,-1.28036074328714,2.71428571428571,-0.987026093773691,-0.662900375222621,-0.267777358570814,4,0.952947883274241,0.530322802977572,0.335999717003131,3.42857142857143,0.00979776312029559,-0.203389709681123,0.0224726268071144,2.14285714285714,-1.65541858884175,-0.969160252670396,-0.592950937597984,3.28571428571429,-0.304101193677075,-0.0592354612908577,-0.115519764536592,3.28571428571429,-0.0801654954654963,-0.0827337408979191,-0.0154603399194261,1.66666666666667,-1.48239801780865,-1.23429859811974,-0.588012633237163,1,-1.67277738826583,-0.843783682502592,-0.351623884594771
"224",224,"female","white","yr2","STEM","other","Visual",2.25,-2.01025409876064,-1.3909168608494,-1.19017069028376,1,-1.95968575222524,-1.12354304995711,-0.506476490509507,3.66666666666667,2.02339902184935,1.4173587127699,2.85871393815861,3.8,1.60453641218715,1.06869185557888,0.432821626537001,1,-3.79634908710223,-2.34704558621879,-1.73709533193687,2.71428571428571,-1.0226144421389,-0.726786222766187,-0.334068569370302,3.28571428571429,-0.889681911984543,-0.492054104254083,-0.371542707579725,2.57142857142857,-2.22171360117277,-1.69436641660124,-0.750212398276423,1.71428571428571,-2.76663373259527,-1.32988585851965,-1.00710651698285,1.85714285714286,-3.47721020874318,-2.35694564871821,-1.27804186252529,1.14285714285714,-4.8092510726377,-2.837099369112,-1.74246080012226,3.33333333333333,1.85405906266036,1.28147545342995,0.800008157772705,1,-1.67277738826583,-0.843783682502592,-0.351623884594771
"225",225,"female","white","yr2","Health","stats","Auditory",3.5,0.211023249232265,0.177366799342168,0.453484974992038,1.6,-0.745029577632997,-0.226979540276659,-0.15813101492302,2,-1.54044649672757,-0.392031801704877,-0.718958980482606,3.2,-0.116619542844734,-0.204745365649752,0.0383204246222796,2.16666666666667,-1.42627144004971,-1.05694789300398,-0.639579816175367,3.14285714285714,-0.298223112099047,0.0411802718919962,-0.131192132940843,3.57142857142857,-0.160758421682296,-0.0894328652964327,-0.078261788789903,2.71428571428571,-1.75183588554897,-1.04035369310962,-0.581289175203509,2.28571428571429,-1.45461913791431,-0.495778455720378,-0.62267457876545,2.42857142857143,-2.17466140996017,-1.48679454547468,-0.837731596243491,2.28571428571429,-2.29175434438696,-1.48348694548248,-0.957855354434508,1,-2.82396658014628,-2.07756284221257,-1.1680031544349,1.25,-1.19998286985605,-0.652396927195811,-0.294064227814672
"226",226,"female","white","yr1","STEM","stats","Kinesthetic",3.75,0.520169862029526,0.224093992091956,0.288324089533957,3,2.02683263839029,0.999670311973621,0.492631991771145,3.33333333333333,1.49296498304452,1.03438105309787,1.25922788955197,3.1,-0.325707748762681,-0.265712384392385,-0.140796545327843,1.66666666666667,-2.50369126153381,-1.53684146872011,-1.15134554690797,1.85714285714286,-3.17039982062901,-1.78971356944166,-1.22984173607379,1.85714285714286,-4.25670098236021,-2.49190563200947,-1.42899605206054,2.14285714285714,-3.23622560389853,-2.06158757808017,-1.04576685572266,1.71428571428571,-2.76087601439199,-1.22064789857561,-1.15061821939988,2.14285714285714,-2.86681989430247,-1.80932791006502,-1.14321635641091,2.71428571428571,-1.34255734235952,-0.737454638371164,-0.470907179123677,2.33333333333333,-0.182829176189881,-0.133607781105436,-0.089924020727394,1.25,-1.19998286985605,-0.652396927195811,-0.294064227814672
"227",227,"male","white","yr2","Business","math03","Visual",2,-2.29021794024621,-1.17531275402858,-0.714367077794273,2.4,0.861263987512799,0.734356508179983,0.156389248612351,5,1.31681384232466,0.367768322218818,3.19863263379512,2.9,-0.874939827298893,-0.40301013099963,-0.278216209017795,3,0.115017938509836,0.0400276048121331,0.0498014884077892,4,1.63391339847463,1.02262885178259,0.58581841920635,3.42857142857143,-0.487291276417719,-0.272432849560671,-0.172698113287681,3.85714285714286,0.964164110495357,0.60208789620363,0.381992962289609,4,2.40908696318655,1.16518765270432,0.849540153655324,3,-1.02145490017174,-0.484463757498566,-0.463091588479251,3.85714285714286,1.20692826595863,0.955878200223489,0.516436740971192,3,1.20309613018952,0.638163326637169,0.557965370731314,2.75,2.19853723739633,1.17174302543281,0.534400999160244
"228",228,"male","white","yr2","STEM","other","Kinesthetic",3.25,-0.376183319822538,-0.520292480556882,-0.473622836414497,1.4,-1.16458546536928,-0.59334824959826,-0.27795202248177,4,-0.265158737981257,-0.491365218707741,0.331904235171801,2.5,-2.09552164511261,-1.35293982909896,-0.670329917206281,2.33333333333333,-1.13399034832216,-0.858414419151501,-0.516329624847219,2.57142857142857,-1.62571054847217,-0.798662919369107,-0.685040824018787,3.57142857142857,-0.0782677964194915,-0.282795223158892,-0.00247728750938099,3.57142857142857,0.125419060269996,0.148346285386523,0.0472012024749665,2.42857142857143,-1.09996914646805,-0.62489924939425,-0.535325591050238,2.71428571428571,-1.5595131666151,-1.07555592191984,-0.608856863082361,2.42857142857143,-1.9371255875175,-1.17424321528034,-0.784513000056741,2.33333333333333,-0.182829176189881,-0.133607781105436,-0.089924020727394,3,2.91592456005744,1.93682987352379,0.847616917185926
"229",229,"female","white","yr2","STEM","other","Visual",2.5,-1.6737585035812,-1.4167522233862,-1.33704604407242,1,-1.95968575222524,-1.12354304995711,-0.506476490509507,4.33333333333333,2.13527363047196,1.12961406364121,2.75052437097747,3.9,2.17605967573152,1.08500249138106,0.844774349254696,3,0.132386410639391,0.0628078384973146,0.0763521469413919,3.28571428571429,0.27134207996862,0.0196868544844164,0.179453141686159,5,3.31367547972593,1.91915665923684,1.0979722632391,4.28571428571429,2.08455475697793,1.09924056542862,0.769982623422948,3.57142857142857,1.72419721550149,0.948009197177401,0.713669862565904,4,1.41415925836908,0.793170615888572,0.515769799978162,3.57142857142857,0.588493146792837,0.127498511925259,0.127828598670192,2.66666666666667,0.51013347699982,0.252277772765867,0.23402067500196,1.25,-1.09113409056733,-0.445179323199266,-0.156364556396563
"230",230,"male","white","yr3","STEM","other","Kinesthetic",2.25,-2.0941348348367,-1.50812304984684,-1.53738448065401,1.2,-1.53287453284852,-0.986147702915055,-0.408886839892005,3.33333333333333,1.49296498304452,1.03438105309787,1.25922788955197,4.4,3.51013258591146,2.14874747755532,1.18002528239901,3.5,1.12025870985618,0.642289826826117,0.507878652827203,4,1.90202198400342,0.878496073568934,0.792202434880206,3.71428571428571,0.176892904032365,0.273994253253448,0.0616159843926939,4.14285714285714,1.5649923094921,0.870346165960491,0.525896532157537,2.57142857142857,-0.572389034338039,-0.213060246446378,-0.235555782310649,4,1.53690986581722,0.834514886458024,0.649442700125564,3.42857142857143,0.265853269990784,0.157975196688259,0.15722471869954,4,3.15362790427913,2.38216627044426,1.29809677028247,1.25,-1.09582716322922,-0.704946065192215,-0.249188550999356
"231",231,"female","white","yr1","Health","stats","Kinesthetic",2.5,-1.55250034316017,-1.0490748463849,-0.759766149873467,1.6,-0.790385451163053,-0.620730135454138,-0.16827002221615,3,0.971860480348258,0.941202831515373,1.59147158814193,3.7,1.44691717110167,0.894226143099576,0.462043024533945,2.83333333333333,-0.111754462609896,-0.317079610512607,-0.0427254652636435,4,1.83581591887505,0.913284867471673,0.735112748833504,4.57142857142857,2.23756376758763,1.34194678416699,0.751298392546683,4.28571428571429,2.05357560131339,1.10026371766214,0.709511680444132,3.28571428571429,0.917453419371921,0.218459061065923,0.399328687694196,4.42857142857143,2.48013940459723,1.43052294136511,1.04040345273414,4,1.51643238490326,0.989658847808291,0.629971003586201,2.66666666666667,0.51013347699982,0.252277772765867,0.23402067500196,1.5,-0.618339572157551,-0.253792567892485,-0.0988048996164647
"232",232,"female","white","yr3","Health","stats","Kinesthetic",4.5,1.70651532732996,1.07591010121042,0.786247975152202,2.8,1.64403290763018,1.06481758321591,0.406159888243407,3.66666666666667,0.144071156092395,-0.110442347996547,0.107850103762977,1.9,-3.89680341233227,-2.29699630776533,-1.22846735762115,3,0.0949275067302644,0.11765192711224,0.0417608205515849,3.85714285714286,1.27347059613438,0.891035442522429,0.438636662158123,4.14285714285714,1.27048942383046,0.668728023568424,0.439068879616131,3.71428571428571,0.586116038770293,0.526310633865556,0.176239887936144,4,2.32928531013081,1.16551566856995,0.745011463887608,3,-0.991908885088992,-0.562639153403243,-0.416865039518374,3.57142857142857,0.555051575307313,0.507279373897971,0.257763229296439,2,-0.831435085337812,-0.59098647132696,-0.345969846195772,2.75,2.47002528732155,1.90470800300812,0.770314178815193
"233",233,"male","white","yr3","STEM","math03","Kinesthetic",1,-4.08292430395033,-2.66408569932625,-2.23826092969118,1,-1.95968575222524,-1.12354304995711,-0.506476490509507,2,0.310892760703704,0.266370944792975,-3.76328438767678,4.9,4.94038612692717,3.04573283635331,1.52350962421305,3.5,1.0789745710366,0.65950055529881,0.492730404150292,4.14285714285714,2.00200276267713,1.13125889916597,0.769210311065445,4.28571428571429,1.64656627126424,0.833461438863081,0.545879955762181,4.28571428571429,2.08997862136299,1.24873199273363,0.726868152788772,3.85714285714286,2.13511246523317,1.18458224414635,0.855153049595896,4.57142857142857,2.78958811608725,1.75692095076627,1.11298914777722,3.57142857142857,0.523603631504347,0.384443307590682,0.074951014613765,3,1.16109640947066,0.89558989955865,0.476063462043351,1,-1.67277738826583,-0.843783682502592,-0.351623884594771
"234",234,"female","other","yr5+","STEM","math02","Kinesthetic",4.75,2.2289954896576,1.5956607483922,1.46500415106062,2.6,1.26929344562873,0.588389453696845,0.398464651343223,3,-1.84713131828717,-1.3504987596343,-2.53482416345152,2.5,-2.25765687585064,-1.46840262373773,-0.811457174024877,1,-3.79634908710223,-2.34704558621879,-1.73709533193687,1.85714285714286,-3.16361095755105,-1.80305034966331,-1.17560311115852,3,-1.50810947230056,-0.806381542149054,-0.545537981400673,1.71428571428571,-4.25638915563928,-2.51739489376497,-1.42946679603411,2.42857142857143,-1.18984030595053,-0.152751747944378,-0.645832710704449,1.57142857142857,-4.23205746354294,-2.68000568112914,-1.66577251290708,1.42857142857143,-4.18333619031772,-2.39727155751803,-1.51879063787099,1.33333333333333,-2.13100392695658,-1.69167728834127,-0.844058458705541,1.25,-1.19998286985605,-0.652396927195811,-0.294064227814672
"235",235,"female","white","yr1","Other","math01","Kinesthetic",3.5,0.0350671240468692,-0.0451854670859573,-0.160365982545758,1.2,-1.58414135310556,-0.959716958919861,-0.39777303004052,3.33333333333333,1.49296498304452,1.03438105309787,1.25922788955197,2.7,-1.49854318476814,-1.00393768981494,-0.44621207283552,3.66666666666667,1.447633305576,0.85700639005594,0.661249747448177,4.57142857142857,2.97757643462456,1.67131302534738,1.12264482935049,5,3.31367547972593,1.91915665923684,1.0979722632391,4,1.34393482316685,0.887418130324379,0.459403854091177,3.57142857142857,1.54362869899876,0.923942262538493,0.604137436280975,4.28571428571429,2.03378511203534,1.17640694034852,0.796503855926978,4.42857142857143,2.46250253421256,1.42971188456704,0.873287609509481,1.66666666666667,-1.48239801780865,-1.23429859811974,-0.588012633237163,1.25,-1.19998286985605,-0.652396927195811,-0.294064227814672
"236",236,"female","Black","yr3","Health","other","Kinesthetic",3.25,-0.311456913095375,-0.342383847839607,-0.225271200916375,3,2.12664753456685,1.1006792584903,0.59560767771279,2,-1.54977603283613,-0.681831239794409,-2.65068872767921,3.4,0.651862919540957,0.466287487563074,0.358433729941293,2.33333333333333,-1.22295903297769,-0.614102021191518,-0.567871424684255,3,-0.777064307928946,-0.284575859022045,-0.387207396392198,3,-1.47185042783468,-0.763175505404375,-0.515706650749253,3,-1.1520147564635,-0.532276505658312,-0.41106846116779,2.71428571428571,-0.524873888091229,0.184268900016378,-0.38231260531768,2.42857142857143,-2.37390833323037,-1.26073701340693,-0.95913301092329,3.28571428571429,-0.0784683972260846,0.294791130159211,0.152250906667904,1.66666666666667,-1.48004099448574,-1.04836516154848,-0.602015671664151,2.75,2.23012555573212,1.59077465221687,0.607481912172402
"237",237,"female","other","yr1","Other","math01","Auditory",3.25,-0.133666998980462,0.215062273445715,0.680936951983401,2.4,0.902348763062937,0.38679797727318,0.266551294136354,3.33333333333333,-0.386362882712429,-0.493420007668577,-1.49163594484367,2.2,-3.2053621394969,-1.69420042500358,-1.10603347375348,2.83333333333333,-0.189394230078165,-0.106986877297469,-0.0933981273658591,4,1.66383534576746,1.02229258518207,0.598264423201688,4,0.905693381081866,0.491652562079174,0.307811920424704,4,1.27073976996902,0.811911841495528,0.423306640922497,4,2.38541100394563,1.21601579963804,0.850443583516211,3.71428571428571,0.651412613682641,0.392194981650687,0.243293480193046,4,1.51975203523827,0.951256870139627,0.58237636020327,2.66666666666667,0.51013347699982,0.252277772765867,0.23402067500196,3,2.80707578076872,1.72961226952725,0.709917245767817
"238",238,"male","white","yr1","STEM","math03","Visual",3.5,0.156325284467907,0.322491909915342,0.416913911653192,1.6,-0.724098494340535,-0.065011200340144,-0.202587083264222,2.66666666666667,0.441426441543435,0.558225171843343,-0.00801446046471216,2.7,-1.58814177391707,-0.868931828591284,-0.541789628339343,3,0.153872204747141,-0.0912356435702554,0.076433049454775,3.28571428571429,-0.013266056646128,0.100819522915001,-0.0607158609467156,3.28571428571429,-0.845385495493088,-0.347976737508556,-0.296774865664175,3,-1.2214119267738,-0.718316313499836,-0.45404731077785,2.85714285714286,-0.039603579263829,-0.175612080662276,0.0906394840369582,3.42857142857143,0.139519376216816,0.100966143404996,0.0985891813764524,3.28571428571429,-0.0384050414939535,0.0887692000250749,0.0213553205901636,2,-0.831435085337812,-0.59098647132696,-0.345969846195772,1.5,-0.727188351446263,-0.461010171889029,-0.236504571034574
"239",239,"female","white","yr2","STEM","math03","Kinesthetic",4.5,1.85512247013317,1.37102492292513,1.38181340102057,2.2,0.486524525511348,0.257928378660918,0.148694011712167,3.33333333333333,-1.3260268155909,-1.2573205380518,-2.86706786204148,2.4,-2.44610674922687,-1.74763116409894,-0.761595816278393,2,-1.85380610759964,-1.09799992062826,-0.840180928384687,1.57142857142857,-3.85018760082374,-2.22016490634586,-1.47074981838694,3,-1.49911815812135,-0.761786778475668,-0.554170819515896,2,-3.56316173398059,-2.17444712146234,-1.20469473747612,1.85714285714286,-2.55752990573246,-1.20905362407495,-1.10356617872437,2,-3.19334382718987,-2.15907108617997,-1.2887049061293,1.71428571428571,-3.54934383555641,-2.15167656171097,-1.23797139721665,1.66666666666667,-1.48239801780865,-1.23429859811974,-0.588012633237163,1.25,-1.09582716322922,-0.704946065192215,-0.249188550999356
"240",240,"female","white","yr1","STEM","stats","Kinesthetic",4.5,1.77124173405712,1.2538187339277,1.03459961065032,3,2.17418270463919,0.836749403785767,0.582530142726743,3,-1.83780178217861,-1.06069932154477,-0.603094416254917,1.5,-5.09275460770216,-3.15883860742748,-1.65149818874457,3.66666666666667,1.39228149188867,0.89575631420547,0.629738274570024,3,-0.710431550265327,-0.298585172444743,-0.308076763486249,2.57142857142857,-2.48403327777635,-1.47995799738627,-0.810890678070629,2.85714285714286,-1.49906086842693,-1.0002719875821,-0.522022007138225,2.42857142857143,-1.11343391039236,-0.266572029604206,-0.366949499370844,3.14285714285714,-0.727210705035074,-0.150459581799676,-0.39362023861586,2.71428571428571,-1.34019805960601,-0.929368857147991,-0.566729883252042,1.33333333333333,-2.17300364767544,-1.43425071541979,-0.925960367393505,1,-1.67277738826583,-0.843783682502592,-0.351623884594771
"241",241,"female","other","yr1","Other","math01","Visual",4.25,1.26791590107837,0.673365643026083,0.454705589614039,2.4,0.799010185430638,0.752261503745382,0.187770690270521,3.66666666666667,1.08373508897087,0.653458182386678,1.48328202096079,1.8,-4.10722708214976,-2.6837179138457,-1.24081898648568,2,-1.85071079018598,-1.11469682955327,-0.847667255692644,2.14285714285714,-2.4350787910083,-1.56282689301977,-0.845029462251193,3.28571428571429,-0.821649029438789,-0.276832281375809,-0.337313300838669,1.85714285714286,-3.92201416657599,-2.21644923807423,-1.34850195062821,1.71428571428571,-2.58816118511077,-1.0157257436946,-0.942219182714813,2.57142857142857,-1.88787478063321,-1.15194853726863,-0.813132786788875,3.28571428571429,-0.0737498317190464,-0.0890373073944437,-0.0393945015888251,2,-0.831435085337812,-0.59098647132696,-0.345969846195772,1.25,-1.09582716322922,-0.704946065192215,-0.249188550999356
"242",242,"male","white","yr4","Other","math02","Visual",4,0.894042881553949,0.44872981755902,0.371514839573998,1.8,-0.320367680287963,0.0318098683540812,-0.160571048077687,3,0.971860480348258,0.941202831515373,1.59147158814193,4.3,2.99069101538726,2.05557763421618,0.807048401328888,4,2.04939608324516,1.25416226267285,0.940950886908954,3.57142857142857,0.540020984679637,0.526083274464902,0.146632077567227,4.42857142857143,1.9842175969789,1.19688855741296,0.685757728944778,4.14285714285714,1.68430325537841,0.834309254712345,0.614952568833504,3.57142857142857,1.72547054436753,0.717115435952725,0.75205770348739,3.57142857142857,0.478327577683925,0.306131707554402,0.211930223215898,4.28571428571429,2.13848668062379,1.25100428841308,0.881309549495956,3,1.20545315351243,0.824096763208428,0.543962332304327,2.5,1.47645684207335,0.146889435348884,0.128361086531768
"243",243,"male","white","yr1","Business","math03","Visual",4.25,1.33264230780553,0.851274275743358,0.703057225112161,3.4,2.82566457543094,1.76736422304181,0.723120184933444,2.33333333333333,-2.8893403236797,-1.53685520279929,-1.8703367662716,2.4,-2.61432869875349,-1.44241563602448,-0.932840161828516,1.16666666666667,-3.48773832584015,-2.07869009690668,-1.60231513050668,2.28571428571429,-2.29587160601478,-1.33926309417097,-0.907373843514354,3,-1.50457820806818,-0.878914725210508,-0.466535377459537,2.28571428571429,-2.85244310808668,-1.85317257458426,-0.913843865256373,2.57142857142857,-0.697047148428479,-0.522664691757919,-0.243677873306288,2.14285714285714,-2.84968496519024,-1.89579372243131,-1.11256213717315,2.71428571428571,-1.31475017034427,-0.744557184535384,-0.386837387602529,2.33333333333333,-0.182829176189881,-0.133607781105436,-0.089924020727394,2.25,1.14879249394994,0.841518652815653,0.374406008784731
"244",244,"female","white","yr1","Other","math01","Auditory",2.75,-1.17043267060245,-0.836299132484584,-0.757152023036131,1.2,-1.58414135310556,-0.959716958919861,-0.39777303004052,3.66666666666667,1.08373508897087,0.653458182386678,1.48328202096079,2.5,-2.07992149676788,-1.30546365865908,-0.631668766767032,5,3.98620410056276,2.58234944044327,1.82061697304004,5,3.9261456704954,2.35256263097091,1.45105146459158,5,3.31367547972593,1.91915665923684,1.0979722632391,5,3.73679657201665,2.30646665724278,1.25687647338945,5,4.57205712657628,2.32202944268021,1.63747186549176,5,3.63061219171766,2.33893933302049,1.38525280960426,5,3.7350316100817,2.22691801750131,1.37973577599676,4,3.15362790427913,2.38216627044426,1.29809677028247,1.75,-0.25439383303648,-0.269623416582248,-0.178944914254476
"245",245,"female","white","yr3","Other","math01","Auditory",3.5,0.0350671240468692,-0.0451854670859573,-0.160365982545758,1.2,-1.58414135310556,-0.959716958919861,-0.39777303004052,3.66666666666667,-0.795592776786081,-0.874342878379771,-1.26758181343484,5,5.14404030313939,3.25008804515714,1.55143250842355,4.16666666666667,2.3549115270936,1.53921466090997,1.0832174156471,2.85714285714286,-1.09993860111412,-0.439468896759514,-0.485733014634217,2.71428571428571,-2.26734823907758,-1.19671588064889,-0.758375689073122,3,-1.21680489091792,-0.42242513315281,-0.461565210164539,3,0.182068768858437,0.0893732696536916,-0.0229810728866525,3.14285714285714,-0.638759184892499,-0.428042818860781,-0.26041179389774,3.28571428571429,-0.0906830441012825,0.284563104179776,0.0470202200149541,2.33333333333333,-0.138472432148111,-0.205100917455658,-0.0220251504664182,1.5,-0.623032644819437,-0.513559309885433,-0.191628894219258
"246",246,"male","white","yr4","Other","math02","Visual",4.75,2.14511475358154,1.47845455939476,1.11779036069037,2.4,0.962215299873858,0.322601847891574,0.232227587546987,2.33333333333333,-2.8893403236797,-1.53685520279929,-1.8703367662716,4.8,4.59572261688327,2.98133933776888,1.43215833863516,3.66666666666667,1.52460762821288,0.777663085675512,0.707925424488276,4.14285714285714,2.15660562236024,1.05329782300004,0.899605816470882,5,3.31367547972593,1.91915665923684,1.0979722632391,4.71428571428571,3.13527100803674,1.74294109864074,1.09078871181412,3,0.457981572194414,0.363763751437846,0.299288524941567,4.42857142857143,2.43109778794558,1.58736385200949,0.944674437970397,4.71428571428571,3.11160133757444,1.75638829597957,1.10702305004413,4,3.15362790427913,2.38216627044426,1.29809677028247,2.5,1.51273823307101,0.82568780412589,0.29426599414672
"247",247,"male","white","yr5+","STEM","math03","Kinesthetic",4.25,1.48124945060875,1.14638909745807,1.29862265098053,3.4,2.90726713265255,1.55253439511491,0.745348633571678,1.66666666666667,-1.14054613876248,-0.300908369083215,-2.87474285908803,3.9,2.12413604059579,1.08335624037161,0.830499961577296,2,-1.85071079018598,-1.11469682955327,-0.847667255692644,2.14285714285714,-2.62003029051948,-1.50530903073335,-1.00991191851122,2.28571428571429,-3.22462082100002,-1.82957312451849,-1.07176106238049,2.14285714285714,-3.30070517865122,-1.96858989172184,-1.12697921797241,1.85714285714286,-2.13701342815223,-1.12454566629192,-0.663945130804567,2,-3.30316942349232,-2.01342839661511,-1.31792396407969,1.57142857142857,-3.88232515301963,-2.2249301339551,-1.43555157295651,2,-0.831435085337812,-0.59098647132696,-0.345969846195772,1.5,-0.623032644819437,-0.513559309885433,-0.191628894219258
"248",248,"male","white","yr5+","STEM","math03","Visual",3,-0.880440387154086,-0.728869496014958,-1.02117506336634,1.2,-1.53287453284852,-0.986147702915055,-0.408886839892005,3.33333333333333,0.553301050166047,0.270480522714647,-0.116204027645849,3.4,0.413289804322544,0.210279296931058,0.0154387506067255,2.5,-0.864899298128761,-0.328046252622297,-0.412177969526129,4.71428571428571,3.35590760828041,1.97912500144551,1.2592916527105,5,3.31367547972593,1.91915665923684,1.0979722632391,5,3.73679657201665,2.30646665724278,1.25687647338945,4.14285714285714,2.87756927572745,1.4753304146869,1.17453496839418,4.42857142857143,2.66554469674018,1.51401676602561,1.17735490556381,4.71428571428571,3.09385901838592,1.84124262837374,1.17417956238383,2.66666666666667,0.46813375628096,0.509704345687348,0.152118766313997,1.5,-0.623032644819437,-0.513559309885433,-0.191628894219258
"249",249,"female","white","yr3","Other","other","Visual",4.5,1.74389275167494,1.32638128921428,1.0163140789809,2.4,0.892944109390825,0.737165401141405,0.188752967305434,2.33333333333333,-0.0890075972613892,0.175247512171313,-1.60750050907135,3.7,1.29736040423803,0.653526081332201,0.351000617297419,3.16666666666667,0.370418963940042,0.438129152626849,0.167157778355889,2.85714285714286,-1.00148839137202,-0.572010536440323,-0.371811185598646,2.42857142857143,-2.86003725199135,-1.93196954547919,-0.915261751399982,3,-1.13083745732592,-0.775640660610053,-0.3290508292947,2.42857142857143,-0.991725499848492,-0.401245843484964,-0.3678186731327,3.57142857142857,0.380599724855525,0.264139735806643,0.145092455222056,3,-0.681230197810869,-0.532068940796624,-0.281325064973995,2.33333333333333,-0.182829176189881,-0.133607781105436,-0.089924020727394,2,0.426712098626955,-0.183334937268275,-0.0316339038437446
"250",250,"male","white","yr3","Other","math02","Visual",3,-0.833937075423015,-0.862134495021383,-0.904027376824789,2.2,0.473388221654544,0.370796691819804,0.0689319597466841,2.33333333333333,-0.0796780611528299,0.465046950260845,0.324229238125249,3,-0.685123507616407,-0.525513492555712,-0.286294850185178,3,0.0966274618157389,0.177374177954687,0.0422342585864483,2.57142857142857,-1.61694152460434,-0.899185175611633,-0.648437271096796,3.14285714285714,-1.14700908968964,-0.80694384066652,-0.372737951793833,2.28571428571429,-2.90374529111178,-1.72267112888773,-0.969948484936069,3,0.0659714350173705,0.0465750839865157,-0.0916213804040552,2.57142857142857,-2.01560453019436,-1.13423696399722,-0.796289503280978,2.71428571428571,-1.3367446649192,-0.852441785712632,-0.491126343839248,2,-0.831435085337812,-0.59098647132696,-0.345969846195772,1,-1.67277738826583,-0.843783682502592,-0.351623884594771
"251",251,"female","white","yr3","Health","math02","Visual",4.5,1.77124173405712,1.2538187339277,1.03459961065032,2.8,1.71838013321136,1.07896111756855,0.450619693822889,3.33333333333333,-0.37703334660387,-0.203620569579045,0.440093802352938,3.2,-0.141840836461405,0.00717835136292513,-0.132262763633427,3.16666666666667,0.522462174280194,0.158703954736512,0.242361932760904,3.14285714285714,-0.269238515232586,-0.187200683570992,-0.123799321890156,3.42857142857143,-0.48161237413995,-0.446139911524842,-0.147752532422074,3.42857142857143,-0.164923808380373,0.0905358524234076,-0.0850907798541624,3.14285714285714,0.439444602314559,0.441560855408598,0.0848579954005696,3,-0.991908885088992,-0.562639153403243,-0.416865039518374,3.42857142857143,0.252664561222511,0.125753669418088,0.153149984339077,3,1.16109640947066,0.89558989955865,0.476063462043351,2,0.567149196251447,0.442914293512327,0.179146680586523
"252",252,"female","white","yr5+","STEM","math03","Auditory",3.25,-0.338805895477554,-0.269821292553021,-0.243556732585799,2,0.0551767188317152,0.195635959391334,-0.0518675876087003,3.66666666666667,1.08373508897087,0.653458182386678,1.48328202096079,4,2.22513670478581,1.46575508256768,0.646995258224203,3.5,1.12025870985618,0.642289826826117,0.507878652827203,3.57142857142857,0.83032029963479,0.373567007890787,0.369232226553115,4.14285714285714,1.24563419730251,0.798142870761077,0.431876648677146,3.42857142857143,-0.141809968043547,0.0903429576421688,-0.0700215954268728,3.28571428571429,0.979828633015354,0.489820990223805,0.395575714444836,3.42857142857143,0.159201502891377,0.0653576780123714,0.153562849343827,3,-0.702540912638731,-0.51241977164288,-0.413135952373638,2.33333333333333,-0.182829176189881,-0.133607781105436,-0.089924020727394,1,-1.67277738826583,-0.843783682502592,-0.351623884594771
"253",253,"female","white","yr1","STEM","math02","Kinesthetic",2.75,-1.0865519345264,-0.719092943487147,-0.409938232665881,1,-1.95968575222524,-1.12354304995711,-0.506476490509507,4,1.61416912777569,1.03643584205871,3.08276806956743,3.8,1.60469447007159,0.990186397032477,0.457523080507178,3,0.0949275067302644,0.11765192711224,0.0417608205515849,3,-0.567515225666284,-0.416883205209747,-0.201702931954175,3.42857142857143,-0.512956950601189,-0.138784755423605,-0.187367321965073,3.14285714285714,-0.80494584040297,-0.455476091086721,-0.265786329793141,2.57142857142857,-0.653725373184439,-0.108585692557162,-0.149193663982362,3,-0.991908885088992,-0.562639153403243,-0.416865039518374,2.57142857142857,-1.61010820826982,-0.850768657622869,-0.595683511082667,3,1.20309613018952,0.638163326637169,0.557965370731314,2,0.426712098626955,-0.183334937268275,-0.0316339038437446
"254",254,"female","white","yr1","Other","math02","Kinesthetic",5,2.60286850918202,1.82029657385926,1.54819490110066,4.6,5.39375724882105,2.89904933130795,1.40967295774855,2.33333333333333,-2.8893403236797,-1.53685520279929,-1.8703367662716,1.7,-4.50578159183516,-2.69378040130855,-1.50784715805047,1.83333333333333,-2.09447830567163,-1.41087663150292,-0.955721204528239,2.14285714285714,-2.62871966274524,-1.16711550397323,-1.02343378838415,2.28571428571429,-3.18783667583731,-1.78279408436991,-1.01165040501828,2.28571428571429,-2.89704480726281,-1.59276183870411,-0.980215068303748,2.71428571428571,-0.440122003686212,0.00121723626019122,-0.167969394845152,1.71428571428571,-3.93622182009609,-2.55259813646341,-1.50073635578253,2.28571428571429,-2.31338318389092,-1.28066883715655,-0.845220169490671,3,1.16109640947066,0.89558989955865,0.476063462043351,2,0.567149196251447,0.442914293512327,0.179146680586523
"255",255,"male","white","yr1","Business","math03","Kinesthetic",3.25,-0.217547735056516,0.0978560844482783,0.333723161613151,2.6,1.24755742521804,0.739023152242143,0.341912496115623,2.66666666666667,0.441426441543435,0.558225171843343,-0.00801446046471216,3,-0.693766893567773,-0.318577880021777,-0.257441991975146,2.5,-0.828474904473724,-0.57336202091438,-0.374063096109069,2.85714285714286,-1.03665004720198,-0.615116903503848,-0.416061449538886,2.71428571428571,-2.19442806270174,-1.29169373388756,-0.715518683817304,2.28571428571429,-3.00195739125744,-1.72542179742437,-1.00908677147135,2.42857142857143,-1.01330549007118,-0.640510876737389,-0.322270151254928,2.28571428571429,-2.65043490021399,-1.50986712215944,-1.08013790440948,2.71428571428571,-1.34851286328249,-0.533116912702844,-0.403239823520739,2,-0.831435085337812,-0.59098647132696,-0.345969846195772,2.75,2.19853723739633,1.17174302543281,0.534400999160244
"256",256,"female","white","yr1","Health","stats","Auditory",3,-0.796559651078032,-0.611663307017521,-0.67396127299609,1.2,-1.58414135310556,-0.959716958919861,-0.39777303004052,3.66666666666667,1.08373508897087,0.653458182386678,1.48328202096079,3.4,0.576943882932909,0.105907293889611,0.212205134369141,3,0.220415405609052,-0.0593377053653541,0.103632740084237,2.85714285714286,-0.988839728593561,-0.439234603266407,-0.414150379231765,3.42857142857143,-0.504776084077507,-0.0899567448058052,-0.203477137818701,2.85714285714286,-1.46637727786795,-0.945846768664883,-0.465684016619799,3,0.27415930493173,0.353822859361815,0.0746320229352947,3,-0.784028035888633,-0.530650376894719,-0.237397903264748,2.57142857142857,-1.62910117718584,-0.8138862972966,-0.503121038358837,2,-0.831435085337812,-0.59098647132696,-0.345969846195772,1.25,-1.19998286985605,-0.652396927195811,-0.294064227814672
"257",257,"female","Asian","yr1","Other","stats","Visual",3.25,-0.338805895477554,-0.269821292553021,-0.243556732585799,2.8,1.68670001133333,1.07615222460713,0.418255975129805,3,0.0321965474697825,0.177302301132149,0.216039670944113,3.2,-0.102733452824365,-0.0667930910426796,-0.08424868005018,4,2.10054501191748,1.33158479277241,0.962337578671751,4,1.63391339847463,1.02262885178259,0.58581841920635,3.28571428571429,-0.84640841688854,-0.623215373014091,-0.279009491613501,3.71428571428571,0.579605796303417,0.3029821790295,0.19578589838352,3.42857142857143,1.05356639623517,0.374534467303484,0.32469114341989,3.85714285714286,1.07808477956997,0.681919448059904,0.432219409032832,3.42857142857143,0.260040592550456,0.272962344029727,0.177443883415111,2,-0.831435085337812,-0.59098647132696,-0.345969846195772,2,0.567149196251447,0.442914293512327,0.179146680586523
"258",258,"female","Asian","yr3","STEM","math03","Auditory",1.75,-2.81269810257385,-1.69506340121035,-1.39312325370269,1.6,-0.769454367870591,-0.458761795517623,-0.212726090557352,4,0.674505194897219,0.272535311675484,1.70733615236962,3.5,0.892856368839397,0.753459778723461,0.22551210152718,3,0.0949275067302644,0.11765192711224,0.0417608205515849,2,-2.95055114556691,-1.63723870659404,-1.1446476715641,2,-3.91027081620626,-2.36335563223615,-1.27250876520409,2,-3.66137383412625,-2.17719778999898,-1.2438330240114,2,-1.98788124131566,-0.996011486446297,-0.723612980434883,2,-3.30316942349232,-2.01342839661511,-1.31792396407969,2,-2.91080711444858,-1.60006542458375,-1.01234247138371,4,3.15362790427913,2.38216627044426,1.29809677028247,4,5.047002365286,3.01631024554217,1.24068781094911
"259",259,"female","other","yr1","STEM","math02","Kinesthetic",4.25,1.24876157172948,0.734068086745921,0.355843434741911,1.4,-1.16458546536928,-0.59334824959826,-0.27795202248177,3,0.962530944239699,0.651403393425841,-0.340258159054674,3.4,0.559291364177858,-0.0105470461674942,0.304167726518097,2.5,-0.927308378981996,-0.423682881526654,-0.431843339031991,3.14285714285714,-0.270360977238175,-0.109641789205249,-0.124192740001279,4.14285714285714,1.28404087981379,0.740175028603039,0.407650956253037,3.85714285714286,0.93729339742008,0.475723843277296,0.283924769616407,1.71428571428571,-2.55505060518334,-0.909145817350159,-1.01520763520939,3.14285714285714,-0.503724308864655,-0.531276160256874,-0.158886401629274,3,-0.681274731429136,-0.674431060159625,-0.351912139610094,1.66666666666667,-1.48239801780865,-1.23429859811974,-0.588012633237163,1,-1.67277738826583,-0.843783682502592,-0.351623884594771
"260",260,"male","white","yr1","STEM","stats","Kinesthetic",2,-2.38412711828507,-1.61555268631646,-1.2733614403238,1.2,-1.54012986448896,-0.757174340635513,-0.386655482950756,4.33333333333333,0.265275300823567,-0.10838755903571,1.93139028377844,4.5,3.69407694260702,2.38328276180147,1.08837224406815,3.33333333333333,0.854632042499141,0.416445859883765,0.388720138108784,4.57142857142857,2.97714974208932,1.65053354486734,1.10060388249125,3.85714285714286,0.503827846211867,0.275604310789659,0.13924665284345,4.42857142857143,2.38213771289298,1.473148207362,0.832206728004803,2.71428571428571,-0.15371341418111,-0.0301262977504125,0.0760311104954741,4.42857142857143,2.31089437805978,1.5968769284137,0.835320986552601,4,1.53538082020101,0.81041436811902,0.466821456226272,3,1.20309613018952,0.638163326637169,0.557965370731314,1,-1.67277738826583,-0.843783682502592,-0.351623884594771
"261",261,"male","Black","yr2","Health","stats","Auditory",5,2.60286850918202,1.82029657385926,1.54819490110066,4.8,5.79023273123319,3.22484376228172,1.47392034987634,1,-1.25242074738509,-0.0131637199545192,-2.7665532919069,1.4,-5.71695738542602,-3.06982296998538,-1.95462495553182,1,-3.79634908710223,-2.34704558621879,-1.73709533193687,1,-5.24278341758768,-2.96717248578235,-2.00988071694933,1,-6.31825291485033,-3.79085972939381,-2.06266910801848,5,3.73679657201665,2.30646665724278,1.25687647338945,1,-4.17452736394631,-2.10202512948847,-1.51064126241043,1,-5.61442996189565,-3.46421763982698,-2.21898288864101,1,-5.12608668929201,-2.87572657194544,-1.80970188717721,2.33333333333333,-0.182829176189881,-0.133607781105436,-0.089924020727394,1,-1.67277738826583,-0.843783682502592,-0.351623884594771
"262",262,"male","Black","yr3","STEM","other","Auditory",3,-0.842131728456303,-0.850274383454633,-0.823450753622083,1.6,-0.747718347459902,-0.609395494062921,-0.156173935329752,3.33333333333333,-0.37703334660387,-0.203620569579045,0.440093802352938,4.1,2.54533048304062,1.63001893258635,0.763776625325849,3.5,1.09707296066295,0.73661105805124,0.507324312278956,3.71428571428571,1.15447898413949,0.539612944453169,0.471770301549979,4,0.905693381081866,0.491652562079174,0.307811920424704,3.57142857142857,0.253635725983545,0.187394184673121,0.100421517149556,2.57142857142857,-0.480867459788317,-0.644514934684294,0.102942215683833,4.14285714285714,1.64295533842808,1.10092182025576,0.594420581702703,3.85714285714286,1.20771577753195,0.547651419238582,0.299682930682499,3,1.16109640947066,0.89558989955865,0.476063462043351,4,5.047002365286,3.01631024554217,1.24068781094911
"263",263,"female","Black","yr1","STEM","stats","Kinesthetic",4.75,2.2289954896576,1.5956607483922,1.46500415106062,1.4,-1.12057397675268,-0.390805631313912,-0.266834475392006,3.33333333333333,1.49296498304452,1.03438105309787,1.25922788955197,3.3,0.515520579335102,-0.147099393791608,0.404299547373067,3.16666666666667,0.398742995493222,0.342982074506914,0.183553911254872,4,1.57698701510522,1.16416059782523,0.548344532167044,5,3.31367547972593,1.91915665923684,1.0979722632391,3.42857142857143,-0.145529397534161,-0.00370009851211024,-0.0310400772530871,2.71428571428571,-0.127183192609147,0.0264150876114583,0.140297109322513,2.71428571428571,-1.48946062382543,-0.924437221255877,-0.518457134553779,5,3.7350316100817,2.22691801750131,1.37973577599676,4,3.15362790427913,2.38216627044426,1.29809677028247,3.25,3.22138673516883,1.34270251325886,0.714139071126392
"264",264,"male","other","yr2","Business","stats","Kinesthetic",3.25,-0.366154877859733,-0.197258737266434,-0.261842264255222,1.2,-1.5632102698131,-0.797748618983346,-0.442229098381723,3.33333333333333,0.553301050166047,0.270480522714647,-0.116204027645849,3.8,1.81782835236135,1.05704466496002,0.591149489803191,2.33333333333333,-1.25121429952452,-0.571388706621221,-0.581677097591482,2.71428571428571,-1.31936058364098,-0.571164279127093,-0.548886132284652,3,-1.5022887175622,-0.935851535078486,-0.482348422389692,3,-1.19531703207861,-0.682642974251729,-0.410263191544454,3,0.198764881314983,0.110002156595873,0.0634153015406642,3.14285714285714,-0.450560462366701,-0.360445576959631,-0.135918325611488,3,-0.695527539605158,-0.324404277222061,-0.214983055590222,2,-0.831435085337812,-0.59098647132696,-0.345969846195772,2,0.567149196251447,0.442914293512327,0.179146680586523
"265",265,"female","white","yr1","Other","math01","Auditory",2.5,-1.487773936433,-0.871166213667623,-0.511414514375345,1,-1.95968575222524,-1.12354304995711,-0.506476490509507,5,1.31681384232466,0.367768322218818,3.19863263379512,3.4,0.764229108611477,0.194895485010321,0.49402836647677,5,3.98620410056276,2.58234944044327,1.82061697304004,4.71428571428571,3.21686694925689,1.89204149853205,1.15762794131943,5,3.31367547972593,1.91915665923684,1.0979722632391,5,3.73679657201665,2.30646665724278,1.25687647338945,4.14285714285714,2.88141522193887,1.4171283382179,1.03231103665438,5,3.63061219171766,2.33893933302049,1.38525280960426,5,3.7350316100817,2.22691801750131,1.37973577599676,4,3.15362790427913,2.38216627044426,1.29809677028247,3,2.67133175580612,1.36312978073959,0.591960655940342
"266",266,"female","other","yr2","Business","stats","Auditory",2.75,-1.14124989929076,-0.573967832913973,-0.446509296004727,2.6,1.31115561221365,0.912326133569875,0.309552514660819,1.66666666666667,-1.13121660265392,-0.0111089309936831,-0.943013111891431,2.4,-2.43354679387759,-1.323626498216,-0.755230922642415,3.83333333333333,1.71495992801851,1.14257260784074,0.780881700201459,3.85714285714286,1.27347059613438,0.891035442522429,0.438636662158123,3.42857142857143,-0.479110409894038,-0.223604838942871,-0.18880792914131,3.85714285714286,0.908366679599551,0.547855572067657,0.310585787343894,3.28571428571429,0.776406797423891,0.457382783557148,0.293203969116194,3.14285714285714,-0.633232031841661,-0.350025005299389,-0.243079127547045,3,-0.695527539605158,-0.324404277222061,-0.214983055590222,4,3.15362790427913,2.38216627044426,1.29809677028247,4,5.047002365286,3.01631024554217,1.24068781094911
"267",267,"male","white","yr5+","STEM","other","Auditory",1,-4.08292430395033,-2.66408569932625,-2.23826092969118,1,-1.95968575222524,-1.12354304995711,-0.506476490509507,5,1.31681384232466,0.367768322218818,3.19863263379512,3.6,1.08033768663442,0.712360661707135,0.078842796002414,3.33333333333333,0.670864890434862,0.671573634209143,0.29617297473506,4,1.63391339847463,1.02262885178259,0.58581841920635,5,3.31367547972593,1.91915665923684,1.0979722632391,4,1.27073976996902,0.811911841495528,0.423306640922497,4,2.38541100394563,1.21601579963804,0.850443583516211,3.71428571428571,0.641735250380117,0.477818961509812,0.257511801364053,3.28571428571429,-0.0736245046598339,0.0721750014546072,0.00738563883817701,2.33333333333333,-0.180472152866971,0.0523256554658236,-0.103927059154382,2,0.431405171288841,0.0764318047246739,0.0611900907590484
"268",268,"male","white","yr2","STEM","math03","Visual",1,-4.08292430395033,-2.66408569932625,-2.23826092969118,1,-1.95968575222524,-1.12354304995711,-0.506476490509507,3,0.962530944239699,0.651403393425841,-0.340258159054674,4,2.22513670478581,1.46575508256768,0.646995258224203,4.33333333333333,2.69834154749346,1.81517066486202,1.22785429873805,4.71428571428571,3.35590760828041,1.97912500144551,1.2592916527105,4.57142857142857,2.28400782212448,1.3848502720098,0.772009211386703,4.71428571428571,3.01747425566277,1.92784554569205,0.988320295598065,4.57142857142857,3.61259655432334,1.64889442639322,1.29574382297268,4.28571428571429,2.01683670802878,1.30592980206188,0.77132083885372,4.42857142857143,2.46530826547799,1.56735056477943,0.970582112352575,2,-0.831435085337812,-0.59098647132696,-0.345969846195772,1,-1.67277738826583,-0.843783682502592,-0.351623884594771
"269",269,"female","Asian","yr1","STEM","stats","Visual",2.5,-1.63638107923622,-1.16628103538234,-1.10697994024372,1,-1.95968575222524,-1.12354304995711,-0.506476490509507,4.33333333333333,0.265275300823567,-0.10838755903571,1.93139028377844,2.8,-1.30486308583876,-0.859293592471072,-0.425240219177474,3,0.135481728053044,0.0461109295722981,0.0688658196334342,3.14285714285714,-0.179130636823077,-0.198440586529234,-0.0244400989173299,3.71428571428571,0.197548271132998,0.265582905101401,0.0205726117975105,3,-1.18169448856702,-0.94203055789837,-0.404362931475895,3.28571428571429,0.946718053087926,0.383241063879369,0.468564166939418,3.42857142857143,0.0516554117966007,0.0164072411451854,0.0230042943761123,3.14285714285714,-0.374680075576187,-0.242528541471319,-0.14644050071241,2.33333333333333,-0.182829176189881,-0.133607781105436,-0.089924020727394,1.5,-0.623032644819437,-0.513559309885433,-0.191628894219258
"270",270,"female","white","yr2","Other","stats","Auditory",4.25,1.33264230780553,0.851274275743358,0.703057225112161,3.2,2.54032245008676,1.35094291869124,0.613435276364809,2,-2.48011042960605,-1.1559323320881,-2.09439089768042,3.8,1.81782835236135,1.05704466496002,0.591149489803191,1.5,-2.77411320138997,-1.80571077757989,-1.2634911723533,1.57142857142857,-3.99233088264271,-2.1425040388727,-1.55517187589586,1.71428571428571,-4.59422929482212,-2.67036982042742,-1.52178884248533,2.42857142857143,-2.65287348060074,-1.61002669784923,-0.898653205810098,2.42857142857143,-1.16203675551253,-0.327104123807184,-0.543178870955924,1.14285714285714,-5.37316308815128,-3.25798699807826,-2.1670084126309,1.85714285714286,-3.22252225070221,-1.83533028534462,-1.14869883436003,2,-0.833792108660722,-0.776919907898219,-0.331966807768785,1.25,-1.09582716322922,-0.704946065192215,-0.249188550999356
"271",271,"male","white","yr1","STEM","stats","Auditory",1,-4.08292430395033,-2.66408569932625,-2.23826092969118,1,-1.95968575222524,-1.12354304995711,-0.506476490509507,4,0.674505194897219,0.272535311675484,1.70733615236962,4,2.22513670478581,1.46575508256768,0.646995258224203,4,2.04056580364651,1.35000068377775,0.931188896795814,4,1.63391339847463,1.02262885178259,0.58581841920635,4,0.905693381081866,0.491652562079174,0.307811920424704,4,1.27073976996902,0.811911841495528,0.423306640922497,4,2.38541100394563,1.21601579963804,0.850443583516211,4,1.31935165331434,0.888150089808624,0.484193885042945,4,1.51975203523827,0.951256870139627,0.58237636020327,2,-0.831435085337812,-0.59098647132696,-0.345969846195772,1.25,-1.09113409056733,-0.445179323199266,-0.156364556396563
"272",272,"female","other","yr2","Business","math01","Visual",3.75,0.501015532680634,0.284796435811794,0.189461934661829,2.8,1.66711331295432,1.10539186156374,0.461733503674373,2.66666666666667,-0.498237491335041,-0.205675358539881,-1.38344637766253,3,-0.577453489018181,-0.418258329466775,-0.133345135331029,2.83333333333333,-0.252537520769127,-0.0194403138174764,-0.119650941925594,3.28571428571429,0.0230180611894203,0.0663669956127836,-0.0160721788953522,2.42857142857143,-2.89675241791224,-1.64723338379477,-0.939568433433515,2.42857142857143,-2.67598732093757,-1.60983380306799,-0.913722390237387,2.28571428571429,-1.30588787247296,-0.809185208650583,-0.401765859064455,3.28571428571429,-0.291816925097369,-0.203813073256403,-0.147667272415529,2.71428571428571,-1.34587699269454,-0.6990526607025,-0.423312535740746,2.33333333333333,-0.182829176189881,-0.133607781105436,-0.089924020727394,2.25,1.17568773962384,1.00078353760676,0.354662927194096
"273",273,"female","white","yr2","Business","math01","Visual",3.5,0.0350671240468692,-0.0451854670859573,-0.160365982545758,1.6,-0.74637396254645,-0.41818751716979,-0.157152475126386,3.33333333333333,-0.386362882712429,-0.493420007668577,-1.49163594484367,2.7,-1.41071620224822,-1.00486025757593,-0.44829520342183,1.5,-2.79280827084136,-1.80450561504725,-1.27949160555232,3,-0.446278972602486,-0.319532541231871,-0.12853298764873,4.28571428571429,1.62009014942524,0.971342779944561,0.523733769346383,3.57142857142857,0.39815396019977,-0.0148175115196661,0.201798054271822,3.57142857142857,1.57801260779223,0.799628427658253,0.56953682470788,3.85714285714286,1.16321502132219,0.672563953998977,0.478013645139056,3.71428571428571,0.891075955271122,0.516152497696263,0.331998769745008,2.66666666666667,0.51013347699982,0.252277772765867,0.23402067500196,1.25,-1.19998286985605,-0.652396927195811,-0.294064227814672
"274",274,"female","white","yr2","Other","math02","Visual",1.25,-3.64432487769875,-2.26154124114192,-1.90671854415302,1,-1.95968575222524,-1.12354304995711,-0.506476490509507,3.66666666666667,1.08373508897087,0.653458182386678,1.48328202096079,3.7,1.45321668775176,0.873228943455656,0.485896143120385,3,0.0632035650061359,0.0933545035472808,0.0244178115828752,3,-0.658318873546137,-0.307304927405721,-0.279414626178877,3.28571428571429,-0.84640841688854,-0.623215373014091,-0.279009491613501,3.42857142857143,-0.0587118008247362,-0.1875813933299,0.0109573959841511,2.57142857142857,-0.550411852005363,-0.545978264501974,-0.0674142456221778,2.85714285714286,-1.31551257020274,-0.775410883850384,-0.527091736178132,3.85714285714286,1.21204874635931,0.759240542296056,0.447321465049822,3,1.16109640947066,0.89558989955865,0.476063462043351,1.25,-1.19998286985605,-0.652396927195811,-0.294064227814672
"275",275,"female","white","yr2","Business","math02","Kinesthetic",3.75,0.584896268756688,0.402002624809231,0.536675725032079,2.2,0.447381103263937,-0.21987873571918,0.112402842749958,3,-1.84713131828717,-1.3504987596343,-2.53482416345152,2.6,-1.94661392958704,-1.10963305329195,-0.610758629270039,2.5,-0.780626773063206,-0.540258920176835,-0.362863838678632,2.57142857142857,-1.33062230413482,-0.948385464737264,-0.382214864849829,2.85714285714286,-1.65704903761161,-1.30953570920825,-0.490362872058386,3,-1.1280840875975,-0.67886915348157,-0.431595847987988,2.57142857142857,-0.872969480795313,-0.271050972532206,-0.349528589850252,3.57142857142857,0.27324015886641,0.258246348286531,0.0200051024188507,2.28571428571429,-2.29687182801104,-0.935339758242691,-0.497956939625202,2.66666666666667,0.554490221041589,0.180784636415644,0.301919545262936,2.5,1.48114991473523,0.406656177341832,0.221185081134562
"276",276,"male","white","yr1","Business","math03","Visual",4,1.02349569500827,0.804547082993569,0.868218110570242,1.4,-1.12326274657958,-0.773221585100174,-0.264877395798738,4,0.674505194897219,0.272535311675484,1.70733615236962,2.7,-1.38520816640314,-0.921373762783535,-0.379875875842814,1.16666666666667,-3.44888405960284,-2.20995334528907,-1.57568356945969,3,-0.382990418690346,-0.495180547976205,-0.0588614225533992,4.42857142857143,2.013291522142,0.805744350082518,0.732344558805494,3.71428571428571,0.538128273902373,0.284629560092064,0.152463175213764,1.85714285714286,-2.15453218076096,-1.08597513427263,-0.756598756327284,3.28571428571429,-0.391965158097291,-0.143794363550669,-0.191104651536932,3,-0.727427352436024,-0.379400453461192,-0.27654738072514,2.33333333333333,-0.140829455471021,-0.391034354026917,-0.00802211203943033,1,-1.67277738826583,-0.843783682502592,-0.351623884594771
"277",277,"male","white","yr1","STEM","math03","Kinesthetic",4.25,1.41652304388159,0.968480464740795,1.05027101548241,1.4,-1.16592985028273,-0.784556226491391,-0.276973482685136,3.33333333333333,1.49296498304452,1.03438105309787,1.25922788955197,3.9,1.92473019044196,1.23295570559754,0.549602993638647,1.33333333333333,-3.09971907701798,-2.01313885351691,-1.41379836894765,1.57142857142857,-3.81785949085414,-2.13143202422155,-1.45294637617192,2.71428571428571,-2.24669287197695,-1.20512722880094,-0.799419061668306,2.42857142857143,-2.77144605135479,-1.51581296447615,-1.05540569546596,2.14285714285714,-2.00674904972237,-0.747391125368322,-0.909974151532221,1.71428571428571,-3.90584687315201,-2.52618758278842,-1.57347500295525,2,-2.93256128101176,-1.55845962510687,-0.946487426866879,2,-0.831435085337812,-0.59098647132696,-0.345969846195772,1.75,-0.145545053747768,-0.0624058125857035,-0.0412452428363662
"278",278,"female","white","yr1","STEM","math02","Auditory",3.25,-0.366154877859733,-0.197258737266434,-0.261842264255222,2,0.00605922060635833,0.100672641797847,0.0592759060149527,3.33333333333333,-0.386362882712429,-0.493420007668577,-1.49163594484367,3.7,1.50412858009519,0.717680761796216,0.483581054594299,3.33333333333333,0.805912986409095,0.453075849693896,0.355850133975913,4,1.8164580446607,1.03151698503701,0.746295000600406,4.42857142857143,1.98113649802524,1.11733275312817,0.685252791524088,4.42857142857143,2.32463584710273,1.36346751207529,0.764932505519478,3.42857142857143,1.19388269122744,0.427929576777955,0.408930573408133,4.28571428571429,2.11197171315303,1.34658982246746,0.886307064098325,3.71428571428571,0.911950547693751,0.339884646597274,0.194108730273643,3,1.16109640947066,0.89558989955865,0.476063462043351,1.75,-0.0366962744590559,0.144811791410841,0.0964544285817431
"279",279,"female","white","yr2","STEM","math02","Kinesthetic",4.5,1.77124173405712,1.2538187339277,1.03459961065032,3.8,3.76169450852421,1.51472305071721,1.04153615837548,3.33333333333333,-1.3260268155909,-1.2573205380518,-2.86706786204148,3.7,1.37147344200411,0.640552750218939,0.388619876534436,1.33333333333333,-3.14027329834075,-1.94159785597697,-1.4409033680295,2.14285714285714,-2.43791233686866,-1.51720037795898,-0.871476283976408,3,-1.62752773722418,-0.607754905052122,-0.620386812925648,3.28571428571429,-0.53516221407755,-0.172690159552185,-0.243213391984292,1.42857142857143,-3.2187436941766,-1.47706022653559,-1.24033989967468,2,-3.25590578025653,-2.00672972557341,-1.32323095874162,1.71428571428571,-3.55635720858998,-2.33969205613179,-1.43612429400006,3,1.16109640947066,0.89558989955865,0.476063462043351,2.5,1.67537750370751,1.35143517770465,0.39247950238356
"280",280,"female","other","yr2","STEM","math04","Kinesthetic",4.75,2.2289954896576,1.5956607483922,1.46500415106062,1,-1.95968575222524,-1.12354304995711,-0.506476490509507,4,-0.265158737981257,-0.491365218707741,0.331904235171801,3.9,1.85505933567895,0.950598151767026,0.609971092934067,2.33333333333333,-1.14555509326037,-1.0127699285662,-0.523041505967968,3.71428571428571,1.20271599528316,0.736274725170651,0.495722318716347,4.71428571428571,2.58408339422875,1.56500573625834,0.835458344856245,4.14285714285714,1.84710671826193,0.855219647405184,0.712482762965833,3.71428571428571,1.96192723295449,0.835289636797827,0.726121291668314,4.14285714285714,1.81877706074601,1.11860575942485,0.782309057797943,3.28571428571429,-0.0457106054876279,-0.212523502144494,0.049838207204582,2.66666666666667,0.470490779603869,0.695637782258607,0.138115727887009,1.75,-0.0144941014470479,0.0443099342090012,-0.0161126476116847
"281",281,"female","white","yr1","Other","math01","Kinesthetic",3.25,-0.366154877859733,-0.197258737266434,-0.261842264255222,1.6,-0.833052554866204,-0.632064776845355,-0.180366109102548,2.66666666666667,-2.36823582098343,-1.4436769812168,-2.20258046486156,4.3,3.1486448914893,1.88242647727162,0.972405947619188,4.5,2.97213304961777,2.07592563953418,1.35277781850749,4,1.78886329905091,0.727775985579104,0.715173188421979,4.14285714285714,1.28404087981379,0.740175028603039,0.407650956253037,3.57142857142857,0.272142530464487,-0.108689890455145,0.123008600963534,3.28571428571429,0.887458458700152,0.345995890218174,0.308207919859216,4.57142857142857,2.69204678836451,1.75798602836558,1.05162258194788,5,3.7350316100817,2.22691801750131,1.37973577599676,2.33333333333333,-0.182829176189881,-0.133607781105436,-0.089924020727394,1.5,-0.623032644819437,-0.513559309885433,-0.191628894219258
"282",282,"male","white","yr2","STEM","math02","Auditory",2.5,-1.57984932554234,-0.976512291098312,-0.77805168154289,1,-1.95968575222524,-1.12354304995711,-0.506476490509507,3.33333333333333,1.49296498304452,1.03438105309787,1.25922788955197,4.1,2.70566538101152,1.4787935148112,0.957317869017388,3.33333333333333,0.895752595744154,0.139030361186237,0.429062680515385,3.42857142857143,0.558705988746653,0.012920109966591,0.254335288546254,4.28571428571429,1.58383110495936,0.928136743199881,0.493902438694962,3.85714285714286,0.910071114493995,0.603303943218386,0.306452834883503,3.57142857142857,1.55978180954502,0.883146078739656,0.674031258376566,3.85714285714286,1.19276103640493,0.5943885580943,0.524240194099932,4,1.47949288511266,1.15015051898264,0.613715020163556,3,1.15873938614775,0.709656462987391,0.490066500470339,1.75,-0.150238126409654,-0.322172554578652,-0.134069237439159
"283",283,"female","white","yr3","STEM","other","Visual",4,0.894042881553949,0.44872981755902,0.371514839573998,2.2,0.453801523275534,0.40003632877642,0.112409488291252,4.33333333333333,1.19560969759348,0.365713533257982,1.37509245377966,3,-0.739801828694518,-0.348467376346305,-0.314586274182595,4.5,3.08289212113834,1.81371117011654,1.41283372423559,3.85714285714286,1.3117348747598,0.76939743919934,0.465645272216207,4,0.977134514607251,0.44937827176407,0.373958948349084,4.57142857142857,2.62338363449652,1.60663560637276,0.882824952020538,3.57142857142857,1.76985035707508,0.56426303218808,0.880907969393488,4.57142857142857,2.70172415166704,1.67236204850646,1.03740426077688,3,-0.690407059204479,-0.521041935149494,-0.284098331511591,4,3.15362790427913,2.38216627044426,1.29809677028247,1.5,-0.618339572157551,-0.253792567892485,-0.0988048996164647
"284",284,"female","white","yr2","Other","math01","Auditory",3,-0.740027897384156,-0.421894562733497,-0.345033014295263,1,-1.95968575222524,-1.12354304995711,-0.506476490509507,4,0.674505194897219,0.272535311675484,1.70733615236962,3,-0.491005431320368,-0.496921325468827,-0.0126615246294832,4,2.04056580364651,1.35000068377775,0.931188896795814,3.71428571428571,1.07330205891176,0.53904238435954,0.412633670142865,4,0.905693381081866,0.491652562079174,0.307811920424704,3.71428571428571,0.644006917659189,0.414561067838128,0.244898378900869,3.14285714285714,0.518208323815581,0.164394616763714,0.179107649733572,4,1.31935165331434,0.888150089808624,0.484193885042945,3.85714285714286,1.20279109152475,0.751417358457136,0.468355132721323,2.66666666666667,0.51013347699982,0.252277772765867,0.23402067500196,1.5,-0.623032644819437,-0.513559309885433,-0.191628894219258
"285",285,"female","white","yr3","STEM","math02","Visual",4,1.02349569500827,0.804547082993569,0.868218110570242,1.4,-1.16458546536928,-0.59334824959826,-0.27795202248177,2.66666666666667,0.450755977651994,0.848024609932875,1.92371528673189,4.5,3.78413337115508,2.36162728979585,1.21496091332303,3.5,1.11959326502479,0.773039255660828,0.503881667765086,3.42857142857143,0.522928215088434,0.305823388266445,0.254814236403192,3.71428571428571,0.197690123593591,0.309819974136139,0.0588165899428847,4.28571428571429,1.89375319278823,1.11521955899865,0.640696421117911,2.42857142857143,-1.25622326060405,-0.301460533329158,-0.685437058794757,3.57142857142857,0.493718619142947,0.341582590603741,0.220515770560095,4,1.51394777509052,1.02036075773607,0.679013567287564,3.66666666666667,2.50266497180829,1.73885414365148,1.05605398324108,1.5,-0.623032644819437,-0.513559309885433,-0.191628894219258
"286",286,"female","white","yr1","Other","math01","Kinesthetic",2.5,-1.57984932554234,-0.976512291098312,-0.77805168154289,2.2,0.388858951366469,0.0355253705555569,0.145748009542691,3,0.971860480348258,0.941202831515373,1.59147158814193,2.6,-1.73348004729728,-1.04277478536441,-0.477132219974026,4,2.02047537186694,1.42762500607786,0.92314822893961,3.14285714285714,-0.163568436163483,-0.363485165608625,0.00429169509703646,3.57142857142857,-0.0877152320537066,0.000552211596822551,0.0116801992237281,2.85714285714286,-1.49798302067956,-0.891843028041778,-0.481278961271431,4,2.58394896177095,1.02981785999446,1.08476022514994,3.85714285714286,0.995747968200588,0.675378359361484,0.373967188383187,4.71428571428571,3.06273219603565,1.88674715220663,1.13770441424562,3,1.15873938614775,0.709656462987391,0.490066500470339,1.25,-1.19998286985605,-0.652396927195811,-0.294064227814672
"287",287,"female","white","yr3","Other","other","Kinesthetic",3.75,0.436289125953471,0.106887803094519,-0.0588897008362933,2.2,0.409790034658931,0.197493710492072,0.101291941201488,3.33333333333333,-1.3260268155909,-1.2573205380518,-2.86706786204148,2,-3.39363543574101,-2.24254037624224,-0.886294625689932,3.83333333333333,1.65011668224207,1.17039692047828,0.754155447606861,4,1.60597161197168,0.935779642362244,0.555737343217731,4,0.89698741386136,0.439251548057478,0.293642409567542,3.42857142857143,-0.168643237870987,-0.00350720373087151,-0.0461092616803767,2.57142857142857,-0.628137641951665,0.00802619692216162,-0.151384864520467,3,-1.13944757871552,-0.662187143166372,-0.502715261579897,2.57142857142857,-1.68153871436398,-0.748732604309973,-0.671407073896697,3.33333333333333,1.80970231861859,1.35296858978018,0.732109287511729,1.5,-0.727188351446263,-0.461010171889029,-0.236504571034574
"288",288,"female","Asian","yr3","Business","math03","Visual",3,-0.804754304111319,-0.599803195450772,-0.593384649793385,1.2,-1.54147424940241,-0.948382317528644,-0.385676943154122,3,0.0228670113612233,-0.112497136957383,-1.71569007625249,3.3,0.349364573539027,0.221716480686253,0.235537686436948,2.16666666666667,-1.47152182096246,-0.953307165058598,-0.668912484246756,3.57142857142857,0.887757340895328,0.439300470230573,0.389718359677826,3.14285714285714,-1.17346637232079,-0.809788360682226,-0.403725142822069,2.57142857142857,-2.24022040565372,-1.39828234147297,-0.772799482090401,2.71428571428571,-0.536169080484646,-0.190777977079562,-0.326763869214099,4.14285714285714,1.62784461555222,0.957094121202962,0.628024938617575,3.28571428571429,-0.0736690382781011,-0.0701871179083943,-0.0632014357979218,1.66666666666667,-1.52439773852751,-0.976872025198263,-0.669914541925127,1.25,-1.09113409056733,-0.445179323199266,-0.156364556396563
"289",289,"female","white","yr1","STEM","math03","Visual",2,-2.44885352501223,-1.79346131903374,-1.52171307582192,2.6,1.36322736958892,0.573293351092867,0.399446928378137,2.66666666666667,0.432096905434875,0.268425733753811,-1.93974420766132,4.2,2.84823837714545,1.64962710030148,0.875013683033632,3,0.10685310374257,0.0051165970823227,0.0440364833567667,3.14285714285714,-0.427801696495437,0.065131344636687,-0.218924683309034,2.42857142857143,-2.8718971913843,-1.77664823098742,-0.93237620249453,2.85714285714286,-1.59037371300706,-1.00112446259681,-0.579322035641483,2.42857142857143,-1.14819490538702,-0.413844769160597,-0.521951925216533,2.57142857142857,-2.04509083756226,-1.16587254717263,-0.884764687679391,2.42857142857143,-1.95791938649919,-0.979125174695305,-0.670429894794473,1.66666666666667,-1.48004099448574,-1.04836516154848,-0.602015671664151,1.25,-1.19998286985605,-0.652396927195811,-0.294064227814672
"290",290,"female","white","yr1","Health","stats","Kinesthetic",3,-0.712678915001977,-0.494457118020084,-0.32674748262584,1.6,-0.760854651316706,-0.496527180904035,-0.235935987295235,3.33333333333333,1.49296498304452,1.03438105309787,1.25922788955197,3,-0.693766893567773,-0.318577880021777,-0.257441991975146,1.5,-2.79110831575589,-1.7447833642048,-1.27901816751746,1.85714285714286,-3.28107200061433,-1.76916838245472,-1.27938342461699,2.85714285714286,-1.89208183929932,-1.02774921840982,-0.659041590665479,2.42857142857143,-2.61236201796189,-1.58894562793759,-0.918893983159843,1.85714285714286,-2.35922734521847,-0.887519579714607,-0.897358342577412,2.85714285714286,-1.37026786501088,-0.739644836114473,-0.645624619457078,2.14285714285714,-2.59397149779428,-1.56143822175031,-0.945101384328769,2,-0.831435085337812,-0.59098647132696,-0.345969846195772,1.25,-1.19998286985605,-0.652396927195811,-0.294064227814672
"291",291,"male","other","yr1","STEM","math02","Visual",2,-2.41147610066725,-1.54299013102988,-1.29164697199322,2,0.0769127392424039,0.0450022608460361,0.00468456761890011,3,0.0321965474697825,0.177302301132149,0.216039670944113,3,-0.693766893567773,-0.318577880021777,-0.257441991975146,3,0.0949275067302644,0.11765192711224,0.0417608205515849,3,-0.658318873546137,-0.307304927405721,-0.279414626178877,3,-1.5022887175622,-0.935851535078486,-0.482348422389692,3,-1.19531703207861,-0.682642974251729,-0.410263191544454,3,0.198764881314983,0.110002156595873,0.0634153015406642,3,-0.991908885088992,-0.562639153403243,-0.416865039518374,3,-0.695527539605158,-0.324404277222061,-0.214983055590222,2,-0.831435085337812,-0.59098647132696,-0.345969846195772,2,0.567149196251447,0.442914293512327,0.179146680586523
"292",292,"male","white","yr1","STEM","math03","Visual",1.5,-3.30782928251931,-2.28737660367871,-2.05359389794168,1.2,-1.53287453284852,-0.986147702915055,-0.408886839892005,3.33333333333333,2.42329937981444,1.50848214539156,0.702930059553182,3,-0.693766893567773,-0.318577880021777,-0.257441991975146,2.5,-0.869759043293298,-0.556151292441685,-0.38921134478598,3.14285714285714,0.02483169600929,-0.15729877634343,0.130300841765599,3.28571428571429,-0.762894870230283,-0.541339095371015,-0.220990364383653,3.14285714285714,-0.685444653134564,-0.584932166987299,-0.167450866037477,2.57142857142857,-0.698320477294522,-0.291770930533243,-0.282065714227774,3,-0.744991182609025,-0.737506802005594,-0.210860877639387,3.42857142857143,0.285122826741231,0.147071307139161,0.140412237884068,3,1.16109640947066,0.89558989955865,0.476063462043351,1.25,-1.09582716322922,-0.704946065192215,-0.249188550999356
"293",293,"female","other","yr5+","Health","math02","Kinesthetic",2.25,-1.92637336268459,-1.27371067185196,-0.842956899913508,2.4,0.856187952414654,0.305649420577514,0.155404063274422,4.33333333333333,0.265275300823567,-0.10838755903571,1.93139028377844,4.1,2.47591238703428,1.43341288297339,0.866166283767582,5,3.98620410056276,2.58234944044327,1.82061697304004,4.14285714285714,1.93777685833863,1.07886221704784,0.694485553025463,4.71428571428571,2.62802548451969,1.38537415151918,0.897224560415501,4.57142857142857,2.62338363449652,1.60663560637276,0.882824952020538,4.42857142857143,3.36854753543949,1.83832266899132,1.1912681961744,3.71428571428571,0.80745841584851,0.596921251562934,0.339489586226351,4.57142857142857,2.7821438821323,1.60597776761287,1.03782319940752,2.33333333333333,-0.182829176189881,-0.133607781105436,-0.089924020727394,1.75,-0.25439383303648,-0.269623416582248,-0.178944914254476
"294",294,"female","white","yr4","Other","other","Auditory",4.5,1.77124173405712,1.2538187339277,1.03459961065032,2,0.0573260408633942,0.0742418978026521,0.0481620961634682,3.66666666666667,2.01406948574079,1.12755927468037,0.926984190962007,2.2,-2.90012828829723,-1.97553922755469,-0.862984715831419,4.83333333333333,3.6370391179779,2.3855349486711,1.658731772528,4.42857142857143,2.79401187739801,1.48438563519754,1.08209444689217,3.42857142857143,-0.517960879093013,-0.583854900587545,-0.105256528526601,4.57142857142857,2.75141005882797,1.73910267031179,0.926765839615431,2.42857142857143,-0.987482361527082,-1.03163097126199,-0.29635254630626,4.71428571428571,2.97235051538849,1.75736024500343,1.13013408358336,3.28571428571429,-0.0427825439395796,-0.265182042395401,-0.196870288413259,4,3.15362790427913,2.38216627044426,1.29809677028247,2.5,1.47645684207335,0.146889435348884,0.128361086531768
"295",295,"female","white","yr2","Other","math01","Auditory",3.5,0.118947860122923,0.0720207219114799,0.186847807824493,1.8,-0.364379168904566,-0.170732749930267,-0.171688595167451,3.33333333333333,0.562630586274606,0.560279960804179,1.81552571955075,3.7,1.46955647146721,0.935643642379152,0.493893145671978,3.5,1.03532503230017,0.747738461763769,0.4731117323764,3.85714285714286,1.33967666126276,0.856246648619689,0.495726348204825,4.14285714285714,1.21755601936031,0.803764844634197,0.385935502172097,3.14285714285714,-0.853266969069711,-0.289108411360843,-0.29317601466673,3.28571428571429,0.866916400032184,0.383569079745,0.364035477171702,3,-0.991908885088992,-0.562639153403243,-0.416865039518374,3.85714285714286,1.21453335617204,0.728538632368279,0.39827890134846,2.66666666666667,0.46577673295805,0.323770909116089,0.166121804740984,1.75,-0.00980102878516176,0.30407667620195,0.0767113469911084
"296",296,"female","white","yr2","Health","stats","Visual",2.75,-1.15127834125356,-0.897001576204422,-0.658289868164003,1.2,-1.5632102698131,-0.797748618983346,-0.442229098381723,3,1.90219487711818,1.41530392380907,1.03517375814314,3.3,0.188168961191812,0.309658771387953,-0.0332318199494979,3.83333333333333,1.74668386974264,1.1668700314057,0.798224709170169,4.14285714285714,2.10545507333545,1.15445655453586,0.804582811657028,4.42857142857143,1.92739264589957,1.25660282113835,0.624642436341648,4.14285714285714,1.59670984028889,0.927499835851907,0.518671022156461,3.85714285714286,2.07898677141835,1.13408211307826,0.749720929967294,4.28571428571429,2.01944361330596,1.24697616995546,0.75339165214579,4.14285714285714,1.82725952972375,1.13614491669208,0.617874329239262,1.66666666666667,-1.48239801780865,-1.23429859811974,-0.588012633237163,1,-1.67277738826583,-0.843783682502592,-0.351623884594771
"297",297,"female","Asian","yr1","Business","math03","Kinesthetic",4.75,2.16426908293044,1.41775211567492,1.21665251556249,3,2.07164906412512,0.889610891776156,0.604757762429711,4.33333333333333,1.19560969759348,0.365713533257982,1.37509245377966,3.2,-0.131866759178557,0.06688946282289,-0.125311733080967,3.16666666666667,0.420533382358268,0.325080003049254,0.19206801714594,4.14285714285714,2.10639242376181,1.38250124339833,0.80963600460168,3,-1.5022887175622,-0.935851535078486,-0.482348422389692,3.57142857142857,0.272142530464487,-0.108689890455145,0.123008600963534,2.85714285714286,-0.1076593512123,0.0280684700360922,-0.0373073520082531,3.42857142857143,0.0516554117966007,0.0164072411451854,0.0230042943761123,3,-0.695527539605158,-0.324404277222061,-0.214983055590222,2,-0.831435085337812,-0.59098647132696,-0.345969846195772,2,0.567149196251447,0.442914293512327,0.179146680586523
"298",298,"female","white","yr2","STEM","math02","Kinesthetic",5,2.60286850918202,1.82029657385926,1.54819490110066,3.2,2.48126085039407,1.10253700959104,0.748767206522978,3,-0.916796921517252,-0.876397667340607,-3.09112199345031,3.6,1.20067553995819,0.529031212096241,0.388367958080486,2.16666666666667,-1.37915322613598,-1.07817506133369,-0.616423808339993,2,-2.80472162346542,-1.56349198390223,-0.988745335257762,2.85714285714286,-1.83435698007728,-0.997187776761603,-0.662776654870835,3,-1.11859279077226,-0.419674464616168,-0.422426923629256,3.14285714285714,0.742549304276207,0.430846208340176,0.415254875168512,1.85714285714286,-3.62397967822322,-2.2420967098216,-1.44060864528287,3.71428571428571,0.902000695819547,0.25041095217239,0.166246286739345,2,-0.831435085337812,-0.59098647132696,-0.345969846195772,2.75,2.47471835998343,2.16447474500107,0.863138173417986
"299",299,"male","white","yr2","Business","math02","Auditory",3,-0.796559651078032,-0.611663307017521,-0.67396127299609,2.2,0.496468626978685,0.411370970167637,0.12450557517765,2,0.320222296812263,0.556170382882507,-1.83155464048018,3,-0.523494349768132,-0.334494791382133,-0.0176080770672834,4,2.04056580364651,1.35000068377775,0.931188896795814,4.14285714285714,1.92815013568651,1.1890110549455,0.675910490207874,4.14285714285714,1.22404536929361,0.625824535725613,0.41835806077611,4.28571428571429,2.01976462252351,1.20909193793413,0.719485874426199,4,2.38541100394563,1.21601579963804,0.850443583516211,4.14285714285714,1.64295533842808,1.10092182025576,0.594420581702703,4.14285714285714,1.84340523053267,1.17077128610276,0.748213417924176,3,1.16109640947066,0.89558989955865,0.476063462043351,2.75,2.22543248307023,1.33100791022392,0.514657917569609
"300",300,"female","white","yr3","Other","other","Kinesthetic",4.25,1.3973687145327,1.02918290846063,0.951408860610283,1.6,-0.79119038828128,-0.308128096972325,-0.269278245784952,4,0.66517565878866,-0.0172641264140487,-0.224393594826985,2,-3.50723185434054,-2.47816378389412,-1.03541480426322,3.5,1.13482395163983,0.467309893541332,0.53488896036144,2.42857142857143,-1.9015515391641,-1.17571621667219,-0.719954279280731,3.57142857142857,-0.280033192107808,0.0571504524174501,-0.214156947432636,3.71428571428571,0.48798239202156,0.318983390161963,0.169201483133267,3.14285714285714,0.53617776513817,-0.0458702575187805,0.303891865082375,3.71428571428571,0.79467427966667,0.502516736407175,0.312974852174225,2.85714285714286,-1.04311890302278,-0.404217035776825,-0.416140246122043,3.33333333333333,1.80970231861859,1.35296858978018,0.732109287511729,1.5,-0.623032644819437,-0.513559309885433,-0.191628894219258
"301",301,"male","white","yr3","Other","math02","Auditory",4.25,1.33264230780553,0.851274275743358,0.703057225112161,1.4,-1.16458546536928,-0.59334824959826,-0.27795202248177,3,0.0228670113612233,-0.112497136957383,-1.71569007625249,2.5,-2.14471770299438,-1.50818819870359,-0.705997885514431,4.83333333333333,3.63873907306337,2.44525719951355,1.65920521056286,5,3.9261456704954,2.35256263097091,1.45105146459158,5,3.31367547972593,1.91915665923684,1.0979722632391,5,3.73679657201665,2.30646665724278,1.25687647338945,5,4.57205712657628,2.32202944268021,1.63747186549176,5,3.63061219171766,2.33893933302049,1.38525280960426,5,3.7350316100817,2.22691801750131,1.37973577599676,2.33333333333333,-0.182829176189881,-0.133607781105436,-0.089924020727394,1.25,-1.19998286985605,-0.652396927195811,-0.294064227814672
"302",302,"female","white","yr1","Other","math01","Kinesthetic",2,-2.53273426108828,-1.91066750803117,-1.86892686619217,1,-1.95968575222524,-1.12354304995711,-0.506476490509507,3.66666666666667,2.95373341861926,1.89145980506359,2.30241610815982,2.9,-0.967925736695834,-0.45295223371591,-0.317079076869342,4.83333333333333,3.67759333930068,2.31399395113116,1.68583677160985,4.57142857142857,2.91541034271801,1.76940213772597,1.05336668236629,4.14285714285714,1.27299138807637,0.891263096150394,0.398013482896895,4.85714285714286,3.43603379002669,2.02470387794176,1.17383259260178,3,0.173084836885784,-0.239729145887672,0.0812345395731286,4.71428571428571,3.03085498983162,1.96315159251499,1.16496362378733,4.14285714285714,1.81463769093591,1.02436159115882,0.615915565657595,2,-0.831435085337812,-0.59098647132696,-0.345969846195772,1,-1.67277738826583,-0.843783682502592,-0.351623884594771
"303",303,"male","white","yr2","Business","math03","Visual",3,-0.712678915001977,-0.494457118020084,-0.32674748262584,1.8,-0.307231376431159,-0.0810584448048051,-0.0808089961122036,3.33333333333333,-0.37703334660387,-0.203620569579045,0.440093802352938,4.1,2.54533048304062,1.63001893258635,0.763776625325849,3.33333333333333,0.717883991439433,0.575221393556565,0.328569540833068,2.42857142857143,-2.0286393048795,-1.03168541156595,-0.842309655556796,3.57142857142857,-0.197017466148179,-0.132638902041112,-0.108093119441324,3.14285714285714,-0.836663371199762,-0.512629760978137,-0.258560819792064,2.85714285714286,-0.171307893721776,-0.0123996978971133,-0.071942219680379,2.28571428571429,-2.67125930124635,-1.77476968412071,-1.06933741600981,3,-0.686395211829815,-0.477793402232192,-0.282796863688725,2.33333333333333,-0.182829176189881,-0.133607781105436,-0.089924020727394,1.25,-1.19998286985605,-0.652396927195811,-0.294064227814672
"304",304,"female","Black","yr1","Health","stats","Visual",4,1.08002744870215,0.994315827277593,1.19714636927107,2,0.144004633183149,0.288119157478217,0.0713757301396303,2,-0.610112099957654,0.082069290588815,-1.27525681048139,2.4,-2.44655880325304,-1.47735022296267,-0.785233038955934,3.83333333333333,1.71495992801851,1.14257260784074,0.780881700201459,2.71428571428571,-1.4289899532628,-0.865849257023496,-0.621116085765789,5,3.31367547972593,1.91915665923684,1.0979722632391,2.42857142857143,-2.5749929381501,-1.44320580384031,-0.837974010295701,3.28571428571429,0.824632556342864,0.246328303323495,0.279830303282489,3,-0.991908885088992,-0.562639153403243,-0.416865039518374,5,3.7350316100817,2.22691801750131,1.37973577599676,2.33333333333333,-0.140829455471021,-0.391034354026917,-0.00802211203943033,2.5,1.72104964632467,0.720589528133082,0.384017347777352
"305",305,"female","white","yr2","Business","math03","Kinesthetic",5,2.60286850918202,1.82029657385926,1.54819490110066,2.2,0.510144378630715,0.802312672383695,0.102280863777696,2.66666666666667,-1.42857188810496,-0.679776450833573,-0.827148547663742,2.7,-1.42696378234221,-0.96615909365284,-0.359990103712917,1.33333333333333,-3.15330217061349,-1.96710044207457,-1.44224594379919,1.85714285714286,-3.18304848340748,-1.92248950261557,-1.18750254244067,2.71428571428571,-2.15432986360008,-1.12289325651921,-0.788276750699054,3,-1.09989574490922,-0.809177704396864,-0.390560412735582,1.85714285714286,-2.44270590075744,-0.935361677183097,-1.07331371212845,2,-3.25019210210003,-1.88565486266494,-1.30042709022642,3.14285714285714,-0.387949577785406,-0.29360025822754,-0.126708300863777,1.33333333333333,-2.17300364767544,-1.43425071541979,-0.925960367393505,1.75,-0.25439383303648,-0.269623416582248,-0.178944914254476
"306",306,"female","other","yr2","Other","math01","Visual",4.75,2.14511475358154,1.47845455939476,1.11779036069037,2.6,1.21802662537169,0.61482019769204,0.409578461194708,2.66666666666667,-0.498237491335041,-0.205675358539881,-1.38344637766253,2.5,-2.04893280659269,-1.27920628932357,-0.627607272546395,3.83333333333333,1.67301034436755,1.29053276514814,0.761736466462431,3.42857142857143,0.391107425391918,0.174997042996164,0.167319712963743,3.42857142857143,-0.526364912086413,-0.262275079841269,-0.216995725719737,2.85714285714286,-1.5453670024975,-0.795309622852666,-0.584260257725209,3.28571428571429,0.87757314929979,0.360282159203216,0.348162352666824,3.28571428571429,-0.294610355480213,-0.187916490497057,-0.135209287872108,3.14285714285714,-0.359377832582136,-0.154318844574717,-0.0939673747146505,3,1.16109640947066,0.89558989955865,0.476063462043351,1,-1.67277738826583,-0.843783682502592,-0.351623884594771
"307",307,"female","white","yr3","Other","other","Kinesthetic",3.5,0.0997935307740318,0.132723165631318,0.0879856529523643,1.6,-0.760854651316706,-0.496527180904035,-0.235935987295235,3.33333333333333,-0.386362882712429,-0.493420007668577,-1.49163594484367,3.3,0.313461773579568,0.173032637275289,0.210045888752135,2,-1.85071079018598,-1.11469682955327,-0.847667255692644,2.42857142857143,-1.99957505637095,-1.02239509651134,-0.811835161457055,2.71428571428571,-2.18235564956887,-1.16754316592938,-0.723646584511836,2.85714285714286,-1.45967679401898,-0.815937478481257,-0.475950599987478,2.42857142857143,-1.05768530277873,-0.487658472972745,-0.451120417161026,3.14285714285714,-0.533083798841739,-0.410043715005124,-0.199641748425642,2.57142857142857,-1.65089987736729,-0.914642617182727,-0.507853068478101,2,-0.831435085337812,-0.59098647132696,-0.345969846195772,1.5,-0.623032644819437,-0.513559309885433,-0.191628894219258
"308",308,"female","white","yr2","Business","math03","Kinesthetic",4.75,2.2289954896576,1.5956607483922,1.46500415106062,1.8,-0.320907128083188,-0.472000147020863,-0.0585842847122497,3.33333333333333,-0.386362882712429,-0.493420007668577,-1.49163594484367,3.9,2.02148252857358,1.26139987376385,0.619072374013697,2.16666666666667,-1.42787228222603,-1.04154507152356,-0.649293812472864,3.57142857142857,0.823958129092067,0.407683268592483,0.337034548497091,4,0.860130395479877,0.679750640707161,0.231091749388634,3.42857142857143,-0.178212988093142,-0.0581253174293224,-0.0873780677715128,2.85714285714286,-0.25478644926075,-0.0602417953656031,-0.247897589231421,3.85714285714286,1.08484189509883,0.459324022532967,0.3827392348032,2.57142857142857,-1.670213967736,-1.04610084699663,-0.561627662298727,2.33333333333333,-0.182829176189881,-0.133607781105436,-0.089924020727394,1.5,-0.623032644819437,-0.513559309885433,-0.191628894219258
"309",309,"female","Black","yr4","Other","other","Kinesthetic",4.75,2.16426908293044,1.41775211567492,1.21665251556249,4.6,5.39375724882105,2.89904933130795,1.40967295774855,2.66666666666667,-2.36823582098343,-1.4436769812168,-2.20258046486156,2.9,-0.971534107546079,-0.509959757712344,-0.322984135422668,4,1.95806199867277,1.5695018386251,0.884938663974937,4.42857142857143,2.5481786772998,1.65114550868746,0.851946300402789,4.71428571428571,2.56610076587033,1.47581620891156,0.852724021086689,4,1.27073976996902,0.811911841495528,0.423306640922497,3.28571428571429,0.968082751908083,0.286468455391069,0.418993860722331,4.28571428571429,1.89371305036932,1.17847143279829,0.6267055343773,5,3.7350316100817,2.22691801750131,1.37973577599676,2.66666666666667,0.51013347699982,0.252277772765867,0.23402067500196,1.25,-1.19998286985605,-0.652396927195811,-0.294064227814672
"310",310,"female","Asian","yr4","Other","stats","Visual",4.5,1.80042450536882,1.51615003349831,1.34524233768173,3.2,2.53306711844633,1.57991628097079,0.635666633306057,3,-1.83780178217861,-1.06069932154477,-0.603094416254917,3.6,0.984252235357368,0.514617711497271,0.268050902790153,2.33333333333333,-1.21649415329589,-0.638913264304154,-0.562579857668097,3,-0.481013935897201,-0.341859427815354,-0.150742304729723,2.71428571428571,-2.2391806006482,-1.10782890220399,-0.784761877114966,2.71428571428571,-1.90793886458352,-0.931354795618836,-0.689085952703516,3,0.125943075043615,0.0388731385855995,-0.128413192515255,2.14285714285714,-2.97956573837857,-1.80065666616797,-1.20769726741994,2.57142857142857,-1.62914571080411,-0.956248416659601,-0.573708112994936,2.33333333333333,-0.182829176189881,-0.133607781105436,-0.089924020727394,1.75,-0.150238126409654,-0.322172554578652,-0.134069237439159
"311",311,"female","white","yr2","Business","math02","Visual",4.75,2.14511475358154,1.47845455939476,1.11779036069037,2.8,1.70470438155933,0.688019415352491,0.472844405222843,4.33333333333333,2.13527363047196,1.12961406364121,2.75052437097747,2.6,-1.98043231065373,-1.38292102811463,-0.808873066467754,5,3.98620410056276,2.58234944044327,1.82061697304004,4.57142857142857,2.96794971197245,1.78146186324504,1.10406976653291,4.71428571428571,2.6386188548021,1.56222828240092,0.91238668238953,5,3.73679657201665,2.30646665724278,1.25687647338945,3,0.612209198914422,0.0328477352505881,0.60596419124303,4.57142857142857,2.78958811608725,1.75692095076627,1.11298914777722,4.57142857142857,2.80409384308896,1.57150024942712,1.07152508100814,1.66666666666667,-1.48239801780865,-1.23429859811974,-0.588012633237163,1,-1.67277738826583,-0.843783682502592,-0.351623884594771
"312",312,"female","white","yr3","STEM","math02","Kinesthetic",4.25,1.33264230780553,0.851274275743358,0.703057225112161,2.4,0.921935461441946,0.357558340316564,0.223073765591786,3,0.0228670113612233,-0.112497136957383,-1.71569007625249,3.7,1.5174218380175,0.82424528798988,0.493757225217635,4,2.04056580364651,1.35000068377775,0.931188896795814,3.42857142857143,0.29987708497682,0.263795840320149,0.067567071879794,3.71428571428571,0.167109981405478,0.0929068754272893,0.0539308401570714,3.85714285714286,0.944769699649146,0.696323847139148,0.327942259688534,3.71428571428571,1.71853281409447,0.71155511526424,0.58821124880666,3.85714285714286,1.07808477956997,0.681919448059904,0.432219409032832,3.71428571428571,0.876094833729767,0.596283390939834,0.425862710291706,2.33333333333333,-0.138472432148111,-0.205100917455658,-0.0220251504664182,1.75,-0.150238126409654,-0.322172554578652,-0.134069237439159
"313",313,"female","Black","yr3","Other","other","Visual",2.25,-1.91634492072178,-0.950676928561513,-0.631176327754232,2,0.0645813725038267,-0.15473146447689,0.0259307392222198,3.33333333333333,1.49296498304452,1.03438105309787,1.25922788955197,3,-0.693766893567773,-0.318577880021777,-0.257441991975146,2.83333333333333,-0.262402310621868,-0.114073572389733,-0.12588938501148,3,-0.658318873546137,-0.307304927405721,-0.279414626178877,3,-1.5022887175622,-0.935851535078486,-0.482348422389692,3,-1.19531703207861,-0.682642974251729,-0.410263191544454,2.85714285714286,-0.0938175010867973,-0.0586721753173208,-0.0160804062688625,3,-0.991908885088992,-0.562639153403243,-0.416865039518374,3,-0.695527539605158,-0.324404277222061,-0.214983055590222,2.66666666666667,0.51013347699982,0.252277772765867,0.23402067500196,1.5,-0.727188351446263,-0.461010171889029,-0.236504571034574
"314",314,"female","Asian","yr5+","STEM","math02","Kinesthetic",3,-0.740027897384156,-0.421894562733497,-0.345033014295263,2.4,0.914680129801514,0.586531702596107,0.245305122533035,2.33333333333333,-1.01934199403131,-0.298853580122379,-1.05120267907257,3,-0.693766893567773,-0.318577880021777,-0.257441991975146,3,0.0949275067302644,0.11765192711224,0.0417608205515849,3.28571428571429,0.060586570344494,0.0430673671354783,0.0325839599108556,3.57142857142857,-0.143061140282582,0.00756291239865018,-0.0727251160479637,3.28571428571429,-0.472275286234126,-0.209978806546717,-0.180688531926856,3,0.326792293289699,-0.101380339503411,0.154570325474675,3,-0.991908885088992,-0.562639153403243,-0.416865039518374,3.42857142857143,0.252664561222511,0.125753669418088,0.153149984339077,2.33333333333333,-0.182829176189881,-0.133607781105436,-0.089924020727394,2.25,1.00835539632545,0.215269422035051,0.163625424354463
"315",315,"female","white","yr4","Other","other","Kinesthetic",4,0.958769288281112,0.626638450276295,0.61986647507212,3.2,2.38571705219743,1.74283718915864,0.545768482350459,3.66666666666667,-0.80492231289464,-1.1641423164693,-3.19931156063144,3,-0.693766893567773,-0.318577880021777,-0.257441991975146,5,3.98620410056276,2.58234944044327,1.82061697304004,5,3.9261456704954,2.35256263097091,1.45105146459158,4.42857142857143,1.93844213763699,1.105514753591,0.634279909697789,4,1.27073976996902,0.811911841495528,0.423306640922497,1.57142857142857,-2.93559593246133,-1.46579396790056,-1.08875916923146,4,1.19226431050885,0.967390563312616,0.376600770252735,3.28571428571429,-0.0163297534780791,0.215503990688373,0.101837342617786,4,3.15362790427913,2.38216627044426,1.29809677028247,1.5,-0.623032644819437,-0.513559309885433,-0.191628894219258
"316",316,"female","white","yr1","Business","math02","Kinesthetic",5,2.60286850918202,1.82029657385926,1.54819490110066,3.8,3.74718384524334,1.9726697752763,1.08599887225798,2.66666666666667,-2.36823582098343,-1.4436769812168,-2.20258046486156,3.6,1.1854235510563,0.741558177225053,0.427305030225322,1.83333333333333,-2.19281421326401,-1.41463822972315,-1.00285436411817,1,-5.24278341758768,-2.96717248578235,-2.00988071694933,1.42857142857143,-5.2222438912935,-3.26809983881489,-1.65394427496739,2.14285714285714,-3.31806179080417,-2.22695432313497,-1.18154990088267,1.85714285714286,-2.10647546557018,-1.19065742470315,-0.55632181063786,1,-5.61442996189565,-3.46421763982698,-2.21898288864101,2.57142857142857,-1.66288247002633,-1.04125429174799,-0.607920837858792,1.33333333333333,-2.17300364767544,-1.43425071541979,-0.925960367393505,2.5,1.89776813494682,2.02563712769069,0.760702839822572
"317",317,"female","white","yr1","Other","math02","Kinesthetic",3.25,-0.311456913095375,-0.342383847839607,-0.225271200916375,1,-1.95968575222524,-1.12354304995711,-0.506476490509507,3.66666666666667,0.144071156092395,-0.110442347996547,0.107850103762977,3,-0.693766893567773,-0.318577880021777,-0.257441991975146,3.66666666666667,1.34967075574725,0.936952438895989,0.625140251227691,2.14285714285714,-2.68133868364175,-1.41684650000989,-1.09721855559983,3.85714285714286,0.579829121541376,0.260182261835784,0.182608595519958,2,-3.56688116347121,-2.26849017761662,-1.16571321930234,2.57142857142857,-0.872308635441789,-0.265799324189585,-0.528852591834323,2.42857142857143,-2.13977476693224,-1.53000917716504,-0.779643583096429,3.14285714285714,-0.394633412073701,-0.359158422253214,-0.102106088734013,2.66666666666667,0.51013347699982,0.252277772765867,0.23402067500196,1.25,-1.09582716322922,-0.704946065192215,-0.249188550999356
"318",318,"female","Asian","yr1","STEM","math03","Kinesthetic",4,0.958769288281112,0.626638450276295,0.61986647507212,1.6,-0.74637396254645,-0.41818751716979,-0.157152475126386,3.33333333333333,-0.37703334660387,-0.203620569579045,0.440093802352938,4.4,3.48388491469567,2.05032245427931,1.14227010270765,3,0.128046810782572,0.0655301909097354,0.0511440641774734,3.14285714285714,-0.209479276651148,-0.218883800408753,-0.0589270497719159,4.14285714285714,1.21755601936031,0.803764844634197,0.385935502172097,3.57142857142857,0.281633827289723,0.150504798410257,0.132177525322265,3.57142857142857,1.54572466801699,0.633849082352343,0.648782528297861,4,1.52170534946386,0.842121052755758,0.646328354945876,3,-0.706356965619912,-0.54854002326906,-0.31488049407905,2,-0.831435085337812,-0.59098647132696,-0.345969846195772,1.25,-1.19998286985605,-0.652396927195811,-0.294064227814672
"319",319,"female","white","yr1","STEM","math02","Kinesthetic",3.75,0.594924710719493,0.72503636809968,0.748456297191355,1.8,-0.304542606604254,0.301357508981457,-0.082766075705472,3.33333333333333,-0.386362882712429,-0.493420007668577,-1.49163594484367,3.4,0.711575708295455,0.0765508970047028,0.393816553123873,2.83333333333333,-0.273001310312335,-0.0255236385776414,-0.138715273151239,3.28571428571429,0.205483055733406,-0.162416141650397,0.121322719449649,3.85714285714286,0.587341392870125,0.357480588432736,0.197265780073297,3.57142857142857,0.190748798140121,0.224682831667653,0.0378966570921201,2.85714285714286,0.0105339516469988,-0.219226524482881,0.0759780475260355,3.28571428571429,-0.206746391059998,-0.103357588237246,-0.0596244008717678,2.42857142857143,-1.97211299646722,-1.30722106243664,-0.793319764536469,2.33333333333333,-0.138472432148111,-0.205100917455658,-0.0220251504664182,4,5.047002365286,3.01631024554217,1.24068781094911
"320",320,"female","other","yr2","Health","math02","Visual",2.25,-1.97287667441566,-1.14044567284554,-0.96010458645506,3.4,2.88553111224186,1.70316809366021,0.688796478344077,2.66666666666667,-0.498237491335041,-0.205675358539881,-1.38344637766253,2.9,-0.887989305759014,-0.365800150932673,-0.292578379820569,3.83333333333333,1.78796800856221,1.149659302933,0.81337295784708,3.28571428571429,0.0499180683559015,-0.176894042059309,0.0572880815506947,3.14285714285714,-1.27961852821978,-0.531908468202369,-0.487189548737754,3.14285714285714,-0.706932511973865,-0.324714325888379,-0.218752884657562,3.14285714285714,0.641167660997777,0.191909190953383,0.356274707278569,3,-1.10516865434027,-0.732664453178894,-0.570227463001293,3,-0.707384805204982,-0.289803642938275,-0.268270684543911,1.66666666666667,-1.48239801780865,-1.23429859811974,-0.588012633237163,2.5,1.89307506228494,1.76587038569774,0.667878845219779
"321",321,"male","white","yr1","Other","math03","Visual",3.5,0.193702708812891,0.572963097919203,0.646980015481891,2.4,0.885149329955167,0.462328748046004,0.31297108761212,3,-0.907467385408693,-0.586598229251075,-1.1593922462537,2.9,-0.975638833484855,-0.654418514455102,-0.378037125450007,1.66666666666667,-2.50848653403293,-1.57986681063754,-1.14433265763488,3.14285714285714,-0.46451250686623,0.0788043914588634,-0.285609312219644,3.14285714285714,-1.13897171766407,-0.706072510665672,-0.327801440529703,2.85714285714286,-1.53736709508752,-1.07617753714262,-0.527350368422178,2.42857142857143,-1.0920692115722,-0.363344638092505,-0.41651980558793,2.28571428571429,-2.70595941916861,-1.68849800308327,-1.12195422699237,2.28571428571429,-2.28894861312153,-1.34584826527008,-0.860560851591414,1.66666666666667,-1.48239801780865,-1.23429859811974,-0.588012633237163,2,0.567149196251447,0.442914293512327,0.179146680586523
"322",322,"female","Black","yr2","STEM","math02","Kinesthetic",5,2.60286850918202,1.82029657385926,1.54819490110066,4.2,4.54792958950328,2.89909529031923,1.09027553620686,3,-1.84713131828717,-1.3504987596343,-2.53482416345152,1.4,-5.71695738542602,-3.06982296998538,-1.95462495553182,4,1.95806199867277,1.5695018386251,0.884938663974937,4.28571428571429,2.16786734285408,1.43051900861021,0.732934549036059,5,3.31367547972593,1.91915665923684,1.0979722632391,5,3.73679657201665,2.30646665724278,1.25687647338945,5,4.57205712657628,2.32202944268021,1.63747186549176,3.71428571428571,0.666617130036002,0.384588815352953,0.246407825372734,5,3.7350316100817,2.22691801750131,1.37973577599676,2,-0.871077782733762,-0.14762646183422,-0.441874793310724,1.75,0.152838241851338,0.829824049780712,0.174924855227948
"323",323,"female","white","yr1","Other","math01","Auditory",3,-0.685329932619798,-0.567019673306671,-0.308461950956417,2,0.0205698838872231,-0.357274082761239,0.0148131921324559,3,-0.898137849300134,-0.296798791161543,0.772337500942899,3,-0.693766893567773,-0.318577880021777,-0.257441991975146,5,3.98620410056276,2.58234944044327,1.82061697304004,4.71428571428571,3.20964707992989,1.93578434088888,1.14345875336781,4.57142857142857,2.29299913630368,1.42944503568319,0.763376373271481,4.14285714285714,1.61780868602954,0.888712256067118,0.568588772297146,2.57142857142857,-0.535081381611286,-0.527575029339339,-0.0037776746219875,4.14285714285714,1.77556983428441,1.09969916031316,0.719346362843607,3.28571428571429,-0.0613683209429601,-0.12674438251531,-0.207579738760711,3.66666666666667,2.50266497180829,1.73885414365148,1.05605398324108,2.25,1.00366232366356,-0.0444973199578974,0.07080142975167
"324",324,"male","white","yr3","Business","stats","Kinesthetic",1,-4.08292430395033,-2.66408569932625,-2.23826092969118,1,-1.95968575222524,-1.12354304995711,-0.506476490509507,3.66666666666667,2.01406948574079,1.12755927468037,0.926984190962007,4.6,4.32942359829048,2.43266720994182,1.43974097158153,4.16666666666667,2.40812126292548,1.40946860240736,1.1006413271292,4,1.69247290174076,1.01080341975664,0.606697970442183,4.14285714285714,1.26659787722127,0.593405466228043,0.431086964457035,4,1.29757303979646,0.905762002868568,0.399394307176001,3.14285714285714,0.567472014289274,0.230178359309314,0.176013019334581,4,1.41000904811739,0.956812409309089,0.547320787499863,4.28571428571429,2.15243996258008,1.42960977550029,0.834055418484398,1.66666666666667,-1.48004099448574,-1.04836516154848,-0.602015671664151,1.75,-0.0413893471209421,-0.114954950582107,0.00363043397895002
"325",325,"male","white","yr2","Business","math03","Kinesthetic",3.25,-0.338805895477554,-0.269821292553021,-0.243556732585799,1.2,-1.54147424940241,-0.948382317528644,-0.385676943154122,3.33333333333333,-0.386362882712429,-0.493420007668577,-1.49163594484367,2.7,-1.50089353611312,-0.696835174964482,-0.518695652449167,2.33333333333333,-1.19883359409859,-0.830590106513955,-0.543055877441817,2.85714285714286,-0.658912092051381,-0.464564703821104,-0.137447480383893,3.28571428571429,-0.726110725067576,-0.494560055222438,-0.160879707021443,3.71428571428571,0.467603715361172,0.261843191439738,0.175796510104196,3.57142857142857,1.45906101162012,0.649460709695483,0.435727088502551,3.14285714285714,-0.715568843211038,-0.356566093997809,-0.30133134819669,3,-0.671714698541144,-0.625318243479485,-0.22644306320631,1.66666666666667,-1.52675476185042,-1.16280546176952,-0.655911503498139,2.25,1.07153203299701,1.05333267560317,0.30978725037878
"326",326,"female","white","yr3","Other","other","Visual",4.25,1.3973687145327,1.02918290846063,0.951408860610283,1.4,-1.12326274657958,-0.773221585100174,-0.264877395798738,3.66666666666667,1.07440555286231,0.363658744297145,-0.44844772623581,2.4,-2.38364719175119,-1.58511645036292,-0.732286171423464,3.16666666666667,0.371814326268221,0.361709992859385,0.159198013013068,3.57142857142857,0.630397940024244,0.395725516180835,0.202302824932681,4.42857142857143,1.91840133172036,1.21200805746497,0.63327527445687,4.42857142857143,2.28954824884893,1.49187786946866,0.742058812235048,3.57142857142857,1.58433160922308,0.722919745439727,0.661561022403748,2.57142857142857,-1.88851718738888,-1.21347743750122,-0.688696388490768,4.57142857142857,2.79195998965471,1.58012241293373,0.942487460146094,3.33333333333333,1.80970231861859,1.35296858978018,0.732109287511729,2.75,2.08968845810762,0.964525421436267,0.396701327742135
"327",327,"female","white","yr1","Other","math02","Kinesthetic",4,0.958769288281112,0.626638450276295,0.61986647507212,2.6,1.24621304030459,0.547815175349012,0.342891035912257,2.66666666666667,-1.42857188810496,-0.679776450833573,-0.827148547663742,2.7,-1.66358550301463,-1.12260522147192,-0.615212776338852,3.33333333333333,0.800387796413172,0.355720238709218,0.374819773653945,3,-0.480587243361956,-0.321079947335313,-0.128701357870476,3.28571428571429,-0.823340546029175,-0.503600600902193,-0.288780926381027,3.57142857142857,0.161046261939499,0.206123846779787,0.0102736013798012,1.85714285714286,-2.32357010755895,-1.24272717581952,-0.893571113229021,3.28571428571429,-0.219157477030515,-0.111648004698858,-0.075196730594877,4,1.47936755805344,0.988938210133591,0.566934879736553,3,1.16109640947066,0.89558989955865,0.476063462043351,1.75,-0.150238126409654,-0.322172554578652,-0.134069237439159
"328",328,"female","white","yr2","STEM","math02","Visual",4.25,1.35179663715443,0.79057183202352,0.80191937998429,1.8,-0.36357423178634,-0.48333478841208,-0.0706803715986479,3,0.0321965474697825,0.177302301132149,0.216039670944113,2.8,-1.2885530604517,-0.896177075609851,-0.433777710702437,2.33333333333333,-1.15651494502493,-0.657329155309491,-0.53143117579216,2,-2.85605625304242,-1.80207008111398,-1.05851764571859,4.28571428571429,1.51453165330308,1.04509036569512,0.457720702833387,2.28571428571429,-2.88810775300402,-1.94346402753082,-0.998896790580906,2.57142857142857,-0.877469023430734,-0.260021666904854,-0.427212520728978,3.28571428571429,-0.100390717658712,-0.253009709004894,0.0275217023880588,4,1.51975203523827,0.951256870139627,0.58237636020327,2,-0.875791829379582,-0.519493334976738,-0.413868716456748,1,-1.67277738826583,-0.843783682502592,-0.351623884594771
"329",329,"female","white","yr2","STEM","stats","Visual",2.75,-1.19778165298463,-0.763736577197997,-0.775437554705554,1.4,-1.1146630300257,-0.810986970486585,-0.28808729253662,2.33333333333333,-1.01934199403131,-0.298853580122379,-1.05120267907257,2.4,-2.47347742280626,-1.50387188769747,-0.894113214431314,5,3.98620410056276,2.58234944044327,1.82061697304004,5,3.9261456704954,2.35256263097091,1.45105146459158,4.57142857142857,2.32174590944082,1.37535274583092,0.778550519369562,5,3.73679657201665,2.30646665724278,1.25687647338945,4.28571428571429,3.27450311086303,1.48345039743454,1.34608912999861,5,3.63061219171766,2.33893933302049,1.38525280960426,4.14285714285714,1.83658765189258,0.989884072973067,0.649617447258215,3,1.16109640947066,0.89558989955865,0.476063462043351,3,2.80707578076872,1.72961226952725,0.709917245767817
"330",330,"female","white","yr1","STEM","math02","Kinesthetic",2.75,-1.23515907732962,-1.01420776520186,-1.00550365853425,1.8,-0.334043431939992,-0.359131833861977,-0.138346336677733,2.66666666666667,0.450755977651994,0.848024609932875,1.92371528673189,4.5,3.76165212867397,2.24170433196987,1.20781224615517,3,0.184200784143091,0.00948093976216681,0.101735823766306,2.71428571428571,-1.04248297424436,-0.815819313583278,-0.305898563688804,3.42857142857143,-0.494591074006542,-0.0902592937076736,-0.212597649630101,2.85714285714286,-1.40476696948844,-0.963553278538032,-0.43600704382886,1.71428571428571,-2.68211229289097,-1.4978141372205,-1.05636856506687,3.42857142857143,0.217192052159332,0.0924524818512334,0.0995108770739023,3.14285714285714,-0.373571442550172,-0.482414732316054,-0.216857244456646,1.33333333333333,-2.13100392695658,-1.69167728834127,-0.844058458705541,1,-1.67277738826583,-0.843783682502592,-0.351623884594771
"331",331,"female","white","yr3","Other","other","Kinesthetic",3.25,-0.366154877859733,-0.197258737266434,-0.261842264255222,1.8,-0.457508155746526,-0.468238685808102,-0.0716626486335615,3.33333333333333,1.49296498304452,1.03438105309787,1.25922788955197,3,-0.693766893567773,-0.318577880021777,-0.257441991975146,4.83333333333333,3.66059822493476,2.37492136450625,1.67030977644569,4,1.63391339847463,1.02262885178259,0.58581841920635,4,0.905693381081866,0.491652562079174,0.307811920424704,4,1.27073976996902,0.811911841495528,0.423306640922497,3,0.198764881314983,0.110002156595873,0.0634153015406642,4.14285714285714,1.64295533842808,1.10092182025576,0.594420581702703,4,1.51975203523827,0.951256870139627,0.58237636020327,2,-0.831435085337812,-0.59098647132696,-0.345969846195772,2,0.567149196251447,0.442914293512327,0.179146680586523
"332",332,"male","white","yr1","Business","math02","Kinesthetic",5,2.60286850918202,1.82029657385926,1.54819490110066,3,2.1524466842285,0.987383102331065,0.525977987499142,2,-0.610112099957654,0.082069290588815,-1.27525681048139,2,-3.66186654980313,-2.25815921221586,-1.19754721048264,2.83333333333333,-0.202423102350901,-0.132489463395071,-0.0947407031355433,2.85714285714286,-0.898036080713708,-0.548812881070433,-0.336438685007063,2.85714285714286,-1.8912713916438,-1.03198246535423,-0.651564612927072,3,-1.10198919290231,-0.643195814233462,-0.387811728754591,2.85714285714286,-0.173619154142539,-0.0583441594516889,-0.120609096036578,2.57142857142857,-2.03547318197458,-1.14168554795167,-0.856734373412861,3,-0.655143062420331,-0.362085617216025,-0.199541575123506,1,-2.82396658014628,-2.07756284221257,-1.1680031544349,1.75,0.0170942168887322,0.463341560993058,0.0569682654004736
"333",333,"female","white","yr1","Other","math01","Kinesthetic",3.5,0.0997935307740318,0.132723165631318,0.0879856529523643,2.6,1.34149134917823,0.723927049638165,0.342894773150537,3.33333333333333,-0.37703334660387,-0.203620569579045,0.440093802352938,2.7,-1.56572867104451,-0.887103419971541,-0.474701133448333,3,0.0625381201747509,0.224103932381992,0.020420826520758,3,-0.658318873546137,-0.307304927405721,-0.279414626178877,3,-1.5022887175622,-0.935851535078486,-0.482348422389692,3,-1.19531703207861,-0.682642974251729,-0.410263191544454,3,0.201949982172881,0.0465484317842441,0.100515371784932,2.85714285714286,-1.33624423960694,-0.845822531114041,-0.547538747708515,3,-0.682709906423838,-0.205492670397682,-0.1134673658911,1.33333333333333,-2.17536067099835,-1.62018415199105,-0.911957328966517,1,-1.67277738826583,-0.843783682502592,-0.351623884594771
"334",334,"female","other","yr2","Business","math02","Kinesthetic",4,0.810162145477895,0.331523628561582,0.0243010492037478,1.4,-1.15733013372885,-0.822321611877803,-0.300183379423019,4.33333333333333,0.255945764715008,-0.398186997125243,-0.000339463418159935,2.8,-1.23017130335671,-1.04528614497213,-0.412798066416943,3.16666666666667,0.393604713133268,0.343807921401726,0.167712118904136,3.85714285714286,1.55163259685053,0.657533306891157,0.685636687508816,5,3.31367547972593,1.91915665923684,1.0979722632391,4.57142857142857,2.80930093771686,1.62735310428436,0.995424330580156,2.71428571428571,-0.43077969619613,-0.0744941034658705,-0.224426379984487,4.28571428571429,2.18964438909555,1.3380761609137,0.887228759795775,3.28571428571429,-0.0525541178437217,-0.0969645683532604,-0.0309474745157332,2,-0.831435085337812,-0.59098647132696,-0.345969846195772,2,0.426712098626955,-0.183334937268275,-0.0316339038437446
"335",335,"female","white","yr1","Other","math01","Auditory",2.75,-1.11390091690858,-0.64653038820056,-0.428223764335304,1,-1.95968575222524,-1.12354304995711,-0.506476490509507,4.66666666666667,0.786379803519831,-0.0152093374532124,1.59914658518848,3.8,1.81782835236135,1.05704466496002,0.591149489803191,4,2.04056580364651,1.35000068377775,0.931188896795814,5,3.9261456704954,2.35256263097091,1.45105146459158,5,3.31367547972593,1.91915665923684,1.0979722632391,5,3.73679657201665,2.30646665724278,1.25687647338945,4.85714285714286,4.2794747441745,2.15335511076702,1.55797615768223,5,3.63061219171766,2.33893933302049,1.38525280960426,5,3.7350316100817,2.22691801750131,1.37973577599676,2.66666666666667,0.51013347699982,0.252277772765867,0.23402067500196,3,2.80707578076872,1.72961226952725,0.709917245767817
"336",336,"female","white","yr1","Business","math02","Visual",3.75,0.501015532680634,0.284796435811794,0.189461934661829,1,-1.95968575222524,-1.12354304995711,-0.506476490509507,3.33333333333333,0.553301050166047,0.270480522714647,-0.116204027645849,2.2,-2.8928164814301,-1.89059465671113,-0.864391436990016,2.16666666666667,-1.52030964205885,-0.864243411698828,-0.704372948371384,3,-0.658318873546137,-0.307304927405721,-0.279414626178877,3,-1.5022887175622,-0.935851535078486,-0.482348422389692,3,-1.19531703207861,-0.682642974251729,-0.410263191544454,3,0.198764881314983,0.110002156595873,0.0634153015406642,3,-0.991908885088992,-0.562639153403243,-0.416865039518374,3,-0.695527539605158,-0.324404277222061,-0.214983055590222,2,-0.831435085337812,-0.59098647132696,-0.345969846195772,2,0.567149196251447,0.442914293512327,0.179146680586523
"337",337,"female","white","yr3","Business","other","Auditory",4.5,1.70651532732996,1.07591010121042,0.786247975152202,3.2,2.48260523530752,1.29374498648417,0.747788666726344,3,-1.83780178217861,-1.06069932154477,-0.603094416254917,2.3,-2.78990477232639,-1.6896336722661,-0.980288069009456,4.66666666666667,3.38024273021951,2.06385256062385,1.54933524792272,4.85714285714286,3.56768302894502,2.13378374568987,1.28623463555007,5,3.31367547972593,1.91915665923684,1.0979722632391,4.57142857142857,2.742806368368,1.68175610563914,0.949060534043797,4.28571428571429,3.30761369079046,1.59003032377897,1.27310067750403,4.85714285714286,3.38934531797329,2.13270869127177,1.33327833359415,5,3.7350316100817,2.22691801750131,1.37973577599676,3.33333333333333,1.80970231861859,1.35296858978018,0.732109287511729,1.75,-0.150238126409654,-0.322172554578652,-0.134069237439159
"338",338,"male","white","yr1","STEM","math04","Visual",1.75,-2.90660728061271,-2.13530333349824,-1.95211761623221,1,-1.95968575222524,-1.12354304995711,-0.506476490509507,4,2.54450352454561,1.5105369343524,2.52647023956865,4.4,3.51013258591146,2.14874747755532,1.18002528239901,2.83333333333333,-0.157073608528993,-0.161005119017582,-0.0746485933267884,3.71428571428571,1.43186725142724,0.502223118379408,0.697770116231231,4.14285714285714,1.25581920737348,0.797840321859208,0.422756136865746,4.71428571428571,3.07738012914784,1.85469066466817,1.02213022084939,2.14285714285714,-1.44150904771087,-0.853636776742393,-0.292801705251091,4.14285714285714,2.00728302041101,0.932437678008547,0.922236179542906,2.42857142857143,-1.96077264671358,-1.51729056815172,-0.985926128244692,1.33333333333333,-2.13100392695658,-1.69167728834127,-0.844058458705541,1,-1.67277738826583,-0.843783682502592,-0.351623884594771
"339",339,"female","Asian","yr1","Business","math03","Kinesthetic",3.5,-0.00231030029811435,-0.295656655089819,-0.390432086374456,1.2,-1.54012986448896,-0.757174340635513,-0.386655482950756,4.33333333333333,1.20493923370204,0.655512971347514,3.30682220097626,3.6,1.15312912194709,0.749881857810523,0.407718291093836,2.66666666666667,-0.570708479126658,-0.246287651091928,-0.252236383063988,2.85714285714286,-0.713511273737769,-0.627110223836891,-0.193597175606287,3.28571428571429,-0.749539300718472,-0.367576887670065,-0.301933273321257,2.14285714285714,-3.23739043537727,-1.93084803044426,-1.10143519764186,2.42857142857143,-1.03759393282462,-0.353537320236368,-0.539078564299598,2.14285714285714,-2.86507600664927,-1.93124460548065,-1.12114768451734,2.57142857142857,-1.6359632894442,-1.1371356297893,-0.672304083660897,2,-0.831435085337812,-0.59098647132696,-0.345969846195772,2,0.426712098626955,-0.183334937268275,-0.0316339038437446
"340",340,"female","white","yr2","Business","math03","Auditory",4.75,2.14511475358154,1.47845455939476,1.11779036069037,2.8,1.72697984976524,1.04119573218214,0.427409797085006,3.33333333333333,1.49296498304452,1.03438105309787,1.25922788955197,3,-0.693766893567773,-0.318577880021777,-0.257441991975146,1,-3.79634908710223,-2.34704558621879,-1.73709533193687,2.14285714285714,-2.43181924326104,-1.43219878333485,-0.795590130313012,1.14285714285714,-5.98220364523887,-3.55969197805229,-1.94658629492514,1.14285714285714,-5.76505754580441,-3.40769633631837,-1.96468200289975,2,-2.25006774165046,-0.850281714735916,-0.99256448974074,1.71428571428571,-3.92832243020942,-2.47468253463645,-1.61599068637921,3.14285714285714,-0.384451649480329,-0.074311067429179,0.0194823131851156,2.33333333333333,-0.138472432148111,-0.205100917455658,-0.0220251504664182,2.25,0.899506617036739,0.00805181803850661,0.0259257529363538
"341",341,"female","white","yr2","Business","math04","Visual",3.25,-0.217547735056516,0.0978560844482783,0.333723161613151,2,0.113698870729183,-0.0597681468834031,-0.0852127544014332,2.66666666666667,-0.498237491335041,-0.205675358539881,-1.38344637766253,4,2.22513670478581,1.46575508256768,0.646995258224203,2.33333333333333,-1.09580152691624,-0.858928238699178,-0.493695048862351,3.57142857142857,1.0451937464388,0.315712879003849,0.546560686808478,4,1.0692850492442,0.252140361595846,0.410343611107416,4.28571428571429,2.04985617182278,1.00622066150786,0.748493198617918,1.57142857142857,-2.79087240803007,-1.65654757705766,-0.911207770870128,3.71428571428571,1.02126744871641,0.301728652964861,0.588441744383944,3,-0.708966902491856,-0.679050422190334,-0.31261807080469,1.66666666666667,-1.52439773852751,-0.976872025198263,-0.669914541925127,1.5,-0.623032644819437,-0.513559309885433,-0.191628894219258
"342",342,"male","white","yr1","Other","math01","Auditory",5,2.60286850918202,1.82029657385926,1.54819490110066,3.2,2.47081331636417,1.59782127653619,0.667048074964227,4.66666666666667,0.786379803519831,-0.0152093374532124,1.59914658518848,2.7,-1.61962089939857,-0.66370462393448,-0.493014023437811,3.5,0.991109161641504,1.04185086938631,0.440255517277758,2.85714285714286,-0.954188730654721,-0.603393444585307,-0.352912361376929,2.85714285714286,-1.78679416506679,-1.15484359224419,-0.594335169917335,3.28571428571429,-0.563811706784611,-0.433146102590475,-0.192347651124698,3.42857142857143,1.18373602490246,0.315468622561905,0.67816365523323,3.14285714285714,-0.619757345568464,-0.2960000596301,-0.231814183718094,3.42857142857143,0.286275993385514,0.049547235657428,0.140582568775931,2.33333333333333,-0.138472432148111,-0.205100917455658,-0.0220251504664182,2.5,1.62158701235973,1.03290540812243,0.431965665564829
"343",343,"female","white","yr5+","Health","stats","Kinesthetic",4.25,1.24876157172948,0.734068086745921,0.355843434741911,1.8,-0.312307411529304,-0.509765532407274,-0.0817941814501323,2.66666666666667,-2.36823582098343,-1.4436769812168,-2.20258046486156,4.3,3.26060153245692,1.83599731388056,1.11965956995123,1.5,-2.75225404951858,-1.87604661258719,-1.25238660647047,3.42857142857143,0.454906637195178,0.206614244634255,0.220003524144478,3.57142857142857,-0.153743971052176,-0.26380017080112,-0.0155599034750993,4,1.27073976996902,0.811911841495528,0.423306640922497,3.14285714285714,0.512527765510542,0.639437096619964,0.0474078404390007,3.28571428571429,-0.42424489584803,-0.15953336396673,-0.267121851391925,3.28571428571429,-0.0618117726782768,-0.10478775219218,-0.00991380684423303,2,-0.831435085337812,-0.59098647132696,-0.345969846195772,3.25,3.38402600580533,1.86844988683762,0.812352579363232
"344",344,"female","white","yr2","Business","math03","Kinesthetic",4.5,1.79039606340601,1.19311629020786,1.13346176552245,2.6,1.24755742521804,0.739023152242143,0.341912496115623,3.33333333333333,-0.37703334660387,-0.203620569579045,0.440093802352938,2.5,-2.09955070279439,-1.315433590254,-0.626356415312945,1,-3.79634908710223,-2.34704558621879,-1.73709533193687,1.71428571428571,-3.48450508994635,-2.04512886342165,-1.29176380139381,2.28571428571429,-3.23213309232877,-1.92687145111544,-1.08641824693383,2.42857142857143,-2.60747775699253,-1.62564211941922,-0.902207159414424,1.71428571428571,-2.58688785624473,-1.24661950491927,-0.903831341793326,1.85714285714286,-3.53475893393417,-2.30528301822296,-1.38411676126081,2.14285714285714,-2.60854542742299,-1.37975202895292,-0.954509366853355,3,1.16109640947066,0.89558989955865,0.476063462043351,2.5,1.73043579164844,1.24012301211898,0.569665336982939
"345",345,"male","white","yr2","STEM","math02","Auditory",5,2.60286850918202,1.82029657385926,1.54819490110066,3.2,2.59373859237547,1.20311811310737,0.702351150285493,3.33333333333333,-1.3260268155909,-1.2573205380518,-2.86706786204148,4.8,4.56947494566748,2.88291431449287,1.3944031589438,4.66666666666667,3.36015229843994,2.14147688292396,1.54129458006652,3.71428571428571,1.28285114117442,0.406735038171838,0.598138134580888,4.57142857142857,2.33944319084053,1.472348523526,0.784087192111502,4.14285714285714,1.66568466291229,1.01923591932609,0.615185939672235,2.14285714285714,-1.65931078272751,-1.35336800774524,-0.668399401720623,4.85714285714286,3.27212186357599,2.16938223426371,1.21693809979744,4.71428571428571,3.08468215699232,1.85226963402087,1.17140629584624,1.33333333333333,-2.13100392695658,-1.69167728834127,-0.844058458705541,1.25,-1.19998286985605,-0.652396927195811,-0.294064227814672
"346",346,"male","white","yr1","Business","math02","Auditory",2.75,-1.19778165298463,-0.763736577197997,-0.775437554705554,1,-1.95968575222524,-1.12354304995711,-0.506476490509507,3.66666666666667,2.02339902184935,1.4173587127699,2.85871393815861,4,2.22513670478581,1.46575508256768,0.646995258224203,3.83333333333333,1.74321519456535,1.09985929327044,0.794687373108686,4,1.63391339847463,1.02262885178259,0.58581841920635,4.42857142857143,1.91921177937588,1.20777481052055,0.640752252195276,4.57142857142857,2.67840524701223,1.57017721683051,0.899948053526448,4,2.5534109991889,1.09592961840569,0.977136904983235,4.28571428571429,2.11885564607271,1.27686242536768,0.88454672747074,4.71428571428571,3.08716676680505,1.8215677240931,1.12236373214488,1.66666666666667,-1.52439773852751,-0.976872025198263,-0.669914541925127,2,0.671304902878273,0.390365155515923,0.224022357401839
"347",347,"female","white","yr2","Other","other","Auditory",2.75,-1.23515907732962,-1.01420776520186,-1.00550365853425,1.2,-1.54012986448896,-0.757174340635513,-0.386655482950756,3.66666666666667,1.08373508897087,0.653458182386678,1.48328202096079,2,-3.61267049192136,-2.10291084261124,-1.16187924217449,4.66666666666667,3.3413884639822,2.19511580900624,1.52270368687574,4.71428571428571,3.2810928535954,1.94443818065018,1.23235269935941,4.85714285714286,2.94887943697734,1.74208119774759,0.966715304047672,4.71428571428571,3.04356915035796,1.96351888494016,1.03210441483146,3.14285714285714,0.613432760461826,0.41558924906494,0.331644873007119,4.85714285714286,3.38934531797329,2.13270869127177,1.33327833359415,5,3.7350316100817,2.22691801750131,1.37973577599676,4,3.15362790427913,2.38216627044426,1.29809677028247,4,5.047002365286,3.01631024554217,1.24068781094911
"348",348,"male","white","yr1","Business","math02","Visual",2.25,-1.88899593833961,-1.0232394838481,-0.612890796084809,1.4,-1.1146630300257,-0.810986970486585,-0.28808729253662,3,0.0415260835783418,0.467101739221682,2.14776941814072,3.6,1.24639344712058,0.48620155355598,0.456943708636546,3.5,1.12946234721847,0.630159052781488,0.528664306309783,3.57142857142857,0.559378858893981,0.407851156899569,0.135449825800325,3.85714285714286,0.54008689067775,0.318810347534338,0.16907798349487,3.85714285714286,0.875294075941925,0.714860614464575,0.252863528346068,2.85714285714286,-0.157015354882419,-0.27083468551373,-0.018584684114902,4.14285714285714,1.61264009919886,0.964700287500696,0.624910593437887,4.42857142857143,2.43819329050238,1.65610362152962,0.935408432037226,3.66666666666667,2.50266497180829,1.73885414365148,1.05605398324108,3,2.94751287839322,2.35586150030785,0.920697830198085
"349",349,"male","white","yr1","Business","math02","Visual",3,-0.907789369536265,-0.656306940728371,-1.03946059503576,1,-1.95968575222524,-1.12354304995711,-0.506476490509507,3.66666666666667,2.95373341861926,1.89145980506359,2.30241610815982,4.6,4.0966605099742,2.35583901041936,1.3114269137396,4.5,3.07406184153969,1.90954959122144,1.40307173412245,5,3.9261456704954,2.35256263097091,1.45105146459158,5,3.31367547972593,1.91915665923684,1.0979722632391,5,3.73679657201665,2.30646665724278,1.25687647338945,4,2.60010207231722,0.98902167619562,1.15465404724553,5,3.63061219171766,2.33893933302049,1.38525280960426,5,3.7350316100817,2.22691801750131,1.37973577599676,2.33333333333333,-0.140829455471021,-0.391034354026917,-0.00802211203943033,1,-1.67277738826583,-0.843783682502592,-0.351623884594771
"350",350,"female","white","yr2","Other","math02","Auditory",3.75,0.436289125953471,0.106887803094519,-0.0588897008362933,2,0.0133145522467907,-0.128300720481696,0.0370445490737042,3.33333333333333,-0.386362882712429,-0.493420007668577,-1.49163594484367,1.8,-4.11831645648021,-2.87761362645959,-1.23179920320049,2.33333333333333,-1.13885438582763,-0.849005997519293,-0.511907195565881,2.42857142857143,-1.70593153766432,-1.01327266976382,-0.579775944660547,4,0.936942118464913,0.660095344808872,0.281930669803549,3.71428571428571,0.526210165285228,0.599465514889435,0.142429962684815,2.14285714285714,-1.63813523354434,-0.499998800685759,-0.52840611756204,2.85714285714286,-1.11297234894756,-0.778382871556177,-0.359486064110692,2.57142857142857,-1.670213967736,-1.04610084699663,-0.561627662298727,2.66666666666667,0.51013347699982,0.252277772765867,0.23402067500196,1,-1.67277738826583,-0.843783682502592,-0.351623884594771
"351",351,"male","white","yr1","STEM","math02","Kinesthetic",3,-0.750056339346961,-0.744928306023945,-0.556813586454538,1.2,-1.5632102698131,-0.797748618983346,-0.442229098381723,4,0.674505194897219,0.272535311675484,1.70733615236962,2.8,-1.29984657926274,-0.573994795989896,-0.483718091886924,4,2.04056580364651,1.35000068377775,0.931188896795814,4.85714285714286,3.59562481544798,2.22063295511022,1.31631571153869,4.57142857142857,2.23756376758763,1.34194678416699,0.751298392546683,4.71428571428571,2.98575672486598,1.87069187580063,0.995545805599142,4.85714285714286,4.19967309111875,2.15368312663265,1.45344746791451,4.57142857142857,2.82447475911517,1.71370631907591,1.17107716092428,4.85714285714286,3.42083186401534,2.02235506666822,1.29242197672181,2.66666666666667,0.51013347699982,0.252277772765867,0.23402067500196,1.5,-0.727188351446263,-0.461010171889029,-0.236504571034574
"352",352,"female","white","yr1","STEM","math02","Kinesthetic",3.75,0.389785814222401,0.240152802100944,-0.176037387377845,2.6,1.30255589565977,0.950091518956286,0.332762411398701,3.33333333333333,-0.386362882712429,-0.493420007668577,-1.49163594484367,2,-3.62596374984367,-2.2094753688049,-1.17205541279783,3.16666666666667,0.472347755861968,0.271753104314106,0.217451693970854,2.71428571428571,-1.04601228957506,-0.671854423676705,-0.310697856665894,3.28571428571429,-0.824819588879635,-0.450897037978628,-0.265490903712466,3.57142857142857,0.21723270593395,0.0389259096016298,0.0830650448049163,2.57142857142857,-0.748949809830684,-0.359780324858388,-0.301730887255909,3.28571428571429,-0.18961146194777,-0.189823400603535,-0.0289701816340005,3.71428571428571,0.869447115767156,0.718970606022189,0.444633954688845,1.66666666666667,-1.48004099448574,-1.04836516154848,-0.602015671664151,1.25,-1.19998286985605,-0.652396927195811,-0.294064227814672
"353",353,"female","white","yr2","STEM","math03","Visual",5,2.60286850918202,1.82029657385926,1.54819490110066,2.2,0.475537543686223,0.249402630231122,0.168961643518853,4.33333333333333,0.255945764715008,-0.398186997125243,-0.000339463418159935,1.8,-4.01407767045523,-2.71810906177745,-1.07576680340696,1,-3.79634908710223,-2.34704558621879,-1.73709533193687,1.57142857142857,-3.80978623645664,-2.13361590561829,-1.3946952945018,1.71428571428571,-4.57445499665635,-2.90978273505027,-1.50682286288446,1,-6.12743063617388,-3.67175260574624,-2.07740285647836,1.28571428571429,-3.54993301778447,-1.73480522153617,-1.33261410159009,1.28571428571429,-4.93681355896143,-3.05388651152817,-1.99230080496212,1.42857142857143,-4.18739257131065,-2.58288220979833,-1.59067918032996,1.66666666666667,-1.52439773852751,-0.976872025198263,-0.669914541925127,1.5,-0.623032644819437,-0.513559309885433,-0.191628894219258
"354",354,"male","white","yr3","Business","math03","Visual",3,-0.740027897384156,-0.421894562733497,-0.345033014295263,3,2.11351123071005,1.21354757164919,0.515845625747307,3,0.0321965474697825,0.177302301132149,0.216039670944113,3,-0.693766893567773,-0.318577880021777,-0.257441991975146,3,0.0949275067302644,0.11765192711224,0.0417608205515849,3,-0.658318873546137,-0.307304927405721,-0.279414626178877,3,-1.5022887175622,-0.935851535078486,-0.482348422389692,3,-1.19531703207861,-0.682642974251729,-0.410263191544454,3,0.198764881314983,0.110002156595873,0.0634153015406642,3,-0.991908885088992,-0.562639153403243,-0.416865039518374,3,-0.695527539605158,-0.324404277222061,-0.214983055590222,2,-0.831435085337812,-0.59098647132696,-0.345969846195772,2,0.567149196251447,0.442914293512327,0.179146680586523
"355",355,"female","white","yr1","Business","math03","Visual",4,0.894042881553949,0.44872981755902,0.371514839573998,2.6,1.24755742521804,0.739023152242143,0.341912496115623,3.33333333333333,0.553301050166047,0.270480522714647,-0.116204027645849,3.6,0.998614784376623,0.734769481064358,0.2312469805954,2,-1.79889641668228,-1.16802372828842,-0.82228357886773,3.71428571428571,0.944929901876829,0.671920290640871,0.286265837111956,3.85714285714286,0.503827846211867,0.275604310789659,0.13924665284345,3.42857142857143,-0.11171841874428,-0.112528318784096,-0.0410142712351542,2.42857142857143,-1.06711992346524,-0.645066546250905,-0.379035394527331,2.57142857142857,-1.76850030260873,-1.2660475632525,-0.584814139237482,3.14285714285714,-0.409622950907639,-0.233144269264616,-0.0846601905560387,1.66666666666667,-1.48239801780865,-1.23429859811974,-0.588012633237163,1,-1.67277738826583,-0.843783682502592,-0.351623884594771
"356",356,"female","white","yr5+","Business","math03","Kinesthetic",4.5,1.85512247013317,1.37102492292513,1.38181340102057,1.8,-0.406241335489491,-0.494669429803297,-0.082776458485046,3,-0.907467385408693,-0.586598229251075,-1.1593922462537,3.3,0.142292083949505,0.201263816517024,-0.0656746481867709,2.33333333333333,-1.12096147604942,-0.832911833053898,-0.514987049077535,3.14285714285714,-0.265978967485321,-0.056572573886073,-0.0743599899519746,3.14285714285714,-1.10534402928785,-0.500057585485928,-0.441823070627906,3.28571428571429,-0.427673587058,-0.470389542426875,-0.114317328879482,2.28571428571429,-1.39255152886983,-0.793573581307444,-0.614821298859764,3,-1.02679552811691,-0.519424521712884,-0.474953052665437,3,-0.707040745366978,-0.676073793600052,-0.287358562916125,1,-2.82396658014628,-2.07756284221257,-1.1680031544349,1.25,-1.19998286985605,-0.652396927195811,-0.294064227814672
"357",357,"female","white","yr1","Business","math02","Kinesthetic",1.5,-3.27045185817432,-2.03690541567485,-1.82352779411298,1.2,-1.54147424940241,-0.948382317528644,-0.385676943154122,3.33333333333333,2.432628915923,1.7982815834811,2.63465980674978,3.2,0.142102026476552,-0.0396462521140107,0.201709743673115,3.5,1.09979492031297,0.636206502065952,0.488814321601558,5,3.9261456704954,2.35256263097091,1.45105146459158,5,3.31367547972593,1.91915665923684,1.0979722632391,5,3.73679657201665,2.30646665724278,1.25687647338945,4.71428571428571,3.98689236177272,1.98468077885383,1.4784804498727,5,3.63061219171766,2.33893933302049,1.38525280960426,5,3.7350316100817,2.22691801750131,1.37973577599676,4,3.15362790427913,2.38216627044426,1.29809677028247,2.25,1.17099466696195,0.741016795613813,0.261838932591303
"358",358,"female","other","yr3","STEM","math02","Visual",5,2.60286850918202,1.82029657385926,1.54819490110066,3.2,2.52581178680589,1.80888964325033,0.657897990247306,2.66666666666667,-2.36823582098343,-1.4436769812168,-2.20258046486156,2.3,-2.80484767492785,-1.46170086008824,-0.975288329385863,2,-1.80546040927323,-1.21833755749866,-0.818334587621256,2,-2.77565306124309,-1.60538721146284,-1.02038122498092,3.42857142857143,-0.497147072263382,-0.166242094588571,-0.182823260340001,2.85714285714286,-1.45073973976019,-1.16663966730797,-0.494632322264636,2.85714285714286,-0.000996638057740917,-0.0865414175748927,0.103417978142844,2.42857142857143,-2.49721851599549,-1.4312524320176,-1.10921951756422,1.71428571428571,-3.54685922574368,-2.18237847163875,-1.28701396091801,2,-0.831435085337812,-0.59098647132696,-0.345969846195772,1.75,-0.25439383303648,-0.269623416582248,-0.178944914254476
"359",359,"female","white","yr5+","Health","stats","Kinesthetic",2.5,-1.60903209685404,-1.23884359066892,-1.08869440857429,1.4,-1.16592985028273,-0.784556226491391,-0.276973482685136,3.33333333333333,0.562630586274606,0.560279960804179,1.81552571955075,3.2,-0.0186840377677625,-0.176666800573999,-0.0787187485098929,1.83333333333333,-2.09447830567163,-1.41087663150292,-0.955721204528239,3.42857142857143,0.620525039760044,0.131722787625553,0.324654171720269,2.71428571428571,-2.20292155618232,-1.06462286545931,-0.754930546463546,3,-1.10849943536919,-0.866524269069518,-0.368265718307215,2.57142857142857,-0.500059029692004,-0.253555066581855,-0.0780538977937869,2,-3.16055016426396,-1.96463554209121,-1.12380619380041,2.14285714285714,-2.5882117712648,-1.77290422870975,-1.11232566604916,2,-0.833792108660722,-0.776919907898219,-0.331966807768785,1,-1.67277738826583,-0.843783682502592,-0.351623884594771
"360",360,"male","white","yr3","STEM","math03","Kinesthetic",4.75,2.2289954896576,1.5956607483922,1.46500415106062,2,0.0986487596530928,-0.105631437699262,0.0612367228465005,4,1.60483959166714,0.746636403969175,1.15103832237083,4.8,4.55316492028043,2.91979779763165,1.40294065046876,2.16666666666667,-1.4661602165411,-1.11615632429875,-0.662687830195099,3.42857142857143,0.492579575260363,0.285380174386926,0.220327285548606,3.85714285714286,0.623387963596081,0.121214742727466,0.252339462513798,3.42857142857143,-0.0884143370253584,-0.206140378217765,-0.0166656597281677,2.57142857142857,-0.838401374975465,-0.852898024011642,-0.338196338729244,3.14285714285714,-0.563585563176628,-0.589322297107265,-0.174622938854966,2.14285714285714,-2.59680316277571,-1.40263075504177,-1.02458559822622,2.33333333333333,-0.227185920231651,-0.0621146447552133,-0.15782289098837,1.25,-1.19998286985605,-0.652396927195811,-0.294064227814672
"361",361,"male","Black","yr1","Other","math02","Auditory",3,-0.796559651078032,-0.611663307017521,-0.67396127299609,3.6,3.32682302038883,1.91890310443651,0.865169641130428,1.33333333333333,-1.66165064145874,-0.394086590665713,-2.54249916049807,3,-0.693766893567773,-0.318577880021777,-0.257441991975146,3.83333333333333,1.64128640264342,1.26623534158318,0.744393457493722,5,3.9261456704954,2.35256263097091,1.45105146459158,5,3.31367547972593,1.91915665923684,1.0979722632391,5,3.73679657201665,2.30646665724278,1.25687647338945,4.71428571428571,3.91692481783239,2.02092129313915,1.35182138450471,4.42857142857143,2.31089437805978,1.5968769284137,0.835320986552601,5,3.7350316100817,2.22691801750131,1.37973577599676,2,-0.831435085337812,-0.59098647132696,-0.345969846195772,2,0.567149196251447,0.442914293512327,0.179146680586523
"362",362,"female","Black","yr2","Health","math02","Kinesthetic",3,-0.740027897384156,-0.421894562733497,-0.345033014295263,1.2,-1.5632102698131,-0.797748618983346,-0.442229098381723,2.33333333333333,-2.8893403236797,-1.53685520279929,-1.8703367662716,4.3,3.19009686554109,1.90597816899025,1.08794536926754,3,0.0949275067302644,0.11765192711224,0.0417608205515849,1.57142857142857,-4.17487552882878,-2.15139217212712,-1.71564845728991,3,-1.5022887175622,-0.935851535078486,-0.482348422389692,3,-1.19531703207861,-0.682642974251729,-0.410263191544454,3,0.198764881314983,0.110002156595873,0.0634153015406642,1.71428571428571,-3.88065165099966,-2.42349265117105,-1.53138793918002,3,-0.695527539605158,-0.324404277222061,-0.214983055590222,1.66666666666667,-1.48239801780865,-1.23429859811974,-0.588012633237163,2,0.567149196251447,0.442914293512327,0.179146680586523
"363",363,"female","white","yr1","Health","stats","Kinesthetic",4.25,1.33264230780553,0.851274275743358,0.703057225112161,3.2,2.53306711844633,1.57991628097079,0.635666633306057,3.33333333333333,-0.386362882712429,-0.493420007668577,-1.49163594484367,2.2,-3.02163705117795,-1.85112605363214,-0.988685930249529,1.5,-2.8058371431141,-1.83000820114485,-1.28083418132201,2.71428571428571,-1.01539457281189,-0.770529065123012,-0.31989938141868,3.28571428571429,-0.816638722355953,-0.402069027360828,-0.281600719566094,3.57142857142857,0.189044363245676,0.169234460516924,0.0420296095525103,1.85714285714286,-2.50140421191764,-1.15855349300686,-0.998134059095768,2.42857142857143,-2.17640529761337,-1.36487785005905,-0.859800268137062,2.14285714285714,-2.59217066772861,-1.71967390200908,-0.966622016867207,3,1.15873938614775,0.709656462987391,0.490066500470339,1,-1.67277738826583,-0.843783682502592,-0.351623884594771
"364",364,"male","white","yr1","Other","math02","Kinesthetic",3.25,-0.460064055898592,-0.637498669554319,-0.820836626784748,1.6,-0.716843162700103,-0.293984562619687,-0.224818440205471,3.66666666666667,0.144071156092395,-0.110442347996547,0.107850103762977,2.3,-2.75079738868935,-1.7636051146717,-0.932273985426209,1.83333333333333,-2.22643108423221,-1.20907575591269,-1.02288469107705,1.71428571428571,-3.51442703723918,-2.04479259682113,-1.30420980538915,3.14285714285714,-1.1430821166042,-0.490560059307042,-0.448364378610765,2.71428571428571,-1.91375174206722,-0.859415961609714,-0.64735575054874,2.14285714285714,-1.98611154983887,-0.448055587998444,-1.02197987277514,2.28571428571429,-2.48293376132974,-1.5543044137924,-0.897124110121515,2.85714285714286,-1.01157564468614,-0.771258261040408,-0.49897795293386,2,-0.831435085337812,-0.59098647132696,-0.345969846195772,1,-1.67277738826583,-0.843783682502592,-0.351623884594771
"365",365,"female","Black","yr3","Health","stats","Visual",2,-2.43063043001614,-1.48228768731004,-1.39050912686535,1.6,-0.737774245992565,-0.455952902556202,-0.180362371864268,3.66666666666667,-0.795592776786081,-0.874342878379771,-1.26758181343484,3,-0.693766893567773,-0.318577880021777,-0.257441991975146,3,0.0949275067302644,0.11765192711224,0.0417608205515849,2,-2.95055114556691,-1.63723870659404,-1.1446476715641,4,0.905693381081866,0.491652562079174,0.307811920424704,2,-3.66137383412625,-2.17719778999898,-1.2438330240114,2.57142857142857,-0.640921454613656,-0.472164560689827,-0.138245753677685,2,-3.30316942349232,-2.01342839661511,-1.31792396407969,3,-0.695527539605158,-0.324404277222061,-0.214983055590222,2.66666666666667,0.51013347699982,0.252277772765867,0.23402067500196,2,0.567149196251447,0.442914293512327,0.179146680586523
"366",366,"male","white","yr3","Business","math01","Auditory",2.5,-1.4777454944702,-0.548132470377175,-0.299633942216069,2.2,0.496468626978685,0.411370970167637,0.12450557517765,3.66666666666667,2.95373341861926,1.89145980506359,2.30241610815982,3,-0.693766893567773,-0.318577880021777,-0.257441991975146,3,0.0949275067302644,0.11765192711224,0.0417608205515849,2.85714285714286,-0.996059597920563,-0.395491760909583,-0.428319567183387,3,-1.5022887175622,-0.935851535078486,-0.482348422389692,3,-1.19531703207861,-0.682642974251729,-0.410263191544454,2.85714285714286,-0.413167626791137,-0.240280757454284,-0.400743070638036,3,-0.991908885088992,-0.562639153403243,-0.416865039518374,2.85714285714286,-1.00323082848412,-0.516420605065632,-0.35003795074367,3,1.16109640947066,0.89558989955865,0.476063462043351,3.75,4.43846382191361,2.45844100144773,1.06517156434154
"367",367,"female","white","yr3","Other","math02","Visual",4.25,1.33264230780553,0.851274275743358,0.703057225112161,2,0.0986487596530928,-0.105631437699262,0.0612367228465005,3,0.962530944239699,0.651403393425841,-0.340258159054674,3.3,0.351672011386186,0.111375462751062,0.222173350304338,5,3.98620410056276,2.58234944044327,1.82061697304004,4,1.63391339847463,1.02262885178259,0.58581841920635,3,-1.47022953252362,-0.771641999293202,-0.50075269527244,4,1.27073976996902,0.811911841495528,0.423306640922497,2.14285714285714,-1.66843779881507,-0.941619026278456,-0.607920632241974,4,1.31935165331434,0.888150089808624,0.484193885042945,3.85714285714286,1.2054269621127,0.58548161045748,0.448282420501316,1.66666666666667,-1.48004099448574,-1.04836516154848,-0.602015671664151,1,-1.67277738826583,-0.843783682502592,-0.351623884594771
"368",368,"female","white","yr2","Health","stats","Visual",5,2.60286850918202,1.82029657385926,1.54819490110066,3.4,2.87827578060143,1.93214145593975,0.711027835285326,3.33333333333333,0.553301050166047,0.270480522714647,-0.116204027645849,2.9,-0.762312237993835,-0.521342652931905,-0.0598375909017361,1.66666666666667,-2.53541520325794,-1.56113889228507,-1.16868855587668,2.57142857142857,-1.40094561579474,-1.03459819886431,-0.470715392730311,5,3.31367547972593,1.91915665923684,1.0979722632391,2.71428571428571,-1.91336272896857,-1.08084622292384,-0.64597148206934,1.57142857142857,-2.88138201063836,-1.58273387324551,-0.982039278925635,2.42857142857143,-2.26147583165074,-1.46533333507821,-0.947843139680823,2.42857142857143,-1.91687272480025,-1.58624560452323,-0.918522365043452,2.33333333333333,-0.182829176189881,-0.133607781105436,-0.089924020727394,1.5,-0.623032644819437,-0.513559309885433,-0.191628894219258
"369",369,"female","white","yr3","Health","stats","Auditory",3.25,-0.338805895477554,-0.269821292553021,-0.243556732585799,1.4,-1.11331864511224,-0.619778993593454,-0.289065832333255,3.66666666666667,1.08373508897087,0.653458182386678,1.48328202096079,3.9,2.02148252857358,1.26139987376385,0.619072374013697,2.5,-0.769530206456847,-0.782249591596875,-0.339390867205879,4,1.63391339847463,1.02262885178259,0.58581841920635,4.14285714285714,1.21755601936031,0.803764844634197,0.385935502172097,4,1.22945248895007,0.700140057905661,0.389263344832438,2.42857142857143,-0.854740115514415,-0.918005131247905,-0.123491807154209,3.57142857142857,0.333336081619731,0.257441064764938,0.150399449883983,2.42857142857143,-1.95063541773847,-1.37480533269069,-0.934924800961662,1.66666666666667,-1.48239801780865,-1.23429859811974,-0.588012633237163,1.25,-1.19998286985605,-0.652396927195811,-0.294064227814672
"370",370,"female","Black","yr1","Other","math02","Auditory",4.5,1.85512247013317,1.37102492292513,1.38181340102057,3.4,2.90001180101212,1.78150775739445,0.767579990512926,2,-1.54977603283613,-0.681831239794409,-2.65068872767921,4.4,3.66427711978099,2.19385575207599,1.22892840041954,2,-1.73001816380632,-1.3347118039483,-0.778782446886898,2,-2.79552159334855,-1.69442030227993,-0.99221121929942,2.28571428571429,-3.31631523418196,-1.96027741277936,-1.11367037375671,3,-1.19531703207861,-0.682642974251729,-0.410263191544454,1.57142857142857,-2.90864255916609,-1.34695642664169,-1.06819056634243,3,-0.991908885088992,-0.562639153403243,-0.416865039518374,2.85714285714286,-0.957806664339562,-0.769589792473079,-0.379904811989226,1,-2.82396658014628,-2.07756284221257,-1.1680031544349,3,2.81176885343061,1.98937901152019,0.80274124037061
"371",371,"female","white","yr2","Other","other","Kinesthetic",4,0.931420305898933,0.699201005562881,0.601580943402697,1.8,-0.319562743169736,-0.280792170127732,-0.0595628245088839,2.33333333333333,-0.0890075972613892,0.175247512171313,-1.60750050907135,3.7,1.49779263199098,0.814275356394961,0.499069576671722,2,-1.78190130231637,-1.22895114166351,-0.806756583703569,2,-2.76559964605572,-1.69475656888045,-0.979765215304081,3.57142857142857,-0.0670598649530733,-0.00785913655522474,-0.0293631733714553,2.85714285714286,-1.52876340462755,-1.01883097246996,-0.549645062850544,2.42857142857143,-1.13435305526152,-0.50058541451401,-0.500724979477143,2.42857142857143,-2.12717715585607,-1.47866171135636,-0.758600051208811,1.57142857142857,-3.87319282524429,-2.37831925896523,-1.50336538105501,1,-2.82396658014628,-2.07756284221257,-1.1680031544349,1.5,-0.618339572157551,-0.253792567892485,-0.0988048996164647
"372",372,"male","white","yr3","Business","math02","Kinesthetic",4,0.86669389917177,0.521292372845606,0.353229307904575,1.6,-0.747178899664676,-0.105585478687977,-0.258160698695188,2.66666666666667,1.37176083831335,1.03232626413703,-0.564312290463499,3.2,-0.148768387951111,-0.0966825873672083,-0.14139296225763,4.83333333333333,3.6888534914816,2.33220804993595,1.68411544935292,4.28571428571429,2.39771164975745,1.40802423371964,0.912309954651832,4.42857142857143,1.9826155408757,1.0646291902046,0.661962768855527,4.71428571428571,3.11006371970682,1.90911588358538,1.07846821136782,4.14285714285714,2.7883330019852,1.31825035727437,1.14209130126016,4.57142857142857,2.68925335798167,1.77388261112493,1.06408056649131,5,3.7350316100817,2.22691801750131,1.37973577599676,2.33333333333333,-0.182829176189881,-0.133607781105436,-0.089924020727394,1,-1.67277738826583,-0.843783682502592,-0.351623884594771
"373",373,"male","white","yr2","STEM","math03","Visual",2.75,-1.19778165298463,-0.763736577197997,-0.775437554705554,1.2,-1.54012986448896,-0.757174340635513,-0.386655482950756,3.66666666666667,1.08373508897087,0.653458182386678,1.48328202096079,2.4,-2.67604562442768,-1.31056351083617,-0.99616987247324,3,0.0949275067302644,0.11765192711224,0.0417608205515849,3,-0.658318873546137,-0.307304927405721,-0.279414626178877,3.71428571428571,0.256302430341505,0.00107609110619508,0.136895548252526,2.57142857142857,-2.18930723572726,-1.30735352585537,-0.718079130890105,3.28571428571429,0.933698843114612,0.410782290271308,0.453594472295427,3,-0.991908885088992,-0.562639153403243,-0.416865039518374,3.71428571428571,0.893837152918282,0.511429058545658,0.358706197952004,2.33333333333333,-0.180472152866971,0.0523256554658236,-0.103927059154382,2.25,1.03994371466123,0.634301048819108,0.236706337366621
"374",374,"female","white","yr2","Other","stats","Visual",4.25,1.48124945060875,1.14638909745807,1.29862265098053,2.8,1.72211178339605,1.31646022827789,0.452583418957452,3.66666666666667,-0.795592776786081,-0.874342878379771,-1.26758181343484,2.1,-3.1671333824426,-1.94646355185886,-0.948729975854389,2.66666666666667,-0.449285935250204,-0.411972356419704,-0.19530832466318,3.57142857142857,0.714328759470255,0.11299829069608,0.264804595015954,4.14285714285714,1.28818670523017,0.765723801263507,0.44460555235807,3.71428571428571,0.697013535578734,0.339507993292325,0.296870046120174,3,0.121274488680004,0.156274634016081,0.00755348812914765,4.14285714285714,1.64574876881093,1.08502523749642,0.581962597159281,4,1.4918195361638,0.797147107454796,0.45152642825512,2.33333333333333,-0.182829176189881,-0.133607781105436,-0.089924020727394,1.25,-1.19998286985605,-0.652396927195811,-0.294064227814672
"375",375,"female","white","yr3","STEM","math04","Kinesthetic",3.75,0.408940143571292,0.179450358381106,-0.0771752325057164,2,-0.0183655696312355,-0.131109613443118,0.00468083038062062,3.33333333333333,1.49296498304452,1.03438105309787,1.25922788955197,4,2.19888903357002,1.36733005929167,0.609240078532843,1.83333333333333,-2.10750717794437,-1.43637921760053,-0.957063780297923,2.71428571428571,-0.987452786308936,-0.683679855702662,-0.289818305430061,3,-1.44685334884614,-0.84835328356229,-0.470270441664893,2.85714285714286,-1.45107310355901,-0.758590913808603,-0.498245294415844,2.42857142857143,-1.17977079952379,-0.624571233528618,-0.639854280817954,3.71428571428571,0.859293462883,0.424183758159212,0.422760616446672,2.14285714285714,-2.61729743553766,-1.73614498448151,-1.00017744597226,2.33333333333333,-0.182829176189881,-0.133607781105436,-0.089924020727394,3.75,4.57420784687622,2.82492349023538,1.18312815416901
"376",376,"male","white","yr1","Business","math02","Visual",3,-0.740027897384156,-0.421894562733497,-0.345033014295263,3,2.11351123071005,1.21354757164919,0.515845625747307,3,0.0321965474697825,0.177302301132149,0.216039670944113,2.9,-1.14870764157174,-0.571741371524394,-0.494688316055443,3,0.0949275067302644,0.11765192711224,0.0417608205515849,3,-0.658318873546137,-0.307304927405721,-0.279414626178877,3,-1.5022887175622,-0.935851535078486,-0.482348422389692,3,-1.19531703207861,-0.682642974251729,-0.410263191544454,3,0.198764881314983,0.110002156595873,0.0634153015406642,3,-0.991908885088992,-0.562639153403243,-0.416865039518374,3,-0.695527539605158,-0.324404277222061,-0.214983055590222,2,-0.831435085337812,-0.59098647132696,-0.345969846195772,2,0.567149196251447,0.442914293512327,0.179146680586523
"377",377,"female","white","yr5+","STEM","other","Kinesthetic",3.5,0.0624161064290482,-0.117748022372544,-0.142080450876334,2,0.0769127392424039,0.0450022608460361,0.00468456761890011,3,-0.916796921517252,-0.876397667340607,-3.09112199345031,4,2.22513670478581,1.46575508256768,0.646995258224203,3.16666666666667,0.531292453878845,0.0628655336316112,0.252123922874044,3,-0.392617141342462,-0.38503171007855,-0.0774364853709881,3.42857142857143,-0.411077527348284,-0.00838301606459728,-0.154578522400253,3.57142857142857,0.218937140828395,0.094374280752359,0.078932092344526,3.14285714285714,0.317543302595875,-0.152885121746472,-0.0579430055622546,2.85714285714286,-1.1954956854226,-0.82798100960167,-0.423209486924846,2,-2.88986205469168,-1.93041730324067,-1.09745572516463,1.66666666666667,-1.52675476185042,-1.16280546176952,-0.655911503498139,2.5,1.58530562136206,0.354107039345428,0.266060757949878
"378",378,"female","other","yr1","Other","math01","Auditory",4,0.894042881553949,0.44872981755902,0.371514839573998,1.4,-1.18766587069342,-0.633922527946093,-0.333525637912736,3.66666666666667,1.08373508897087,0.653458182386678,1.48328202096079,3.6,1.26590229525498,0.731288433575322,0.465970261461472,1.83333333333333,-2.11737196779711,-1.53101247617278,-0.963302223383809,2.14285714285714,-2.40756369704059,-1.49675716407946,-0.836989333121822,2.71428571428571,-1.98639648354984,-1.43917188700841,-0.599265478336799,1.85714285714286,-3.86601796396364,-2.29022801059996,-1.2849899342828,2.42857142857143,-0.961638225980297,-0.295663259632991,-0.292325942792079,2.71428571428571,-1.45383778056434,-1.05755681806419,-0.548086817610263,2.85714285714286,-1.03829903087479,-0.668248641707979,-0.3350377810143,2,-0.831435085337812,-0.59098647132696,-0.345969846195772,1,-1.67277738826583,-0.843783682502592,-0.351623884594771
"379",379,"female","white","yr3","STEM","math02","Visual",3.5,0.0624161064290482,-0.117748022372544,-0.142080450876334,2,0.0927677874367212,-0.221736486819918,-0.0407566860602309,3.66666666666667,-0.795592776786081,-0.874342878379771,-1.26758181343484,5,5.14404030313939,3.25008804515714,1.55143250842355,3.66666666666667,1.45816354026012,0.820890219793486,0.67148517559618,3,-0.61144590536408,-0.359467316030746,-0.282556748816408,4.42857142857143,1.9561394190367,1.20251053128608,0.639816582439729,3.28571428571429,-0.509067319382366,-0.137016820304077,-0.199429272750896,4.28571428571429,2.87766259252371,1.34811429271778,0.905564652217917,4,1.54138747613842,0.806512587363133,0.701302022913251,4.14285714285714,1.8122784081824,1.21627580993565,0.71173826978596,3.33333333333333,1.80970231861859,1.35296858978018,0.732109287511729,3,2.80707578076872,1.72961226952725,0.709917245767817
"380",380,"female","Asian","yr1","Business","math03","Visual",3.75,0.557547286374509,0.474565180095818,0.518390193362656,1.8,-0.348554095220857,0.0988148906971088,-0.0938836227952359,3.66666666666667,-0.795592776786081,-0.874342878379771,-1.26758181343484,2.6,-1.82412807923084,-1.22157484668767,-0.628339609930525,2.16666666666667,-1.45313134426837,-1.09065373820115,-0.661345254425415,3.57142857142857,0.958692456669716,0.240689101609456,0.495600059584025,3.85714285714286,0.588820435720584,0.30477702550917,0.173975757404736,3.85714285714286,0.995184276308976,0.363974277249867,0.352583260581132,1.71428571428571,-2.66987461015837,-1.18283776424201,-1.04546010180531,3.71428571428571,0.921948147577816,0.466333312250256,0.426039169128943,2.71428571428571,-1.32508319371285,-0.894170701287539,-0.537395641003014,1.33333333333333,-2.13100392695658,-1.69167728834127,-0.844058458705541,1.5,-0.727188351446263,-0.461010171889029,-0.236504571034574
"381",381,"female","white","yr1","Business","math03","Kinesthetic",4.25,1.33264230780553,0.851274275743358,0.703057225112161,2,0.0025655136612267,0.0308587264933973,-0.0397752379605817,3,-0.907467385408693,-0.586598229251075,-1.1593922462537,3,-0.685197639062842,-0.60652758747891,-0.285993567770505,1.83333333333333,-2.13989656449988,-1.32992721233077,-0.97840377432875,2.57142857142857,-1.81643719167964,-0.856247186841544,-0.793325725857983,2.57142857142857,-2.43470607295669,-1.69812362614074,-0.788541564758074,2.71428571428571,-1.86333716540739,-1.19176553149899,-0.622714749656141,1.85714285714286,-2.10647546557018,-1.19065742470315,-0.55632181063786,2,-3.32303807527254,-2.02087698056956,-1.37836883421158,2.42857142857143,-1.98904620884946,-0.933620650862423,-0.70690504293269,1,-2.82396658014628,-2.07756284221257,-1.1680031544349,2.25,1.11720417561416,0.422487026031596,0.301325095772572
"382",382,"female","white","yr1","STEM","stats","Kinesthetic",3,-0.740027897384156,-0.421894562733497,-0.345033014295263,3,2.11351123071005,1.21354757164919,0.515845625747307,3,-0.907467385408693,-0.586598229251075,-1.1593922462537,3,-0.693766893567773,-0.318577880021777,-0.257441991975146,3,0.0949275067302644,0.11765192711224,0.0417608205515849,3,-0.658318873546137,-0.307304927405721,-0.279414626178877,3,-1.5022887175622,-0.935851535078486,-0.482348422389692,3,-1.19531703207861,-0.682642974251729,-0.410263191544454,3,0.198764881314983,0.110002156595873,0.0634153015406642,3,-0.991908885088992,-0.562639153403243,-0.416865039518374,3,-0.695527539605158,-0.324404277222061,-0.214983055590222,2,-0.831435085337812,-0.59098647132696,-0.345969846195772,3,2.80707578076872,1.72961226952725,0.709917245767817
"383",383,"female","white","yr2","STEM","math04","Auditory",4.25,1.31348797845664,0.911976719463195,0.604195070240032,1.2,-1.54012986448896,-0.757174340635513,-0.386655482950756,4,-0.246499665764139,0.0882336574713238,4.19536372956501,2.5,-2.16547240863527,-1.2391149305384,-0.716465755437534,4.16666666666667,2.36617167927452,1.55742875971477,1.08149609339017,4,1.64155996033688,0.99966548990581,0.622028554017219,3.14285714285714,-1.18961563162823,-0.627972499467877,-0.396747862903893,4.57142857142857,2.68119605998849,1.69946261551229,0.919383561252858,3.57142857142857,1.39100523967165,0.853141260393851,0.30778025245734,3.85714285714286,1.05560922251256,0.733424496211875,0.389703725608878,3.42857142857143,0.212919330166484,0.148606660380043,0.039599498073337,2.66666666666667,0.512490500322729,0.438211209337126,0.220017636574972,1,-1.67277738826583,-0.843783682502592,-0.351623884594771
"384",384,"female","white","yr1","Other","math02","Kinesthetic",4.25,1.24876157172948,0.734068086745921,0.355843434741911,1.4,-1.12057397675268,-0.390805631313912,-0.266834475392006,3.33333333333333,-0.37703334660387,-0.203620569579045,0.440093802352938,4.6,4.02615584305837,2.42581986552905,1.27971271305591,3.5,1.06844433635248,0.695616725561265,0.482494976002289,3.28571428571429,0.348563687978747,-0.0120323202610898,0.210797969903215,3.85714285714286,0.637766454503345,0.570215585933951,0.153631179525521,4.14285714285714,1.68259882048396,0.778860883561615,0.619085521293895,3,0.449751630471895,-0.0738657653137428,0.331737383019672,4.14285714285714,1.74329009653367,1.0839601598971,0.643329162988615,3.28571428571429,-0.0741654409242678,-0.144709347203238,-0.012540620886265,2.33333333333333,-0.182829176189881,-0.133607781105436,-0.089924020727394,1,-1.67277738826583,-0.843783682502592,-0.351623884594771
"385",385,"male","white","yr2","STEM","math02","Kinesthetic",3,-0.712678915001977,-0.494457118020084,-0.32674748262584,1.6,-0.768109982957139,-0.267553818624492,-0.213704630353986,3.66666666666667,0.144071156092395,-0.110442347996547,0.107850103762977,3.8,1.72107601422973,1.02860049679371,0.521680109428141,2.66666666666667,-0.459219490109287,-0.454171851442323,-0.204137227740822,3.28571428571429,0.112699247063684,0.0343476121745003,0.0612460972182271,3.42857142857143,-0.470404442673532,-0.171203824921175,-0.174638418284148,3.57142857142857,0.250654671625186,0.151527950643775,0.0717065823434495,3,0.104578376223458,0.135645747073899,-0.0788428862981691,3,-0.87207852541451,-0.658266328501603,-0.318453992429597,3,-0.680953609976441,-0.506090470019453,-0.205575073065637,3.33333333333333,1.80970231861859,1.35296858978018,0.732109287511729,1.75,-0.0413893471209421,-0.114954950582107,0.00363043397895002
"386",386,"male","white","yr1","STEM","math03","Kinesthetic",4,0.987952059592808,0.888969749846905,0.930509202103525,1.2,-1.54147424940241,-0.948382317528644,-0.385676943154122,3.66666666666667,0.144071156092395,-0.110442347996547,0.107850103762977,4.6,4.06842434945043,2.47720729640355,1.30625048273986,3.5,1.12165407218436,0.565870667058653,0.499918887484382,3.57142857142857,1.06548897107951,0.425525450300981,0.540431627986228,4.71428571428571,2.67697150330245,1.65081271194396,0.876879982536286,5,3.73679657201665,2.30646665724278,1.25687647338945,3.28571428571429,1.09274086599852,0.59607290070261,0.427115951717971,4.42857142857143,2.66554469674018,1.51401676602561,1.17735490556381,2.14285714285714,-2.585522949766,-1.84236111709143,-0.985393261264347,2,-0.831435085337812,-0.59098647132696,-0.345969846195772,1.25,-1.19998286985605,-0.652396927195811,-0.294064227814672
"387",387,"female","white","yr2","STEM","stats","Visual",2,-2.41147610066725,-1.54299013102988,-1.29164697199322,2,0.0769127392424039,0.0450022608460361,0.00468456761890011,2.33333333333333,-0.0890075972613892,0.175247512171313,-1.60750050907135,3,-0.693766893567773,-0.318577880021777,-0.257441991975146,3,0.0949275067302644,0.11765192711224,0.0417608205515849,3,-0.658318873546137,-0.307304927405721,-0.279414626178877,3,-1.5022887175622,-0.935851535078486,-0.482348422389692,3,-1.19531703207861,-0.682642974251729,-0.410263191544454,3,0.198764881314983,0.110002156595873,0.0634153015406642,3,-0.991908885088992,-0.562639153403243,-0.416865039518374,3,-0.695527539605158,-0.324404277222061,-0.214983055590222,2,-0.831435085337812,-0.59098647132696,-0.345969846195772,1.75,-0.0413893471209421,-0.114954950582107,0.00363043397895002
"388",388,"male","white","yr2","Other","math04","Kinesthetic",2.75,-1.11390091690858,-0.64653038820056,-0.428223764335304,1.2,-1.54147424940241,-0.948382317528644,-0.385676943154122,3.66666666666667,2.01406948574079,1.12755927468037,0.926984190962007,3.8,1.6632365703966,1.08028773972302,0.514864999330024,4.33333333333333,2.68538144022707,1.73723431521478,1.22910218296012,4.57142857142857,2.99744496673003,1.76034611616447,1.094474823669,4.42857142857143,1.9842175969789,1.19688855741296,0.685757728944778,4.85714285714286,3.346425380341,2.07929977407778,1.11239961163814,3.14285714285714,0.464393890421522,0.159838947250198,0.122342406461169,4.42857142857143,2.37532703617045,1.47548690081867,0.93963554866054,4,1.54138087474224,0.748438761813702,0.469741175259433,1.66666666666667,-1.48239801780865,-1.23429859811974,-0.588012633237163,1.5,-0.623032644819437,-0.513559309885433,-0.191628894219258
"389",389,"male","Black","yr2","STEM","math03","Kinesthetic",3.25,-0.311456913095375,-0.342383847839607,-0.225271200916375,1,-1.95968575222524,-1.12354304995711,-0.506476490509507,3,-0.907467385408693,-0.586598229251075,-1.1593922462537,4,2.22513670478581,1.46575508256768,0.646995258224203,3.83333333333333,1.74321519456535,1.09985929327044,0.794687373108686,3.14285714285714,-0.243356541161583,-0.250837268647366,-0.0991648569573121,4.14285714285714,1.27277891433644,0.611791213700446,0.423255834685976,3.57142857142857,0.306841115619638,-0.0156699865343828,0.144498025768565,3,0.380183574960479,-0.159120825886893,0.255032964685096,3.71428571428571,0.656939766733479,0.470212795212078,0.260626146543741,3.14285714285714,-0.36639120561571,-0.342334338995536,-0.292120271498067,2,-0.831435085337812,-0.59098647132696,-0.345969846195772,1.25,-1.19998286985605,-0.652396927195811,-0.294064227814672
"390",390,"female","other","yr1","STEM","stats","Visual",4.75,2.16426908293044,1.41775211567492,1.21665251556249,2,0.0999931445665452,0.0855765391938692,0.0602581830498663,3.33333333333333,1.49296498304452,1.03438105309787,1.25922788955197,2.7,-1.33042002093122,-0.988019041786504,-0.168312367824871,1.66666666666667,-2.48906154708475,-1.52674170410294,-1.14028897484079,2.57142857142857,-1.40816548512174,-0.990855356507489,-0.484884580681933,3.57142857142857,-0.162379316993349,-0.0809663714076058,-0.0932157442667158,3.14285714285714,-0.906138994906983,-0.49409299365271,-0.33363955113453,4,2.49167422867128,1.22290148688553,0.941214266633891,3.28571428571429,-0.265191157788278,-0.418959914828891,-0.136702576513277,3.42857142857143,0.21900859544124,0.0595979838157462,0.095130325266124,2.33333333333333,-0.182829176189881,-0.133607781105436,-0.089924020727394,1.5,-0.623032644819437,-0.513559309885433,-0.191628894219258
"391",391,"female","white","yr2","Health","stats","Auditory",3.25,-0.403532302204717,-0.447729925270295,-0.49190836808392,2,0.0329012506258004,-0.157540357438312,-0.00643297947086385,3,0.971860480348258,0.941202831515373,1.59147158814193,4,2.22513670478581,1.46575508256768,0.646995258224203,2.66666666666667,-0.50286902884572,-0.365933944977365,-0.223755899514714,3.14285714285714,-0.143273211522774,-0.253672594311493,-0.00183736372521366,4.28571428571429,1.54489932175126,0.982531581954022,0.487848804408281,3.57142857142857,0.306841115619638,-0.0156699865343828,0.144498025768565,3.57142857142857,1.48207612550751,0.593380914419138,0.614147660625736,3.71428571428571,0.627393751650733,0.548388191116755,0.214399597582864,2.71428571428571,-1.32439941396579,-0.766636930956546,-0.564917572165939,1.66666666666667,-1.48239801780865,-1.23429859811974,-0.588012633237163,1,-1.67277738826583,-0.843783682502592,-0.351623884594771
"392",392,"female","white","yr1","Other","math03","Kinesthetic",3.5,0.146296842505102,-0.000541833375106965,0.205133339493916,1,-1.95968575222524,-1.12354304995711,-0.506476490509507,3,0.971860480348258,0.941202831515373,1.59147158814193,2.9,-0.794925615642232,-0.622471263671446,-0.0986387425922291,1.16666666666667,-3.44888405960284,-2.20995334528907,-1.57568356945969,2.85714285714286,-0.628990144758555,-0.464900970421627,-0.125001476388555,3.85714285714286,0.646668308195372,0.520301397289313,0.217325675957192,3.85714285714286,0.91379054398461,0.697346999372665,0.267471316709718,2.28571428571429,-1.59806933347953,-0.535918607787952,-0.761838136205292,3.85714285714286,1.29303608679566,0.687237876815723,0.615397410823381,3.14285714285714,-0.381539191057954,-0.214268344651665,0.0751595928734672,2.33333333333333,-0.182829176189881,-0.133607781105436,-0.089924020727394,1.5,-0.623032644819437,-0.513559309885433,-0.191628894219258
"393",393,"female","white","yr1","Health","stats","Kinesthetic",3.5,-0.00231030029811435,-0.295656655089819,-0.390432086374456,1.6,-0.696451527202866,-0.635826238058116,-0.167287745181236,3,-0.907467385408693,-0.586598229251075,-1.1593922462537,2.3,-2.73158886949437,-1.65912142023539,-0.887707776433633,4,2.02930565146559,1.33178658497296,0.93291021905275,2.71428571428571,-1.15804851252199,-0.900133406032278,-0.387333685012998,3.85714285714286,0.539276443022224,0.323043594478752,0.161601005756464,2.85714285714286,-1.46626548988277,-0.834689358150362,-0.488504471272508,2.57142857142857,-0.959233648763276,-0.376934920047538,-0.512629382612145,3.57142857142857,0.35124023487844,0.385372181058394,0.104337108425689,2.14285714285714,-2.58499043079415,-1.57959350868856,-1.04188504390863,4,3.15362790427913,2.38216627044426,1.29809677028247,1.75,-0.150238126409654,-0.322172554578652,-0.134069237439159
"395",395,"female","white","yr2","STEM","math03","Auditory",4.25,1.26791590107837,0.673365643026083,0.454705589614039,2.6,1.24030209357761,0.967996514521685,0.364143853056871,3,0.962530944239699,0.651403393425841,-0.340258159054674,2.3,-2.67411606026631,-1.68260732091827,-0.783385764792697,1.83333333333333,-2.13106628490123,-1.42576563343567,-0.968641784215611,3.57142857142857,0.667644185554184,0.453711965453465,0.180585639477562,3.28571428571429,-0.815159679505494,-0.454772590284393,-0.304890742234655,3.14285714285714,-0.745039966917905,-0.5286309721106,-0.231976404541812,2.28571428571429,-1.34043357606509,-0.62042030646625,-0.55274650057083,3.71428571428571,0.739276578102856,0.476753883910498,0.318878367193386,2.28571428571429,-2.28894861312153,-1.34584826527008,-0.860560851591414,2,-0.831435085337812,-0.59098647132696,-0.345969846195772,1.75,-0.118649808073874,0.096859072205405,-0.060988324427001
"396",396,"female","other","yr1","STEM","stats","Kinesthetic",4,0.810162145477895,0.331523628561582,0.0243010492037478,1.8,-0.370829563426772,-0.254361426132537,-0.0484490146573995,3.33333333333333,-0.386362882712429,-0.493420007668577,-1.49163594484367,3,-0.294955193260109,-0.617776810473629,0.304351943902153,1.33333333333333,-3.1314430187421,-2.03743627708187,-1.43114137791636,1.28571428571429,-4.58174170749283,-2.70331313406098,-1.74040921084356,1.42857142857143,-5.20588215824614,-3.17044381757929,-1.68616390667465,2,-3.54493215461312,-2.13794352476196,-1.20631237679425,2.28571428571429,-1.62396466931126,-1.22168755201222,-0.748040682512142,1.71428571428571,-3.83309363160766,-2.58545637958141,-1.46428575904004,2,-2.9203021005183,-1.40586947976444,-0.77066966557783,2.66666666666667,0.46577673295805,0.323770909116089,0.166121804740984,1.5,-0.487288619856831,-0.14707682109778,-0.0736723043917831
"397",397,"female","white","yr1","Business","math02","Visual",2.75,-1.0865519345264,-0.719092943487147,-0.409938232665881,1.4,-1.16458546536928,-0.59334824959826,-0.27795202248177,2.66666666666667,-0.498237491335041,-0.205675358539881,-1.38344637766253,3.7,1.55935027106817,0.929996474668526,0.695061829343691,3,0.0867626719629979,0.0827409193824294,0.0359958155005625,2.85714285714286,-1.09795844032425,-0.526654372780386,-0.503368086627497,3,-1.50729902464503,-0.810614789093467,-0.538061003662267,3.14285714285714,-0.74333553202346,-0.473182600959871,-0.236109357002202,2,-1.97613536020839,-0.792658951613561,-0.747031126712378,2.85714285714286,-1.30313556999487,-0.725497581118319,-0.590486743987121,4.42857142857143,2.47463638764682,1.42108972106042,1.00232523037153,2,-0.831435085337812,-0.59098647132696,-0.345969846195772,1,-1.67277738826583,-0.843783682502592,-0.351623884594771
"398",398,"female","Black","yr1","STEM","math02","Auditory",4.75,2.2289954896576,1.5956607483922,1.46500415106062,3.8,3.74718384524334,1.9726697752763,1.08599887225798,2,-2.48011042960605,-1.1559323320881,-2.09439089768042,3.6,0.887625585138936,0.580660903241722,0.0750721256703744,1.83333333333333,-2.07578323622024,-1.41208179403557,-0.939720771329214,1.85714285714286,-3.13368901025822,-1.80338661626383,-1.16315710716318,2.42857142857143,-2.90796034937866,-1.92216947039843,-0.912682547571441,2.57142857142857,-2.27902743339813,-1.36391504023388,-0.756691657201045,1.57142857142857,-2.87112474979967,-1.48452521892883,-1.04786705046393,2,-3.19042357941622,-2.02209964051216,-1.25344305307067,2,-2.91080711444858,-1.60006542458375,-1.01234247138371,1.66666666666667,-1.48239801780865,-1.23429859811974,-0.588012633237163,1.75,-0.0144941014470479,0.0443099342090012,-0.0161126476116847
"399",399,"female","white","yr1","Business","math03","Visual",3.25,-0.338805895477554,-0.269821292553021,-0.243556732585799,1.6,-0.702362473929846,-0.215644898885442,-0.146034928036622,4,0.674505194897219,0.272535311675484,1.70733615236962,3,-0.668626213441249,-0.490351589997211,-0.211747077714885,2.5,-0.907883392033809,-0.370557774992049,-0.427799656237904,3,-0.658318873546137,-0.307304927405721,-0.279414626178877,3,-1.5022887175622,-0.935851535078486,-0.482348422389692,3.28571428571429,-0.442572750033503,-0.191419821658851,-0.153065476214537,2.85714285714286,-0.00458122734454759,0.098407882095208,0.0163632608651588,2.85714285714286,-1.35058573833632,-0.775253301507098,-0.590650951489704,2.85714285714286,-0.996538576903244,-0.496745700784986,-0.298222120504711,2,-0.831435085337812,-0.59098647132696,-0.345969846195772,2,0.567149196251447,0.442914293512327,0.179146680586523
"400",400,"male","white","yr2","Business","math03","Visual",1.75,-2.96130524537706,-1.99017822292506,-1.98868867957106,1.2,-1.53287453284852,-0.986147702915055,-0.408886839892005,3.33333333333333,1.49296498304452,1.03438105309787,1.25922788955197,2.9,-0.967925736695834,-0.45295223371591,-0.317079076869342,3.16666666666667,0.402142905664171,0.462426576191808,0.184500787324599,2.85714285714286,-0.859771802088291,-0.670450884393522,-0.309430074948979,3.71428571428571,0.382728767304234,0.198389039653536,0.136622890381258,4.57142857142857,2.62338363449652,1.60663560637276,0.882824952020538,2.85714285714286,-0.203757628295679,-0.113727975898929,-0.178277769169868,4,1.31935165331434,0.888150089808624,0.484193885042945,4.85714285714286,3.43000872540895,2.01132806102109,1.29519524325941,2,-0.831435085337812,-0.59098647132696,-0.345969846195772,1.25,-1.19998286985605,-0.652396927195811,-0.294064227814672
"401",401,"male","white","yr1","Health","math02","Kinesthetic",2.5,-1.51512291881518,-0.798603658381037,-0.529700046044768,2,0.0978438225348661,0.206970600782551,-0.0397715007223022,3,-0.907467385408693,-0.586598229251075,-1.1593922462537,3.1,-0.419608050439711,-0.184203526327643,-0.19780490708095,2.33333333333333,-1.23591914024408,-0.692038370838758,-0.566623540462184,2.42857142857143,-1.87120289933603,-1.15527300279267,-0.685467328426145,2.85714285714286,-1.87209506739362,-0.987690250582717,-0.669317962853694,3,-1.14040720754808,-0.830258774308503,-0.370319635385836,1.85714285714286,-2.28046362371744,-1.16468581835949,-0.803108688244409,3.14285714285714,-0.513215147061517,-0.402595131050675,-0.139196878293759,3.14285714285714,-0.376011518744636,-0.309350703025276,-0.0972276061191848,1.66666666666667,-1.48004099448574,-1.04836516154848,-0.602015671664151,1.5,-0.509490792868839,-0.0465749638959398,0.0388947718016447
"402",402,"female","white","yr2","STEM","math03","Kinesthetic",4.25,1.33264230780553,0.851274275743358,0.703057225112161,1.4,-1.16458546536928,-0.59334824959826,-0.27795202248177,2.66666666666667,-2.36823582098343,-1.4436769812168,-2.20258046486156,3.1,-0.25144845514868,-0.243882273254033,0.040753157265836,2.16666666666667,-1.53393519415663,-0.811430332511358,-0.707122049211429,2.57142857142857,-1.87138341425919,-0.801900916819777,-0.848434684890568,2.28571428571429,-3.15031106226089,-2.07176349299875,-0.979866745246339,3,-1.31150380118984,-0.925369417821176,-0.476270748342803,2.71428571428571,-0.536404477795969,0.316954006924366,-0.354872674700871,3.28571428571429,-0.346385694799852,-0.124989976173419,-0.260728953529966,2.57142857142857,-1.59939486524055,-1.21093722140944,-0.558607144899593,1.66666666666667,-1.52439773852751,-0.976872025198263,-0.669914541925127,1.75,0.0170942168887322,0.463341560993058,0.0569682654004736
"403",403,"male","Asian","yr3","STEM","stats","Visual",1.5,-3.18657112209827,-1.91969922667742,-1.47631400374273,1,-1.95968575222524,-1.12354304995711,-0.506476490509507,3.33333333333333,0.553301050166047,0.270480522714647,-0.116204027645849,5,5.14404030313939,3.25008804515714,1.55143250842355,2.33333333333333,-1.17557907989903,-0.977345101288717,-0.539911076901815,3.57142857142857,1.0738313024121,0.304223713578414,0.554994234048972,4,1.03064067519414,0.74166907355008,0.330829285221997,4,1.36244162764779,0.591334055196113,0.481990937905155,3.14285714285714,0.718775897076,0.0894632911347768,0.216309966374288,4.42857142857143,2.66554469674018,1.51401676602561,1.17735490556381,2,-2.92795771645726,-1.9305661544656,-1.26149669545016,1.33333333333333,-2.13100392695658,-1.69167728834127,-0.844058458705541,1.25,-1.19998286985605,-0.652396927195811,-0.294064227814672
"404",404,"female","white","yr1","Health","stats","Kinesthetic",3.25,-0.338805895477554,-0.269821292553021,-0.243556732585799,1.8,-0.298631659877274,-0.118823830191217,-0.104018892850086,3.33333333333333,-0.37703334660387,-0.203620569579045,0.440093802352938,3.2,-0.0131924119800764,-0.158191762970864,0.0748984444752188,2.5,-0.837305184072375,-0.477523599809479,-0.383825086222208,3.14285714285714,-0.204665570000921,-0.351695791490414,-0.0501153000399816,4.14285714285714,1.24482374964699,0.80237611770549,0.424399670938739,4.14285714285714,1.59469484569272,0.888905150848357,0.553519587869856,3.28571428571429,1.07951149938554,0.446668136488726,0.623600848884137,3.14285714285714,-0.548288315195101,-0.402437548707389,-0.20275609360533,3.28571428571429,-0.0490386731152248,-0.128238264730802,0.0210148082187905,1.66666666666667,-1.48004099448574,-1.04836516154848,-0.602015671664151,1,-1.67277738826583,-0.843783682502592,-0.351623884594771
"405",405,"female","white","yr1","Other","math01","Kinesthetic",2.75,-1.25431340667851,-0.953505321482022,-1.10436581340638,1.8,-0.327623011928395,0.260783230633624,-0.138339691136438,3,-1.83780178217861,-1.06069932154477,-0.603094416254917,1.8,-4.01407767045523,-2.71810906177745,-1.07576680340696,3.16666666666667,0.460053093426958,0.0630673258321547,0.222696563255043,3.42857142857143,0.61234304273865,0.0830266534075305,0.37684585127513,3.71428571428571,0.243848831171738,0.36052971232726,0.102329757755289,5,3.73679657201665,2.30646665724278,1.25687647338945,3.71428571428571,1.5291218723567,0.48600407344104,0.29341583769428,4.14285714285714,1.75348138501136,1.17703272371068,0.717992354291505,4.14285714285714,1.84888836922772,0.933326808366151,0.505239144295425,4,3.15362790427913,2.38216627044426,1.29809677028247,1,-1.67277738826583,-0.843783682502592,-0.351623884594771
"406",406,"female","white","yr1","Other","stats","Visual",3.5,0.0350671240468692,-0.0451854670859573,-0.160365982545758,1.4,-1.15733013372885,-0.822321611877803,-0.300183379423019,3.66666666666667,0.153400692200954,0.179357090092986,2.03957985095958,3,-0.665017842591004,-0.433344066000778,-0.205842019161559,3.16666666666667,0.494206907733355,0.201417269306808,0.228556259853678,3.71428571428571,1.09273958476818,0.658481537311802,0.424533101425018,4.28571428571429,1.56157368175552,0.80428872414357,0.511150851200895,4,1.30714279001861,0.960380116567019,0.440663113267137,3.85714285714286,2.14263531392782,1.17455028101147,0.784355797639419,4.28571428571429,2.00976625000343,1.33260014981459,0.767609973316797,3.57142857142857,0.557366324442565,0.173003035758142,0.0913534505319751,4,3.15362790427913,2.38216627044426,1.29809677028247,1.75,-0.150238126409654,-0.322172554578652,-0.134069237439159
"407",407,"female","Black","yr3","Health","stats","Visual",3,-0.796559651078032,-0.611663307017521,-0.67396127299609,2.6,1.24033206808822,0.431710126228355,0.240897627005526,3.66666666666667,-0.786263240677522,-0.584543440290239,0.664147933761763,3.1,-0.419608050439711,-0.184203526327643,-0.19780490708095,3.5,1.10899855767526,0.624075728021323,0.509599975084138,2.57142857142857,-1.59760842765802,-0.881811580889347,-0.588205462412563,4.14285714285714,1.19448814850095,0.684150072522299,0.395706936939623,4.14285714285714,1.54551944524897,1.16915869206296,0.439745947824057,3.57142857142857,1.3187959169128,0.54586683281628,0.333663601306978,3.42857142857143,0.0723870812007996,0.0868188884088424,0.0434513059064952,3.14285714285714,-0.39963698270775,0.0445748042682975,-0.0626287147543647,1.66666666666667,-1.52439773852751,-0.976872025198263,-0.669914541925127,2.75,2.19853723739633,1.17174302543281,0.534400999160244
"408",408,"female","white","yr1","Business","math02","Visual",4.25,1.48124945060875,1.14638909745807,1.29862265098053,3,2.07299344903857,1.08081886866929,0.603779222633077,2.66666666666667,-2.36823582098343,-1.4436769812168,-2.20258046486156,2.7,-1.52346016465245,-0.835715989097045,-0.448163363764387,3.33333333333333,0.763302250267683,0.494271974384415,0.351252110633579,3,-0.658318873546137,-0.307304927405721,-0.279414626178877,3,-1.5022887175622,-0.935851535078486,-0.482348422389692,3,-1.19531703207861,-0.682642974251729,-0.410263191544454,3,0.14950119084129,0.0442184140502737,0.0665099319396555,3.14285714285714,-0.668305199975244,-0.349867422956103,-0.306638342858616,3,-0.695527539605158,-0.324404277222061,-0.214983055590222,2.33333333333333,-0.138472432148111,-0.205100917455658,-0.0220251504664182,2,0.567149196251447,0.442914293512327,0.179146680586523
"409",409,"male","white","yr3","STEM","math04","Visual",2.75,-1.17043267060245,-0.836299132484584,-0.757152023036131,1.8,-0.284150971107017,-0.0404841664569719,-0.0252353806812374,3.66666666666667,1.08373508897087,0.653458182386678,1.48328202096079,4.1,2.55761145074589,1.63064168829252,0.799212635694222,2.83333333333333,-0.185427987984983,-0.193416876770161,-0.0792137079713813,3.28571428571429,0.0525133159470013,0.04525124853222,-0.0256671217592605,4,0.882317197404383,0.568363846348262,0.277329666817157,3,-1.06643633597015,-0.664061771801425,-0.279938348777351,2.42857142857143,-1.09079588270616,-0.594238399317181,-0.378131964666444,3.71428571428571,0.7420700084857,0.460857301151151,0.306420382649965,3.57142857142857,0.557883240288743,0.348471907189436,0.337247443193887,2.33333333333333,-0.138472432148111,-0.205100917455658,-0.0220251504664182,1.25,-1.19998286985605,-0.652396927195811,-0.294064227814672
"410",410,"female","white","yr5+","Health","stats","Kinesthetic",2.25,-2.03760308114282,-1.31835430556281,-1.20845622195318,2.6,1.29882424547508,0.712592408246948,0.330798686264138,2.33333333333333,-0.0890075972613892,0.175247512171313,-1.60750050907135,2.5,-2.24380177287123,-1.26068074627746,-0.793196776776471,2.83333333333333,-0.252537520769127,-0.0194403138174764,-0.119650941925594,2.71428571428571,-1.19227281792558,-0.715195084233337,-0.426530756008587,2.28571428571429,-3.22462082100002,-1.82957312451849,-1.07176106238049,2.71428571428571,-1.92324303889245,-1.11861065047512,-0.656524674907471,3.14285714285714,0.518208323815581,0.164394616763714,0.179107649733572,2.71428571428571,-1.65984792472069,-1.05859426156118,-0.657765444368273,2.71428571428571,-1.31226556053154,-0.77525909446316,-0.435879951303892,2,-0.831435085337812,-0.59098647132696,-0.345969846195772,1.5,-0.591444326483657,-0.0945276831013762,-0.118547981207099
"411",411,"female","white","yr1","Business","math03","Kinesthetic",3.75,0.557547286374509,0.474565180095818,0.518390193362656,2.8,1.68670001133333,1.07615222460713,0.418255975129805,3.33333333333333,-0.37703334660387,-0.203620569579045,0.440093802352938,3,-0.693766893567773,-0.318577880021777,-0.257441991975146,1.5,-2.78227803615724,-1.8406217853097,-1.26925617740432,1.57142857142857,-3.95363991148205,-2.24336256171575,-1.50612231897852,2.57142857142857,-2.57522987025966,-1.33899665354551,-0.900844690208312,1.57142857142857,-4.77967103261573,-2.84033234938738,-1.63457136912573,2.57142857142857,-0.565527030996909,-0.228343857923885,-0.127029032283055,1.14285714285714,-5.25575310864832,-3.25160349172312,-2.04519697666968,1.57142857142857,-3.85636334468831,-2.21615911922355,-1.40054822353302,2,-0.831435085337812,-0.59098647132696,-0.345969846195772,1.75,-0.0366962744590559,0.144811791410841,0.0964544285817431
"412",412,"female","other","yr2","Other","math02","Visual",4,0.958769288281112,0.626638450276295,0.61986647507212,2.6,1.3098112273002,0.721118156676744,0.310531054457453,2.66666666666667,-2.36823582098343,-1.4436769812168,-2.20258046486156,1.8,-4.19400534299854,-2.65245097055205,-1.30333733630827,2,-1.89699997369376,-0.964014319833447,-0.892020572195591,2.42857142857143,-1.88090927363023,-1.28279543541261,-0.727124074292788,3,-1.51106755800148,-0.700974416301924,-0.498957936063551,3.14285714285714,-0.899049497959365,-0.585613964783215,-0.342521866022809,3,0.0967707545240341,0.107210548776377,-0.213276709254836,2.42857142857143,-2.13457501395092,-1.58763085792928,-0.845721227055122,3.85714285714286,1.21545746393085,1.00556280335339,0.540900970939089,3,1.16345343279357,1.08152333612991,0.462060423616363,1.5,-0.623032644819437,-0.513559309885433,-0.191628894219258
"413",413,"female","white","yr3","Business","math03","Visual",3.5,0.211023249232265,0.177366799342168,0.453484974992038,1.4,-1.16592985028273,-0.784556226491391,-0.276973482685136,2.66666666666667,-2.35890628487487,-1.15387754312726,-0.270850717664956,4.3,3.33877283880844,1.93606858816602,1.17168913731999,2.33333333333333,-1.19293504633903,-0.649526848469006,-0.551001853750409,2.42857142857143,-1.99192849450871,-1.04535845838812,-0.775625026646186,2,-3.91027081620626,-2.36335563223615,-1.27250876520409,2.85714285714286,-1.49607981406857,-0.964405753552748,-0.493307072332118,2,-1.97486203134235,-1.02355271283824,-0.708643285790892,2.57142857142857,-1.76589339733155,-1.32500119535892,-0.602743325945411,2,-2.91080711444858,-1.60006542458375,-1.01234247138371,1.33333333333333,-2.13100392695658,-1.69167728834127,-0.844058458705541,1.25,-1.19998286985605,-0.652396927195811,-0.294064227814672
"414",414,"female","white","yr1","Health","stats","Auditory",3.25,-0.311456913095375,-0.342383847839607,-0.225271200916375,2.2,0.490048206967088,-0.208544094327963,0.124498929636356,3,-0.907467385408693,-0.586598229251075,-1.1593922462537,3.7,1.38818058143811,0.958227653910262,0.419341292404785,3,0.224450412708575,-0.198201468387685,0.120407619470471,3,-0.724098246139266,-0.25173665302294,-0.314463365366332,3.85714285714286,0.597934763152538,0.534334719314481,0.212427902047326,2.71428571428571,-1.84609234123962,-1.04455851060039,-0.545323612093176,3.28571428571429,0.839512338023087,0.436425880749334,0.311336284456594,3.85714285714286,0.910896983182193,0.922281817467094,0.302396654511419,3.28571428571429,-0.0808047415942957,-0.0679053918659106,0.0826486658795974,2.33333333333333,-0.138472432148111,-0.205100917455658,-0.0220251504664182,2.5,1.61689393969784,0.773138666129486,0.339141670962036
"415",415,"female","white","yr4","Other","math04","Kinesthetic",4.5,1.77124173405712,1.2538187339277,1.03459961065032,1.6,-0.739118630906017,-0.647160879449333,-0.179383832067634,4.33333333333333,0.265275300823567,-0.10838755903571,1.93139028377844,2.9,-0.96156003026323,-0.450248646252379,-0.316033104870208,4.83333333333333,3.66059822493476,2.37492136450625,1.67030977644569,3.42857142857143,0.267548284358881,0.330538102461501,0.0507151930184878,3.57142857142857,-0.0894067486440925,-0.226216107929561,0.0602125736813703,4.14285714285714,1.52820027634386,0.943308152203131,0.507155791333498,2.57142857142857,-0.749987741385404,-0.63661854763764,-0.312009922690622,3.71428571428571,0.605892858100053,0.263579615193353,0.270669146748542,2.71428571428571,-1.2940538558917,-1.1785162041014,-0.718512684505718,3,1.16109640947066,0.89558989955865,0.476063462043351,1.5,-0.727188351446263,-0.461010171889029,-0.236504571034574
"416",416,"male","white","yr2","Other","stats","Visual",2,-2.32759536459119,-1.42578394203244,-0.944433181622972,1.6,-0.725442879253988,-0.256219177233275,-0.201608543467588,3,1.90219487711818,1.41530392380907,1.03517375814314,3.4,0.591228987557874,0.364414514965856,0.275588032199657,3.66666666666667,1.45816354026012,0.820890219793486,0.67148517559618,3.14285714285714,-0.250576410488586,-0.207094426290541,-0.113334044908934,3.85714285714286,0.552684404507447,0.446533918896416,0.191229409511128,3.71428571428571,0.600704642044073,0.264194599244712,0.245703648524205,3.14285714285714,0.542191887655457,0.682723524574938,0.166597966717639,3.85714285714286,1.16042159093934,0.688460536758323,0.490471629682477,3.71428571428571,0.888395551064908,0.539726126332918,0.281484407328916,2,-0.831435085337812,-0.59098647132696,-0.345969846195772,1.25,-1.19998286985605,-0.652396927195811,-0.294064227814672
"417",417,"female","white","yr2","STEM","math02","Kinesthetic",1.75,-2.84188087388554,-1.95739470078096,-1.70376598073409,1.8,-0.319562743169736,-0.280792170127732,-0.0595628245088839,4,2.54450352454561,1.5105369343524,2.52647023956865,4.1,2.48600228999156,1.49356491006815,0.696456172495063,2.66666666666667,-0.479309921888858,-0.376547529142217,-0.212177895597026,3,-0.473367374034953,-0.364822789692137,-0.114532169918854,4.42857142857143,2.00031282227541,1.16162496789969,0.667499441597466,3.42857142857143,0.0172740653493616,0.0172102941807289,0.066490116879241,2,-1.9915581437989,-1.04418159978042,-0.795039660218208,3.57142857142857,0.478327577683925,0.306131707554402,0.211930223215898,2.85714285714286,-1.00903508863187,-0.447316717469192,-0.253400743659376,4,3.15362790427913,2.38216627044426,1.29809677028247,1.75,-0.0413893471209421,-0.114954950582107,0.00363043397895002
"418",418,"female","white","yr1","Health","math02","Kinesthetic",3.5,0.0350671240468692,-0.0451854670859573,-0.160365982545758,1.8,-0.372173948340224,-0.445569403025668,-0.0474704748607653,2.66666666666667,0.450755977651994,0.848024609932875,1.92371528673189,2.8,-1.24569295067414,-0.644334111406478,-0.382621220316864,1.33333333333333,-3.13857334325528,-1.88187560513452,-1.44042992999464,2.71428571428571,-1.17489510450111,-0.746241725777799,-0.420077935782209,3,-1.39700104332966,-1.06294590891286,-0.417642001641549,1.85714285714286,-3.99800003275009,-2.42124092558486,-1.4040346715233,2.42857142857143,-1.08381603592178,-0.665695433193087,-0.465431768954648,2.42857142857143,-2.21504112027628,-1.56322061361617,-0.834184938209151,2,-2.91762469308868,-1.78095263771345,-1.11093844204968,2.33333333333333,-0.138472432148111,-0.205100917455658,-0.0220251504664182,1.5,-0.623032644819437,-0.513559309885433,-0.191628894219258
"419",419,"female","Asian","yr5+","Health","stats","Kinesthetic",5,2.60286850918202,1.82029657385926,1.54819490110066,2,0.0913934280126604,0.123341924580281,0.0834680797877489,3.66666666666667,-0.786263240677522,-0.584543440290239,0.664147933761763,1.1,-6.26073442778634,-3.79972286624026,-2.00990454755052,2.16666666666667,-1.38901801598873,-1.17280831990594,-0.622662251425879,3.28571428571429,0.298773208580456,-0.100729144477659,0.226521971589373,3.85714285714286,0.512729699903895,0.225690122145021,0.202941149275121,4,1.32394515960511,0.608847670288024,0.467383149541506,3.42857142857143,1.07754996007504,0.892863375114707,0.312181460403957,4,1.42416402174112,0.843186130355072,0.584961789116543,2.71428571428571,-1.30313323275619,-0.928648219473292,-0.503693759402394,4,3.15362790427913,2.38216627044426,1.29809677028247,2.75,2.16694891906055,0.752711398648754,0.461320086148086
"420",420,"male","white","yr3","Other","math04","Visual",2.5,-1.57984932554234,-0.976512291098312,-0.77805168154289,3,2.11351123071005,1.21354757164919,0.515845625747307,3.33333333333333,1.49296498304452,1.03438105309787,1.25922788955197,3,-0.693766893567773,-0.318577880021777,-0.257441991975146,3.33333333333333,0.717883991439433,0.575221393556565,0.328569540833068,2.57142857142857,-1.70533831915908,-0.856012893348437,-0.721743090455531,3.28571428571429,-0.79746239810578,-0.35777681258931,-0.299354069492716,2.71428571428571,-1.8885444537373,-1.02559074655435,-0.635035250102441,2.85714285714286,-0.0632795385047485,-0.124783933728552,0.0915429138978449,3.28571428571429,-0.294610355480213,-0.187916490497057,-0.135209287872108,3.71428571428571,0.907025861686555,0.543650585815829,0.362780932312467,3,1.16109640947066,0.89558989955865,0.476063462043351,2.5,1.47645684207335,0.146889435348884,0.128361086531768
"421",421,"male","white","yr3","Other","math04","Kinesthetic",3.25,-0.403532302204717,-0.447729925270295,-0.49190836808392,2.4,0.776734717224724,0.399085186915736,0.233205298408357,2,-0.610112099957654,0.082069290588815,-1.27525681048139,3.8,1.70144680820321,1.01863056519879,0.526992460882228,1.66666666666667,-2.48492742707607,-1.59048039480239,-1.13275465371719,3.14285714285714,-0.33742474115083,-0.0652264136473803,-0.163253935943579,2.42857142857143,-2.97468290137092,-1.42701878457108,-1.03813801996191,2.71428571428571,-1.94806131412373,-1.17386612684461,-0.66746090687437,2.42857142857143,-1.13517569541371,-0.441385995552537,-0.506982230572542,2.57142857142857,-1.8859102821117,-1.27243106960764,-0.706625575198698,2,-2.91080711444858,-1.60006542458375,-1.01234247138371,2,-0.831435085337812,-0.59098647132696,-0.345969846195772,1,-1.67277738826583,-0.843783682502592,-0.351623884594771
"422",422,"female","white","yr3","Other","math04","Auditory",3.25,-0.338805895477554,-0.269821292553021,-0.243556732585799,1.4,-1.16458546536928,-0.59334824959826,-0.27795202248177,3,0.0228670113612233,-0.112497136957383,-1.71569007625249,3.4,0.381287215064092,0.353145517465216,-0.0203441929165216,4,2.04056580364651,1.35000068377775,0.931188896795814,4,1.67837951333158,1.0368724586984,0.578270421702852,3.85714285714286,0.480451662534384,0.352315595058747,0.108764399235903,4.14285714285714,1.59833582178641,1.18752478216959,0.482438187963666,4,2.4534667758941,1.01233524893968,0.978390419561422,3.57142857142857,0.377992819578342,0.323093367913063,0.163021641929986,3.85714285714286,1.21541293031259,0.863200683990393,0.47031389630299,2,-0.831435085337812,-0.59098647132696,-0.345969846195772,2.5,1.64848225803362,1.19217029291354,0.412222583974195
"423",423,"female","white","yr5+","Health","stats","Auditory",3.5,0.0624161064290482,-0.117748022372544,-0.142080450876334,3.2,2.52581178680589,1.80888964325033,0.657897990247306,2.33333333333333,-2.8893403236797,-1.53685520279929,-1.8703367662716,1.4,-5.4349387177627,-3.34974639042416,-1.82776815279706,2.66666666666667,-0.450389210510635,-0.550010272547224,-0.194375237627683,2.28571428571429,-2.23207239421152,-1.30764589253288,-0.854690032333618,2.28571428571429,-3.14360923858767,-1.97023191945738,-0.972686538431406,2.57142857142857,-2.24719811461616,-1.19560395982795,-0.78673762185483,2.57142857142857,-0.811232710277692,-0.398022841012047,-0.313605951500909,2.42857142857143,-2.15767892019095,-1.6579402934585,-0.733581241638135,2.42857142857143,-1.95543477668645,-1.00982708462308,-0.719472458495836,2.66666666666667,0.55213319771868,-0.00514880015561484,0.315922583689924,2.75,2.23012555573212,1.59077465221687,0.607481912172402
"424",424,"female","other","yr1","Other","math02","Kinesthetic",2.75,-1.11390091690858,-0.64653038820056,-0.428223764335304,1.2,-1.54147424940241,-0.948382317528644,-0.385676943154122,3.66666666666667,0.144071156092395,-0.110442347996547,0.107850103762977,2.7,-1.52982587108505,-0.838419576560577,-0.44920933576352,3,0.223716202870849,-0.0150182760033357,0.113820174416597,2.85714285714286,-0.819266008811086,-0.481836325435974,-0.281707928465917,2.42857142857143,-2.76271797054257,-1.82842004748141,-0.859687866587291,3,-1.12978852249194,-0.734317524632299,-0.427462895527597,2.71428571428571,-0.175173554216797,-0.270262416158818,0.181779580642991,3.57142857142857,0.565235792851998,0.133236631807395,0.358760468747791,4,1.53404937703256,0.743592206565064,0.516034350819497,3.66666666666667,2.50266497180829,1.73885414365148,1.05605398324108,1.75,-0.25439383303648,-0.269623416582248,-0.178944914254476
"425",425,"female","other","yr1","STEM","math02","Auditory",3.25,-0.274079488750391,-0.0919126598357457,0.00479490291232324,1.2,-1.53287453284852,-0.986147702915055,-0.408886839892005,2.66666666666667,-1.42857188810496,-0.679776450833573,-0.827148547663742,3.3,0.348033882207543,-0.0449302433076473,0.199733797674455,3.83333333333333,1.72312476278578,1.17748361557055,0.786646705252482,3.42857142857143,0.35482330755637,0.209449570298382,0.12267603091238,3,-1.5022887175622,-0.935851535078486,-0.482348422389692,3.57142857142857,0.216843692835305,0.26035617091576,0.0816807763255165,3.14285714285714,0.547472957531587,0.329176619577159,0.248343128978793,3,-0.991908885088992,-0.562639153403243,-0.416865039518374,3.14285714285714,-0.37187434431076,-0.104889861258924,-0.0491459978693158,2,-0.831435085337812,-0.59098647132696,-0.345969846195772,2.25,1.25294820057677,0.788969514819249,0.419281685600047
"426",426,"female","white","yr3","Other","math04","Auditory",3.75,0.492820879647347,0.296656547378543,0.270038557864534,2.4,0.88434439283694,0.774930786527817,0.211962864043317,3,-0.907467385408693,-0.586598229251075,-1.1593922462537,2.5,-2.11582429672734,-1.35414750207004,-0.657160564451845,3.33333333333333,0.759833575090392,0.42726123624916,0.347714774572096,3.71428571428571,0.925061369771365,0.58288719982378,0.314435842793453,3.57142857142857,-0.113503919489922,-0.0507626243980354,-0.050073992211476,3.85714285714286,0.903482418630199,0.584552063549281,0.293898963598474,3,0.292408384496228,0.0229334953768284,0.189170937047771,3.42857142857143,0.0516554117966007,0.0164072411451854,0.0230042943761123,3.28571428571429,-0.0425422159278296,-0.115691641741277,-0.0267262876597053,2,-0.831435085337812,-0.59098647132696,-0.345969846195772,2,0.567149196251447,0.442914293512327,0.179146680586523
"427",427,"male","white","yr2","STEM","stats","Visual",4.25,1.24876157172948,0.734068086745921,0.355843434741911,2.4,0.896437816335957,0.806979316445854,0.287804111280969,4,2.54450352454561,1.5105369343524,2.52647023956865,3.6,1.34227170460729,0.530417171861897,0.678984309997575,5,3.98620410056276,2.58234944044327,1.82061697304004,3.71428571428571,1.2481161778797,0.384408151588354,0.575928817499895,4,0.870367797524256,0.629176208522006,0.332542550269502,4.14285714285714,1.63799712130784,1.03927161944177,0.552714318246521,3.28571428571429,1.09878022918746,0.639988708186576,0.529385450650165,5,3.63061219171766,2.33893933302049,1.38525280960426,3,-0.673943233719458,-0.669584504910987,-0.398205315170158,3.33333333333333,1.85405906266036,1.28147545342995,0.800008157772705,1.5,-0.623032644819437,-0.513559309885433,-0.191628894219258
"428",428,"female","white","yr3","STEM","math04","Visual",4.25,1.26791590107837,0.673365643026083,0.454705589614039,1.8,-0.318218358256284,-0.0895841932346007,-0.0605413643055181,3,-0.898137849300134,-0.296798791161543,0.772337500942899,3.8,1.67187995634796,0.873352127189082,0.486012141119992,2.33333333333333,-1.26521320938594,-0.602283274494023,-0.595449861800968,3.42857142857143,0.215355955997606,0.101586586904885,-0.00102862733793824,3.42857142857143,-0.480801926484424,-0.450373158469255,-0.140275554683667,3.85714285714286,0.967883539985971,0.696130952357909,0.343011444115823,2,-1.93856635055702,-0.98042651130543,-0.744531668041205,2.14285714285714,-2.90699902193988,-1.90298251230804,-1.10397922566923,2.85714285714286,-1.03236944366783,-0.576140220455369,-0.384894847671592,2.33333333333333,-0.182829176189881,-0.133607781105436,-0.089924020727394,2.25,1.17568773962384,1.00078353760676,0.354662927194096
"429",429,"male","Black","yr1","STEM","math02","Visual",2.75,-1.11390091690858,-0.64653038820056,-0.428223764335304,1,-1.95968575222524,-1.12354304995711,-0.506476490509507,4,0.674505194897219,0.272535311675484,1.70733615236962,4,2.22513670478581,1.46575508256768,0.646995258224203,4.66666666666667,3.39150288240043,2.08206665942864,1.54761392566579,4,1.78894295069299,0.965447256096699,0.738254871471034,4.42857142857143,1.94795855251302,1.15368252066828,0.655926398293357,4.14285714285714,1.62939343084787,0.981925054769119,0.575009012674887,3.85714285714286,2.15647716405333,1.08780963565805,0.80558274337881,3.57142857142857,0.35812416779812,0.315644783958615,0.102576771798103,4.14285714285714,1.82477491991102,1.16684682661985,0.666916892940625,2,-0.831435085337812,-0.59098647132696,-0.345969846195772,1.25,-1.19998286985605,-0.652396927195811,-0.294064227814672
"430",430,"male","white","yr1","STEM","math01","Visual",3,-0.759182226733048,-0.361192119013659,-0.443895169167392,2.8,1.61450210778383,0.940614628665807,0.473825853322492,4,-0.274488274089816,-0.781164656797273,-1.5998255120248,1.7,-4.69669686059091,-2.62470740711513,-1.55974488576178,4.16666666666667,2.3880308311459,1.48709292470747,1.09260065927299,4.28571428571429,2.35281884236526,1.37300114632379,0.897817005296083,4.85714285714286,2.94806898932181,1.746314444692,0.959238326309266,4,1.31202705098796,0.923683625085394,0.457349937012557,4.57142857142857,3.61259655432334,1.64889442639322,1.29574382297268,4.14285714285714,1.56061852705871,1.09438073155734,0.536168361053057,4.42857142857143,2.46530826547799,1.56735056477943,0.970582112352575,1,-2.82396658014628,-2.07756284221257,-1.1680031544349,1.75,-0.0413893471209421,-0.114954950582107,0.00363043397895002
"431",431,"female","white","yr1","Other","math01","Kinesthetic",2.5,-1.75763923965726,-1.53395841238363,-1.68425983444267,1.8,-0.319562743169736,-0.280792170127732,-0.0595628245088839,3.33333333333333,1.49296498304452,1.03438105309787,1.25922788955197,3,-0.693766893567773,-0.318577880021777,-0.257441991975146,2.33333333333333,-1.13399034832216,-0.858414419151501,-0.516329624847219,2.71428571428571,-1.34051350706597,-0.671350268769097,-0.524728583358,3.57142857142857,-0.120803717078744,0.131410931454962,-0.089973528553896,3.28571428571429,-0.401285469014556,-0.0796480380689843,-0.119022180124478,2.14285714285714,-1.93293555957063,-0.841833716122651,-0.925539017904031,3.14285714285714,-0.548101790089439,-0.359380499360316,-0.197284891440821,2.85714285714286,-0.988098446167551,-0.731785336381082,-0.414932039809011,3.66666666666667,2.46066525108943,1.99628071657296,0.97415207455312,1.5,-0.623032644819437,-0.513559309885433,-0.191628894219258
"432",432,"female","white","yr1","Other","math01","Auditory",4.75,2.14511475358154,1.47845455939476,1.11779036069037,3.8,3.73777919157123,2.32303719914452,1.00820054542706,2.33333333333333,-2.8893403236797,-1.53685520279929,-1.8703367662716,1.8,-4.2270858648318,-2.69047996979423,-1.3329026094477,1,-3.79634908710223,-2.34704558621879,-1.73709533193687,1.14285714285714,-4.88474746857254,-2.76917308098135,-1.86710483476707,1.42857142857143,-5.2503220692357,-3.26247786494177,-1.69988542147244,2.28571428571429,-2.98461541825523,-1.89076632491674,-1.04216802957658,1.42857142857143,-3.22001702304265,-1.24616646531092,-1.27872774059616,1.57142857142857,-4.3170011801895,-2.62759313772114,-1.70609554684879,2.57142857142857,-1.70326694721115,-1.00357295175403,-0.623362318325508,1.33333333333333,-2.17536067099835,-1.62018415199105,-0.911957328966517,1.25,-1.09582716322922,-0.704946065192215,-0.249188550999356
"433",433,"female","white","yr2","Other","math01","Auditory",1.5,-3.28048030013713,-2.3599391589653,-2.03530836627225,1,-1.95968575222524,-1.12354304995711,-0.506476490509507,2.33333333333333,-1.02867153013987,-0.588653018211911,-2.98293242626917,3.2,-0.0733246588535511,0.15699080551343,-0.0679698142581207,3,0.0949275067302644,0.11765192711224,0.0417608205515849,3,-0.658318873546137,-0.307304927405721,-0.279414626178877,3,-1.5022887175622,-0.935851535078486,-0.482348422389692,3,-1.19531703207861,-0.682642974251729,-0.410263191544454,3,0.198764881314983,0.110002156595873,0.0634153015406642,3,-0.991908885088992,-0.562639153403243,-0.416865039518374,3,-0.695527539605158,-0.324404277222061,-0.214983055590222,2.33333333333333,-0.180472152866971,0.0523256554658236,-0.103927059154382,2,0.567149196251447,0.442914293512327,0.179146680586523
"434",434,"female","white","yr1","Other","math02","Visual",3.75,0.436289125953471,0.106887803094519,-0.0588897008362933,2.8,1.63035715597815,0.673875880999853,0.428384599643361,3.33333333333333,1.50229451915308,1.3241804911874,3.19095763674857,2.1,-3.23808475002892,-1.8593840096469,-1.04967486493923,2.66666666666667,-0.466281049616122,-0.351044943044614,-0.210835319827342,3.57142857142857,0.785427492242602,0.338543920494941,0.354739277197366,4.57142857142857,2.27678089775443,1.27974569506454,0.73454967786098,4,1.33684532621923,0.978939101454884,0.468286168979456,2.71428571428571,-0.363123412676567,-0.156679079305767,-0.146434190972693,3.57142857142857,0.387670182880866,0.237469388053938,0.148803320758979,3.57142857142857,0.605322627348819,0.289658651666939,0.230645756192181,3,1.16109640947066,0.89558989955865,0.476063462043351,1.75,-0.118649808073874,0.096859072205405,-0.060988324427001
"435",435,"female","white","yr2","STEM","stats","Auditory",1.75,-2.83185243192274,-1.63436095749051,-1.49198540857482,1.4,-1.12191836166613,-0.582013608207043,-0.265855935595372,4.33333333333333,0.265275300823567,-0.10838755903571,1.93139028377844,2.2,-3.07099116694416,-1.92786896469037,-1.04905535252785,4.16666666666667,2.41798605277822,1.50410186097962,1.10687977021508,4.28571428571429,2.3141278712046,1.47385966916684,0.848767448378752,4.28571428571429,1.61861110657479,1.02404634286813,0.547023792014944,4.14285714285714,1.69379455220364,1.09350394357775,0.624121493192236,2.28571428571429,-1.40040521609134,-0.612718361065333,-0.51595468845963,4,1.19641452076054,0.803748769892099,0.345049782731033,3.14285714285714,-0.335264383265439,-0.387838862828419,-0.25564512335985,2.33333333333333,-0.182829176189881,-0.133607781105436,-0.089924020727394,2.5,1.58530562136206,0.354107039345428,0.266060757949878
"436",436,"male","other","yr3","STEM","math03","Visual",1,-4.08292430395033,-2.66408569932625,-2.23826092969118,1,-1.95968575222524,-1.12354304995711,-0.506476490509507,4,0.674505194897219,0.272535311675484,1.70733615236962,2.2,-3.2053621394969,-1.69420042500358,-1.10603347375348,4,2.04056580364651,1.35000068377775,0.931188896795814,4,1.63391339847463,1.02262885178259,0.58581841920635,4,0.905693381081866,0.491652562079174,0.307811920424704,4,1.27073976996902,0.811911841495528,0.423306640922497,4,2.38541100394563,1.21601579963804,0.850443583516211,4,1.31935165331434,0.888150089808624,0.484193885042945,4,1.51975203523827,0.951256870139627,0.58237636020327,2,-0.831435085337812,-0.59098647132696,-0.345969846195772,2,0.567149196251447,0.442914293512327,0.179146680586523
"437",437,"female","white","yr1","Other","math01","Visual",4.25,1.33264230780553,0.851274275743358,0.703057225112161,2,0.0782571241558564,0.236210237739167,0.00370602782226594,3.66666666666667,1.08373508897087,0.653458182386678,1.48328202096079,2.9,-1.09447656858885,-0.680436138450134,-0.493778264510653,2,-1.79719646159681,-1.10830147744597,-0.821810140832867,2.28571428571429,-2.24169911686364,-1.19749705463522,-0.873265095151207,2.85714285714286,-1.89275043449426,-0.979278902430669,-0.628274590258511,2.71428571428571,-1.88195575787351,-1.00683886688525,-0.622481378817411,2.14285714285714,-1.63428928733292,-0.558200877154767,-0.670630049301842,3,-0.842532510331764,-0.73644172440628,-0.27222744346872,3.28571428571429,-0.0743082844069005,-0.0553587688763857,0.0349075700011017,3,1.16109640947066,0.89558989955865,0.476063462043351,1.5,-0.623032644819437,-0.513559309885433,-0.191628894219258
"438",438,"male","white","yr1","STEM","math02","Visual",3.75,0.501015532680634,0.284796435811794,0.189461934661829,2.2,0.432870439983072,0.238067988839905,0.156865556632454,2,-0.610112099957654,0.082069290588815,-1.27525681048139,3,-0.693766893567773,-0.318577880021777,-0.257441991975146,2.5,-0.886754157659216,-0.495223879066595,-0.404738339950142,3,-0.658318873546137,-0.307304927405721,-0.279414626178877,3,-1.5022887175622,-0.935851535078486,-0.482348422389692,3,-1.19531703207861,-0.682642974251729,-0.410263191544454,3,0.198764881314983,0.110002156595873,0.0634153015406642,2.42857142857143,-2.25687140393873,-1.34046760574594,-0.848263979291091,3,-0.695527539605158,-0.324404277222061,-0.214983055590222,3,1.16109640947066,0.89558989955865,0.476063462043351,3,2.80707578076872,1.72961226952725,0.709917245767817
"439",439,"female","white","yr1","Business","math03","Auditory",3.25,-0.403532302204717,-0.447729925270295,-0.49190836808392,1.6,-0.790385451163053,-0.620730135454138,-0.16827002221615,3.33333333333333,0.553301050166047,0.270480522714647,-0.116204027645849,2.7,-1.52982587108505,-0.838419576560577,-0.44920933576352,2.66666666666667,-0.532893015484374,-0.330509117699877,-0.24062547044856,4,1.63391339847463,1.02262885178259,0.58581841920635,2.57142857142857,-2.50629070098018,-1.60380601644258,-0.793642265564696,3.14285714285714,-0.832943941709148,-0.418586704823858,-0.29754233796585,3,0.198764881314983,0.110002156595873,0.0634153015406642,2.85714285714286,-1.3307170865561,-0.767804717552649,-0.53020608135782,3,-0.695527539605158,-0.324404277222061,-0.214983055590222,2.33333333333333,-0.182829176189881,-0.133607781105436,-0.089924020727394,1.5,-0.727188351446263,-0.461010171889029,-0.236504571034574
"440",440,"female","white","yr1","STEM","math02","Auditory",3.5,0.0350671240468692,-0.0451854670859573,-0.160365982545758,1.2,-1.53287453284852,-0.986147702915055,-0.408886839892005,3,0.0415260835783418,0.467101739221682,2.14776941814072,4.5,3.759663639366,2.46149764123007,1.24039099484679,2.33333333333333,-1.15981574228673,-0.70164858467151,-0.541618610124521,3.57142857142857,0.803662904451358,0.29787069729535,0.343163607319341,2.85714285714286,-1.7477205293981,-1.16500136196359,-0.55003755748528,2.57142857142857,-2.11823896511077,-1.38159933254459,-0.624312897355322,2.28571428571429,-1.277896567623,-0.413509444612461,-0.370918220740719,2.85714285714286,-1.0680809425476,-0.771581988780035,-0.232206061825248,2.71428571428571,-1.32014723857937,-0.573897997385121,-0.393472103589518,2,-0.831435085337812,-0.59098647132696,-0.345969846195772,2,0.567149196251447,0.442914293512327,0.179146680586523
"441",441,"female","white","yr1","Business","math02","Auditory",4,1.02349569500827,0.804547082993569,0.868218110570242,2.8,1.69395534297376,0.847178862327585,0.396024618188557,2.66666666666667,-2.36823582098343,-1.4436769812168,-2.20258046486156,2.1,-3.34183082943276,-2.0153899036508,-1.10546729735117,3.33333333333333,0.752703250577215,0.582821908196507,0.33842622249382,3.14285714285714,-0.325391165173599,-0.241781247085865,-0.140272998260022,3.28571428571429,-0.853708214477362,-0.441041817161094,-0.318909027955921,2.71428571428571,-1.86333716540739,-1.19176553149899,-0.622714749656141,2.85714285714286,-0.027857698156558,0.0277404541704604,0.0672213377594629,3,-0.959569439623402,-0.656711132067267,-0.383096475100919,3.14285714285714,-0.393265852579568,-0.104090881591229,-0.157149951059863,3,1.16109640947066,0.89558989955865,0.476063462043351,1.5,-0.727188351446263,-0.461010171889029,-0.236504571034574
"442",442,"female","white","yr2","Other","math02","Kinesthetic",3,-0.750056339346961,-0.744928306023945,-0.556813586454538,1,-1.95968575222524,-1.12354304995711,-0.506476490509507,3.66666666666667,2.01406948574079,1.12755927468037,0.926984190962007,2.9,-0.984827365468389,-0.616524283906009,-0.333160306046005,2.16666666666667,-1.38085318122146,-1.13789731217613,-0.616897246374856,3.57142857142857,0.935057001612629,0.407917562085589,0.408617183899543,4.42857142857143,1.91840133172036,1.21200805746497,0.63327527445687,4.57142857142857,2.71671147367282,1.64608276639103,0.9052764148104,2.42857142857143,-0.832521682165916,-0.280406300357756,-0.208715940630686,3.57142857142857,0.57307547502382,0.320963212714434,0.285754773588653,3,-0.69653244080492,-0.620278637693226,-0.333798190971755,3,1.16109640947066,0.89558989955865,0.476063462043351,1.5,-0.727188351446263,-0.461010171889029,-0.236504571034574
"443",443,"female","Black","yr1","Business","math03","Visual",4.5,1.85512247013317,1.37102492292513,1.38181340102057,2.8,1.71703574829791,0.887753140675418,0.451598233619523,3,-0.907467385408693,-0.586598229251075,-1.1593922462537,3.5,0.752325467167257,0.507228183632457,0.274293228243767,3.33333333333333,0.749607933163562,0.599518817121524,0.345912549801778,3.42857142857143,0.50220629791248,0.175231336489271,0.238902348366195,3,-1.5022887175622,-0.935851535078486,-0.482348422389692,2.85714285714286,-1.40647140438288,-1.01900164968876,-0.43187409136847,2.85714285714286,0.00652621063691244,-0.0965733807097793,0.0326207261863676,3.42857142857143,0.151803644796522,-0.0436114685605491,0.0664416734975155,3.57142857142857,0.552245844041886,0.369640693685575,0.160468726453344,2,-0.831435085337812,-0.59098647132696,-0.345969846195772,2.75,2.06748628509562,1.06502727863811,0.509268403935562
"444",444,"female","white","yr1","Business","stats","Visual",4.25,1.35179663715443,0.79057183202352,0.80191937998429,2.8,1.70628670971234,1.04691258765051,0.374778446585237,3.33333333333333,-0.37703334660387,-0.203620569579045,0.440093802352938,3.9,2.1048159208697,1.08879215582574,0.801874980510139,2.83333333333333,-0.163568836113596,-0.263752711777459,-0.0681091420885574,1.85714285714286,-3.21727278881107,-1.73755118081663,-1.22669961343626,3.57142857142857,-0.160758421682296,-0.0894328652964327,-0.078261788789903,3.14285714285714,-0.869346961758743,-0.567054979895349,-0.31489881031049,3,0.320850378060045,0.246914917151746,0.252149165197592,3.14285714285714,-0.660171141647224,-0.330803241501132,-0.307234863215851,4,1.51975203523827,0.951256870139627,0.58237636020327,3.33333333333333,1.76770259789973,1.61039516270166,0.650207378823765,2.25,1.03994371466123,0.634301048819108,0.236706337366621
"445",445,"female","white","yr2","STEM","stats","Kinesthetic",4.25,1.3973687145327,1.02918290846063,0.951408860610283,2,0.0855124557962889,0.00723687545962447,-0.0185253291189825,3.66666666666667,2.01406948574079,1.12755927468037,0.926984190962007,3.8,1.93374536397747,0.886267375699172,0.79621875391357,2,-1.80059637176776,-1.22774597913087,-0.822757016902594,3.28571428571429,-0.0401898100536077,-0.165654139101067,-0.0420711414221319,3.57142857142857,-0.0958066380902076,0.0462331532970474,-0.0445373194695366,3.42857142857143,-0.11373341334045,-0.151123003787646,-0.00616570552175882,2.28571428571429,-1.33099895537859,-0.463012233188089,-0.624831523204525,3.42857142857143,0.149010214413678,-0.0277148858012026,0.0788996580409367,3.42857142857143,0.264965278557652,0.0691964048111724,0.00877168137628732,3.66666666666667,2.50266497180829,1.73885414365148,1.05605398324108,1,-1.67277738826583,-0.843783682502592,-0.351623884594771
"446",446,"female","white","yr1","Health","stats","Kinesthetic",3.75,0.678805446795547,0.842242557097117,1.09567008756161,2.4,0.872013026098363,0.57519706120489,0.233209035646637,3.66666666666667,0.144071156092395,-0.110442347996547,0.107850103762977,3.7,1.51980934193007,0.725006925198852,0.647130479028994,2.33333333333333,-1.19640372151632,-0.716537586604261,-0.554539189811892,3.57142857142857,0.592133661398827,0.517363519503924,0.175294214874598,4.42857142857143,1.87343632003397,1.11640100669859,0.589274432948288,4.57142857142857,2.64649747483334,1.60644271159153,0.897894136447828,3.14285714285714,0.55445280431596,0.257719585701254,0.16104332469059,3.14285714285714,-0.668305199975244,-0.349867422956103,-0.306638342858616,4.85714285714286,3.43000872540895,2.01132806102109,1.29519524325941,2.33333333333333,-0.180472152866971,0.0523256554658236,-0.103927059154382,1.75,-0.0366962744590559,0.144811791410841,0.0964544285817431
"447",447,"female","Asian","yr1","STEM","stats","Auditory",2,-2.41147610066725,-1.54299013102988,-1.29164697199322,1.4,-1.16458546536928,-0.59334824959826,-0.27795202248177,3.66666666666667,0.144071156092395,-0.110442347996547,0.107850103762977,2.8,-1.29793553434905,-0.755432653740938,-0.416110020553271,4,2.04056580364651,1.35000068377775,0.931188896795814,4.57142857142857,2.91343018192814,1.85658761374685,1.07100175435957,4.42857142857143,1.9826155408757,1.0646291902046,0.661962768855527,4.57142857142857,2.68491548947911,1.79350567166657,0.880402043079072,4.28571428571429,3.05037742180493,1.5530364475988,1.11396368890298,4.42857142857143,2.28039261372489,1.41759834631156,0.860339796123277,4.14285714285714,1.82745532411723,1.1432731979832,0.717431255356717,2.33333333333333,-0.138472432148111,-0.205100917455658,-0.0220251504664182,2.25,1.18038081228572,1.26055027959971,0.447486921796889
"448",448,"female","white","yr1","Other","stats","Kinesthetic",2.75,-1.14308368822028,-0.908861687771171,-0.738866491366708,1.6,-0.768109982957139,-0.267553818624492,-0.213704630353986,3.33333333333333,-0.37703334660387,-0.203620569579045,0.440093802352938,3,-0.693766893567773,-0.318577880021777,-0.257441991975146,1.83333333333333,-2.1392311196685,-1.46067664116548,-0.974406789266633,2.14285714285714,-2.59010834322666,-1.50564529733387,-0.997465914515878,2,-3.91027081620626,-2.36335563223615,-1.27250876520409,2,-3.66137383412625,-2.17719778999898,-1.2438330240114,2,-1.98788124131566,-0.996011486446297,-0.723612980434883,2.14285714285714,-2.97403858532773,-1.72263885260658,-1.19036460106924,2,-2.91080711444858,-1.60006542458375,-1.01234247138371,2,-0.831435085337812,-0.59098647132696,-0.345969846195772,2,0.567149196251447,0.442914293512327,0.179146680586523
"449",449,"female","white","yr4","Other","math04","Auditory",2,-2.29021794024621,-1.17531275402858,-0.714367077794273,1,-1.95968575222524,-1.12354304995711,-0.506476490509507,2.33333333333333,-1.01934199403131,-0.298853580122379,-1.05120267907257,3,-0.693766893567773,-0.318577880021777,-0.257441991975146,5,3.98620410056276,2.58234944044327,1.82061697304004,4.28571428571429,2.33252361772456,1.26318857502666,0.903946064118333,4.71428571428571,2.66576357183603,1.37587662534029,0.90376586839836,4.57142857142857,2.71500703877837,1.5906343952403,0.909409367270791,2.71428571428571,-0.270397990863042,-0.521457048460044,0.0292423573694442,5,3.63061219171766,2.33893933302049,1.38525280960426,2.85714285714286,-1.00411881991725,-0.605199396942719,-0.498490988066923,3.33333333333333,1.80970231861859,1.35296858978018,0.732109287511729,2.25,1.01304846898734,0.475036164028,0.256449418957256
"450",450,"female","white","yr1","Other","math01","Auditory",2.75,-1.17043267060245,-0.836299132484584,-0.757152023036131,1.2,-1.58414135310556,-0.959716958919861,-0.39777303004052,5,1.31681384232466,0.367768322218818,3.19863263379512,2.4,-2.50447214762495,-1.15913188026491,-0.737066562879441,5,3.98620410056276,2.58234944044327,1.82061697304004,4,1.52281452595407,1.02239455828949,0.514235783803898,4.14285714285714,1.21674557170479,0.807998091578611,0.37845852443369,4.71428571428571,3.01088555979898,1.90909366602295,0.975766424313036,4.71428571428571,3.90390560785908,2.04846251953109,1.33685168986072,4.42857142857143,2.33057650473434,1.56126846302108,0.890294654519976,4.85714285714286,3.4113784147873,2.00740360153818,1.21389871827586,4,3.15362790427913,2.38216627044426,1.29809677028247,2,0.426712098626955,-0.183334937268275,-0.0316339038437446
"451",451,"female","other","yr2","Other","stats","Visual",4.5,1.77124173405712,1.2538187339277,1.03459961065032,1.2,-1.54012986448896,-0.757174340635513,-0.386655482950756,4,0.674505194897219,0.272535311675484,1.70733615236962,2.6,-1.77935692453959,-1.15116974023534,-0.509575048211299,3,0.175662591612188,-0.109137715027915,0.0849471553458427,4,1.91172835829762,1.00601850618887,0.83385918074685,3.71428571428571,0.261021011874627,0.453952486618446,0.0775871037864383,4,1.32766458909572,0.702890726442303,0.42840163136772,2.14285714285714,-1.41464798761206,-0.967918648487746,-0.256605064867709,3.85714285714286,1.02624973253548,0.854656941463626,0.348948378812511,2.85714285714286,-0.979480037461795,-0.709133803510155,-0.337856701681488,3,1.16109640947066,0.89558989955865,0.476063462043351,1.25,-1.19998286985605,-0.652396927195811,-0.294064227814672
"452",452,"male","other","yr4","Other","stats","Kinesthetic",1.75,-2.90660728061271,-2.13530333349824,-1.95211761623221,1.4,-1.13639905043638,-0.660353271941288,-0.344639447764221,3,0.971860480348258,0.941202831515373,1.59147158814193,2.9,-1.03550092276278,-0.311373803884316,-0.436519078956358,1.83333333333333,-2.12450229231029,-1.37545180422543,-0.972590775462085,3.42857142857143,0.475201861835888,0.316426815931387,0.213874465322228,3.71428571428571,0.243992325669847,0.308486392944211,0.0412834306375312,4.42857142857143,2.35635337789952,1.42062118196671,0.757706995518401,2.28571428571429,-1.18568818810646,-0.205233277302736,-0.469131679234569,3.57142857142857,0.598471279854879,0.406429610230274,0.363532310071231,3.42857142857143,0.249023789434802,-0.00418494305342103,0.0544075611775511,3,1.20545315351243,0.824096763208428,0.543962332304327,1.25,-1.19998286985605,-0.652396927195811,-0.294064227814672
"453",453,"female","white","yr3","Other","math04","Auditory",2.5,-1.75763923965726,-1.53395841238363,-1.68425983444267,1.4,-1.18766587069342,-0.633922527946093,-0.333525637912736,3.66666666666667,1.08373508897087,0.653458182386678,1.48328202096079,2.2,-3.2053621394969,-1.69420042500358,-1.10603347375348,4,2.04056580364651,1.35000068377775,0.931188896795814,4,1.63391339847463,1.02262885178259,0.58581841920635,4,0.905693381081866,0.491652562079174,0.307811920424704,4,1.27073976996902,0.811911841495528,0.423306640922497,4,2.38541100394563,1.21601579963804,0.850443583516211,4,1.31935165331434,0.888150089808624,0.484193885042945,4,1.51975203523827,0.951256870139627,0.58237636020327,4,3.15362790427913,2.38216627044426,1.29809677028247,4,5.047002365286,3.01631024554217,1.24068781094911
"454",454,"female","white","yr1","Business","math01","Kinesthetic",4.25,1.26791590107837,0.673365643026083,0.454705589614039,3.4,2.96360998800773,1.95481073872218,0.735220009058122,2.66666666666667,-2.36823582098343,-1.4436769812168,-2.20258046486156,2.7,-1.68195092860565,-1.17309076319464,-0.671520704396541,3,0.0949275067302644,0.11765192711224,0.0417608205515849,1,-5.24278341758768,-2.96717248578235,-2.00988071694933,2.28571428571429,-3.27836467312569,-1.6903030565083,-1.13237141756293,1.71428571428571,-4.33609445130399,-2.81622963742988,-1.44601799875541,2.57142857142857,-0.934376244486266,0.0319958013974809,-0.536705871740009,1,-5.61442996189565,-3.46421763982698,-2.21898288864101,2.85714285714286,-1.04176994198502,-0.494612825967436,-0.316412989112725,2.33333333333333,-0.182829176189881,-0.133607781105436,-0.089924020727394,1,-1.67277738826583,-0.843783682502592,-0.351623884594771
"455",455,"female","white","yr1","Other","math01","Visual",3.75,0.371562719226309,-0.0710208296227556,-0.307241336334415,2.8,1.70172014789881,1.65830190371632,0.395052723933217,4,0.674505194897219,0.272535311675484,1.70733615236962,1.1,-6.32791991406271,-3.68288859639687,-2.03839360816334,2.5,-0.880289277977424,-0.520035122179232,-0.399446772933983,3.14285714285714,-0.207072423326034,-0.285289795949583,-0.0545211749059487,2.14285714285714,-3.52047769446914,-2.27145794890481,-1.0958155969283,3.14285714285714,-0.86655614878248,-0.437769581213572,-0.29546330258408,2.42857142857143,-1.05895863164477,-0.256764711748068,-0.489508258082512,3.57142857142857,0.267653298100722,0.290039513805224,0.0449210715056929,4.57142857142857,2.78951991346024,1.75318644222451,1.06211709848356,4,3.15362790427913,2.38216627044426,1.29809677028247,2,0.426712098626955,-0.183334937268275,-0.0316339038437446
"456",456,"male","white","yr1","Business","math02","Auditory",3.75,0.53019830399233,0.547127735382405,0.500104661693233,3.2,2.50998671312219,1.53934200262295,0.580093017875091,2,0.320222296812263,0.556170382882507,-1.83155464048018,3,-0.594744817581312,-0.557086219668676,-0.240377305981895,3,0.0949275067302644,0.11765192711224,0.0417608205515849,3,-0.658318873546137,-0.307304927405721,-0.279414626178877,3,-1.5022887175622,-0.935851535078486,-0.482348422389692,3,-1.19531703207861,-0.682642974251729,-0.410263191544454,3.14285714285714,0.591240286726619,0.412469625379812,0.159481551979334,3,-0.991908885088992,-0.562639153403243,-0.416865039518374,3.14285714285714,-0.387824250726193,-0.132387949378489,-0.0799281604367747,2,-0.831435085337812,-0.59098647132696,-0.345969846195772,2,0.567149196251447,0.442914293512327,0.179146680586523
"457",457,"female","white","yr5+","Health","stats","Auditory",3,-0.712678915001977,-0.494457118020084,-0.32674748262584,1.6,-0.725442879253988,-0.256219177233275,-0.201608543467588,4,0.674505194897219,0.272535311675484,1.70733615236962,4.3,3.18347840035181,1.81752307730916,1.04487783812209,4.33333333333333,2.66352228835568,1.80757015022208,1.2179976170773,4,1.69006604841565,1.07720941529747,0.602292095576216,4.57142857142857,2.29366773149862,1.38097471970404,0.732609372864513,4,1.31906089863576,0.645544161769648,0.450696325796086,2.85714285714286,-0.0799756509612945,-0.145412820670734,0.00514653947052818,3.71428571428571,0.586979955571973,0.513585009245723,0.138978918085107,2.57142857142857,-1.62366257210906,-1.19369289439621,-0.816682386623687,2.33333333333333,-0.182829176189881,-0.133607781105436,-0.089924020727394,1,-1.67277738826583,-0.843783682502592,-0.351623884594771
"458",458,"male","white","yr1","STEM","math03","Auditory",3.75,0.501015532680634,0.284796435811794,0.189461934661829,3.2,2.44638852612657,1.36603902129522,0.612452999329895,3,-0.898137849300134,-0.296798791161543,0.772337500942899,4.9,4.86988146001133,3.11571369146301,1.49179542352936,4.5,3.04403785490104,1.94497441849893,1.38620216318861,4.57142857142857,2.91343018192814,1.85658761374685,1.07100175435957,4.85714285714286,2.93988812279813,1.6974864340742,0.975348142162894,4.57142857142857,2.68499394287603,1.58892909649962,0.912501924811477,4.57142857142857,3.53152157240155,1.88011620348352,1.15282729228348,4.57142857142857,2.57184337847871,1.7674991047698,0.942269130530089,4.42857142857143,2.46262786127178,1.59092419341609,0.920067749936483,3,1.1190966887518,1.15301647248013,0.394161553355387,3.5,3.861513596877,2.31960338413735,0.962736230746123
"459",459,"male","white","yr2","Health","stats","Kinesthetic",4.25,1.37001973215052,1.10174546374722,0.93312332894086,3.8,3.70962275114894,1.85375583319422,0.951641744658166,2,-1.54044649672757,-0.392031801704877,-0.718958980482606,2.2,-2.94242208741476,-1.82088018715407,-0.888400419501603,2.83333333333333,-0.250768800677311,-0.0121518265246679,-0.116587043898974,2.71428571428571,-1.4584012426645,-0.658247782040549,-0.650549843675723,2.71428571428571,-2.10146708040927,-1.4931648910002,-0.671657043320565,2.57142857142857,-2.24719811461616,-1.19560395982795,-0.78673762185483,2.57142857142857,-0.93100694660199,-0.488991140013345,-0.453672938801637,2.57142857142857,-1.87340646451301,-1.06964973844841,-0.722300745405641,3,-0.690407059204479,-0.521041935149494,-0.284098331511591,2,-0.831435085337812,-0.59098647132696,-0.345969846195772,1.25,-1.06423884489344,-0.285914438408157,-0.176107637987198
"460",460,"male","white","yr1","Business","math03","Visual",3,-0.740027897384156,-0.421894562733497,-0.345033014295263,3,2.11351123071005,1.21354757164919,0.515845625747307,2.33333333333333,-1.01934199403131,-0.298853580122379,-1.05120267907257,3.3,-0.0188606148998833,0.0924446103034598,-0.24859623882696,3.5,1.05821869442565,0.867874306433628,0.480692751231971,3.85714285714286,1.27545075692425,0.803849966501557,0.421001590164843,3.42857142857143,-0.4348829726444,-0.411042674030341,-0.149844062554437,3.14285714285714,-0.715258977320363,-0.714648562389685,-0.172253467097088,3.42857142857143,1.14879083288141,0.62572909960471,0.477228366693437,3.42857142857143,-0.0852501692752599,0.0886892495297497,-0.14830960738797,2.57142857142857,-1.63859916003215,-0.971199881789642,-0.65223137144089,2,-0.831435085337812,-0.59098647132696,-0.345969846195772,2.25,1.14879249394994,0.841518652815653,0.374406008784731
"461",461,"female","white","yr4","Other","math04","Kinesthetic",4.75,2.14511475358154,1.47845455939476,1.11779036069037,3,2.13524725112073,1.06291387310389,0.572397780974907,3,0.0228670113612233,-0.112497136957383,-1.71569007625249,3.3,0.141669493523048,0.0705778860413402,0.0505361330324687,2.5,-0.880289277977424,-0.520035122179232,-0.399446772933983,2.42857142857143,-1.89088303717551,-0.955754807477404,-0.74465840092057,3.14285714285714,-1.16476040510028,-0.75738734666053,-0.389555631964907,2.71428571428571,-2.00711702449136,-0.931377013181275,-0.7917877397583,2.14285714285714,-1.62742728399179,-0.573484488632275,-0.562103299274248,2.14285714285714,-2.99746989163728,-1.92858778246143,-1.16163492596164,2,-2.89323465593755,-1.98849418518998,-1.19686619878652,1.33333333333333,-2.17536067099835,-1.62018415199105,-0.911957328966517,2,0.54494702323944,0.543416150714168,0.291713756779951
"462",462,"male","white","yr1","Business","math02","Visual",4.75,2.14511475358154,1.47845455939476,1.11779036069037,3.4,2.95853395290959,1.52610365111971,0.734234823720193,3,-1.84713131828717,-1.3504987596343,-2.53482416345152,2.9,-0.994173407911626,-0.551377256991919,-0.354834256560701,3,0.0949275067302644,0.11765192711224,0.0417608205515849,3,-0.658318873546137,-0.307304927405721,-0.279414626178877,3,-1.5022887175622,-0.935851535078486,-0.482348422389692,3,-1.19531703207861,-0.682642974251729,-0.410263191544454,3,0.198764881314983,0.110002156595873,0.0634153015406642,4,1.31935165331434,0.888150089808624,0.484193885042945,3,-0.695527539605158,-0.324404277222061,-0.214983055590222,2,-0.831435085337812,-0.59098647132696,-0.345969846195772,2,0.567149196251447,0.442914293512327,0.179146680586523
"463",463,"female","white","yr2","Business","math03","Kinesthetic",3.5,0.202828596198978,0.189226910908917,0.534061598194744,2.6,1.35516710083026,1.11486875185422,0.320670061750583,3.66666666666667,-0.795592776786081,-0.874342878379771,-1.26758181343484,2.8,-1.13968132930759,-0.787980625102466,-0.286292130430621,2,-1.94034062733197,-0.977148464210176,-0.884661845132986,2.57142857142857,-1.52520052629812,-0.780718764553193,-0.565672383927442,2.57142857142857,-2.48853938556954,-1.65336251044857,-0.776824585393622,3,-1.17700899931422,-0.850715952718294,-0.379780949130179,3,0.195180292028177,0.294951456265974,-0.0236394157370215,2,-3.21511893396644,-1.88581244500823,-1.23686787491484,2.71428571428571,-1.32924330653204,-0.544020802251942,-0.420052304336211,2.33333333333333,-0.180472152866971,0.0523256554658236,-0.103927059154382,2.25,1.03994371466123,0.634301048819108,0.236706337366621
"464",464,"male","Black","yr3","Business","math03","Visual",3.75,0.520169862029526,0.224093992091956,0.288324089533957,1.8,-0.406241335489491,-0.494669429803297,-0.082776458485046,3.33333333333333,1.49296498304452,1.03438105309787,1.25922788955197,4,2.31582765021719,1.44779364697568,0.884050563926959,2.16666666666667,-1.51384476237706,-0.889054654811465,-0.699081381355225,3,-0.603799343501833,-0.382430677907529,-0.246346614005539,1.85714285714286,-4.24779912866818,-2.5418198206541,-1.36530155562887,2.42857142857143,-2.57107473694294,-1.47717384434773,-0.884850687069784,2.14285714285714,-1.63813523354434,-0.499998800685759,-0.52840611756204,3.57142857142857,0.352783539852944,0.280684019744297,0.0907153076119169,3.71428571428571,0.90970626589277,0.520076957179174,0.413295294728559,2.33333333333333,-0.138472432148111,-0.205100917455658,-0.0220251504664182,1.25,-1.19998286985605,-0.652396927195811,-0.294064227814672
"465",465,"female","Asian","yr1","Health","math02","Kinesthetic",4.75,2.2289954896576,1.5956607483922,1.46500415106062,1.4,-1.16673478740096,-0.471954188009578,-0.377981706253939,3.66666666666667,0.144071156092395,-0.110442347996547,0.107850103762977,2.9,-0.881319621113583,-0.610120688264362,-0.171694012197619,2,-1.84431467551053,-1.08707430911627,-0.844966148668241,2.42857142857143,-1.82673678447908,-1.14102939587687,-0.693015325929642,3.42857142857143,-0.438249418556767,-0.482792227966825,-0.127546651002743,3,-1.19531703207861,-0.682642974251729,-0.410263191544454,2.71428571428571,-0.376565774373161,-0.191434008810826,-0.117706489678666,2.71428571428571,-1.6293461603858,-0.879315679459039,-0.682784253938949,3.71428571428571,0.869447115767156,0.718970606022189,0.444633954688845,2,-0.831435085337812,-0.59098647132696,-0.345969846195772,1.25,-1.19998286985605,-0.652396927195811,-0.294064227814672
"466",466,"male","white","yr3","Health","math02","Visual",2.75,-1.03914606821861,-0.145588012192837,0.0319084433220935,2.8,1.66576892804087,0.914183884670613,0.462712043471007,2.66666666666667,-0.498237491335041,-0.205675358539881,-1.38344637766253,2.4,-2.65343608239053,-1.36844419361887,-0.980854245411763,2.16666666666667,-1.49611543817342,-1.1331652605709,-0.67696694113719,2.71428571428571,-1.24987019349732,-0.610930675632533,-0.513771174750903,2.57142857142857,-2.50989690063067,-1.68693482413127,-0.824426529696176,2.14285714285714,-3.35782023916003,-1.76614961201619,-1.14135363549733,3.42857142857143,1.02734377926216,0.887150136686561,0.248818891437805,1.85714285714286,-3.74660346828055,-2.13057295196389,-1.52656170782823,3,-0.657306550780367,-0.163043117148076,-0.00416194487768631,3.33333333333333,1.8120593419415,1.53890202635143,0.718106249084741,2.5,1.62628008502161,1.29267215011538,0.524789660167622
"467",467,"female","white","yr4","Other","math04","Auditory",4,0.931420305898933,0.699201005562881,0.601580943402697,2.8,1.73877176870859,0.73711944213012,0.508150388847123,3.33333333333333,-1.30736774337379,-0.677721661872737,0.996391632351724,3.4,0.39198119528848,0.435508521645382,0.0193925182311851,5,3.98620410056276,2.58234944044327,1.82061697304004,5,3.9261456704954,2.35256263097091,1.45105146459158,5,3.31367547972593,1.91915665923684,1.0979722632391,5,3.73679657201665,2.30646665724278,1.25687647338945,3,0.408410277121764,-0.271177045852701,0.313989408495604,5,3.63061219171766,2.33893933302049,1.38525280960426,4.57142857142857,2.78002193061394,1.59587285773147,0.913006765401501,1.66666666666667,-1.48004099448574,-1.04836516154848,-0.602015671664151,1.5,-0.727188351446263,-0.461010171889029,-0.236504571034574
"468",468,"female","Black","yr3","STEM","math02","Auditory",5,2.60286850918202,1.82029657385926,1.54819490110066,4.2,4.60080628399677,2.24746046936041,1.28117817349298,1.66666666666667,-2.07088053553239,-0.775009461376907,-2.31844502908925,3,-0.49104186277448,-0.421323930514003,0.0266801160343798,3.33333333333333,0.771467085034949,0.529182982114226,0.357017115684601,4,1.63391339847463,1.02262885178259,0.58581841920635,3.85714285714286,0.56964411147041,0.260484810737653,0.191729107331358,3.14285714285714,-0.853266969069711,-0.289108411360843,-0.29317601466673,3.71428571428571,1.80776908783672,0.868635172676769,0.620654915940681,2,-3.30316942349232,-2.01342839661511,-1.31792396407969,3.28571428571429,-0.0424976823095623,0.026670477621724,0.0438607869763935,1.33333333333333,-2.17536067099835,-1.62018415199105,-0.911957328966517,1,-1.67277738826583,-0.843783682502592,-0.351623884594771
"469",469,"female","other","yr1","STEM","stats","Visual",3.5,0.118947860122923,0.0720207219114799,0.186847807824493,1.8,-0.297287274963821,0.0723841467019143,-0.10499743264672,3.66666666666667,0.144071156092395,-0.110442347996547,0.107850103762977,2.5,-2.08175192819142,-1.16417580794528,-0.574388564105239,2,-1.81362524404049,-1.25324856522847,-0.824099592672278,2.28571428571429,-2.15089546898379,-1.30707533243925,-0.795553400926505,2.85714285714286,-1.9650560496861,-0.786219093470079,-0.713179603350433,2.71428571428571,-1.9125459004394,-1.22724597596586,-0.681568053316828,2.71428571428571,-0.639697893066253,-0.0894230468754745,-0.412565071913597,2.42857142857143,-2.55458071608082,-1.33653275217527,-1.20982321413523,2.85714285714286,-1.0034266228776,-0.523548886356754,-0.449594876861125,2,-0.831435085337812,-0.59098647132696,-0.345969846195772,2,0.540253950577553,0.283649408721219,0.198889762177158
"470",470,"male","Black","yr2","Other","math02","Kinesthetic",3.25,-0.328777453514749,0.0532124507374279,-0.031776160426523,2.8,1.65128823927061,0.835844220936368,0.383928531302159,3,-0.907467385408693,-0.586598229251075,-1.1593922462537,4.1,2.51945876124392,1.64869167352128,0.723515605120443,3,0.138577045466698,0.0294140206472816,0.0613794923254764,3,-0.538019970908703,-0.437998952290311,-0.211297874818083,3.42857142857143,-0.468729513351551,-0.326222590511075,-0.1484034553782,3,-1.19361259718417,-0.627194603101,-0.414396144004844,3.28571428571429,0.710446994493652,0.370970154069367,0.209902225087869,2.85714285714286,-1.35319264361351,-0.716299669400678,-0.572721764781774,3.57142857142857,0.56686430728887,0.330316620251184,0.240463783614029,2.33333333333333,-0.182829176189881,-0.133607781105436,-0.089924020727394,2.75,2.22543248307023,1.33100791022392,0.514657917569609
"471",471,"female","white","yr1","Business","math02","Visual",3.75,0.60405059810558,0.341300181089394,0.635537879904208,3.8,3.76730999141758,2.44724015369463,0.940534580347976,3.33333333333333,-1.3260268155909,-1.2573205380518,-2.86706786204148,3.1,-0.376892295952427,-0.201167444736813,-0.143885764944376,2.33333333333333,-1.15408078010173,-0.780790096851394,-0.524370292703424,3.28571428571429,0.0302379305164231,0.0226241532559591,-0.00190299094373043,4,0.905693381081866,0.491652562079174,0.307811920424704,3.71428571428571,0.586116038770293,0.526310633865556,0.176239887936144,3.42857142857143,1.17015553170157,0.528956491116411,0.427658060476351,3.71428571428571,0.719407926322634,0.469305299956049,0.258433497061502,3.71428571428571,0.897893533911213,0.697039710825961,0.430594740410969,3,1.15873938614775,0.709656462987391,0.490066500470339,1.75,-0.145545053747768,-0.0624058125857035,-0.0412452428363662
"472",472,"male","white","yr4","Other","stats","Visual",2.5,-1.60903209685404,-1.23884359066892,-1.08869440857429,2,0.00471483569290584,-0.0905353350952844,0.0602544458115868,3.33333333333333,-0.386362882712429,-0.493420007668577,-1.49163594484367,4,2.22513670478581,1.46575508256768,0.646995258224203,1,-3.79634908710223,-2.34704558621879,-1.73709533193687,1.71428571428571,-3.53763579976102,-1.85678465586495,-1.36915173421439,2.71428571428571,-2.15499845879501,-1.07442294054006,-0.757509750292087,1.57142857142857,-4.71325491666379,-2.6901587755752,-1.62030745432178,2.14285714285714,-1.56727144693917,-1.03871965063239,-0.552962248691344,2,-3.20562809576958,-2.01449347421443,-1.25655739825036,2.42857142857143,-1.93850156430422,-1.3834274961973,-0.805887180099615,1.66666666666667,-1.48239801780865,-1.23429859811974,-0.588012633237163,1.25,-1.19998286985605,-0.652396927195811,-0.294064227814672
"473",473,"female","white","yr3","STEM","math04","Visual",3.25,-0.395337649171429,-0.459590036837044,-0.572484991286626,1.2,-1.58414135310556,-0.959716958919861,-0.39777303004052,3,0.962530944239699,0.651403393425841,-0.340258159054674,4.6,3.98794560525175,2.48747704005328,1.26758525150371,1.33333333333333,-3.12157822888936,-1.94280301850961,-1.42490293483048,2.14285714285714,-2.43309863021843,-1.65001236904064,-0.862664534244473,3.28571428571429,-0.71805287179664,-0.630694974736563,-0.224074505632884,2.14285714285714,-3.29210148819126,-1.91124332704919,-1.14927391240078,2.28571428571429,-1.4042974099771,-0.99692611614018,-0.591403152582269,2.42857142857143,-2.13685451915859,-1.39303773149723,-0.744381730037804,3,-0.712161225767657,-0.479436135672619,-0.218243286994756,1.66666666666667,-1.48239801780865,-1.23429859811974,-0.588012633237163,1.75,-0.150238126409654,-0.322172554578652,-0.134069237439159
"474",474,"female","other","yr1","STEM","stats","Kinesthetic",2.5,-1.63638107923622,-1.16628103538234,-1.10697994024372,1.4,-1.18766587069342,-0.633922527946093,-0.333525637912736,3.66666666666667,1.08373508897087,0.653458182386678,1.48328202096079,3.7,1.54596231227363,0.659174985710903,0.667565553544218,3.83333333333333,1.75447534674627,1.11807339207524,0.792966050851751,3.71428571428571,1.19316995530015,0.438754421610121,0.520819858467309,4.57142857142857,2.32174590944082,1.37535274583092,0.778550519369562,4.28571428571429,2.01976462252351,1.20909193793413,0.719485874426199,3,0.463262642070543,0.010216846440068,0.381033687202721,4.57142857142857,2.72693343139244,1.71477139667522,1.10971059509495,3,-0.668929480475728,-0.588626205403539,-0.425703367936784,2,-0.831435085337812,-0.59098647132696,-0.345969846195772,1.25,-1.09582716322922,-0.704946065192215,-0.249188550999356
"475",475,"male","white","yr3","STEM","math03","Visual",3.5,-0.00231030029811435,-0.295656655089819,-0.390432086374456,1.4,-1.14365438207682,-0.431379909661745,-0.322408090822972,3.33333333333333,0.562630586274606,0.560279960804179,1.81552571955075,3,-0.693766893567773,-0.318577880021777,-0.257441991975146,2.66666666666667,-0.519864143211638,-0.305006531602275,-0.239282894678876,2.42857142857143,-1.76251088014058,-1.08863271375874,-0.61829056788966,3.71428571428571,0.17676989077962,0.0890313231215239,0.0145310016348815,3.14285714285714,-0.871361956354912,-0.605649664898899,-0.280050244597095,3.28571428571429,0.863731299174287,0.447022804556629,0.326935406927433,3.42857142857143,0.0317867600163785,0.00895865719073695,-0.037440575755771,3.28571428571429,-0.0794732984258468,-0.00108323031195398,0.033435771286372,4,3.15362790427913,2.38216627044426,1.29809677028247,1.5,-0.623032644819437,-0.513559309885433,-0.191628894219258
"476",476,"male","Black","yr3","STEM","math04","Auditory",4.5,1.76304708102383,1.26567884549444,1.11517623385303,3.8,3.77537026017624,1.90566475293327,1.01931144697553,4,0.674505194897219,0.272535311675484,1.70733615236962,1.4,-5.71695738542602,-3.06982296998538,-1.95462495553182,5,3.98620410056276,2.58234944044327,1.82061697304004,5,3.9261456704954,2.35256263097091,1.45105146459158,5,3.31367547972593,1.91915665923684,1.0979722632391,5,3.73679657201665,2.30646665724278,1.25687647338945,4,2.38802986896535,1.83111731593757,0.887504206717364,5,3.63061219171766,2.33893933302049,1.38525280960426,5,3.7350316100817,2.22691801750131,1.37973577599676,1,-2.82396658014628,-2.07756284221257,-1.1680031544349,1,-1.67277738826583,-0.843783682502592,-0.351623884594771
"477",477,"female","other","yr5+","STEM","math02","Kinesthetic",5,2.60286850918202,1.82029657385926,1.54819490110066,1.8,-0.370829563426772,-0.254361426132537,-0.0484490146573995,3,-1.84713131828717,-1.3504987596343,-2.53482416345152,1.8,-4.19416340088298,-2.57394551200565,-1.32803879027845,2.83333333333333,-0.136708931894937,-0.230046866580292,-0.0463437038385096,2.42857142857143,-1.69587812247696,-1.10264202718143,-0.539159934983711,4,0.899204031148571,0.669592870987758,0.27538936182069,3.14285714285714,-0.736436276457939,-0.471284407437945,-0.254271098970178,2,-2.03353438288926,-0.612265321456977,-0.890851087262466,3.14285714285714,-0.492390746029153,-0.137692569089408,-0.149997366693427,3.71428571428571,0.921644324933539,0.504326512381438,0.442775989473152,1.33333333333333,-2.17300364767544,-1.43425071541979,-0.925960367393505,1,-1.67277738826583,-0.843783682502592,-0.351623884594771
"478",478,"male","white","yr1","STEM","math03","Kinesthetic",2.25,-2.01025409876064,-1.3909168608494,-1.19017069028376,1.4,-1.16458546536928,-0.59334824959826,-0.27795202248177,4,2.54450352454561,1.5105369343524,2.52647023956865,4.8,4.66261891294886,2.85435095866275,1.45796748076552,2.83333333333333,-0.0800305208857671,-0.292782186947648,-0.0253824562949338,4.28571428571429,2.40699133151641,1.51476718585954,0.931925753659229,4.85714285714286,2.93988812279813,1.6974864340742,0.975348142162894,4.85714285714286,3.37612791654163,2.09785875896564,1.14002266735045,2.85714285714286,-0.216164354756474,-0.322332159074286,0.0244643790916978,4.57142857142857,2.90681157048455,1.72024740777433,1.22932938157392,5,3.7350316100817,2.22691801750131,1.37973577599676,2.33333333333333,-0.138472432148111,-0.205100917455658,-0.0220251504664182,1.25,-1.19998286985605,-0.652396927195811,-0.294064227814672
"479",479,"male","white","yr1","Business","math02","Visual",4.75,2.16426908293044,1.41775211567492,1.21665251556249,3.2,2.4600642777786,1.75698072351128,0.590228287929941,3,-1.83780178217861,-1.06069932154477,-0.603094416254917,2.9,-1.02806331359038,-0.467373973566803,-0.350776843136964,2.83333333333333,-0.241277368588207,-0.00122621501268248,-0.121372264182529,3.71428571428571,1.03573354975668,0.562342012836845,0.363977531336658,4,0.913205652410614,0.588950888676126,0.322469104978043,3.57142857142857,0.218937140828395,0.094374280752359,0.078932092344526,3.85714285714286,2.14263531392782,1.17455028101147,0.784355797639419,4,1.28167157990357,0.94726130425833,0.438563856439303,4.14285714285714,1.83907226170531,0.95918216304529,0.600574883556852,2.66666666666667,0.512490500322729,0.438211209337126,0.220017636574972,1.5,-0.727188351446263,-0.461010171889029,-0.236504571034574
"480",480,"female","white","yr4","Other","stats","Visual",4,0.931420305898933,0.699201005562881,0.601580943402697,3.6,3.33407835202927,1.68992974215697,0.84293828418918,3.66666666666667,-0.80492231289464,-1.1641423164693,-3.19931156063144,1.6,-4.83439289950815,-2.98097867058937,-1.53690007051156,2.5,-0.801820480103208,-0.600672514004248,-0.369971419499339,2.14285714285714,-2.75476461809713,-1.33831486375032,-1.16847742959815,3.57142857142857,-0.169749735861504,-0.134027628969819,-0.0696289506746809,3,-1.25320791096751,-0.570893408224301,-0.478921682509179,2.14285714285714,-1.60038202686659,-1.14529957697682,-0.479973796196763,2,-3.25037862720569,-1.92871191201201,-1.30589829239092,2.71428571428571,-1.32407829251309,-0.598296340816374,-0.418580505621482,1.66666666666667,-1.48239801780865,-1.23429859811974,-0.588012633237163,1.5,-0.591444326483657,-0.0945276831013762,-0.118547981207099
"481",481,"female","white","yr4","Other","math04","Visual",3.25,-0.338805895477554,-0.269821292553021,-0.243556732585799,1.4,-1.11331864511224,-0.619778993593454,-0.289065832333255,3.66666666666667,1.08373508897087,0.653458182386678,1.48328202096079,2.7,-1.44934712688637,-0.848689320210308,-0.41054410452737,4.83333333333333,3.67759333930068,2.31399395113116,1.68583677160985,4,1.7522321403222,0.979120302918875,0.671570242560423,4.28571428571429,1.58965185969772,0.798666750270449,0.557091997705944,4.57142857142857,2.75141005882797,1.73910267031179,0.926765839615431,3.71428571428571,1.79392723771122,0.955375818030182,0.59942797020129,4.28571428571429,1.8870156425553,1.29125587924514,0.633937073169394,4,1.55765190261036,0.94427744007344,0.646860404371349,4,3.15362790427913,2.38216627044426,1.29809677028247,1.5,-0.727188351446263,-0.461010171889029,-0.236504571034574
"482",482,"male","white","yr2","STEM","math03","Kinesthetic",4.5,1.85512247013317,1.37102492292513,1.38181340102057,2,0.0986487596530928,-0.105631437699262,0.0612367228465005,3.33333333333333,-1.3260268155909,-1.2573205380518,-2.86706786204148,4.6,4.32942359829048,2.43266720994182,1.43974097158153,4,2.04056580364651,1.35000068377775,0.931188896795814,2.71428571428571,-1.48832318995733,-0.657911515440027,-0.662995847671062,4.57142857142857,2.365108865024,1.33870042938893,0.798756400788893,4.14285714285714,1.63311286033848,1.0759681109234,0.536027494501101,3.85714285714286,2.24644376475134,0.952570861104888,0.859911699102591,4,1.31935165331434,0.888150089808624,0.484193885042945,4.42857142857143,2.45332567281895,1.44073889021417,0.870514342971885,3,1.16109640947066,0.89558989955865,0.476063462043351,1.5,-0.623032644819437,-0.513559309885433,-0.191628894219258
"483",483,"female","white","yr3","Other","math04","Visual",3.5,0.0624161064290482,-0.117748022372544,-0.142080450876334,1,-1.95968575222524,-1.12354304995711,-0.506476490509507,4,0.674505194897219,0.272535311675484,1.70733615236962,3,-0.693766893567773,-0.318577880021777,-0.257441991975146,4,1.99045138522829,1.46304983335535,0.906278658005764,3.85714285714286,1.33967666126276,0.856246648619689,0.495726348204825,3.71428571428571,0.249813080408209,0.179016400014779,0.104472989648513,3.57142857142857,0.246935242134572,0.0574848944894955,0.110688100517235,4.57142857142857,3.71852894052213,1.82660337074793,1.41458386453402,3.57142857142857,0.298449438591809,0.300655696455297,0.0923114367369201,3.85714285714286,1.18360232821525,0.781171437492284,0.461360679327698,3.33333333333333,1.80970231861859,1.35296858978018,0.732109287511729,3.75,4.46535906758751,2.61770588623884,1.0454284827509
"484",484,"male","white","yr1","Other","stats","Kinesthetic",3.5,0.0624161064290482,-0.117748022372544,-0.142080450876334,1.2,-1.58414135310556,-0.959716958919861,-0.39777303004052,3.66666666666667,1.07440555286231,0.363658744297145,-0.44844772623581,3.5,0.645326396906468,0.328069662002311,0.192468509173638,3.16666666666667,0.488471945548357,0.280558781486692,0.21130794243258,4.42857142857143,2.61868710053894,1.43175465958631,0.935787053449741,4.85714285714286,2.99532349151419,1.7849846855904,0.987426122887693,4.42857142857143,2.349454122334,1.41872298844479,0.775868737486377,4.28571428571429,3.15664064653058,1.55992213484629,1.20473437202066,4.71428571428571,3.14807844422892,1.92647804952305,1.28130385758404,4.85714285714286,3.41819599342739,2.18829081466787,1.31249468894182,1.66666666666667,-1.43804127376688,-1.30579173446997,-0.520113762976187,1,-1.67277738826583,-0.843783682502592,-0.351623884594771
"485",485,"female","white","yr3","Other","math01","Visual",3.75,0.436289125953471,0.106887803094519,-0.0588897008362933,2.2,0.387514566453016,-0.155682606337574,0.146726549339325,3.66666666666667,-0.795592776786081,-0.874342878379771,-1.26758181343484,3.8,1.81782835236135,1.05704466496002,0.591149489803191,4.33333333333333,2.63349830171703,1.84299497749957,1.20112804614345,3.71428571428571,1.07244436012747,0.548668966014669,0.430662160247268,4,0.92339066248158,0.588648339774257,0.313348593166643,3.71428571428571,0.515902039930817,0.486670579066051,0.168857609573571,3.85714285714286,2.03670292772903,0.996841336656758,0.665515756078081,4.42857142857143,2.19367092366248,1.63355047140564,0.718980752755894,3.85714285714286,1.19541506019681,0.604208683845497,0.444061233645288,2,-0.831435085337812,-0.59098647132696,-0.345969846195772,2,0.567149196251447,0.442914293512327,0.179146680586523
"486",486,"female","white","yr2","Business","math03","Visual",4.75,2.16426908293044,1.41775211567492,1.21665251556249,3.2,2.51079165024041,1.22673996414114,0.681101241443894,2.33333333333333,-1.95900592690978,-1.0627541105056,-2.42663459627038,3.8,1.87530116158941,1.03355876427714,0.695471501444126,1.16666666666667,-3.44888405960284,-2.20995334528907,-1.57568356945969,2,-2.95055114556691,-1.63723870659404,-1.1446476715641,2.14285714285714,-3.59840817792782,-2.05124334968112,-1.19438518345669,2,-3.66137383412625,-2.17719778999898,-1.2438330240114,2,-1.99858919086821,-0.922525798499781,-0.689915798722674,2.71428571428571,-1.64464340836733,-1.06620042785892,-0.654651099188585,2.28571428571429,-2.26630645512522,-1.29867527286987,-0.777962858784996,1.33333333333333,-2.17536067099835,-1.62018415199105,-0.911957328966517,2.5,1.86617981661104,1.60660550090663,0.687621926810413
"487",487,"female","white","yr2","Other","math01","Kinesthetic",2.25,-2.04763152310563,-1.64138804885326,-1.42023679411246,2,0.0248409818671416,0.384035043323044,-0.0852098460984181,4,0.674505194897219,0.272535311675484,1.70733615236962,2.9,-0.977899813978683,-0.512663345175875,-0.324030107421801,4.83333333333333,3.66059822493476,2.37492136450625,1.67030977644569,5,3.9261456704954,2.35256263097091,1.45105146459158,4.85714285714286,3.00181284144748,1.60704437668181,1.01984868149171,4.57142857142857,2.62051436812333,1.68192678285794,0.831289562561723,2.71428571428571,-0.181397114432116,0.143354992956413,0.0335772190166928,5,3.63061219171766,2.33893933302049,1.38525280960426,4.28571428571429,2.15756044298076,1.23297211757286,0.764940142563029,3,1.16109640947066,0.89558989955865,0.476063462043351,1,-1.67277738826583,-0.843783682502592,-0.351623884594771
"488",488,"male","white","yr2","STEM","math03","Kinesthetic",4.75,2.2289954896576,1.5956607483922,1.46500415106062,2.4,0.887838099782072,0.844744701832266,0.311014008018851,3,-1.84713131828717,-1.3504987596343,-2.53482416345152,5,5.14404030313939,3.25008804515714,1.55143250842355,4.83333333333333,3.66059822493476,2.37492136450625,1.67030977644569,4.71428571428571,3.3356123836397,1.86931243014838,1.26542071153275,5,3.31367547972593,1.91915665923684,1.0979722632391,4.28571428571429,2.08137493090302,1.19138542806098,0.749162847217139,3.57142857142857,1.7372164254748,0.920467970785461,0.728639557209895,4.57142857142857,2.7214062783416,1.63675358311383,1.09237792874425,4.57142857142857,2.77033115015074,1.78294052125966,1.05512264508993,1.66666666666667,-1.48239801780865,-1.23429859811974,-0.588012633237163,2.5,1.47645684207335,0.146889435348884,0.128361086531768
"489",489,"female","white","yr5+","STEM","stats","Visual",4.5,1.74389275167494,1.32638128921428,1.0163140789809,1.8,-0.259696206358815,-0.344988299509338,-0.0938865310982509,1.33333333333333,-0.731316244688825,0.0800145016279787,-3.09879699049686,1.9,-3.90373096382197,-2.40085724649547,-1.23759755624535,4,2.17074986211528,1.14091132089471,0.995288485318005,3.28571428571429,0.0779642837689695,0.0120207255910167,0.0390367801372337,3.71428571428571,0.268989404658383,0.223308614786297,0.0867196397218906,3.42857142857143,-0.150024645404869,-0.188433868344616,-0.0463426325191068,2.85714285714286,-0.443397984774229,0.394988055701895,-0.519972643959789,4.42857142857143,2.26518809737153,1.42520451260929,0.857225450943589,2.14285714285714,-2.59180800943424,-1.76048072181826,-1.14048101457459,4,3.15362790427913,2.38216627044426,1.29809677028247,2,0.530867805253781,-0.235884075264679,0.0132417729715716
"490",490,"female","white","yr1","STEM","math03","Visual",4.25,1.26791590107837,0.673365643026083,0.454705589614039,1.8,-0.371634500544999,0.0582406123492756,-0.149457238226202,3.66666666666667,2.02339902184935,1.4173587127699,2.85871393815861,2.3,-2.75079738868935,-1.7636051146717,-0.932273985426209,1.33333333333333,-3.1314430187421,-2.03743627708187,-1.43114137791636,2.28571428571429,-2.04754758723558,-1.38594323529934,-0.711848522932842,3,-1.49830771046583,-0.766020025420081,-0.546693841777489,2.42857142857143,-2.58935996561024,-1.70029593323335,-0.881004344079846,2.71428571428571,-0.561210681788034,-0.142175481925384,-0.348620242780338,3.42857142857143,0.237060703939555,0.0999010658056818,0.159955747205786,3.42857142857143,0.256480614203692,0.161873921044268,0.0548945260444888,2.33333333333333,-0.182829176189881,-0.133607781105436,-0.089924020727394,2,0.431405171288841,0.0764318047246739,0.0611900907590484
"491",491,"male","white","yr2","STEM","math02","Kinesthetic",4,0.996146712626095,0.877109638280156,0.849932578900819,1.6,-0.739923568024244,-0.33455884096752,-0.280392055636437,3,-0.907467385408693,-0.586598229251075,-1.1593922462537,2.9,-0.938792430341643,-0.58663478758148,-0.276016023838555,3.16666666666667,0.445487851643309,0.238047259116939,0.195686255720806,3.28571428571429,-0.0334816296447529,0.228678222135464,-0.0315051190754109,3.42857142857143,-0.427656048274354,-0.30593809708508,-0.112384529028714,2.85714285714286,-1.53620226360878,-1.20691708477852,-0.471682026502973,2.85714285714286,0.0389759452108156,0.00475489729203664,0.138956275675857,3.28571428571429,-0.206746391059998,-0.103357588237246,-0.0596244008717678,3.42857142857143,0.231273052953703,0.126552649085783,0.0451460311485301,2,-0.831435085337812,-0.59098647132696,-0.345969846195772,2.5,1.64848225803362,1.19217029291354,0.412222583974195
"492",492,"female","Asian","yr1","Other","math02","Kinesthetic",1.75,-2.85007552691883,-1.94553458921421,-1.62318935753139,1.4,-1.16592985028273,-0.784556226491391,-0.276973482685136,3.33333333333333,1.49296498304452,1.03438105309787,1.25922788955197,4.6,4.11790959754298,2.64260977527091,1.34459836953046,2.16666666666667,-1.53326974932525,-0.942179761346069,-0.703125064149312,3,-0.510509190654782,-0.320743680734791,-0.141147361865815,3.57142857142857,-0.158345917923565,0.038593254967513,-0.0469898509622456,3,-1.19531703207861,-0.682642974251729,-0.410263191544454,2.71428571428571,-0.456367427428903,-0.191105992945194,-0.222235179446382,3.42857142857143,0.189610535598099,0.0501453454169029,0.159791539703203,2.71428571428571,-1.34182061170161,-0.513442008422197,-0.35142399328178,3,1.16109640947066,0.89558989955865,0.476063462043351,2,0.426712098626955,-0.183334937268275,-0.0316339038437446
"493",493,"male","white","yr1","STEM","math04","Kinesthetic",3.25,-0.311456913095375,-0.342383847839607,-0.225271200916375,2.4,0.828001537481759,0.372654442920542,0.222091488556873,3,0.962530944239699,0.651403393425841,-0.340258159054674,3.7,1.52617504836268,0.727710512662384,0.648176451028128,2.33333333333333,-1.21649415329589,-0.638913264304154,-0.562579857668097,2.85714285714286,-0.723137996389886,-0.516961385939236,-0.212172238423876,2.71428571428571,-2.18793871276844,-1.46963404279614,-0.68309612521329,2.85714285714286,-1.46808171276239,-1.00129513981561,-0.461551064159409,2.42857142857143,-0.844267563273187,-0.483758835190492,-0.185297794353191,2.85714285714286,-1.16594967033985,-0.906156405506347,-0.376982937963969,2.71428571428571,-1.2963156541161,-0.747761006343595,-0.405097788736433,3,1.11673966542889,0.967083035908873,0.408164591782375,1.5,-0.623032644819437,-0.513559309885433,-0.191628894219258
"494",494,"female","white","yr1","Other","math01","Kinesthetic",2.75,-1.11390091690858,-0.64653038820056,-0.428223764335304,1,-1.95968575222524,-1.12354304995711,-0.506476490509507,3.33333333333333,1.49296498304452,1.03438105309787,1.25922788955197,3.5,0.871723778790141,0.402194274061245,0.31973659501643,4.83333333333333,3.63873907306337,2.44525719951355,1.65920521056286,5,3.9261456704954,2.35256263097091,1.45105146459158,4.28571428571429,1.59032045489266,0.750196434291298,0.526324997298976,4.85714285714286,3.36953922067783,2.07910687929654,1.12746879606543,3.57142857142857,1.51436406528275,0.759160259725048,0.534901957035754,4.71428571428571,2.91363153543432,1.99982513550693,1.04862338999062,4.57142857142857,2.80790989607014,1.6076205010533,0.973269622713553,4,3.15362790427913,2.38216627044426,1.29809677028247,1.5,-0.623032644819437,-0.513559309885433,-0.191628894219258
"495",495,"female","white","yr1","STEM","stats","Kinesthetic",4.25,1.33264230780553,0.851274275743358,0.703057225112161,1.6,-0.745029577632997,-0.226979540276659,-0.15813101492302,3,-0.916796921517252,-0.876397667340607,-3.09112199345031,2.9,-0.878225409254548,-0.791924149105965,-0.290594494371188,1.83333333333333,-2.13746239957668,-1.45338815387268,-0.971342891240013,2.14285714285714,-2.4422986603353,-1.51908405066294,-0.859198650202815,4,0.823871351013995,0.636544603962482,0.201260418737214,3,-1.17212473834487,-0.887412444199919,-0.363094125384759,3.28571428571429,0.927710680210617,0.316667715382611,0.333500916155901,2.42857142857143,-2.17192768729217,-1.39288014915394,-0.807940945349375,2.71428571428571,-1.34103310012829,-0.921668789407104,-0.568177803570473,2,-0.831435085337812,-0.59098647132696,-0.345969846195772,1.25,-1.06423884489344,-0.285914438408157,-0.176107637987198
"496",496,"female","white","yr1","Other","math02","Kinesthetic",5,2.60286850918202,1.82029657385926,1.54819490110066,3,2.09258014741758,1.05157923171267,0.560301694088509,2.66666666666667,-2.36823582098343,-1.4436769812168,-2.20258046486156,1.4,-5.42467545026906,-3.27988116970146,-1.81813720376215,1.83333333333333,-2.14806139926715,-1.36483822006058,-0.984168779379773,2,-2.95055114556691,-1.63723870659404,-1.1446476715641,2.28571428571429,-3.34847025829872,-1.64868900973371,-1.16076214103811,2.28571428571429,-3.00195739125744,-1.72542179742437,-1.00908677147135,1.85714285714286,-2.29925570519222,-0.895221525115523,-0.934150154688612,2,-3.30316942349232,-2.01342839661511,-1.31792396407969,2.14285714285714,-2.59909197819496,-1.36480056382288,-0.8759861084074,2.33333333333333,-0.182829176189881,-0.133607781105436,-0.089924020727394,1.25,-1.19998286985605,-0.652396927195811,-0.294064227814672
"497",497,"female","white","yr1","Health","stats","Kinesthetic",3.5,0.0350671240468692,-0.0451854670859573,-0.160365982545758,1.8,-0.341298763580425,-0.130158471582434,-0.116114979736484,3,0.971860480348258,0.941202831515373,1.59147158814193,2.3,-2.67411606026631,-1.68260732091827,-0.783385764792697,2.33333333333333,-1.17593993197311,-0.710454261844096,-0.535474858586247,3.28571428571429,0.260082237419794,0.000129378365389255,0.177472414672042,3.28571428571429,-0.851874845426384,-0.170036428599972,-0.329197424268189,3.57142857142857,0.215956086470036,0.0585080467230126,0.0502171575384191,1.71428571428571,-2.70897335298979,-1.38353226547515,-1.09256520545025,3.57142857142857,0.425350256291632,0.178358173604232,0.194433349362621,2.85714285714286,-1.01406025449888,-0.740556351112631,-0.449935389232498,2.66666666666667,0.512490500322729,0.438211209337126,0.220017636574972,1,-1.67277738826583,-0.843783682502592,-0.351623884594771
"498",498,"female","other","yr1","STEM","math02","Auditory",3.25,-0.366154877859733,-0.197258737266434,-0.261842264255222,1.2,-1.54147424940241,-0.948382317528644,-0.385676943154122,3.66666666666667,2.02339902184935,1.4173587127699,2.85871393815861,2.7,-1.43057215319245,-1.02316661764927,-0.365895162266243,3.16666666666667,0.525930849457484,0.225714692871767,0.245899268822387,3.28571428571429,-0.11267839408262,0.140922186020963,-0.108276822475804,4,0.877615203139666,0.497274535952295,0.261870773919655,3.71428571428571,0.600903413760621,0.136183502583012,0.237808489923908,2.42857142857143,-0.803895491575722,-0.513958095182034,-0.0998048497867605,3.28571428571429,-0.239026128810737,-0.119096588653306,-0.13564160072676,3.85714285714286,1.16184816165207,0.822777236969158,0.527215723844533,2,-0.831435085337812,-0.59098647132696,-0.345969846195772,1,-1.67277738826583,-0.843783682502592,-0.351623884594771
"499",499,"female","white","yr3","Health","stats","Kinesthetic",4.75,2.2289954896576,1.5956607483922,1.46500415106062,3,2.09392453233104,1.2427872086058,0.559323154291875,3.33333333333333,-0.37703334660387,-0.203620569579045,0.440093802352938,3.1,-0.409633973156862,-0.124492414867678,-0.19085387652849,3,0.0949275067302644,0.11765192711224,0.0417608205515849,2.85714285714286,-0.952555610758012,-0.473687130568625,-0.369506697180401,3.28571428571429,-0.808145228875374,-0.62913989578908,-0.242188856919852,3.14285714285714,-0.86647769538556,-0.642346156380524,-0.263363420851675,2.57142857142857,-0.640921454613656,-0.472164560689827,-0.138245753677685,2.71428571428571,-1.67418942345007,-0.988025031954238,-0.700877648149462,2.85714285714286,-0.997426568336376,-0.585524492662073,-0.446675157827964,2,-0.831435085337812,-0.59098647132696,-0.345969846195772,1.5,-0.623032644819437,-0.513559309885433,-0.191628894219258
"500",500,"female","Asian","yr1","STEM","math03","Visual",4.5,1.85512247013317,1.37102492292513,1.38181340102057,2.4,0.945015866766088,0.398132618664398,0.278647381022753,3.33333333333333,-0.386362882712429,-0.493420007668577,-1.49163594484367,2.3,-2.71911091519977,-1.74946041811306,-0.945893949843315,1.33333333333333,-3.1314430187421,-2.03743627708187,-1.43114137791636,2.42857142857143,-1.95805122999827,-1.01340499014951,-0.73538721946079,3.85714285714286,0.515035777678285,0.550540397393326,0.112360766981375,3.28571428571429,-0.370343756597858,-0.113185081855796,-0.18053176356536,2.14285714285714,-1.43959727571902,-0.686196740329345,-0.294089475928308,2.42857142857143,-2.20681433032009,-1.34966551746359,-0.866028958496438,1.71428571428571,-3.55879728478445,-2.16662802684102,-1.3164946556626,2.33333333333333,-0.138472432148111,-0.205100917455658,-0.0220251504664182,2.5,1.48584298739712,0.666422919334781,0.314009075737355
"501",501,"male","other","yr5+","Business","math03","Kinesthetic",3,-0.675301490656994,-0.243985930016222,-0.096681378797141,1.4,-1.1146630300257,-0.810986970486585,-0.28808729253662,2.66666666666667,-1.42857188810496,-0.679776450833573,-0.827148547663742,2.9,-0.931731773364956,-0.862507081312623,-0.262463015095818,3.83333333333333,1.67433694168939,1.26654736893032,0.751186241127854,3.14285714285714,-0.37234378499774,-0.427290128978435,-0.160212558671547,2.85714285714286,-1.97323691620978,-0.835047104087879,-0.697069787496804,3.28571428571429,-0.508910412588526,-0.54616997063798,-0.135229509286086,3,0.132897391581169,0.256708940112314,-0.035514479982021,3.71428571428571,0.602370997030996,0.549035892295062,0.147564465429304,2.85714285714286,-1.04242587920199,-0.699775266430353,-0.459703109163719,2.66666666666667,0.512490500322729,0.438211209337126,0.220017636574972,2,0.530867805253781,-0.235884075264679,0.0132417729715716
"502",502,"female","white","yr2","Other","stats","Kinesthetic",4.75,2.14511475358154,1.47845455939476,1.11779036069037,2.4,0.872013026098363,0.57519706120489,0.233209035646637,3.33333333333333,-1.3260268155909,-1.2573205380518,-2.86706786204148,2.6,-1.85974168897951,-1.2601045808359,-0.651151489132888,1.83333333333333,-2.12450229231029,-1.37545180422543,-0.972590775462085,3.14285714285714,-0.113782270478984,-0.223602798776845,0.0506780772337752,3,-1.49978675331629,-0.713316462496516,-0.523403819108928,3.71428571428571,0.546533192645791,0.469987221426419,0.138063639385695,3.14285714285714,0.465451927885034,-0.407092455715203,0.156708463043342,3.14285714285714,-0.527556645790902,-0.332025901443732,-0.182309082074947,1.85714285714286,-3.23182443915503,-1.98551558854654,-1.19825224132463,1.33333333333333,-2.17536067099835,-1.62018415199105,-0.911957328966517,1.25,-1.19998286985605,-0.652396927195811,-0.294064227814672
"503",503,"female","white","yr2","Other","math01","Kinesthetic",2.75,-1.15127834125356,-0.897001576204422,-0.658289868164003,1.4,-1.16458546536928,-0.59334824959826,-0.27795202248177,2.66666666666667,-1.42857188810496,-0.679776450833573,-0.827148547663742,2.4,-2.14122317393536,-1.56137840993187,-0.375531259129066,3.16666666666667,0.601870661840279,-0.0441002911858184,0.296098492889739,4.57142857142857,3.04137564642782,1.70293022698547,1.17532864053123,4.28571428571429,1.67466103647485,1.20962655010624,0.51705376490364,3.57142857142857,0.380036168817473,0.0598363022944691,0.180595238937244,1.85714285714286,-2.37651070051588,-1.35668103169924,-0.961903162613356,3.85714285714286,1.22797507950237,0.686813420729567,0.665738517556383,3.28571428571429,-0.0763410251917328,-0.092496749016767,-0.0372977558452914,2,-0.831435085337812,-0.59098647132696,-0.345969846195772,3.5,4.10141332846643,2.6335367349286,1.12556849738891
"504",504,"female","white","yr1","STEM","stats","Kinesthetic",3.25,-0.338805895477554,-0.269821292553021,-0.243556732585799,2,0.0769127392424039,0.0450022608460361,0.00468456761890011,4,0.674505194897219,0.272535311675484,1.70733615236962,2.5,-2.02144753605142,-1.35345686517477,-0.514387020221032,2.83333333333333,-0.287356779906909,-0.0270408284574187,-0.129507623586346,3.57142857142857,0.630397940024244,0.395725516180835,0.202302824932681,3.42857142857143,-0.426845600618828,-0.310171344029493,-0.104907551290307,3.14285714285714,-0.859855664933508,-0.307860291029947,-0.305729885951759,3.57142857142857,1.37541341235296,0.707990802030123,0.473422330474638,2.57142857142857,-1.93326771882499,-1.1276958752988,-0.738037282631333,3.57142857142857,0.573512025251481,0.207629405168829,0.221692539216889,2.33333333333333,-0.138472432148111,-0.205100917455658,-0.0220251504664182,2.25,1.00835539632545,0.215269422035051,0.163625424354463
"505",505,"female","white","yr2","STEM","math02","Visual",4.25,1.3973687145327,1.02918290846063,0.951408860610283,2.4,0.914680129801514,0.586531702596107,0.245305122533035,2.66666666666667,-1.42857188810496,-0.679776450833573,-0.827148547663742,2.7,-1.44934712688637,-0.848689320210308,-0.41054410452737,4.33333333333333,2.74029113114442,1.66721050755461,1.24699953247708,5,3.9261456704954,2.35256263097091,1.45105146459158,4.85714285714286,2.94887943697734,1.74208119774759,0.966715304047672,5,3.73679657201665,2.30646665724278,1.25687647338945,4.85714285714286,4.2794747441745,2.15335511076702,1.55797615768223,5,3.63061219171766,2.33893933302049,1.38525280960426,4.85714285714286,3.43000872540895,2.01132806102109,1.29519524325941,2,-0.831435085337812,-0.59098647132696,-0.345969846195772,1,-1.67277738826583,-0.843783682502592,-0.351623884594771
"506",506,"female","white","yr1","Other","math01","Visual",4.75,2.2289954896576,1.5956607483922,1.46500415106062,2.6,1.3718270861428,0.535527965706456,0.376237031640254,3.33333333333333,-1.3260268155909,-1.2573205380518,-2.86706786204148,3.5,0.794883163770104,0.568769723769686,0.303510916410163,3.33333333333333,0.791557516814521,0.451558659814119,0.365057783540806,3.85714285714286,1.2758774494595,0.824629446981599,0.44304253702409,4.57142857142857,2.27449140724844,1.33668250493252,0.750362722791135,4.14285714285714,1.63311286033848,1.0759681109234,0.536027494501101,4.42857142857143,3.41292734814704,1.68547026522667,1.3201184620805,4,1.52170534946386,0.842121052755758,0.646328354945876,4.42857142857143,2.45613140408438,1.57837757042656,0.967808845814979,3,1.11673966542889,0.967083035908873,0.408164591782375,3.5,3.88371576988901,2.21910152693551,0.850169154552695
"507",507,"female","white","yr5+","STEM","other","Kinesthetic",4.25,1.35179663715443,0.79057183202352,0.80191937998429,2.2,0.554960804365545,0.69225325218623,0.214406634436263,4,2.54450352454561,1.5105369343524,2.52647023956865,2.1,-3.52559307031929,-2.06632842708167,-1.30370451505284,4.66666666666667,3.33499234930675,2.16749328856924,1.52000257985133,4.42857142857143,2.61919344471627,1.69020541058394,0.980909683358042,4.42857142857143,1.91117440735031,1.10690348051971,0.595815740931147,4.85714285714286,3.37442348164718,2.04241038781491,1.14415561981084,3.28571428571429,1.15299415101043,0.52304880284162,0.636105340955986,4.85714285714286,3.30700850660391,2.12616760257335,1.27502611294451,2.85714285714286,-1.01061527710465,-0.617746019932243,-0.450749892188427,4,3.15362790427913,2.38216627044426,1.29809677028247,1.5,-0.623032644819437,-0.513559309885433,-0.191628894219258
"508",508,"male","white","yr2","Business","math02","Auditory",2.5,-1.51512291881518,-0.798603658381037,-0.529700046044768,1.2,-1.5632102698131,-0.797748618983346,-0.442229098381723,3.33333333333333,0.562630586274606,0.560279960804179,1.81552571955075,3.7,1.33053562694353,0.855812043338343,0.397885995612982,2.5,-0.847238738931458,-0.519723094832098,-0.39265398929985,4.42857142857143,2.68333969741269,1.50493082218448,1.03255275834897,5,3.31367547972593,1.91915665923684,1.0979722632391,4.71428571428571,3.01205039127772,1.77835411838704,1.03143476623224,5,4.57205712657628,2.32202944268021,1.63747186549176,4,1.31935165331434,0.888150089808624,0.484193885042945,5,3.7350316100817,2.22691801750131,1.37973577599676,2,-0.831435085337812,-0.59098647132696,-0.345969846195772,1.25,-1.19998286985605,-0.652396927195811,-0.294064227814672
"509",509,"male","white","yr2","STEM","math04","Visual",3.75,0.557547286374509,0.474565180095818,0.518390193362656,2.2,0.489213295338253,0.64034433244718,0.146736932118899,3,-0.907467385408693,-0.586598229251075,-1.1593922462537,2.7,-1.4856463197793,-0.968470003437123,-0.355063494745921,2.16666666666667,-1.41970744745876,-1.00663406379375,-0.643528807421842,2.28571428571429,-2.03687908524699,-1.16598182610455,-0.736552644572681,3.14285714285714,-1.16476040510028,-0.75738734666053,-0.389555631964907,3.28571428571429,-0.425969152163555,-0.414941171276146,-0.118450281339872,2.42857142857143,-0.986136825373406,-0.185635693737795,-0.297679764026592,3.14285714285714,-0.415673819338778,-0.40366020864999,-0.0778303124644254,3.42857142857143,0.265853269990784,0.157975196688259,0.15722471869954,3.66666666666667,2.5050219951312,1.92478758022274,1.0420509448141,1.5,-0.623032644819437,-0.513559309885433,-0.191628894219258
"510",510,"male","Black","yr1","STEM","stats","Kinesthetic",3.25,-0.460064055898592,-0.637498669554319,-0.820836626784748,2.6,1.31115561221365,0.912326133569875,0.309552514660819,2.66666666666667,-2.36823582098343,-1.4436769812168,-2.20258046486156,5,5.14404030313939,3.25008804515714,1.55143250842355,4.16666666666667,2.32262125344723,1.7207917385026,1.05263686335364,4,2.02076741838623,0.855767005185257,0.899995205093527,3.57142857142857,-0.253434057016066,0.104232041467895,-0.144925778259025,3.42857142857143,-0.00252535683028476,-0.354779330508057,0.0837488394092662,3.42857142857143,1.1866211994574,0.564708763113934,0.250449176347121,4.71428571428571,2.91083810505148,2.01572171826628,1.06108137453404,4,1.54566930995133,0.817665765508174,0.546792634990658,3,1.1190966887518,1.15301647248013,0.394161553355387,1.75,-0.25439383303648,-0.269623416582248,-0.178944914254476
"511",511,"female","other","yr1","STEM","math03","Kinesthetic",3.75,0.436289125953471,0.106887803094519,-0.0588897008362933,1.2,-1.5632102698131,-0.797748618983346,-0.442229098381723,3.33333333333333,-0.386362882712429,-0.493420007668577,-1.49163594484367,4.9,4.94038612692717,3.04573283635331,1.52350962421305,5,3.98620410056276,2.58234944044327,1.82061697304004,5,3.9261456704954,2.35256263097091,1.45105146459158,5,3.31367547972593,1.91915665923684,1.0979722632391,5,3.73679657201665,2.30646665724278,1.25687647338945,5,4.57205712657628,2.32202944268021,1.63747186549176,5,3.63061219171766,2.33893933302049,1.38525280960426,5,3.7350316100817,2.22691801750131,1.37973577599676,2,-0.831435085337812,-0.59098647132696,-0.345969846195772,1.75,-0.0413893471209421,-0.114954950582107,0.00363043397895002
"512",512,"female","white","yr1","Health","math02","Auditory",2.75,-1.17862732363574,-0.824439020917835,-0.676575399833426,2,0.0855124557962889,0.00723687545962447,-0.0185253291189825,3.33333333333333,-0.37703334660387,-0.203620569579045,0.440093802352938,3,-0.693766893567773,-0.318577880021777,-0.257441991975146,2.5,-0.82191091188278,-0.523048191704141,-0.378012087355543,3,-0.658318873546137,-0.307304927405721,-0.279414626178877,3,-1.5022887175622,-0.935851535078486,-0.482348422389692,3,-1.19531703207861,-0.682642974251729,-0.410263191544454,3,0.198764881314983,0.110002156595873,0.0634153015406642,2.85714285714286,-1.32103972325358,-0.853428697411775,-0.544424402528827,3,-0.695527539605158,-0.324404277222061,-0.214983055590222,2,-0.831435085337812,-0.59098647132696,-0.345969846195772,2,0.567149196251447,0.442914293512327,0.179146680586523
"513",513,"male","white","yr1","Business","math03","Kinesthetic",4,1.02349569500827,0.804547082993569,0.868218110570242,1.8,-0.307231376431159,-0.0810584448048051,-0.0808089961122036,4,-0.255829201872698,-0.201565780618209,2.2636339823684,3.9,2.10916337966593,1.21199087048719,0.818965207124333,2.16666666666667,-1.48801936841249,-1.04582048929146,-0.673792396077923,2.42857142857143,-1.91754043235894,-1.03145111807284,-0.770727020154344,3.14285714285714,-1.12542026168073,-0.634625505631057,-0.359219363892797,3.42857142857143,-0.148121438793876,-0.260996593855587,-0.0583707435797942,2.85714285714286,-0.0855643254363805,-0.361022970417903,-0.0649923696355797,2,-3.21791236434929,-1.86991586224888,-1.22440989037142,3.14285714285714,-0.343383392548436,0.0155413629078498,0.00740186248890728,2,-0.831435085337812,-0.59098647132696,-0.345969846195772,1.75,-0.25439383303648,-0.269623416582248,-0.178944914254476
"514",514,"male","white","yr1","Other","math01","Kinesthetic",3,-0.861286057805194,-0.789571939734796,-0.922312908494212,1.8,-0.303707694975419,-0.547530917793686,-0.105004078188015,3.33333333333333,1.49296498304452,1.03438105309787,1.25922788955197,3,-0.693766893567773,-0.318577880021777,-0.257441991975146,3.83333333333333,1.74011987715169,1.11655620219546,0.802173700416644,2.42857142857143,-1.73146647084216,-1.166527874725,-0.605451145783198,3,-1.34277389557443,-0.869397306389285,-0.380967352483336,2.28571428571429,-2.93046677295405,-1.70536387974625,-0.968856605842281,2.28571428571429,-1.31116894234909,-0.455638303652805,-0.483511021325609,2.85714285714286,-1.28403614236113,-0.932445925823616,-0.453325313159177,2.57142857142857,-1.61152871867481,-1.20231505790283,-0.68764476576164,1.66666666666667,-1.48239801780865,-1.23429859811974,-0.588012633237163,1.25,-1.19998286985605,-0.652396927195811,-0.294064227814672
"515",515,"female","white","yr1","Business","math03","Visual",3.75,0.436289125953471,0.106887803094519,-0.0588897008362933,1,-1.95968575222524,-1.12354304995711,-0.506476490509507,3,0.971860480348258,0.941202831515373,1.59147158814193,4.3,3.03463892478687,1.87176590878143,0.834944754842461,1,-3.79634908710223,-2.34704558621879,-1.73709533193687,2.14285714285714,-2.42389860010156,-1.78094068741833,-0.866130418286132,3.71428571428571,0.272880951267574,0.298631172126677,0.0947015548809866,3.57142857142857,0.334063398545722,-0.143250086475473,0.121969960501468,1.28571428571429,-3.5381871366772,-1.53145268670343,-1.35603224786759,3.28571428571429,-0.2676115379598,-0.316949233375398,-0.113302187640839,2.57142857142857,-1.64905751045995,-1.28202570739085,-0.849569765268377,1.33333333333333,-2.17536067099835,-1.62018415199105,-0.911957328966517,1,-1.67277738826583,-0.843783682502592,-0.351623884594771
"516",516,"female","white","yr2","STEM","other","Kinesthetic",4.5,1.70651532732996,1.07591010121042,0.786247975152202,2.2,0.409790034658931,0.197493710492072,0.101291941201488,3.33333333333333,0.553301050166047,0.270480522714647,-0.116204027645849,2.5,-2.05367382555209,-1.20703863538307,-0.593913587075672,1,-3.79634908710223,-2.34704558621879,-1.73709533193687,1.28571428571429,-4.53393138888441,-2.52743083382354,-1.73849814053643,2.57142857142857,-2.5737508274092,-1.39170021646907,-0.924134712876874,1.71428571428571,-4.28438725694546,-2.48050550750211,-1.46122280420682,1.71428571428571,-2.52114334471702,-1.49624451717222,-0.824551382104315,1.57142857142857,-4.27128084192821,-2.51620630536534,-1.69778074069695,1.14285714285714,-4.8092510726377,-2.837099369112,-1.74246080012226,1.66666666666667,-1.48239801780865,-1.23429859811974,-0.588012633237163,1.25,-1.19998286985605,-0.652396927195811,-0.294064227814672
"517",517,"female","white","yr1","Business","math03","Kinesthetic",4.25,1.45390046822657,1.21895165274466,1.28033711931111,2.6,1.2684885085105,0.900991492178658,0.297456427774421,2.66666666666667,-0.488907955226482,0.0841240795496512,0.548283369534074,2.5,-1.96309270451452,-1.33540090818151,-0.540130365393442,1.66666666666667,-2.4648369952965,-1.6681047171025,-1.12471398586099,3.85714285714286,1.37596077909831,0.821794121317472,0.540370030256189,3.71428571428571,0.227105491925659,0.207257368304715,0.0432237356339982,3,-1.14040720754808,-0.830258774308503,-0.370319635385836,2.28571428571429,-1.08473199287023,-0.479279892262492,-0.202718703873782,2.42857142857143,-2.1074950291815,-1.51427017674898,-0.703626383241436,1.71428571428571,-3.54284737836901,-2.13912993872145,-1.28571249309514,2.33333333333333,-0.138472432148111,-0.205100917455658,-0.0220251504664182,1,-1.67277738826583,-0.843783682502592,-0.351623884594771
"518",518,"female","other","yr1","STEM","math02","Visual",4,0.894042881553949,0.44872981755902,0.371514839573998,2.2,0.453801523275534,0.40003632877642,0.112409488291252,3.66666666666667,-0.795592776786081,-0.874342878379771,-1.26758181343484,4,2.22513670478581,1.46575508256768,0.646995258224203,2.83333333333333,-0.213683254531821,-0.150703562199865,-0.0930193808786079,3,-0.538019970908703,-0.437998952290311,-0.211297874818083,3.14285714285714,-1.08205730609755,-0.67127782207304,-0.339013482473466,3,-1.19531703207861,-0.682642974251729,-0.410263191544454,2.85714285714286,-0.0938175010867973,-0.0586721753173208,-0.0160804062688625,3,-0.991908885088992,-0.562639153403243,-0.416865039518374,3,-0.695527539605158,-0.324404277222061,-0.214983055590222,2,-0.831435085337812,-0.59098647132696,-0.345969846195772,1.25,-1.19998286985605,-0.652396927195811,-0.294064227814672
"519",519,"female","white","yr2","Business","math03","Kinesthetic",5,2.60286850918202,1.82029657385926,1.54819490110066,3.6,3.32547863547538,1.72769512754338,0.866148180927062,3,-1.84713131828717,-1.3504987596343,-2.53482416345152,2.8,-1.09517407210165,-0.933776099187989,-0.171329553207608,3.16666666666667,0.474116475953784,0.279041591606915,0.220515591997473,3.14285714285714,-0.297876071205887,-0.175711518145557,-0.132232869130651,3,-1.5022887175622,-0.935851535078486,-0.482348422389692,3,-1.19531703207861,-0.682642974251729,-0.410263191544454,3,0.198764881314983,0.110002156595873,0.0634153015406642,3,-0.991908885088992,-0.562639153403243,-0.416865039518374,3.28571428571429,-0.0476626963285086,0.0809460161861557,0.0423889882616638,2.33333333333333,-0.180472152866971,0.0523256554658236,-0.103927059154382,2,0.567149196251447,0.442914293512327,0.179146680586523
"520",520,"female","white","yr2","Other","math01","Auditory",3,-0.740027897384156,-0.421894562733497,-0.345033014295263,1,-1.95968575222524,-1.12354304995711,-0.506476490509507,3.33333333333333,1.49296498304452,1.03438105309787,1.25922788955197,4,2.22513670478581,1.46575508256768,0.646995258224203,3,0.0949275067302644,0.11765192711224,0.0417608205515849,3.28571428571429,0.032644783841537,-0.0437818422848712,0.00250288392223676,3,-1.5022887175622,-0.935851535078486,-0.482348422389692,4.14285714285714,1.56681706270617,1.00236001561647,0.481768539364445,3,0.32596965313751,-0.0421809205419383,0.148313074379276,3,-0.991908885088992,-0.562639153403243,-0.416865039518374,4.28571428571429,2.16729575706222,1.18826657340767,0.693411337510699,3.66666666666667,2.50266497180829,1.73885414365148,1.05605398324108,1.75,-0.150238126409654,-0.322172554578652,-0.134069237439159
"521",521,"male","white","yr1","Health","stats","Auditory",2.25,-1.97287667441566,-1.14044567284554,-0.96010458645506,1.8,-0.328967396841848,0.0695752537404927,-0.137361151339804,3.33333333333333,0.553301050166047,0.270480522714647,-0.116204027645849,2.7,-1.34486318344062,-1.16802080431635,-0.256396719625564,3.33333333333333,0.771093727271313,0.445475335053954,0.345993452315161,3.85714285714286,1.27545075692425,0.803849966501557,0.421001590164843,4.14285714285714,1.24482374964699,0.80237611770549,0.424399670938739,3.71428571428571,0.633587004319602,0.190608721500224,0.294146480442334,3.57142857142857,1.34296367777905,0.606662524028307,0.367086780985149,3.71428571428571,0.711273867994613,0.450241118501078,0.259030017418737,3,-0.678106341869338,-0.577599199756409,-0.428476634474381,2.33333333333333,-0.180472152866971,0.0523256554658236,-0.103927059154382,1.25,-1.19998286985605,-0.652396927195811,-0.294064227814672
"522",522,"male","white","yr1","Health","stats","Kinesthetic",2.25,-2.01025409876064,-1.3909168608494,-1.19017069028376,1.2,-1.54012986448896,-0.757174340635513,-0.386655482950756,3.66666666666667,1.08373508897087,0.653458182386678,1.48328202096079,3,-0.693766893567773,-0.318577880021777,-0.257441991975146,4,2.04056580364651,1.35000068377775,0.931188896795814,4,1.63391339847463,1.02262885178259,0.58581841920635,4,0.905693381081866,0.491652562079174,0.307811920424704,4,1.27073976996902,0.811911841495528,0.423306640922497,4,2.38541100394563,1.21601579963804,0.850443583516211,4,1.31935165331434,0.888150089808624,0.484193885042945,4,1.51975203523827,0.951256870139627,0.58237636020327,3,1.16109640947066,0.89558989955865,0.476063462043351,2.5,1.61689393969784,0.773138666129486,0.339141670962036
"524",524,"male","other","yr4","Other","math02","Visual",5,2.60286850918202,1.82029657385926,1.54819490110066,3.8,3.70371180442196,2.27393717236689,0.97289456180278,3,-1.84713131828717,-1.3504987596343,-2.53482416345152,3,-0.693766893567773,-0.318577880021777,-0.257441991975146,3,0.0949275067302644,0.11765192711224,0.0417608205515849,3,-0.658318873546137,-0.307304927405721,-0.279414626178877,3,-1.5022887175622,-0.935851535078486,-0.482348422389692,3,-1.19531703207861,-0.682642974251729,-0.410263191544454,2.71428571428571,-0.414083583739584,-0.0538652165236889,-0.13803000555717,3.85714285714286,0.93131531008992,0.79676838695652,0.269652626275248,3.14285714285714,-0.409774211682855,-0.0979104311927362,-0.113630042037395,2.66666666666667,0.512490500322729,0.438211209337126,0.220017636574972,1.5,-0.727188351446263,-0.461010171889029,-0.236504571034574
"525",525,"female","Asian","yr1","Other","math01","Kinesthetic",4,0.810162145477895,0.331523628561582,0.0243010492037478,2,0.0551767188317152,0.195635959391334,-0.0518675876087003,3.33333333333333,-0.37703334660387,-0.203620569579045,0.440093802352938,1.9,-3.86611232940085,-2.66296995434857,-1.25008881539478,2.16666666666667,-1.43127219239698,-1.16098957320845,-0.650240688542591,3,-0.571817583777053,-0.232281150011328,-0.228453998954425,3.42857142857143,-0.476697906135306,-0.0955787186789257,-0.157535991313652,3.42857142857143,-0.0471270560064111,-0.0943685946278988,0.0173776363618918,2.57142857142857,-0.643017423631888,-0.182071380503677,-0.182890845694571,3.57142857142857,0.188310499792892,0.250373308245926,0.00990133901996894,2.71428571428571,-1.32176354337784,-0.932572678956202,-0.584990284385945,3.66666666666667,2.50266497180829,1.73885414365148,1.05605398324108,1,-1.67277738826583,-0.843783682502592,-0.351623884594771
"526",526,"male","white","yr4","Other","math02","Visual",3,-0.767376879766335,-0.34933200744691,-0.363318545964686,1.2,-1.58414135310556,-0.959716958919861,-0.39777303004052,2.66666666666667,-1.42857188810496,-0.679776450833573,-0.827148547663742,3,-0.693766893567773,-0.318577880021777,-0.257441991975146,2.83333333333333,-0.230678368897739,-0.0897761488247746,-0.10854637604277,3,-0.658318873546137,-0.307304927405721,-0.279414626178877,3,-1.5022887175622,-0.935851535078486,-0.482348422389692,3,-1.19531703207861,-0.682642974251729,-0.410263191544454,3,0.198764881314983,0.110002156595873,0.0634153015406642,3,-0.991908885088992,-0.562639153403243,-0.416865039518374,3,-0.695527539605158,-0.324404277222061,-0.214983055590222,2,-0.831435085337812,-0.59098647132696,-0.345969846195772,2,0.567149196251447,0.442914293512327,0.179146680586523
"527",527,"male","white","yr2","STEM","math02","Kinesthetic",1.75,-2.74797169584668,-1.51715476849308,-1.14477161820456,1.2,-1.54012986448896,-0.757174340635513,-0.386655482950756,3.33333333333333,1.49296498304452,1.03438105309787,1.25922788955197,3,-0.693766893567773,-0.318577880021777,-0.257441991975146,2.83333333333333,-0.154574970940383,-0.0993863626575263,-0.0835414457051071,3.85714285714286,1.33804354136605,0.726540334603007,0.512320684008298,4.85714285714286,2.97762621011447,1.68798890789531,0.981889450145753,4.14285714285714,1.59670984028889,0.927499835851907,0.518671022156461,3.85714285714286,2.16949637402664,1.06026840926612,0.820552438022801,4.85714285714286,3.38934531797329,2.13270869127177,1.33327833359415,4.14285714285714,1.84741707790733,1.21401981902007,0.749514885747043,3,1.16109640947066,0.89558989955865,0.476063462043351,1,-1.67277738826583,-0.843783682502592,-0.351623884594771
"528",528,"female","white","yr2","Health","stats","Auditory",4.75,2.14511475358154,1.47845455939476,1.11779036069037,2.8,1.64403290763018,1.06481758321591,0.406159888243407,3.33333333333333,-0.36770381049531,0.0861788685104876,2.37182354954954,3.2,0.049586094034785,0.113775242090164,0.123422501889155,2.66666666666667,-0.553356805027582,-0.336592442460042,-0.259689801674205,2.57142857142857,-1.58065740676879,-0.93363770291385,-0.603793589045432,3.14285714285714,-1.13432211537276,-0.584711316986418,-0.422913860324468,3,-1.08333315718836,-0.795608587293913,-0.266064573173623,2.28571428571429,-1.57184671650652,-1.04853427717103,-0.685965884223207,2.71428571428571,-1.6617186297647,-1.08954559457271,-0.72755395386389,1.28571428571429,-4.50422818796495,-2.62150941263177,-1.65792026738491,2.33333333333333,-0.138472432148111,-0.205100917455658,-0.0220251504664182,1.25,-1.19998286985605,-0.652396927195811,-0.294064227814672
"529",529,"female","white","yr1","Health","stats","Kinesthetic",5,2.60286850918202,1.82029657385926,1.54819490110066,3.2,2.43644442465924,1.2125964297885,0.636641435864412,2.66666666666667,-2.36823582098343,-1.4436769812168,-2.20258046486156,3.3,0.168106209664235,0.0207278479177546,-0.0278367352268604,1,-3.79634908710223,-2.34704558621879,-1.73709533193687,1.14285714285714,-4.88234061524743,-2.83557907652219,-1.8626989599011,2.28571428571429,-3.14334900360419,-2.19585891522015,-1.0277361726238,1,-6.12743063617388,-3.67175260574624,-2.07740285647836,1.71428571428571,-2.85138561700029,-1.14683419476347,-1.22144972745538,1.14285714285714,-5.2908262767819,-3.25144590937984,-2.10875619198125,2.14285714285714,-2.5999456186195,-1.79590876236592,-0.965831392307576,2,-0.833792108660722,-0.776919907898219,-0.331966807768785,2.25,1.20727605795962,1.41981516439082,0.427743840206254
"530",530,"male","Black","yr3","Business","math02","Auditory",4,0.847539569822878,0.581994816565444,0.254367153032446,2.4,0.856187952414654,0.305649420577514,0.155404063274422,2.66666666666667,-2.36823582098343,-1.4436769812168,-2.20258046486156,3.8,1.79566551099469,1.09782666064046,0.645064551142864,2.5,-0.899053112435158,-0.46639619609695,-0.418037666124764,2,-2.9847754509705,-1.45230038479509,-1.18384474255969,1.85714285714286,-4.28338957793913,-2.63349617337793,-1.42589988668726,1.71428571428571,-4.32280527159122,-2.66756846757715,-1.44373071083806,1.71428571428571,-2.62917169993405,-1.38386028134078,-0.988036515682538,1.85714285714286,-3.64179109985377,-2.17553691141744,-1.42579380375463,2.14285714285714,-2.5860545302019,-1.19734519848082,-0.900881225528293,1.66666666666667,-1.48004099448574,-1.04836516154848,-0.602015671664151,2.75,2.23012555573212,1.59077465221687,0.607481912172402
"531",531,"female","white","yr2","Other","math04","Visual",3.25,-0.338805895477554,-0.269821292553021,-0.243556732585799,1.6,-0.769454367870591,-0.458761795517623,-0.212726090557352,3.33333333333333,1.49296498304452,1.03438105309787,1.25922788955197,2.3,-2.73851642098407,-1.76298235896553,-0.896837975057836,3,0.111922621096182,0.0567245137371496,0.0572878157157469,3,-0.473794066570198,-0.385602270172179,-0.136573116778101,2.85714285714286,-1.84482733710695,-0.989078977511424,-0.630853794087052,3.42857142857143,-0.120322109204246,-0.169874883456751,-0.018719576806788,2.42857142857143,-1.00474470982181,-0.373704617093024,-0.382788367776691,2.85714285714286,-1.20102283847343,-0.905998823163061,-0.440542153275541,2.42857142857143,-1.96810114909256,-1.26397252951934,-0.792018296713602,3.33333333333333,1.85405906266036,1.28147545342995,0.800008157772705,1.75,-0.150238126409654,-0.322172554578652,-0.134069237439159
"532",532,"female","white","yr2","STEM","math03","Kinesthetic",4.5,1.85512247013317,1.37102492292513,1.38181340102057,2.4,0.863413309544478,0.612962446591301,0.256418932384519,2.33333333333333,-0.0796780611528299,0.465046950260845,0.324229238125249,2.7,-1.52346016465245,-0.835715989097045,-0.448163363764387,4.83333333333333,3.66059822493476,2.37492136450625,1.67030977644569,5,3.9261456704954,2.35256263097091,1.45105146459158,5,3.31367547972593,1.91915665923684,1.0979722632391,5,3.73679657201665,2.30646665724278,1.25687647338945,4.42857142857143,3.39540859553831,1.72404079724596,1.22746483655778,5,3.63061219171766,2.33893933302049,1.38525280960426,5,3.7350316100817,2.22691801750131,1.37973577599676,2,-0.831435085337812,-0.59098647132696,-0.345969846195772,2.25,1.01304846898734,0.475036164028,0.256449418957256
"533",533,"male","Asian","yr3","Business","math02","Visual",3.25,-0.338805895477554,-0.269821292553021,-0.243556732585799,1,-1.95968575222524,-1.12354304995711,-0.506476490509507,3,0.0321965474697825,0.177302301132149,0.216039670944113,3.9,1.90178180377598,1.17613235926892,0.551690205021858,3,0.109656334088475,0.202876764052289,0.0435768343561325,2.85714285714286,-0.723137996389886,-0.516961385939236,-0.212172238423876,3.85714285714286,0.587341392870125,0.357480588432736,0.197265780073297,3.71428571428571,0.611323327100208,0.360135848920916,0.188560388382443,2.57142857142857,-0.748949809830684,-0.359780324858388,-0.301730887255909,3.71428571428571,0.74895394140538,0.391129904051372,0.304660046022379,3.14285714285714,-0.381327793538798,-0.119841326388964,-0.12766925631527,1.33333333333333,-2.17536067099835,-1.62018415199105,-0.911957328966517,1.25,-1.19998286985605,-0.652396927195811,-0.294064227814672
"534",534,"female","white","yr3","Other","math04","Auditory",3.5,0.0997935307740318,0.132723165631318,0.0879856529523643,1.2,-1.58414135310556,-0.959716958919861,-0.39777303004052,3.66666666666667,-0.795592776786081,-0.874342878379771,-1.26758181343484,3.2,0.0227103879793817,-0.109507919559899,0.100390242160032,4.16666666666667,2.38973078623138,1.54681517554992,1.09307409730786,3.85714285714286,1.15713201507669,0.847358515365275,0.335249766810769,3.42857142857143,-0.422285458814703,-0.283319102668264,-0.127692636538179,3.71428571428571,0.542813763155177,0.37594416527214,0.17704515755948,3.42857142857143,1.25104631659698,0.755267930625299,0.524641728471449,3.57142857142857,0.422743351014449,0.237311805710652,0.212362536070551,4,1.52238790582622,0.785321122139971,0.562303647983263,3.66666666666667,2.50266497180829,1.73885414365148,1.05605398324108,1.25,-1.19998286985605,-0.652396927195811,-0.294064227814672
"535",535,"female","white","yr2","Health","stats","Kinesthetic",4.5,1.77124173405712,1.2538187339277,1.03459961065032,2.8,1.68024961681113,0.992523548404858,0.541495555639856,2.66666666666667,-2.36823582098343,-1.4436769812168,-2.20258046486156,3.1,0.0643389391632915,-0.355067638718727,0.385807154125448,3.5,1.07587925362295,0.676197464223827,0.50021673145825,2.71428571428571,-1.19390593782229,-0.844901398250019,-0.409936420205114,4.14285714285714,1.29068866947608,0.988258873845477,0.403550155638834,3.28571428571429,-0.428950206521914,-0.450807405305492,-0.147165216145979,1.14285714285714,-3.94559352405401,-1.97381896550848,-1.46578042227303,2.57142857142857,-1.9081852564904,-1.2381545555572,-0.713450785915309,2.57142857142857,-1.64514015083781,-1.12610862414217,-0.675077350198493,2,-0.833792108660722,-0.776919907898219,-0.331966807768785,1.75,-0.150238126409654,-0.322172554578652,-0.134069237439159
"536",536,"male","white","yr1","STEM","math04","Visual",2.25,-2.1041632767995,-1.83115679313728,-1.74916505281328,1.2,-1.58414135310556,-0.959716958919861,-0.39777303004052,3.33333333333333,1.49296498304452,1.03438105309787,1.25922788955197,4.3,3.11258403364541,1.91224809240706,0.922212695964198,2.83333333333333,-0.191892867666775,-0.168605633657525,-0.0845052749875403,2.71428571428571,-1.06390066089066,-0.848072990514668,-0.300162922977677,2.85714285714286,-1.90093130101794,-1.02810691304847,-0.612164774404882,3.57142857142857,0.253635725983545,0.187394184673121,0.100421517149556,1.42857142857143,-3.16452977235364,-1.59400013188055,-1.13362000936886,3,-0.837868374904903,-0.721386974154097,-0.214896918516525,3.14285714285714,-0.3458234687429,0.188605392198628,0.127031500826369,1.66666666666667,-1.48239801780865,-1.23429859811974,-0.588012633237163,1,-1.67277738826583,-0.843783682502592,-0.351623884594771
"537",537,"female","white","yr2","Other","stats","Kinesthetic",4,0.810162145477895,0.331523628561582,0.0243010492037478,1.2,-1.58414135310556,-0.959716958919861,-0.39777303004052,4.33333333333333,1.19560969759348,0.365713533257982,1.37509245377966,2.4,-2.26370779557901,-1.61850440145163,-0.515314274466002,4.16666666666667,2.35800684450725,1.52251775198496,1.07573108833915,3.57142857142857,0.805722716883312,0.448356491792074,0.348610218375116,4,0.905693381081866,0.491652562079174,0.307811920424704,4,1.27073976996902,0.811911841495528,0.423306640922497,4,2.38541100394563,1.21601579963804,0.850443583516211,3.85714285714286,1.07808477956997,0.681919448059904,0.432219409032832,4,1.51975203523827,0.951256870139627,0.58237636020327,2,-0.831435085337812,-0.59098647132696,-0.345969846195772,3,2.80707578076872,1.72961226952725,0.709917245767817
"538",538,"female","white","yr1","STEM","math02","Visual",4.25,1.33264230780553,0.851274275743358,0.703057225112161,1.6,-0.74637396254645,-0.41818751716979,-0.157152475126386,3.33333333333333,-0.37703334660387,-0.203620569579045,0.440093802352938,3,-0.790519231699396,-0.34702204818809,-0.326911372350195,2,-1.79889641668228,-1.16802372828842,-0.82228357886773,2.14285714285714,-2.44384781487614,-1.46230463677724,-0.881633015173185,2,-3.88312609917233,-2.54970728929678,-1.28112957919526,2.57142857142857,-2.21431575234063,-1.26918983757243,-0.738294789936701,2.42857142857143,-1.03087544296486,-0.551741577313366,-0.397099719570313,1.57142857142857,-4.24192135195113,-2.63743875061709,-1.65702539390058,1.57142857142857,-3.87567743505702,-2.34761734903746,-1.45432281735365,2,-0.833792108660722,-0.776919907898219,-0.331966807768785,1,-1.67277738826583,-0.843783682502592,-0.351623884594771
"540",540,"female","white","yr3","Other","stats","Kinesthetic",4.25,1.33264230780553,0.851274275743358,0.703057225112161,3,2.14384696767462,1.02514848771748,0.549187884237025,3,-1.83780178217861,-1.06069932154477,-0.603094416254917,3.3,0.186471635255255,0.0712133896404769,0.0284711928308286,1,-3.79634908710223,-2.34704558621879,-1.73709533193687,2.85714285714286,-0.748246237032484,-0.649437110420375,-0.21580649268728,3.57142857142857,-0.131201200889635,-0.147758402093118,-0.0556106649534153,3,-1.13742615318972,-0.794392540279157,-0.341604700579729,2.42857142857143,-1.02056698184122,-0.50373169040141,-0.480751548315939,2.57142857142857,-1.81772844436604,-1.1522637019552,-0.686014356165732,2.14285714285714,-2.57234265829031,-1.76425633007623,-1.05773656927261,4,3.15362790427913,2.38216627044426,1.29809677028247,1.5,-0.727188351446263,-0.461010171889029,-0.236504571034574
"541",541,"female","white","yr1","Health","math02","Visual",3,-0.618769736963118,-0.0542171857321982,0.232246879903686,3,2.12211094726393,1.17578218626277,0.492635729009424,3,-0.907467385408693,-0.586598229251075,-1.1593922462537,3.4,0.423142976288544,0.55636001899685,0.0785780013867208,3,0.0877971822170874,0.273212599059587,0.0324722684733087,2.71428571428571,-1.46123910223865,-0.561435724364549,-0.61488628157804,2.71428571428571,-2.10764811752444,-1.5115506384726,-0.663825913549506,2.57142857142857,-2.32703800236314,-1.21440104665518,-0.814796955327639,2.57142857142857,-0.628352933354197,-0.328011444818563,-0.155406648859781,2.85714285714286,-1.4149246029695,-0.805297139262598,-0.658246811503082,2.71428571428571,-1.28224737120728,-0.580877427451309,-0.328988059421439,3,1.1190966887518,1.15301647248013,0.394161553355387,3,2.91123148739555,1.67706313153084,0.754792922583133
"542",542,"female","white","yr1","STEM","math04","Auditory",3.5,0.0350671240468692,-0.0451854670859573,-0.160365982545758,1.2,-1.54147424940241,-0.948382317528644,-0.385676943154122,3.33333333333333,1.49296498304452,1.03438105309787,1.25922788955197,4,2.22513670478581,1.46575508256768,0.646995258224203,3.83333333333333,1.73195504238443,1.08164519446565,0.796408695365621,3.57142857142857,0.751550227732168,0.306590452256328,0.31450147001197,4.14285714285714,1.40533431885565,0.483308112937368,0.526426424200762,3.71428571428571,0.650595613522986,0.433312947507233,0.257452250185898,3.14285714285714,0.634797459281982,0.318816640576641,0.282074566790033,4,1.42416402174112,0.843186130355072,0.584961789116543,4.14285714285714,1.80814123374852,1.0118149681693,0.663656661536091,2.33333333333333,-0.182829176189881,-0.133607781105436,-0.089924020727394,1.75,-0.150238126409654,-0.322172554578652,-0.134069237439159
"543",543,"female","white","yr2","Business","math02","Auditory",1,-4.08292430395033,-2.66408569932625,-2.23826092969118,1,-1.95968575222524,-1.12354304995711,-0.506476490509507,4,2.54450352454561,1.5105369343524,2.52647023956865,5,5.14404030313939,3.25008804515714,1.55143250842355,3,0.220415405609052,-0.0593377053653541,0.103632740084237,2,-2.7926837337744,-1.79123235995593,-1.0278747813971,3.85714285714286,0.604015752874386,0.179237730622283,0.220567826865911,3,-1.10283935601974,-0.812530046872916,-0.297294821121991,2.28571428571429,-1.14326126030224,-0.808843897889382,-0.341189662364225,3.42857142857143,0.237060703939555,0.0999010658056818,0.159955747205786,3.85714285714286,1.19561085459029,0.611336965136619,0.543618159762743,3.33333333333333,1.85170203933745,1.09554201685869,0.814011196199693,1,-1.67277738826583,-0.843783682502592,-0.351623884594771
"544",544,"female","white","yr1","STEM","math03","Visual",4,0.958769288281112,0.626638450276295,0.61986647507212,1.4,-1.16592985028273,-0.784556226491391,-0.276973482685136,4,-0.265158737981257,-0.491365218707741,0.331904235171801,4.6,3.96514824700176,2.5245649993201,1.2110336763955,1.5,-2.7724132463045,-1.74598852673745,-1.26301773431843,2.14285714285714,-2.40799038957583,-1.5175366445595,-0.859030279981069,4,0.854239019462182,0.573985820221383,0.231388520312108,2.57142857142857,-2.17039541991288,-1.13721202535934,-0.766801472207228,1.85714285714286,-2.3342780571115,-1.16924148787301,-0.859873931516812,3.14285714285714,-0.415673819338778,-0.40366020864999,-0.0778303124644254,2.71428571428571,-1.36113470207032,-0.644900238236101,-0.405198587102407,3,1.16345343279357,1.08152333612991,0.462060423616363,1.75,-0.0460824197828283,-0.374721692575056,-0.0891935606238431
"545",545,"female","white","yr3","Health","stats","Visual",3,-0.675301490656994,-0.243985930016222,-0.096681378797141,1.2,-1.58414135310556,-0.959716958919861,-0.39777303004052,3,0.0321965474697825,0.177302301132149,0.216039670944113,3.8,1.81782835236135,1.05704466496002,0.591149489803191,4.16666666666667,2.35800684450725,1.52251775198496,1.07573108833915,2.85714285714286,-0.80963928615897,-0.591985163333629,-0.263132865648328,3.28571428571429,-0.762894870230283,-0.541339095371015,-0.220990364383653,3.57142857142857,0.24205098116522,0.0941813859711202,0.0940012767718156,1.85714285714286,-2.09345625559686,-1.21819865109509,-0.541352115993869,3.57142857142857,0.270260203377905,0.231085881698804,0.026991884797763,3.85714285714286,1.21472915056552,0.735666913659401,0.497835827465915,2,-0.831435085337812,-0.59098647132696,-0.345969846195772,2.25,1.07153203299701,1.05333267560317,0.30978725037878
"546",546,"female","white","yr1","Other","math02","Kinesthetic",3.25,-0.338805895477554,-0.269821292553021,-0.243556732585799,1.6,-0.769454367870591,-0.458761795517623,-0.212726090557352,3,-0.898137849300134,-0.296798791161543,0.772337500942899,3,-0.693766893567773,-0.318577880021777,-0.257441991975146,1.33333333333333,-3.1314430187421,-2.03743627708187,-1.43114137791636,2.28571428571429,-2.12054682915572,-1.28663211855973,-0.761066450071919,2.28571428571429,-3.21822731014491,-1.53171549459614,-1.10483454394063,2.71428571428571,-1.89803575056254,-1.28478543541976,-0.644204174461172,1.85714285714286,-2.41216793817539,-1.00147343559433,-0.965690391961746,2.28571428571429,-2.49553137240592,-1.60565187960108,-0.918167642009133,2.57142857142857,-1.66772935792327,-1.07680275692441,-0.61067022600009,3,1.15873938614775,0.709656462987391,0.490066500470339,1.25,-1.19998286985605,-0.652396927195811,-0.294064227814672
"547",547,"male","Black","yr3","STEM","stats","Kinesthetic",5,2.60286850918202,1.82029657385926,1.54819490110066,3,2.14304203055639,1.33775052619929,0.448179660668222,2.66666666666667,-1.42857188810496,-0.679776450833573,-0.827148547663742,5,5.14404030313939,3.25008804515714,1.55143250842355,2.16666666666667,-1.44973143409742,-0.971209236516258,-0.660398378355688,3.14285714285714,-0.375097679216014,-0.143992343400051,-0.163577697347707,4.28571428571429,1.57417119558522,0.932012295505647,0.533302277217152,3.57142857142857,0.242439994263865,-0.127248875343011,0.0953855452512154,1.85714285714286,-2.12717931903681,-1.08863316787223,-0.686075506404844,3.14285714285714,-0.563306306442801,-0.351774333062582,-0.200399236620509,2.28571428571429,-2.23702799178957,-1.586470829688,-0.938168808715466,2.33333333333333,-0.182829176189881,-0.133607781105436,-0.089924020727394,2,0.426712098626955,-0.183334937268275,-0.0316339038437446
"548",548,"female","white","yr1","Other","stats","Visual",2.5,-1.6637300616184,-1.09371848009575,-1.12526547191314,1.2,-1.54012986448896,-0.757174340635513,-0.386655482950756,3.33333333333333,1.49296498304452,1.03438105309787,1.25922788955197,3.6,1.09838388997299,0.619765639898227,0.28200269882215,3.5,1.08713940580387,0.694411563028621,0.498495409201314,3.42857142857143,0.383887556064915,0.218739885352989,0.153150525012121,4.28571428571429,1.59282241913857,0.972731506873268,0.48526960057974,4.14285714285714,1.59841427518333,0.982948207002636,0.514538069696071,3,0.343488405746245,-0.0807514525612295,0.240966699901992,3.57142857142857,0.530162624718414,0.13339421415068,0.295201253436219,4,1.522236645051,0.92055496021185,0.533333796501907,2.33333333333333,-0.138472432148111,-0.205100917455658,-0.0220251504664182,1.25,-1.09582716322922,-0.704946065192215,-0.249188550999356
"549",549,"female","white","yr1","STEM","stats","Auditory",3.75,0.371562719226309,-0.0710208296227556,-0.307241336334415,1.6,-0.745029577632997,-0.226979540276659,-0.15813101492302,3,0.0321965474697825,0.177302301132149,0.216039670944113,2.1,-3.47952098262496,-1.82857477869771,-1.16567055864768,3.16666666666667,0.485376628134704,0.297255690411709,0.218794269740538,5,3.9261456704954,2.35256263097091,1.45105146459158,5,3.31367547972593,1.91915665923684,1.0979722632391,5,3.73679657201665,2.30646665724278,1.25687647338945,5,4.57205712657628,2.32202944268021,1.63747186549176,4.71428571428571,2.94851817846224,1.95661050381657,1.10671140313769,5,3.7350316100817,2.22691801750131,1.37973577599676,2,-0.831435085337812,-0.59098647132696,-0.345969846195772,2.25,1.03994371466123,0.634301048819108,0.236706337366621
"550",550,"female","Black","yr3","Other","math04","Visual",4.25,1.35179663715443,0.79057183202352,0.80191937998429,1.4,-1.12057397675268,-0.390805631313912,-0.266834475392006,4.66666666666667,1.72604373639831,0.748691192930012,2.9745785023863,2.6,-1.85346451789251,-1.1440242012237,-0.445706446191313,4.33333333333333,2.64475845389795,1.86120907630436,1.19940672388652,4.28571428571429,2.3069080018776,1.51760251152366,0.83459826042713,4.28571428571429,1.65317863445028,0.840484060086421,0.625387497124007,3.71428571428571,0.632612414222961,0.227929104483697,0.247757565602825,4.57142857142857,3.62801933791384,1.90041707456007,1.34375235647851,3.85714285714286,0.955520697227489,0.683632226837525,0.304017711049938,4.14285714285714,1.82145526957601,1.20524880428852,0.714511536323556,3.66666666666667,2.46066525108943,1.99628071657296,0.97415207455312,2,0.426712098626955,-0.183334937268275,-0.0316339038437446
"551",551,"female","white","yr2","Other","stats","Kinesthetic",4.25,1.38917406149941,1.04104302002738,1.03198548381299,2.4,0.88434439283694,0.774930786527817,0.211962864043317,2.66666666666667,-2.36823582098343,-1.4436769812168,-2.20258046486156,2.4,-2.48566618689008,-1.40337878055707,-0.83324712253918,3.16666666666667,0.44062381413784,0.247455680749148,0.200108685002144,2.85714285714286,-0.964242145842082,-0.514024087167693,-0.393528371053765,3.71428571428571,0.204037621066294,0.0876425961928168,0.0529951704015242,3.71428571428571,0.602719636640242,0.302789284248262,0.21085508281081,2.71428571428571,-0.36585782482061,-0.264919696757341,-0.151403671390875,3.42857142857143,0.184083382547262,-0.0278724681444883,0.142458873352508,3.28571428571429,-0.0576745982444007,0.0996730895741728,0.0381678014056359,2,-0.831435085337812,-0.59098647132696,-0.345969846195772,1.75,0.125942996177444,0.670559164989603,0.194667936818583
"552",552,"male","white","yr2","Health","stats","Visual",2.75,-1.14124989929076,-0.573967832913973,-0.446509296004727,3.6,3.37943422555932,2.08368033733445,0.853077291482309,3,-0.907467385408693,-0.586598229251075,-1.1593922462537,2.2,-3.04063876978959,-1.6849851846716,-0.956247182809156,2.83333333333333,-0.141709684242208,-0.334088546784758,-0.0570045762057335,3.71428571428571,0.796689212736439,0.715765106105111,0.188068009762543,4.57142857142857,2.32823525937411,1.19741243692233,0.810973077973576,3.42857142857143,-0.145529397534161,-0.00370009851211024,-0.0310400772530871,4.57142857142857,3.71725561165609,2.0574971319726,1.37619602361253,3.85714285714286,0.960861325172665,0.718592991051843,0.315879175236124,4.57142857142857,2.78947537984198,1.61082432286151,0.991530023847456,2,-0.873434806056672,-0.333559898405479,-0.427871754883736,1.5,-0.623032644819437,-0.513559309885433,-0.191628894219258
"553",553,"male","Black","yr1","Business","math03","Auditory",2.25,-2.01025409876064,-1.3909168608494,-1.19017069028376,1,-1.95968575222524,-1.12354304995711,-0.506476490509507,3.33333333333333,1.48363544693596,0.744581615008339,-0.672501857644635,4.4,3.48388491469567,2.05032245427931,1.14227010270765,3,0.107226461506206,0.0888242441425945,0.0550601467262075,3.57142857142857,0.796443035124355,0.341613539652175,0.328994419367719,3.71428571428571,0.167109981405478,0.0929068754272893,0.0539308401570714,3.42857142857143,-0.166938802976542,0.0519411674198577,-0.050242214140767,3.28571428571429,0.732026984716339,0.610235187321792,0.164353703210096,3.14285714285714,-0.718362273593882,-0.340669511238462,-0.288873363653269,3.57142857142857,0.577001536263975,0.472801855712218,0.291465110897059,2.33333333333333,-0.138472432148111,-0.205100917455658,-0.0220251504664182,2.75,2.22543248307023,1.33100791022392,0.514657917569609
"554",554,"female","other","yr2","STEM","stats","Auditory",3.5,0.0724445483918528,0.205285720917904,0.0697001212829412,1.6,-0.74637396254645,-0.41818751716979,-0.157152475126386,2,-0.619441636066213,-0.207730147500717,-3.206986557678,2.5,-2.0830826195229,-1.43082253193918,-0.610192452867731,3.16666666666667,0.423628699771922,0.308383094124238,0.184581689837982,3.14285714285714,-0.181537490148191,-0.132034590988403,-0.028845973783297,3.85714285714286,0.56964411147041,0.260484810737653,0.191729107331358,3.57142857142857,0.24406597576139,0.13277607097467,0.0591527110584203,3.14285714285714,0.59569871645056,0.118122139343507,0.234969463145089,3.57142857142857,0.410145739938271,0.185964339901966,0.191319004182933,3.57142857142857,0.583372666392158,0.324136169852692,0.196943874591561,3.66666666666667,2.5050219951312,1.92478758022274,1.0420509448141,2.5,1.48584298739712,0.666422919334781,0.314009075737355
"555",555,"female","white","yr3","Other","math04","Kinesthetic",3,-0.861286057805194,-0.789571939734796,-0.922312908494212,1.4,-1.20859695398588,-0.795890867882608,-0.289069569571534,4.66666666666667,0.786379803519831,-0.0152093374532124,1.59914658518848,2.5,-2.08584789676918,-1.43383190322202,-0.627839230486171,4,2.04873063841378,1.38491169150756,0.936953901846837,3.57142857142857,0.739516651754937,0.483145285694813,0.291520532328413,3.71428571428571,0.197548271132998,0.265582905101401,0.0205726117975105,3.42857142857143,-0.173527498840339,0.0331892877507532,-0.0627960854257963,2.85714285714286,-0.213591737411096,-0.149640474318618,-0.156147393569591,3.85714285714286,0.960861325172665,0.718592991051843,0.315879175236124,4,1.51975203523827,0.951256870139627,0.58237636020327,3,1.16109640947066,0.89558989955865,0.476063462043351,1.75,-0.150238126409654,-0.322172554578652,-0.134069237439159
"556",556,"female","white","yr2","Other","math01","Auditory",3.25,-0.311456913095375,-0.342383847839607,-0.225271200916375,1.4,-1.18766587069342,-0.633922527946093,-0.333525637912736,3,-1.83780178217861,-1.06069932154477,-0.603094416254917,4.7,4.30798132562212,2.73024634861834,1.35966516463518,4.66666666666667,3.35132201884129,2.23731530402886,1.53153258995338,4.14285714285714,2.26976430731276,1.20401791098987,0.976635062929109,5,3.31367547972593,1.91915665923684,1.0979722632391,4,1.27073976996902,0.811911841495528,0.423306640922497,1.85714285714286,-2.09904493007195,-1.43380880084226,-0.611491025099977,4.71428571428571,3.14807844422892,1.92647804952305,1.28130385758404,5,3.7350316100817,2.22691801750131,1.37973577599676,2.66666666666667,0.512490500322729,0.438211209337126,0.220017636574972,2.25,1.00835539632545,0.215269422035051,0.163625424354463
"557",557,"female","Asian","yr1","Other","math01","Auditory",4,0.874888552205057,0.509432261278857,0.27265268470187,1.8,-0.369485178513319,-0.0631534492394061,-0.0494275544540336,3.66666666666667,1.08373508897087,0.653458182386678,1.48328202096079,3.4,0.506439216017077,0.175888148999308,0.180490933685451,3.16666666666667,0.445487851643309,0.238047259116939,0.195686255720806,3.57142857142857,0.823958129092067,0.407683268592483,0.337034548497091,4.14285714285714,1.24174265069332,0.722820313420696,0.42389473351805,3.42857142857143,-0.0773303932908544,-0.00265472871615474,0.0111907668228812,3,0.236282690681406,-0.0275666356912636,0.0837388174191681,3.85714285714286,1.0628802632166,0.689525614357638,0.429105063853144,4,1.51975203523827,0.951256870139627,0.58237636020327,2,-0.831435085337812,-0.59098647132696,-0.345969846195772,1.25,-1.19998286985605,-0.652396927195811,-0.294064227814672
"558",558,"male","white","yr3","Other","math02","Kinesthetic",4.75,2.14511475358154,1.47845455939476,1.11779036069037,4.2,4.54873452662151,2.58649325183742,1.19128375977567,2.33333333333333,-2.8893403236797,-1.53685520279929,-1.8703367662716,3.3,0.407510828355293,0.189468321379536,0.332002696777534,2.33333333333333,-1.21412875337904,-0.709940442296418,-0.558109434571116,1.85714285714286,-3.22414561724491,-1.91070012849736,-1.24190953757769,3.85714285714286,0.605903155936293,0.303690847482332,0.221560437982778,3.57142857142857,0.172575357457999,0.112718153296548,0.0189225454293501,2.42857142857143,-1.02802118063382,-0.444372045017771,-0.331930290882387,3,-0.768823519535272,-0.538256543192453,-0.23428355808506,3.57142857142857,0.575153177249348,0.230510822726967,0.0947840128283722,2.33333333333333,-0.182829176189881,-0.133607781105436,-0.089924020727394,1.75,-0.0366962744590559,0.144811791410841,0.0964544285817431
"559",559,"male","white","yr1","Other","stats","Visual",4,0.958769288281112,0.626638450276295,0.61986647507212,1.6,-0.768109982957139,-0.267553818624492,-0.213704630353986,2,-0.600782563849094,0.371868728678347,0.656472936715211,3.9,2.01816334793412,1.21454645903015,0.615847233942821,1.5,-2.8242276198082,-1.6926616280023,-1.28840141114335,2.42857142857143,-1.7533151637375,-1.16837548952122,-0.559646068108421,4.28571428571429,1.70421825726751,1.15130101330956,0.539704888740127,4,1.33022329576718,0.644453236104307,0.51065263407954,1.42857142857143,-3.27119248550819,-1.47939024426956,-1.27434533951995,4.14285714285714,1.68063541183885,1.04181060580606,0.640050610306344,1.85714285714286,-3.22020750156696,-2.16960662348445,-1.31510861312449,2.66666666666667,0.51013347699982,0.252277772765867,0.23402067500196,1,-1.67277738826583,-0.843783682502592,-0.351623884594771
"560",560,"male","white","yr2","STEM","math04","Visual",4,0.996146712626095,0.877109638280156,0.849932578900819,1.2,-1.58414135310556,-0.959716958919861,-0.39777303004052,4.66666666666667,0.786379803519831,-0.0152093374532124,1.59914658518848,2.9,-0.946654827654093,-0.834792948308257,-0.36007320274299,2.16666666666667,-1.50640984510659,-0.908473916148902,-0.681359625899264,2.71428571428571,-1.3371693033145,-0.509711575447461,-0.515269515547381,3.14285714285714,-1.08272590129248,-0.622807506093889,-0.308246482066499,2.28571428571429,-3.03541680019651,-1.87053773001981,-1.11970883542958,1.85714285714286,-2.2962172458348,-1.24538520941913,-0.823047863306582,2.42857142857143,-2.34486218574976,-1.57789453643291,-0.971568703893477,2.42857142857143,-1.94398470299927,-1.14598301846069,-0.562912906470864,2.33333333333333,-0.182829176189881,-0.133607781105436,-0.089924020727394,2.25,1.00835539632545,0.215269422035051,0.163625424354463
"561",561,"male","white","yr1","Business","math03","Kinesthetic",3,-0.833937075423015,-0.862134495021383,-0.904027376824789,1.2,-1.5632102698131,-0.797748618983346,-0.442229098381723,2.66666666666667,0.450755977651994,0.848024609932875,1.92371528673189,3.8,1.80140318258768,0.975672109729939,0.660833443104234,4,2.05182595582743,1.36821478258255,0.929467574538879,4.14285714285714,2.148959060498,1.07626118487682,0.863395681660013,4.57142857142857,2.29447817915414,1.37674147275963,0.74008635060292,4.71428571428571,2.98405228997154,1.81524350464991,0.999678758059532,4.42857142857143,3.41292734814704,1.68547026522667,1.3201184620805,4.57142857142857,2.69204678836451,1.75798602836558,1.05162258194788,4.85714285714286,3.39888190305868,2.05683258485397,1.25872009512119,2.66666666666667,0.46813375628096,0.509704345687348,0.152118766313997,2.5,1.61689393969784,0.773138666129486,0.339141670962036
"562",562,"male","other","yr1","STEM","stats","Visual",3,-0.702650473039173,-0.171423374729635,-0.114966910466564,1.8,-0.290031943323389,-0.156589215577628,-0.127228789587969,4,0.674505194897219,0.272535311675484,1.70733615236962,2.2,-3.2053621394969,-1.69420042500358,-1.10603347375348,3.66666666666667,1.3504997861532,1.06640778028611,0.603942942560119,3,-0.716878376812263,-0.295479495379764,-0.300294177414711,3.14285714285714,-1.14455478086364,-1.00816338753244,-0.287250981231157,3.57142857142857,0.150349123486443,0.314759172270534,0.0353169797891579,2,-1.98788124131566,-0.996011486446297,-0.723612980434883,3.85714285714286,0.893448711573492,0.812822552059152,0.218551395507097,2.85714285714286,-1.07142247768421,-0.471636718907448,-0.449549222731534,3,1.16345343279357,1.08152333612991,0.462060423616363,2.25,1.17568773962384,1.00078353760676,0.354662927194096
"563",563,"male","white","yr1","Business","math03","Visual",3.75,0.492820879647347,0.296656547378543,0.270038557864534,1.6,-0.724098494340535,-0.065011200340144,-0.202587083264222,3.33333333333333,-0.386362882712429,-0.493420007668577,-1.49163594484367,3,-0.693766893567773,-0.318577880021777,-0.257441991975146,3,0.0980228241439181,0.100955018187223,0.0342744932436271,3.57142857142857,0.620771217372128,0.50587435407849,0.183727762115093,3.85714285714286,0.531906024154068,0.269982336916539,0.185187799348499,3.14285714285714,-0.834760164588769,-0.585192486489108,-0.270588930852752,2.71428571428571,-0.622271453653943,-0.361112991898988,-0.30428340889652,2.85714285714286,-1.33538122198296,-0.782859467804832,-0.587536606310016,2.85714285714286,-1.01216736186598,-0.355903198764379,-0.182667216527712,2,-0.831435085337812,-0.59098647132696,-0.345969846195772,1.25,-1.19998286985605,-0.652396927195811,-0.294064227814672
"564",564,"female","white","yr2","STEM","math03","Visual",3.5,-0.0861910363741687,-0.412862844087256,-0.737645876744707,1.8,-0.348554095220857,0.0988148906971088,-0.0938836227952359,3.66666666666667,0.153400692200954,0.179357090092986,2.03957985095958,2.6,-1.79122834414196,-1.3767553351032,-0.556670044376234,3,0.14607643540258,0.195074457211803,0.0631475123143816,2.85714285714286,-0.757441953435565,-0.56969433465789,-0.274450992468519,3.57142857142857,-0.0167242638070335,0.110366908627967,-0.000670439372338599,4.28571428571429,1.98708103196453,1.15466671901691,0.663147883907774,1,-4.17452736394631,-2.10202512948847,-1.51064126241043,4.14285714285714,1.98065725310192,1.14758451958104,0.911271483640655,4.14285714285714,1.82401034672301,1.02046286680281,0.718245758312646,1.66666666666667,-1.48239801780865,-1.23429859811974,-0.588012633237163,1.25,-1.19998286985605,-0.652396927195811,-0.294064227814672
"565",565,"male","Black","yr3","STEM","math03","Visual",1.5,-3.22394854644325,-2.17017041468128,-1.70638010757143,1,-1.95968575222524,-1.12354304995711,-0.506476490509507,4.66666666666667,1.72604373639831,0.748691192930012,2.9745785023863,5,5.14404030313939,3.25008804515714,1.55143250842355,2,-1.81429068887188,-1.12249913639376,-0.828096577734395,4.42857142857143,2.61146723121194,1.47549750194313,0.921617865498119,4.57142857142857,2.34741158362429,1.24170465169385,0.793219728046954,4.57142857142857,2.74769062933735,1.64505961415751,0.965747357789216,3.28571428571429,0.919856992989109,0.497522935624722,0.432367526556036,5,3.63061219171766,2.33893933302049,1.38525280960426,2.42857142857143,-1.94098617411695,-1.35272558626953,-0.756844616398252,2,-0.831435085337812,-0.59098647132696,-0.345969846195772,1.25,-1.19998286985605,-0.652396927195811,-0.294064227814672
"566",566,"female","other","yr2","Other","math04","Kinesthetic",3.75,0.520169862029526,0.224093992091956,0.288324089533957,1.4,-1.16458546536928,-0.59334824959826,-0.27795202248177,3,0.0228670113612233,-0.112497136957383,-1.71569007625249,2.5,-2.0830826195229,-1.43082253193918,-0.610192452867731,4,2.04056580364651,1.35000068377775,0.931188896795814,3.85714285714286,1.39419619130706,0.781120898117881,0.528794360378164,4.14285714285714,1.21755601936031,0.803764844634197,0.385935502172097,4,1.27073976996902,0.811911841495528,0.423306640922497,3.85714285714286,2.09282862154385,1.04734146772485,0.770947875706684,4,1.31935165331434,0.888150089808624,0.484193885042945,3.71428571428571,0.881899093877512,0.527179503343394,0.329225503207412,2.33333333333333,-0.182829176189881,-0.133607781105436,-0.089924020727394,1.5,-0.727188351446263,-0.461010171889029,-0.236504571034574
"567",567,"male","Black","yr1","Other","math02","Auditory",4.5,1.85512247013317,1.37102492292513,1.38181340102057,4.6,5.34759643817277,2.81790077461228,1.29852572688662,1,-1.25242074738509,-0.0131637199545192,-2.7665532919069,4.7,4.53307777450271,2.63702241874565,1.46766385579203,3,0.182226584203131,-0.0588238858176767,0.080998164099368,1.85714285714286,-3.11863349415465,-1.73701667863075,-1.20109042593033,1.57142857142857,-4.85906874385597,-3.08255788343681,-1.53764127125277,1.71428571428571,-4.32861814907493,-2.59562963356802,-1.40200050868329,1.57142857142857,-2.89675359394392,-1.8844552888171,-1.0478718696388,2.14285714285714,-2.9254181622231,-1.86368539222604,-1.21476459870945,1.57142857142857,-3.86928770502657,-2.05747476861305,-1.4604466900774,1,-2.82396658014628,-2.07756284221257,-1.1680031544349,1.75,0.0721525048296562,0.352029395407386,0.234154099999852
"568",568,"male","white","yr3","STEM","math04","Kinesthetic",3,-0.82390863346021,-0.539100751730934,-0.692246804665513,1.8,-0.319562743169736,-0.280792170127732,-0.0595628245088839,3,0.962530944239699,0.651403393425841,-0.340258159054674,3.9,2.02148252857358,1.26139987376385,0.619072374013697,3.33333333333333,0.772793682356787,0.505197585896401,0.346466890350024,2.85714285714286,-1.07421855635706,-0.591817275026542,-0.464717588345094,2.85714285714286,-1.76689685364827,-1.20929357673511,-0.532284207558658,2.71428571428571,-1.81344619392848,-1.02264718323647,-0.610966147994448,2.42857142857143,-1.15635619720749,-0.802146603663434,-0.411479061661352,3.71428571428571,0.719594451428295,0.512362349303123,0.263904699226011,2.42857142857143,-1.95031429628578,-1.20646474255052,-0.788587734417205,1.33333333333333,-2.17300364767544,-1.43425071541979,-0.925960367393505,1,-1.67277738826583,-0.843783682502592,-0.351623884594771
"569",569,"female","white","yr1","Other","math04","Kinesthetic",3.25,-0.2549251594015,-0.152615103555583,0.103657057784452,2.2,0.452457138362082,0.208828351883289,0.113388028087886,3.66666666666667,0.144071156092395,-0.110442347996547,0.107850103762977,2.2,-2.83534367220204,-1.91408055739401,-0.76006942534908,2.5,-0.745971099499985,-0.792863175761726,-0.327812863288191,3,-0.481013935897201,-0.341859427815354,-0.150742304729723,3.57142857142857,-0.114314367145448,-0.046529377453622,-0.0575509699498824,2,-3.56525518197368,-2.00846523129894,-1.20194605349513,2.42857142857143,-1.01889416454627,-0.856121026484558,-0.392409060361036,3.14285714285714,-0.538424426786916,-0.445004479219442,-0.211503212611828,2.42857142857143,-2.00981706944583,-1.29311335107933,-0.758246882587093,2.66666666666667,0.46813375628096,0.509704345687348,0.152118766313997,1.75,-0.0460824197828283,-0.374721692575056,-0.0891935606238431
"570",570,"male","white","yr1","Other","math01","Visual",2.75,-1.20781009494744,-1.08677032048845,-0.98721812686483,1.8,-0.282806586193565,0.150723810436159,-0.0262139204778715,1.33333333333333,-0.731316244688825,0.0800145016279787,-3.09879699049686,3.1,-0.504638768672391,-0.250041190137003,-0.318904500797066,2.33333333333333,-1.16534093228265,-0.799004195656188,-0.522648970446488,1.57142857142857,-3.92706216794071,-2.40533752163791,-1.50313538279381,2.28571428571429,-3.24237213641066,-1.7800166305125,-1.08857874255156,2.42857142857143,-2.6673836304776,-1.55248723839534,-0.936017084665754,2.14285714285714,-1.66843779881507,-0.941619026278456,-0.607920632241974,1.85714285714286,-3.6098247045995,-2.35572298877561,-1.40296764366619,2,-2.91080711444858,-1.60006542458375,-1.01234247138371,3,1.16109640947066,0.89558989955865,0.476063462043351,2.5,1.72574271898655,0.980356270126031,0.476841342380146
"571",571,"female","white","yr2","Other","math02","Visual",3.75,0.436289125953471,0.106887803094519,-0.0588897008362933,1.4,-1.18766587069342,-0.633922527946093,-0.333525637912736,3.66666666666667,2.01406948574079,1.12755927468037,0.926984190962007,2.7,-1.5524651714506,-0.879837075840152,-0.481059456901553,2,-1.70645905684946,-1.34532538811315,-0.767204442969211,1.57142857142857,-3.82507936018114,-2.08768918186472,-1.46711556412354,3,-1.47900837296291,-0.536764880516639,-0.517362208946299,2.28571428571429,-2.93995806977928,-1.96455856861165,-0.978025530201012,3.14285714285714,0.401383791037857,0.517704576954716,0.0480319271903391,2.57142857142857,-1.74380494805851,-1.40233475875643,-0.601389317393309,2.42857142857143,-1.99125722615846,-1.13510486403849,-0.729727143293994,1,-2.82396658014628,-2.07756284221257,-1.1680031544349,1,-1.67277738826583,-0.843783682502592,-0.351623884594771
"572",572,"female","other","yr1","STEM","stats","Kinesthetic",5,2.60286850918202,1.82029657385926,1.54819490110066,2.4,0.879268357738795,0.346223698925347,0.210977678705388,2.33333333333333,-1.95900592690978,-1.0627541105056,-2.42663459627038,2.4,-2.43076166831898,-1.52083580610664,-0.84019407229474,3,0.114352493678451,0.170777033646844,0.045804503345672,3.57142857142857,0.91476177697192,0.298104990788457,0.414746242721793,3.85714285714286,0.54008689067775,0.318810347534338,0.16907798349487,4,1.27073976996902,0.811911841495528,0.423306640922497,3,0.418882829362992,0.163069250204712,0.252183421296623,4,1.31935165331434,0.888150089808624,0.484193885042945,3.28571428571429,-0.0644921768844913,-0.0812141235555245,-0.0604281692603253,1.33333333333333,-2.17536067099835,-1.62018415199105,-0.911957328966517,1,-1.67277738826583,-0.843783682502592,-0.351623884594771
"573",573,"female","white","yr1","Other","math03","Kinesthetic",3.75,0.436289125953471,0.106887803094519,-0.0588897008362933,2,0.0479213871912827,0.424609321670877,-0.0296362306674519,3,0.0321965474697825,0.177302301132149,0.216039670944113,3,-0.693766893567773,-0.318577880021777,-0.257441991975146,2.33333333333333,-1.17521001447632,-0.656123992776848,-0.547431608991186,2,-2.95055114556691,-1.63723870659404,-1.1446476715641,2.42857142857143,-2.81498277981778,-1.74185354239479,-0.943588244438293,2.42857142857143,-2.55168032609673,-1.57140979528324,-0.830799984468709,1.57142857142857,-2.86985142093362,-1.7154189801535,-1.00947920954244,2.71428571428571,-1.63911625531649,-0.988182614297524,-0.63731843283789,1.71428571428571,-3.55635720858998,-2.33969205613179,-1.43612429400006,1.33333333333333,-2.17536067099835,-1.62018415199105,-0.911957328966517,1.5,-0.623032644819437,-0.513559309885433,-0.191628894219258
"574",574,"male","white","yr1","STEM","math03","Visual",2.75,-1.15127834125356,-0.897001576204422,-0.658289868164003,1,-1.95968575222524,-1.12354304995711,-0.506476490509507,3.66666666666667,2.95373341861926,1.89145980506359,2.30241610815982,5,5.14404030313939,3.25008804515714,1.55143250842355,2.16666666666667,-1.48145537582155,-0.995506660081217,-0.677741387324398,3.28571428571429,-0.195810702832198,0.0919313896605873,-0.221192442340772,3.42857142857143,-0.504107488882574,-0.138427060784957,-0.234244138225669,3.42857142857143,-0.143514402937992,0.0348945864914396,-0.0658886429664825,1.28571428571429,-3.62742341041945,-1.68853274411596,-1.38847591500161,3,-0.862214637006325,-0.700833259013655,-0.327201111436095,3.14285714285714,-0.397126439179016,-0.28257325258041,-0.129481567401373,3.33333333333333,1.85170203933745,1.09554201685869,0.814011196199693,1.75,-0.150238126409654,-0.322172554578652,-0.134069237439159
"575",575,"female","white","yr1","Other","math02","Kinesthetic",5,2.60286850918202,1.82029657385926,1.54819490110066,3.4,2.91586684920644,1.5147690097285,0.722138736833795,3,-1.84713131828717,-1.3504987596343,-2.53482416345152,3,-0.693766893567773,-0.318577880021777,-0.257441991975146,1.33333333333333,-3.12157822888936,-1.94280301850961,-1.42490293483048,2,-2.95055114556691,-1.63723870659404,-1.1446476715641,2,-3.91027081620626,-2.36335563223615,-1.27250876520409,2.42857142857143,-2.54137220074232,-1.45861485945986,-0.857227631357465,1.85714285714286,-2.28046362371744,-1.16468581835949,-0.803108688244409,1.57142857142857,-4.21237533686838,-2.71561414652177,-1.61079884493971,1.85714285714286,-3.21851040332755,-1.79208175242732,-1.14739736653716,1.66666666666667,-1.52439773852751,-0.976872025198263,-0.669914541925127,2.25,1.14879249394994,0.841518652815653,0.374406008784731
"576",576,"male","white","yr1","Business","math02","Auditory",2.25,-1.87077284334351,-0.712065852124401,-0.481686847128239,2.2,0.463444120187206,0.217354100313084,0.0931203962812009,4,0.674505194897219,0.272535311675484,1.70733615236962,3.2,-0.286458541143314,0.0901325375858834,-0.201596223554133,4,2.02180196918878,1.40363960986003,0.912598003605033,3.71428571428571,0.981214019712378,0.637467763338654,0.330909519163319,3.14285714285714,-1.23768058147613,-0.662409493421861,-0.432412637220726,3.28571428571429,-0.407795711481433,-0.30297649290504,-0.0994761696771021,4.28571428571429,3.03972067253733,1.57632336814058,1.12983681340786,4.57142857142857,2.70725130471787,1.75037986206785,1.05473692712757,4.42857142857143,2.4472364075442,1.52974756677846,0.814983515779097,2,-0.831435085337812,-0.59098647132696,-0.345969846195772,2,0.594044441925341,0.602179178303436,0.159403598995888
"577",577,"female","white","yr1","STEM","math01","Auditory",4.5,1.70651532732996,1.07591010121042,0.786247975152202,2.4,0.902348763062937,0.38679797727318,0.266551294136354,3.33333333333333,-0.386362882712429,-0.493420007668577,-1.49163594484367,1.9,-3.81964384877305,-2.35411946614877,-1.19302726645588,2.66666666666667,-0.50286902884572,-0.365933944977365,-0.223755899514714,2,-2.83223240371934,-1.68074725545775,-1.05889584821003,3.14285714285714,-1.1742078407345,-0.474039911904816,-0.375398145231798,2.71428571428571,-1.9191345963032,-1.24599785563497,-0.694121924601857,3.28571428571429,0.888281098852341,0.286796471256701,0.314465170954615,2.42857142857143,-2.2247184835788,-1.47759663375704,-0.819966617038144,2.57142857142857,-1.64777602142576,-0.960172876142512,-0.655004637978487,1.66666666666667,-1.48239801780865,-1.23429859811974,-0.588012633237163,1.75,-0.0144941014470479,0.0443099342090012,-0.0161126476116847
"578",578,"female","white","yr1","STEM","math01","Auditory",2.5,-1.51512291881518,-0.798603658381037,-0.529700046044768,1.6,-0.718187547613555,-0.485192539512818,-0.223839900408836,3.33333333333333,0.562630586274606,0.560279960804179,1.81552571955075,3,-0.664277486106811,-0.134943990502909,-0.11627485218764,2.5,-0.897284392343342,-0.459107708804142,-0.414973768098145,2.85714285714286,-0.870947679281241,-0.503522632610166,-0.350439502736938,2.71428571428571,-2.21131489644593,-1.39292275852706,-0.713578378820836,2.42857142857143,-2.6094927515887,-1.66423680442277,-0.867358593701029,2.14285714285714,-1.72968276770735,-0.703023319652863,-0.60951666105226,2.57142857142857,-2.0226749882197,-1.10756661624452,-0.800000368817901,2.57142857142857,-1.59493129233498,-0.923771269575318,-0.58999052551191,2,-0.831435085337812,-0.59098647132696,-0.345969846195772,2,0.567149196251447,0.442914293512327,0.179146680586523
"579",579,"female","white","yr1","Health","stats","Kinesthetic",3.25,-0.311456913095375,-0.342383847839607,-0.225271200916375,2.8,1.66576892804087,0.914183884670613,0.462712043471007,3.33333333333333,-1.31669727948235,-0.967521099962269,-0.935338114844879,3.7,1.50175300263948,0.689927230525174,0.556885218450062,1.83333333333333,-2.09764238809163,-1.34174595902827,-0.950825337212038,3,-0.608101701612602,-0.197828622709111,-0.273097681005788,3.28571428571429,-0.805643264629461,-0.40660482320711,-0.283244253639088,3.42857142857143,-0.201715841528613,0.163497838666047,-0.103831520678202,2,-1.9915581437989,-1.04418159978042,-0.795039660218208,3.28571428571429,-0.0640674241167881,-0.16437571279343,0.0922447339699809,3.28571428571429,-0.0956189992347628,-0.0357095997226413,-0.0969033173985419,2.66666666666667,0.46577673295805,0.323770909116089,0.166121804740984,2.75,2.05810013977184,0.545493794652209,0.323620414729976
"580",580,"female","white","yr2","Health","stats","Kinesthetic",2.5,-1.56252878512297,-1.37210858967535,-0.971546722032742,1.2,-1.5632102698131,-0.797748618983346,-0.442229098381723,3.33333333333333,2.42329937981444,1.50848214539156,0.702930059553182,2.5,-2.12769571632971,-1.57973309693791,-0.70425556061678,1.83333333333333,-2.13503252699441,-1.33933563396298,-0.982826203610088,2.71428571428571,-1.35168938425892,-0.504422016985741,-0.565738011145958,4.14285714285714,1.21607697650985,0.856468407557762,0.409225524840658,2.57142857142857,-2.19678353795633,-1.52795352971723,-0.762096620962232,1.57142857142857,-2.88265533950441,-1.35184011202084,-1.02042711984712,3.42857142857143,0.252265220292916,0.0922948995079476,0.163070092385474,1.42857142857143,-4.18085158050499,-2.4279734674458,-1.56783320157236,2,-0.831435085337812,-0.59098647132696,-0.345969846195772,1.5,-0.727188351446263,-0.461010171889029,-0.236504571034574
"581",581,"male","other","yr1","Business","math02","Auditory",5,2.60286850918202,1.82029657385926,1.54819490110066,4.6,5.39375724882105,2.89904933130795,1.40967295774855,1.66666666666667,-0.191552669775442,0.752791599389541,0.432418805306386,1.5,-5.01997564627109,-2.94307285508061,-1.50745079537174,2,-1.85071079018598,-1.11469682955327,-0.847667255692644,2.14285714285714,-2.59208850401653,-1.418459821313,-0.979830842522598,2.28571428571429,-3.16519806659658,-2.14255025449285,-0.986205126332442,2.85714285714286,-1.50638793942298,-1.07720068937613,-0.466879425443362,2.28571428571429,-1.24351265882953,-0.537823279492701,-0.405518832313815,2,-3.30316942349232,-2.01342839661511,-1.31792396407969,2.42857142857143,-1.9176157027553,-1.03565670417532,-0.63118148011866,3,1.1190966887518,1.15301647248013,0.394161553355387,3,2.80707578076872,1.72961226952725,0.709917245767817
"582",582,"female","white","yr1","Other","math01","Kinesthetic",4.5,1.74389275167494,1.32638128921428,1.0163140789809,2.8,1.74011615362205,0.928327419023251,0.507171849050489,3,-1.84713131828717,-1.3504987596343,-2.53482416345152,4.1,2.6249549949067,1.43530195990273,0.852403150277212,2.5,-0.789620638236418,-0.704625269296768,-0.347431535062083,3,-0.839926169305842,-0.0881483717976692,-0.434838014628281,4,0.959437233207537,0.352382494068988,0.368422275607144,3.71428571428571,0.506410743105581,0.227475890200649,0.15968868521484,1.71428571428571,-2.61615248996073,-1.41140150773272,-0.973066821038548,3,-0.707124584092598,-0.753560967108227,-0.159759646871237,3.71428571428571,0.874567596167835,0.522332948094756,0.375518678767476,2,-0.831435085337812,-0.59098647132696,-0.345969846195772,2,0.327249464662016,0.128980942721078,0.0163144139437322
"583",583,"female","white","yr2","Other","math02","Kinesthetic",3.75,0.501015532680634,0.284796435811794,0.189461934661829,1.2,-1.54012986448896,-0.757174340635513,-0.386655482950756,3.66666666666667,1.08373508897087,0.653458182386678,1.48328202096079,3.7,1.30729805006677,0.78883458774699,0.397293288513742,1,-3.79634908710223,-2.34704558621879,-1.73709533193687,3.42857142857143,0.391107425391918,0.174997042996164,0.167319712963743,2,-3.92377461676968,-2.01104801782288,-1.36763320912291,2.42857142857143,-2.6511690457063,-1.5545783266985,-0.902786158270488,1.85714285714286,-2.2685335455838,-1.41886650012595,-0.780593971827801,1.42857142857143,-4.63809175350357,-2.74788463492417,-1.87097013231104,2.42857142857143,-1.95011850189229,-1.19933646125939,-0.68903080829975,2,-0.831435085337812,-0.59098647132696,-0.345969846195772,1.25,-1.19998286985605,-0.652396927195811,-0.294064227814672
"584",584,"male","white","yr1","Other","math01","Auditory",1,-4.08292430395033,-2.66408569932625,-2.23826092969118,1,-1.95968575222524,-1.12354304995711,-0.506476490509507,1,-1.25242074738509,-0.0131637199545192,-2.7665532919069,4.6,4.32942359829048,2.43266720994182,1.43974097158153,1,-3.79634908710223,-2.34704558621879,-1.73709533193687,1,-5.24278341758768,-2.96717248578235,-2.00988071694933,1,-6.31825291485033,-3.79085972939381,-2.06266910801848,1,-6.12743063617388,-3.67175260574624,-2.07740285647836,1,-4.17452736394631,-2.10202512948847,-1.51064126241043,1,-5.61442996189565,-3.46421763982698,-2.21898288864101,1,-5.12608668929201,-2.87572657194544,-1.80970188717721,4,3.15362790427913,2.38216627044426,1.29809677028247,4,5.047002365286,3.01631024554217,1.24068781094911
"585",585,"female","white","yr3","Business","math03","Auditory",4.25,1.42655148584439,1.29151420803124,1.26205158764169,2.2,0.512323675173002,0.144632222501683,0.0790643214985194,2.66666666666667,-2.36823582098343,-1.4436769812168,-2.20258046486156,3.5,0.771011070010019,0.498098231764719,0.19245157286304,2.5,-0.915009424206054,-0.452510564496299,-0.418544012857368,2.14285714285714,-2.60171522666864,-1.30831098341535,-0.998405905340187,2,-3.90378146627297,-2.54129594114473,-1.24008620660007,2.57142857142857,-2.19112345860688,-1.47395930752062,-0.691125723777007,2.42857142857143,-1.07695403258066,-0.680979044670594,-0.356905018927054,2.85714285714286,-1.38556511299241,-0.926529584514348,-0.617491464706714,2.14285714285714,-2.60573969615757,-1.24211334874052,-0.85721486401026,3.33333333333333,1.8120593419415,1.53890202635143,0.718106249084741,2.75,2.19853723739633,1.17174302543281,0.534400999160244
"586",586,"female","white","yr2","Health","stats","Visual",3.5,0.118947860122923,0.0720207219114799,0.186847807824493,1.4,-1.14365438207682,-0.431379909661745,-0.322408090822972,2.66666666666667,-1.42857188810496,-0.679776450833573,-0.827148547663742,2.9,-0.967925736695834,-0.45295223371591,-0.317079076869342,4,2.04056580364651,1.35000068377775,0.931188896795814,4,1.63391339847463,1.02262885178259,0.58581841920635,4,0.905693381081866,0.491652562079174,0.307811920424704,4,1.27073976996902,0.811911841495528,0.423306640922497,4,2.38541100394563,1.21601579963804,0.850443583516211,3.85714285714286,1.07808477956997,0.681919448059904,0.432219409032832,4,1.51975203523827,0.951256870139627,0.58237636020327,2.33333333333333,-0.224828896908741,0.123818791816046,-0.171825929415358,1.25,-1.19998286985605,-0.652396927195811,-0.294064227814672
"587",587,"female","white","yr1","STEM","math03","Kinesthetic",3,-0.702650473039173,-0.171423374729635,-0.114966910466564,1.6,-0.790385451163053,-0.620730135454138,-0.16827002221615,3,0.0228670113612233,-0.112497136957383,-1.71569007625249,4.2,2.78010928768532,1.74736148668222,0.769995318494179,2,-1.73648304348812,-1.30990056083566,-0.784074013903057,3.28571428571429,0.271768772503864,0.0404663349644577,0.201494088545406,4.28571428571429,1.59134337628811,1.02543506979683,0.508559623248302,3.28571428571429,-0.467391025264774,-0.246675298028341,-0.164001708181437,2.42857142857143,-0.994910600706389,-0.337792118673334,-0.404918743376969,3.57142857142857,0.478327577683925,0.306131707554402,0.211930223215898,3,-0.698695929164956,-0.421236137625277,-0.138418560725935,1.66666666666667,-1.48239801780865,-1.23429859811974,-0.588012633237163,1.5,-0.623032644819437,-0.513559309885433,-0.191628894219258
"588",588,"female","white","yr1","STEM","math03","Kinesthetic",3.5,0.0624161064290482,-0.117748022372544,-0.142080450876334,1.6,-0.695107142289414,-0.444618261164985,-0.16826628497787,3.33333333333333,-1.31669727948235,-0.967521099962269,-0.935338114844879,2.7,-1.47875592085718,-1.07247321676642,-0.42682297031943,2.33333333333333,-1.14591594533446,-0.745879089121584,-0.518605287652401,3.14285714285714,-0.181537490148191,-0.132034590988403,-0.028845973783297,3.14285714285714,-1.1285013606344,-0.714181309915851,-0.359724301313487,3.14285714285714,-0.7916566606902,-0.306814921233992,-0.263499041875791,2.85714285714286,-0.0938175010867973,-0.0586721753173208,-0.0160804062688625,3.28571428571429,-0.157458541587841,-0.326952428614632,-0.000672819381054054,3,-0.695527539605158,-0.324404277222061,-0.214983055590222,1.33333333333333,-2.13100392695658,-1.69167728834127,-0.844058458705541,1,-1.67277738826583,-0.843783682502592,-0.351623884594771
"589",589,"female","white","yr1","Business","math03","Kinesthetic",2,-2.44885352501223,-1.79346131903374,-1.52171307582192,1,-1.95968575222524,-1.12354304995711,-0.506476490509507,3.33333333333333,1.49296498304452,1.03438105309787,1.25922788955197,3.9,2.05299685679663,1.1496430590677,0.688319124445723,2.66666666666667,-0.536859257577556,-0.244079118227185,-0.254809889843038,3.14285714285714,-0.162179615933847,-0.250266708553737,-0.040028225550199,4,0.880838154553923,0.621067409271827,0.300619689485718,3.28571428571429,-0.444277184927948,-0.24686819280958,-0.148932523754147,2.57142857142857,-0.565527030996909,-0.228343857923885,-0.127029032283055,3.85714285714286,1.11023769992989,0.544790420048807,0.460516771285778,3.14285714285714,-0.378691922950851,-0.285777074388621,-0.147741968535277,2,-0.833792108660722,-0.776919907898219,-0.331966807768785,1.25,-1.19998286985605,-0.652396927195811,-0.294064227814672
"590",590,"female","Black","yr2","STEM","math03","Visual",5,2.60286850918202,1.82029657385926,1.54819490110066,2.6,1.3060496026049,1.01990543426074,0.431813555374236,2,0.329551832920822,0.845969820972039,0.100175106716424,3.8,1.81782835236135,1.05704466496002,0.591149489803191,2,-1.85071079018598,-1.11469682955327,-0.847667255692644,4,1.63391339847463,1.02262885178259,0.58581841920635,4.14285714285714,1.21755601936031,0.803764844634197,0.385935502172097,4,1.27073976996902,0.811911841495528,0.423306640922497,2,-1.98788124131566,-0.996011486446297,-0.723612980434883,3,-0.991908885088992,-0.562639153403243,-0.416865039518374,3,-0.695527539605158,-0.324404277222061,-0.214983055590222,3.66666666666667,2.5050219951312,1.92478758022274,1.0420509448141,3,2.80707578076872,1.72961226952725,0.709917245767817
"591",591,"female","white","yr3","Other","math04","Visual",3.75,0.352408389877417,-0.010318385902918,-0.406103491206544,2.4,0.79712635272196,0.0572435114773073,0.290735993432592,3.66666666666667,0.144071156092395,-0.110442347996547,0.107850103762977,2.7,-1.5177401138318,-0.967155514367424,-0.519364453563036,2.83333333333333,-0.29618705950556,0.0687975926474818,-0.139269613699485,3.71428571428571,0.855248716002565,0.703939674079155,0.208947560998376,3,-1.43330189286281,-0.776906278527674,-0.501688365027987,3,-1.16359950128182,-0.625489304360313,-0.41748870154553,2.28571428571429,-1.6252379981773,-0.990793790787546,-0.786428523433628,2.57142857142857,-1.87156878338231,-1.34300029921458,-0.66351337141751,2.57142857142857,-1.6503859582977,-1.09068327506379,-0.652742214704126,4,3.15362790427913,2.38216627044426,1.29809677028247,1.75,-0.150238126409654,-0.322172554578652,-0.134069237439159
"592",592,"female","white","yr2","Business","math03","Kinesthetic",4.25,1.35179663715443,0.79057183202352,0.80191937998429,1.2,-1.53287453284852,-0.986147702915055,-0.408886839892005,3.66666666666667,-0.80492231289464,-1.1641423164693,-3.19931156063144,2,-3.54827013120359,-2.02253580456399,-1.04842703190936,1.83333333333333,-2.19987577277085,-1.31151132132544,-1.00955245620469,1.85714285714286,-3.23419903243228,-1.82133077107975,-1.28252554725452,3.42857142857143,-0.503297041227048,-0.14266030772937,-0.226767160487263,3.42857142857143,-0.148398663907344,0.0715910779730642,-0.082575466711902,2.42857142857143,-1.25622326060405,-0.301460533329158,-0.685437058794757,2,-3.2405147387975,-1.97127884252407,-1.31464541139742,2.85714285714286,-1.00724267585879,-0.559669137982934,-0.351339418566536,3,1.16109640947066,0.89558989955865,0.476063462043351,2.25,1.00835539632545,0.215269422035051,0.163625424354463
"593",593,"female","white","yr1","Business","math03","Visual",4,0.874888552205057,0.509432261278857,0.27265268470187,1.8,-0.318218358256284,-0.0895841932346007,-0.0605413643055181,3,-0.907467385408693,-0.586598229251075,-1.1593922462537,2.7,-1.71098089260974,-0.807843270162196,-0.654501229816923,2.33333333333333,-1.18410476674038,-0.745365269573906,-0.54123986363727,3.57142857142857,0.896526364763164,0.338778213988047,0.426321912599818,3.57142857142857,-0.077244875024039,-0.00755658765335638,-0.0202426615600555,3.85714285714286,0.868783833475048,0.491532159628519,0.272409538793444,3,0.182068768858437,0.0893732696536916,-0.0229810728866525,3.14285714285714,-0.60012336222959,-0.229700055303668,-0.286027123825651,2.71428571428571,-1.33157965090025,-0.906717324277064,-0.489654545124518,1.66666666666667,-1.43804127376688,-1.30579173446997,-0.520113762976187,1,-1.67277738826583,-0.843783682502592,-0.351623884594771
"594",594,"female","white","yr2","Other","math02","Visual",5,2.60286850918202,1.82029657385926,1.54819490110066,1.8,-0.27420686963968,0.112958425049748,-0.0494238172157541,3,-0.907467385408693,-0.586598229251075,-1.1593922462537,2.9,-0.755383457791571,-0.586549499117242,-0.208071388274955,2.5,-0.821413344966888,-0.676488929312089,-0.367365004022549,4.28571428571429,2.31808387907055,1.35067425974031,0.875607688215089,5,3.31367547972593,1.91915665923684,1.0979722632391,4.57142857142857,2.83450822604678,1.46117831933972,1.00774483102645,2,-1.86067646949314,-1.14819456358411,-0.638715207596271,4.14285714285714,1.93047336209247,1.00391440287152,0.881316625243956,4.28571428571429,2.09177261015246,1.22820390431722,0.640193241082899,3.66666666666667,2.46066525108943,1.99628071657296,0.97415207455312,1.75,-0.25439383303648,-0.269623416582248,-0.178944914254476
"595",595,"female","white","yr2","STEM","stats","Kinesthetic",4.25,1.33264230780553,0.851274275743358,0.703057225112161,1.4,-1.16592985028273,-0.784556226491391,-0.276973482685136,3.33333333333333,-0.36770381049531,0.0861788685104876,2.37182354954954,2.8,-1.13978716890846,-1.08268666418672,-0.265392660956657,2.66666666666667,-0.396806116915119,-0.596048683989563,-0.165927662776149,3.28571428571429,0.150616484795941,0.129601398888964,0.089295443466118,3.28571428571429,-0.756193046557061,-0.43980752182965,-0.213810157568721,3.42857142857143,-0.176396765213521,0.108480464235928,-0.114331474884611,2.85714285714286,-0.204464721323545,-0.561389455785405,-0.21662616304824,3.42857142857143,-0.025154246521939,0.087883966008157,-0.0179152599228379,3.85714285714286,1.22666720960629,0.719916468861665,0.527316522210507,2,-0.831435085337812,-0.59098647132696,-0.345969846195772,1.75,-0.150238126409654,-0.322172554578652,-0.134069237439159
"596",596,"female","white","yr1","Health","stats","Kinesthetic",3.75,0.706154429177726,0.76968000181053,1.11395561923103,1.6,-0.790385451163053,-0.620730135454138,-0.16827002221615,3.66666666666667,1.08373508897087,0.653458182386678,1.48328202096079,1.8,-4.16459654902772,-2.42866707399594,-1.28705847051621,1.83333333333333,-2.05392408434885,-1.48241762904287,-0.92861620544639,2.85714285714286,-0.749715739931233,-0.354986426017078,-0.215159174608596,3.71428571428571,0.188556956953791,0.220988141428015,0.0292054499127326,4,1.34895367621848,0.570683982005084,0.487598808588102,3.28571428571429,0.985770548245007,0.141525733568648,0.297996874721919,2.14285714285714,-2.86903969179529,-1.72454576271306,-1.08412549483113,1.71428571428571,-3.58915953394671,-1.97473954319109,-1.40429866917284,3,1.20073910686661,0.45222989006591,0.571968409158302,1,-1.67277738826583,-0.843783682502592,-0.351623884594771
"597",597,"female","white","yr1","STEM","math02","Visual",4.75,2.14511475358154,1.47845455939476,1.11779036069037,2,0.0479213871912827,0.424609321670877,-0.0296362306674519,3,-0.907467385408693,-0.586598229251075,-1.1593922462537,2.7,-1.46647495315191,-1.07185046106024,-0.391386959951057,2.33333333333333,-1.19293504633903,-0.649526848469006,-0.551001853750409,2.85714285714286,-0.950575449968143,-0.560872606589497,-0.387141769173681,3,-1.48453740215156,-0.985408029084477,-0.465530742218617,3,-1.16848376225117,-0.588792812878688,-0.43417552529095,2.85714285714286,0.0129375252641871,0.0598373500759167,0.109016886387875,3,-1.15108944053955,-0.456080630968239,-0.595004151999068,3,-0.699860508432517,-0.535993400279535,-0.362621589957546,2,-0.787078341296042,-0.662479607677182,-0.278070975934797,2,0.567149196251447,0.442914293512327,0.179146680586523
"598",598,"female","other","yr1","STEM","stats","Kinesthetic",1.5,-3.30782928251931,-2.28737660367871,-2.05359389794168,1.2,-1.53287453284852,-0.986147702915055,-0.408886839892005,3.66666666666667,2.95373341861926,1.89145980506359,2.30241610815982,4.1,2.55068389925619,1.52678074956239,0.790082437070019,3.33333333333333,0.773896957617218,0.64323550202392,0.345533803314527,4,1.71551701623761,1.04397889235626,0.66699599747271,5,3.31367547972593,1.91915665923684,1.0979722632391,4.28571428571429,1.98506603736836,1.11607203401336,0.697996449621169,4.85714285714286,4.34312328668397,2.19382327870022,1.59261102535436,5,3.63061219171766,2.33893933302049,1.38525280960426,4.85714285714286,3.42331647382807,1.99165315674044,1.24337941302045,3,1.16109640947066,0.89558989955865,0.476063462043351,2,0.426712098626955,-0.183334937268275,-0.0316339038437446
"599",599,"female","other","yr1","Other","math01","Kinesthetic",4.75,2.2289954896576,1.5956607483922,1.46500415106062,2.8,1.62175743942427,0.711641266386264,0.451594496381243,3.66666666666667,-0.795592776786081,-0.874342878379771,-1.26758181343484,3,-0.693766893567773,-0.318577880021777,-0.257441991975146,2.83333333333333,-0.230678368897739,-0.0897761488247746,-0.10854637604277,3,-0.658318873546137,-0.307304927405721,-0.279414626178877,3,-1.5022887175622,-0.935851535078486,-0.482348422389692,3,-1.19531703207861,-0.682642974251729,-0.410263191544454,3,0.198764881314983,0.110002156595873,0.0634153015406642,3,-0.87207852541451,-0.658266328501603,-0.318453992429597,3,-0.695527539605158,-0.324404277222061,-0.214983055590222,3,1.16109640947066,0.89558989955865,0.476063462043351,1.5,-0.727188351446263,-0.461010171889029,-0.236504571034574
"600",600,"female","white","yr1","Other","math01","Kinesthetic",5,2.60286850918202,1.82029657385926,1.54819490110066,2.4,0.871208088980137,0.887799099686703,0.132200812077834,3.33333333333333,-0.386362882712429,-0.493420007668577,-1.49163594484367,3.2,-0.297181732271366,-0.142781310837964,-0.299716744726919,5,3.98620410056276,2.58234944044327,1.82061697304004,4,1.54310975059478,1.13220712958662,0.508106724981648,4.85714285714286,2.94806898932181,1.746314444692,0.959238326309266,4.28571428571429,2.02557750000722,1.137153103925,0.677755672271423,4,2.43385205426713,1.34099896114512,0.84109170202182,3.85714285714286,1.22746115432719,0.508116877056867,0.576857005082486,4.42857142857143,2.43986037621625,1.38253889216682,0.790689616703063,1.66666666666667,-1.52439773852751,-0.976872025198263,-0.669914541925127,1.5,-0.727188351446263,-0.461010171889029,-0.236504571034574
"601",601,"female","Asian","yr1","STEM","math03","Auditory",2.5,-1.487773936433,-0.871166213667623,-0.511414514375345,1,-1.95968575222524,-1.12354304995711,-0.506476490509507,3.66666666666667,2.95373341861926,1.89145980506359,2.30241610815982,4.6,4.32942359829048,2.43266720994182,1.43974097158153,1,-3.79634908710223,-2.34704558621879,-1.73709533193687,5,3.9261456704954,2.35256263097091,1.45105146459158,4.14285714285714,1.32423327595613,0.529457955558237,0.499679234798572,5,3.73679657201665,2.30646665724278,1.25687647338945,4,2.77857461980172,1.30318179102068,1.21954138151357,3.85714285714286,0.995747968200588,0.675378359361484,0.373967188383187,4.14285714285714,1.83658765189258,0.989884072973067,0.649617447258215,4,3.15362790427913,2.38216627044426,1.29809677028247,4,5.047002365286,3.01631024554217,1.24068781094911
"602",602,"male","white","yr1","Other","math02","Visual",2.75,-1.15127834125356,-0.897001576204422,-0.658289868164003,1.6,-0.781785734609168,-0.65849552084055,-0.191479918954032,3.66666666666667,2.02339902184935,1.4173587127699,2.85871393815861,2.9,-0.906882256609852,-0.576042100280381,-0.245892364924268,2.66666666666667,-0.531124295392558,-0.323220630407069,-0.23756157242194,3,-0.339993116083813,-0.34196140092277,-0.0667136653319322,3.57142857142857,-0.0837342249573348,0.170383721255228,-0.0526652201640691,3.71428571428571,0.604734631236412,0.341383969251812,0.176006517097414,2.71428571428571,-0.470209277554406,-0.104365347591781,-0.243462125185773,3.85714285714286,1.16321502132219,0.672563953998977,0.478013645139056,3,-0.703028897992315,-0.632825260682751,-0.286057095093259,2.33333333333333,-0.182829176189881,-0.133607781105436,-0.089924020727394,1.25,-1.19998286985605,-0.652396927195811,-0.294064227814672
"603",603,"male","white","yr1","STEM","math04","Auditory",3.75,0.622273693101672,0.652473812813093,0.766741828860778,1.6,-0.696451527202866,-0.635826238058116,-0.167287745181236,2.66666666666667,-2.35890628487487,-1.15387754312726,-0.270850717664956,4,2.22513670478581,1.46575508256768,0.646995258224203,2,-1.81362524404049,-1.25324856522847,-0.824099592672278,2.42857142857143,-1.90310500741872,-1.06775126017128,-0.680278260428204,3.14285714285714,-1.17058115983864,-0.627917353731097,-0.452745190975889,2.57142857142857,-2.21529034243727,-1.23186945458896,-0.78468370477621,2.42857142857143,-1.32090973466825,-0.618766924041616,-0.730350961901596,3.14285714285714,-0.530290368458895,-0.42594029776447,-0.212099732969063,2.28571428571429,-2.27031830249988,-1.34192380578717,-0.779264326607863,2.33333333333333,-0.180472152866971,0.0523256554658236,-0.103927059154382,1.25,-1.19998286985605,-0.652396927195811,-0.294064227814672
"604",604,"male","white","yr2","Business","math03","Visual",3,-0.740027897384156,-0.421894562733497,-0.345033014295263,2.8,1.69395534297376,0.847178862327585,0.396024618188557,3,0.0321965474697825,0.177302301132149,0.216039670944113,3,-0.693766893567773,-0.318577880021777,-0.257441991975146,3,0.0949275067302644,0.11765192711224,0.0417608205515849,3,-0.658318873546137,-0.307304927405721,-0.279414626178877,3,-1.5022887175622,-0.935851535078486,-0.482348422389692,3,-1.19531703207861,-0.682642974251729,-0.410263191544454,3,0.198764881314983,0.110002156595873,0.0634153015406642,3,-0.991908885088992,-0.562639153403243,-0.416865039518374,3,-0.695527539605158,-0.324404277222061,-0.214983055590222,2,-0.831435085337812,-0.59098647132696,-0.345969846195772,2,0.567149196251447,0.442914293512327,0.179146680586523
"605",605,"male","white","yr3","Business","stats","Kinesthetic",2.5,-1.52515136077799,-1.12163740167149,-0.741480618204044,1.6,-0.737774245992565,-0.455952902556202,-0.180362371864268,3.33333333333333,1.49296498304452,1.03438105309787,1.25922788955197,3.7,1.53614912564553,0.787421624122349,0.655127481580588,2.66666666666667,-0.52632902289343,-0.280195288489639,-0.244574461695035,3.42857142857143,0.522074830017944,0.264264427306362,0.210732342684698,3.28571428571429,-0.854376809672296,-0.392571501181942,-0.288142027548953,4,1.29594705829893,0.645737056550887,0.435627141368796,2.85714285714286,0.00268026442549084,-0.038371304240771,0.17484465792617,3.85714285714286,1.17283267690986,0.696750953219936,0.506043959405586,2,-2.91518461689421,-1.95401666700422,-1.23056808038714,2.66666666666667,0.51013347699982,0.252277772765867,0.23402067500196,1.75,-0.0460824197828283,-0.374721692575056,-0.0891935606238431
"606",606,"female","white","yr2","STEM","math04","Visual",3,-0.712678915001977,-0.494457118020084,-0.32674748262584,1,-1.95968575222524,-1.12354304995711,-0.506476490509507,3,0.962530944239699,0.651403393425841,-0.340258159054674,3.3,0.19712791548732,-0.00303509605737845,0.0291675457293459,3.66666666666667,1.44586458548418,0.849717902763131,0.658185849421558,3.57142857142857,0.714919069003459,0.557934769596099,0.270898524150414,4,0.905693381081866,0.491652562079174,0.307811920424704,3.71428571428571,0.554398507973502,0.469156963974141,0.183465397937221,3.14285714285714,0.820862337063374,0.325374311958496,0.477373939675429,3.71428571428571,0.836817905825595,0.475688806311183,0.380244933022719,3.71428571428571,0.875402636690117,0.514632880353869,0.376966599085907,2.33333333333333,-0.138472432148111,-0.205100917455658,-0.0220251504664182,1.5,-0.623032644819437,-0.513559309885433,-0.191628894219258
"607",607,"female","white","yr5+","STEM","math04","Auditory",5,2.60286850918202,1.82029657385926,1.54819490110066,5,6.18670821364533,3.55063819325549,1.53816774200412,2.33333333333333,-2.8893403236797,-1.53685520279929,-1.8703367662716,3,-0.693766893567773,-0.318577880021777,-0.257441991975146,3,0.0949275067302644,0.11765192711224,0.0417608205515849,3,-0.658318873546137,-0.307304927405721,-0.279414626178877,3,-1.5022887175622,-0.935851535078486,-0.482348422389692,3,-1.19531703207861,-0.682642974251729,-0.410263191544454,3,0.198764881314983,0.110002156595873,0.0634153015406642,3,-0.991908885088992,-0.562639153403243,-0.416865039518374,3,-0.695527539605158,-0.324404277222061,-0.214983055590222,2,-0.831435085337812,-0.59098647132696,-0.345969846195772,2,0.567149196251447,0.442914293512327,0.179146680586523
"608",608,"female","white","yr1","Other","math01","Kinesthetic",3,-0.861286057805194,-0.789571939734796,-0.922312908494212,1.4,-1.11331864511224,-0.619778993593454,-0.289065832333255,1.66666666666667,-2.07088053553239,-0.775009461376907,-2.31844502908925,1.3,-5.71905510280914,-3.62468098831939,-1.89708065790388,3,0.109656334088475,0.202876764052289,0.0435768343561325,5,3.9261456704954,2.35256263097091,1.45105146459158,4.85714285714286,3.00181284144748,1.60704437668181,1.01984868149171,5,3.73679657201665,2.30646665724278,1.25687647338945,2.57142857142857,-0.628137641951665,0.00802619692216162,-0.151384864520467,5,3.63061219171766,2.33893933302049,1.38525280960426,4.28571428571429,2.1642972281799,1.39500914121651,0.887343047438087,4,3.15362790427913,2.38216627044426,1.29809677028247,1.75,-0.25439383303648,-0.269623416582248,-0.178944914254476
"609",609,"male","white","yr2","Business","math02","Kinesthetic",4,0.894042881553949,0.44872981755902,0.371514839573998,1.6,-0.768109982957139,-0.267553818624492,-0.213704630353986,4.33333333333333,1.19560969759348,0.365713533257982,1.37509245377966,2.8,-1.23767759956239,-0.976127862314467,-0.39675115856466,3.83333333333333,1.77803445370313,1.10745980791038,0.804544054769438,3.71428571428571,1.15688583746461,0.473206948912339,0.476176176415946,4.71428571428571,2.62802548451969,1.38537415151918,0.897224560415501,4.42857142857143,2.34774968743955,1.36327461729406,0.780001689946768,3,0.154385068607431,0.262854560360518,-0.0654349643654338,4.42857142857143,2.48013940459723,1.43052294136511,1.04040345273414,4.71428571428571,3.1249858407362,1.79573810454086,1.21065471052205,3,1.11673966542889,0.967083035908873,0.408164591782375,1.5,-0.623032644819437,-0.513559309885433,-0.191628894219258
"610",610,"female","white","yr3","Other","math04","Visual",3.75,0.436289125953471,0.106887803094519,-0.0588897008362933,1.8,-0.373783822576677,0.179634673937958,-0.249486921998371,3.66666666666667,1.08373508897087,0.653458182386678,1.48328202096079,2.3,-2.72522316306176,-1.65641783277186,-0.8866618044345,3.16666666666667,0.414068502676476,0.349891246161891,0.186776450129781,4.42857142857143,2.68333969741269,1.50493082218448,1.03255275834897,3.71428571428571,0.142923350072469,0.17385140664079,0.0159716088111184,3.71428571428571,0.542813763155177,0.37594416527214,0.17704515755948,3.14285714285714,0.560492167504901,0.301635393185219,0.263312823622784,4.14285714285714,1.67802850656167,1.10076423791248,0.657979797014274,3.28571428571429,-0.0828013660534436,0.0832020071017374,0.00461237230058047,2.66666666666667,0.51013347699982,0.252277772765867,0.23402067500196,1.5,-0.623032644819437,-0.513559309885433,-0.191628894219258
"611",611,"female","white","yr1","STEM","math02","Visual",4.25,1.42655148584439,1.29151420803124,1.26205158764169,2.8,1.75110313544717,0.936853167453047,0.486904217243804,2.33333333333333,-2.8893403236797,-1.53685520279929,-1.8703367662716,2.6,-1.76288884126809,-1.26655868192052,-0.493411085766086,2.66666666666667,-0.4916088766648,-0.347719846172571,-0.225477221771649,3.14285714285714,-0.299856231995756,-0.0885260421246856,-0.114597797137371,3,-1.44854486543653,-1.07512160308867,-0.421738067207251,3.28571428571429,-0.478975770083099,-0.339888096730342,-0.170421948559177,3.28571428571429,0.733300313582383,0.379341426097116,0.202741544131582,3.42857142857143,-0.0657545677063602,0.0100237347900515,-0.0988071415851042,3.85714285714286,1.21472915056552,0.735666913659401,0.497835827465915,2,-0.787078341296042,-0.662479607677182,-0.278070975934797,1,-1.67277738826583,-0.843783682502592,-0.351623884594771
"612",612,"male","white","yr1","Business","math03","Visual",2.25,-2.01025409876064,-1.3909168608494,-1.19017069028376,1.6,-0.789041066249601,-0.429522158561007,-0.169248562012784,3.33333333333333,1.49296498304452,1.03438105309787,1.25922788955197,4.5,3.78429142903952,2.28312183124945,1.2396623672932,4,2.08251538729747,1.20204052647035,0.950334130534842,4.14285714285714,1.95807208297934,1.18867478834497,0.688356494203213,4.14285714285714,1.3082275111468,0.659230497389538,0.44561018759899,4.42857142857143,2.35433838330335,1.38202649696316,0.792555561231797,3.42857142857143,1.05147042721694,0.664627647489633,0.280046051403004,4.14285714285714,1.71570857997243,1.04165302346277,0.703609825617915,4.42857142857143,2.45337020643722,1.58310100957717,0.941101417607983,2.33333333333333,-0.182829176189881,-0.133607781105436,-0.089924020727394,1,-1.67277738826583,-0.843783682502592,-0.351623884594771
"613",613,"female","other","yr3","Other","math01","Auditory",5,2.60286850918202,1.82029657385926,1.54819490110066,3,2.01366636002288,1.64882501342584,0.536116165857007,3.33333333333333,2.42329937981444,1.50848214539156,0.702930059553182,5,5.14404030313939,3.25008804515714,1.55143250842355,2.33333333333333,-1.00982904676521,-1.01141865541127,-0.44390747997999,4.14285714285714,2.24639123714462,1.12334399779173,0.928591715182381,5,3.31367547972593,1.91915665923684,1.0979722632391,4.42857142857143,2.53374544405682,1.1794155400387,0.92470095023879,2.42857142857143,-0.942226412063475,-0.843194084943293,-0.342804498044919,5,3.63061219171766,2.33893933302049,1.38525280960426,5,3.7350316100817,2.22691801750131,1.37973577599676,4,3.15362790427913,2.38216627044426,1.29809677028247,1.5,-0.727188351446263,-0.461010171889029,-0.236504571034574
"614",614,"female","white","yr3","STEM","math03","Visual",5,2.60286850918202,1.82029657385926,1.54819490110066,2.2,0.4878689104248,0.449136355554049,0.147715471915533,3.66666666666667,1.08373508897087,0.653458182386678,1.48328202096079,2.3,-2.58650879319566,-1.86428308129954,-0.62504096521591,1.33333333333333,-3.09971907701798,-2.01313885351691,-1.41379836894765,3,-0.278174065070422,-0.223158723263808,0.00360521784208295,3.14285714285714,-1.15917734190071,-0.455296469793766,-0.430106091263454,3.85714285714286,1.0182981166458,0.363781382468629,0.367652445008421,2.42857142857143,-1.30602995298802,-0.428669346615777,-0.698844980727492,3.28571428571429,-0.121429624202115,-0.0696560329510992,-0.00835896260103498,1.57142857142857,-3.8823696866379,-2.3672922533181,-1.50613864759261,2,-0.831435085337812,-0.59098647132696,-0.345969846195772,1.25,-1.19998286985605,-0.652396927195811,-0.294064227814672
"615",615,"female","white","yr1","Other","math01","Visual",3.5,0.0624161064290482,-0.117748022372544,-0.142080450876334,1.6,-0.745029577632997,-0.226979540276659,-0.15813101492302,3.33333333333333,-1.31669727948235,-0.967521099962269,-0.935338114844879,2.6,-1.80398471421311,-0.972793930254711,-0.508846420657716,2.16666666666667,-1.50324576268659,-0.977604588623557,-0.686255493215466,3.28571428571429,0.23789150799343,0.00851286672584501,0.16125628136001,4.85714285714286,3.00181284144748,1.60704437668181,1.01984868149171,3.85714285714286,0.788745174011516,0.600746169462983,0.252245363920932,4,2.45686716815453,1.28491916586877,1.019512274145,3.57142857142857,0.500616609635668,0.211569610055357,0.248974704475343,5,3.7350316100817,2.22691801750131,1.37973577599676,3.66666666666667,2.50266497180829,1.73885414365148,1.05605398324108,3,2.63974343747034,0.944098153955536,0.518879742928184
"616",616,"female","white","yr2","STEM","math02","Auditory",4.25,1.3973687145327,1.02918290846063,0.951408860610283,2.6,1.2244770198939,0.698448873894309,0.286338880684657,2.66666666666667,-2.36823582098343,-1.4436769812168,-2.20258046486156,2.7,-1.49204917877949,-1.17903774296008,-0.436999140942766,2.16666666666667,-1.4902856554202,-0.899668238976316,-0.687503377437538,2.14285714285714,-2.53799566650747,-1.51436505229485,-0.968803777208506,2.57142857142857,-2.52966688465767,-1.5270947321735,-0.824124519172243,3,-1.22350537476689,-0.552334423336435,-0.45129862679686,2.57142857142857,-0.68211616646331,-0.382765881736812,-0.229995949339515,2.57142857142857,-1.7954394124143,-1.24682579945424,-0.648969874906288,2.42857142857143,-1.96805661547429,-1.12161041015634,-0.721431222077503,2,-0.787078341296042,-0.662479607677182,-0.278070975934797,1.75,-0.150238126409654,-0.322172554578652,-0.134069237439159
"617",617,"female","white","yr1","Business","math03","Kinesthetic",4,0.874888552205057,0.509432261278857,0.27265268470187,2.2,0.430181670156167,-0.144347964946357,0.158822636225723,3.66666666666667,0.144071156092395,-0.110442347996547,0.107850103762977,3,-0.693766893567773,-0.318577880021777,-0.257441991975146,2.5,-0.850334056345111,-0.503026185907081,-0.385167661991893,2.71428571428571,-1.59460835582766,-0.790957800014794,-0.72576673334158,2.42857142857143,-2.75131415260463,-1.65579916354408,-0.837048766874855,2.57142857142857,-2.17581928429794,-1.28670345266434,-0.723687001573052,1.71428571428571,-2.48444817550279,-1.57461389049788,-0.81048511732121,2.71428571428571,-1.71460321952883,-1.02282821382527,-0.776298327647219,2.42857142857143,-1.95781565467293,-1.51488572601121,-0.859661773920241,1,-2.82396658014628,-2.07756284221257,-1.1680031544349,1,-1.67277738826583,-0.843783682502592,-0.351623884594771
"618",618,"female","white","yr2","STEM","math04","Kinesthetic",4.5,1.68736099798107,1.13661254493026,0.687385820280074,2.2,0.387514566453016,-0.155682606337574,0.146726549339325,2.66666666666667,-1.42857188810496,-0.679776450833573,-0.827148547663742,1.4,-5.38381507960277,-3.45678501131171,-1.72721650281543,1.66666666666667,-2.44850732576197,-1.59828270164288,-1.11318397575894,3.28571428571429,0.353372390266845,0.0618163755381277,0.282671666811766,1.85714285714286,-4.26130292923159,-2.18951220624083,-1.46042599954769,1.57142857142857,-4.61217355014495,-2.76269928352374,-1.52963377832768,1.28571428571429,-3.53564047894512,-1.99324020915279,-1.27925656602461,1.71428571428571,-3.88858512664897,-2.45978536672756,-1.49510094611544,2.14285714285714,-2.60130299550396,-1.56628477699895,-0.898808208768705,2,-0.831435085337812,-0.59098647132696,-0.345969846195772,2,0.426712098626955,-0.183334937268275,-0.0316339038437446
"619",619,"female","Black","yr2","Business","math01","Auditory",4.75,2.20164650727542,1.66822330367878,1.44671861939119,2.6,1.23307673644778,0.660683488507898,0.263128983946774,2,0.320222296812263,0.556170382882507,-1.83155464048018,3.6,1.09797434187009,0.844728479059915,0.293661684618712,3,0.0683721952689009,0.220087492524983,0.0284285856792216,3,-0.824528616671235,-0.0320095373212591,-0.410750122408623,2.57142857142857,-2.42585825327559,-1.6014855430843,-0.736128075755539,2.42857142857143,-2.51500008093366,-1.75552919204041,-0.789238788991961,2.57142857142857,-0.537136237718038,0.0458363312557649,-0.0462267469259019,2.57142857142857,-1.96117663545573,-1.30564250605876,-0.76116693031142,2.71428571428571,-1.29170082043532,-0.595828892581349,-0.407511317867394,3.33333333333333,1.76770259789973,1.61039516270166,0.650207378823765,2.25,1.01304846898734,0.475036164028,0.256449418957256
"620",620,"female","white","yr2","Business","math03","Kinesthetic",4.5,1.85512247013317,1.37102492292513,1.38181340102057,3.2,2.53978300229153,0.8471329033163,0.715422039730246,3,-1.84713131828717,-1.3504987596343,-2.53482416345152,4.6,4.14253738721651,2.46423396529029,1.34386974197687,2.5,-0.855403573698724,-0.554634102561908,-0.398418994350873,2.57142857142857,-1.82606391433176,-0.746098348943889,-0.811900788675571,2.71428571428571,-2.25186757496508,-1.33006142588409,-0.734585968584331,2.71428571428571,-1.89602075596637,-1.24619075041621,-0.679052740174567,2.57142857142857,-0.428326355260301,-0.409065503946101,0.12131961803475,2.57142857142857,-1.9558700932732,-1.22905885557399,-0.828272803657332,2,-2.90500285430084,-1.66916931218019,-1.10897967846801,1.33333333333333,-2.17536067099835,-1.62018415199105,-0.911957328966517,2.5,1.59469176668583,0.873640523331326,0.451708747155464
"621",621,"male","white","yr1","STEM","stats","Visual",3,-0.82390863346021,-0.539100751730934,-0.692246804665513,2.2,0.480643553294976,0.141823329540261,0.0467006028054357,3.33333333333333,1.49296498304452,1.03438105309787,1.25922788955197,3.7,1.65597814999917,0.694885498008605,0.730676610466047,3,0.129746765868046,0.125252441752182,0.0516175022123368,3.42857142857143,0.445279914543062,0.31676308253191,0.201428461326889,3.42857142857143,-0.494591074006542,-0.0902592937076736,-0.212597649630101,3.57142857142857,0.24205098116522,0.0941813859711202,0.0940012767718156,2.57142857142857,-0.76510292037695,-0.318984141059551,-0.371624709351499,3.42857142857143,0.139332851111154,0.0579090940579229,0.0931179792119435,2.42857142857143,-1.97474886705517,-1.14128531443699,-0.773247052316462,3,1.20309613018952,0.638163326637169,0.557965370731314,1,-1.67277738826583,-0.843783682502592,-0.351623884594771
"622",622,"male","other","yr1","STEM","math03","Visual",3.5,0.0432617770801566,-0.0570455786527064,-0.240942605748463,1.4,-1.16592985028273,-0.784556226491391,-0.276973482685136,3.33333333333333,1.49296498304452,1.03438105309787,1.25922788955197,4.2,2.82930534556709,1.90260985628684,0.805663286802328,1.5,-2.75055409443311,-1.81632436174474,-1.25191316843561,2.28571428571429,-2.25865013775287,-1.14567093261072,-0.857676968518338,2.85714285714286,-1.80708924979061,-0.99857650369031,-0.624312486104192,2.57142857142857,-2.23390893490339,-1.04694278997522,-0.784450333937479,1.85714285714286,-2.41535303903329,-0.938019710782699,-1.00279046220601,2.28571428571429,-2.51521349908048,-1.57004341420846,-0.973141309976508,2.57142857142857,-1.68835629300407,-0.929619817439669,-0.770003044562658,2.33333333333333,-0.182829176189881,-0.133607781105436,-0.089924020727394,1.75,0.125942996177444,0.670559164989603,0.194667936818583
"623",623,"male","white","yr2","Other","stats","Auditory",3.5,0.156325284467907,0.322491909915342,0.416913911653192,1.4,-1.14499876699027,-0.622587886554876,-0.321429551026338,3.66666666666667,0.144071156092395,-0.110442347996547,0.107850103762977,2.6,-1.81693912750659,-0.964654427337055,-0.53642542972574,3.66666666666667,1.43460443330326,0.831503803958337,0.659907171678493,3.85714285714286,1.09049925741307,0.861367828787974,0.25611913390482,4.28571428571429,1.58745182967892,0.950112512456452,0.500577708089206,4,1.27244420486346,0.867360212646257,0.419173688462107,3.57142857142857,1.64670682286651,0.994281674597609,0.657808049154387,4.14285714285714,1.5113903853014,1.20816459285465,0.434968144124806,4.28571428571429,2.16028538080524,1.35176060829921,0.88604157961522,2,-0.831435085337812,-0.59098647132696,-0.345969846195772,2.5,1.47645684207335,0.146889435348884,0.128361086531768
"624",624,"female","white","yr2","STEM","math04","Visual",3.5,0.0350671240468692,-0.0451854670859573,-0.160365982545758,2.2,0.402534703018498,0.426467072771614,0.123523298142737,3.33333333333333,1.49296498304452,1.03438105309787,1.25922788955197,2.8,-1.27889916042059,-0.776850470559426,-0.288677096711561,2.66666666666667,-0.509333908527512,-0.341122701864729,-0.229047466530873,3.57142857142857,0.779761091170223,0.274321806350852,0.300894070393217,4.71428571428571,2.65927422190273,1.55381693424888,0.871343309794347,3.71428571428571,0.616784634733105,0.542141167779219,0.267426444167965,1.85714285714286,-2.5293955167676,-1.55422925704498,-1.0289816974195,3.42857142857143,0.154537367464516,0.0503029277601887,0.0962323243916316,3.71428571428571,0.906208337587693,0.300787766380813,0.267104680679667,4,3.15362790427913,2.38216627044426,1.29809677028247,3.25,3.30207247219052,1.82049716763219,0.654909826354488
"625",625,"male","white","yr3","Business","math02","Visual",3.75,0.520169862029526,0.224093992091956,0.288324089533957,2,0.0551767188317152,0.195635959391334,-0.0518675876087003,3,-1.83780178217861,-1.06069932154477,-0.603094416254917,2.9,-0.967925736695834,-0.45295223371591,-0.317079076869342,2.83333333333333,-0.280792787315965,0.02327300075282,-0.133456614832821,4,1.53546318873253,1.1551704914634,0.471896590170779,4.28571428571429,1.63461687138411,0.894273801036825,0.601092839214526,4.14285714285714,1.56681706270617,1.00236001561647,0.481768539364445,2.85714285714286,-0.0938175010867973,-0.0586721753173208,-0.0160804062688625,3.28571428571429,-0.203952960677154,-0.119254170996592,-0.0720823854151889,3.71428571428571,0.891156748712068,0.535002687182313,0.308191835535912,3,1.15873938614775,0.709656462987391,0.490066500470339,1.5,-0.623032644819437,-0.513559309885433,-0.191628894219258
"626",626,"female","white","yr1","Health","math02","Visual",4.5,1.77124173405712,1.2538187339277,1.03459961065032,1.8,-0.297287274963821,0.0723841467019143,-0.10499743264672,3,-1.83780178217861,-1.06069932154477,-0.603094416254917,4,2.22513670478581,1.46575508256768,0.646995258224203,2,-1.7892674545805,-1.26196564387571,-0.821887879167773,4.42857142857143,2.96727684182512,1.38653081631206,1.22295522927883,5,3.31367547972593,1.91915665923684,1.0979722632391,5,3.73679657201665,2.30646665724278,1.25687647338945,5,4.57205712657628,2.32202944268021,1.63747186549176,2.85714285714286,-1.04319906289171,-0.864812134936895,-0.243310037816567,5,3.7350316100817,2.22691801750131,1.37973577599676,2.33333333333333,-0.182829176189881,-0.133607781105436,-0.089924020727394,1.5,-0.727188351446263,-0.461010171889029,-0.236504571034574
"627",627,"male","white","yr1","Business","math02","Visual",4.75,2.20164650727542,1.66822330367878,1.44671861939119,2.6,1.27574384015094,0.672018129899115,0.275225070833172,3.33333333333333,-1.31669727948235,-0.967521099962269,-0.935338114844879,2.4,-2.32767461079571,-1.4199184476236,-0.628849217999691,1.83333333333333,-2.14459272408986,-1.29782748192533,-0.98063144331829,2,-2.92105589080933,-1.6583544536746,-1.15424261442801,2.85714285714286,-1.90174174867347,-1.02387366610406,-0.619641752143289,3,-1.09040444808399,-0.549983015531461,-0.38139148837685,2.57142857142857,-0.536570001879861,-0.632718909855387,-0.0461872998827871,2.14285714285714,-2.97956573837857,-1.80065666616797,-1.20769726741994,2.71428571428571,-1.31743057455048,-0.720983555898729,-0.437351750018621,3,1.16109640947066,0.89558989955865,0.476063462043351,3,2.80707578076872,1.72961226952725,0.709917245767817
"628",628,"male","white","yr1","STEM","math04","Kinesthetic",2.25,-1.92637336268459,-1.27371067185196,-0.842956899913508,1.4,-1.20859695398588,-0.795890867882608,-0.289069569571534,3.66666666666667,2.01406948574079,1.12755927468037,0.926984190962007,4.4,3.41013851153466,2.03509444314615,1.00714394192781,2,-1.86947462464372,-1.06105790347099,-0.866258148883426,2.42857142857143,-1.80644155983837,-1.03121682457973,-0.699144384751892,2.85714285714286,-1.82197625412629,-1.06936326518441,-0.630650867190295,3.28571428571429,-0.460802329400977,-0.227923418359237,-0.151447836896407,1.85714285714286,-2.35043116765777,-1.12844530407417,-0.929767753612402,3,-0.779877825636947,-0.694292170315235,-0.26894889078645,3.71428571428571,0.887952099329591,0.561682756656049,0.479150339245394,2.66666666666667,0.46813375628096,0.509704345687348,0.152118766313997,1.75,-0.0460824197828283,-0.374721692575056,-0.0891935606238431
"629",629,"female","white","yr1","Other","math01","Auditory",5,2.60286850918202,1.82029657385926,1.54819490110066,3.8,3.72544782483265,2.1233034738216,1.02944671703038,2.66666666666667,-2.36823582098343,-1.4436769812168,-2.20258046486156,2.4,-2.3539222820115,-1.51834347089961,-0.666604397691051,3,0.179131266789478,-0.0421269768926601,0.0884844914073257,2.71428571428571,-1.01737473360176,-0.68334358910214,-0.3022643094254,3.71428571428571,0.200956522112629,0.00808679190802272,0.0524902329808345,3,-1.12212197888078,-0.607136685422877,-0.374165978375774,3.14285714285714,0.327355009483578,0.27610952596832,0.0595750092228349,3.57142857142857,0.380786249961186,0.307196785153717,0.150563657386565,3,-0.702707776539619,-0.464484670542578,-0.139720028548802,1.66666666666667,-1.48239801780865,-1.23429859811974,-0.588012633237163,1.75,-0.150238126409654,-0.322172554578652,-0.134069237439159
"630",630,"female","white","yr1","STEM","math02","Auditory",2.25,-2.01025409876064,-1.3909168608494,-1.19017069028376,1,-1.95968575222524,-1.12354304995711,-0.506476490509507,3.66666666666667,2.01406948574079,1.12755927468037,0.926984190962007,3.2,-0.0462729338133399,-0.196220762213048,0.0453331713357926,2.5,-0.887792960254238,-0.448182097292156,-0.4197589883817,3.71428571428571,1.31148869714772,0.395245872746403,0.606571681821383,4,0.954426926124701,0.477619240054007,0.312709694334569,4.14285714285714,1.62641237648951,0.946058820739773,0.54629407786878,2.57142857142857,-0.80634883251155,-0.179386694701804,-0.445550847805998,3.71428571428571,0.663883407368008,0.290674419032215,0.216617174478618,4,1.51589144863882,0.772774499150446,0.610044743861759,1.66666666666667,-1.52439773852751,-0.976872025198263,-0.669914541925127,2.25,1.17099466696195,0.741016795613813,0.261838932591303
"631",631,"female","white","yr2","Business","math02","Kinesthetic",3.5,0.0624161064290482,-0.117748022372544,-0.142080450876334,1.4,-1.14365438207682,-0.431379909661745,-0.322408090822972,3.33333333333333,-0.386362882712429,-0.493420007668577,-1.49163594484367,3.2,-0.0165480240736498,-0.129447782749739,0.111014945068206,2.66666666666667,-0.490943431833415,-0.478469275007282,-0.221480236709532,4.14285714285714,2.04844903832394,1.05831703006091,0.744027241568668,4.71428571428571,2.58327294657322,1.56923898320275,0.827981367117839,4.85714285714286,3.37442348164718,2.04241038781491,1.14415561981084,2.14285714285714,-1.68722988028984,-0.672154733034488,-0.738962098686177,4.42857142857143,2.43091126283992,1.54430680266242,0.939203235805888,4.57142857142857,2.78347532530075,1.67279992916683,0.988610304814295,2,-0.831435085337812,-0.59098647132696,-0.345969846195772,1.25,-1.19998286985605,-0.652396927195811,-0.294064227814672
"632",632,"male","other","yr5+","STEM","math04","Visual",5,2.60286850918202,1.82029657385926,1.54819490110066,3.4,2.90807206977078,1.2399323566331,0.84635685714048,4,1.60483959166714,0.746636403969175,1.15103832237083,2.6,-1.92643957752836,-0.930621739712191,-0.632094941918096,1,-3.79634908710223,-2.34704558621879,-1.73709533193687,2.14285714285714,-2.77505984273784,-1.44812743504746,-1.1623483707759,1.14285714285714,-6.00639027657188,-3.47874744683879,-1.98454552627109,3.14285714285714,-0.789641666094031,-0.268220236230442,-0.298347607589186,1.71428571428571,-2.58113013804145,-1.13738154497523,-1.04734304421035,1.85714285714286,-3.57195810608307,-2.37177715387825,-1.35186641289804,3,-0.744893083790111,-0.268567650289845,-0.13364087647708,2,-0.831435085337812,-0.59098647132696,-0.345969846195772,1,-1.67277738826583,-0.843783682502592,-0.351623884594771
"633",633,"male","white","yr3","Business","math03","Auditory",4.25,1.37001973215052,1.10174546374722,0.93312332894086,3.4,2.96068327494127,1.40470958953103,0.834264507492362,2,-0.610112099957654,0.082069290588815,-1.27525681048139,3.8,1.81782835236135,1.05704466496002,0.591149489803191,2,-1.85071079018598,-1.11469682955327,-0.847667255692644,2,-2.95055114556691,-1.63723870659404,-1.1446476715641,2,-3.91027081620626,-2.36335563223615,-1.27250876520409,2,-3.66137383412625,-2.17719778999898,-1.2438330240114,2,-1.98788124131566,-0.996011486446297,-0.723612980434883,2,-3.30316942349232,-2.01342839661511,-1.31792396407969,2,-2.91080711444858,-1.60006542458375,-1.01234247138371,4,3.15362790427913,2.38216627044426,1.29809677028247,4,5.047002365286,3.01631024554217,1.24068781094911
"634",634,"male","white","yr2","Business","math02","Auditory",3.5,0.0997935307740318,0.132723165631318,0.0879856529523643,1.4,-1.12057397675268,-0.390805631313912,-0.266834475392006,3.66666666666667,0.144071156092395,-0.110442347996547,0.107850103762977,2.7,-1.54249109416775,-0.820125964380187,-0.474108426349093,3.16666666666667,0.527326211785663,0.149295533104304,0.237939503479566,3.28571428571429,0.191980667505765,0.153114231925717,0.0980375364910575,4.85714285714286,2.97762621011447,1.68798890789531,0.981889450145753,3.85714285714286,0.966257558488447,0.436106006040229,0.379244278308618,3,0.334692228185548,0.160174271798333,0.273376110936983,3.28571428571429,-0.12440957969062,-0.096816499538826,-0.0013721802221227,4.14285714285714,1.83422836913906,1.18179829174989,0.74544015138658,2,-0.831435085337812,-0.59098647132696,-0.345969846195772,2.75,2.23012555573212,1.59077465221687,0.607481912172402
"635",635,"female","Black","yr4","Other","stats","Kinesthetic",3.75,0.436289125953471,0.106887803094519,-0.0588897008362933,1.8,-0.318218358256284,-0.0895841932346007,-0.0605413643055181,3,-1.84713131828717,-1.3504987596343,-2.53482416345152,3.6,1.20744026099539,0.652289746028945,0.575365932582595,3.5,1.17384180345169,0.596251415383777,0.536326227678736,2.28571428571429,-2.29183163279296,-1.27596277569512,-0.919562304451859,4,0.956928890370613,0.700154312635977,0.271654297615334,4.14285714285714,1.75079782472727,0.779906253357571,0.661316365369863,2.71428571428571,-0.393992213785471,0.0802559362126879,-0.225988152695743,4.14285714285714,1.8660407039818,1.12530443046655,0.777002063136017,2.14285714285714,-2.60194523840935,-1.90296595727929,-1.19148234185762,2.33333333333333,-0.182829176189881,-0.133607781105436,-0.089924020727394,1.25,-1.19998286985605,-0.652396927195811,-0.294064227814672
"636",636,"female","Asian","yr1","Other","math02","Auditory",3.25,-0.30142847113257,-0.0193501045491589,-0.0134906287570999,1.8,-0.284150971107017,-0.0404841664569719,-0.0252353806812374,4.66666666666667,0.786379803519831,-0.0152093374532124,1.59914658518848,4.3,3.19975199428476,1.85623698912521,1.07568198726099,3.33333333333333,0.828643062960011,0.313006924138922,0.388625446561172,3.42857142857143,0.238564378140758,0.403443913658823,0.0423708186140807,4,0.955456226111165,0.182550984410583,0.432767694994942,3.28571428571429,-0.502168063816844,-0.135118626782152,-0.217591014718872,3,0.405771306193252,-0.04250893640757,0.252841764146992,3.14285714285714,-0.513215147061517,-0.402595131050675,-0.139196878293759,4.14285714285714,1.81219761474145,1.1974256204496,0.735545203995056,2,-0.831435085337812,-0.59098647132696,-0.345969846195772,1.75,-0.150238126409654,-0.322172554578652,-0.134069237439159
"637",637,"female","Black","yr1","STEM","stats","Visual",3,-0.767376879766335,-0.34933200744691,-0.363318545964686,2.4,0.880612742652248,0.537431675818478,0.209999138908754,3.33333333333333,-0.37703334660387,-0.203620569579045,0.440093802352938,2.6,-1.76304689915253,-1.18805322337412,-0.518112539736262,3.33333333333333,0.73438153888946,0.667734717789422,0.333449452664235,3.57142857142857,0.968934266123064,0.439871030324202,0.448854991084939,3.14285714285714,-1.10941449687141,-0.764398047462357,-0.305150316693216,3.42857142857143,-0.0770198335891298,-0.0195084148633341,-0.0195248464301238,3.42857142857143,1.15949878243396,0.552243411658194,0.443531184981228,3.14285714285714,-0.567843624478851,-0.213961054887607,-0.210009923970658,3,-0.698333270870585,-0.462042957434456,-0.312277558433317,2,-0.831435085337812,-0.59098647132696,-0.345969846195772,1.75,-0.0366962744590559,0.144811791410841,0.0964544285817431
"638",638,"male","white","yr5+","STEM","other","Visual",3.75,0.436289125953471,0.106887803094519,-0.0588897008362933,1.2,-1.58414135310556,-0.959716958919861,-0.39777303004052,4,0.66517565878866,-0.0172641264140487,-0.224393594826985,3.8,1.6632365703966,1.08028773972302,0.514864999330024,3.16666666666667,0.429363661956919,0.229241581944354,0.201830007259079,3.57142857142857,0.681041804493025,0.525981301357487,0.230660716965017,3.57142857142857,-0.107014569556626,-0.228702933306619,-0.0176514336074623,3.71428571428571,0.64199192306302,0.375966382834578,0.279746944614265,3,0.25088283411972,0.283155431437067,0.125490099829599,3.28571428571429,-0.277475426367985,-0.274382302863346,-0.104555068634341,3.71428571428571,0.869402582148889,0.576608486659187,0.374046880052746,3.66666666666667,2.46066525108943,1.99628071657296,0.97415207455312,2.25,0.899506617036739,0.00805181803850661,0.0259257529363538
"639",639,"female","other","yr3","Other","math04","Visual",4.25,1.3973687145327,1.02918290846063,0.951408860610283,2.4,0.851081942805901,0.413228721268375,0.277665103987839,3,0.0415260835783418,0.467101739221682,2.14776941814072,2.4,-2.3539222820115,-1.51834347089961,-0.666604397691051,3.16666666666667,0.409273230177348,0.30686590424446,0.193789339402875,3.57142857142857,0.453093002375308,0.430280016590468,0.0736305034835272,3.85714285714286,0.595432798906625,0.311799646732511,0.253483298766562,3.57142857142857,0.216266646171761,0.0416543605758332,0.0195015442854141,3.28571428571429,0.933698843114612,0.410782290271308,0.453594472295427,3.71428571428571,0.504956486699068,0.702968998321534,0.133917737202016,3.85714285714286,1.19346296935592,0.897678202176146,0.43661201470237,4,3.15362790427913,2.38216627044426,1.29809677028247,1.5,-0.623032644819437,-0.513559309885433,-0.191628894219258
"640",640,"male","white","yr1","Business","math03","Kinesthetic",2,-2.43063043001614,-1.48228768731004,-1.39050912686535,1,-1.95968575222524,-1.12354304995711,-0.506476490509507,4,1.61416912777569,1.03643584205871,3.08276806956743,3.7,1.54596231227363,0.659174985710903,0.667565553544218,5,3.98620410056276,2.58234944044327,1.82061697304004,5,3.9261456704954,2.35256263097091,1.45105146459158,5,3.31367547972593,1.91915665923684,1.0979722632391,5,3.73679657201665,2.30646665724278,1.25687647338945,4.42857142857143,3.47784921952256,1.4950446719352,1.39314117067411,5,3.63061219171766,2.33893933302049,1.38525280960426,5,3.7350316100817,2.22691801750131,1.37973577599676,2.66666666666667,0.46813375628096,0.509704345687348,0.152118766313997,1.25,-1.19998286985605,-0.652396927195811,-0.294064227814672
"641",641,"male","white","yr2","Business","math03","Visual",4,0.968797730243916,0.949672193566743,0.831647047231396,3.4,2.91586684920644,1.5147690097285,0.722138736833795,3.33333333333333,1.49296498304452,1.03438105309787,1.25922788955197,3.3,0.000646773614305873,0.159054080546616,-0.136885993764547,3,0.0949275067302644,0.11765192711224,0.0417608205515849,2.42857142857143,-1.97361343065786,-0.848360411070119,-0.764119013475156,3.85714285714286,0.54008689067775,0.318810347534338,0.16907798349487,2.57142857142857,-2.18271853986346,-1.28860164618627,-0.705525259605076,2.85714285714286,-0.0552105598807093,0.0303984877700625,-0.00330191216297629,2.85714285714286,-1.30602173200588,-0.904091913056583,-0.546781259513648,3.14285714285714,-0.385384174531729,-0.305451978669267,-0.199557798774236,2.33333333333333,-0.180472152866971,0.0523256554658236,-0.103927059154382,2,0.671304902878273,0.390365155515923,0.224022357401839
"642",642,"female","white","yr1","Business","math03","Kinesthetic",4.25,1.26791590107837,0.673365643026083,0.454705589614039,2.4,0.873357411011816,0.766405038098021,0.232230495850002,4,1.60483959166714,0.746636403969175,1.15103832237083,1.3,-5.60822396145589,-3.39206695195036,-1.76560725694903,3.33333333333333,0.711985443679874,0.394158135511615,0.33651551714166,3.14285714285714,-0.237421063154105,-0.305733009829102,-0.0890081257605348,4.57142857142857,2.2759704500989,1.28397894200896,0.727072700122574,4.28571428571429,1.90204632354647,1.18941980981848,0.64911733994255,3.14285714285714,0.834373348662023,0.409456923712306,0.526670243858477,3.42857142857143,0.0167687687686786,0.0596218728355445,-0.0350837187709502,2.85714285714286,-1.00046963083696,-0.521144044216238,-0.323330522536674,4,3.15362790427913,2.38216627044426,1.29809677028247,1,-1.67277738826583,-0.843783682502592,-0.351623884594771
"643",643,"female","white","yr1","Business","math01","Visual",5,2.60286850918202,1.82029657385926,1.54819490110066,4,4.16459041094794,2.46043254618658,1.10579019604456,3.33333333333333,-1.3260268155909,-1.2573205380518,-2.86706786204148,2.7,-1.38747214332774,-1.05904690394501,-0.32251293991247,3,0.103092341497531,0.15256293484205,0.0475258256026073,4,1.63391339847463,1.02262885178259,0.58581841920635,5,3.31367547972593,1.91915665923684,1.0979722632391,4.14285714285714,1.62939343084787,0.981925054769119,0.575009012674887,5,4.57205712657628,2.32202944268021,1.63747186549176,3.42857142857143,-0.0362085526236145,-0.0681516611146256,-0.0525805926242277,5,3.7350316100817,2.22691801750131,1.37973577599676,2,-0.831435085337812,-0.59098647132696,-0.345969846195772,2,0.567149196251447,0.442914293512327,0.179146680586523
"644",644,"female","white","yr2","Health","stats","Auditory",1.75,-2.74797169584668,-1.51715476849308,-1.14477161820456,1,-1.95968575222524,-1.12354304995711,-0.506476490509507,3,-0.907467385408693,-0.586598229251075,-1.1593922462537,3.9,2.02148252857358,1.26139987376385,0.619072374013697,2.83333333333333,-0.145744691341732,-0.195224783762427,-0.0737794555919675,4,1.63391339847463,1.02262885178259,0.58581841920635,4.42857142857143,1.92887168875003,1.20389925821479,0.601352413673086,3.71428571428571,0.602719636640242,0.302789284248262,0.21085508281081,2.71428571428571,-0.162912637556294,-0.695266355032502,0.176224938615942,4.14285714285714,1.75050142952286,1.14987225712295,0.724979136670417,2.85714285714286,-1.03670241249519,-0.787729343512843,-0.532533382038916,2,-0.831435085337812,-0.59098647132696,-0.345969846195772,1,-1.67277738826583,-0.843783682502592,-0.351623884594771
"645",645,"female","white","yr1","Health","stats","Kinesthetic",2.75,-1.0865519345264,-0.719092943487147,-0.409938232665881,1.2,-1.53287453284852,-0.986147702915055,-0.408886839892005,4,0.674505194897219,0.272535311675484,1.70733615236962,3,-0.632685713489468,-0.285056256708225,-0.147214921780883,2.16666666666667,-1.38901801598873,-1.17280831990594,-0.622662251425879,3,-0.31876451435184,-0.442783865858073,0.0158633354865831,2.42857142857143,-2.84443995321712,-1.3100452694335,-0.982210422864424,2.85714285714286,-1.45465794096735,-1.13267162680055,-0.447755645490554,1.71428571428571,-2.55123061858521,-1.60182710102419,-0.900044112444936,4,1.48955242910393,0.979250080766855,0.61803099269293,2.71428571428571,-1.30664867748469,-0.89737452309575,-0.555656042136918,3.66666666666667,2.50266497180829,1.73885414365148,1.05605398324108,1.25,-1.19998286985605,-0.652396927195811,-0.294064227814672
"646",646,"female","white","yr3","Other","math04","Visual",5,2.60286850918202,1.82029657385926,1.54819490110066,3.2,2.52097369494731,1.54786775105275,0.559825386068405,3.33333333333333,-0.36770381049531,0.0861788685104876,2.37182354954954,2.8,-1.29457992225548,-0.784176633962063,-0.452226521146257,2.66666666666667,-0.571013071883953,-0.382429061701838,-0.260669586441672,3.57142857142857,0.601760384050944,0.40721468160627,0.193869277692187,3.57142857142857,-0.132680243740095,-0.0950548391695532,-0.032320642284854,2,-3.78851265209243,-2.10781672974527,-1.2563102928192,2.42857142857143,-0.895443025738735,-0.716982614149139,-0.180915393276981,3.28571428571429,-0.271948273317147,-0.196364489301955,-0.0872224022836457,3.85714285714286,1.19609883994387,0.73174245417649,0.416539302482363,2,-0.831435085337812,-0.59098647132696,-0.345969846195772,2,0.567149196251447,0.442914293512327,0.179146680586523
"647",647,"female","white","yr1","STEM","stats","Kinesthetic",3.75,0.501015532680634,0.284796435811794,0.189461934661829,2.2,0.508799993717262,0.611104695490564,0.103259403574331,2.33333333333333,-1.01934199403131,-0.298853580122379,-1.05120267907257,2.7,-1.57570274832736,-0.946814531431506,-0.481652164000793,3.83333333333333,1.71495992801851,1.14257260784074,0.780881700201459,3.42857142857143,0.509426167239483,0.131488494132447,0.253071536317817,4.57142857142857,2.2367533199321,1.34618003111141,0.743821414808276,4.28571428571429,1.95908293065836,1.19155610527978,0.631391875735065,2.57142857142857,-0.707703897696084,-0.499377771216135,-0.22780474880141,4.14285714285714,1.70999490181593,0.920578160554308,0.680805957102712,3.57142857142857,0.591298878058264,0.265137192137654,0.225123101513286,1.33333333333333,-2.17536067099835,-1.62018415199105,-0.911957328966517,1,-1.67277738826583,-0.843783682502592,-0.351623884594771
"648",648,"female","white","yr1","Health","stats","Visual",3.75,0.557547286374509,0.474565180095818,0.518390193362656,2.6,1.26794906071528,0.397181476803714,0.399443191139858,2.66666666666667,-1.42857188810496,-0.679776450833573,-0.827148547663742,3.4,0.51966151158881,0.19964402474169,0.416043480744177,4,2.04056580364651,1.35000068377775,0.931188896795814,4,1.63391339847463,1.02262885178259,0.58581841920635,4,0.905693381081866,0.491652562079174,0.307811920424704,4,1.27073976996902,0.811911841495528,0.423306640922497,3.28571428571429,0.960559903213429,0.296500418525956,0.489791112678808,4,1.31935165331434,0.888150089808624,0.484193885042945,4,1.51975203523827,0.951256870139627,0.58237636020327,2,-0.831435085337812,-0.59098647132696,-0.345969846195772,1.75,-0.0413893471209421,-0.114954950582107,0.00363043397895002
"649",649,"female","white","yr1","STEM","stats","Visual",3.5,0.156325284467907,0.322491909915342,0.416913911653192,1.8,-0.327623011928395,0.260783230633624,-0.138339691136438,3.33333333333333,-1.3260268155909,-1.2573205380518,-2.86706786204148,2.2,-3.07099116694416,-1.92786896469037,-1.04905535252785,3,0.238075964806355,-0.251014547575155,0.123156720310516,2.57142857142857,-1.65178091680916,-1.02357762042509,-0.622314210775709,4.71428571428571,2.64157694050302,1.45682115655379,0.865806637052408,2.57142857142857,-2.29348144458963,-1.38183666245071,-0.814647287037601,2.71428571428571,-0.442525577303401,-0.277846638298607,-0.201008233706992,1.71428571428571,-3.87356713540127,-2.51044858237236,-1.49745780310026,2.57142857142857,-1.64577939696661,-1.11128027511016,-0.57696834439947,2.33333333333333,-0.138472432148111,-0.205100917455658,-0.0220251504664182,2.5,1.47645684207335,0.146889435348884,0.128361086531768
"650",650,"male","white","yr1","STEM","math03","Auditory",3.5,0.0350671240468692,-0.0451854670859573,-0.160365982545758,1,-1.95968575222524,-1.12354304995711,-0.506476490509507,3.33333333333333,0.562630586274606,0.560279960804179,1.81552571955075,3.6,1.34907762966667,0.637186174183607,0.624071413987738,1.66666666666667,-2.50678657894746,-1.52014455979509,-1.14385921960002,2.14285714285714,-2.39991713517834,-1.51972052595624,-0.800779198310953,3.71428571428571,0.275028589312967,0.197457293223961,0.0406445318054575,2.42857142857143,-2.49416025425449,-1.3076244993646,-0.88773499207489,1.85714285714286,-2.34602393821877,-1.37259402270574,-0.836455785239317,3,-0.712651737143435,-0.831578780669618,-0.177092313221932,2.57142857142857,-1.59598072715301,-1.36200774940948,-0.779392735529541,1.33333333333333,-2.13100392695658,-1.69167728834127,-0.844058458705541,1,-1.67277738826583,-0.843783682502592,-0.351623884594771
"651",651,"male","white","yr3","STEM","stats","Visual",2,-2.41147610066725,-1.54299013102988,-1.29164697199322,2,0.0769127392424039,0.0450022608460361,0.00468456761890011,1.66666666666667,-1.13121660265392,-0.0111089309936831,-0.943013111891431,3.3,0.258673628107644,0.239677916278257,-0.00151761926580803,3,0.0949275067302644,0.11765192711224,0.0417608205515849,3,-0.658318873546137,-0.307304927405721,-0.279414626178877,3,-1.5022887175622,-0.935851535078486,-0.482348422389692,3,-1.19531703207861,-0.682642974251729,-0.410263191544454,3,0.198764881314983,0.110002156595873,0.0634153015406642,3,-0.991908885088992,-0.562639153403243,-0.416865039518374,3,-0.695527539605158,-0.324404277222061,-0.214983055590222,2,-0.831435085337812,-0.59098647132696,-0.345969846195772,2,0.567149196251447,0.442914293512327,0.179146680586523
"652",652,"female","white","yr1","Other","math02","Kinesthetic",4.25,1.41652304388159,0.968480464740795,1.05027101548241,2.2,0.482792875326655,0.0204292679515794,0.146730286577604,4,-0.265158737981257,-0.491365218707741,0.331904235171801,3.1,-0.304252883880692,-0.456138166855096,-0.000819869595640108,3.16666666666667,0.529026166871137,0.20901778394675,0.238412941514429,4.42857142857143,2.52109027586733,1.6058552602272,0.865947118132664,4.14285714285714,1.26481052155269,0.842435085532594,0.414123298750524,4.28571428571429,1.98517782535354,1.22722944452789,0.675175994968461,3.71428571428571,1.77098160542606,0.713885132998211,0.622216688651936,4.28571428571429,2.10749410283183,1.37459212156235,0.834447741310639,4.14285714285714,1.87172632161751,0.987628082057485,0.687394063219299,3.33333333333333,1.85170203933745,1.09554201685869,0.814011196199693,1.75,-0.150238126409654,-0.322172554578652,-0.134069237439159
"653",653,"female","Black","yr1","STEM","math02","Visual",4.25,1.3973687145327,1.02918290846063,0.951408860610283,3,2.0904308253859,1.17297329330135,0.460272010316341,2,-0.610112099957654,0.082069290588815,-1.27525681048139,3.1,-0.449174902294964,-0.329481964337351,-0.238785226843186,2,-1.78190130231637,-1.22895114166351,-0.806756583703569,2.57142857142857,-1.61453467127923,-0.965591171152463,-0.644031396230828,2.14285714285714,-3.53817497586885,-2.3684537265999,-1.10135226967024,2.57142857142857,-2.24719811461616,-1.19560395982795,-0.78673762185483,2.14285714285714,-1.55937151204332,-0.777165039330643,-0.434156463229037,2.57142857142857,-1.92079692513962,-1.22921643791728,-0.764713588345761,2.42857142857143,-1.94606212089936,-1.01372580897909,-0.617142265840784,2.33333333333333,-0.182829176189881,-0.133607781105436,-0.089924020727394,1.75,0.094354677841664,0.251527538205546,0.121587023806425
"654",654,"male","white","yr2","STEM","math04","Kinesthetic",2.75,-1.19778165298463,-0.763736577197997,-0.775437554705554,1,-1.95968575222524,-1.12354304995711,-0.506476490509507,3.66666666666667,1.08373508897087,0.653458182386678,1.48328202096079,3.9,1.94736949080751,1.27437320487712,0.58145311477668,4,2.04056580364651,1.35000068377775,0.931188896795814,3.71428571428571,1.07966422945448,0.504926123657845,0.44483134819889,3.71428571428571,0.209858375804656,-0.0418273967366156,0.116184729412506,3.57142857142857,0.218937140828395,0.094374280752359,0.078932092344526,3.14285714285714,0.31967036599026,0.350592556407301,-0.055208991900159,4.28571428571429,1.97208617659267,1.3917113642643,0.721979944713155,4.28571428571429,2.16092462693404,1.3369322592672,0.787932573816197,2.66666666666667,0.51013347699982,0.252277772765867,0.23402067500196,1.25,-1.19998286985605,-0.652396927195811,-0.294064227814672
"655",655,"female","white","yr3","Other","math04","Kinesthetic",3.5,0.0350671240468692,-0.0451854670859573,-0.160365982545758,1.6,-0.745029577632997,-0.226979540276659,-0.15813101492302,3,-0.907467385408693,-0.586598229251075,-1.1593922462537,3.2,-0.155695939440816,-0.200543526097342,-0.150523160881833,5,3.98620410056276,2.58234944044327,1.82061697304004,4.85714285714286,3.57532959080727,2.11082038381309,1.32244477036094,5,3.31367547972593,1.91915665923684,1.0979722632391,4.71428571428571,3.07536513455167,1.81609597966462,1.05697878656279,4,2.47592060655392,1.1422020958259,0.921275091571718,5,3.63061219171766,2.33893933302049,1.38525280960426,4.42857142857143,2.48969830262912,1.3598090173029,0.884654355615734,3.33333333333333,1.85170203933745,1.09554201685869,0.814011196199693,1,-1.67277738826583,-0.843783682502592,-0.351623884594771
"656",656,"male","white","yr3","STEM","math04","Visual",2.5,-1.57165467250906,-0.988372402665061,-0.858628304745595,1.4,-1.14365438207682,-0.431379909661745,-0.322408090822972,3.66666666666667,0.144071156092395,-0.110442347996547,0.107850103762977,4.9,4.86988146001133,3.11571369146301,1.49179542352936,2.66666666666667,-0.469749724793413,-0.418055681179869,-0.214372655888825,2.71428571428571,-1.0512519981122,-0.715297057340753,-0.342502116610796,3.28571428571429,-0.823340546029175,-0.503600600902193,-0.288780926381027,3.71428571428571,0.568021051485092,0.2097693803275,0.189365658005779,2.71428571428571,-0.486905390010952,-0.124994234533963,-0.32985849961309,3.57142857142857,0.592817309413231,0.175543768241725,0.29847980611849,3.85714285714286,1.22154672920561,0.916554126789098,0.596431798131876,2,-0.831435085337812,-0.59098647132696,-0.345969846195772,2.25,1.12189724827605,0.682253768024545,0.394149090375366
"657",657,"female","Black","yr2","Health","math02","Kinesthetic",4.25,1.33264230780553,0.851274275743358,0.703057225112161,2,0.0769127392424039,0.0450022608460361,0.00468456761890011,3.66666666666667,-0.786263240677522,-0.584543440290239,0.664147933761763,2.5,-2.13063889977276,-1.30401833050086,-0.643993864934632,3,0.0949275067302644,0.11765192711224,0.0417608205515849,2.42857142857143,-1.91746078071685,-0.793779847555246,-0.74764533710529,3,-1.5022887175622,-0.935851535078486,-0.482348422389692,3,-1.19531703207861,-0.682642974251729,-0.410263191544454,3,0.198764881314983,0.110002156595873,0.0634153015406642,3,-0.942038336576015,-0.614894114467958,-0.44010122088823,3,-0.695527539605158,-0.324404277222061,-0.214983055590222,3,1.16109640947066,0.89558989955865,0.476063462043351,1.75,-0.0460824197828283,-0.374721692575056,-0.0891935606238431
"658",658,"male","white","yr1","Other","math02","Visual",3.5,0.0624161064290482,-0.117748022372544,-0.142080450876334,2,0.034245635539253,0.033667619454819,-0.00741151926749803,3.66666666666667,1.08373508897087,0.653458182386678,1.48328202096079,2.7,-1.47716099171237,-1.09690015742466,-0.40861780692613,2.16666666666667,-1.41087716786011,-1.10247248489865,-0.633766817308702,3,-0.403285643331055,-0.604993119273337,-0.052732363731149,3.28571428571429,-0.766786416839475,-0.616661652711396,-0.228972279542749,2.85714285714286,-1.45967679401898,-0.815937478481257,-0.475950599987478,2,-1.89824547914451,-0.96042700389224,-0.641214666267444,3.42857142857143,0.0666734030443007,-0.0342559744996222,0.0206474373912915,3.28571428571429,-0.100739479635442,0.160928058204792,-0.0277880414771727,3,1.16109640947066,0.89558989955865,0.476063462043351,1.5,-0.727188351446263,-0.461010171889029,-0.236504571034574
"659",659,"male","white","yr3","STEM","stats","Auditory",3,-0.675301490656994,-0.243985930016222,-0.096681378797141,1.2,-1.54147424940241,-0.948382317528644,-0.385676943154122,3.33333333333333,-1.31669727948235,-0.967521099962269,-0.935338114844879,2.4,-2.21129306663757,-1.38150434786237,-0.564692189078728,4.83333333333333,3.63873907306337,2.44525719951355,1.65920521056286,5,3.9261456704954,2.35256263097091,1.45105146459158,5,3.31367547972593,1.91915665923684,1.0979722632391,4.42857142857143,2.40564056632845,1.25152505126663,0.848660180911492,5,4.57205712657628,2.32202944268021,1.63747186549176,5,3.63061219171766,2.33893933302049,1.38525280960426,5,3.7350316100817,2.22691801750131,1.37973577599676,3.33333333333333,1.85405906266036,1.28147545342995,0.800008157772705,3.75,4.57420784687622,2.82492349023538,1.18312815416901
"660",660,"female","Black","yr1","STEM","stats","Kinesthetic",3,-0.769210668695853,-0.684225862304108,-0.655675741326667,1.8,-0.370829563426772,-0.254361426132537,-0.0484490146573995,3.33333333333333,-0.386362882712429,-0.493420007668577,-1.49163594484367,2.5,-2.12066482248991,-1.2443072190409,-0.637042834382172,1.5,-2.79110831575589,-1.7447833642048,-1.27901816751746,2.71428571428571,-1.23577680508813,-0.636999714574295,-0.485343626011572,3.57142857142857,-0.151242006806264,-0.0412650982191495,-0.0566153001943351,3.57142857142857,0.250654671625186,0.151527950643775,0.0717065823434495,3.57142857142857,1.43769631279996,0.746233318183782,0.485297394719638,3,-0.837005357280926,-0.658423910844889,-0.254894777118025,3.57142857142857,0.564183903082656,0.353890248887839,0.189949421197936,3.33333333333333,1.8120593419415,1.53890202635143,0.718106249084741,2.75,2.19853723739633,1.17174302543281,0.534400999160244
"661",661,"female","white","yr2","Business","math02","Auditory",3,-0.712678915001977,-0.494457118020084,-0.32674748262584,2,0.115848192760863,-0.181162208472085,0.0148169293707354,3.66666666666667,1.08373508897087,0.653458182386678,1.48328202096079,3.4,0.764387166495915,0.116390026463921,0.518729820446946,3.66666666666667,1.53343790781153,0.681824664570611,0.717687414601415,3.28571428571429,0.225857932016199,0.18506770016433,0.138275343676454,3.71428571428571,0.300025668301503,0.112279515066046,0.0860807408898169,3.42857142857143,-0.114509231720543,-0.241813717465873,-0.0604497789615642,2.28571428571429,-1.31484584483232,-0.503808416986926,-0.554937701108934,3,-0.786761758556627,-0.624564773215456,-0.267188554158864,3.57142857142857,0.560738925688429,0.231079917707452,0.190763924153865,3,1.11673966542889,0.967083035908873,0.408164591782375,2,0.426712098626955,-0.183334937268275,-0.0316339038437446
"662",662,"female","white","yr3","Other","math04","Visual",3.25,-0.366154877859733,-0.197258737266434,-0.261842264255222,1.4,-1.1146630300257,-0.810986970486585,-0.28808729253662,3.66666666666667,2.01406948574079,1.12755927468037,0.926984190962007,2.8,-1.2420845798239,-0.587326587410044,-0.376716161763537,5,3.98620410056276,2.58234944044327,1.82061697304004,4.28571428571429,2.49779497939626,1.40518890805551,1.00963744788393,4.14285714285714,1.23692823008201,0.74574185673938,0.417707137819984,4.71428571428571,3.13527100803674,1.74294109864074,1.09078871181412,3.71428571428571,1.59984770960984,0.847226271637463,0.440599239733313,4.28571428571429,1.92171576047756,1.20498419820771,0.686553884151948,3.71428571428571,0.905816748800727,0.28653120379857,0.0679908284447572,3.33333333333333,1.80970231861859,1.35296858978018,0.732109287511729,1,-1.67277738826583,-0.843783682502592,-0.351623884594771
"663",663,"male","white","yr1","STEM","math04","Visual",5,2.60286850918202,1.82029657385926,1.54819490110066,2.2,0.495663689860459,0.72397300864945,0.0234973516088477,3,-0.898137849300134,-0.296798791161543,0.772337500942899,3.5,0.924296565616015,0.560688869104106,0.29506013437388,3,0.0949275067302644,0.11765192711224,0.0417608205515849,3,-0.658318873546137,-0.307304927405721,-0.279414626178877,3,-1.5022887175622,-0.935851535078486,-0.482348422389692,3,-1.19531703207861,-0.682642974251729,-0.410263191544454,2.42857142857143,-1.02842066906273,-0.3228764701593,-0.381884937915805,3,-0.991908885088992,-0.562639153403243,-0.416865039518374,3,-0.695527539605158,-0.324404277222061,-0.214983055590222,2.33333333333333,-0.180472152866971,0.0523256554658236,-0.103927059154382,2.5,1.64848225803362,1.19217029291354,0.412222583974195
"664",664,"female","white","yr1","STEM","math02","Kinesthetic",3,-0.750056339346961,-0.744928306023945,-0.556813586454538,2.8,1.70470438155933,0.688019415352491,0.472844405222843,3.66666666666667,-0.776933704568962,-0.294744002200706,2.59587768095837,1.5,-5.17405659719248,-3.40278569566482,-1.78103162818637,2.16666666666667,-1.42140740254424,-1.06635631463619,-0.644002245456705,3.28571428571429,0.390087514351429,-0.00304221389926016,0.28724591189948,5,3.31367547972593,1.91915665923684,1.0979722632391,4.42857142857143,2.32634028199717,1.41891588322602,0.760799553059088,4.28571428571429,3.02691675396655,1.93990223627325,1.11888890310318,3.85714285714286,1.0404047061592,0.741030662509609,0.38658938042919,4.28571428571429,2.17674920629026,1.20321803853771,0.771934595956654,2.66666666666667,0.46577673295805,0.323770909116089,0.166121804740984,2.5,1.59469176668583,0.873640523331326,0.451708747155464
"665",665,"male","white","yr1","Business","math02","Visual",4.25,1.33264230780553,0.851274275743358,0.703057225112161,1.6,-0.745029577632997,-0.226979540276659,-0.15813101492302,3.66666666666667,2.02339902184935,1.4173587127699,2.85871393815861,5,5.14404030313939,3.25008804515714,1.55143250842355,3.16666666666667,0.521796729448808,0.289453383571223,0.238364947698787,3,-0.591686115882518,-0.32131424082842,-0.200283993272928,4,0.900014478804097,0.665359624043345,0.282866339559096,3.85714285714286,0.966685373918977,0.511136514312341,0.342263438581731,3.28571428571429,1.08290675688311,0.560160402282921,0.449246327318248,4.14285714285714,1.55807132949637,1.04352338458368,0.51184891232345,4.28571428571429,2.18314818039444,1.0702686179776,0.749769791354149,2.33333333333333,-0.227185920231651,-0.0621146447552133,-0.15782289098837,1,-1.67277738826583,-0.843783682502592,-0.351623884594771
"666",666,"female","white","yr1","STEM","math03","Visual",4.25,1.3973687145327,1.02918290846063,0.951408860610283,2.8,1.69476028009199,0.534576823845772,0.497032841757359,3.33333333333333,-0.386362882712429,-0.493420007668577,-1.49163594484367,2.9,-0.971534107546079,-0.509959757712344,-0.322984135422668,2.33333333333333,-1.10883039918897,-0.88443082479678,-0.495037624632035,2.57142857142857,-1.34024902678694,-0.838236626839609,-0.400789927667418,3.71428571428571,0.225536988588019,0.165451978910256,0.138841092849453,4.71428571428571,3.00887056520281,1.8704989810194,1.01061499002643,3.14285714285714,0.663239452845799,0.542798062351559,0.345052794939854,3.28571428571429,-0.254136851686603,-0.262924287706109,-0.102037243811888,2.71428571428571,-1.30064862294346,-0.959350129401069,-0.552736323103757,2.33333333333333,-0.182829176189881,-0.133607781105436,-0.089924020727394,1.5,-0.727188351446263,-0.461010171889029,-0.236504571034574
"667",667,"male","white","yr1","Business","math02","Visual",1,-4.08292430395033,-2.66408569932625,-2.23826092969118,1,-1.95968575222524,-1.12354304995711,-0.506476490509507,3.66666666666667,2.95373341861926,1.89145980506359,2.30241610815982,3.1,-0.385785492007014,-0.00602544293953172,-0.226403060049865,3,0.0642380752602255,0.283826183224439,0.0208942645556214,3.85714285714286,1.39419619130706,0.781120898117881,0.528794360378164,3.57142857142857,-0.15205245446179,-0.037031851274736,-0.0640922779327415,4,1.27073976996902,0.811911841495528,0.423306640922497,3.71428571428571,1.73945195896364,0.945568500174045,0.721986728912958,3.85714285714286,0.995747968200588,0.675378359361484,0.373967188383187,4.14285714285714,1.81864953831058,1.06761012407612,0.617217033480462,3,1.11673966542889,0.967083035908873,0.408164591782375,3.25,3.27987029917851,1.92099902483403,0.767476902547915
"668",668,"male","white","yr2","Business","stats","Auditory",1,-4.08292430395033,-2.66408569932625,-2.23826092969118,1,-1.95968575222524,-1.12354304995711,-0.506476490509507,3,0.0321965474697825,0.177302301132149,0.216039670944113,2.7,-1.64620741524319,-0.87683367632181,-0.513366364684483,5,3.98620410056276,2.58234944044327,1.82061697304004,5,3.9261456704954,2.35256263097091,1.45105146459158,5,3.31367547972593,1.91915665923684,1.0979722632391,5,3.73679657201665,2.30646665724278,1.25687647338945,5,4.57205712657628,2.32202944268021,1.63747186549176,4.85714285714286,3.29180399025055,2.13377376887109,1.27191176776482,5,3.7350316100817,2.22691801750131,1.37973577599676,2.33333333333333,-0.182829176189881,-0.133607781105436,-0.089924020727394,3,2.67133175580612,1.36312978073959,0.591960655940342
"669",669,"female","white","yr1","Other","math02","Kinesthetic",3.75,0.557547286374509,0.474565180095818,0.518390193362656,1.8,-0.370829563426772,-0.254361426132537,-0.0484490146573995,3.33333333333333,0.553301050166047,0.270480522714647,-0.116204027645849,3.5,0.768635492554312,0.470344700493677,0.265755736718804,1.66666666666667,-2.42494821880511,-1.60889628580773,-1.10160597184126,1.42857142857143,-4.31210255303243,-2.46214144699679,-1.67093914802003,2.85714285714286,-1.86641616511585,-1.16139731254689,-0.644372381988087,2.28571428571429,-2.96931124394629,-1.70351047006046,-1.07472930737262,2.28571428571429,-1.31348020276985,-0.50158276520738,-0.532177897681808,2,-3.42318630827246,-1.96085827086382,-1.42180621333298,2,-2.94221052463328,-1.58053937152804,-1.12456761143029,2.33333333333333,-0.138472432148111,-0.205100917455658,-0.0220251504664182,1.25,-1.09582716322922,-0.704946065192215,-0.249188550999356
"670",670,"female","white","yr3","STEM","math04","Kinesthetic",3.75,0.501015532680634,0.284796435811794,0.189461934661829,1.8,-0.326818074810168,-0.0518188078481891,-0.0373314675676355,3.66666666666667,0.144071156092395,-0.110442347996547,0.107850103762977,2.5,-2.1191434773668,-1.40100091680374,-0.660385704522721,3.5,1.05888413925703,0.737124877598917,0.484689736294088,2.85714285714286,-0.941540067876259,-0.470617511411391,-0.395251555010048,2.57142857142857,-2.545672649467,-1.39732219034219,-0.878193566371825,2.71428571428571,-1.85194266197116,-1.00513356814456,-0.625573936358098,2.14285714285714,-1.57920152507282,-0.784538968865927,-0.575476965107953,3.14285714285714,-0.601079111481732,-0.487154033310486,-0.214781765294099,3.57142857142857,0.547125363641207,0.566278351613008,0.229584002374713,2,-0.831435085337812,-0.59098647132696,-0.345969846195772,1,-1.67277738826583,-0.843783682502592,-0.351623884594771
"671",671,"male","white","yr5+","STEM","math04","Kinesthetic",4.25,1.33264230780553,0.851274275743358,0.703057225112161,2,0.0683130226885191,0.0827676462324477,0.0278944643567827,3.33333333333333,1.49296498304452,1.03438105309787,1.25922788955197,2.3,-2.75079738868935,-1.7636051146717,-0.932273985426209,2.66666666666667,-0.561148282031212,-0.287795803129581,-0.254431143355787,3.14285714285714,-0.205012610894081,-0.13480400145286,-0.0490745638501741,3.85714285714286,0.56964411147041,0.260484810737653,0.191729107331358,3.85714285714286,1.06330482715536,0.569596222212774,0.362714222924695,2.85714285714286,-0.387579895558363,-0.123668867974961,-0.40293427117614,3.42857142857143,0.239667609216737,0.0409474336992618,0.142026560497856,3,-0.714841629973872,-0.455862507035964,-0.268757649410849,2.66666666666667,0.51013347699982,0.252277772765867,0.23402067500196,1.75,-0.150238126409654,-0.322172554578652,-0.134069237439159
"672",672,"female","white","yr5+","STEM","math03","Kinesthetic",4.25,1.41652304388159,0.968480464740795,1.05027101548241,2.4,0.885688777750393,0.966138763420947,0.210984324246683,3.33333333333333,-1.31669727948235,-0.967521099962269,-0.935338114844879,2.8,-1.19164266443564,-0.946238365989938,-0.33960687635721,1.83333333333333,-2.07748319130572,-1.47180404487801,-0.940194209364077,2.57142857142857,-1.40292577658461,-0.947412722843442,-0.453080320737031,2.85714285714286,-1.69089557831876,-1.22471562568899,-0.488922264882149,2.71428571428571,-1.95294557509308,-1.13716963536298,-0.68414773061979,1.28571428571429,-3.62742341041945,-1.68853274411596,-1.38847591500161,3.14285714285714,-0.411196209017579,-0.431662507744881,-0.0259709896767389,1.14285714285714,-4.8092510726377,-2.837099369112,-1.74246080012226,4,3.15362790427913,2.38216627044426,1.29809677028247,2,0.322556392000129,-0.130785799271871,-0.0765095806590609
"673",673,"male","white","yr1","Business","math02","Visual",2,-2.46800785436112,-1.7327588753139,-1.62057523069405,1,-1.95968575222524,-1.12354304995711,-0.506476490509507,3.33333333333333,0.562630586274606,0.560279960804179,1.81552571955075,3.7,1.38907772726853,0.945913386028883,0.455227914435828,3,0.183161981548069,0.056522721536606,0.086715175334748,3.14285714285714,-0.149208689530251,-0.198776853129756,-0.011994094921991,5,3.31367547972593,1.91915665923684,1.0979722632391,4.71428571428571,3.02045531002113,1.9637117797214,1.01703523040417,3.57142857142857,1.45311909639047,0.99775596635064,0.533305928225468,4.57142857142857,2.78679468570441,1.77281753352562,1.12544713232064,4.85714285714286,3.43000872540895,2.01132806102109,1.29519524325941,2,-0.831435085337812,-0.59098647132696,-0.345969846195772,1,-1.67277738826583,-0.843783682502592,-0.351623884594771
"674",674,"female","white","yr1","Other","math02","Auditory",4.75,2.16426908293044,1.41775211567492,1.21665251556249,2.8,1.6598879558245,0.798078835549956,0.360718634564276,3.33333333333333,-1.3260268155909,-1.2573205380518,-2.86706786204148,2.1,-3.34183082943276,-2.0153899036508,-1.10546729735117,1,-3.79634908710223,-2.34704558621879,-1.73709533193687,1.71428571428571,-3.54873099428486,-2.09752554553978,-1.3664885594338,1.57142857142857,-4.9887950321033,-3.06859162756993,-1.65045457372416,1,-6.12743063617388,-3.67175260574624,-2.07740285647836,1.57142857142857,-2.90633129874533,-1.30101196508711,-1.01952368998623,1.14285714285714,-5.2908262767819,-3.25144590937984,-2.10875619198125,2.14285714285714,-2.60558843538235,-1.3773471868124,-0.828245012528904,4,3.15362790427913,2.38216627044426,1.29809677028247,2,0.322556392000129,-0.130785799271871,-0.0765095806590609
"675",675,"female","white","yr3","STEM","stats","Visual",5,2.60286850918202,1.82029657385926,1.54819490110066,3.8,3.84756816372573,2.04120234887459,0.963741568782843,3.33333333333333,-1.3260268155909,-1.2573205380518,-2.86706786204148,3.2,-0.131866759178557,0.06688946282289,-0.125311733080967,4.16666666666667,2.44801003941687,1.46867703370213,1.12374934114893,4,1.63391339847463,1.02262885178259,0.58581841920635,3,-1.5022887175622,-0.935851535078486,-0.482348422389692,3,-1.19531703207861,-0.682642974251729,-0.410263191544454,4,2.38541100394563,1.21601579963804,0.850443583516211,4,1.31935165331434,0.888150089808624,0.484193885042945,3,-0.695527539605158,-0.324404277222061,-0.214983055590222,2,-0.831435085337812,-0.59098647132696,-0.345969846195772,2,0.567149196251447,0.442914293512327,0.179146680586523
"676",676,"male","white","yr3","Other","math02","Auditory",2,-2.32759536459119,-1.42578394203244,-0.944433181622972,1.8,-0.298631659877274,-0.118823830191217,-0.104018892850086,3.66666666666667,0.144071156092395,-0.110442347996547,0.107850103762977,3,-0.693766893567773,-0.318577880021777,-0.257441991975146,3.5,1.07830912620522,0.790249984133522,0.488733419088175,3.57142857142857,0.559378858893981,0.407851156899569,0.135449825800325,3.57142857142857,-0.198496508998638,-0.0799353391175467,-0.0848030967727622,3.28571428571429,-0.51069330087989,-0.397041766621758,-0.163196438558101,3.14285714285714,0.532050173941084,0.0776539714103012,0.200334595472963,4,1.31935165331434,0.888150089808624,0.484193885042945,3.57142857142857,0.592826115620196,0.339087634982733,0.275467133037515,2,-0.831435085337812,-0.59098647132696,-0.345969846195772,2,0.567149196251447,0.442914293512327,0.179146680586523
"677",677,"male","white","yr3","Business","math03","Kinesthetic",2,-2.4953568367433,-1.66019632002731,-1.63886076236347,1.8,-0.334043431939992,-0.359131833861977,-0.138346336677733,3.33333333333333,1.49296498304452,1.03438105309787,1.25922788955197,4.6,4.32942359829048,2.43266720994182,1.43974097158153,1.83333333333333,-2.18934553808672,-1.34762749158789,-0.999317028056683,2.42857142857143,-1.75486431827833,-1.11159607563552,-0.582080433078791,3.42857142857143,-0.373101748493157,-0.44944141203968,-0.0442971961078668,2,-3.66137383412625,-2.17719778999898,-1.2438330240114,1.71428571428571,-2.78646374562477,-1.33725978805494,-1.14842701886177,2.28571428571429,-2.5008720003511,-1.6406126438154,-0.93002910619532,3.57142857142857,0.570876154663534,0.373565153168486,0.241765251436895,1,-2.82396658014628,-2.07756284221257,-1.1680031544349,1,-1.67277738826583,-0.843783682502592,-0.351623884594771
"678",678,"female","Asian","yr3","STEM","stats","Auditory",3.25,-0.338805895477554,-0.269821292553021,-0.243556732585799,1,-1.95968575222524,-1.12354304995711,-0.506476490509507,3.66666666666667,1.08373508897087,0.653458182386678,1.48328202096079,3.8,1.72068016872099,0.906250994796454,0.560803200945881,3.33333333333333,0.802817668995441,0.469772758618913,0.36333646128387,4.14285714285714,1.91232157680287,1.16327828260426,0.691892034951866,4.71428571428571,2.60235981033622,1.51902224565624,0.88255535173811,4.28571428571429,1.96195219703154,1.1162649287946,0.682927265193879,3.14285714285714,0.568345854726409,0.120780172943109,0.16444621322265,4,1.40721561773455,0.972708992068435,0.559778772043285,2.57142857142857,-1.65791325040086,-1.10265811160355,-0.706005965261517,3,1.11673966542889,0.967083035908873,0.408164591782375,1.5,-0.623032644819437,-0.513559309885433,-0.191628894219258
"679",679,"male","Black","yr1","Business","math02","Auditory",3,-0.740027897384156,-0.421894562733497,-0.345033014295263,3,2.11351123071005,1.21354757164919,0.515845625747307,3,0.0321965474697825,0.177302301132149,0.216039670944113,3,-0.693766893567773,-0.318577880021777,-0.257441991975146,3,0.0949275067302644,0.11765192711224,0.0417608205515849,2.85714285714286,-1.15780233490991,-0.525981839579341,-0.528260094618174,3,-1.52146504181237,-0.980143749850004,-0.46459507246307,3,-1.21672643752099,-0.627001708319761,-0.429465328432134,3.14285714285714,0.601686879354555,0.212236714232204,0.355063019284614,3.14285714285714,-0.630438601458817,-0.365921588058736,-0.255537112090466,3.28571428571429,-0.0694873302259578,0.276635843220959,0.0554672470880459,2,-0.787078341296042,-0.662479607677182,-0.278070975934797,1.75,-0.0144941014470479,0.0443099342090012,-0.0161126476116847
"680",680,"female","white","yr2","Business","math02","Kinesthetic",2.75,-1.20781009494744,-1.08677032048845,-0.98721812686483,2.6,1.27923754709607,0.741832045203564,0.374276214808707,2.66666666666667,-0.488907955226482,0.0841240795496512,0.548283369534074,2.7,-1.42021382053218,-0.982371874075877,-0.369481051496584,3.16666666666667,0.502371742500622,0.236328277036619,0.2343212649047,3.71428571428571,1.24768948534446,0.363628671108313,0.553887870640648,4.57142857142857,2.29049717205777,1.20690996310122,0.804431769990717,4.71428571428571,3.01375482617216,1.83380248953777,1.02730181377185,2.85714285714286,-0.0938175010867973,-0.0586721753173208,-0.0160804062688625,5,3.63061219171766,2.33893933302049,1.38525280960426,3.28571428571429,-0.0576745982444007,0.0996730895741728,0.0381678014056359,3,1.16109640947066,0.89558989955865,0.476063462043351,1.5,-0.727188351446263,-0.461010171889029,-0.236504571034574
"681",681,"male","white","yr1","STEM","math03","Kinesthetic",1.25,-3.68170230204373,-2.51201242914578,-2.13678464798172,1,-1.95968575222524,-1.12354304995711,-0.506476490509507,3.66666666666667,1.08373508897087,0.653458182386678,1.48328202096079,4.6,4.32942359829048,2.43266720994182,1.43974097158153,3.33333333333333,0.796919121235882,0.288709500573963,0.371282437592462,5,3.9261456704954,2.35256263097091,1.45105146459158,5,3.31367547972593,1.91915665923684,1.0979722632391,5,3.73679657201665,2.30646665724278,1.25687647338945,5,4.57205712657628,2.32202944268021,1.63747186549176,4.71428571428571,3.14807844422892,1.92647804952305,1.28130385758404,5,3.7350316100817,2.22691801750131,1.37973577599676,3,1.16109640947066,0.89558989955865,0.476063462043351,3,2.80707578076872,1.72961226952725,0.709917245767817
"682",682,"male","white","yr1","STEM","math03","Kinesthetic",2.75,-1.17862732363574,-0.824439020917835,-0.676575399833426,1.2,-1.53287453284852,-0.986147702915055,-0.408886839892005,3.66666666666667,2.01406948574079,1.12755927468037,0.926984190962007,3,-0.693766893567773,-0.318577880021777,-0.257441991975146,2.66666666666667,-0.509333908527512,-0.341122701864729,-0.229047466530873,3,-0.740780190093398,-0.319028386324262,-0.342563714340835,2.85714285714286,-1.92185153383191,-1.24889556406308,-0.656450362712885,3,-1.21393562454473,-0.497716309637984,-0.410029820705724,3.14285714285714,0.63798256013988,0.255362915765012,0.319174637034301,4.14285714285714,1.76036531793104,1.1073053266109,0.716232017663919,2.42857142857143,-1.95543477668645,-1.00982708462308,-0.719472458495836,2,-0.831435085337812,-0.59098647132696,-0.345969846195772,3.25,3.52446310342983,2.49469911761823,1.0231331637935
"683",683,"female","white","yr2","Other","math02","Auditory",3.5,0.0997935307740318,0.132723165631318,0.0879856529523643,1.8,-0.326818074810168,-0.0518188078481891,-0.0373314675676355,3,-1.84713131828717,-1.3504987596343,-2.53482416345152,3.8,1.6505713473139,1.09858135190341,0.489965908744451,3.83333333333333,1.74321519456535,1.09985929327044,0.794687373108686,4,1.63391339847463,1.02262885178259,0.58581841920635,4,0.961128749797922,0.579150813595371,0.319889901149502,3.42857142857143,-0.182131189300305,-0.0241572769219012,-0.0405013909974301,3.57142857142857,1.49278407506007,0.519895226472622,0.580450478913527,3.85714285714286,0.960861325172665,0.718592991051843,0.315879175236124,4,1.51975203523827,0.951256870139627,0.58237636020327,2,-0.831435085337812,-0.59098647132696,-0.345969846195772,1.75,-0.150238126409654,-0.322172554578652,-0.134069237439159
"684",684,"female","white","yr2","Business","math02","Visual",3.75,0.584896268756688,0.402002624809231,0.536675725032079,1,-1.95968575222524,-1.12354304995711,-0.506476490509507,3,-0.907467385408693,-0.586598229251075,-1.1593922462537,3.4,0.644995527998744,0.0465283590180321,0.417410318933864,3.66666666666667,1.41760931893734,0.892431217333428,0.644380176514331,2.28571428571429,-2.35039113605909,-1.26413734366916,-0.940441855687692,2.85714285714286,-1.78679416506679,-1.15484359224419,-0.594335169917335,3.42857142857143,-0.075315398694685,0.0359399562873951,-0.0236577988905141,3.57142857142857,1.53188281789149,0.720589727705756,0.627555582558471,3.42857142857143,0.0419780484940772,0.102031221004311,0.0372226155471192,3.28571428571429,-0.0711844284653694,-0.100889027836171,-0.112243999499284,2.33333333333333,-0.138472432148111,-0.205100917455658,-0.0220251504664182,1.25,-1.19998286985605,-0.652396927195811,-0.294064227814672
"685",685,"male","white","yr1","Business","math02","Visual",3.75,0.501015532680634,0.284796435811794,0.189461934661829,3.6,3.30589193709637,1.75693476449999,0.90962570947163,2.66666666666667,-2.36823582098343,-1.4436769812168,-2.20258046486156,3,-0.674080139236613,-0.352215137722325,-0.326323912450808,1.5,-2.82113230239454,-1.70935853692731,-1.29588773845131,1.85714285714286,-3.27144527796221,-1.87931722035238,-1.2608083617994,3.71428571428571,0.167109981405478,0.0929068754272893,0.0539308401570714,2.14285714285714,-3.31019647547646,-2.22778458058725,-1.13614814233114,2.14285714285714,-1.54635230207,-0.804706265722583,-0.419186768585046,1.85714285714286,-3.56411842391125,-2.18405057297121,-1.42487210805718,3.28571428571429,-0.0601592080571324,0.130374999501949,0.0872103651069985,2.33333333333333,-0.182829176189881,-0.133607781105436,-0.089924020727394,2,0.535560877915667,0.02388266672827,0.106065767574365
"686",686,"female","white","yr5+","STEM","math04","Kinesthetic",4,0.894042881553949,0.44872981755902,0.371514839573998,1.8,-0.299976044790726,-0.310031807084348,-0.103040353053452,3.33333333333333,-0.37703334660387,-0.203620569579045,0.440093802352938,2.8,-1.27830632832254,-0.745462722146018,-0.421422372007357,2.83333333333333,-0.161868881028121,-0.204030460935013,-0.067635704053694,2.85714285714286,-1.01876167588639,-0.438898336665885,-0.426596383227104,3.28571428571429,-0.771886184409491,-0.585933859044401,-0.212357526268431,3,-1.19531703207861,-0.682642974251729,-0.410263191544454,2.42857142857143,-1.02528676848977,-0.336131427566197,-0.326960810464205,3.42857142857143,0.139519376216816,0.100966143404996,0.0985891813764524,3.14285714285714,-0.361588849891135,-0.355803057750788,-0.116789475075955,1.66666666666667,-1.48239801780865,-1.23429859811974,-0.588012633237163,1.25,-1.19998286985605,-0.652396927195811,-0.294064227814672
"687",687,"female","white","yr1","STEM","math02","Auditory",2.25,-2.06678585245452,-1.58068560513342,-1.51909894898459,1.4,-1.16458546536928,-0.59334824959826,-0.27795202248177,3.33333333333333,0.562630586274606,0.560279960804179,1.81552571955075,4.4,3.41397307987789,2.15169105780241,0.97781062672816,3.16666666666667,0.40353826799235,0.386007416424344,0.176541021981778,2.71428571428571,-1.25847888305396,-0.680406290330597,-0.483620442055289,2.85714285714286,-1.92252012902684,-1.20042524808393,-0.625683362305918,2.85714285714286,-1.62046526230633,-0.798253186170547,-0.608329359833202,3,0.142639187500161,0.0595020255277812,-0.0420168180879386,3,-0.929254200394176,-0.520489599312199,-0.413586486836104,3.14285714285714,-0.38105120570437,-0.0938628556117933,-0.0519192644069124,2.66666666666667,0.51013347699982,0.252277772765867,0.23402067500196,1.25,-1.19998286985605,-0.652396927195811,-0.294064227814672
"688",688,"female","white","yr5+","STEM","math02","Kinesthetic",5,2.60286850918202,1.82029657385926,1.54819490110066,4.6,5.39375724882105,2.89904933130795,1.40967295774855,2.33333333333333,-2.8893403236797,-1.53685520279929,-1.8703367662716,2.3,-2.70175938869202,-1.52985128652068,-0.921307471088236,1.33333333333333,-3.1498334954362,-1.90008970393931,-1.4387086077377,2,-2.83747211225648,-1.7241898891218,-1.09070010815493,2.28571428571429,-3.25417804179268,-1.7712475877218,-1.09441218621698,2.28571428571429,-2.86904670595663,-1.62965122496697,-0.948459060131038,1.57142857142857,-3.13901776805279,-1.49823217456722,-1.1911309145601,1.14285714285714,-5.28529912373106,-3.17342809581845,-2.09142352563056,2,-2.90403406942676,-1.56154033081705,-0.984333575353852,1,-2.82396658014628,-2.07756284221257,-1.1680031544349,1.75,-0.0460824197828283,-0.374721692575056,-0.0891935606238431
"689",689,"female","white","yr2","Other","math04","Visual",5,2.60286850918202,1.82029657385926,1.54819490110066,3.2,2.42196373588898,1.13425676605426,0.557857923695563,2.66666666666667,-0.498237491335041,-0.205675358539881,-1.38344637766253,3.7,1.41540284287862,1.00598295779573,0.392796274101919,4,1.99928166482694,1.36721141225045,0.916040648118903,3.14285714285714,-0.252983263813699,-0.140688430749711,-0.117739919774901,3.71428571428571,0.250481675603142,0.130546084035628,0.0737059892415448,3.71428571428571,0.573403905721068,0.596351274352753,0.236131832058896,3.14285714285714,0.63640162667488,-0.0829003777552593,0.292393049267861,3.57142857142857,0.60012243587992,0.0900220001170353,0.416848481894853,3.42857142857143,0.293215902308226,0.0401372283238227,-0.104824459019043,3.66666666666667,2.46066525108943,1.99628071657296,0.97415207455312,2,0.54494702323944,0.543416150714168,0.291713756779951
"690",690,"male","white","yr2","STEM","math04","Visual",3.5,0.0624161064290482,-0.117748022372544,-0.142080450876334,1.8,-0.303707694975419,-0.547530917793686,-0.105004078188015,2.66666666666667,0.422767369326316,-0.0213737043357214,-3.87147395485792,4.6,4.32942359829048,2.43266720994182,1.43974097158153,4.16666666666667,2.44294052206326,1.4170691170473,1.11049800878995,3.57142857142857,0.796874041373391,0.311207477517004,0.288924982404069,4,0.905693381081866,0.491652562079174,0.307811920424704,3.28571428571429,-0.437688489064152,-0.228116313140476,-0.136378652469118,4,2.38541100394563,1.21601579963804,0.850443583516211,4.85714285714286,3.30148135355308,2.04814978901196,1.25769344659381,4,1.51975203523827,0.951256870139627,0.58237636020327,2,-0.831435085337812,-0.59098647132696,-0.345969846195772,2,0.426712098626955,-0.183334937268275,-0.0316339038437446
"691",691,"male","other","yr2","Business","math03","Visual",4.75,2.16426908293044,1.41775211567492,1.21665251556249,3.4,2.87773633280621,1.42833144056481,0.813014598650763,2.66666666666667,-2.36823582098343,-1.4436769812168,-2.20258046486156,4.5,3.83653401271443,2.39422037358391,1.27315116752961,1.33333333333333,-3.12327818397484,-2.00252526935206,-1.42537637286534,2,-2.75337767581251,-1.58276011618658,-1.04414535579645,3.14285714285714,-1.20375910535086,-0.591567586190982,-0.48207158420662,2.71428571428571,-1.72670705061597,-1.00195190288731,-0.601068556489615,1.57142857142857,-3.08031945689259,-1.27504035874346,-1.26631056759278,1.42857142857143,-4.6228872371502,-2.7554908012219,-1.86785578713136,2.85714285714286,-1.05493271703729,-0.823280500158538,-0.338298012418835,2,-0.831435085337812,-0.59098647132696,-0.345969846195772,1,-1.67277738826583,-0.843783682502592,-0.351623884594771
"692",692,"female","white","yr2","STEM","stats","Auditory",3.25,-0.330611242444267,-0.28168140411977,-0.324133355788504,1.2,-1.53287453284852,-0.986147702915055,-0.408886839892005,5,1.31681384232466,0.367768322218818,3.19863263379512,3,-0.693766893567773,-0.318577880021777,-0.257441991975146,4.5,3.09415227331926,1.83192526892133,1.41111240197866,4.14285714285714,2.32428383735706,1.12889216048806,1.00970307510245,4,0.905693381081866,0.491652562079174,0.307811920424704,4,1.27073976996902,0.811911841495528,0.423306640922497,4,2.38541100394563,1.21601579963804,0.850443583516211,4.28571428571429,2.18685095871271,1.35397274367304,0.899686744339196,4,1.51975203523827,0.951256870139627,0.58237636020327,2,-0.831435085337812,-0.59098647132696,-0.345969846195772,1.25,-1.19998286985605,-0.652396927195811,-0.294064227814672
"693",693,"male","Black","yr1","Other","math02","Auditory",3,-0.693524585653086,-0.555159561739922,-0.227885327753711,3.4,2.89413082879575,1.66540270827379,0.665586581606195,2.66666666666667,0.432096905434875,0.268425733753811,-1.93974420766132,3.8,1.72151532066103,0.902935839694298,0.526555617708135,2.66666666666667,-0.570708479126658,-0.246287651091928,-0.252236383063988,2.85714285714286,-1.07964337647341,-0.329656325462381,-0.491862073456467,2.71428571428571,-2.16835402830682,-1.24818514824101,-0.676566841354483,2.42857142857143,-2.64597422503522,-1.60812850432731,-0.916814947778074,2.28571428571429,-1.43582705643953,-0.765242748964346,-0.491633112321248,2.57142857142857,-1.91372646711428,-1.25588678566998,-0.761002722808838,3,-0.716472599362057,0.00594760143485764,-0.12986980180931,3,1.11673966542889,0.967083035908873,0.408164591782375,2.5,1.72574271898655,0.980356270126031,0.476841342380146
"694",694,"female","white","yr2","STEM","math02","Kinesthetic",2.5,-1.54430569012688,-1.06093495795165,-0.840342773076172,1,-1.95968575222524,-1.12354304995711,-0.506476490509507,3.66666666666667,1.08373508897087,0.653458182386678,1.48328202096079,2.6,-1.87610926267121,-1.17961390840165,-0.579044428586349,3.16666666666667,0.40353826799235,0.386007416424344,0.176541021981778,3.85714285714286,1.39419619130706,0.781120898117881,0.528794360378164,4,0.905693381081866,0.491652562079174,0.307811920424704,4.42857142857143,2.28613937906004,1.3809811271672,0.750324717155828,1.57142857142857,-2.9898098542843,-1.3488540625556,-1.19547905953728,3.14285714285714,-0.668305199975244,-0.349867422956103,-0.306638342858616,3.42857142857143,0.240530707788258,0.134375832924702,0.0241123634770299,2,-0.831435085337812,-0.59098647132696,-0.345969846195772,2.25,1.03994371466123,0.634301048819108,0.236706337366621
"695",695,"female","white","yr1","Business","math02","Auditory",1,-4.08292430395033,-2.66408569932625,-2.23826092969118,1,-1.95968575222524,-1.12354304995711,-0.506476490509507,4,0.674505194897219,0.272535311675484,1.70733615236962,2.2,-3.2053621394969,-1.69420042500358,-1.10603347375348,4,2.04056580364651,1.35000068377775,0.931188896795814,4,1.63391339847463,1.02262885178259,0.58581841920635,4,0.905693381081866,0.491652562079174,0.307811920424704,4,1.27073976996902,0.811911841495528,0.423306640922497,4,2.38541100394563,1.21601579963804,0.850443583516211,4,1.31935165331434,0.888150089808624,0.484193885042945,4,1.51975203523827,0.951256870139627,0.58237636020327,2,-0.831435085337812,-0.59098647132696,-0.345969846195772,2,0.567149196251447,0.442914293512327,0.179146680586523
"696",696,"male","white","yr1","STEM","math02","Kinesthetic",2.75,-1.15127834125356,-0.897001576204422,-0.658289868164003,2,-0.00976585307735056,-0.168874998829529,-0.018529066357262,4,0.674505194897219,0.272535311675484,1.70733615236962,4,2.22513670478581,1.46575508256768,0.646995258224203,3.66666666666667,1.43460443330326,0.831503803958337,0.659907171678493,3.57142857142857,0.640986790370753,0.378015654858027,0.154517020243788,4.14285714285714,1.23673234361049,0.848057059405715,0.368182152245475,4,1.27073976996902,0.811911841495528,0.423306640922497,3.42857142857143,1.08707646459151,0.359618818789449,0.301657337958726,4,1.40168846468371,0.894691178507043,0.54244610569259,3.14285714285714,-0.378691922950851,-0.285777074388621,-0.147741968535277,2.33333333333333,-0.138472432148111,-0.205100917455658,-0.0220251504664182,1.25,-1.19998286985605,-0.652396927195811,-0.294064227814672
