"","MEA","MLA","sex","race","class","major","math.level","modality","SelfEfficacy","Technology","Cooperative","Deductive","Demonstration","Inductive","Integrative","Lecture","Repetitive","Engage","Resource","TeacherCtrd","StudentCtrd"
"1",1.13867364875799,0.335941831260101,"female","Asian","yr3","Health","stats","Visual",-0.601824496581807,-0.643563320551878,0.914798847142118,0.0540359540079411,0.238430109903016,0.4475955783309,0.939590558891033,0.241721922459641,0.640446922551004,-0.34651641770713,-0.358667856713796,0.217339259162954,0.726270398696681
"2",0.954895807433118,0.92173031489416,"female","white","yr2","Health","stats","Auditory",0.551917586418646,-0.403026329648314,1.22787763419299,1.06885358440183,0.974978662137089,0.454168081859163,1.44038828574389,0.8221417782446,1.17096114197185,0.726878443871456,0.173388847976669,0.94448537221587,0.98558576841744
"3",-0.0550821966687987,-0.393902556682844,"female","white","yr2","STEM","other","Visual",1.37541634994494,0.374371950837287,0.366406360991742,0.886561933506014,0.524006645796572,0.968822019368643,0.863875905166268,0.865102951435601,0.997341286695083,-0.34651641770713,0.0656350830847125,0.760882390710284,0.74110630185555
"4",-0.422637879318545,-0.50335207058653,"female","other","yr1","Other","math02","Visual",0.551917586418646,-0.344127471527405,-1.11423350026532,-0.47573455147534,-0.916367900494138,-0.599449338578959,-1.08731281762661,-0.0630648521993806,-1.0285287183865,0.48012338310851,-0.190625975900191,-0.524618297810169,-0.883851084748925
"5",-0.609454061842237,-0.50335207058653,"female","other","yr1","STEM","math04","Kinesthetic",3.0896276932781,0.208841308667246,-0.874623750773607,0.504134247607549,1.09095126265959,1.26266585861308,1.38255272487834,1.17020836199514,1.39439723145276,1.30676318392415,0.145457785727019,0.914136212614049,0.7022910191088
"6",0.214059597425291,-0.179191064701317,"female","white","yr1","Other","math02","Auditory",2.04596671676903,-0.51852140449503,-0.419032567231853,-0.443984159741718,-0.167069953711025,0.0896443757525929,-0.365173686689153,-0.142458635554234,0.0492620532926565,0.48012338310851,-0.022584095086586,-0.21564864525503,-0.205483586565302
"7",0.214059597425291,-0.105018944308217,"female","white","yr1","Health","stats","Auditory",-0.937099679993854,-0.533517421607604,-0.848334440594985,-0.843410680246178,-0.893312510060211,-1.23572088999034,-0.120906260579923,-1.25595589496598,-1.82697597315684,-0.336831611159201,0.369361791039924,-1.0429204558403,-0.701719852769787
"8",0.974022425617195,0.851745730326904,"male","white","yr3","Business","math03","Visual",-0.827018573502468,-0.2570317001474,-1.01057288379694,-0.0832157263224973,0.0493371502293372,-0.0341247162895079,-0.193389617567886,-0.236481163837743,-0.49020931980613,-0.34651641770713,-0.358667856713796,-0.132944827921002,-0.343830567917657
"9",-1.96169015388643,-0.337372625250333,"female","white","yr2","Other","other","Visual",1.26030337951567,-0.628836174113024,-0.712268098968598,0.106615872101117,0.627547566927368,0.102043451040174,0.477741639881228,0.60663957575343,0.108915151738687,-0.34651641770713,-0.358667856713796,0.369773719411208,0.0171095407040569
"10",-1.67342174160826,-0.50335207058653,"male","Asian","yr5+","STEM","other","Kinesthetic",1.59557856292771,1.5516123992985,-0.379565007973808,1.00651205611893,0.514057506021861,-0.565068676284451,0.179610878753014,0.405316747864535,-0.738543484077503,-0.849711345780952,0.0704556876449374,0.472974920553893,-0.236534030283838
"11",0.194932979241213,-0.296661837489808,"male","Black","yr3","STEM","math01","Visual",-1.87067955001153,1.5516123992985,-1.44071514783969,-0.516697656113186,-1.18466887175723,-0.560255079809709,-0.4381466225166,-0.359322850981996,-0.270418771413798,0.489808189656439,-0.298379740792148,-0.597513320029784,-0.728224062549245
"12",1.30019223657421,-0.0484890128757058,"male","white","yr5+","STEM","math03","Visual",-1.60765004681795,1.5516123992985,-0.404582544820552,0.192822065772338,0.7195589268888,-0.362010142644459,-1.02358168071814,0.108453292962184,0.327643135419016,-0.34651641770713,-0.102406797728893,0.314642628312227,-0.591993971793122
"13",-0.998822866185576,0.631824218193062,"female","white","yr2","Health","stats","Auditory",1.26030337951567,0.277781378587753,-0.21026235627181,0.521799642815452,0.487008786785698,-0.736876893406156,0.229488450025609,-0.786368692914163,0.156715982455602,0.166363316914621,-0.358667856713796,0.101771474569625,-0.235702637501349
"14",0.622555019952708,-0.284453042779159,"female","white","yr5+","STEM","other","Kinesthetic",1.26030337951567,-0.897324877267887,-0.769192550870723,-0.445893830366837,-0.341073033035517,0.225178681282686,-0.500762585373009,0.76032932266109,-0.835267361849464,-0.660276483901019,-0.238091624870499,-0.12558522143796,-0.296408804862575
"15",-0.998822866185576,-0.0643081565476923,"male","white","yr1","STEM","math04","Visual",1.15022227302428,-0.123879517273653,0.338022727037535,0.535176610114715,0.317638121492427,0.610455145532848,0.120810629856502,0.804214587872341,0.155139224409093,1.30676318392415,0.0377040208350628,0.48227207560232,0.346835878536907
"16",1.46484345971501,0.506332186519766,"female","white","yr1","Other","math02","Kinesthetic",-1.87067955001153,0.712391317051552,-1.08816880153078,-0.593234612632297,-0.294781451660875,0.51789397600053,-0.337310954665965,-0.270888456920532,0.319950505760852,-1.17315621852277,-0.358667856713796,-0.298497842212221,-0.218908344575394
"17",-0.488875213903684,-0.50335207058653,"female","white","yr1","Other","math01","Auditory",1.035109302595,-0.2570317001474,1.8202583414377,1.44699782696175,1.09095126265959,1.26266585861308,0.0617656934797333,1.38581903495456,1.39439723145276,1.30676318392415,-0.17780350894885,1.26908239271637,0.944577048904487
"18",-0.647355460521089,0.0666172693755431,"female","Black","yr2","Health","stats","Kinesthetic",1.93588561027765,0.335137483278057,0.930727414093469,0.44135621749251,0.169528094198492,0.281344533745368,0.613352174380406,0.0782908013008582,0.455534006200161,-0.0900765503962547,0.803305939958882,0.257144083759326,0.557430736319123
"19",1.13867364875799,-0.0350343597409613,"male","Asian","yr1","Other","math02","Auditory",-0.118632780405448,-1.34373911798953,-0.543688629343167,-0.527888596830972,0.1548877704724,-0.319140790256086,-0.335285101215979,-1.32856681922991,-0.934336820574646,-0.602956285018005,-0.358667856713796,-0.586328171138812,-0.372410178733655
"20",1.38251784814461,-0.0976686885287972,"female","white","yr3","Business","math03","Visual",-1.49756894032656,-0.619384401975058,-1.26011199386366,-0.514044278216856,-0.527365737934865,-0.475913106731675,-0.41088994353183,-0.717490388977789,0.110171405876281,0.48012338310851,0.612800383073486,-0.476340204983397,-0.641615724798856
"21",-0.729681072091487,-0.315449084223022,"male","white","yr2","Business","math03","Auditory",-0.118632780405448,0.737018056103766,-0.494516320954194,0.272067820331891,-0.0268234706549043,0.178148982473287,-0.203536777275482,0.242975464927976,-0.88317247218556,-0.0133867384173824,-0.298379740792148,0.0406235058709043,-0.137322056131385
"22",0.214059597425291,-0.110452338558157,"male","other","yr2","Health","stats","Auditory",-2.43114881034424,0.522531345241558,0.0685329588156561,-0.41484994223258,-0.719757647491176,-0.512574418168228,-0.888787420278756,-0.597354854200884,-0.241311809884886,0.48012338310851,-0.238091624870499,-0.504065747978,-0.474538072903449
"23",-0.875557514737508,-0.393902556682844,"male","white","yr5+","STEM","other","Visual",1.15022227302428,0.42749529244319,-1.44103912765092,0.334409348614789,-0.846598781352409,-0.371236478147314,-0.187602167050651,-0.672722548130925,-1.36975589614998,0.48012338310851,-0.130337859978542,-0.451286220124032,-0.573717551912071
"24",-0.074208814852876,-0.0885287975308457,"female","white","yr3","STEM","stats","Kinesthetic",1.71069153335699,0.703397778865677,-0.520374248480558,-0.239029286883875,-0.386738857799326,-0.253509811443291,0.139540667113364,-0.468590619643709,0.00302203499388112,0.233368322345564,-0.298379740792148,-0.299546022974701,-0.176984821838299
"25",-1.81929818425429,-0.276431783894354,"female","white","yr1","Health","stats","Auditory",1.48549745643633,0.137501407728505,0.930727414093469,0.583784565213885,0.306127499360907,0.42586638393106,0.756918604831377,0.484807614849056,0.589053930300359,-0.0900765503962547,0.351071937910724,0.460621475149987,0.658841186017131
"26",1.13867364875799,0.406597418932742,"male","white","yr2","Other","math02","Kinesthetic",-2.43114881034424,-1.04357280634651,0.794661072467082,0.583784565213885,0.306127499360907,0.42586638393106,0.370865710361937,0.484807614849056,0.589053930300359,1.30676318392415,0.976168425332713,0.460621475149987,0.488249018145174
"27",0.251960996104143,-0.0963266823180268,"female","white","yr2","STEM","other","Visual",1.48549745643633,-1.11594143128767,-1.13302959369165,-0.515778567148177,-0.306097944667455,-0.445061360438382,-0.179760014732179,-0.202824003476014,-0.716742482645983,-0.336831611159201,-0.358667856713796,-0.379417386853357,-0.516631556746167
"28",0.277258590811611,-0.0556158945575017,"male","white","yr3","STEM","other","Visual",-0.827018573502468,-0.556895485259643,-0.932595364563525,-0.651199812846777,-0.78220034177715,-0.686574220217,-0.120906260579923,-0.316470148259252,-0.38309184018047,-0.593271478470076,-0.358667856713796,-0.537200544891979,-0.529216147011909
"29",1.54716907128541,1.0860162727985,"female","other","yr3","STEM","math01","Kinesthetic",-3.21178028365972,1.38225356981469,-1.44610838074252,-2.00585522002971,-1.15261259327999,-1.85544652703652,-1.50438439590601,-2.10738960128255,-1.37030436387961,-0.926401157759824,0.303606288940416,-1.64965281682052,-1.56137635527978
"30",-1.59109613003787,-0.386552300903424,"male","Asian","yr3","STEM","other","Visual",-1.49756894032656,0.477618506698752,-0.635769124275232,-0.289545189008704,-0.723975990937828,-0.15146991380103,-1.2101235612497,0.896396797703788,-0.751140972141061,0.556813195087382,-0.358667856713796,-0.129929996666977,-0.643080112766977
"31",-0.238860037993672,-0.50335207058653,"female","white","yr2","Business","math03","Auditory",1.48549745643633,0.587615597563482,-0.819950806640778,-0.902742224748282,-0.12751666222233,-1.05618101643789,-0.504823490190463,-0.473400492585779,-0.505591034263619,-0.34651641770713,-0.358667856713796,-0.502290267335605,-0.764989956023474
"32",-1.18260070751045,-0.50335207058653,"male","other","yr2","STEM","stats","Kinesthetic",-2.88153696418556,0.614583719810026,0.373899577744032,1.29965154843392,0.954351857497176,0.314182142565115,0.914011905697914,0.837368338486794,1.26087730735256,-0.34651641770713,0.318320271100849,1.02653105233596,0.528708115599186
"33",-0.0550821966687987,-0.175003528875473,"female","other","yr1","Business","math03","Visual",1.93085374633976,0.452413884364777,0.626632568496971,-0.536704239208248,0.23137110129593,0.0933023683392219,-0.1486334092755,-0.135750596135366,0.446512734041963,-0.602956285018005,-0.358667856713796,-0.0934882580060185,0.144823237214732
"34",-0.403511261134468,-0.0569579007682721,"female","white","yr1","STEM","math03","Visual",2.86443361635744,0.486563236805083,0.637491882356724,-0.215349618349122,-0.0716227292164131,0.306257638309987,-0.893752978628566,0.959200299391168,0.528144577716735,1.0600081231612,-0.190625975900191,0.228262214405926,-0.0375308200737706
"35",-0.441764497502623,-0.277102786999739,"female","white","yr3","Other","stats","Kinesthetic",-2.20595473342358,-0.284200317672607,0.109875890479082,1.44699782696175,1.09095126265959,1.26266585861308,1.51213091750106,0.933294555484384,1.39439723145276,0.48012338310851,-0.298379740792148,1.14945871356785,1.0048998330219
"36",-0.590327443658159,-0.400006954038169,"female","white","yr5+","STEM","other","Kinesthetic",1.37541634994494,-0.474369096997252,0.995935692274824,0.731485726026714,0.217972553551163,0.952736680081886,0.849777448171164,1.05355724086556,0.737046436080587,0.983318311182331,-0.0828722110082349,0.651931310864425,0.894995666963928
"37",0.188762002717822,-0.181107926230798,"female","white","yr1","STEM","math02","Kinesthetic",-1.49756894032656,-0.376381204171537,0.998686010146752,0.425320887726818,0.99899385652114,0.46923809015383,-0.475641367368171,0.761569147736208,0.470579271120365,0.736563250419385,-0.130337859978542,0.649979610257796,0.260841313641125
"38",1.11337605405052,0.0683107568073997,"female","Asian","yr1","STEM","stats","Auditory",0.331755373435873,0.532773558827608,0.0227243731341364,-1.28662337074388,-0.629463152321555,-0.410933090750962,-0.816059171931567,-0.468590619643709,-0.244747715919498,0.48012338310851,0.481936160492105,-0.722449131573197,-0.425066309589065
"39",-0.219733419809595,0.0904576719323349,"female","white","yr1","Other","math02","Kinesthetic",-1.16229375691451,-0.2570317001474,-0.79525724960526,-0.27942869653398,0.195015331077846,-0.559130034555776,0.0617656934797333,-0.593536027362684,0.132382321023127,-0.593271478470076,-0.358667856713796,-0.179146266807639,-0.384285448910205
"40",-1.53406811317494,-0.50335207058653,"male","white","yr1","STEM","math03","Kinesthetic",2.63923953943678,0.64729034957555,-0.808866881336941,-0.283427538375422,0.389006129813265,-0.0645949933902993,-0.415167095236228,0.177471333110531,0.673713522150866,0.48012338310851,-0.130337859978542,0.136705857853024,-0.379484105466944
"41",-1.55319473135901,-0.173757670451378,"male","white","yr1","STEM","math03","Visual",2.52915843294539,1.29913428501308,0.244066859700088,0.650212062891817,0.611103619695581,0.488078161004483,0.212439169126012,0.577608998193455,0.965190631362067,0.556813195087382,-0.298379740792148,0.629092471188374,0.310981991407298
"42",0.296385208995689,-0.400006954038169,"male","white","yr1","STEM","math03","Visual",0.331755373435873,1.08301749571389,0.0939496979277412,-0.201076166026823,-0.233709371258182,-0.258188400680179,-0.50251848280134,0.445416489525006,-1.35439012732086,-0.602956285018005,-0.358667856713796,-0.1638843677772,-0.242675945307993
"43",0.704880631523106,0.562862117952277,"female","white","yr1","STEM","math02","Visual",-2.43114881034424,-0.141422625308389,-1.44103912765092,-1.02070963722009,-0.0791400225456971,-0.218730578923788,-1.20806324134084,-0.324077734961054,-0.16951683045201,-0.916716351211895,-0.298379740792148,-0.448478345204358,-0.876631148272709
"44",-0.238860037993672,-0.50335207058653,"female","white","yr3","Other","other","Visual",1.035109302595,-0.244354084033504,0.658594730840694,0.00178576295179166,-0.230984690492301,0.163365474434258,-0.247253156465838,0.0782908013008582,0.0903178864236732,0.48012338310851,-0.358667856713796,-0.0282661646416409,0.14349943260981
"45",0.378710820566087,-0.0428322445281424,"female","white","yr1","STEM","math02","Visual",-1.38748783383518,-0.2570317001474,0.930727414093469,0.583784565213885,0.306127499360907,0.42586638393106,0.611515817271711,0.371848169953408,0.589053930300359,-0.34651641770713,0.178209452536894,0.430760937198953,0.60798236218743
"46",-1.20172732569453,-0.50335207058653,"female","white","yr5+","STEM","other","Kinesthetic",0.925028196103618,0.978139814051913,0.681477729051046,1.44699782696175,1.09095126265959,1.26266585861308,0.28537952825677,1.38581903495456,-0.334954559926269,0.48012338310851,-0.130337859978542,1.06815758491765,0.72518818956459
"47",-1.11940171412413,-0.50335207058653,"female","white","yr2","STEM","math04","Visual",0.925028196103618,1.08111164165241,-0.202876542360552,-0.404930214036726,0.514476649791217,0.453534220059575,-0.553686800400757,0.787682154229604,-1.1559764768728,1.30676318392415,-0.358667856713796,0.0796381853599628,-0.0860315392107249
"48",-0.606415720643418,-0.0428322445281424,"female","Asian","yr1","STEM","stats","Kinesthetic",-1.49756894032656,1.24695824575384,-0.714587034188268,-1.14264195828185,-0.940988033936287,-1.11522239068993,0.0955796004427508,-0.475766709524966,-0.802321266158517,-0.0900765503962547,-0.190625975900191,-0.824576839529595,-0.548360514320945
"49",0.761908648386035,-0.0350343597409613,"female","white","yr2","Business","math03","Auditory",2.27116079368969,-0.141121843654637,-0.218481129500677,0.378095600244604,0.134835234949239,-0.42612867635838,0.14472226847115,-0.532854926386035,0.92045498274736,-0.926401157759824,0.155098994847469,0.120600709088466,-0.157423641834579
"50",-1.69254835979234,-0.296661837489808,"female","Black","yr5+","STEM","other","Kinesthetic",1.71069153335699,0.64729034957555,0.0685329588156561,0.436438286686059,0.382546808394715,0.556494479757062,0.602382918626416,0.190697121008977,0.589053930300359,-0.099761356944184,-0.190625975900191,0.356169008525498,0.425737866873885
"51",1.05634803718759,0.259852849337521,"male","white","yr1","STEM","math03","Kinesthetic",-0.49174339009042,0.434674725744415,-1.10453855689641,-1.58330895331533,-0.41638041633561,-1.75981935354478,-1.09332423094402,-1.14198672383045,-1.21824988926975,-0.34651641770713,-0.358667856713796,-1.05195199838742,-1.29445774137509
"52",-2.02488914727275,-0.393902556682844,"male","Black","yr2","Health","stats","Kinesthetic",1.48549745643633,1.5516123992985,-1.73786536793921,-1.27051449921964,-1.06869627123473,-0.12974071940119,-0.179786765277831,-0.946356344519242,-1.28590423943927,-0.849711345780952,-0.358667856713796,-1.078753772415,-0.563010249737726
"53",0.194932979241213,-0.0562868976628869,"female","white","yr2","Other","math01","Kinesthetic",-0.00855167391406178,0.283368208203793,-0.1081555067976,-1.05182656487033,-1.21401759597306,-0.393364242772149,-0.516861423397734,-1.20637818117705,-0.0192397802173029,-0.0900765503962547,-0.298379740792148,-0.968976732750602,-0.348393458709767
"54",-0.850259920030039,-0.282536181249678,"female","white","yr2","STEM","stats","Auditory",1.37541634994494,-0.657522584035215,1.66931059474775,1.3895742294853,1.09095126265959,1.26266585861308,0.447797659390119,1.38581903495456,1.0955792077082,0.48012338310851,0.883128642601189,1.21621803725943,1.0401548115175
"55",-0.219733419809595,0.238376937317971,"female","white","yr1","STEM","math02","Kinesthetic",-1.16229375691451,0.304002088117776,-1.41888911727916,-2.00585522002971,0.495321887646607,-0.271507838022986,-1.01669067853081,-0.220422302894678,-1.26709427589107,-1.17315621852277,-0.185805371339966,-0.710640177582704,-0.822599752636658
"56",-1.24615153858607,-0.385881297798039,"male","white","yr1","STEM","other","Visual",2.52915843294539,0.592448310839677,-0.0530833603994309,-0.00667825811112069,-0.484741514771759,0.457209313678697,-0.559719142277219,-0.0171788146443816,0.657539818181949,0.233368322345564,-0.25091409182184,-0.0562125266658245,-0.0476933614150015
"57",0.929598212725649,0.970462361539491,"female","other","yr3","Other","math01","Visual",-2.54122991683563,-0.206826956055057,0.0411964867492419,-0.27942869653398,-0.478696263937778,-0.410933090750962,0.0617656934797333,-0.416203805256453,-0.21628937085204,-0.34651641770713,0.178209452536894,-0.347839442416392,-0.113194287029057
"58",1.03105044248012,-0.276431783894354,"female","white","yr3","STEM","math04","Kinesthetic",-0.343826857326109,1.08387631438842,-0.527039254715259,0.420329415161822,0.584377610398707,0.209682299974549,-0.187711978459564,0.0722411032836697,-0.59378247478317,0.156678510366691,-0.130337859978542,0.23478164367742,-0.129116245436691
"59",-1.77487397136274,-0.50335207058653,"female","white","yr2","STEM","other","Auditory",-0.118632780405448,1.5516123992985,-0.223548008192265,-0.574121253589632,-1.05322599380612,-0.129353319556249,-0.486753215106732,0.835137467307806,-0.161444526938413,-0.593271478470076,-0.190625975900191,-0.253091138861163,-0.274497912364393
"60",1.11641439524934,0.290021023347261,"male","other","yr2","STEM","math02","Visual",0.66703055684792,-0.675944728386577,0.758784221760585,0.175612881092426,0.195015331077846,0.0499477631489455,-0.722294967803157,0.371848169953408,0.202407533024754,-0.593271478470076,0.374182395600149,0.227982068843046,-0.0366529804229011
"61",-0.422637879318545,-0.386552300903424,"female","white","yr1","Other","math01","Auditory",1.48549745643633,0.592448310839677,0.206918235661714,0.274536201374651,-0.0410587735523048,-0.151868484026025,-0.91873932056206,1.1665166857612,-0.709536671280421,0.489808189656439,-0.238091624870499,0.302014189363157,-0.321076786497461
"62",-1.0620218595719,-0.50335207058653,"female","white","yr2","Business","math02","Kinesthetic",-1.49756894032656,1.5516123992985,1.06172450262826,0.847081612820918,0.630258381840191,0.997645509126978,1.06629215754509,1.38581903495456,0.758821432999169,0.813253062398258,0.410115320240915,0.885952806454985,1.00382896203803
"63",1.05634803718759,-0.296661837489808,"female","white","yr2","Health","stats","Visual",2.38124190018108,-1.80051473236328,1.26100654142757,1.3895742294853,0.97983909437653,1.26266585861308,0.872872812726015,1.33343222056731,0.0973833879184877,0.48012338310851,0.0425246253952877,1.05752244280316,1.08213261456345
"64",-0.441764497502623,0.516046932836428,"female","white","yr2","Health","stats","Visual",0.216642403006599,0.161881328091777,0.0411964867492419,-0.27942869653398,-0.478696263937778,-0.410933090750962,0.0617656934797333,-0.416203805256453,-0.21628937085204,-0.34651641770713,0.178209452536894,-0.347839442416392,-0.113194287029057
"65",1.44571684153093,-0.149469638886825,"female","white","yr5+","STEM","stats","Kinesthetic",-1.2723748634059,-0.2570317001474,1.39243501261461,-0.127639842726656,0.419671514089395,0.412729663234488,-0.171642492163389,0.926362281831583,-0.922563213279256,1.05032331661327,0.0425246253952877,0.206407759348369,0.450057480405487
"66",0.0272434149015993,-0.0716584123271124,"male","white","yr4","Other","math01","Kinesthetic",-1.2723748634059,-0.2570317001474,-0.0909551665143721,0.146663660436858,-0.478696263937778,0.42586638393106,0.0617656934797333,0.265505265655694,-0.21628937085204,0.813253062398258,-0.298379740792148,-0.0329838892279743,0.148689044902926
"67",-0.32118564956407,-0.50335207058653,"male","white","yr5+","STEM","other","Kinesthetic",1.26030337951567,1.25915728518913,-0.0589808240086177,0.0155263697690624,0.868726926093469,0.605658650090599,0.365328769311556,1.2286585917928,0.340078825313723,0.48012338310851,-0.25091409182184,0.594944881204699,0.326912817274624
"68",-1.61639372474533,-0.50335207058653,"female","white","yr1","Other","math02","Auditory",2.63923953943678,0.713639992451728,-0.973424259758567,-1.31119626333103,-0.207808063794259,-0.21000659725533,-0.615420932210495,0.691255142976693,-0.935160701342814,-0.34651641770713,-0.358667856713796,-0.394263091562659,-0.544042540333059
"69",-0.628228842337011,-0.386552300903424,"male","white","yr3","STEM","math03","Visual",1.15022227302428,0.430479380127414,-0.202876542360552,0.173325724240332,0.34431017696632,0.0101025415476138,-0.724214589654081,0.596222888453305,-0.288590177385115,-0.34651641770713,-0.298379740792148,0.268319005277777,-0.302755268766063
"70",-1.50877051846747,-0.385881297798039,"male","white","yr1","STEM","math03","Visual",2.30396435602473,0.608361726067309,0.670618415191293,0.269719400838818,0.403173613034627,0.4919885461982,0.184576437102824,0.94148037160552,0.952765680392778,0.233368322345564,-0.17780350894885,0.549570163804367,0.414094605569755
"71",-1.28405293726492,-0.50335207058653,"female","Asian","yr1","STEM","stats","Kinesthetic",3.0896276932781,1.35878546441268,1.68419199981131,1.29965154843392,0.657307101076355,0.801785004713175,0.949627703310747,0.586467796808966,0.92045498274736,0.233368322345564,-0.298379740792148,0.843468799825735,1.05631567780578
"72",-1.38819167052892,-0.277102786999739,"male","white","yr1","Business","math02","Visual",-2.6563428872649,0.0528192339824061,0.0411964867492419,-0.587123995632559,-0.440513586332364,-0.279312669687248,-0.0828963688491393,-0.468590619643709,-0.497801800732465,-0.0900765503962547,-0.298379740792148,-0.481707146714032,-0.117170146564721
"73",-0.488875213903684,-0.50335207058653,"female","white","yr2","Other","math01","Visual",1.82077263984837,0.452320273502634,0.603921786707866,0.358440638463905,-0.324296163513352,0.0790542041485474,-0.403047995092326,0.00797679654134318,0.965190631362067,0.166363316914621,-0.298379740792148,0.143252082769996,0.0448521221398002
"74",-1.10027509594005,-0.50335207058653,"male","other","yr2","Other","math02","Auditory",2.97954658678671,0.889790896274253,-0.0394737286677502,0.637846557595176,-0.476019595195842,-0.00897632015029594,-0.182773374534375,0.293032616017889,-1.29018762881432,0.983318311182331,0.363894404862065,0.00543398470503295,-0.0774258481890411
"75",1.54716907128541,0.137272857048184,"male","white","yr2","Business","math03","Kinesthetic",-2.54122991683563,0.256922717720845,-1.46805161990611,-1.77013932519116,0.337904809370751,-0.726419441818332,-0.0818216655302928,-1.52958530090252,-0.42101564551657,-0.34651641770713,0.0101675717232886,-0.924828762599231,-0.669593487790613
"76",-0.590327443658159,-0.0630622981235966,"female","white","yr2","Other","math01","Kinesthetic",-0.601824496581807,0.273596981065615,1.28526871581083,0.56969509581033,-0.443429135571773,-0.0583451736825391,0.632467597175467,0.418924317143273,0.108382629637433,0.166363316914621,0.155098994847469,0.18813828030783,0.536443063291917
"77",-0.754978666798955,-0.175003528875473,"male","white","yr3","STEM","other","Visual",1.26030337951567,1.52419137993056,-0.049612234850946,-0.0650907136482165,-0.372503554901926,-0.468314170317149,0.332196260336991,0.475273503184544,0.077225310185334,-0.279511412276187,0.454005098242455,0.017247837077901,-0.0626610536430351
"78",-0.32118564956407,-0.440717741798694,"female","white","yr3","STEM","other","Auditory",2.86443361635744,1.28530803355101,-0.349909600687724,0.0755774802292263,0.333632512101119,0.243779961286082,-0.320226092293285,0.444425443421137,-1.04987066189481,-0.0230715449653116,-0.238091624870499,0.106078828462348,-0.117098138560982
"79",0.169635384533745,0.00634743112494903,"male","white","yr1","Business","math02","Kinesthetic",1.48549745643633,-0.168670538213141,0.221799640725272,-0.33348742794463,-0.187696758350937,-0.170309984651683,-0.203536777275482,-0.026482827473653,0.305964742373424,-0.34651641770713,0.178209452536894,-0.125607910512936,-0.0735575272020168
"80",0.0681831547792697,0.398576160047937,"female","white","yr4","Other","other","Kinesthetic",1.71069153335699,-0.467651235861837,0.771239288763441,0.436438286686059,-0.244961305240135,-0.454048905093981,0.80087967150199,0.37397057066414,0.198815371491024,-0.34651641770713,0.178209452536894,0.1962226400609,0.32084565691611
"81",-0.156534426423274,-0.393902556682844,"female","white","yr5+","STEM","math02","Auditory",1.26030337951567,-0.111037498915007,0.344244170457948,-0.150659670573151,0.195015331077846,0.338118810873484,0.208453405379624,0.583658696210644,-0.530236862620261,0.726878443871456,-0.022584095086586,0.0957474033183078,0.282647713771128
"82",0.844234259956433,-0.282536181249678,"female","white","yr1","STEM","stats","Visual",-2.20595473342358,-2.01083376085743,0.0247193285425806,0.363539793461022,0.306127499360907,0.0656345322107078,0.163431377168957,0.237217527519359,0.613847725471647,-1.17315621852277,-0.298379740792148,0.328453788099846,0.0868745982552626
"83",0.679583036815637,0.327920572375296,"female","white","yr1","Business","stats","Kinesthetic",2.04596671676903,-1.35104954400154,-0.992941160861455,-0.559727839717647,-0.631534882005394,-0.762811259615304,-0.615426754197092,-1.02846772965148,-0.21628937085204,-0.0900765503962547,-0.190625975900191,-0.637980126045377,-0.744964923694319
"84",-0.340312267748147,0.0204730873650788,"male","white","yr2","Business","math02","Visual",-0.601824496581807,-0.2570317001474,0.515035172462017,-0.27942869653398,-0.478696263937778,-0.410933090750962,0.0617656934797333,-0.416203805256453,-0.21628937085204,-0.34651641770713,0.178209452536894,-0.347839442416392,0.0106367720398905
"85",0.273774117797736,-0.151834129424067,"female","white","yr2","Business","math02","Auditory",-3.10673104110622,-0.0504625160167932,0.485379765175933,-0.27942869653398,-0.491391704663837,-0.324058170340231,-0.203536777275482,-0.228436215714089,-0.648627318696796,0.48012338310851,0.547044880973979,-0.351733603052801,-0.0591367660268758
"86",1.05903454069711,-0.378083413010858,"female","white","yr5+","Business","math02","Visual",-2.20595473342358,-0.2570317001474,0.253879011672048,1.44699782696175,1.09095126265959,1.26266585861308,1.62791578286547,1.38581903495456,1.39439723145276,0.48012338310851,0.715086761787584,1.26908239271637,1.08303211845343
"87",1.38251784814461,0.625496446740113,"female","white","yr2","Business","math02","Auditory",-1.2723748634059,-1.21075778732458,0.0411964867492419,0.583784565213885,0.306127499360907,0.42586638393106,-0.309203331283551,0.484807614849056,0.589053930300359,-0.0900765503962547,0.906239100290614,0.460621475149987,0.0534678869579119
"88",0.296385208995689,0.0202497132674545,"female","white","yr2","Health","stats","Kinesthetic",-1.49756894032656,-1.07024461610539,-0.950830686572515,0.0877096021617289,-0.933977727282621,-0.554790470761178,-0.185576313600664,-1.2568908015338,-0.484972822791652,-0.336831611159201,-0.358667856713796,-0.603574418318507,-0.509920179810974
"89",-0.647355460521089,0.459517001403916,"male","white","yr1","Business","math01","Visual",0.441836479927259,0.0643962900553188,-0.224702572921089,-0.27942869653398,-0.325857645870162,-0.638654767728262,0.0617656934797333,-0.0870554579820448,-0.21628937085204,-0.34651641770713,-0.298379740792148,-0.221115695806957,-0.263349058977731
"90",0.974022425617195,-0.386552300903424,"female","Black","yr3","Business","stats","Auditory",1.71069153335699,1.17050965708371,1.8202583414377,1.44699782696175,1.09095126265959,1.26266585861308,1.62791578286547,0.614877722806774,1.39439723145276,0.556813195087382,-0.022584095086586,1.06528604500347,1.49238326929248
"91",0.622555019952708,-0.143812870539261,"female","white","yr3","Other","other","Kinesthetic",-1.60765004681795,-0.244354084033504,0.463229754804169,-0.337493303419617,-0.460985008537274,-0.236861325519705,0.11587974184454,0.441898772590263,-0.172597278141738,0.48012338310851,-0.190625975900191,-0.129672437953684,0.0776875127538092
"92",-0.422637879318545,-0.50335207058653,"female","white","yr1","Business","math03","Kinesthetic",1.26030337951567,0.160602354827278,-0.495788094286071,-0.0883181422902533,-0.372762243051492,-0.593418083620935,-0.137799736849121,0.693377543687425,0.218684836572001,0.233368322345564,0.579401934645978,0.0839313452412264,-0.387973028563651
"93",1.13867364875799,0.115125941923249,"female","white","yr3","Other","math02","Auditory",-1.2723748634059,-1.10524632058022,0.948251734187923,0.58223150047323,0.505169598809296,0.658135807174329,0.723104697868359,0.587350372444579,0.722573854400557,-0.34651641770713,-0.298379740792148,0.554470566407726,0.733870278812945
"94",0.974022425617195,-0.157267523674006,"female","white","yr1","Health","stats","Visual",-2.87650510024768,-0.300298203438041,0.33454922708904,0.0903366034531815,0.285602123333016,0.371490046897787,0.496797735433947,0.0884773897657423,0.750587331316721,-0.669961290448948,-0.358667856713796,0.213354708538315,0.392791919114659
"95",0.214059597425291,0.293537556067719,"male","white","yr2","Business","math03","Auditory",1.26030337951567,1.20720580035688,1.8202583414377,1.44699782696175,0.844838578393224,1.26266585861308,0.784344830225339,1.38581903495456,1.39439723145276,1.30676318392415,1.25196407103827,1.20513143691597,1.19731996831847
"96",0.0272434149015993,0.171655873355761,"female","white","yr1","Health","stats","Kinesthetic",0.777111663339306,0.0735119202779737,-0.832288665040582,0.363543054431661,0.51914621355713,0.420800394849231,-0.682313842892334,0.601585886582903,-1.13978682727552,-0.849711345780952,-0.298379740792148,0.276380232556644,-0.307105840956106
"97",-1.20172732569453,-0.276431783894354,"female","white","yr1","Other","stats","Kinesthetic",-0.118632780405448,0.296208859769816,-0.525767481383381,-0.00667825811112069,-0.00888720060998487,-0.761938606968458,-0.64742523261047,0.0237815862028711,0.2450553897898,-0.0900765503962547,-0.298379740792148,0.030338717602533,-0.633758942322714
"98",-0.0550821966687987,0.459517001403916,"female","Black","yr1","Health","stats","Kinesthetic",2.60643597710174,-0.150271538205717,-0.655276219616099,-0.505406599059606,0.771909087715576,0.230878532164104,0.117905391415558,0.781868077284938,-0.625321947581207,0.233368322345564,-0.238091624870499,0.174896607357185,-0.0482223304825785
"99",-0.238860037993672,-0.0569579007682721,"female","white","yr1","Health","math02","Kinesthetic",1.26030337951567,-0.628836174113024,-0.830810120500531,-0.437146943150376,-0.173529275129575,-0.261863494299302,-0.28550773567688,0.156237496993981,0.155123278780723,-0.602956285018005,-0.358667856713796,-0.12390742152771,-0.409744936215627
"100",-0.238860037993672,-0.50335207058653,"male","white","yr5+","STEM","other","Kinesthetic",1.15022227302428,1.35664232322558,0.930727414093469,0.883760762427959,1.09095126265959,1.14493919190906,1.13323085756944,1.38581903495456,1.39439723145276,1.30676318392415,0.0377040208350628,1.09109639571532,1.04518427393529
"101",-1.18260070751045,-0.385881297798039,"female","white","yr4","Other","other","Auditory",3.0896276932781,0.798963624493503,1.8202583414377,0.809483374248869,0.974978662137089,0.665616837383494,-0.997499910785711,0.611449448695499,0.0463978298926637,1.30676318392415,-0.0700497440568935,0.676169557498819,0.362575764734927
"102",0.378710820566087,-0.277102786999739,"female","Black","yr2","STEM","math03","Visual",1.37541634994494,0.386503761669632,0.243842248256003,1.31157658126315,1.09095126265959,1.26266585861308,0.773212053927723,0.344996132640214,0.172444818273226,0.413118377677567,0.281142612868625,0.809177096817535,0.781451840887972
"103",-0.219733419809595,0.185781529595891,"female","white","yr3","Other","math01","Kinesthetic",0.106561296515212,-0.344127471527405,0.607836475070639,0.286461234203876,-0.111277449317129,-0.195223089216301,0.203387641296318,-0.544968039813629,0.520568042418769,0.489808189656439,-0.190625975900191,-0.0219701588489369,0.160836358640106
"104",-1.36941689003414,-0.151834129424067,"male","Asian","yr3","STEM","stats","Kinesthetic",1.48549745643633,0.569376091238628,0.795708234354874,-0.200511959346817,0.566216798375109,0.175629542483985,0.717343794017808,1.21890350014846,0.0632236011695357,0.556813195087382,-0.0700497440568935,0.413324912433882,0.521072050281943
"105",0.704880631523106,0.281105387259446,"female","white","yr2","STEM","math03","Kinesthetic",-0.827018573502468,-0.949621868297221,-0.984400782221373,-1.30036020489824,-0.61033380824873,-1.40906622993437,-0.905931609893778,-1.56948916681497,-1.67119423384546,-0.593271478470076,-0.25091409182184,-1.17857083534738,-1.07326824163446
"106",1.54716907128541,0.85976698921171,"male","white","yr3","Business","math03","Kinesthetic",-1.87067955001153,-0.385374742357411,-1.11423350026532,-1.68268828615318,-0.362622234803254,-1.38390073276267,-0.624335690042216,-1.54751249127478,-0.890149639689564,-0.0900765503962547,-0.130337859978542,-1.13846700972294,-0.99978751818487
"107",0.622555019952708,0.350067487500231,"female","Black","yr5+","Health","math02","Kinesthetic",-1.8378759876765,-0.383056095035646,-1.45085127962288,-0.400112911258332,-0.238628830505391,-0.123519076689541,-0.259236673282129,-0.364808036973067,-0.819626860022651,-0.669961290448948,0.14103179430467,-0.380108634595767,-0.513589173294426
"108",-2.12634137702723,-0.227923111346647,"female","other","yr1","STEM","stats","Visual",-3.55208733100966,0.259640391687221,-1.42858406064806,-0.285899692081086,0.0658350512841046,-0.300300719405433,-0.454851010202443,-0.30054373023074,-1.01556050639054,0.233368322345564,-0.0129428859661362,-0.270679910132602,-0.638813037169296
"109",-0.156534426423274,-0.50335207058653,"male","Asian","yr3","STEM","math03","Visual",-0.343826857326109,1.5516123992985,-0.76527786250795,-0.155577601379602,0.261586928948965,-0.54410773566949,-0.739357990481547,1.00935624259944,-0.268365934000105,-0.34651641770713,-0.298379740792148,0.254449087450106,-0.651345556004958
"110",-1.36637854883532,-0.393902556682844,"male","white","yr2","Other","math02","Auditory",1.26030337951567,-0.131007305259154,1.66931059474775,1.22675305520889,0.97983909437653,1.26266585861308,0.510346171333023,0.977179820695635,1.39439723145276,0.233368322345564,-0.298379740792148,1.06258926269963,1.06203295981922
"111",-1.59109613003787,-0.277102786999739,"female","white","yr2","STEM","math01","Kinesthetic",1.035109302595,0.209113088389811,-0.415117878869079,0.291560389200993,0.0408600529499294,0.193596960687792,-0.340187344755659,-0.0787611713926521,0.831071339467907,-0.593271478470076,-0.298379740792148,0.178489672515719,-0.158897740882076
"112",1.54716907128541,1.14085271679916,"female","Black","yr1","Other","math01","Auditory",0.216642403006599,1.44192832182675,0.0411964867492419,-0.27942869653398,-0.478696263937778,-0.410933090750962,0.0617656934797333,-0.416203805256453,-0.21628937085204,0.48012338310851,0.715086761787584,-0.347839442416392,-0.113194287029057
"113",-0.32118564956407,-0.269081528114933,"female","Black","yr1","STEM","math02","Auditory",1.37541634994494,0.186853362221623,-1.41497442891638,-1.14055278706552,-1.3067439375881,-1.02418712385817,-1.04831730930581,-1.26088739627503,-1.08885464880454,-0.34651641770713,-0.102406797728893,-1.15979172497282,-1.09926045761256
"114",-0.32118564956407,-0.393902556682844,"male","white","yr1","STEM","math04","Kinesthetic",-0.118632780405448,0.840117284461366,-0.3819889716345,0.154589851424641,0.116907693003422,-0.0609488361779948,0.152408616159224,1.00935624259944,-1.44168597875065,-0.602956285018005,-0.358667856713796,0.178547402712214,-0.0681080102485737
"115",0.296385208995689,0.602901902607417,"female","other","yr1","Other","math02","Auditory",-1.16229375691451,-1.10524632058022,-0.964557526907248,-0.659126003834561,-0.610435236860751,-0.413718430690745,-0.686420740931273,-0.904081871215832,0.287154778825221,0.233368322345564,-0.25091409182184,-0.57253410987441,-0.638720378328743
"116",-1.71784595449981,-0.50335207058653,"male","white","yr2","STEM","other","Kinesthetic",0.925028196103618,0.64729034957555,-0.0516048158593805,0.231668410681787,-0.100011649482119,-0.0504624481833522,0.157366254716838,0.4324208004618,0.501758078870567,1.30676318392415,-0.130337859978542,0.219827144687457,0.0236818985044712
"117",-0.0550821966687987,-0.175003528875473,"female","white","yr1","Health","stats","Kinesthetic",1.26030337951567,0.395265132411517,-0.331230715864445,-0.881998288571142,-0.197003809332858,-0.679372641976439,-0.796262351148054,-0.544389810394295,-1.01037564118193,-0.0230715449653116,-0.358667856713796,-0.591205165737675,-0.605732257488334
"118",1.19570166562092,-0.269752531220319,"female","Black","yr3","Business","math03","Kinesthetic",-2.87650510024768,0.718533911780987,-0.488292503133771,-0.0377171616752763,-0.0241804754181193,0.535626102629744,-0.426714742347748,0.0508294992640872,0.271425943007598,0.659873438440513,1.03645654125436,0.0267702950485086,-0.087129441641631
"119",1.46484345971501,0.961418618328214,"female","white","yr1","Health","stats","Kinesthetic",-1.49756894032656,-1.27191762665236,0.767324600400668,0.00333882769244676,-0.194346948243015,-0.406385344484994,0.613352174380406,0.25820202517017,0.0445380018637113,-0.0900765503962547,0.28596321742885,0.0239848478056724,0.271113303969819
"120",1.13867364875799,0.949657452625326,"female","white","yr3","Business","math03","Visual",-2.20595473342358,-1.18877476923829,-0.106160551389156,-0.54535325712473,-0.478696263937778,-0.296390334211717,0.139540667113364,0.0176097003242098,-0.21628937085204,-0.593271478470076,-0.238091624870499,-0.317195578464192,-0.0839254714146862
"121",-0.32118564956407,-0.393902556682844,"female","white","yr5+","STEM","math03","Kinesthetic",2.86443361635744,-0.2570317001474,-1.42351480755647,-1.43241658453105,-0.540755557580528,-1.75981935354478,-1.1433118175045,-1.7051295354889,-1.82697597315684,-0.593271478470076,-0.358667856713796,-1.25617755835091,-1.39530228862691
"122",0.438777178627834,-0.0976686885287972,"female","white","yr1","STEM","stats","Visual",-1.72276301724722,-0.0551085129187648,0.0657826409437283,0.388467568333175,0.287932541166421,0.164507620720684,-0.563542572150343,0.643428863065769,-0.00387401138818347,0.48012338310851,-0.298379740792148,0.367214140972156,-0.121650422606494
"123",-0.774105284983032,-0.440717741798694,"female","white","yr5+","Health","stats","Visual",1.48549745643633,0.580940706699373,0.0634637057240582,-0.181957310721792,0.195015331077846,-0.182737331351811,-0.551742317766371,0.043831177285862,0.17865729375787,1.0600081231612,-0.358667856713796,0.0255180613611851,-0.241133470717492
"124",-2.2277936067817,-0.50335207058653,"male","white","yr1","STEM","math03","Visual",2.52915843294539,1.5516123992985,-0.208774005969738,0.274358238154625,0.438699429550198,0.533567237718898,-0.600558927498912,0.834254891672194,0.318710197251628,1.30676318392415,0.145457785727019,0.45825469845347,-0.075617559048685
"125",0.296385208995689,0.22524645893232,"male","white","yr1","STEM","stats","Kinesthetic",-1.72276301724722,0.519587954778195,0.515035172462017,-0.206533975971847,-0.603747640146374,0.102043451040174,0.175490238935282,-0.300665358597724,-0.408646801314571,0.48012338310851,0.28596321742885,-0.349104952876335,0.232126789126226
"126",-1.63552034292941,-0.50335207058653,"male","Black","yr1","STEM","math03","Kinesthetic",2.30396435602473,1.45738883993299,-0.393291848308542,-0.266425954491052,-0.473680449263334,-1.17162703399987,-0.550594163424119,0.254401878467979,0.265724501326104,0.48012338310851,-0.298379740792148,-0.109151490005202,-0.710392686830601
"127",0.597257425245239,0.579352264729649,"female","white","yr1","STEM","stats","Kinesthetic",-1.60765004681795,0.571171000188876,0.779779667403524,-0.402383306665321,-0.179920776872087,-0.410933090750962,0.0846917155043614,-0.246156143499737,0.0882300945740126,1.30676318392415,1.25196407103827,-0.228726425185595,0.0878430509697344
"128",-1.45174250160454,-0.0976686885287972,"female","white","yr3","STEM","math04","Visual",0.331755373435873,0.104500262367852,-0.0925509196574753,0.0978002297238415,0.155462039589151,0.236951565878069,-0.0677836507917333,-0.0216729545315832,-0.0578873175897431,-0.593271478470076,-0.190625975900191,0.0588464889563911,0.0360391365602687
"129",-0.0550821966687987,-0.331268227895008,"male","white","yr1","STEM","math04","Kinesthetic",1.82077263984837,0.197659188602462,-1.60179902631283,0.170698722948879,-1.47016885987564,-0.330279813051881,-0.989733103417273,-0.0668836790375811,-0.901258703697423,-0.0900765503962547,-0.0828722110082349,-0.450466440384688,-0.881790272280543
"130",0.787206243093504,1.05910696652901,"female","white","yr2","Business","math03","Visual",-0.26654931316976,-0.515254770938813,-1.43596987455932,-1.91593253897833,-1.11577011670412,-0.689758130381778,-0.760088816525965,-2.21822664546747,-0.837392587625598,-0.593271478470076,0.462401573771447,-1.5790465634789,-0.88546637010269
"131",-1.30586605895852,-0.283207184355063,"female","white","yr2","Business","math02","Kinesthetic",0.106561296515212,-0.929789387265959,0.178091038893218,0.518812262976631,0.645987347418363,0.244935614915903,0.204346507340685,0.841060014720729,0.791059742282146,0.156678510366691,0.0425246253952877,0.646044941863004,0.204781165484985
"132",0.435738837429016,0.548065458606762,"female","white","yr1","Other","math02","Visual",-0.343826857326109,-0.72168364307249,0.0564018716240259,0.146026423690572,0.635309682553161,0.327883049100423,-0.656313239896539,-0.436611205273439,-0.681078326212962,0.300373327776507,-0.358667856713796,0.0166785326072866,-0.0986787305684809
"133",0.60342840176863,0.0477292219908593,"female","white","yr5+","STEM","other","Kinesthetic",-1.49756894032656,-0.241058541034128,-0.697062714093814,-0.211448134115393,-0.187696758350937,0.2101563823964,-0.340246875876969,-0.126446583306094,-1.08096526654155,-1.17315621852277,-0.130337859978542,-0.274608505526298,-0.226735030194168
"134",0.54022940838231,0.0616315041333648,"female","other","yr1","STEM","stats","Auditory",-1.16229375691451,-0.361374267074475,0.520104425553615,-0.593142239594684,-0.0295140052498972,0.194469613334638,-0.412950263440696,-0.0636430816187145,0.305948796745054,-0.0230715449653116,0.547044880973979,-0.176382450630328,0.0603676086570254
"135",-0.504963490888943,-0.0562868976628869,"female","white","yr1","Other","math01","Visual",3.98537213702286,-0.980487316246231,-0.688846315264957,-0.583759129566764,-0.899644984794955,-0.0871101578600749,-0.0927986371975092,-1.03352141882201,-0.21628937085204,-0.34651641770713,0.178209452536894,-0.716576932565724,-0.243336287480142
"136",0.704880631523106,-0.151834129424067,"female","white","yr3","Business","math02","Kinesthetic",-0.937099679993854,-0.452035840548741,-0.672800539710553,-0.41622178278257,-0.000410103330577068,-0.406385344484994,-0.826865889933324,0.66508980555109,-0.0468825332010645,-0.916716351211895,0.556291476956553,0.0387328001018923,-0.609000952678348
"137",-0.748807690275564,-0.173757670451378,"female","Black","yr1","STEM","math03","Kinesthetic",1.93588561027765,0.64729034957555,-0.546546350056126,0.00861164078390067,0.413212192670844,0.439998929138008,-0.565670317217048,0.665297068137702,-1.03128934220817,0.233368322345564,-0.358667856713796,0.166141291389759,-0.184830981814752
"138",-0.672653055228557,-0.277102786999739,"female","white","yr3","STEM","other","Auditory",3.0896276932781,0.64484136433746,-0.0925509196574753,0.75960522056259,0.757741604494214,1.17946603182147,0.445874105314787,1.28104540618005,0.0922144683382486,-0.916716351211895,-0.358667856713796,0.786289168889204,0.54957247230526
"139",-1.303179555449,-0.393902556682844,"female","white","yr1","Business","math03","Kinesthetic",1.71069153335699,-0.738126414461232,0.794661072467082,0.657598374741027,0.382546808394715,0.296110940751904,1.24885409631686,0.617056263053554,0.676349781730151,-0.336831611159201,-0.190625975900191,0.548906219254675,0.749387566785416
"140",-0.590327443658159,-0.284453042779159,"female","white","yr1","STEM","math03","Visual",1.26030337951567,-0.176483144440937,-1.30022988714417,-1.45189032212108,-1.55698552543962,-1.05873106480308,-1.02256139379027,-1.54382081504085,-0.93192920485692,0.48012338310851,-0.238091624870499,-1.37976024915408,-1.07250120735874
"141",-2.02488914727275,-0.50335207058653,"female","white","yr2","Other","other","Auditory",1.26030337951567,-0.2570317001474,1.54812565818492,0.908685276329472,1.09095126265959,0.42586638393106,0.674178072847936,1.05512651638876,1.39439723145276,0.48012338310851,0.715086761787584,1.0115549641375,0.791248620975063
"142",0.194932979241213,0.322487178125356,"female","white","yr2","STEM","other","Visual",-1.49756894032656,0.64729034957555,-1.28155100232089,-1.71763365852116,-1.27886725586758,-1.41755492002824,-1.21793686521693,-1.78554449449367,-1.0804542327384,0.233368322345564,-0.190625975900191,-1.47262459467703,-1.26306405656539
"143",-0.422637879318545,-0.50335207058653,"female","white","yr3","Health","stats","Kinesthetic",2.38124190018108,-0.2570317001474,0.930727414093469,0.583784565213885,0.306127499360907,0.42586638393106,0.844840738172604,0.484807614849056,0.589053930300359,-0.34651641770713,0.178209452536894,0.460621475149987,0.689594491131711
"144",1.05634803718759,0.171655873355761,"female","white","yr1","Other","math02","Kinesthetic",-2.54122991683563,-0.530074825537825,-0.271882300301628,-0.102974065409628,-0.400960294843669,-0.382344892567221,-0.000155836865698256,0.149736720161725,-0.717113206578386,0.48012338310851,-0.238091624870499,-0.180462890396119,-0.206545065317248
"145",0.438777178627834,0.240617973596545,"female","white","yr1","Other","math01","Visual",-1.27740672734379,-0.442425002996725,-0.848334440594985,0.0592093604282381,-0.207096342792056,0.19814470695376,0.646315340824748,-0.416203805256453,0.520568042418769,0.233368322345564,0.238497568458543,-0.0846424867784915,0.0745559686559886
"146",-0.998822866185576,-0.227923111346647,"female","white","yr2","Health","stats","Kinesthetic",-1.49756894032656,-1.05115703139157,-0.822593721671674,-0.48137530921049,-0.117927639209207,-0.218730578923788,0.345879368428442,-0.162550302516352,-0.585081706533887,-0.669961290448948,-0.358667856713796,-0.293707543145456,-0.171472860043842
"147",-2.2277936067817,-0.50335207058653,"male","white","yr3","STEM","stats","Kinesthetic",3.20474066370737,0.408638486752194,0.930727414093469,0.583784565213885,0.306127499360907,0.42586638393106,0.844840738172604,0.484807614849056,0.589053930300359,-0.34651641770713,0.0935661453343622,0.460621475149987,0.689594491131711
"148",-0.340312267748147,0.0531626162407985,"female","white","yr1","STEM","stats","Visual",-1.16229375691451,-0.666669604481351,-1.26909593531804,-0.788529005571036,-1.18710071820265,-0.975766529586068,-0.667201124834928,-1.20637818117705,-1.3407490833529,-0.34651641770713,0.153854261256011,-1.03231867904059,-0.910678762070278
"149",-0.0550821966687987,-0.173086667345992,"female","white","yr1","STEM","stats","Kinesthetic",1.035109302595,0.146724428875469,0.0821425905473368,0.48193685133328,0.0775706880600404,-0.380479914682664,0.492601750666181,0.0949781665979988,-0.404522117679587,0.48012338310851,-0.190625975900191,0.150558793280932,0.0589911745312015
"150",-1.18260070751045,-0.386552300903424,"male","white","yr2","STEM","math02","Visual",-1.49756894032656,0.893040130788606,0.778732505515731,0.351529170449383,-0.0430765494131625,-0.250090609703919,-1.26288354847756,0.0395852440788903,-0.20618085559397,-0.34651641770713,-0.238091624870499,0.0864010772666925,-0.326808774858037
"151",-2.12634137702723,-0.50335207058653,"male","white","yr1","Health","stats","Auditory",1.37541634994494,0.64729034957555,-1.17090139980659,1.3895742294853,0.609631577200279,1.26266585861308,0.579538267417388,-2.16583983108021,0.845772565009496,-0.099761356944184,-0.358667856713796,0.123254247381836,0.343985537635221
"152",0.0681831547792697,0.396659298518456,"female","white","yr1","STEM","stats","Visual",1.26030337951567,0.134734334282827,0.370428452195547,0.749970605556099,-0.556432233031886,0.0456388077302344,0.102821521709403,0.630682512468302,0.0923388325806267,-0.34651641770713,-0.25091409182184,0.269856811819127,0.148937674474307
"153",-1.01794948436965,-0.50335207058653,"female","white","yr1","STEM","stats","Kinesthetic",1.48549745643633,-0.1107630450875,-0.231041224944555,0.547923876543796,0.143084314020425,0.236968666910562,-0.235400379617516,0.347749093702487,0.235266698399795,-0.926401157759824,0.397292853289573,0.329587623135914,-0.0587760854979013
"154",1.05634803718759,-0.277102786999739,"female","white","yr1","Health","stats","Kinesthetic",3.31482177019876,-0.458677759443585,1.55044459340459,1.29965154843392,0.732127520931054,1.14812310207384,1.17703029762306,1.09013926559128,1.21980552859317,-1.17315621852277,-0.0354065620379273,1.03083476179355,1.22358657513501
"155",1.54716907128541,0.540715202827342,"female","white","yr3","Other","other","Kinesthetic",0.441836479927259,-0.464727039372881,1.66931059474775,1.44699782696175,1.09095126265959,1.26266585861308,1.34048263558637,1.38581903495456,1.22497444817341,-0.336831611159201,-0.022584095086586,1.24939799979133,1.35239716052443
"156",0.0681831547792697,0.00634743112494903,"male","white","yr2","Other","math02","Visual",1.93588561027765,-0.837907619566155,-1.11423350026532,-1.23274586352389,-0.407005545677651,-0.456169774858289,0.0495928842011191,-0.291817946820803,0.143970527577398,0.48012338310851,0.201319910226319,-0.555726578339577,-0.435431594527048
"157",-0.156534426423274,0.00634743112494903,"female","white","yr1","Other","stats","Visual",0.106561296515212,-0.374087517883394,0.0384461688773141,0.326860643853981,0.280449394008025,0.324225056513794,0.390833971481271,0.505106544397785,-0.385696208503015,-0.0900765503962547,-0.130337859978542,0.264874387352671,0.261603006013681
"158",-2.2277936067817,-0.50335207058653,"female","white","yr3","Business","math02","Auditory",1.59557856292771,-0.212358548401693,1.66931059474775,1.29965154843392,0.657307101076355,0.798999664773392,1.33464056479919,1.27498199076965,1.11130804352582,-0.34651641770713,-0.358667856713796,1.04765002199696,1.18610934859074
"159",-1.86023792413196,-0.50335207058653,"male","other","yr2","Business","math03","Kinesthetic",1.6006104268656,0.164604338888853,-0.228724664124895,0.44582139671398,1.01453195362578,0.381964599518105,0.464962777564195,0.66508980555109,0.332883763320846,-0.34651641770713,-0.130337859978542,0.618993144483666,0.238163432938904
"160",0.685754013339028,-0.0421612414227572,"female","white","yr2","Other","math02","Kinesthetic",0.331755373435873,0.619869330207614,-1.45823946793415,-0.964349660919741,-1.0936712695689,-0.843021063268422,-1.10313761644253,-1.54920891740225,-1.23465921400327,0.156678510366691,-0.298379740792148,-1.14190223308291,-1.06556773520074
"161",-0.32118564956407,-0.50335207058653,"male","white","yr1","STEM","math02","Auditory",-1.05221265042313,-0.0389266126472859,0.3812877660553,0.961013491471707,0.785975142324917,0.675230572731291,0.400817406766272,0.872406191921124,0.843684773159835,-0.34651641770713,0.178209452536894,0.836558492115395,0.479028428603789
"162",-0.340312267748147,0.516046932836428,"male","Asian","yr3","Other","other","Visual",0.216642403006599,-0.391738432542682,0.0411964867492419,-0.1895060154826,-0.851102357481674,-0.54154408554447,-0.0497964365712627,-0.416203805256453,-0.223546082281939,0.726878443871456,0.715086761787584,-0.417034070899607,-0.198482669056205
"163",-0.219733419809595,-0.50335207058653,"female","white","yr1","Other","math01","Kinesthetic",-1.72276301724722,0.551070702093346,1.23294688728459,0.301936129952468,0.493658976677776,0.407898965727253,0.177305871363891,-0.104982648354304,0.340824045648166,-0.34651641770713,-0.358667856713796,0.235534660182065,0.528721097699036
"164",-1.61639372474533,-0.50335207058653,"male","Black","yr3","Business","stats","Visual",1.035109302595,0.64729034957555,0.930727414093469,0.421882479902477,0.175987415617042,0.224939890435429,0.323177309203985,0.469002825187528,0.589053930300359,-0.269826605728258,-0.25091409182184,0.37146542699782,0.435953492660459
"165",0.622555019952708,-0.110452338558157,"female","Black","yr1","STEM","math02","Visual",-2.09587362693219,0.473861087926086,0.195291379176446,0.579504382845985,0.827000476308914,0.789773329270536,-0.083665942431183,0.0918647197833981,0.840948364848722,-0.849711345780952,-0.102406797728893,0.520007664931982,0.301533310195309
"166",-0.732719413290305,-0.393902556682844,"male","white","yr1","Other","math02","Visual",-1.27740672734379,-0.289285432791532,-0.769192550870723,0.583784565213885,0.51268689213858,0.820625075563828,-0.565724733608028,1.38581903495456,0.842180403475767,-0.916716351211895,-0.358667856713796,0.781884292043006,-0.108206340316624
"167",0.251960996104143,-0.274738296462497,"female","white","yr1","STEM","math02","Visual",-0.343826857326109,-0.0287474913918123,1.8202583414377,0.355005491610204,0.678479639081822,0.412833446843891,0.26147182186653,1.38581903495456,1.26087730735256,0.48012338310851,-0.130337859978542,0.801315453773104,0.713394076670316
"168",1.30019223657421,0.289126646144252,"female","white","yr2","Other","math01","Kinesthetic",-2.87650510024768,1.38225356981469,0.211768537383108,-0.431874130058922,0.117470230457266,-0.410933090750962,-0.666350384316252,-0.00450615193346378,0.916878766842,0.166363316914621,-0.190625975900191,-0.000614224206855404,-0.323297311215604
"169",1.03105044248012,0.00634743112494903,"female","other","yr1","Business","math02","Visual",1.59557856292771,-0.123879517273653,-0.36236466769058,0.228118547762421,0.215731575579265,0.0186048334013088,0.601368657564115,0.152545820760046,0.365617840819454,-0.099761356944184,0.654798645865935,0.210947728981993,0.122237543986575
"170",-0.238860037993672,0.121230339278574,"female","white","yr1","Other","math01","Visual",-1.16229375691451,-0.57476469243761,1.07660590769182,1.31157658126315,1.09095126265959,1.26266585861308,1.62791578286547,1.38581903495456,1.39439723145276,-0.0900765503962547,-0.358667856713796,1.2262885374314,1.29804019172922
"171",-0.672653055228557,-0.277102786999739,"female","white","yr1","Health","stats","Visual",1.48549745643633,0.556650828086063,-0.846015505375315,0.248692598508129,0.174807670207289,-0.150978730346686,0.125666172918431,-0.355631174748061,0.0263274061094703,-0.34651641770713,0.603757125926861,0.0330596507499045,-0.230620014139689
"172",1.38251784814461,-0.393902556682844,"male","white","yr1","STEM","math03","Auditory",-3.21178028365972,1.22103205181894,1.08399409600308,1.44699782696175,0.741243703439447,0.91632776125242,0.844840738172604,0.614933862342822,1.06508397085542,0.726878443871456,0.667621112817276,0.936170126695649,0.903384608503618
"173",-0.0711704736540579,-0.50335207058653,"male","white","yr2","STEM","math03","Kinesthetic",1.15022227302428,1.49550497000837,1.0559344418601,0.797558341419643,0.301368495733487,0.791759191796989,-0.7202941790156,0.820019377533869,0.542829857629953,0.233368322345564,-0.358667856713796,0.610180378892568,0.304474580624694
"174",-0.137407808239197,0.068534130905024,"female","white","yr2","STEM","math03","Visual",1.26030337951567,1.5516123992985,-0.954745374935288,-0.619619818236853,-1.34901811195636,-0.447342009580428,-1.010523460583,-0.498503772839296,-1.44430629270157,0.233368322345564,-0.25091409182184,-0.845922772147447,-0.761430869594536
"175",1.11337605405052,-0.151163126318682,"female","white","yr1","Other","math02","Kinesthetic",-1.2723748634059,-1.29807325546604,0.0670544142756057,-0.428509263993126,-0.522277030399596,-0.434440580458449,0.246171909152398,-0.333157513556393,-0.794744730860552,0.233368322345564,-0.238091624870499,-0.451528714322227,-0.0502623363149524
"176",0.647852614660176,-0.50335207058653,"male","white","yr3","STEM","math04","Auditory",-1.49756894032656,1.30254769720623,0.675687668282891,1.19672938631026,0.49999145141252,0.112026820206147,-0.334405716225021,1.0011704264783,0.519895210446767,-0.849711345780952,-0.25091409182184,0.833153789714934,0.0992966254965073
"177",0.0490565365951923,0.688801778633334,"female","white","yr3","STEM","stats","Visual",-0.716937467011081,0.0219556185446905,-0.0543551337313082,-0.27942869653398,-0.478696263937778,-0.410933090750962,0.0617656934797333,-0.432008594917981,-0.21628937085204,0.156678510366691,0.178209452536894,-0.352017397805003,-0.138165355699953
"178",-1.30586605895852,0.0683107568073997,"female","white","yr1","Business","other","Kinesthetic",0.441836479927259,-1.06386871183389,0.635496926948279,0.398488426799647,0.233442830979768,0.740210588712004,0.102686645638059,0.757506504669551,0.954270050076847,0.223683515797634,0.238497568458543,0.497700088364302,0.464200422769189
"179",1.01192382429605,0.115796945028634,"female","white","yr3","STEM","math04","Kinesthetic",-0.827018573502468,-1.65594498709919,-1.26402668222644,-0.748129595920931,0.136498145918069,-0.479840592957885,-0.650525585500335,-0.590178764319626,-0.827876227292618,-0.34651641770713,0.173388847976669,-0.453143864018218,-0.727849491904128
"180",0.194932979241213,-0.393902556682844,"female","white","yr1","Other","math01","Visual",-2.87650510024768,-0.583933764868525,1.20054116212657,0.302570105728114,0.282112304976856,0.293356209188008,1.33968729008563,-0.696078784958207,0.716361378915912,-0.0900765503962547,0.266428630708192,0.0681429032910368,0.886254329614609
"181",-0.302059031379992,-0.50335207058653,"male","white","yr2","Business","math03","Auditory",1.71069153335699,-0.374180426043553,0.355547047131989,0.583784565213885,0.306127499360907,0.42586638393106,0.767065764538973,0.484807614849056,0.589053930300359,0.48012338310851,0.369361791039924,0.460621475149987,0.512075169672409
"182",-0.156534426423274,-0.440717741798694,"female","white","yr2","Other","math02","Visual",1.48549745643633,-0.383056095035646,-0.860896910438873,0.262078323040397,-0.0447648784537779,0.104410782759128,-0.777198539682108,0.177014732058181,0.400821183472811,-0.34651641770713,-0.25091409182184,0.164549104262337,-0.459845491426314
"183",-0.238860037993672,-0.323917972115588,"female","white","yr3","STEM","stats","Visual",-1.49756894032656,0.00814760286437972,0.930727414093469,0.583784565213885,0.597127004947748,0.308139717227037,0.756918604831377,0.484807614849056,-0.275621965389154,0.48012338310851,0.00534696716306367,0.435773607637467,0.617138893466955
"184",1.46484345971501,0.230679853182259,"female","white","yr4","Other","other","Kinesthetic",-1.2723748634059,-1.28424700400397,1.8202583414377,0.673707246265265,0.306127499360907,0.934295179456228,0.844840738172604,0.995107011067895,1.30448106607205,-1.17315621852277,0.47711555593188,0.707055794921803,1.10216148202656
"185",-0.156534426423274,-0.214468458211903,"male","white","yr2","STEM","math03","Auditory",1.26030337951567,0.0372466221414259,-0.197483309457728,-0.717446086334044,-0.321698329431278,-0.832088395640404,0.0268561546388142,-0.637628555160546,-0.454410740246163,-0.34651641770713,0.0656350830847125,-0.531659534842827,-0.336966261195641
"186",0.0272434149015993,-0.160303017316633,"female","Black","yr1","STEM","stats","Visual",0.106561296515212,-0.2570317001474,-0.533983880212238,-0.27942869653398,-0.59466886446028,-0.410933090750962,0.0617656934797333,-0.416203805256453,-0.21628937085204,-0.34651641770713,0.178209452536894,-0.377974251080072,-0.263509565506933
"187",-0.422637879318545,-0.269081528114933,"female","white","yr1","Business","math03","Auditory",-1.38748783383518,-0.19022916014983,-0.388105386613891,-0.00331339204532477,-0.0642068644991504,-0.296390334211717,-0.270423865970724,-0.357753575458793,0.615935517321308,0.48012338310851,-0.022584095086586,-0.0407395740512663,-0.301004712720078
"188",0.214059597425291,-0.277102786999739,"male","white","yr1","STEM","math02","Kinesthetic",-0.601824496581807,-0.414191490195926,-0.559001417058982,-0.0986868494081841,0.326754304000819,-0.0557672281124382,-0.668486049175153,0.0126781990151564,-0.452234614405692,-0.593271478470076,-0.358667856713796,0.00452818108055818,-0.399663851576527
"189",-1.42644490689707,1.01839617876849,"male","Asian","yr1","STEM","math01","Auditory",-2.88153696418556,-0.601409573551294,0.187074980347589,-0.526335532090317,-0.0495524178323946,0.756119142004966,-0.128807740140737,-0.101620422568454,0.144666962121668,-0.849711345780952,-0.102406797728893,-0.189255779274896,0.271675107159503
"190",1.46484345971501,0.453412604048592,"female","white","yr1","Business","math01","Visual",-1.87067955001153,-0.516338615825718,-0.0925509196574753,-0.27942869653398,-0.471178970608494,-0.314831834837375,-0.247497843946096,-0.416203805256453,0.280409781239323,-0.602956285018005,-0.358667856713796,-0.288177106209255,-0.222279210959012
"191",1.38251784814461,0.380012287412347,"female","white","yr2","Business","math03","Kinesthetic",-1.87067955001153,-0.422437615665279,-1.73786536793921,-0.27942869653398,-0.478696263937778,-0.410933090750962,-0.721309351213137,-1.57585636894717,-1.14894012061999,-0.916716351211895,0.630443454585052,-0.762750672109593,-0.852030126984968
"192",-0.156534426423274,-0.173757670451378,"female","white","yr1","Other","math01","Auditory",1.71069153335699,0.304454985239168,0.326938801733697,0.673707246265265,0.505169598809296,0.920401425096538,0.715017858069629,1.20466798601013,1.21980552859317,0.233368322345564,-0.298379740792148,0.804334604387993,0.661572594137533
"193",-1.38819167052892,-0.0716584123271124,"female","white","yr1","Other","math01","Kinesthetic",1.26030337951567,-0.505637893854113,1.8202583414377,0.614730584048163,0.859006061614586,0.152879086439615,0.229494272012207,0.985365636816772,1.39439723145276,-0.34651641770713,-0.298379740792148,0.839952945574215,0.61012542640022
"194",1.46484345971501,0.129251598163379,"female","Black","yr3","Other","other","Visual",-3.44200622451827,-1.24323121673017,1.08167516078341,0.583784565213885,0.0723925406632647,-0.410933090750962,-0.327163794958369,-0.757338115354189,0.00189014509866534,-0.34651641770713,-0.238091624870499,0.00330913108487043,0.0226808230613762
"195",-0.831133301845962,0.164305617576341,"male","white","yr1","Business","math03","Kinesthetic",0.216642403006599,-0.2570317001474,0.0411964867492419,-0.27942869653398,-0.478696263937778,-0.410933090750962,0.0617656934797333,-0.416203805256453,-0.21628937085204,-0.34651641770713,0.178209452536894,-0.347839442416392,-0.113194287029057
"196",0.299423550194507,-0.50335207058653,"female","Black","yr1","Other","math01","Auditory",-0.937099679993854,-0.2570317001474,0.930727414093469,1.3895742294853,0.266574207872212,1.26266585861308,-0.0489724465982397,1.38581903495456,1.17358145592277,-0.916716351211895,-0.358667856713796,1.01107112779457,0.673376821681701
"197",0.112607367670815,-0.277102786999739,"female","white","yr1","Health","stats","Visual",1.82077263984837,-0.0203754971722209,0.338346706848761,0.0713193901110335,0.0188626344267358,0.27491470856235,-0.116710275812157,-0.294371844352079,-0.77802255916201,-0.34651641770713,0.00534696716306367,-0.140772356215219,0.14498233142126
"198",1.54716907128541,0.287433158712395,"female","white","yr1","Other","math01","Kinesthetic",-2.20595473342358,0.619869330207614,-1.14675643402638,-0.00404748415676354,-0.0575566746070722,0.190413050523014,-1.00358666905315,0.0230948863152807,0.589053930300359,-0.34651641770713,-0.358667856713796,0.0583095325927516,-0.583272067552852
"199",-1.3855051670194,-0.50335207058653,"female","Asian","yr1","STEM","math03","Visual",2.30396435602473,0.436041270338373,0.231935772508458,0.388397799237534,0.466986921203883,0.441522544616935,0.710325835551327,0.856601402259596,0.376027388301523,-0.336831611159201,-0.25091409182184,0.51420880780321,0.465470555904568
"200",-1.94256353570235,-0.440717741798694,"female","white","yr3","STEM","other","Kinesthetic",2.52915843294539,0.713639992451728,1.8202583414377,1.44699782696175,1.09095126265959,1.26266585861308,1.62791578286547,1.38581903495456,1.39439723145276,1.30676318392415,0.173388847976669,1.26908239271637,1.49238326929248
"201",-1.50877051846747,-0.111123341663542,"female","white","yr1","Other","math01","Visual",1.26030337951567,0.854972106090787,1.54812565818492,0.965931422278158,0.960811178915727,0.820625075563828,0.484869613635591,1.06554320368888,0.878888115813192,0.48012338310851,-0.0549411487585852,0.938688089615262,0.864867809456221
"202",-0.137407808239197,0.0585960104907377,"female","white","yr1","STEM","stats","Kinesthetic",1.26030337951567,-0.592915485334929,-0.201604769028674,0.551852949289598,0.368379325173353,0.0451476242758901,0.539663170226659,0.394269500212869,0.564047436895882,-0.849711345780952,0.202564643817777,0.439867788521606,0.152068847844391
"203",-0.403511261134468,-0.331268227895008,"male","white","yr1","Business","math02","Visual",3.31482177019876,0.466276862881028,0.0822597991503896,-0.844399538306827,0.747893893331525,-0.0428657989904596,-0.121675834161967,0.580418098791778,0.765221711165602,0.726878443871456,-0.238091624870499,0.169840361752421,-0.036246541132554
"204",0.771117966108244,0.633517705624919,"female","Asian","yr3","STEM","stats","Visual",2.27116079368969,1.26688055236894,1.8202583414377,1.44699782696175,1.09095126265959,0.947196608578206,1.37528215913941,1.38581903495456,1.39439723145276,-0.593271478470076,-0.190625975900191,1.26908239271637,1.29226875741696
"205",-0.213562443286204,-0.173086667345992,"male","white","yr1","Business","math02","Visual",-1.49756894032656,0.0277001467821568,0.196058921801961,-1.06974346505681,-0.59466886446028,-0.433448255220737,-0.986611821968353,-1.25664259485357,-0.755265655776045,-0.34651641770713,-0.298379740792148,-0.912506854255693,-0.447399025932021
"206",-0.672653055228557,-0.173757670451378,"female","white","yr1","Business","math02","Visual",3.0896276932781,-0.926250973987177,0.782098602623194,0.746605739490303,0.727267088691612,0.605167466636255,-0.0110725701553379,1.10594405525281,0.568156174902496,-0.0230715449653116,-0.358667856713796,0.783272351084855,0.414885835791977
"207",0.214059597425291,-0.393902556682844,"male","white","yr3","STEM","other","Visual",0.106561296515212,-0.0642047652615844,-0.114820513032301,0.597617545068769,1.09095126265959,1.26266585861308,1.62791578286547,-0.08099204257164,1.39439723145276,-0.669961290448948,-0.298379740792148,0.612925846309189,0.986677696581606
"208",-1.26492631908085,-0.50335207058653,"male","white","yr2","STEM","stats","Visual",1.48549745643633,0.425364395412689,-1.01448757215971,-0.326936338477477,-0.605346529325482,0.00922988890076849,-0.763210097974885,-0.338520511685991,-1.22708267870531,-0.602956285018005,-0.25091409182184,-0.492665138513965,-0.528807291842142
"209",-1.87632620111721,-0.50335207058653,"male","white","yr3","STEM","other","Auditory",-1.27740672734379,1.5516123992985,1.8202583414377,1.2276721441739,0.727267088691612,0.676103225378136,1.2279883942011,0.992297910469573,1.13356985873701,0.48012338310851,-0.190625975900191,0.970942515980158,1.14471915715025
"210",0.622555019952708,-0.277102786999739,"male","white","yr2","Health","stats","Kinesthetic",-1.16229375691451,-0.0132780070510418,-1.27499339892722,-0.716549601311007,-0.822035862384653,-0.23718918058194,-1.18609419143395,-0.983572738200352,-0.901258703697423,-0.0230715449653116,-0.25091409182184,-0.804752552557774,-0.832091715417403
"211",-0.340312267748147,0.516046932836428,"female","white","yr1","Other","math02","Visual",-1.27740672734379,-0.713754311708983,0.0411964867492419,-0.27942869653398,-0.41502634945301,-0.653438275767291,0.356026528136038,-0.416203805256453,-0.634986274728833,0.48012338310851,0.178209452536894,-0.379941500546391,-0.0961706235892885
"212",1.13867364875799,0.191438297943454,"female","white","yr1","Business","math03","Auditory",-1.49756894032656,1.35120477930579,0.0695801207034488,-0.198958894606162,-0.437407168619427,-0.427253721612313,-0.0807607039902389,-0.266581091867224,-0.14413893307428,0.470438576560581,0.159919599407694,-0.263746632031847,-0.161410601516154
"213",0.435738837429016,0.596222649933382,"female","white","yr3","Other","other","Kinesthetic",-2.20595473342358,-0.987017816765695,0.613733938679826,-0.446251973622479,-0.694821395846938,-0.770172617233603,-0.36434969671613,-0.683290358481612,-0.594102978692086,1.30676318392415,-0.0828722110082349,-0.571215306437206,-0.239869202440906
"214",1.36339122996053,0.98458801777962,"male","white","yr2","Business","math03","Auditory",-1.87067955001153,-1.55399753493342,-0.0827387676855152,-0.315644267489072,-0.448221748135176,-0.66484502581716,-0.0429964108749483,-0.176602526514362,0.0114224510600146,-0.34651641770713,0.547044880973979,-0.26157044734662,-0.272169761189035
"215",1.54716907128541,0.1925569300566,"female","white","yr3","STEM","math03","Kinesthetic",-1.16229375691451,1.37261171587475,-1.45085127962288,-0.296271660169656,-0.992124840417326,0.123533854592757,0.0149280328404575,-0.706495472258331,-1.75849008527525,-1.17315621852277,-0.143160326929884,-0.742491859472875,-0.330178641882806
"216",-1.59109613003787,-0.173757670451378,"male","white","yr1","Business","math02","Visual",1.48549745643633,-0.354516738183858,0.774710414311926,0.583784565213885,0.204030084974217,0.141501272796564,0.900485035282348,0.484807614849056,0.834751834992447,-0.34651641770713,-0.298379740792148,0.462638474244486,0.567554254064202
"217",0.353413225858618,0.0605128720202187,"female","white","yr1","Other","math01","Auditory",-2.54122991683563,0.264620567488143,1.03841012176565,0.644573028756128,0.597127004947748,0.666489490030339,-0.312324612732471,-0.0705753552715158,0.895661187576072,0.489808189656439,-0.238091624870499,0.444254619617408,0.398219723369701
"218",1.46484345971501,0.287880787720156,"female","white","yr3","Business","math03","Visual",-2.20595473342358,-0.40658369253841,-1.46573268468644,-0.493017987578432,-0.807980412976958,-0.748027751576275,-0.518967532649116,-0.692011751439776,-0.729127272476352,0.233368322345564,0.337004737367925,-0.633390619046495,-0.829546164560255
"219",-0.340312267748147,0.516046932836428,"male","white","yr2","Business","math02","Visual",0.216642403006599,-0.264159488132901,0.0411964867492419,-0.27942869653398,-0.478696263937778,-0.410933090750962,0.0617656934797333,-0.416203805256453,-0.21628937085204,-0.34651641770713,0.178209452536894,-0.347839442416392,-0.113194287029057
"220",1.46484345971501,0.522822333297137,"female","white","yr1","STEM","math02","Kinesthetic",-2.54122991683563,-0.733019247357529,-0.69738669390504,-0.597778829874678,-0.252796313726753,-0.249851818856662,-0.497907627219669,-0.0981588451697595,0.84702881914709,-0.593271478470076,-0.238091624870499,-0.182125002215322,-0.444914707413956
"221",-1.81929818425429,-0.50335207058653,"female","Asian","yr3","STEM","math03","Visual",-2.77145585769418,0.594460411408469,1.8202583414377,1.44699782696175,1.09095126265959,1.26266585861308,1.62791578286547,1.38581903495456,1.39439723145276,0.48012338310851,0.519113818724329,1.26908239271637,1.49238326929248
"222",-0.219733419809595,-0.50335207058653,"male","white","yr1","Business","math03","Auditory",2.04596671676903,0.780442532449297,0.771239288763441,1.16578336747598,0.417239667643968,0.666489490030339,0.999405068849846,1.06397392816568,0.803657230345704,-0.0900765503962547,0.434470511521797,0.851442951941371,0.787213729164772
"223",-0.441764497502623,-0.277102786999739,"female","other","yr5+","Business","math03","Visual",0.106561296515212,0.775766403806829,-1.27763631395812,-0.271525109488169,0.331614736240261,0.0280699597514214,-0.590440616142567,-0.113220795407648,-0.021028556456151,-0.593271478470076,-0.358667856713796,-0.0320080817173573,-0.530472675141373
"224",-1.18260070751045,-0.50335207058653,"female","white","yr2","STEM","other","Visual",2.86443361635744,0.432656585642939,-1.73786536793921,-0.329585943710901,-0.367339273358207,-0.74762918135128,-1.00443740957183,-1.2800549712169,-1.75849008527525,0.803568255850328,-0.358667856713796,-0.742291418388131,-1.07033012727735
"225",0.457903796811912,-0.160303017316633,"female","white","yr2","Health","stats","Auditory",-0.716937467011081,0.0364490469701057,-0.639240249823717,-0.129100022737433,-0.0765845900678759,-0.574578012770282,-0.62348494952354,-0.838068807413828,-0.962663144455828,-1.17315621852277,-0.298379740792148,-0.394084760781067,-0.588670940827677
"226",0.27108761428822,0.500675418172202,"female","white","yr1","STEM","stats","Kinesthetic",1.26030337951567,-0.138764636767396,-1.14663922542333,-1.22463844834544,-1.41927419454349,-1.05022527367672,-1.14709868311314,-1.14368314995792,-0.478248633463007,-0.0900765503962547,-0.298379740792148,-1.11367766522122,-1.07290996231164
"227",-0.707867950397894,0.145741744940751,"male","white","yr2","Business","math03","Visual",3.20474066370737,-0.278561138207468,0.0533275739408721,0.583784565213885,-0.173720143603103,0.375430990725683,0.837849530251776,-0.461658345990908,0.524692726053753,0.556813195087382,0.542224276413754,0.0782621988025946,0.439987319174594
"228",-0.488875213903684,-0.277102786999739,"male","white","yr2","STEM","other","Kinesthetic",0.331755373435873,-0.670231590372592,-0.513312414380525,-0.683039055733452,-0.00223701071790666,0.0445273642361322,-0.537786656634805,-0.609340817024212,-0.775402245211095,-0.0900765503962547,0.85077158892919,-0.467593171387196,-0.306480455655468
"229",-1.35029027185006,-0.50335207058653,"female","white","yr2","STEM","other","Visual",2.75435250986605,0.842668983856401,0.0712832766875839,0.17969558951682,1.09095126265959,0.77107943603779,0.711971921570744,0.51546709216186,0.1379060189074,0.233368322345564,-0.162694913650542,0.492547171325172,0.540800926343957
"230",-1.50877051846747,-0.400006954038169,"male","white","yr3","STEM","other","Kinesthetic",1.26030337951567,1.17978478098894,0.512284854590089,0.790551239396869,0.0620325909553969,0.52564273346377,-0.244586783518554,0.647923002952971,0.157759538360007,1.30676318392415,-0.25091409182184,0.455543403964784,0.234525448231624
"231",-0.774105284983032,-0.166982269990668,"female","white","yr1","Health","stats","Kinesthetic",1.59557856292771,0.462709540159087,-0.0394737286677502,0.734680706661077,0.746230982362694,0.715799837981784,0.396096739775688,1.03932172672723,0.633789578915065,0.233368322345564,-0.102406797728893,0.774445812318515,0.381787997728377
"232",0.787206243093504,0.404680557403261,"female","white","yr3","Health","stats","Kinesthetic",0.106561296515212,-1.22815628986792,0.0411964867492419,0.437991351426715,0.436267583104772,0.181568184212659,0.73508821468465,-0.416203805256453,0.259740669703018,-0.34651641770713,0.767373015318116,0.17192484846804,0.332201311527979
"233",-2.2277936067817,-0.50335207058653,"male","white","yr3","STEM","math03","Kinesthetic",-3.77728140793032,1.52419137993056,0.496356287638738,0.761157773610981,0.541334500553852,0.734241338607442,0.853892266002298,1.11412987137395,0.0793131020349945,0.48012338310851,-0.358667856713796,0.684925014442418,0.688479351167423
"234",1.46484345971501,0.39688267261608,"female","other","yr5+","STEM","math02","Kinesthetic",-2.54122991683563,-0.813583218285531,-1.73786536793921,-1.17003811419676,-0.543863638989632,-1.4307087417573,-0.642600372318601,-1.6652818091125,-1.53505399579434,-0.849711345780952,-0.298379740792148,-1.12962153129842,-1.18573430448807
"235",-0.156534426423274,-0.393902556682844,"female","white","yr1","Other","math01","Kinesthetic",1.26030337951567,-0.446274597157197,0.659641892728487,1.11682379106245,1.09095126265959,0.466823049026494,0.599477680185472,0.796028771751204,0.880975907662853,-0.593271478470076,-0.298379740792148,0.949184176799746,0.54743536850726
"236",-0.219733419809595,0.585009033077212,"female","Black","yr3","Health","other","Visual",-2.6563428872649,0.35729026023695,-0.562474917007477,-0.383907184368942,-0.513198254713503,-0.404994449022287,-0.384289109484214,-0.954542160640378,0.144942375160212,-0.602956285018005,0.607332996895628,-0.490158990191761,-0.424872200732046
"237",0.663494759830378,0.273307502472265,"female","other","yr1","Other","math01","Visual",-1.49756894032656,-1.10651171113448,-0.0938226929893527,0.594156533302456,0.306127499360907,0.42586638393106,0.844840738172604,0.243083935396233,0.589053930300359,0.233368322345564,0.715086761787584,0.400000042578127,0.421842767486726
"238",0.419650560443757,-0.207118202432483,"male","white","yr1","STEM","math03","Visual",-0.00855167391406178,-0.541758210246256,0.076749357644513,-0.0591839247811162,-0.293821647710751,-0.448245270603161,0.0877376520032469,0.100159006372791,0.0383414720074367,-0.34651641770713,-0.238091624870499,-0.0641188175175023,-0.108035688712379
"239",1.38251784814461,0.13794386015357,"female","white","yr2","STEM","math03","Kinesthetic",-2.87650510024768,-0.763055486719599,-0.845584122723057,-1.46399657914097,-0.551380932318916,-1.20209731110066,-1.10215199985251,-1.29173658782395,-1.2576662495489,-0.593271478470076,-0.25091409182184,-1.09349331880818,-1.03230965596354
"240",1.05634803718759,0.597468508357478,"female","white","yr1","STEM","stats","Kinesthetic",-0.601824496581807,-1.65045509516169,0.637167902545498,-0.308562914043117,-0.809375907697119,-0.519433421952129,-0.36001883587702,-0.388972602054922,-0.576565214909847,-0.926401157759824,-0.358667856713796,-0.477631370380416,-0.14341093001777
"241",0.435738837429016,0.18386466806641,"female","other","yr1","Other","math01","Visual",1.48549745643633,-1.2405757089695,-0.848334440594985,-0.846871692012491,-0.338362218122693,-1.3461450788645,-0.938780828825831,-0.812534030339766,-0.0516907877334686,-0.34651641770713,-0.25091409182184,-0.576334527365437,-1.0269106386067
"242",0.353413225858618,-0.157938526779391,"male","white","yr4","Other","math02","Visual",1.59557856292771,0.807863551817234,0.940539566065429,0.143113797517493,0.679951681577124,0.613759940339523,0.750967429891548,0.213118451268438,0.87527446598136,0.547128388539453,0.145457785727019,0.37993736294188,0.725881353516719
"243",0.704880631523106,0.708360829123403,"male","white","yr1","Business","math03","Visual",-1.87067955001153,-0.933255555948197,-1.60179902631283,-0.906926063443295,-0.461140390972276,-0.920486931530062,-0.246512227356076,-1.11233697275753,-0.393501387662539,-0.0900765503962547,0.374182395600149,-0.746180647901349,-0.830896252725202
"244",-0.729681072091487,-0.393902556682844,"female","white","yr1","Other","math01","Auditory",1.48549745643633,-0.632238666321695,1.8202583414377,1.44699782696175,1.09095126265959,1.26266585861308,1.62791578286547,1.38581903495456,1.39439723145276,1.30676318392415,-0.17780350894885,1.26908239271637,1.49238326929248
"245",-0.156534426423274,-0.393902556682844,"female","white","yr3","Other","math01","Auditory",-1.2723748634059,1.5516123992985,1.07935622556374,-0.487748435457618,-0.753456556619417,-0.45748870713851,-0.0260464245736115,-0.259912220337083,0.0321532120333418,-0.0230715449653116,-0.190625975900191,-0.414883902791292,0.110907911607241
"246",1.13867364875799,0.253077448876811,"male","white","yr4","Other","math02","Visual",-1.87067955001153,1.43226289527436,0.709247958169727,0.89166108850313,1.09095126265959,1.09626620502987,0.289064094490762,0.947214336567841,1.12735738325236,1.30676318392415,0.298785684380191,0.946622885545913,0.674790616284423
"247",1.30019223657421,0.742967219528604,"male","white","yr5+","STEM","math03","Kinesthetic",-2.88153696418556,0.829821628667055,-0.848334440594985,-1.00722071258324,-1.06447792778807,-1.13000589872896,-0.662509102316626,-1.31721522536196,-1.45188282799953,-0.34651641770713,-0.190625975900191,-1.111775199552,-0.853713687579173
"248",-0.973525271478108,-0.400006954038169,"male","white","yr5+","STEM","math03","Visual",-0.118632780405448,0.0171464778809542,-0.405410755338141,1.2541529837867,1.09095126265959,1.26266585861308,1.16894345782433,1.17627177740554,1.17979393140741,0.156678510366691,-0.190625975900191,1.12781539591319,0.750197209578145
"249",1.03722141900352,0.185781529595891,"female","white","yr3","Other","other","Visual",-1.61268191075584,0.350173147872843,0.166403514515876,-0.37817079262554,-0.909683564431172,-0.331152465698726,-0.371124861628983,0.145242580274523,-0.278703093119733,-0.0900765503962547,-0.022584095086586,-0.349866676516126,-0.20362849416229
"250",-0.897370636431101,0.068981759912785,"male","white","yr3","Other","math02","Visual",0.326723509497985,-0.284583057431662,0.0451111751120153,-0.644547593109006,-0.367393227181188,-0.970700540504239,-0.0968846066773935,-0.794929866319795,-0.494422337431924,-0.34651641770713,-0.358667856713796,-0.56672771129986,-0.365950069116981
"251",1.05634803718759,0.452741600943207,"female","white","yr3","Health","math02","Visual",0.441836479927259,-0.131007305259154,0.247540359648583,-0.119716912709512,-0.1454866057724,-0.0806803326770563,0.0818151215356991,-0.416203805256453,0.151014540774109,0.48012338310851,0.178209452536894,-0.168111824131541,0.0647290065017347
"252",-0.238860037993672,-0.0484890128757058,"female","white","yr5+","STEM","math03","Kinesthetic",1.48549745643633,0.64729034957555,0.512284854590089,0.368642721121043,0.427188807418679,-0.0686686572344167,0.390915138417902,0.15411509628325,-0.402929414004708,-0.0900765503962547,-0.358667856713796,0.221421214590157,0.246287797428069
"253",-0.403511261134468,-0.50335207058653,"female","white","yr1","STEM","math02","Kinesthetic",3.0896276932781,0.457900399495351,0.0411964867492419,-0.201431048311826,-0.189258240707747,-0.26641124056527,-0.152659847634075,-0.416203805256453,-0.587185444011918,0.556813195087382,-0.022584095086586,-0.291075539435026,-0.137001867327819
"254",1.54716907128541,1.41017727868371,"female","white","yr1","Other","math02","Kinesthetic",-1.87067955001153,-1.50793264576532,-0.956017148267166,-1.02170297760828,-1.00745820319538,-0.97905422336025,-0.169804037249097,-1.50286041419359,-0.859638457208412,0.48012338310851,0.178209452536894,-1.08180032012053,-0.656045639765769
"255",0.337324948873359,0.342046228615425,"male","white","yr1","Business","math03","Kinesthetic",-0.00855167391406178,-0.2570317001474,-0.37449575488221,-0.416757889258238,-0.71243122263542,-1.01633579483656,-0.317295993068879,-1.07761394661987,-0.412082707349183,-0.34651641770713,0.542224276413754,-0.649561216798554,-0.56886903747852
"256",-0.647355460521089,-0.393902556682844,"female","white","yr1","Health","stats","Auditory",1.48549745643633,0.213668410679278,0.109047679961493,-0.41484994223258,-0.203234855455581,-0.467337734060901,0.0716679618281032,-0.23728362749101,-0.505591034263619,-0.34651641770713,-0.298379740792148,-0.305371683746611,-0.111978935136977
"257",-0.238860037993672,0.309356699739706,"female","Asian","yr1","Other","stats","Kinesthetic",0.216642403006599,-0.0837755449611201,0.965452074471151,0.583784565213885,-0.275626689516265,0.19814470695376,0.322212621173021,0.4324208004618,0.173933242328925,-0.34651641770713,0.178209452536894,0.24737688483236,0.435199213266117
"258",-1.3855051670194,-0.213797455106518,"female","Asian","yr3","STEM","math03","Auditory",1.71069153335699,0.228715570196442,0.0411964867492419,-1.14264195828185,-1.26352002723646,-1.24773256543298,-0.721309351213137,-1.31721522536196,-1.02163267200444,1.30676318392415,1.25196407103827,-1.15630035998277,-0.683516700308869
"259",0.378710820566087,-0.277102786999739,"female","other","yr1","STEM","math02","Kinesthetic",-0.343826857326109,0.301974297893983,-0.432642198963533,-0.126628380724034,0.403364481508155,0.290570869248224,-1.01570506194079,-0.162550302516352,-0.342232759654272,-0.593271478470076,-0.358667856713796,-0.0179354174008548,-0.365408256368113
"260",-1.26492631908085,-0.386552300903424,"male","white","yr1","STEM","stats","Kinesthetic",1.93588561027765,1.08917664972293,0.396061768277826,1.09735005347241,0.138862709922362,0.833127934460812,0.0756192591156121,0.837368338486794,0.488665502632228,0.556813195087382,-0.358667856713796,0.660983079650807,0.425073912141104
"261",1.54716907128541,1.47281160747155,"male","Black","yr2","Health","stats","Auditory",-2.77145585769418,-1.95599172212155,-1.73786536793921,-2.00585522002971,-2.04834379053515,1.26266585861308,-1.50438439590601,-2.21822664546747,-1.82697597315684,-0.0900765503962547,-0.358667856713796,-1.96476127754915,-0.533094631007334
"262",-1.67646008280708,-0.158961011105863,"male","Black","yr3","STEM","other","Visual",0.441836479927259,0.764439075471703,0.502904085270387,0.468937370260993,0.306127499360907,0.102043451040174,0.0999162832684586,0.595644659033971,0.315118035717899,0.48012338310851,1.25196407103827,0.421801366385236,0.202522327157666
"263",1.46484345971501,-0.269752531220319,"female","Black","yr1","STEM","stats","Kinesthetic",1.26030337951567,0.404875139749069,0.176098457884784,0.547920615573156,1.09095126265959,-0.0350144699688468,0.1335141472235,-0.515796594256172,1.39439723145276,1.30676318392415,0.733376614916784,0.482281882484082,0.0803181090376582
"264",-0.257986656177749,-0.440717741798694,"male","other","yr2","Business","stats","Kinesthetic",-0.118632780405448,0.592448310839677,-0.579675257290705,-0.550271187931181,-0.478696263937778,-0.410933090750962,0.0617656934797333,-0.301863667288205,-0.21628937085204,-0.34651641770713,0.178209452536894,-0.403201632382171,-0.275450362627443
"265",-0.504963490888943,-0.50335207058653,"female","white","yr1","Other","math01","Auditory",3.20474066370737,0.49242494851715,1.8202583414377,1.15477365094886,1.09095126265959,1.26266585861308,1.02027659295221,1.38581903495456,1.39439723145276,1.30676318392415,0.602512392335403,1.17673795270954,1.27984391547067
"266",-0.441764497502623,0.303252302384381,"female","other","yr2","Business","stats","Auditory",-0.942131543931742,-0.75502542958491,0.779779667403524,0.437991351426715,-0.187696758350937,0.311323627391816,0.293254257271931,-0.241985029964823,-0.21628937085204,1.30676318392415,1.25196407103827,0.000538042090293903,0.416638669102639
"267",-2.2277936067817,-0.50335207058653,"male","white","yr5+","STEM","other","Auditory",3.20474066370737,0.0814180725751378,0.297400603050666,0.583784565213885,1.09095126265959,0.42586638393106,0.844840738172604,0.258888725057761,0.00302203499388112,-0.099761356944184,0.0656350830847125,0.536744169880448,0.524083459396896
"268",-2.2277936067817,-0.50335207058653,"male","white","yr2","STEM","math03","Kinesthetic",-0.343826857326109,0.64729034957555,1.23019656941266,1.2541529837867,0.765258897823498,0.996742248104245,1.28582395506665,0.771985835036333,0.977788119425625,-0.34651641770713,-0.358667856713796,0.912844121253526,1.12432438489038
"269",-1.10027509594005,-0.50335207058653,"female","Asian","yr1","STEM","stats","Visual",1.93588561027765,-0.425981365774761,0.0685329588156561,-0.0291569949118467,0.0188626344267358,-0.40764539697678,0.467839371532858,0.0237815862028711,-0.143678799335466,-0.0900765503962547,-0.190625975900191,-0.0147191498742385,0.0371503088861344
"270",0.704880631523106,0.619392049384789,"female","white","yr2","Other","stats","Auditory",-2.09587362693219,0.592448310839677,-1.26402668222644,-1.5541785084691,-1.51123160068194,-0.908222863480335,-0.54570997588991,-2.16583983108021,-1.15515259610464,-0.336831611159201,-0.25091409182184,-1.59055932535946,-0.842932967807813
"271",-2.2277936067817,-0.50335207058653,"male","white","yr1","STEM","stats","Auditory",1.71069153335699,0.64729034957555,0.930727414093469,0.583784565213885,0.306127499360907,0.42586638393106,0.844840738172604,0.484807614849056,0.589053930300359,-0.34651641770713,-0.162694913650542,0.460621475149987,0.689594491131711
"272",0.214059597425291,0.458845998298531,"female","other","yr2","Business","math01","Visual",-1.38748783383518,-0.131642185612595,-0.118291638580786,-0.0136853601338951,-0.934528712517737,-0.920234538922975,-0.39507096670251,-0.148314788378027,-0.4335129848483,-0.0900765503962547,0.351071937910724,-0.336730878461309,-0.495075819509772
"273",-0.156534426423274,-0.159632014211248,"female","white","yr2","Business","math01","Visual",-1.49756894032656,-0.446898803849237,-1.28282277565277,-0.131546311530485,0.519337082030658,0.203062087037905,0.56154895539132,0.478885067436133,0.332335295591222,0.233368322345564,-0.298379740792148,0.258581800837811,-0.06689903976915
"274",-1.87632620111721,-0.50335207058653,"female","white","yr2","Other","math02","Visual",1.48549745643633,0.486264250212474,0.0236721666547879,-0.27942869653398,-0.275626689516265,0.00922988890076849,-0.0649359051743212,-0.527040849441369,0.459658689835145,0.48012338310851,-0.298379740792148,-0.245837423489341,-0.0132573194477511
"275",0.54022940838231,0.13503182076961,"female","white","yr2","Business","math02","Kinesthetic",-2.54122991683563,-0.611827565745478,-0.360993525991561,-0.389740943169762,-0.488412133634706,-0.420577434474647,-0.339153133761258,0.022212310679668,-0.529962129622567,0.300373327776507,0.233676963898318,-0.305773241491318,-0.361950226966469
"276",0.891696814046797,-0.268410525009548,"male","white","yr1","Business","math03","Visual",1.71069153335699,-0.378676278880843,-1.57837724260918,-0.0605557653311058,0.731553251814303,0.153512948239204,-0.758163372688443,-0.189598215577568,-0.296344456480302,-0.0133867384173824,-0.358667856713796,0.0864033306754514,-0.623297310122129
"277",1.03105044248012,-0.276431783894354,"male","white","yr1","STEM","math03","Kinesthetic",1.26030337951567,0.549805311539092,-1.41497442891638,-1.4482480861641,-0.796626513148078,-1.05529476203122,-0.908673327791096,-1.57373396823643,-0.973320807484372,-0.34651641770713,-0.0421186818072439,-1.1937509463699,-1.06143519466825
"278",-0.257986656177749,0.0585960104907377,"female","white","yr1","STEM","math02","Visual",-1.49756894032656,0.484268162095776,0.363656043119814,0.740768719718843,0.681322295460406,0.772204481291723,0.404924304805212,0.888210981582652,0.221625654431832,0.48012338310851,0.0935661453343622,0.671670493357744,0.510208179988874
"279",1.05634803718759,1.05130908174183,"female","white","yr2","STEM","math02","Kinesthetic",-2.87650510024768,0.389101771381083,-1.4423109009828,-0.869710295668321,-0.61840208681313,-0.238491011829668,-1.23502081645437,-1.32214672667102,-1.44430629270157,0.48012338310851,0.388249596142948,-0.952834280203893,-0.893392432685389
"280",1.46484345971501,-0.50335207058653,"female","other","yr2","STEM","math04","Kinesthetic",0.331755373435873,0.607570142521149,-0.52621104419767,0.490319054876684,0.830671095171862,0.71603862882904,0.718989880037225,0.781618738819199,0.0464130954801833,0.146993703818762,-0.0177634905263611,0.582799985674584,0.367611850647084
"281",-0.257986656177749,-0.175003528875473,"female","white","yr1","Other","math01","Kinesthetic",-2.20595473342358,0.97212083198694,1.35148890881652,0.709752420096659,0.403364481508155,0.123298563018163,0.304223309146952,1.05355724086556,1.39439723145276,-0.0900765503962547,-0.190625975900191,0.769610814802714,0.503279481247187
"282",-0.79323190316711,-0.50335207058653,"male","white","yr2","STEM","math02","Auditory",1.26030337951567,0.957393685548086,0.431722042014129,0.252976553538933,0.488671697754529,0.308139717227037,0.66842508878958,0.524339608170587,0.609951685698222,0.489808189656439,-0.130337859978542,0.41639557167258,0.455777713068945
"283",0.353413225858618,0.115125941923249,"female","white","yr3","STEM","other","Visual",1.37541634994494,-0.314505674031484,1.41669718699787,0.467381044549698,0.371168027728956,0.885874585184122,0.884631591994149,1.03775245120403,-0.281323407070648,1.30676318392415,-0.102406797728893,0.485782445171983,0.993462447990729
"284",-0.340312267748147,-0.50335207058653,"female","white","yr2","Other","math01","Auditory",1.71069153335699,-0.0132780070510418,0.930727414093469,0.406410845124525,0.306127499360907,0.246565301225866,0.177550558844148,0.484807614849056,0.46585521969142,0.233368322345564,-0.190625975900191,0.390256561028793,0.392676696120039
"285",0.891696814046797,-0.277102786999739,"female","white","yr3","STEM","math02","Visual",1.93085374633976,1.2142157191486,0.507541955709727,0.250960924081155,0.0557964716478874,0.638821653901825,-0.6902620229309,0.222544092464693,0.677393337634556,1.0600081231612,-0.190625975900191,0.23133534571477,0.117489518820733
"286",-0.79323190316711,0.154590871259679,"female","white","yr1","Other","math01","Kinesthetic",1.59557856292771,-0.477279654401152,0.918596326901839,0.00196698714245701,0.0111005188009427,-0.486799831336818,1.08414260593202,0.37397057066414,1.13978233422165,0.489808189656439,-0.298379740792148,0.2347897967564,0.446833378505568
"287",-0.0550821966687987,0.107775686143829,"female","white","yr3","Other","other","Kinesthetic",-2.87650510024768,-0.886917558735104,0.751396033449317,0.557303725601077,0.293749773792181,-0.0470261454114864,-0.153645464224094,-0.501758087651379,-0.669828952334355,0.736563250419385,-0.238091624870499,0.0419776466450851,0.125966758470149
"288",-0.609454061842237,-0.385881297798039,"female","Asian","yr3","Business","math03","Visual",-1.72276301724722,0.234215460435982,-0.671321995170503,0.386021791232387,-0.399116583368052,-0.768884293329269,-0.329224114867235,0.626741497768628,-0.060507631540658,-0.669961290448948,-0.162694913650542,0.17692428418582,-0.562957901304418
"289",-1.53406811317494,0.398799534145561,"female","white","yr1","STEM","math03","Visual",-1.94795709416788,0.874635793950482,0.0482583208492742,-0.218002484553187,-0.925449936831643,-0.577571535181435,-0.522783953865281,-0.882283523073164,-0.673509447858895,-0.602956285018005,-0.298379740792148,-0.620843882415686,-0.374840197157206
"290",-0.32118564956407,-0.227923111346647,"female","white","yr1","Health","stats","Kinesthetic",1.26030337951567,-0.2570317001474,-1.27890808729,-1.27806320398045,-0.654848960588888,-0.919361886276129,-0.894819762155217,-0.644378670458542,-0.953146784122849,-0.34651641770713,-0.298379740792148,-0.855114919546901,-0.972879016093378
"291",-1.28405293726492,0.00634743112494903,"male","other","yr1","STEM","math02","Visual",0.216642403006599,-0.2570317001474,0.0411964867492419,-0.27942869653398,-0.478696263937778,-0.410933090750962,0.0617656934797333,-0.416203805256453,-0.21628937085204,-0.34651641770713,0.178209452536894,-0.347839442416392,-0.113194287029057
"292",-2.04401576545683,-0.400006954038169,"male","white","yr1","STEM","math03","Visual",0.699834119182957,-0.2570317001474,-0.390424321833561,0.129639472610516,-0.219474068360782,-0.170071193804426,-0.28550773567688,-0.214937116903607,0.153051432559432,0.48012338310851,-0.25091409182184,-0.0550980680731788,-0.262140750041717
"293",-0.85643089655343,0.164976620681726,"female","other","yr5+","Health","math02","Kinesthetic",1.93588561027765,0.865141421349474,1.8202583414377,0.689178369350952,0.891909163211203,0.885874585184122,1.1799413580506,0.341882685825614,1.04627400730721,-0.0900765503962547,-0.17780350894885,0.661478764349979,1.20222058373144
"294",1.05634803718759,0.0524916131354133,"female","white","yr4","Other","other","Auditory",0.925028196103618,-0.863768506258771,1.65685552774489,1.08032586564607,-0.104837935550672,0.935167832103073,-0.286311979596771,1.12829056584021,-0.169728848644348,1.30676318392415,0.145457785727019,0.592688107805726,0.664114252328039
"295",0.169635384533745,-0.165288782558811,"female","white","yr2","Other","math01","Auditory",1.82077263984837,0.493844935319368,0.471770133444252,0.493861884162506,0.382546808394715,-0.291324345129888,0.365078055965733,-0.416203805256453,0.416054931115654,0.166363316914621,0.0704556876449374,0.193782589355069,0.147791302836952
"296",-0.672653055228557,-0.440717741798694,"female","white","yr2","Health","stats","Visual",1.035109302595,-0.0319746052299115,0.797303987497978,0.802476272226094,0.621142199331799,0.521967639844647,0.744139742514345,0.752696631727482,0.63274602301066,-0.593271478470076,-0.358667856713796,0.687476136145713,0.653545006521891
"297",1.19570166562092,0.609677303068127,"female","Asian","yr1","Business","math03","Kinesthetic",1.37541634994494,-0.123879517273653,0.192144233439187,0.803465130286743,-0.478696263937778,0.123298563018163,-0.0389353021785259,0.0237815862028711,-0.21628937085204,-0.34651641770713,0.178209452536894,0.110669940974484,0.0802714639703944
"298",1.54716907128541,0.741273732096747,"female","white","yr2","STEM","math02","Kinesthetic",-3.10169917716834,0.389897549659868,-0.614330115818005,-0.988662291295315,-0.660894211422869,-0.411853452806188,0.415050535953753,-1.44003823237021,0.178961852038417,-0.34651641770713,0.855592193489415,-0.844029935265044,-0.161261365238647
"299",-0.647355460521089,0.123147200808055,"male","white","yr2","Business","math02","Auditory",-1.8378759876765,-0.0171193553319694,0.930727414093469,0.673707246265265,0.417239667643968,0.718585177921567,0.844840738172604,0.595644659033971,0.758476713579704,0.48012338310851,0.519113818724329,0.566893268044227,0.793284208369831
"300",0.974022425617195,-0.268633899107172,"female","white","yr3","Other","other","Kinesthetic",-0.228713886896835,-1.0364612751762,0.534659476405937,-0.718999151074699,-0.207951894010534,0.167292960660468,0.304358185218296,0.313167841320508,-0.416342494151963,0.736563250419385,-0.190625975900191,-0.246830423106919,0.305443930013502
"301",0.704880631523106,-0.277102786999739,"male","white","yr3","Other","math02","Auditory",-1.72276301724722,-0.706029073126206,1.34179396544761,1.44699782696175,1.09095126265959,1.26266585861308,1.62791578286547,1.38581903495456,1.39439723145276,-0.0900765503962547,-0.298379740792148,1.26908239271637,1.36734335129488
"302",-1.86023792413196,-0.50335207058653,"female","white","yr1","Other","math01","Kinesthetic",2.30396435602473,-0.316706452159468,1.68419199981131,1.05274471287759,0.394057430526235,1.17946603182147,0.0750399566228466,1.1665166857612,0.620148534947102,-0.34651641770713,-0.358667856713796,0.815484296286557,0.884189228748051
"303",-0.32118564956407,-0.0889764265386067,"male","white","yr2","Business","math03","Visual",0.441836479927259,0.764439075471703,0.325891639845905,-0.842495363944074,-0.107249974344005,-0.262736146946147,-0.0727492091415434,-1.071747538743,-0.277198723435664,-0.0900765503962547,-0.298379740792148,-0.609621476619904,-0.033347922374364
"304",1.19874000681974,0.0678631277996388,"female","Black","yr1","Health","stats","Visual",-1.27740672734379,-0.787114301645402,0.779779667403524,-0.620793673151072,1.09095126265959,-0.84514960414012,0.278251554502407,-0.416203805256453,1.39439723145276,-0.0133867384173824,0.393716982320806,0.139288863634958,0.00173376938126291
"305",1.54716907128541,0.0897866688269497,"female","white","yr2","Business","math03","Kinesthetic",-0.827018573502468,-0.360408045058265,-1.44103912765092,-1.1879592987384,-0.78492502254303,-0.382375500943109,-1.07030932606953,-1.29691629581323,-0.141606953114175,-0.926401157759824,-0.17780350894885,-0.938648953855389,-0.886415644943694
"306",1.13867364875799,0.402987069971405,"female","other","yr2","Other","math01","Visual",-1.38748783383518,-0.627469629519067,0.759108201571811,0.1636878482632,-0.213183995230291,-0.130225972203095,0.343002978338749,-0.1363288255547,-0.0889819222364863,0.48012338310851,-0.358667856713796,-0.0500449118349678,0.272227502392367
"307",0.112607367670815,-0.227923111346647,"female","white","yr3","Other","other","Auditory",-1.49756894032656,0.209113088389811,-0.848334440594985,-0.809103056316744,-0.721319129847985,-0.475691416916912,-0.45096015517148,-0.200701602765283,-0.520808836278092,-0.34651641770713,-0.190625975900191,-0.556676742541847,-0.547940652105701
"308",1.46484345971501,-0.0556158945575017,"female","white","yr2","Business","math03","Kinesthetic",-1.49756894032656,0.619869330207614,-0.646735840976017,0.333516124562392,0.231970788484466,-0.0871101578600749,-0.248238773055858,0.379399617119162,-0.579630397012056,-0.0900765503962547,-0.190625975900191,0.198618117216102,-0.286700985062051
"309",1.19570166562092,1.41017727868371,"female","Black","yr4","Other","other","Kinesthetic",-2.20595473342358,-0.323381343023577,0.882719476195342,0.852351164941732,0.845705681830429,0.42586638393106,0.41482677703255,0.624923443274175,1.39439723145276,0.233368322345564,-0.298379740792148,0.816304359485333,0.526638492834512
"310",1.34426461177646,0.632846702519533,"female","Asian","yr4","Other","stats","Visual",-0.601824496581807,0.268510449415152,-0.561320352278653,-0.150659670573151,-0.780128612093311,-0.68521038411581,-0.135798948061565,-1.20637818117705,-0.569120700798158,-0.0900765503962547,-0.130337859978542,-0.635347455969472,-0.436914693911321
"311",1.13867364875799,0.486102132924312,"female","white","yr2","Business","math02","Visual",2.75435250986605,-0.807785212221047,1.8202583414377,1.10135266797676,0.907036450382689,1.26266585861308,0.608500563542885,1.11412987137395,1.08366529054206,-0.593271478470076,-0.358667856713796,1.00414469772238,1.13581335808931
"312",0.704880631523106,0.227163320461801,"female","white","yr3","STEM","math02","Kinesthetic",-1.72276301724722,0.494963272803219,0.930727414093469,0.0662164624510126,0.0533646252024609,0.329765128017474,0.580523884007408,0.4324208004618,0.418054388974504,-0.0230715449653116,-0.130337859978542,0.197672243137252,0.56310011075216
"313",-0.625542338827496,0.0390369600006687,"female","Black","yr3","Other","other","Visual",1.26030337951567,-0.2570317001474,-0.127275580035158,-0.27942869653398,-0.478696263937778,-0.410933090750962,-0.0160092801538977,-0.416203805256453,-0.21628937085204,0.233368322345564,-0.238091624870499,-0.347839442416392,-0.184426129095873
"314",-0.340312267748147,0.240617973596545,"female","Asian","yr5+","STEM","math02","Kinesthetic",-1.05221265042313,-0.2570317001474,0.0411964867492419,0.0282666025645997,-0.0717241578284343,-0.178663667507694,0.149524306277335,-0.416203805256453,0.151014540774109,-0.0900765503962547,0.173388847976669,-0.102181477912942,-0.000221428678799332
"315",0.622555019952708,0.536053612334258,"female","white","yr4","Other","other","Kinesthetic",-3.21178028365972,-0.2570317001474,1.8202583414377,1.44699782696175,0.630449250313719,0.42586638393106,-1.08731281762661,0.378780443606209,0.130445577969633,1.30676318392415,-0.190625975900191,0.736363282947077,0.246234353951987
"316",1.54716907128541,1.07821838801132,"female","white","yr1","Business","math02","Kinesthetic",-2.20595473342358,0.427042395321798,-0.998334393764279,-2.00585522002971,-1.64500489646645,-1.18199780301079,-0.551770962238653,-2.21822664546747,-0.620241361991778,-0.926401157759824,0.747838428597458,-1.7197514920217,-0.872597279289759
"317",-0.219733419809595,-0.50335207058653,"female","white","yr1","Other","math02","Kinesthetic",0.106561296515212,-0.2570317001474,0.620398944914527,-1.09432013030686,0.178517430023078,-1.16844312383509,-0.532821098284995,-0.781990316792638,-0.115665322419302,0.233368322345564,-0.25091409182184,-0.519580137637987,-0.438134413131291
"318",0.622555019952708,-0.159632014211248,"female","Asian","yr1","STEM","math03","Kinesthetic",0.441836479927259,1.14197449496455,0.0520558006089948,-0.0590027005904507,0.382546808394715,0.132022544686621,0.646315340824748,0.645800602242239,-0.321350949884779,-0.34651641770713,-0.298379740792148,0.214136947029752,0.286437822365489
"319",0.771117966108244,-0.0903184327493771,"female","white","yr1","STEM","math02","Kinesthetic",-1.49756894032656,0.39156056261596,-0.13349702345557,0.119289596771653,0.195015331077846,0.0422161067181991,0.0787405405645319,-0.0599514053847799,-0.797365044811467,-0.0230715449653116,1.25196407103827,-0.0201201190252961,0.00760841587852891
"320",-1.63552034292941,0.688130775527949,"female","other","yr2","Health","math02","Visual",-1.38748783383518,-0.057853299435764,0.813232554449329,0.0488368806474029,-0.486663113890156,-0.216626810191975,0.366118088946731,-0.571767746194615,-0.261009073838376,-0.593271478470076,0.65961925042616,-0.29249454919025,0.263851565481724
"321",0.669665736353769,0.301558814952525,"male","white","yr1","Other","math03","Visual",-1.16229375691451,-0.377453917058151,-1.14780359591417,-0.282974786790441,-0.324540985809861,-0.530541836372036,-0.413031430377328,-1.12052278887866,-0.865850932693057,-0.593271478470076,0.178209452536894,-0.570557913330554,-0.632365678970421
"322",0.492766854291946,1.08770976023036,"female","Black","yr2","STEM","math02","Kinesthetic",-2.54122991683563,-1.95599172212155,0.882719476195342,0.731130843741711,1.09095126265959,1.26266585861308,1.62791578286547,0.245206336106964,1.39439723145276,-0.432891036233932,0.159919599407694,0.741346480067231,1.24737070678585
"323",-0.302059031379992,0.0316867042212486,"female","white","yr1","Other","math01","Auditory",0.777111663339306,-0.2570317001474,1.8202583414377,1.14266739392897,0.757741604494214,0.564449592388078,-0.00383064888868598,0.719599020649077,-0.188326113959362,1.0600081231612,0.0851696698053703,0.7263273905233,0.674303831789482
"324",-2.2277936067817,-0.50335207058653,"male","white","yr3","Business","stats","Kinesthetic",0.925028196103618,1.44192832182675,1.10234662661513,0.608075103339752,0.431178875569503,0.40422387210813,0.1695737343333,0.549199072195648,0.84989724864448,-0.602956285018005,0.00534696716306367,0.548119101358724,0.490584195267284
"325",-0.238860037993672,-0.385881297798039,"male","white","yr2","Business","math03","Kinesthetic",-1.49756894032656,-0.517378289882985,-0.541696048334732,-0.139468729855364,-0.162454343768092,0.165143154489342,0.425824677258821,-0.300435259762484,-0.240371853558811,-0.660276483901019,0.303606288940416,-0.193632602581451,0.0658784788133799
"326",0.974022425617195,-0.268410525009548,"female","white","yr3","Other","other","Visual",-0.453907963817496,-0.733291027080094,0.159738508281175,0.201637708149613,0.628659492661083,0.746505406657169,0.660413593940884,-0.688902695076949,0.962059283608001,0.736563250419385,0.406539449272148,0.156739394647308,0.537178586581474
"327",0.622555019952708,0.342717231720811,"female","white","yr1","Other","math02","Kinesthetic",-0.827018573502468,-0.61536597902426,0.373899577744032,-0.131185932983117,-0.289692744125606,0.0154209232365303,-0.893752978628566,-0.0740597689188388,0.555238862970872,0.48012338310851,-0.130337859978542,-0.0717975144414007,-0.209439980873223
"328",0.761908648386035,-0.063637153442307,"female","white","yr2","STEM","math02","Visual",0.216642403006599,-0.435128814489419,-0.52659569190097,-1.06482604594262,0.45905555729003,-0.997883123830849,-0.419723534426919,0.0260261747750754,0.589053930300359,-0.413521423138073,-0.358667856713796,-0.141888726991954,-0.637908715962102
"329",-0.748807690275564,-0.282536181249678,"female","white","yr2","STEM","stats","Auditory",-1.05221265042313,-0.893991904512345,1.8202583414377,1.44699782696175,0.771909087715576,1.26266585861308,1.34146825217639,1.38581903495456,0.657539818181949,0.48012338310851,0.715086761787584,1.10056932273662,1.39218997352234
"330",-0.998822866185576,-0.124577994798286,"female","white","yr1","STEM","math02","Kinesthetic",1.93085374633976,1.20832413784073,0.100938683973668,-0.305013051123751,-0.214872324270906,-0.435994804313264,-1.05136324580469,0.0994723064852005,-0.212837519189058,-0.849711345780952,-0.358667856713796,-0.150652411823673,-0.49580810273375
"331",-0.257986656177749,-0.065554014971788,"female","white","yr3","Other","other","Kinesthetic",1.26030337951567,-0.2570317001474,1.66931059474775,0.583784565213885,0.306127499360907,0.42586638393106,0.0617656934797333,0.595644659033971,0.589053930300359,-0.34651641770713,0.178209452536894,0.489920961946525,0.608709680685346
"332",1.54716907128541,0.542632064356823,"male","white","yr1","Business","math02","Kinesthetic",-1.27740672734379,-1.19715123262396,0.226425331002581,-0.336852294010426,-0.648389639170337,-0.383265254622448,-0.118770595721023,-0.856189196715777,-0.182474303522553,-1.17315621852277,0.0473452299555127,-0.522459653190205,-0.118134349221896
"333",0.112607367670815,0.343963090144906,"female","white","yr1","Other","math01","Kinesthetic",0.441836479927259,-0.474961007079387,0.0189292677744257,-0.27942869653398,-0.478696263937778,-0.410933090750962,0.106766793131346,-0.54709044052436,-0.117988735033569,-0.916716351211895,-0.358667856713796,-0.371017923563691,-0.103273076599429
"334",0.0272434149015993,-0.290557440134483,"female","other","yr2","Business","math02","Visual",-0.00351980997617451,-0.412056869321833,0.175784283835579,0.679702886285418,1.09095126265959,1.00016494911628,-0.22744841589013,0.887524281695062,-0.0219844584105959,-0.34651641770713,-0.022584095086586,0.73032769242644,0.320670313250097
"335",-0.422637879318545,-0.50335207058653,"female","white","yr1","Other","math01","Auditory",1.6006104268656,0.592448310839677,0.930727414093469,1.44699782696175,1.09095126265959,1.26266585861308,1.55014080923184,1.38581903495456,1.39439723145276,-0.0133867384173824,0.715086761787584,1.26908239271637,1.2327128614301
"336",0.214059597425291,-0.50335207058653,"female","white","yr1","Business","math02","Visual",-0.118632780405448,-0.863944286826898,-0.696222323414194,-0.27942869653398,-0.478696263937778,-0.410933090750962,0.0617656934797333,-0.416203805256453,-0.21628937085204,-0.34651641770713,0.178209452536894,-0.347839442416392,-0.305908294967308
"337",0.787206243093504,0.740602728991362,"female","white","yr3","Business","other","Auditory",-0.601824496581807,-0.979221925691977,1.55044459340459,1.28509574165034,1.09095126265959,0.950854601164835,1.26454401906144,1.33343222056731,1.39439723145276,0.736563250419385,-0.130337859978542,1.20407212780476,1.18431864653052
"338",-1.94256353570235,-0.50335207058653,"male","white","yr1","STEM","math04","Visual",2.52915843294539,1.17978478098894,-0.0640500771002156,0.695710627539038,0.415551338603353,1.03126908801666,-0.293459699404266,0.918743308291191,-0.978764460062305,-0.849711345780952,-0.358667856713796,0.456976613213056,0.245921644813206
"339",-0.406549602333286,-0.386552300903424,"female","Asian","yr1","Business","math03","Kinesthetic",3.31482177019876,0.408614914139736,-0.25276222706407,-0.195977011029706,-0.303796205557246,-1.1018468791461,-0.542968257992591,-1.12176261395378,-0.670057596195914,-0.34651641770713,-0.022584095086586,-0.51525521656669,-0.646281661562719
"340",1.13867364875799,0.438615944703077,"female","white","yr2","Business","math03","Auditory",1.26030337951567,-0.2570317001474,-1.73786536793921,-0.802547691944125,-1.93237119001264,-1.96998928357576,-0.994425125935575,-1.61570409532357,0.00406559089828626,-0.0230715449653116,0.0377040208350628,-1.18235977955528,-1.49982440557084
"341",0.54022940838231,-0.0680480633657748,"female","white","yr2","Business","math04","Visual",-1.38748783383518,0.64729034957555,-0.494633529557247,0.539363709780366,0.40752379794704,0.749454025247353,-0.911742086775666,0.584109775025712,-0.332460013892638,-0.669961290448948,-0.190625975900191,0.392115617667118,-0.182694679260353
"342",1.54716907128541,0.670969625645192,"male","white","yr1","Other","math01","Auditory",1.6006104268656,-0.455142020269745,0.438860177579877,-0.357777966070497,-0.588246949864029,-0.19052739894692,0.677387733769416,-0.232723093014679,0.147422379240379,-0.0230715449653116,0.434470511521797,-0.310303834521206,0.284135359670969
"343",0.378710820566087,-0.0697415507976314,"female","white","yr5+","Health","stats","Kinesthetic",-2.20595473342358,1.12013360158933,-1.25548630358635,0.216193514933196,-0.0155373905020632,0.42586638393106,0.0456960033045895,-0.264965909507609,-0.0157879285543213,-0.34651641770713,0.82284052667954,-0.00759634221320351,-0.161265585296197
"344",1.11337605405052,0.342046228615425,"female","white","yr2","Business","math03","Kinesthetic",0.441836479927259,-0.626658540328978,-1.73786536793921,-1.28998823680967,-1.08097582884284,-0.901394468072321,-0.899785320505027,-1.38540682941075,-0.967619365802879,0.48012338310851,0.570155338663403,-1.16718027459556,-1.08819328241644
"345",1.54716907128541,0.714268278040584,"male","white","yr2","STEM","math02","Auditory",-2.87650510024768,1.39445260924997,1.53831350621296,0.588886981181641,0.776769519955018,0.615642019256573,-0.662352590429959,1.21890350014846,1.1771736174565,-0.849711345780952,-0.298379740792148,0.846914533939517,0.388418341813708
"346",-0.748807690275564,-0.50335207058653,"male","white","yr1","Business","math02","Auditory",2.86443361635744,0.64729034957555,0.796980007686752,0.583784565213885,0.635118814079633,0.90243400689273,0.973404465854051,0.884392154744452,1.13356985873701,-0.669961290448948,0.225675101507201,0.715001710941116,0.868424818274517
"347",-0.998822866185576,-0.386552300903424,"female","white","yr2","Other","other","Visual",1.48549745643633,-1.16135374987035,1.52702280970095,1.22675305520889,0.960811178915727,1.03405442795644,0.329128484143815,1.33343222056731,1.39439723145276,1.30676318392415,1.25196407103827,1.15181937223462,0.880480955009121
"348",-0.606415720643418,-0.282536181249678,"male","white","yr1","Business","math02","Visual",2.15604782326042,0.456018392479791,0.525171304245203,0.137025784459727,0.169528094198492,0.25515427565647,-0.0186698311145842,0.624619097057897,0.941901205874847,1.0600081231612,0.915880309411064,0.361903069067946,0.221099048283231
"349",-0.992651889662185,-0.50335207058653,"male","white","yr1","Business","math02","Visual",2.30396435602473,1.31296053647514,1.40688503502591,1.44699782696175,1.09095126265959,1.26266585861308,1.15309001453613,1.38581903495456,1.39439723145276,-0.0133867384173824,-0.358667856713796,1.26908239271637,1.21826996020904
"350",-0.0550821966687987,0.0451413573559931,"female","white","yr2","Other","math02","Auditory",-1.49756894032656,-1.23494877353235,-0.50697138795705,-0.579220408586748,0.278084830003732,0.147041344300244,-0.526755975832877,-0.358744621562662,-0.579630397012056,0.233368322345564,-0.358667856713796,-0.272955685199379,-0.26465151292248
"351",-0.571200825474082,-0.440717741798694,"male","white","yr1","STEM","math02","Kinesthetic",1.71069153335699,-0.4555717730472,0.930727414093469,1.31157658126315,0.746230982362694,1.00041734172337,1.44737949366472,1.17020836199514,1.30448106607205,0.233368322345564,-0.238091624870499,1.06927193014999,1.10387288646553
"352",-0.131236831715806,0.317377958624511,"female","white","yr1","STEM","math02","Kinesthetic",-1.49756894032656,-1.17204886057779,0.221799640725272,-0.315289385204069,-0.265677549741555,0.0836019504145154,-0.304237772933741,-0.0286052281843845,0.435359982838638,-0.602956285018005,-0.298379740792148,-0.125647346319985,-0.0188374367254047
"353",1.54716907128541,0.169962385923904,"female","white","yr2","STEM","math03","Visual",-0.00351980997617451,-1.0763075088153,-1.73786536793921,-1.39719435396414,-1.49927276179496,-2.08453204011501,-1.32689404320414,-1.99230775567618,-1.60270834596387,-0.669961290448948,-0.190625975900191,-1.54397056404282,-1.65668946700116
"354",-0.340312267748147,0.516046932836428,"male","white","yr3","Business","math03","Kinesthetic",0.216642403006599,-0.2570317001474,0.0411964867492419,-0.27942869653398,-0.478696263937778,-0.410933090750962,0.0617656934797333,-0.416203805256453,-0.21628937085204,-0.34651641770713,0.178209452536894,-0.347839442416392,-0.113194287029057
"355",0.353413225858618,0.342046228615425,"female","white","yr1","Business","math03","Visual",-0.118632780405448,0.231939307227614,-0.818679033308901,0.286461234203876,0.138862709922362,-0.0377998099086305,-0.381027129977353,-0.586359937481426,-0.102111932401299,-0.593271478470076,-0.358667856713796,-0.0402606264530242,-0.36061528205158
"356",1.38251784814461,-0.0716584123271124,"female","white","yr5+","Business","math03","Kinesthetic",-1.16229375691451,-0.0642047652615844,-0.514584187712403,-0.0753929126411461,-0.441453582630395,-0.120096375677506,-0.615561630268436,-0.472282295877643,-0.29804557876919,-1.17315621852277,-0.298379740792148,-0.298008774918446,-0.392331491659435
"357",-1.79400058954682,-0.385881297798039,"female","white","yr1","Business","math02","Kinesthetic",2.63923953943678,0.200119550203937,0.497079469715305,1.44699782696175,1.09095126265959,1.26266585861308,1.47236583559821,1.38581903495456,1.39439723145276,1.30676318392415,0.262852759739425,1.26908239271637,1.09218104291121
"358",1.54716907128541,0.646301355654278,"female","other","yr3","STEM","math02","Visual",-2.20595473342358,-1.06713019050484,-0.816252695248199,-1.01723779838681,-0.187147370071066,-0.494520317387511,0.101835905119383,-1.10890779288806,-1.30127000826839,-0.34651641770713,-0.17780350894885,-0.81440689948096,-0.352869912313704
"359",-1.08114847775597,-0.276431783894354,"female","white","yr5+","Health","stats","Kinesthetic",1.82077263984837,-0.0789485967841465,-0.956017148267166,0.321591091733167,-0.749463227817181,-0.366688731881346,-0.0747492906728325,-1.12349998417487,-1.10501585799158,-0.336831611159201,-0.358667856713796,-0.518499769099193,-0.405879397093315
"360",1.46484345971501,0.0611838751256039,"male","white","yr3","STEM","math03","Kinesthetic",1.15022227302428,1.40360005796463,-0.661833823009769,0.221115218402551,0.250334994967011,-0.0175652945809003,-0.336249789246943,-0.179030405226881,-1.01741965437864,-0.157081555827198,-0.298379740792148,-0.0306134508508354,-0.296796161843461
"361",-0.647355460521089,0.85976698921171,"male","Black","yr1","Other","math02","Auditory",-2.54626178077352,-0.2570317001474,0.741583881477357,1.44699782696175,1.09095126265959,1.26266585861308,1.33968729008563,0.837368338486794,1.39439723145276,-0.34651641770713,0.178209452536894,1.12410086548528,1.10967067052123
"362",-0.340312267748147,-0.440717741798694,"female","Black","yr2","Health","math02","Kinesthetic",-1.87067955001153,1.0878798689452,0.0411964867492419,-1.71116266297406,-0.478696263937778,-0.410933090750962,0.0617656934797333,-1.53091076019727,-0.21628937085204,-0.593271478470076,0.178209452536894,-1.09494512566583,-0.113194287029057
"363",0.704880631523106,0.632846702519533,"female","white","yr1","Health","stats","Kinesthetic",-1.49756894032656,-0.98809759468407,-1.28155100232089,-0.31747968669101,-0.279654164489389,0.0454000168829775,-0.992399476364557,-0.859989343417969,-0.97344517172675,0.489808189656439,-0.358667856713796,-0.513427566666389,-0.665953620190281
"364",-0.815045024860703,-0.220572855567227,"male","white","yr1","Other","math02","Kinesthetic",0.106561296515212,-0.931990165393943,-1.02502290620824,-1.30036020489824,-0.448103772522473,-0.652445950529579,-1.02138270104911,-0.897581094383575,-0.494349949069483,-0.34651641770713,-0.358667856713796,-0.82206743302326,-0.856249170524657
"365",-1.34108095412785,-0.173757670451378,"female","Black","yr3","Health","stats","Visual",-1.2723748634059,-0.2570317001474,0.0411964867492419,-1.14264195828185,0.306127499360907,-1.24773256543298,-0.136759703868123,-1.31721522536196,-0.21628937085204,0.233368322345564,0.178209452536894,-0.654867695814788,-0.479053580770435
"366",-0.274074933163009,0.123147200808055,"male","white","yr3","Business","math01","Auditory",2.30396435602473,-0.2570317001474,0.0411964867492419,-0.426956199252471,-0.478696263937778,-0.410933090750962,-0.0308484623797959,-0.416203805256453,-0.345684611317254,0.48012338310851,1.07910158566444,-0.409492732465308,-0.145588762513672
"367",0.704880631523106,0.0611838751256039,"female","white","yr3","Other","math02","Visual",-0.343826857326109,0.22293933985188,1.8202583414377,0.583784565213885,-0.500279611876403,0.42586638393106,-0.605524485848722,0.484807614849056,0.444424942192302,-0.602956285018005,-0.358667856713796,0.234277532261949,0.414753735872654
"368",1.54716907128541,0.701585428662694,"female","white","yr2","Health","stats","Visual",-0.118632780405448,-0.0614810517625245,-1.16416354551778,-0.46691513643516,1.09095126265959,-0.648372286685462,-0.983565885469467,-0.948352726411216,-0.903981893592612,-0.0900765503962547,-0.190625975900191,-0.21979414256949,-0.877941078232702
"369",-0.238860037993672,-0.283207184355063,"female","white","yr3","Health","stats","Auditory",1.48549745643633,0.619869330207614,-0.338942883986939,0.583784565213885,0.382546808394715,0.389457465101595,-0.118799240193305,0.150174081583576,-0.922563213279256,-0.593271478470076,-0.298379740792148,0.216391779582963,0.00782602819331268
"370",1.38251784814461,0.756421872663348,"female","Black","yr1","Other","math02","Auditory",-2.6563428872649,1.22974354313223,-0.781647617873579,-0.992664905799662,-1.10665393419572,-0.410933090750962,-1.06159157244892,-0.416203805256453,-0.368086736399185,-1.17315621852277,0.803305939958882,-0.754033737883233,-0.721159634718994
"371",0.60342840176863,-0.0562868976628869,"female","white","yr2","Other","other","Kinesthetic",-1.61268191075584,0.500543398795936,-0.803797628245343,-0.982292937711092,-0.0320694377277183,-0.546228605433798,-0.499857931840653,-0.760578712773056,-1.51279218058316,-1.17315621852277,-0.102406797728893,-0.69556384755327,-0.578391367187609
"372",0.334286607674541,-0.261283643327752,"male","white","yr3","Business","math02","Kinesthetic",-0.56902093424677,-0.141249518845204,1.68651093503098,0.908507824801711,0.657307101076355,1.08336477590789,1.13611516745133,1.06554320368888,1.39439723145276,-0.0900765503962547,-0.358667856713796,0.901572588696426,1.22189501823726
"373",-0.748807690275564,-0.386552300903424,"male","white","yr2","STEM","math03","Visual",1.48549745643633,-0.99489457758496,0.0411964867492419,-0.27942869653398,0.137750784188647,-0.556344694615993,0.452755501826702,-0.416203805256453,0.365617840819454,-0.099761356944184,0.238497568458543,-0.120050333810162,-0.0279434327765898
"374",1.30019223657421,0.434177728307617,"female","white","yr2","Other","stats","Visual",-1.2723748634059,-0.948862852691377,-0.197483309457728,0.262993639342501,0.441128015344214,0.293595000035265,0.00502576449208759,0.583658696210644,0.788439428331231,-0.0900765503962547,-0.298379740792148,0.443625528632221,0.054148523505161
"375",-0.074208814852876,0.00510157270085329,"female","white","yr3","STEM","math04","Kinesthetic",1.26030337951567,0.60948006355116,-0.954745374935288,-0.290998847078202,-0.467185641806258,-0.491378185978674,-0.64054797220193,0.422004113161676,-1.0160930284918,-0.0900765503962547,1.19167595511663,-0.219851823538545,-0.647620184101459
"376",-0.340312267748147,0.516046932836428,"male","white","yr1","Business","math02","Visual",0.216642403006599,-0.494936578522755,0.0411964867492419,-0.27942869653398,-0.478696263937778,-0.410933090750962,0.0617656934797333,-0.416203805256453,-0.21628937085204,-0.34651641770713,0.178209452536894,-0.347839442416392,-0.113194287029057
"377",-0.137407808239197,0.00634743112494903,"female","white","yr5+","STEM","other","Kinesthetic",-3.10169917716834,0.64729034957555,0.257352511620543,-0.0760268884167926,-0.158719703115423,0.080418040249737,-0.0669406261862845,-0.424498091845846,-1.10135198813626,-0.660276483901019,0.281142612868625,-0.305442909961371,0.0723274985737647
"378",0.353413225858618,-0.331268227895008,"female","other","yr1","Other","math01","Auditory",1.48549745643633,0.466423915951431,-0.963729316389659,-0.839864589989717,-0.594346154520992,-1.28618689157161,-0.291540077553341,-0.550130199452411,-0.358830567110436,-0.34651641770713,-0.358667856713796,-0.606955459948522,-0.809437342588487
"379",-0.137407808239197,-0.0212328782499253,"female","white","yr3","STEM","math02","Visual",-1.2723748634059,1.5516123992985,0.673368733063221,-0.278509607568971,0.635309682553161,-0.201178831977469,0.894834146719679,0.699756692152698,0.718465116393943,0.736563250419385,0.715086761787584,0.345524756335142,0.417705971277837
"380",0.521102790198232,-0.0976686885287972,"female","Asian","yr1","Business","math03","Visual",-1.2723748634059,-0.628836174113024,-0.663105596341646,0.488592332041692,0.171000136693794,0.355567986261431,-1.04754773572376,0.426498253048877,-0.5354057822005,-0.849711345780952,-0.238091624870499,0.249368818877694,-0.413750595100084
"381",0.704880631523106,-0.0417136124149962,"female","white","yr1","Business","math03","Kinesthetic",-1.16229375691451,-0.285982573994884,-0.977012593910105,-0.792078868490402,-0.78063885942034,-0.626643092285622,-0.551770962238653,-1.37847455575794,-0.713521045044656,-1.17315621852277,0.309073675118275,-0.900442412744474,-0.670301944398441
"382",-0.340312267748147,0.516046932836428,"female","white","yr1","STEM","stats","Kinesthetic",-1.16229375691451,-0.2570317001474,0.0411964867492419,-0.27942869653398,-0.478696263937778,-0.410933090750962,0.0617656934797333,-0.416203805256453,-0.21628937085204,-0.34651641770713,0.715086761787584,-0.347839442416392,-0.113194287029057
"383",0.647852614660176,-0.386552300903424,"female","white","yr2","STEM","math04","Auditory",4.21056621394352,-0.717197336047283,1.08167516078341,0.61536455982381,-0.39581763348542,0.919511671417199,0.299151723077049,0.390450673374669,0.0303644357944937,0.223683515797634,-0.358667856713796,0.19835017284693,0.713035932106806
"384",0.378710820566087,-0.269752531220319,"female","white","yr1","Other","math02","Kinesthetic",0.441836479927259,1.28070680383101,0.482629447304005,0.210460384160433,0.147817899576061,0.616943850504301,0.338091836379918,0.644231326719036,-0.0236648160354357,-0.0900765503962547,-0.358667856713796,0.272467651431841,0.462925674970637
"385",-0.32118564956407,-0.214468458211903,"male","white","yr2","STEM","math02","Kinesthetic",0.106561296515212,0.522384292171156,-0.198961853997778,0.0574008200737369,-0.175319032782212,0.0767429466306143,-0.0827863535612572,-0.320964288146454,-0.20181678917201,0.736563250419385,0.00534696716306367,-0.135710835573336,-0.0537681549236579
"386",0.910471594541572,-0.385881297798039,"male","white","yr1","STEM","math03","Kinesthetic",0.106561296515212,1.30626207299858,0.505619848355388,0.53426455478325,0.868726926093469,1.26266585861308,0.416752220870072,1.17627177740554,-0.990750765590884,-0.34651641770713,-0.298379740792148,0.590398179467045,0.725181605125417
"387",-1.28405293726492,0.00634743112494903,"female","white","yr2","STEM","stats","Visual",-1.61268191075584,-0.2570317001474,0.0411964867492419,-0.27942869653398,-0.478696263937778,-0.410933090750962,0.0617656934797333,-0.416203805256453,-0.21628937085204,-0.34651641770713,0.523934423284554,-0.347839442416392,-0.113194287029057
"388",-0.422637879318545,-0.385881297798039,"male","white","yr2","Other","math04","Kinesthetic",0.925028196103618,0.514138166701803,1.22396294583021,1.0922508984753,0.679951681577124,1.11814400842739,0.113819421935674,0.938901369842439,0.486029243052943,-0.593271478470076,-0.190625975900191,0.826504255728282,0.755757005342569
"389",-0.219733419809595,-0.50335207058653,"male","Black","yr2","STEM","math03","Kinesthetic",-1.16229375691451,0.64729034957555,0.796980007686752,-0.101136399171876,0.418711710139271,0.144923973808599,0.245429086116007,0.261011125768492,-0.275621965389154,-0.34651641770713,-0.298379740792148,0.113814625948531,0.345461786289109
"390",1.19570166562092,0.0605128720202187,"female","other","yr1","STEM","stats","Visual",1.26030337951567,-0.169842317905252,-1.14041540760291,-0.479021393455051,-0.0895032329049761,-0.337346999307151,0.945596150221842,-0.140076641324683,0.0910770357732991,-0.0900765503962547,-0.190625975900191,-0.20107739030779,-0.0867802831720398
"391",-0.508001832087761,-0.0010028246544711,"female","white","yr2","Health","stats","Auditory",1.59557856292771,0.64729034957555,-0.223548008192265,0.0867905131967202,0.486141683348492,0.144923973808599,0.61250143386173,0.215556585034038,-0.558711153316089,-0.593271478470076,-0.358667856713796,0.145815328146014,0.207155333251414
"392",0.188762002717822,-0.50335207058653,"female","white","yr1","Other","math03","Kinesthetic",1.59557856292771,-0.0997442349083062,-1.57837724260918,-0.129096761766794,0.211614660744634,0.274485529961467,-0.760060172053683,0.614825391874566,0.0595216173468922,-0.0900765503962547,-0.190625975900191,0.183634588744183,-0.581108678126174
"393",-0.406549602333286,-0.165065408461187,"female","white","yr1","Health","stats","Auditory",-1.16229375691451,-0.887322350478936,0.928408478873799,-0.389176736489756,0.163068772779942,-0.490474924955941,-0.519628002078514,0.107091280025592,-1.03622961792685,1.30676318392415,-0.130337859978542,-0.172694580140717,-0.112869264745903
"394",0.48320139151938,0.479997735568987,"male",NA,"yr1","STEM","stats","Auditory",-1.05221265042313,-1.14495753230677,0.79973032555868,-0.0935876944110677,-0.00389992168673733,0.27491470856235,0.811877571728262,0.554252761366174,0.694931101416795,-1.17315621852277,-0.358667856713796,0.196668290198264,0.590358849401387
"395",0.435738837429016,0.35550088175017,"female","white","yr2","STEM","math03","Auditory",-0.343826857326109,-0.783818330377504,-0.967200441938144,0.187085674028935,-0.30366935887344,-0.231884400652854,-0.558652358750567,0.319461355566153,-0.865850932693057,-0.34651641770713,-0.0652291394966686,-0.0359367669374204,-0.530309355125641
"396",0.0272434149015993,-0.0501825003075625,"female","other","yr1","STEM","stats","Kinesthetic",-1.49756894032656,0.303000934108527,-1.43249874901084,-1.73501272863251,-1.67295812596212,-1.20805305386183,-0.745969634850773,-1.46625970933186,-0.797001977822963,0.166363316914621,-0.0780516064480099,-1.46318368521304,-1.06321615132512
"397",-0.403511261134468,-0.277102786999739,"female","white","yr1","Business","math02","Visual",-1.38748783383518,0.694375759505165,0.036127233657644,-0.503857306981856,-0.537404317571082,-0.235068310817633,-0.745220989827785,-0.588050841371613,1.00258191459691,-0.34651641770713,-0.358667856713796,-0.337827771431541,-0.334489416901714
"398",1.46484345971501,1.07821838801132,"female","Black","yr1","STEM","math02","Auditory",-2.09587362693219,0.0754311126866065,-0.937221054840834,-1.15966614610819,-0.904696285507925,-0.760929180698253,-1.04565675834512,-1.25452019414284,-1.02163267200444,-0.593271478470076,-0.0177634905263611,-1.0518685553623,-0.880221939207354
"399",-0.238860037993672,-0.152281758431828,"female","white","yr1","Business","math03","Visual",1.71069153335699,-0.213184624544799,-0.425254010652265,-0.27942869653398,-0.478696263937778,-0.151868484026025,0.0168190102191003,-0.590422580548083,-0.299460538646848,-0.34651641770713,0.178209452536894,-0.403556971870911,-0.159047546168782
"400",-1.98081677207051,-0.400006954038169,"male","white","yr2","Business","math03","Visual",1.26030337951567,-0.316706452159468,0.18392783461033,-0.307462600887443,0.130208072787579,0.885874585184122,-0.189492940550325,0.484807614849056,1.30710138002297,-0.34651641770713,-0.298379740792148,0.216697217390386,0.295589487240727
"401",-0.524090109073021,-0.0404677539909005,"male","white","yr1","Health","math02","Kinesthetic",-1.16229375691451,-0.197356948135332,-0.568708540589921,-0.689153445396095,-0.667544401314947,-0.371236478147314,-0.799084324846768,-0.1394422723693,-0.105704093935028,-0.602956285018005,0.0332780294127134,-0.440376249488932,-0.559629796242291
"402",0.704880631523106,-0.277102786999739,"female","white","yr2","STEM","math03","Kinesthetic",-2.20595473342358,0.0392453843630664,-0.707198845877,-0.844051689655368,-0.97615373369027,-0.485114764511083,-0.361193744929363,-0.258349368909676,-0.554664064746498,-0.669961290448948,0.0473452299555127,-0.653110507573109,-0.482996490762909
"403",-1.4678307785898,-0.50335207058653,"male","Asian","yr3","STEM","stats","Visual",-0.118632780405448,1.5516123992985,-0.53982067592935,0.553282279817663,0.32259998234389,0.488078161004483,0.210325343961403,1.17627177740554,-1.26447396194015,-0.849711345780952,-0.298379740792148,0.422697420311498,0.105384665915109
"404",-0.238860037993672,-0.103102082778736,"female","white","yr1","Health","stats","Kinesthetic",0.441836479927259,0.0738177643289632,-0.38430790685417,-0.0522729684588589,0.420729486000128,0.552437916945439,0.626489671689985,-0.202824003476014,0.0189830407296103,-0.602956285018005,-0.358667856713796,0.0413951193297168,0.314389369621322
"405",-1.05585088304851,-0.144483873644647,"female","white","yr1","Other","math01","Kinesthetic",-0.601824496581807,-1.0763075088153,0.22030891602319,0.369535433481175,0.0947194060067006,1.26266585861308,0.284393911666751,0.721295446776546,0.529721335763244,1.30676318392415,-0.358667856713796,0.393605795954847,0.604323475203593
"406",-0.156534426423274,-0.290557440134483,"female","white","yr1","Other","stats","Visual",2.04596671676903,-0.20650973368069,0.230340019365354,0.424332029666169,0.50919707378242,0.444307884556719,0.777953649477362,0.76850142138901,0.0978944217216386,1.30676318392415,-0.130337859978542,0.480928392416997,0.489694959555011
"407",-0.647355460521089,0.260300478345281,"female","Black","yr3","Health","stats","Visual",0.66703055684792,-0.197356948135332,0.509965919370419,-0.589596149338223,0.396612863004056,0.44861683997543,0.334250554380291,0.043831177285862,-0.0680841668386234,-0.669961290448948,0.542224276413754,-0.0795817594339844,0.409099635404947
"408",1.30019223657421,0.609006299962741,"female","white","yr1","Business","math02","Visual",-2.20595473342358,-0.250356809283291,0.346887085488843,-0.27942869653398,-0.478696263937778,-0.410933090750962,0.0697425179905811,-0.305366761071537,-0.21628937085204,-0.0230715449653116,0.178209452536894,-0.318539955619855,-0.0305162347661049
"409",-0.729681072091487,-0.034810985643337,"male","white","yr3","STEM","math04","Kinesthetic",1.48549745643633,0.79886467680066,-0.0776695145939172,-0.0227871296353584,0.273033529290762,-0.28273187142662,-0.374035922056524,0.307475392742825,0.324013539958813,-0.0230715449653116,-0.298379740792148,0.182671177098811,-0.251279749183658
"410",-1.20172732569453,0.335941831260101,"female","white","yr5+","Health","stats","Kinesthetic",-1.61268191075584,-0.79309879111343,-0.118291638580786,-0.426774975061806,-1.06447792778807,-0.661169932198038,0.177550558844148,-0.657927484709276,-0.437105146382029,-0.34651641770713,-0.125517255418317,-0.636168167648711,-0.203016503511274
"411",0.521102790198232,0.412701816288067,"female","white","yr1","Business","math03","Kinesthetic",0.441836479927259,-0.2570317001474,-1.26909593531804,-1.50531507775608,-0.896101212615814,-1.64249125706575,-0.126857435519753,-2.04400787017584,-1.4103668611297,-0.34651641770713,0.0935661453343622,-1.4127262594736,-0.957851713831592
"412",0.622555019952708,0.303923305489767,"female","other","yr2","Other","math02","Visual",-2.20595473342358,-1.30351193965252,-0.888233382505287,-0.728633766081191,-0.49583325022153,-0.341627018319044,-0.219830226371828,-0.849628795653893,0.541982374289517,0.470438576560581,-0.190625975900191,-0.520718596246131,-0.430033706995884
"413",0.457903796811912,-0.276431783894354,"female","white","yr3","Business","math03","Visual",-0.26654931316976,1.17079124280306,-0.548865285275796,-0.777523061706819,-1.26352002723646,-0.49413291754257,-0.706225481506982,-0.605649140790277,-1.02163267200444,-0.849711345780952,-0.298379740792148,-0.852820129641281,-0.565497559322767
"414",-0.219733419809595,0.143053079654415,"female","white","yr1","Health","stats","Auditory",-1.16229375691451,0.42105790585377,0.117695461442608,-0.315825491679738,0.210142618249332,-0.551513997108757,0.308203454785712,0.308893545215466,0.0658064811939773,-0.0230715449653116,0.346251333350499,0.044102698193038,-0.0568015802243835
"415",1.05634803718759,-0.173086667345992,"female","white","yr4","Other","math04","Kinesthetic",1.93588561027765,-0.316253555038076,1.66931059474775,0.0524796282966463,0.05976999279803,0.503127568993994,-0.498791148314002,0.269935972709427,-0.694619221449096,0.48012338310851,-0.238091624870499,0.0227672523885953,0.440006951185468
"416",-0.957883126307906,-0.206447199327097,"male","white","yr2","Other","stats","Visual",1.035109302595,0.275462731265988,0.673368733063221,-0.113242656191767,0.186994527302486,0.240626659497191,0.15745443031043,0.49087103025946,0.2902359065558,-0.34651641770713,-0.298379740792148,0.176285707017107,0.316286788661114
"417",-1.67342174160826,-0.0562868976628869,"female","white","yr2","STEM","math02","Kinesthetic",2.52915843294539,0.696269990880176,-0.211092941189409,-0.119079675963226,0.662167533315796,0.0672642185206711,-0.794037599560326,0.213118451268438,-0.257345203983056,1.30676318392415,0.00534696716306367,0.160868219314084,-0.309076753886077
"418",-0.156534426423274,-0.0495114972021773,"female","white","yr1","Health","math02","Kinesthetic",1.93085374633976,-0.383056095035646,-1.43839621262002,-0.416754116595334,-0.41209425321292,-1.40417940848441,-0.468839248030698,-0.836956132942975,-1.12256956740219,-0.0230715449653116,-0.190625975900191,-0.590449874462471,-1.0372968122575
"419",1.54716907128541,0.0746385282603484,"female","Asian","yr5+","Health","stats","Kinesthetic",0.66703055684792,-2.00956837030317,-0.623314057272376,0.224661308659013,0.202659471090936,0.468746906699486,0.302116492639302,0.585227971733847,-0.498014498965654,1.30676318392415,0.47711555593188,0.220495764305812,0.108823746796339
"420",-0.79323190316711,0.516046932836428,"male","white","yr3","Other","math04","Kinesthetic",1.71069153335699,-0.2570317001474,0.325891639845905,-0.719180375265364,-0.187696758350937,-0.639544521407601,0.0947288599240753,-0.1363288255547,0.372362838405353,0.48012338310851,0.145457785727019,-0.268812034984327,-0.108244383116917
"421",-0.508001832087761,0.231350856287644,"male","white","yr3","Other","math04","Kinesthetic",-1.27740672734379,0.527964418163872,-1.13534852891132,-0.159478573921066,-1.03426210013504,-0.669997697475899,-0.507700084159126,-0.7081918983858,-1.02163267200444,-0.34651641770713,-0.358667856713796,-0.625050255507518,-0.711623238838443
"422",-0.238860037993672,-0.277102786999739,"female","white","yr3","Other","math04","Auditory",-1.72276301724722,-0.0214706903121344,0.930727414093469,0.581338788113098,0.105768739852218,0.487423698899738,0.971513692354377,0.164531783583374,0.478452707754978,-0.34651641770713,0.411360053832373,0.310272235224529,0.755707449685532
"423",-0.137407808239197,0.646301355654278,"female","white","yr5+","Health","stats","Auditory",-1.87067955001153,-1.82697679154503,-0.189149702025818,-0.854420396773299,-0.966115154054053,-0.787741465212416,-0.311344818129049,-0.738907515234654,-0.717113206578386,0.310058134324436,0.607332996895628,-0.799687075819044,-0.437374943153939
"424",-0.422637879318545,-0.385881297798039,"female","other","yr1","Other","math02","Kinesthetic",0.106561296515212,-0.449858635033215,0.120457959476566,-0.277690634939755,-0.853759218571516,-0.417393524309868,0.180486480055152,0.356621609711214,0.526640208032666,1.0600081231612,-0.17780350894885,-0.154136433661581,-0.0532428733274776
"425",0.0302817561004174,-0.400006954038169,"female","other","yr1","STEM","math02","Auditory",-0.827018573502468,0.19953631516622,0.784848920495122,0.118189283615979,-0.478696263937778,0.0795282865703981,0.249293190601318,-0.416203805256453,-0.0468665875726948,-0.34651641770713,0.421648044570456,-0.202505590180448,0.320477979210336
"426",0.251960996104143,0.19990718583602,"female","white","yr3","Other","math04","Auditory",-1.16229375691451,-0.657341038367866,0.346563105677618,0.311034126791026,-0.0510973531885221,0.293356209188008,0.187453031071487,0.0237815862028711,-0.0204960343548967,-0.34651641770713,0.178209452536894,0.0889164045418528,0.260052000395093
"427",0.378710820566087,0.286091152501624,"male","white","yr2","STEM","stats","Kinesthetic",2.52915843294539,0.67839587514003,1.8202583414377,0.569773622138976,0.328581211388149,0.558376558674113,0.526639416550401,1.38581903495456,-0.382843724633995,0.803568255850328,-0.190625975900191,0.587288484436294,0.857699806405165
"428",0.435738837429016,-0.0569579007682721,"female","white","yr3","STEM","math04","Visual",0.777111663339306,0.486586809417541,-0.593726077436665,-0.000663786811900074,-0.13902728435385,0.341776803460113,-0.738148614970325,-1.10620716275799,-0.392457151717283,-0.0900765503962547,0.351071937910724,-0.374355855774109,-0.292283206752649
"429",-0.422637879318545,-0.50335207058653,"male","Black","yr1","STEM","math02","Visual",1.71069153335699,0.64729034957555,1.55276352862426,0.733761617696069,0.649286297300995,0.574063327735875,0.80087967150199,0.103272453187392,0.676349781730151,-0.34651641770713,-0.298379740792148,0.50646750752175,0.889273978423682
"430",-0.397340284611077,0.465621398759241,"male","white","yr1","STEM","math01","Visual",-1.60765004681795,-1.56109722104164,1.0902155394235,0.891479864312465,0.954351857497176,0.462275302760526,1.28582395506665,0.537194429236311,0.977788119425625,-1.17315621852277,0.00534696716306367,0.785305637224959,0.898418202144748
"431",-1.67646008280708,-0.0562868976628869,"female","white","yr1","Other","math01","Kinesthetic",1.26030337951567,-0.2570317001474,-0.513312414380525,-0.522151693395305,-0.0922495338563254,-0.115459565196559,-0.92466164715064,-0.195520762990491,-0.409230223480162,0.983318311182331,-0.190625975900191,-0.288205141416996,-0.498473292189276
"432",1.13867364875799,0.520809323980982,"female","white","yr1","Other","math01","Auditory",-1.87067955001153,-1.33387073821965,-1.73786536793921,-1.86342687230834,-1.68964689549042,-1.04670228832795,-1.27401632477517,-1.70444283560131,-0.654056429321265,-0.916716351211895,-0.25091409182184,-1.5544546988587,-1.27056374185617
"433",-2.02488914727275,-0.50335207058653,"female","white","yr2","Other","math01","Auditory",-2.99161807067695,-0.0676417500672007,0.0411964867492419,-0.27942869653398,-0.478696263937778,-0.410933090750962,0.0617656934797333,-0.416203805256453,-0.21628937085204,-0.099761356944184,0.178209452536894,-0.347839442416392,-0.113194287029057
"434",-0.0550821966687987,0.438041089384366,"female","white","yr1","Other","math02","Visual",3.19970879976949,-1.04804190125765,-0.212364714521286,0.351614760631796,0.728865977870721,0.471103068038387,-0.140791256957028,0.148726993921846,0.240331338360854,0.48012338310851,-0.0652291394966686,0.367742297146252,0.0621344098772972
"435",-1.44253318388233,-0.269081528114933,"female","white","yr2","STEM","stats","Auditory",1.93588561027765,-1.0491388912901,1.1113305680695,0.842616433599448,0.543352276414709,0.622483922007981,-0.519738017366396,0.345048463572422,-0.235610368203393,-0.0900765503962547,0.281142612868625,0.471296621568417,0.329139542749617
"436",-2.2277936067817,-0.50335207058653,"male","other","yr3","STEM","math03","Visual",1.71069153335699,-1.10651171113448,0.930727414093469,0.583784565213885,0.306127499360907,0.42586638393106,0.844840738172604,0.484807614849056,0.589053930300359,-0.34651641770713,0.178209452536894,0.460621475149987,0.689594491131711
"437",0.704880631523106,0.00567642801956381,"female","white","yr1","Other","math01","Visual",1.48549745643633,-0.493365343917512,-0.814764344946128,-0.869891519858986,-0.624374444786286,-0.624761013368572,-0.675422840705002,-0.275509747411999,0.0263274061094703,0.48012338310851,-0.190625975900191,-0.506902008589114,-0.670484779179546
"438",0.214059597425291,0.287209784614771,"male","white","yr1","STEM","math02","Visual",-1.27740672734379,-0.2570317001474,-0.405305726897119,-0.27942869653398,-0.478696263937778,-0.410933090750962,0.0617656934797333,-0.847316680707051,-0.21628937085204,0.48012338310851,0.715086761787584,-0.461803019259964,-0.22988134458597
"439",-0.508001832087761,-0.166982269990668,"female","white","yr1","Business","math03","Auditory",-0.118632780405448,-0.449858635033215,-0.237157639923945,0.583784565213885,-0.788850531669228,-0.296390334211717,0.0617656934797333,-0.529163250152101,-0.21628937085204,-0.0900765503962547,-0.238091624870499,-0.185511652612879,-0.1453637563382
"440",-0.156534426423274,-0.400006954038169,"female","white","yr1","STEM","math02","Auditory",2.15604782326042,1.23943596038855,-0.538005971416044,0.338615279559508,-0.548783098236841,-0.628180215107944,-0.362323843266144,-0.232905251369485,-0.405353655391654,-0.34651641770713,0.178209452536894,-0.144257760762669,-0.489853647957472
"441",0.891696814046797,0.399247163153322,"female","white","yr1","Business","math02","Auditory",-2.20595473342358,-1.10524632058022,0.340665642068431,-0.140642584769583,-0.316778870184068,-0.626643092285622,0.0638260133885993,-0.382735227345326,-0.16227606465048,0.48012338310851,-0.238091624870499,-0.246786103477508,-0.110622498392176
"442",-0.571200825474082,-0.50335207058653,"female","white","yr2","Other","math02","Kinesthetic",0.925028196103618,-0.33407645373102,-0.618244804180778,0.40641461778743,0.628659492661083,0.913542421312637,-0.205618025743403,0.285677044600158,-0.333399970218713,0.48012338310851,-0.238091624870499,0.328564674661661,0.0901135368743804
"443",1.38251784814461,0.453412604048592,"female","Black","yr1","Business","math03","Visual",-1.16229375691451,0.274220913324193,0.343415959940359,0.236586341488238,-0.478696263937778,-0.432810894148486,0.0258972885944473,0.0650650134024119,0.162928457940247,-0.34651641770713,0.517869085132871,-0.0134942545526203,-0.0545092693350728
"444",0.761908648386035,0.366557634277603,"female","white","yr1","Business","stats","Visual",0.441836479927259,0.802253556228716,-0.0691291359538345,-1.22555753731045,-0.0765845900678759,-0.314831834837375,0.251353510510184,-0.306728774008129,0.589053930300359,0.659873438440513,0.238497568458543,-0.41982666157185,-0.0416705912096217
"445",0.974022425617195,-0.00777822511518075,"female","white","yr2","STEM","stats","Visual",0.925028196103618,0.79636758618501,-0.822593721671674,-0.0417230371502628,-0.0462369209490805,-0.00732953280783911,-0.628585383944695,0.0770509762257394,0.0231960583554046,1.0600081231612,-0.358667856713796,-0.00213584255632352,-0.437435498972641
"446",1.09728777706526,0.23259671471174,"female","white","yr1","Health","stats","Kinesthetic",0.106561296515212,0.645870362773333,-0.549189265087022,0.17224801502663,0.585616382816228,0.897886260626762,0.335026153827901,-0.305366761071537,1.30710138002297,-0.099761356944184,0.0935661453343622,0.27774305281847,0.291720264059439
"447",-1.28405293726492,-0.277102786999739,"female","Asian","yr1","STEM","stats","Auditory",0.106561296515212,-0.415739152188711,0.930727414093469,1.06885358440183,0.657307101076355,0.885857484151629,1.10315200100699,0.859039536025196,0.718449170765573,-0.0230715449653116,0.439291116082022,0.819118962113916,0.942888866038467
"448",-0.710554453907409,-0.214468458211903,"female","white","yr1","Other","stats","Kinesthetic",0.441836479927259,-0.2570317001474,-0.972269695029742,-0.996848744494674,-1.26352002723646,-1.24773256543298,-0.721309351213137,-1.18845099080479,-1.02163267200444,-0.34651641770713,0.178209452536894,-1.07619041263934,-0.948371796366449
"449",-0.707867950397894,-0.50335207058653,"female","white","yr4","Other","math04","Auditory",-1.05221265042313,-0.2570317001474,1.8202583414377,1.02690111001107,0.898559353103281,0.916726331477415,0.028908554755485,1.38581903495456,-0.480248091321856,0.736563250419385,0.261608026147967,0.868531863269976,0.81054222938018
"450",-0.729681072091487,-0.393902556682844,"female","white","yr1","Other","math01","Auditory",3.20474066370737,-0.737031221321318,1.8202583414377,0.510886071988848,0.376087486976165,0.981958740065216,1.32460342037947,0.891324428397253,1.22497444817341,1.30676318392415,-0.022584095086586,0.63710997209856,1.28685618763018
"451",1.05634803718759,-0.386552300903424,"female","other","yr2","Other","stats","Visual",1.71069153335699,-0.509509814432825,0.0927951331989166,0.830031560081965,0.0732254979295826,0.435092719433916,-0.255449807673482,0.352299373125738,-0.328591715686309,0.48012338310851,-0.298379740792148,0.336273729292757,0.0890225556840075
"452",-1.94256353570235,-0.50335207058653,"male","other","yr4","Other","stats","Kinesthetic",1.59557856292771,-0.435853940277262,-0.969626779998846,0.211094359936079,0.0378905498875396,0.7685293876726,-0.477142130837403,0.364863565368399,0.0553342189065531,0.547128388539453,-0.298379740792148,0.179432364814515,-0.148056521109892
"453",-1.67646008280708,-0.331268227895008,"female","white","yr3","Other","math04","Auditory",1.48549745643633,-1.10651171113448,0.930727414093469,0.583784565213885,0.306127499360907,0.42586638393106,0.844840738172604,0.484807614849056,0.589053930300359,1.30676318392415,1.25196407103827,0.460621475149987,0.689594491131711
"454",0.435738837429016,0.717627946432305,"female","white","yr1","Business","math01","Kinesthetic",-2.20595473342358,-0.671638238827658,0.0411964867492419,-2.00585522002971,-1.12465802391668,-1.45508888411163,-0.540744417540099,-2.21822664546747,-0.336268399716103,-0.0900765503962547,-0.358667856713796,-1.55154896034704,-0.693810685921318
"455",-0.324223990762888,0.378670281201577,"female","white","yr1","Other","math01","Auditory",1.71069153335699,-2.01083376085743,-0.404151162168294,-0.0556378345246548,-1.08736733058535,-0.297754170312906,-0.489955663492283,0.0461842363263228,1.06919270886203,1.30676318392415,-0.022584095086586,-0.163695082589312,-0.382468747012573
"456",0.501976172014155,0.578681261624264,"male","white","yr1","Business","math02","Auditory",-1.8378759876765,-0.239473265379749,0.0411964867492419,-0.27942869653398,-0.478696263937778,-0.410933090750962,0.150293879859378,-0.416203805256453,-0.0868941303868258,-0.34651641770713,0.178209452536894,-0.332805651171518,-0.0822289973629453
"457",-0.32118564956407,-0.206447199327097,"female","white","yr5+","Health","stats","Auditory",1.71069153335699,1.04448945692809,1.21542256719013,0.604710237273956,0.727267088691612,0.450779488495679,0.00691674187073043,0.141550904040588,-0.797876078614618,-0.0900765503962547,-0.358667856713796,0.324785240196799,0.479732403902252
"458",0.214059597425291,0.617475187855308,"male","white","yr1","STEM","math03","Auditory",0.777111663339306,1.49193764728643,1.1257805904808,1.06885358440183,0.968328472245011,0.917217514931759,1.14406713117872,0.943711242784508,0.935688730390203,0.403433571129638,0.971347820772487,0.947558798671078,1.01928316876596
"459",0.954895807433118,0.95576184998065,"male","white","yr2","Health","stats","Kinesthetic",-0.716937467011081,-0.886863688258323,-0.121882347132334,-0.821921313198366,-0.669616130998786,-0.787741465212416,-0.45491124858002,-0.719999533811606,-0.281323407070648,-0.34651641770713,-0.185805371339966,-0.656743101669012,-0.470012073368562
"460",-0.340312267748147,0.516046932836428,"male","white","yr1","Business","math03","Visual",-1.05221265042313,-0.248015017617588,0.479482301566746,0.421882479902477,-0.146353709209606,-0.173729186391055,0.473790546472687,-0.144703224126438,-0.648627318696796,-0.34651641770713,0.374182395600149,-0.0183247050784721,0.229487810648691
"461",1.13867364875799,0.570883376837083,"female","white","yr4","Other","math04","Kinesthetic",-1.72276301724722,0.0499868035555324,-0.404151162168294,-0.739569429157502,-0.386738857799326,-0.786616419958483,-0.5576934927062,-1.16329537961906,-1.19231170942138,-0.916716351211895,0.289539088397617,-0.780242760349182,-0.579331581439724
"462",1.13867364875799,0.73686282217328,"male","white","yr1","Business","math02","Visual",-2.54122991683563,-0.354516738183858,0.0411964867492419,-0.27942869653398,-0.478696263937778,-0.410933090750962,0.0617656934797333,0.484807614849056,-0.21628937085204,-0.34651641770713,0.178209452536894,-0.109659397098085,-0.113194287029057
"463",0.495805195490764,0.310602558163801,"female","white","yr2","Business","math03","Kinesthetic",-1.2723748634059,-0.285744163462372,-0.893594435021194,-0.565561086826202,-0.76950490105109,-0.385528802731999,-0.0232512014205496,-1.23353456470652,-0.416790813149758,-0.099761356944184,0.238497568458543,-0.753178331747411,-0.378226871693452
"464",0.27108761428822,-0.0716584123271124,"male","Black","yr3","Business","math03","Visual",1.26030337951567,0.881226682597312,-0.69506775868537,-0.246929612959047,-1.35547743337491,-0.882952967446663,-0.526755975832877,0.0926485033006557,0.414462227440775,-0.0230715449653116,-0.298379740792148,-0.357598368122219,-0.678662516983322
"465",1.46484345971501,-0.378083413010858,"female","Asian","yr1","Health","math02","Kinesthetic",0.106561296515212,-0.173098459745504,-0.83967447895184,-0.691599222496882,-0.125088076428315,-0.410933090750962,-0.123701483732985,-0.679598682247678,0.435359982838638,-0.34651641770713,-0.298379740792148,-0.380120396044741,-0.408269994119318
"466",-0.625542338827496,0.459517001403916,"male","white","yr3","Health","math02","Visual",-1.38748783383518,-1.04683695912241,-0.68294885165577,-0.511116111955572,-0.813834258102506,-1.14745507411691,0.207251745781629,-1.52329178665688,0.00154542567920004,0.726878443871456,0.522689689693096,-0.775484309797094,-0.512449540497977
"467",0.60342840176863,0.508249048049247,"female","white","yr4","Other","math04","Auditory",1.00230574025997,0.0206902279904366,1.8202583414377,1.44699782696175,1.09095126265959,1.26266585861308,0.3101458396145,1.38581903495456,0.926156424428854,-0.602956285018005,-0.238091624870499,1.21467981562141,1.03145517763279
"468",1.54716907128541,1.28490862110804,"female","Black","yr3","STEM","math02","Visual",-2.32106770385286,0.0265519397025045,0.351956338580441,0.583784565213885,0.190154898838404,-0.291324345129888,0.613352174380406,-1.31721522536196,0.0430336321796424,-0.916716351211895,-0.358667856713796,-0.109312814562954,0.203320699475242
"469",0.169635384533745,-0.103773085884122,"female","other","yr1","STEM","stats","Visual",0.106561296515212,-0.575883029921461,-0.821321948339797,-0.791893871636832,-0.710359492951581,-0.675966947580461,-0.416131783267193,-1.20695641059638,-0.431387759072166,-0.34651641770713,0.201319910226319,-0.8040022197386,-0.599642648700152
"470",-0.00797148026773734,0.391225904268517,"male","Black","yr2","Other","math02","Kinesthetic",-1.16229375691451,0.722928729137567,0.0657826409437283,-0.210532817813289,-0.147915191566415,-0.41411700091574,0.213418963729434,-0.571133377239232,0.240930706154816,-0.0900765503962547,0.519113818724329,-0.227949520960323,-0.0548517674946354
"471",0.597257425245239,0.929751573778966,"female","white","yr1","Business","math02","Visual",-2.87650510024768,-0.143450296973188,-0.525443501572156,-0.00157910311400425,0.306127499360907,0.181568184212659,0.420777951972379,0.25820202517017,0.433272190988977,0.489808189656439,-0.0421186818072439,0.197641239245503,0.0741788496791039
"472",-1.08114847775597,0.0592670135961229,"male","white","yr4","Other","stats","Visual",-1.49756894032656,0.64729034957555,-1.73786536793921,-1.36306418156247,-0.754450506740429,-1.62454093989444,-0.555775764781905,-1.25664259485357,-0.800957206345196,-0.593271478470076,-0.298379740792148,-1.0520248161857,-1.22402602976667
"473",-0.545903230766614,-0.393902556682844,"female","white","yr3","STEM","math04","Visual",-0.343826857326109,1.26688055236894,-1.42351480755647,-0.862980563536729,-0.223090733400748,-1.14569266779072,-0.591649991653789,-0.744773923111528,-0.233011542550582,-0.593271478470076,-0.130337859978542,-0.554626940833071,-0.98480066679039
"474",-1.10027509594005,-0.331268227895008,"female","other","yr1","STEM","stats","Kinesthetic",1.48549745643633,0.66598694775442,0.799298942906422,0.517800800974009,0.771909087715576,0.718585177921567,0.38090285478165,1.10963573148675,-0.406521575538437,-0.34651641770713,-0.25091409182184,0.610301613628504,0.596661558534785
"475",-0.406549602333286,-0.323917972115588,"male","white","yr3","STEM","math03","Visual",1.82077263984837,-0.2570317001474,-0.238429413255823,-0.619619818236853,0.0153728160705755,-0.284361557736584,0.32007695631412,-0.0374777441931112,0.0278317757935392,1.30676318392415,-0.190625975900191,-0.198482227753055,-0.0510833418073724
"476",1.09424943586645,1.01794854976073,"male","Black","yr3","STEM","math04","Auditory",1.71069153335699,-1.95599172212155,1.8202583414377,1.44699782696175,1.09095126265959,1.26266585861308,1.31072892618454,1.38581903495456,1.39439723145276,-1.17315621852277,-0.358667856713796,1.26908239271637,1.38143800657933
"477",1.54716907128541,-0.0501825003075625,"female","other","yr5+","STEM","math02","Kinesthetic",-2.54122991683563,-1.32875575350493,-0.0452637894359052,-0.544275547911028,0.271434640111654,-0.247571169714617,-0.893969021636542,-0.145308680246174,0.450365086619922,-0.926401157759824,-0.358667856713796,-0.0875496236080045,-0.412217617822664
"478",-1.18260070751045,-0.277102786999739,"male","white","yr1","STEM","math03","Kinesthetic",2.52915843294539,1.45784173705439,-0.0219494085732961,0.928514407896774,0.968328472245011,1.14493919190906,0.0280866625880597,1.2286585917928,1.39439723145276,-0.0230715449653116,-0.298379740792148,1.03183101292898,0.40965952362588
"479",1.19570166562092,0.584114655874203,"male","white","yr1","Business","math02","Auditory",-0.601824496581807,-0.351136297959965,-0.115972703361116,0.36445888242603,0.322625400415674,0.080418040249737,0.777953649477362,0.440715087051193,0.613936059462458,0.223683515797634,-0.238091624870499,0.386835427456002,0.27029038918914
"480",0.60342840176863,0.846312336076965,"female","white","yr4","Other","stats","Visual",-3.21178028365972,-1.53780939144482,-0.364791005751282,-1.16229692006254,-0.069067296738592,-0.475930207764168,-0.47885153166695,-1.30421953629876,-0.418295182833827,-0.593271478470076,-0.125517255418317,-0.778605642984412,-0.431413794891527
"481",-0.238860037993672,-0.283207184355063,"female","white","yr4","Other","math04","Visual",1.48549745643633,-0.410477114403582,1.68419199981131,0.668789315458814,0.553839072806383,0.935167832103073,0.590426152355778,0.6360455105979,0.666472756349336,1.30676318392415,-0.238091624870499,0.600824116810313,0.977922733566488
"482",1.38251784814461,-0.0421612414227572,"male","white","yr2","STEM","math03","Kinesthetic",-2.87650510024768,1.44192832182675,0.930727414093469,-0.660022488857597,0.903419785342722,0.540409140470305,0.853838760746555,0.484807614849056,0.878355593711938,0.48012338310851,-0.190625975900191,0.25638710139555,0.733316266085785
"483",-0.137407808239197,-0.50335207058653,"female","white","yr3","Other","math04","Visual",1.71069153335699,-0.2570317001474,0.904986695170158,0.493861884162506,0.103057924939394,0.110397133896184,1.40646436349299,0.0940955909623861,0.461746481684805,0.736563250419385,1.05599112797502,0.261364025520114,0.767562991960203
"484",-0.137407808239197,-0.393902556682844,"male","white","yr1","Other","stats","Kinesthetic",-0.453907963817496,0.19034735834768,0.217777549521466,0.935447968161003,0.97983909437653,0.781032246569584,1.20390741305623,1.28104540618005,1.32591134357117,-0.526266473039133,-0.358667856713796,1.04290430808137,0.754679364931036
"485",-0.0550821966687987,0.155261874365064,"female","white","yr3","Other","math01","Visual",-1.2723748634059,0.592448310839677,1.20181293545845,0.429431184663285,0.310987931600349,0.165912023526785,0.657313241051019,0.722839618067944,0.442936518136603,-0.34651641770713,0.178209452536894,0.459054405498711,0.60276213342051
"486",1.19570166562092,0.680332890740768,"female","white","yr2","Business","math03","Visual",-2.43114881034424,0.695952330941109,-1.57837724260918,-1.14264195828185,-1.18710071820265,-1.24773256543298,-0.690371834339814,-0.655805083998544,-0.77959931720852,-0.916716351211895,0.682729708115585,-0.933480524770066,-1.09594816747784
"487",-1.43261588342046,-0.0891998006362309,"female","white","yr2","Other","math01","Kinesthetic",1.71069153335699,-0.32383424014497,1.66931059474775,1.44699782696175,1.01453195362578,0.837436889879523,0.0297672150663558,1.38581903495456,0.784863212425872,0.48012338310851,-0.358667856713796,1.17840654315414,0.743307823155172
"488",1.46484345971501,0.300216808741754,"male","white","yr2","STEM","math03","Kinesthetic",-2.54122991683563,1.5516123992985,1.66931059474775,1.3895742294853,1.09095126265959,0.749928107669204,0.7270557912769,1.09170854111449,1.06508397085542,-0.593271478470076,0.145457785727019,1.13492759635733,0.956206421052491
"489",1.03722141900352,-0.0765169512583411,"female","white","yr5+","STEM","stats","Visual",-3.10673104110622,-1.23839850345397,1.00332388058609,0.0382874610310716,0.0839031627947845,-0.048908224328537,-0.529746517313828,0.856917135314464,-1.1371665133246,1.30676318392415,0.0248815538837215,0.128302895870852,0.0595856563402133
"490",0.435738837429016,-0.151834129424067,"female","white","yr1","STEM","math03","Visual",2.86443361635744,-0.931990165393943,-1.43249874901084,-0.713545113792579,-0.544921610900366,-0.88421301993845,-0.348939768714117,0.160731636881183,0.06943607665418,-0.0900765503962547,0.0656350830847125,-0.316522461684948,-0.809629702824449
"491",0.87257019586272,-0.274738296462497,"male","white","yr2","STEM","math02","Kinesthetic",-1.16229375691451,-0.276602479846936,0.197934294207342,-0.0300755721845905,-0.109960789256829,-0.478920230902658,0.142641020003229,-0.0599514053847799,0.0356050636963235,-0.34651641770713,0.411360053832373,-0.0497879434831104,-0.0680276606738742
"492",-1.63552034292941,-0.276431783894354,"female","Asian","yr1","Other","math02","Kinesthetic",1.26030337951567,1.34516712389436,-0.702455946996638,-0.141557901071688,-0.0474806881485558,-0.410933090750962,-0.22646279930011,0.158359897704713,-0.365858634678777,0.48012338310851,-0.022584095086586,-0.0577159235439337,-0.408353603283583
"493",-0.219733419809595,0.22524645893232,"male","white","yr1","STEM","math04","Kinesthetic",-0.343826857326109,0.646323259894725,-0.561320352278653,-0.211448134115393,-0.677738363386167,-0.464153823896123,-0.181706387128756,-0.379043551111392,-0.397077603567898,0.413118377677567,-0.190625975900191,-0.389258820082033,-0.374667327279113
"494",-0.422637879318545,-0.50335207058653,"female","white","yr1","Other","math01","Kinesthetic",1.26030337951567,0.318862246577897,1.66077021610767,1.44699782696175,0.523364557003782,1.13015568387003,0.527735048428303,1.05198796534235,1.00208682642213,1.30676318392415,-0.190625975900191,0.987770291455419,1.0189442626853
"495",0.704880631523106,-0.160303017316633,"female","white","yr1","STEM","stats","Visual",-3.10169917716834,-0.291306481941852,-0.97586040358129,-0.858977949032382,0.201305404208336,-0.367561384528192,0.334005866900034,-0.808155654218241,-0.575433325014631,-0.34651641770713,-0.185805371339966,-0.499624299798421,-0.268400351410183
"496",1.54716907128541,0.562862117952277,"female","white","yr1","Other","math02","Kinesthetic",-2.20595473342358,-1.81674143541736,-0.982081847001702,-1.14264195828185,-1.15688489054962,-1.01633579483656,-0.933734103539389,-1.31721522536196,-0.888112747904241,-0.0900765503962547,-0.298379740792148,-1.113078819445,-0.943270125662302
"497",-0.156534426423274,-0.111123341663542,"female","white","yr1","Health","stats","Kinesthetic",1.59557856292771,-0.783818330377504,-0.533983880212238,0.175797877945996,-0.328514506960004,0.0551175358401776,-1.08937313753548,0.192819521719709,-0.450746190349993,0.223683515797634,-0.358667856713796,-0.031208121086781,-0.50106459767242
"498",-0.257986656177749,-0.385881297798039,"female","other","yr1","STEM","math02","Auditory",2.86443361635744,-0.367082935922374,0.247864339459808,-0.108710968845296,0.261485500336943,0.236477483456218,-0.100885476996239,-0.135319099314821,0.510058346204872,-0.34651641770713,-0.358667856713796,0.0570821261569598,0.113255610715032
"499",1.46484345971501,0.562191114846892,"female","white","yr3","Health","stats","Kinesthetic",0.441836479927259,-0.19022916014983,0.0411964867492419,-0.369351377585359,-0.242622159307627,-0.266394139532776,-0.136759703868123,-0.701259624732999,-0.434024018651451,-0.34651641770713,-0.190625975900191,-0.415564292698414,-0.131434275192828
"500",1.38251784814461,0.28132876135707,"female","Asian","yr1","STEM","math03","Visual",-1.49756894032656,-0.943860624905677,-1.43249874901084,-0.735389363125394,0.109030282912551,-0.166682600440942,-0.287454108073457,-0.864234144839432,-1.33717286744754,-0.0230715449653116,0.321896142069616,-0.587873729637035,-0.533952666871818
"501",-0.0711704736540579,-0.282536181249678,"male","other","yr5+","Business","math03","Kinesthetic",-0.827018573502468,-0.262137153298802,0.75994859225143,-0.165570871334001,-0.696382878203747,-0.138458770417208,-0.0303582466158575,0.150976545236843,-0.457475242307522,0.223683515797634,0.0248815538837215,-0.246513879479701,0.138936954058377
"502",1.13867364875799,0.23259671471174,"female","white","yr2","Other","stats","Kinesthetic",-2.87650510024768,-0.650830978017028,-0.969626779998846,0.0497338773627043,-0.520906416516315,0.141975355218415,0.153631204316274,-0.182774412393023,-1.2124857327829,-0.916716351211895,-0.298379740792148,-0.308826986662909,-0.149369435943709
"503",-0.672653055228557,-0.277102786999739,"female","white","yr2","Other","math01","Kinesthetic",-0.827018573502468,-0.375958176645946,0.298298615418638,1.16932945773244,0.509903184364932,0.185880638904033,-0.958504402464907,0.665983768025292,-0.0304413172108003,-0.34651641770713,1.13138783919498,0.674524168159915,-0.191463997236996
"504",-0.238860037993672,0.00634743112494903,"female","white","yr1","STEM","stats","Kinesthetic",1.71069153335699,-0.515095277256242,-0.133065640803312,0.201637708149613,-0.103501467838279,-0.306107853168917,0.471730226563821,-0.736479636522135,0.223625112290682,-0.0230715449653116,0.173388847976669,-0.131880236916308,0.0217939193852667
"505",0.974022425617195,0.240617973596545,"female","white","yr2","STEM","math02","Visual",-0.827018573502468,-0.410477114403582,1.25086803524437,1.44699782696175,0.960811178915727,1.26266585861308,1.55014080923184,1.38581903495456,1.30710138002297,-0.34651641770713,-0.358667856713796,1.22512377355193,1.31637709857121
"506",1.46484345971501,0.384673877905432,"female","white","yr1","Other","math01","Visual",-2.87650510024768,0.302883750633925,0.364087425772072,0.44135621749251,0.746421850836222,0.540409140470305,1.3136055201532,0.645800602242239,0.97516780547471,0.413118377677567,0.860018184911764,0.61744001203093,0.746049596194545
"507",0.761908648386035,0.198788553722874,"female","white","yr5+","STEM","other","Kinesthetic",2.52915843294539,-1.30346383427496,1.51836284805781,0.978930903350446,0.592266572708306,1.14812310207384,0.630386348707546,1.27498199076965,-0.440769016237349,1.30676318392415,-0.190625975900191,0.749072001106829,1.02399795647481
"508",-0.524090109073021,-0.440717741798694,"male","white","yr2","Business","math02","Auditory",1.82077263984837,0.398225647483283,-0.385786451394221,1.02690111001107,1.09095126265959,1.03358034553459,1.62791578286547,0.484807614849056,1.39439723145276,-0.34651641770713,-0.298379740792148,0.898149484151703,0.83471565595608
"509",0.521102790198232,0.136601853942799,"male","white","yr2","STEM","math04","Visual",-1.16229375691451,-0.357049725639226,-0.641666587884419,-0.734115391875383,-0.386738857799326,-0.123280285842284,-0.292391021950985,-0.0788696418609085,0.157759538360007,1.05032331661327,-0.190625975900191,-0.33499602500295,-0.313632268185799
"510",-0.815045024860703,0.303252302384381,"male","Black","yr1","STEM","stats","Kinesthetic",-2.20595473342358,1.5516123992985,1.0535081037994,0.895029727231831,-0.139294700602519,0.0774109160787536,0.24717916155774,1.06397392816568,0.56704023063565,0.403433571129638,-0.17780350894885,0.593779730373267,0.389198790079996
"511",-0.0550821966687987,-0.440717741798694,"female","other","yr1","STEM","math03","Kinesthetic",-1.49756894032656,1.52419137993056,1.8202583414377,1.44699782696175,1.09095126265959,1.26266585861308,1.62791578286547,1.38581903495456,1.39439723145276,-0.34651641770713,0.00534696716306367,1.26908239271637,1.49238326929248
"512",-0.691779673412635,-0.00777822511518075,"female","white","yr1","Health","math02","Auditory",0.441836479927259,-0.2570317001474,-0.376922092942912,-0.27942869653398,-0.478696263937778,-0.410933090750962,0.0617656934797333,-0.544968039813629,-0.21628937085204,-0.34651641770713,0.178209452536894,-0.381877935756037,-0.222463682080243
"513",0.891696814046797,-0.0889764265386067,"male","white","yr1","Business","math03","Kinesthetic",2.27116079368969,0.817090142076379,-0.670374201649852,-0.769596870719036,-0.357444087406478,-0.0562413105342888,-0.0718170978072675,-1.22154860188319,0.0145752871121838,-0.34651641770713,-0.17780350894885,-0.657296394477552,-0.220235296419301
"514",-0.916497254615178,-0.0838672070377612,"male","white","yr1","Other","math01","Visual",1.26030337951567,-0.2570317001474,0.79973032555868,-0.602336382133761,-0.382888922681578,-0.972195219576349,-0.486909726993398,-0.452362532217251,-0.676270071680558,-0.593271478470076,-0.298379740792148,-0.487986399221741,-0.305693003449777
"515",-0.0550821966687987,-0.50335207058653,"female","white","yr1","Business","math03","Visual",1.59557856292771,0.835455196868032,-1.73786536793921,-0.866983178041076,0.0889918703300533,0.127355125829787,-1.35080568181878,-0.113484197530309,-0.845244535962107,-0.916716351211895,-0.358667856713796,-0.379051435732352,-0.881536924449328
"516",0.787206243093504,0.107775686143829,"female","white","yr2","STEM","other","Kinesthetic",-0.118632780405448,-0.594428380297305,-1.73786536793921,-1.73310478160685,-0.920116406999865,-1.46068783540375,-0.819133752902734,-1.69493156018543,-1.75849008527525,-0.593271478470076,-0.298379740792148,-1.43911855113555,-1.25810144028319
"517",1.28106561839014,0.295231043499576,"female","white","yr1","Business","math03","Kinesthetic",0.551917586418646,-0.53940339165131,-1.12321744171969,0.539360448809727,0.0394894390666481,-0.371236478147314,-0.202572089244518,-0.706622622862597,-1.29714532463341,-0.0230715449653116,-0.358667856713796,-0.156800792321865,-0.49589549837452
"518",0.353413225858618,0.115125941923249,"female","other","yr1","STEM","math02","Visual",-1.2723748634059,0.64729034957555,-0.0948698548771454,-0.210532817813289,-0.337045558062393,-0.410933090750962,-0.0160092801538977,-0.416203805256453,-0.21628937085204,-0.34651641770713,-0.298379740792148,-0.289260851786318,-0.175957349768205
"519",1.54716907128541,0.860437992317095,"female","white","yr2","Business","math03","Kinesthetic",-2.54122991683563,-0.171985459092353,0.218208932173724,-0.133635482746809,-0.478696263937778,-0.410933090750962,0.0617656934797333,-0.416203805256453,0.0445380018637113,0.146993703818762,0.178209452536894,-0.271463749568429,-0.0669345804111286
"520",-0.340312267748147,-0.50335207058653,"female","white","yr2","Other","math01","Auditory",1.26030337951567,0.64729034957555,0.0411964867492419,0.00178576295179166,-0.478696263937778,0.486949616477888,0.141682153958862,-0.416203805256453,0.709465332533848,1.0600081231612,-0.130337859978542,-0.151415285486675,0.232815606606424
"521",-0.932585531600437,-0.143812870539261,"male","white","yr1","Health","stats","Auditory",-0.118632780405448,-0.256880452344374,0.348882040897288,0.421882479902477,0.420729486000128,0.288573171347446,0.354986495155039,0.259564038106762,-0.409141889489352,-0.099761356944184,-0.298379740792148,0.263720211788071,0.317563393945589
"522",-1.18260070751045,-0.386552300903424,"male","white","yr1","Health","stats","Kinesthetic",1.48549745643633,-0.2570317001474,0.930727414093469,0.583784565213885,0.306127499360907,0.42586638393106,0.844840738172604,0.484807614849056,0.589053930300359,0.48012338310851,0.346251333350499,0.460621475149987,0.689594491131711
"523",-0.219733419809595,0.0198020842596936,"female","Black","yr3",NA,"stats","Kinesthetic",-1.2723748634059,-1.95599172212155,-0.730944609391867,1.44699782696175,1.09095126265959,1.26266585861308,1.45207151618302,1.27498199076965,-0.773082283443329,-0.926401157759824,-0.358667856713796,0.987954210850871,0.764155741530323
"524",1.54716907128541,0.96854550001001,"male","other","yr4","Other","math02","Visual",-2.54122991683563,-0.2570317001474,0.0411964867492419,-0.27942869653398,-0.478696263937778,-0.410933090750962,-0.139636297836785,0.272437539308495,-0.124285413621672,0.223683515797634,-0.238091624870499,-0.15510939540302,-0.183640449494233
"525",0.0272434149015993,-0.0484890128757058,"female","Asian","yr1","Other","math01","Kinesthetic",0.441836479927259,-1.25108970227811,-0.654565217701563,-0.228657318795305,-0.158592856431617,0.0188436242485656,-0.183597364507398,0.0121113564344117,-0.580141430815207,1.0600081231612,-0.358667856713796,-0.177668550105338,-0.228604896842888
"526",-0.359438885932225,-0.393902556682844,"male","white","yr4","Other","math02","Visual",-0.827018573502468,-0.2570317001474,-0.109751259940703,-0.27942869653398,-0.478696263937778,-0.410933090750962,0.0617656934797333,-0.416203805256453,-0.21628937085204,-0.34651641770713,0.178209452536894,-0.347839442416392,-0.152642352162384
"527",-1.11636337292531,-0.386552300903424,"male","white","yr2","STEM","math02","Visual",1.26030337951567,-0.2570317001474,-0.0790486907668265,0.505435295677368,0.974978662137089,0.521967639844647,0.815963541208146,1.33343222056731,0.762601397214688,0.48012338310851,-0.358667856713796,0.854155123802687,0.449645038906411
"528",1.13867364875799,0.404680557403261,"female","white","yr2","Health","stats","Auditory",2.38124190018108,0.123417925932188,-0.252363024798729,-0.113342772527559,-0.421240848575051,-0.723235531653553,-0.689060363332905,-0.729050377217854,-1.67119423384546,-0.0230715449653116,-0.298379740792148,-0.532164288720992,-0.563161849789208
"529",1.54716907128541,0.632271847200823,"female","white","yr1","Health","stats","Kinesthetic",-2.20595473342358,-0.0276681156709929,-1.73786536793921,-1.86006200624254,-1.02335442584347,-2.08453204011501,-1.21892248180694,-2.10738960128255,-0.98304986605054,-0.336831611159201,0.416180658392598,-1.52500119703853,-1.61892329544503
"530",0.277258590811611,0.164976620681726,"male","Black","yr3","Business","math02","Auditory",-2.20595473342358,0.644966365423085,-0.415441858680305,-1.18024019685389,-1.41661733345364,-1.44865905892862,-0.986611821968353,-1.42287142977209,-1.26320589306154,-0.602956285018005,0.607332996895628,-1.26396019735318,-0.966824043232984
"531",-0.238860037993672,-0.213797455106518,"female","white","yr2","Other","math04","Visual",1.26030337951567,-0.897564564064986,0.0560778918128,-0.13855341355326,-0.629361723709534,-0.0221130408468683,-0.386208731335139,-0.442425282218105,-0.793240361176483,0.803568255850328,-0.130337859978542,-0.416436282668683,-0.12826558810783
"532",1.38251784814461,0.24672237095187,"female","white","yr2","STEM","math03","Kinesthetic",0.326723509497985,-0.449405737911823,1.66931059474775,1.44699782696175,1.09095126265959,0.966271971003453,1.21795124978139,1.38581903495456,1.39439723145276,-0.34651641770713,0.261608026147967,1.26908239271637,1.20454672504618
"533",-0.238860037993672,-0.50335207058653,"male","Asian","yr3","Business","math02","Auditory",0.216642403006599,0.551818114809868,0.0438394017801379,-0.211448134115393,0.195015331077846,0.194469613334638,-0.304237772933741,0.303656565904625,-0.126373205471333,-0.916716351211895,-0.298379740792148,0.0494429902017578,-0.0260722067425925
"534",0.112607367670815,-0.393902556682844,"female","white","yr3","Other","math04","Auditory",-1.2723748634059,0.0989201363751348,1.09413022778627,0.336877729657548,-0.128887276105611,0.175629542483985,0.521702706551841,0.21210872502856,0.567623652801241,1.0600081231612,-0.298379740792148,0.194984366691393,0.530629310333246
"535",1.05634803718759,0.527808098539316,"female","white","yr2","Health","stats","Kinesthetic",-2.20595473342358,0.383745594166834,0.499106605510666,-0.415201563546944,0.398917862765676,-0.148580790251843,-1.46042332923539,-0.713798712743855,-0.672677910146828,-0.336831611159201,-0.130337859978542,-0.29439543051353,-0.433022501567035
"536",-1.7396590761934,-0.393902556682844,"male","white","yr1","STEM","math04","Visual",1.26030337951567,0.921774646088356,-0.0788240793227418,-0.306825364141157,-0.610397830038452,0.102043451040174,-1.13127388429723,-0.216372817726749,0.121708712366214,-0.593271478470076,-0.358667856713796,-0.298623701524583,-0.380148440802229
"537",0.0272434149015993,-0.393902556682844,"female","white","yr2","Other","stats","Visual",1.37541634994494,-0.516386721203278,1.07660590769182,0.34651560563468,0.306127499360907,0.42586638393106,0.844840738172604,0.4324208004618,0.589053930300359,-0.34651641770713,0.715086761787584,0.371794865217643,0.727717778449404
"538",0.704880631523106,-0.159632014211248,"female","white","yr1","STEM","math02","Visual",0.441836479927259,-0.327095718815921,-0.818679033308901,-0.885363154636938,-1.27199712451587,-0.739794953362161,-0.404087824194356,-1.65678025993649,-1.46918842186367,-0.336831611159201,-0.358667856713796,-1.21896399775284,-0.61734901879017
"539",-0.156534426423274,0.686437288096092,NA,"white","yr2","Health","stats","Visual",-0.827018573502468,-0.629888316892835,-0.378400637482962,-0.598311675379707,-0.0155715366729509,-0.021240388200023,0.120647109312877,-0.287232308112666,-0.570352739425202,-0.926401157759824,0.26767336429965,-0.335311515754405,-0.0642138386999276
"540",0.704880631523106,0.556757720596953,"female","white","yr3","Other","stats","Kinesthetic",-0.601824496581807,0.028604144132405,-1.73786536793921,-0.215090370072372,-0.0559577854279637,-0.345935973737755,-0.34315793630451,-0.685770568126339,-1.05617147137026,1.30676318392415,-0.238091624870499,-0.386503047676663,-0.696736834342865
"541",0.235872719118884,0.501921276596298,"female","white","yr1","Health","math02","Visual",-1.16229375691451,0.0788338492583702,0.0352990231400551,-0.610521309706029,-0.657148965568554,-0.813128652198884,-0.152829190164298,-0.658736372458339,-0.327934829342676,0.403433571129638,0.762552410757891,-0.57592081334359,-0.332265913222479
"542",-0.156534426423274,-0.385881297798039,"female","white","yr1","STEM","math04","Auditory",1.26030337951567,0.64729034957555,0.794661072467082,0.309481062050371,0.523496398469542,0.261348809264895,0.276115889643507,0.585227971733847,0.659627610031609,-0.0900765503962547,-0.130337859978542,0.465167583790892,0.396830506101649
"543",-2.2277936067817,-0.50335207058653,"female","white","yr2","Business","math02","Auditory",2.52915843294539,1.5516123992985,0.109047679961493,-1.03179411686266,0.218070721511773,-0.301173372052279,-0.346057352758857,0.160731636881183,0.528639665891516,0.813253062398258,-0.358667856713796,-0.165479162798699,-0.199230059572243
"544",0.622555019952708,-0.276431783894354,"female","white","yr1","STEM","math03","Kinesthetic",0.331755373435873,1.21050134335625,-1.26011199386366,-0.85933832757975,0.228391530266799,-0.757301796487512,-0.862815461755242,-0.0788696418609085,-0.424680195412741,0.470438576560581,-0.0828722110082349,-0.282399873294543,-0.89936598209529
"545",-0.0711704736540579,-0.393902556682844,"female","white","yr3","Health","stats","Visual",0.216642403006599,0.592448310839677,1.07660590769182,-0.262219511854068,-0.219474068360782,0.0924297156923766,-0.536687092532497,0.0268950330174718,0.501758078870567,-0.34651641770713,0.303606288940416,-0.0744854522289201,0.126375323153158
"546",-0.238860037993672,-0.213797455106518,"female","white","yr1","Other","math02","Visual",0.777111663339306,-0.2570317001474,-1.43249874901084,-0.762048165958228,-1.10159937283134,-0.648268503076059,-0.959571185991559,-0.918992698403157,-0.623234155731547,0.489808189656439,-0.298379740792148,-0.842399447113385,-0.939637097662401
"547",1.54716907128541,0.455106091480449,"male","Black","yr3","STEM","stats","Visual",-0.827018573502468,1.5516123992985,-0.655276219616099,-0.164400277390422,0.526663506886414,0.096503379536494,-0.692426332262082,-0.197643163701222,-0.927732132859495,-0.0900765503962547,-0.022584095086586,-0.0751359815738106,-0.379258933498993
"548",-1.11940171412413,-0.386552300903424,"female","white","yr1","Other","stats","Visual",1.26030337951567,0.282160766474035,0.501425540730336,0.151581591243309,0.481154404425245,0.518783729679869,0.237336424330679,0.2932398786045,0.545450171580868,-0.0230715449653116,-0.25091409182184,0.313816154589031,0.39782441492214
"549",-0.324223990762888,-0.160303017316633,"female","white","yr1","STEM","stats","Auditory",0.216642403006599,-1.16618646314655,0.220527867393394,1.44699782696175,1.09095126265959,1.26266585861308,1.62791578286547,1.10806645596354,1.39439723145276,-0.34651641770713,0.238497568458543,1.19565921474642,1.07431626716962
"550",0.761908648386035,-0.269752531220319,"female","Black","yr3","Other","math04","Visual",2.97954658678671,-0.447559365591286,1.20413187067812,0.830510176579557,0.622687134687926,0.245174405763159,1.33464056479919,0.307268130156214,0.721085430344857,0.983318311182331,-0.022584095086586,0.589252287879038,0.868360042596358
"551",1.01192382429605,0.19990718583602,"female","white","yr2","Other","stats","Kinesthetic",-2.20595473342358,-0.834346061943436,0.204275320630818,-0.392722826746218,0.053555493675989,0.2101563823964,-0.154639000606309,0.140432707332453,0.0430495778080122,-0.34651641770713,0.183030057097119,-0.0680617381632981,0.0737386699948324
"552",-0.441764497502623,0.852991588751,"male","white","yr2","Health","stats","Visual",-1.16229375691451,-0.957256031231133,-0.0605887573137517,0.191084515870377,0.806601946964829,-0.0350144699688468,1.36746885517219,0.317892080042949,1.00566304232749,-0.423206229686002,-0.190625975900191,0.470851551286319,0.450074535524912
"553",-1.18260070751045,-0.50335207058653,"male","Black","yr1","Business","math03","Auditory",-0.679102040738156,1.14197449496455,0.0513326185324279,0.326509022539618,0.0533646252024609,-0.0502100555762649,0.15959009516933,-0.288449296939156,0.297131952937865,-0.0230715449653116,0.519113818724329,0.0753165882949594,0.0514504028940304
"554",0.093480749486738,-0.159632014211248,"female","other","yr2","STEM","stats","Auditory",-3.21681214759761,-0.610562175191224,0.189393915567259,-0.0325218609776427,0.190154898838404,0.0619594385915851,0.234290487831794,0.190697121008977,0.202940055126008,1.05032331661327,0.321896142069616,0.113122453790155,0.15339317210158
"555",-0.916497254615178,-0.284453042779159,"female","white","yr3","Other","math04","Kinesthetic",1.6006104268656,-0.628841510943724,0.935796667185067,0.290645072898889,0.0188626344267358,-0.064993563615294,-0.159575710604869,0.317892080042949,0.589053930300359,0.48012338310851,-0.130337859978542,0.249219987365437,0.165718394205554
"556",-0.219733419809595,-0.331268227895008,"female","white","yr2","Other","math01","Auditory",-0.601824496581807,1.35878546441268,1.528501354241,0.97245990780334,1.09095126265959,0.42586638393106,-0.615420932210495,1.28104540618005,1.39439723145276,0.223683515797634,0.173388847976669,1.09142917285168,0.335045593336811
"557",0.296385208995689,-0.0508535034129477,"female","Asian","yr1","Other","math01","Auditory",1.48549745643633,0.181414678035147,0.197934294207342,0.333516124562392,0.42210009988341,0.0111119678178191,0.0777005075835331,0.430298399751068,0.589053930300359,-0.34651641770713,-0.298379740792148,0.397260715515387,0.0828415231537928
"558",1.13867364875799,1.18936138934686,"male","white","yr3","Other","math02","Kinesthetic",-1.87067955001153,0.330409054525405,-0.552662765035517,-1.24219925433972,0.220820283114534,0.0178188633313728,-0.33920172816564,-0.235161226780279,0.108987540101128,-0.0900765503962547,0.0935661453343622,-0.384664437636384,-0.256764248243898
"559",0.622555019952708,-0.214468458211903,"male","white","yr1","Other","stats","Visual",0.661998692910033,0.616302007485672,-1.28976740114975,-0.561654618022373,0.530529989004844,0.510816781674528,-1.27204509159513,0.639737186831834,-1.31699884408602,0.233368322345564,-0.358667856713796,-0.0235334782264186,-0.601050506229616
"560",0.87257019586272,-0.393902556682844,"male","white","yr2","STEM","math04","Visual",1.6006104268656,-0.361479665585719,-0.678590600478708,-0.517797969268859,-0.306571042259791,-1.11597942435305,-0.828015938202205,-0.972896457381409,-0.572201828528737,-0.0900765503962547,0.173388847976669,-0.566951666187446,-0.862275728666658
"561",-0.897370636431101,-0.440717741798694,"male","white","yr1","Business","math03","Kinesthetic",1.93085374633976,0.658731759011814,0.933046349313139,0.860081093893206,0.733726410110163,1.00360125188815,1.3136055201532,1.05355724086556,1.2670897828372,0.156678510366691,0.346251333350499,0.888166912008531,1.05881543301477
"562",-0.0902970918381353,0.117713806558115,"male","other","yr1","STEM","stats","Visual",1.71069153335699,-1.10651171113448,0.605410137009937,-0.303719234659847,-0.280960219348043,0.0302179386189537,-0.721309351213137,0.221041771025109,-0.464246924447208,0.470438576560581,0.351071937910724,-0.164489553039307,-0.0833792785519693
"563",0.251960996104143,-0.207118202432483,"male","white","yr1","Business","math03","Visual",-1.49756894032656,-0.2570317001474,0.0384461688773141,0.186166585063926,0.183504708946326,-0.270069233151899,-0.484033133024735,-0.588300179837351,-0.199072110978717,-0.34651641770713,-0.298379740792148,-0.0721325402529591,-0.254923769896151
"564",-0.732719413290305,-0.0976686885287972,"female","white","yr2","STEM","math03","Visual",2.04596671676903,-0.556813497083971,0.0661089951549639,-0.273055570286852,-0.00795281473164572,0.666489490030339,-1.50438439590601,0.910505161237847,0.70847199665293,-0.593271478470076,-0.298379740792148,0.234649990404604,-0.272834798941759
"565",-1.71784595449981,-0.50335207058653,"male","Black","yr3","STEM","math03","Auditory",2.97954658678671,1.5516123992985,-0.826064847220159,0.923341711141112,0.78744718482022,0.968822019368643,0.429829479802074,1.38581903495456,-0.757353447625706,-0.34651641770713,-0.298379740792148,0.7747391755587,0.277650494748481
"566",0.27108761428822,-0.277102786999739,"female","other","yr2","Other","math04","Visual",-1.72276301724722,-0.610562175191224,0.930727414093469,0.526360967737439,0.382546808394715,0.42586638393106,0.767065764538973,0.484807614849056,0.329714981640307,-0.0900765503962547,-0.238091624870499,0.432201112546129,0.662390448150284
"567",1.38251784814461,1.30184639689317,"male","Black","yr1","Other","math02","Auditory",-2.77145585769418,1.46934934119469,0.0903687951382146,-1.19298042964943,-1.52778345555969,-1.41589462534238,-1.04124493444835,-1.2151285093243,-1.46731131163401,-1.17315621852277,0.229250972475968,-1.26566974479953,-0.842140931423853
"568",-0.666482078705166,-0.0562868976628869,"male","white","yr3","STEM","math04","Kinesthetic",-0.343826857326109,0.619869330207614,0.352796729260061,-0.458709851956733,-0.529628336092232,-0.605920942517919,-0.413855420350351,0.265505265655694,-0.782147242796994,-0.926401157759824,-0.358667856713796,-0.303263858253849,-0.26719468276257
"569",0.0873097729633471,0.115796945028634,"female","white","yr1","Other","math04","Kinesthetic",0.106561296515212,-0.760440266725466,-0.326487816984083,-0.150659670573151,-0.0575566746070722,-1.20298706478,-0.396029832746877,-0.211325552652018,-0.789080723105532,0.156678510366691,-0.0828722110082349,-0.210107790173098,-0.649979714278421
"570",-0.979696248001499,-0.0354819887487222,"male","white","yr1","Other","math01","Visual",-3.10673104110622,-0.319162424794118,-0.527762436791826,-1.49929683379396,-1.08382355840621,-0.935921307984737,-0.605524485848722,-1.40400933283201,-1.02163267200444,0.48012338310851,0.481936160492105,-1.24525596554327,-0.681254155447544
"571",-0.0550821966687987,-0.331268227895008,"female","white","yr2","Other","math02","Visual",0.925028196103618,-0.480994030193496,-0.769192550870723,-1.46035434318399,-0.517416598160155,-0.980919201244807,0.0470155979826621,-0.607345566917746,-0.737944116283542,-1.17315621852277,-0.358667856713796,-0.842215978260274,-0.532043367665483
"572",1.54716907128541,0.219142061576995,"female","other","yr1","STEM","stats","Kinesthetic",-2.43114881034424,-0.840085253350202,0.04858467506051,0.411513772784546,0.169528094198492,0.42586638393106,0.247238692679049,0.484807614849056,-0.0578873175897431,-0.916716351211895,-0.358667856713796,0.295523501844849,0.250030352374947
"573",-0.0550821966687987,-0.0350343597409613,"female","white","yr1","Other","math03","Kinesthetic",0.216642403006599,-0.2570317001474,-0.545391785327302,-1.14264195828185,-0.937954509084174,-0.837287104738454,-1.00666125002432,-0.637877893626285,-1.44430629270157,-0.916716351211895,-0.190625975900191,-0.941231325382113,-0.791231331022834
"574",-0.672653055228557,-0.50335207058653,"male","white","yr1","STEM","math03","Visual",2.30396435602473,1.5516123992985,-0.672800539710553,-0.216168079286074,-0.233709371258182,-0.0654847470696382,-1.38363397219178,-0.329465837322458,-0.14422726706509,0.813253062398258,-0.130337859978542,-0.232888818959033,-0.682989520164597
"575",1.54716907128541,0.728841563288474,"female","white","yr1","Other","math02","Kinesthetic",-2.54122991683563,-0.2570317001474,-1.42351480755647,-1.14264195828185,-1.26352002723646,-0.856157783964994,-0.799084324846768,-1.61132571920204,-1.15102791246965,-0.669961290448948,0.374182395600149,-1.24908150180309,-0.954794933620638
"576",-1.11636337292531,0.0837784192583,"male","white","yr1","Business","math02","Auditory",1.71069153335699,-0.202189661411527,0.919436717581458,0.331959798851097,-0.0179659762960783,-0.0988830424554577,1.12522707863398,1.05567964157629,0.817642993733133,-0.34651641770713,0.155098994847469,0.474296834616486,0.598835166586078
"577",0.787206243093504,0.273307502472265,"female","white","yr1","STEM","math01","Auditory",-1.49756894032656,-1.19234209196023,-0.223548008192265,-1.05763720803692,-0.373401328280477,-0.69075045561949,0.312065461465425,-0.821151343281447,-0.651247632647711,-0.593271478470076,-0.0177634905263611,-0.723979795288878,-0.193951602498749
"578",-0.524090109073021,-0.219901852461842,"female","white","yr1","STEM","math01","Auditory",1.82077263984837,-0.117288628626822,-0.738008817891909,-0.349318929577685,-0.710832333456311,-0.87092419097153,-0.605605652785354,-0.798414279967118,-0.841816286871394,-0.34651641770713,0.178209452536894,-0.603957575560294,-0.71320355783371
"579",-0.219733419809595,0.459517001403916,"female","white","yr1","Health","stats","Kinesthetic",-0.937099679993854,0.556449904538879,-0.945761433480917,-0.274155883442526,-0.284832311886164,-0.352794977521656,-0.794037599560326,0.0918647197833981,-0.0978989147755044,0.166363316914621,0.341430728790274,-0.147736975022583,-0.649869486281787
"580",-1.00499384270897,-0.440717741798694,"female","white","yr2","Health","stats","Kinesthetic",0.699834119182957,-0.704644721019012,-0.98335362033358,-0.564008022085547,0.406562002778766,-0.761938606968458,-1.02256139379027,0.162854037591914,-1.57865775451383,-0.34651641770713,-0.238091624870499,-0.2129532119088,-0.884557332864372
"581",1.54716907128541,1.41017727868371,"male","other","yr1","Business","math02","Auditory",0.436804615989372,-1.50777315208275,-0.848334440594985,-0.980739872970437,-0.976064293828763,-0.475262238316029,-0.400252568060296,-1.31721522536196,-0.630877536722219,0.403433571129638,0.715086761787584,-0.98504480545741,-0.530052181355011
"582",1.03722141900352,0.507578044943861,"female","white","yr1","Other","math01","Kinesthetic",-2.54122991683563,0.852794900575261,-0.351073971178569,-0.435423992978288,0.366307595489514,0.157188041858326,-0.971527952262197,-0.163541348620221,0.37032594662003,-0.34651641770713,0.018169434114405,-0.0426188576397051,-0.375887501443822
"583",0.214059597425291,-0.386552300903424,"female","white","yr2","Other","math02","Kinesthetic",1.48549745643633,0.39713088261189,-1.73786536793921,0.1636878482632,-1.35926008605153,-0.911406773645113,-0.782163894152949,-1.86778832254046,-0.696444095042081,-0.34651641770713,-0.298379740792148,-0.876131017194129,-1.05059844883879
"584",-2.2277936067817,-0.50335207058653,"male","white","yr1","Other","math01","Auditory",-2.77145585769418,1.44192832182675,-1.73786536793921,-2.00585522002971,-2.04834379053515,-2.08453204011501,-1.50438439590601,-2.21822664546747,-1.82697597315684,1.30676318392415,1.25196407103827,-1.96476127754915,-1.71877184335059
"585",1.26193900020606,0.0955668914331803,"female","white","yr3","Business","math03","Auditory",-2.20595473342358,0.192891722166433,-0.422506067180347,-0.996210996056123,-1.22882716798721,-0.696423247139391,-0.351109900031896,-0.620585072209408,-0.870807154040107,0.726878443871456,0.542224276413754,-0.899336582032132,-0.479920691112195
"586",0.169635384533745,-0.323917972115588,"female","white","yr2","Health","stats","Visual",-0.827018573502468,-0.316706452159468,0.930727414093469,0.583784565213885,0.306127499360907,0.42586638393106,0.844840738172604,0.4324208004618,0.589053930300359,-0.166766362375127,-0.298379740792148,0.446773155865225,0.689594491131711
"587",-0.0902970918381353,-0.166982269990668,"female","white","yr1","STEM","math03","Kinesthetic",-1.72276301724722,0.770200318863247,-0.782802182602404,0.199169327106854,0.505169598809296,-0.160696249303886,-0.416125961280595,0.213118451268438,-0.14938024101696,-0.593271478470076,-0.190625975900191,0.23318555665794,-0.407049782875122
"588",-0.137407808239197,-0.165736411566572,"female","white","yr1","STEM","math03","Kinesthetic",-0.937099679993854,-0.426610909297502,-0.520374248480558,-0.0325218609776427,-0.356073473523197,-0.259981415382251,-0.0160092801538977,-0.00243989075878109,-0.21628937085204,-0.849711345780952,-0.358667856713796,-0.128575284424465,-0.233685342712352
"589",-1.53406811317494,-0.50335207058653,"female","white","yr1","Business","math03","Visual",1.26030337951567,0.688670632426824,-0.253310818319381,-0.0386098740354085,0.297048723674814,-0.148684573861246,-0.126857435519753,0.458586137887403,-0.14780348297045,-0.336831611159201,-0.298379740792148,0.169038968306149,-0.163239767459321
"590",1.54716907128541,0.417687581530245,"female","Black","yr2","STEM","math03","Visual",0.101529432577325,0.592448310839677,-0.848334440594985,0.583784565213885,0.382546808394715,0.42586638393106,-0.721309351213137,-0.416203805256453,-0.21628937085204,1.05032331661327,0.715086761787584,0.148729700745678,-0.323144459018195
"591",-0.381252007625818,0.286858303393684,"female","white","yr3","Other","math04","Visual",0.106561296515212,-0.520480244800997,-0.142877792775273,0.215375053996244,-0.500088743402874,-0.414608184370084,-0.784965143171577,-0.664859758362077,-0.66235669665557,1.30676318392415,-0.130337859978542,-0.314595369564713,-0.458769893714041
"592",0.761908648386035,-0.400006954038169,"female","white","yr2","Business","math03","Kinesthetic",-3.21178028365972,-1.04760751618287,-1.01173725428779,-1.27714411501544,-0.227250049839632,-0.0834521652734459,-0.6902620229309,-1.31272108547476,-0.349809294952237,0.48012338310851,0.173388847976669,-0.850291184884168,-0.535403583923348
"593",0.296385208995689,-0.0569579007682721,"female","white","yr1","Business","math03","Visual",-1.16229375691451,-0.65504062682786,-0.539053133303836,0.424513253856834,-0.0204319689123925,0.271730798397571,-0.0260464245736115,-0.282945430812076,-0.495926707115993,-0.526266473039133,-0.358667856713796,-0.00357577518052066,-0.0537292805877152
"594",1.54716907128541,-0.049607644988852,"female","white","yr2","Other","math02","Visual",-1.16229375691451,-0.208675991101352,-0.361092894358703,0.8723665052698,1.09095126265959,1.01306637823826,-0.641392890734008,0.878220268865791,0.631513984383616,0.983318311182331,-0.17780350894885,0.864677702360924,0.0401460698068291
"595",0.704880631523106,-0.276431783894354,"female","white","yr2","STEM","stats","Auditory",2.38124190018108,-0.26606800492014,-0.163085003291281,0.0913259732060957,-0.209435488724564,-0.113431258919893,-0.216403815186106,-0.0167414532225298,0.537660938049714,-0.34651641770713,-0.130337859978542,0.0324815065941159,-0.158494180730831
"596",1.11641439524934,-0.166982269990668,"female","white","yr1","Health","stats","Kinesthetic",1.48549745643633,-1.2873781447586,-0.928680676200752,-0.217466378077518,0.0263799277560198,0.485797511862438,0.289085934185053,-1.08072739343447,-1.40930667955608,0.566498001635311,-0.358667856713796,-0.511293747924917,0.0305025050069297
"597",1.13867364875799,-0.0350343597409613,"female","white","yr1","STEM","math02","Visual",-1.16229375691451,-0.392185307968545,-0.548865285275796,-0.385460249109597,-0.45935063331964,-0.432575602573892,0.112473280590918,-0.590295429943817,-0.360830024969286,-0.279511412276187,0.178209452536894,-0.439133277401321,-0.257328590419283
"598",-2.04401576545683,-0.400006954038169,"female","other","yr1","STEM","stats","Kinesthetic",2.30396435602473,0.788622463214609,0.344463121828151,0.665784827940386,1.09095126265959,0.696959767131131,1.58395471619486,1.38581903495456,1.26087730735256,0.48012338310851,-0.022584095086586,1.00670178887657,0.890938395195113
"599",1.46484345971501,0.452166745624496,"female","other","yr1","Other","math01","Kinesthetic",-1.2723748634059,-0.2570317001474,-0.109751259940703,-0.27942869653398,-0.478696263937778,-0.410933090750962,0.0617656934797333,-0.320964288146454,-0.21628937085204,0.48012338310851,-0.238091624870499,-0.322663121678197,-0.152642352162384
"600",1.54716907128541,0.130945085595236,"female","white","yr1","Other","math01","Kinesthetic",-1.49756894032656,-0.299652647463207,1.8202583414377,0.505786916991731,0.954351857497176,0.685820744335336,0.829021761343284,0.573114858306254,0.794724292178316,-0.669961290448948,-0.238091624870499,0.65165074821714,1.00861129082711
"601",-0.504963490888943,-0.50335207058653,"female","Asian","yr1","STEM","math03","Kinesthetic",2.30396435602473,1.44192832182675,-1.73786536793921,1.44699782696175,0.496447679233379,1.26266585861308,1.21874659528213,0.37397057066414,0.657539818181949,1.30676318392415,1.25196407103827,0.761512738788499,0.41939907059521
"602",-0.672653055228557,-0.181107926230798,"male","white","yr1","Other","math02","Visual",2.86443361635744,-0.247757004510696,-0.240748348475493,-0.0673892092595427,-0.0551248281616458,0.179686105295608,-0.249388821324738,0.478885067436133,-0.293920895134206,-0.0900765503962547,-0.298379740792148,0.0568235949475541,-0.086496956628174
"603",0.790244584292322,-0.165065408461187,"male","white","yr1","STEM","math04","Auditory",-0.26654931316976,0.64729034957555,-0.821321948339797,-0.683416541960427,-0.451906232851181,-0.783193718946448,-0.731101808152594,-0.21268756558861,-0.783724000843504,-0.099761356944184,-0.298379740792148,-0.480669001910878,-0.747795427294384
"604",-0.340312267748147,0.399247163153322,"male","white","yr2","Business","math03","Visual",0.216642403006599,-0.2570317001474,0.0411964867492419,-0.27942869653398,-0.478696263937778,-0.410933090750962,0.0617656934797333,-0.416203805256453,-0.21628937085204,-0.34651641770713,0.178209452536894,-0.347839442416392,-0.113194287029057
"605",-0.754978666798955,-0.173757670451378,"male","white","yr3","Business","stats","Kinesthetic",1.26030337951567,0.653451047880226,-0.239583977984647,0.212013448901088,-0.286304354381467,0.438767813053039,0.174564153466572,0.504979393793519,-1.22970299265622,0.233368322345564,-0.0828722110082349,-0.0167802090180941,0.153871590060143
"606",-0.32118564956407,-0.50335207058653,"female","white","yr2","STEM","math04","Visual",-0.343826857326109,0.0295355991182075,0.663232601280035,0.268517957412526,0.306127499360907,0.185243277831782,0.479632617259871,0.380033986074544,0.369194056724814,-0.0230715449653116,-0.190625975900191,0.307754433634674,0.406710534441713
"607",1.54716907128541,1.53544593625939,"female","white","yr5+","STEM","math04","Auditory",-1.87067955001153,-0.2570317001474,0.0411964867492419,-0.27942869653398,-0.478696263937778,-0.410933090750962,0.0617656934797333,-0.416203805256453,-0.21628937085204,-0.34651641770713,0.178209452536894,-0.347839442416392,-0.113194287029057
"608",-0.916497254615178,-0.283207184355063,"female","white","yr1","Other","math01","Kinesthetic",-2.32106770385286,-1.89735351172292,0.0438394017801379,1.44699782696175,1.01453195362578,1.26266585861308,-0.153645464224094,1.38581903495456,0.894616951630816,1.30676318392415,-0.17780350894885,1.19115828578098,0.404988734759062
"609",0.353413225858618,-0.214468458211903,"male","white","yr2","Business","math02","Kinesthetic",1.37541634994494,-0.397294955852571,0.811754009909278,0.472302236326788,0.891909163211203,0.784216156734363,-0.0718984686228678,1.03932172672723,1.21980552859317,0.413118377677567,-0.190625975900191,0.797472697254418,0.464784623916514
"610",-0.0550821966687987,-0.252814755435186,"female","white","yr3","Other","math04","Kinesthetic",1.48549745643633,-0.886869453357544,0.190989668710363,1.02690111001107,0.0138113337137661,0.175629542483985,0.264377060307474,0.659026390140685,0.000401721042966235,0.233368322345564,-0.190625975900191,0.502353770416708,0.204599184388076
"611",1.26193900020606,0.475559519173527,"female","white","yr1","STEM","math02","Visual",-1.87067955001153,-0.493413449295071,-0.221229072972595,-0.117526611222571,-0.418516167809171,-0.170309984651683,0.198585603490133,-0.098050374701503,0.501758078870567,-0.279511412276187,-0.358667856713796,-0.113510636436493,-0.0486829195318531
"612",-1.18260070751045,-0.167653273096053,"male","white","yr1","Business","math03","Visual",1.26030337951567,1.23945953300101,0.951398879925182,0.684079214353835,0.44291777299685,0.666489490030339,0.275374960533745,0.703118917938548,0.941885260246477,-0.0900765503962547,-0.358667856713796,0.626563046329956,0.58104545932296
"613",1.54716907128541,0.526913721336306,"female","other","yr3","Other","math01","Auditory",0.699834119182957,1.5516123992985,-0.446301611847894,0.925717009481623,1.09095126265959,0.92986655144665,-0.347132056077703,1.38581903495456,1.39439723145276,1.30676318392415,-0.238091624870499,1.10435479956069,0.091332340191252
"614",1.54716907128541,0.137272857048184,"female","white","yr3","STEM","math03","Visual",1.48549745643633,-0.626570968999519,-1.41497442891638,0.00122532893469041,-0.430319624261145,0.367579661704071,-0.701149907869289,-0.00618389792492338,-1.51541249453407,-0.34651641770713,-0.298379740792148,-0.289131811200166,-0.484823375934813
"615",-0.137407808239197,-0.160303017316633,"female","white","yr1","Other","math01","Visual",-0.937099679993854,-0.509533387045284,-0.688846315264957,0.157035628525429,1.01453195362578,0.250492787452076,1.01569851794619,0.247785337870046,1.39439723145276,1.0600081231612,0.537403671853529,0.540753885531991,0.263981624030465
"616",0.974022425617195,0.287880787720156,"female","white","yr2","STEM","math02","Auditory",-2.20595473342358,-0.437306020004944,-0.682612691682514,-0.967714526985537,-0.821944501739373,-0.4491350242825,-0.225422766319112,-0.651103681524731,-0.729710694641944,-0.279511412276187,-0.130337859978542,-0.776279654951886,-0.416336329675081
"617",0.296385208995689,0.163283133249869,"female","white","yr1","Business","math03","Kinesthetic",0.106561296515212,-0.2570317001474,-0.383036133522293,-0.726191249951043,-0.83217260998148,-0.720463699057163,-0.811041091117407,-0.775265305726448,-0.85977876707916,-1.17315621852277,-0.358667856713796,-0.75054846080287,-0.638995840545377
"618",0.730178226230574,0.155261874365064,"female","white","yr2","STEM","math04","Kinesthetic",-0.827018573502468,-1.72749984874531,-1.11307893553649,0.281169589833355,-1.45121749218998,-1.53046799025752,-1.27281466517718,-1.4931854345316,-0.912535819143126,-0.34651641770713,-0.022584095086586,-0.788982061238819,-1.27822852603081
"619",1.44571684153093,0.273755131480026,"female","Black","yr2","Business","math01","Auditory",-1.8378759876765,0.295038847796224,0.0279108348287871,-0.409294262987578,-0.731327296630463,-0.791634749373638,-0.054094516834716,-0.763157714536137,-0.407441447241314,0.659873438440513,0.261608026147967,-0.568447766420346,-0.292047628136625
"620",1.38251784814461,0.721714681606678,"female","white","yr2","Business","math03","Kinesthetic",-2.54122991683563,1.34519069650682,-0.390855704485819,-0.807549991576089,-0.726280990699448,-0.678738780176851,0.124651911856129,-0.827652120113704,-1.10997207933864,-0.916716351211895,0.457580969211222,-0.791659984042308,-0.298973517518008
"621",-0.666482078705166,0.0555271067780404,"male","white","yr1","STEM","stats","Visual",1.26030337951567,0.730017943308832,0.0559704889717681,0.200722391847509,-0.214872324270906,0.0924297156923766,-0.373185181537849,0.0928557658872673,-0.77593476731235,0.556813195087382,-0.358667856713796,-0.0580097841311738,-0.0831638369779578
"622",-0.194435825102126,-0.276431783894354,"male","other","yr1","STEM","math03","Visual",1.26030337951567,0.805997801616861,-1.25157161522358,-0.860438640735424,-0.622711533817455,-0.781311640029397,-1.00457228564317,-0.972948788313616,-0.77076584773211,-0.0900765503962547,0.183030057097119,-0.780459273016436,-0.955222619173165
"623",0.419650560443757,-0.323246969010203,"male","white","yr2","Other","stats","Auditory",0.106561296515212,-0.536648562362231,0.660913666060365,0.261533459331723,0.500080891274027,0.422682473766282,0.655231992583098,0.437783798591398,0.890492267995833,-0.34651641770713,0.145457785727019,0.431778027482427,0.551633502593183
"624",-0.156534426423274,0.121230339278574,"female","white","yr2","STEM","math04","Visual",1.26030337951567,-0.290399575542759,-0.224702572921089,0.303925894497634,0.863866493854028,0.264134149204679,-1.02514659980092,0.0949781665979988,0.268789683428313,1.30676318392415,0.664045241848509,0.376849526664481,-0.3237332915226
"625",0.27108761428822,-0.0484890128757058,"male","white","yr3","Business","math02","Visual",-0.601824496581807,-0.316706452159468,-0.135491978864014,0.474206922381807,0.596882182651238,0.486949616477888,-0.0160092801538977,-0.0719373682081073,0.323518451784032,0.489808189656439,-0.190625975900191,0.323519909827898,0.131483434715802
"626",1.05634803718759,-0.103773085884122,"female","white","yr1","Health","math02","Kinesthetic",-0.601824496581807,0.64729034957555,-0.827780183366325,1.21730343705596,1.09095126265959,1.26266585861308,1.62791578286547,-0.246587640320282,1.39439723145276,-0.0900765503962547,-0.238091624870499,0.764975212715376,0.800355739947557
"627",1.44571684153093,0.281776390364831,"male","white","yr1","Business","math02","Visual",-0.937099679993854,-0.628859318456962,-0.981757867190477,-1.15174372778331,-0.616857151457002,-0.373651519274651,-0.0420098831496931,-1.20637818117705,-0.43560077669796,0.48012338310851,0.715086761787584,-0.89375733921432,-0.4036212445301
"628",-0.85643089655343,-0.284453042779159,"male","white","yr1","STEM","math04","Kinesthetic",0.925028196103618,1.00778797682423,-0.859625137106996,-0.696698377493998,-0.622622093955949,-0.145912741264857,-0.93176287035935,-0.271015607524798,0.462774091960841,0.156678510366691,-0.0828722110082349,-0.39982009875093,-0.602248519112589
"629",1.54716907128541,1.02338194401066,"female","white","yr1","Other","math01","Auditory",-2.20595473342358,-0.666669604481351,0.0931191130101424,-0.301370815166773,0.0549261075592704,-0.369976425655528,0.0638201914020018,0.152545820760046,-0.153504924651944,-0.593271478470076,-0.130337859978542,-0.0584724786462597,-0.0843983499024897
"630",-1.18260070751045,-0.50335207058653,"female","white","yr1","STEM","math02","Auditory",0.925028196103618,0.0434589657618259,-0.413122923460635,0.602805551218938,0.30759954185621,0.548762823326316,-0.452985804742498,0.215293182911377,0.607102727885748,-0.669961290448948,0.262852759739425,0.397866267851093,-0.0720205768249235
"631",-0.137407808239197,-0.323917972115588,"female","white","yr2","Business","math02","Kinesthetic",-1.49756894032656,0.110080388360568,-0.216486174092232,0.742603124985956,0.824211773753311,1.14812310207384,-0.740174264541343,0.939911096082317,1.00829930190678,-0.34651641770713,-0.298379740792148,0.814445680425937,0.0912264741080503
"632",1.54716907128541,0.844618848645108,"male","other","yr5+","STEM","math04","Visual",1.15022227302428,-0.633233797781064,-1.73786536793921,-1.15719776506543,-1.97192448150134,-0.290451692483042,-1.04244659404634,-1.35261356454862,-0.167021604377529,-0.34651641770713,-0.358667856713796,-1.2550393080384,-0.921679050795959
"633",0.954895807433118,0.837843448184399,"male","white","yr3","Business","math03","Auditory",-1.27740672734379,0.592448310839677,-0.848334440594985,-1.14264195828185,-1.26352002723646,-1.24773256543298,-0.721309351213137,-1.31721522536196,-1.02163267200444,1.30676318392415,1.25196407103827,-1.15630035998277,-0.915983065189826
"634",0.112607367670815,-0.269752531220319,"male","white","yr2","Business","math02","Auditory",0.106561296515212,-0.473866242207995,0.241199333225107,0.096065940792521,0.974978662137089,0.376320744405022,0.274279532534812,-0.00150117558711953,0.755856399628789,-0.34651641770713,0.607332996895628,0.371122297240336,0.292275250366624
"635",-0.0550821966687987,-0.0569579007682721,"female","Black","yr4","Other","stats","Kinesthetic",-2.54122991683563,0.572369359299195,0.672096959731343,-0.915134608892361,0.265389389277672,0.663070288290967,-0.231644400657896,0.776687237510146,-1.19336776010765,-0.0900765503962547,-0.298379740792148,-0.153563865433141,0.329497994637022
"636",0.362622543580827,-0.034810985643337,"female","Asian","yr1","Other","math02","Auditory",1.6006104268656,1.07517195496698,0.39109991802726,0.0410848594462221,0.432532942452102,-0.213681690874453,0.244443469525987,-0.1394422723693,0.727281960201132,-0.34651641770713,-0.130337859978542,0.173012299795702,0.112017190494559
"637",-0.359438885932225,0.21847105847161,"female","Black","yr1","STEM","stats","Visual",0.441836479927259,-0.518657263147483,0.324943846325253,0.448548316368855,-0.303914181169949,-0.0161743991181938,0.442853029599364,-0.207577736882035,-0.313101582614811,-0.34651641770713,0.0935661453343622,-0.02847697503478,0.234090673917795
"638",-0.0550821966687987,-0.393902556682844,"male","white","yr5+","STEM","other","Visual",-0.228713886896835,0.514138166701803,0.201956385411147,0.226384258831101,-0.0164044939392688,0.277035578326657,0.118674964997602,-0.104982648354304,0.371830316304098,0.983318311182331,0.0377040208350628,0.0827252808228891,0.192422704691169
"639",0.974022425617195,0.27941189982759,"female","other","yr3","Other","math04","Visual",2.15604782326042,-0.666669604481351,0.189825298219517,0.072868682188784,0.252352770827869,0.0278311689041647,0.452755501826702,0.139606271232889,0.441061424520131,1.30676318392415,-0.190625975900191,0.176748606014744,0.217831105419692
"640",-1.34108095412785,-0.50335207058653,"male","white","yr1","Business","math03","Kinesthetic",3.0896276932781,0.66598694775442,1.8202583414377,1.44699782696175,1.09095126265959,1.26266585861308,1.34245386876641,1.38581903495456,1.39439723145276,0.156678510366691,-0.298379740792148,1.26908239271637,1.39253472138692
"641",0.853443577678642,0.728841563288474,"male","white","yr2","Business","math03","Visual",1.26030337951567,-0.139901063577728,0.0411964867492419,-0.766513345179698,0.169528094198492,-0.70796084016018,-0.0019110270377614,-0.550148879588421,-0.194027555640856,-0.099761356944184,0.225675101507201,-0.36614505833607,-0.240683136475505
"642",0.435738837429016,0.231925711606355,"female","white","yr1","Business","math03","Kinesthetic",1.15022227302428,-1.76608913103432,0.333060876786969,-0.0854835402032588,0.722406656452171,0.650421251776076,0.522443635661603,-0.0322969044183191,-0.312402066089021,1.30676318392415,-0.358667856713796,0.115865869383525,0.50017909637363
"643",1.54716907128541,1.09403753168331,"female","white","yr1","Business","math01","Visual",-2.87650510024768,-0.323594278914408,0.0462657398408398,0.583784565213885,1.09095126265959,0.574063327735875,1.62791578286547,-0.0525958339670487,1.39439723145276,-0.34651641770713,0.178209452536894,0.616061013432378,0.784851786701879
"644",-1.11636337292531,-0.50335207058653,"female","white","yr2","Health","stats","Auditory",-1.16229375691451,0.619869330207614,-0.0692365387948663,0.583784565213885,0.597127004947748,0.2101563823964,0.177521914371866,0.72597816911435,-0.536997805834529,-0.34651641770713,-0.358667856713796,0.46915845912174,0.118443074251096
"645",-0.403511261134468,-0.400006954038169,"female","white","yr1","Health","stats","Kinesthetic",1.71069153335699,0.0230008737957506,-0.623314057272376,0.0114236389289232,-0.978976582416761,-0.456716954080968,-0.898718536978376,0.619635264816636,-0.53898199810586,1.0600081231612,-0.298379740792148,-0.149594124294429,-0.63902985207171
"646",1.54716907128541,0.546662735853929,"female","white","yr3","Other","math04","Visual",2.38124190018108,-0.452001776220316,-0.263341921661545,0.187719138112317,-0.0319425910439123,-1.27261506162171,-0.179735153948717,-0.0870554579820448,0.419631147021014,-0.34651641770713,0.178209452536894,0.0767621543624014,-0.582486425732537
"647",0.214059597425291,0.0904576719323349,"female","white","yr1","STEM","stats","Kinesthetic",-1.05221265042313,-0.482088795064888,0.779779667403524,0.248692598508129,0.739771660944144,0.636510396383892,-0.224437149729092,0.677888487080765,0.234718230670171,-0.916716351211895,-0.358667856713796,0.477282425784452,0.350751991068194
"648",0.521102790198232,0.397553675721465,"female","white","yr1","Health","stats","Visual",-0.827018573502468,0.412685011580273,0.930727414093469,0.583784565213885,0.306127499360907,0.42586638393106,0.490765393557486,0.484807614849056,0.589053930300359,-0.34651641770713,0.00534696716306367,0.460621475149987,0.565746414513295
"649",0.419650560443757,-0.144483873644647,"female","white","yr1","STEM","stats","Visual",-2.87650510024768,-1.0491388912901,0.128671983905414,-0.626630692922532,0.859006061614586,-0.818980611350649,-0.203536777275482,-1.49836627430639,-0.5858428724967,-0.0230715449653116,0.145457785727019,-0.438966418387831,-0.327673587719849
"650",-0.156534426423274,-0.50335207058653,"male","white","yr1","STEM","math03","Auditory",1.82077263984837,0.623564328120122,-1.1438889075514,-0.808284595379792,0.0345021601434006,-0.875650489616799,-0.838903823140595,-0.18146853899248,-0.7678416555415,-0.849711345780952,-0.358667856713796,-0.383639626345671,-0.902551564035851
"651",-1.28405293726492,0.00634743112494903,"male","white","yr3","STEM","stats","Visual",-0.942131543931742,0.000279127414220219,0.0411964867492419,-0.27942869653398,-0.478696263937778,-0.410933090750962,0.0617656934797333,-0.416203805256453,-0.21628937085204,-0.34651641770713,0.178209452536894,-0.347839442416392,-0.113194287029057
"652",1.03105044248012,0.15650773278916,"female","white","yr1","Other","math02","Kinesthetic",0.331755373435873,-0.00322698925465691,0.245114021587881,0.864817800508991,0.408034045274069,0.673822576236091,0.617548159148172,0.836377292382925,0.701676099002694,0.813253062398258,-0.130337859978542,0.681930891259525,0.518750425629017
"653",0.974022425617195,0.461881491941158,"female","Black","yr1","STEM","math02","Visual",-1.27740672734379,-0.238734556881663,-0.803797628245343,-0.64118272704321,-1.09222776282479,-0.787741465212416,-0.431020538524428,-0.76427038900699,-0.628789744872558,-0.0900765503962547,0.117921336615245,-0.761515180765507,-0.639864550878483
"654",-0.748807690275564,-0.50335207058653,"male","white","yr2","STEM","math04","Kinesthetic",1.48549745643633,0.580940706699373,0.930727414093469,0.441537441683176,0.118722868727844,0.080418040249737,-0.0617513089152719,0.724408893591147,0.803657230345704,0.233368322345564,-0.298379740792148,0.455246270281573,0.250119647869457
"655",-0.156534426423274,-0.160303017316633,"female","white","yr3","Other","math04","Kinesthetic",-1.16229375691451,-0.151491732431255,1.8202583414377,1.31667573626027,1.09095126265959,1.06173936511745,0.916664536866405,1.38581903495456,0.908045977406441,0.813253062398258,-0.358667856713796,1.17139315822192,1.17242845697737
"656",-0.831133301845962,-0.323917972115588,"male","white","yr3","STEM","math04","Visual",0.106561296515212,1.49193764728643,-0.212688694332512,-0.343504513748198,-0.289692744125606,0.188530971605963,-0.337200939378083,0.297734018491702,0.602694974268322,-0.34651641770713,0.397292853289573,-0.03509492963535,-0.106745670623269
"657",0.704880631523106,0.00634743112494903,"female","Black","yr2","Health","math02","Auditory",0.66703055684792,-0.644828711106131,0.0411964867492419,-0.745587673119627,-0.478696263937778,-0.410933090750962,0.0617656934797333,-0.440424509874358,-0.21628937085204,0.48012338310851,-0.0828722110082349,-0.501550912774502,-0.113194287029057
"658",-0.137407808239197,-0.00167382775985634,"male","white","yr1","Other","math02","Visual",1.48549745643633,-0.409844896775899,-0.631854435912459,-0.0554566103339895,-0.22456277589605,-0.475691416916912,-0.648465265591469,0.0186007464280791,-0.0328648785568964,0.48012338310851,-0.238091624870499,-0.0747772773751203,-0.560449771233762
"659",-0.0711704736540579,-0.385881297798039,"male","white","yr3","STEM","stats","Auditory",-0.937099679993854,-0.564375425781157,1.66077021610767,1.44699782696175,1.09095126265959,0.849213273747569,1.62791578286547,1.38581903495456,1.39439723145276,0.803568255850328,1.19167595511663,1.26908239271637,1.3042460738715
"660",-0.628228842337011,-0.0501825003075625,"female","Black","yr1","STEM","stats","Visual",-1.49756894032656,-0.63770092312063,-1.27890808729,-0.484379796728918,-0.0577475430806003,0.0767429466306143,0.478837271759129,-0.25758255703974,0.198831317119394,0.726878443871456,0.542224276413754,-0.213062093232909,-0.1395527937438
"661",-0.32118564956407,0.0329325626453444,"female","white","yr2","Business","math02","Auditory",1.48549745643633,0.517668762369562,0.719060110141688,0.138199639373946,0.0805147730506455,-0.0548774744330992,-0.559637975340587,-0.267196780686597,0.188854143006751,0.413118377677567,-0.022584095086586,0.0159023867596165,-0.0272725586115659
"662",-0.257986656177749,-0.282536181249678,"female","white","yr3","Other","math04","Visual",0.925028196103618,-0.376381204171537,1.8202583414377,1.00651205611893,0.414811081849953,1.09626620502987,0.435120892568773,0.684820760733566,0.0973833879184877,0.736563250419385,-0.358667856713796,0.618194674373918,1.01622509685746
"663",1.54716907128541,0.0214955716915502,"male","white","yr1","STEM","math04","Visual",0.777111663339306,0.296117355852429,0.0411964867492419,-0.27942869653398,-0.478696263937778,-0.410933090750962,-0.37921752341431,-0.416203805256453,-0.21628937085204,-0.099761356944184,0.411360053832373,-0.347839442416392,-0.267440901666108
"664",-0.571200825474082,0.486102132924312,"female","white","yr1","STEM","math02","Kinesthetic",2.60643597710174,-1.78157133042072,-0.645581276247192,0.284174077351782,1.09095126265959,0.769020571126945,1.10932693486802,0.388328272663937,0.788971950432486,0.166363316914621,0.457580969211222,0.567598248181236,0.491715562968561
"665",0.704880631523106,-0.160303017316633,"male","white","yr1","Business","math02","Visual",2.86443361635744,1.5516123992985,0.24279746076822,-0.204084426208155,0.277893961530204,0.344652419665906,0.446669450815529,0.514584516526248,0.773021683622175,-0.157081555827198,-0.358667856713796,0.233559985755961,0.34177338653184
"666",0.974022425617195,0.500898792269827,"female","white","yr1","STEM","math03","Visual",-1.49756894032656,-0.323381343023577,-0.493361756225369,-0.405212066255449,0.134818687948557,1.01242901716601,0.340016369082204,-0.104222260580164,-0.541618257685144,-0.0900765503962547,-0.238091624870499,-0.183496201739594,0.348629924903503
"667",-2.2277936067817,-0.50335207058653,"male","white","yr1","Business","math02","Visual",2.30396435602473,-0.227382170582463,0.022843956137199,0.526360967737439,-0.0642068644991504,0.42586638393106,0.720362979971041,0.37397057066414,0.624273218582086,0.413118377677567,0.775374877709233,0.321038531607954,0.408792260610758
"668",-2.2277936067817,-0.50335207058653,"male","white","yr2","Business","stats","Auditory",0.216642403006599,-0.51434252770902,1.8202583414377,1.44699782696175,1.09095126265959,1.26266585861308,1.62791578286547,1.27285959005892,1.39439723145276,-0.0900765503962547,0.602512392335403,1.23922185476533,1.49238326929248
"669",0.521102790198232,-0.0501825003075625,"female","white","yr1","Other","math02","Kinesthetic",-0.118632780405448,0.265073464609535,-1.10062386853364,-1.66721716306749,-0.639310863484244,-1.07074274024572,-0.532931113572877,-1.41975798295748,-1.13853057313792,-0.0230715449653116,-0.25091409182184,-1.20056056197701,-0.853329552411708
"670",0.214059597425291,-0.0428322445281424,"female","white","yr3","STEM","math04","Kinesthetic",0.106561296515212,-0.660908361089807,0.484225200447108,-0.394457115677538,-0.875474407975901,-0.625252196822916,-0.572696195475724,-0.21581969253922,0.227962494158855,-0.34651641770713,-0.358667856713796,-0.382703111534806,-0.295254559258094
"671",0.704880631523106,0.0204730873650788,"male","white","yr5+","STEM","math04","Kinesthetic",1.26030337951567,-0.931990165393943,-0.254357980207174,-0.0477375084494834,0.190154898838404,0.370334393267966,-0.406889073212984,0.141442433572332,-0.275110931586003,0.233368322345564,-0.130337859978542,0.0397515030381241,-0.0776106000837762
"672",1.03105044248012,0.199236182730635,"female","white","yr5+","STEM","math03","Kinesthetic",-0.937099679993854,-0.339820981968486,-0.941135743203608,-0.450806264910922,-0.489973615991516,-0.687965115679706,-1.38363397219178,-0.0270359526611813,-1.75849008527525,1.30676318392415,-0.0700497440568935,-0.481231181344424,-0.973616232811035
"673",-1.59109613003787,-0.50335207058653,"male","white","yr1","Business","math02","Visual",1.82077263984837,0.454463414689735,0.0931214874101523,-0.0187850268232764,1.09095126265959,1.0220427525138,0.527653881491671,1.12611583419727,1.30710138002297,-0.34651641770713,-0.358667856713796,0.7270926400464,0.570936160768283
"674",1.19570166562092,0.377100248028387,"female","white","yr1","Other","math02","Auditory",-2.87650510024768,-1.10524632058022,-1.73786536793921,-1.3619676410697,-1.63734420945268,-2.08453204011501,-1.01557018586944,-2.10738960128255,-0.848633672819734,1.30676318392415,-0.0700497440568935,-1.51152518868598,-1.54779495761859
"675",1.54716907128541,0.965028967289552,"female","white","yr3","STEM","stats","Kinesthetic",-2.87650510024768,-0.123879517273653,1.12494019980118,0.583784565213885,-0.478696263937778,-0.410933090750962,0.844840738172604,0.484807614849056,-0.21628937085204,-0.34651641770713,0.178209452536894,0.163120721063866,0.443929961060555
"676",-0.957883126307906,-0.103102082778736,"male","white","yr3","Other","math02","Auditory",0.106561296515212,-0.2570317001474,0.491613388758376,0.137025784459727,-0.0832347799599542,-0.16663489103256,0.200476580868776,0.484807614849056,0.282446673024646,-0.34651641770713,0.178209452536894,0.18264654360665,0.139571657876411
"677",-1.61022274822194,-0.124577994798286,"male","white","yr3","Business","math03","Kinesthetic",1.26030337951567,1.44192832182675,-0.998010413953053,-0.588039823626928,-0.0433213717096716,-1.24773256543298,-1.14611306652312,-0.929616648289893,0.2450553897898,-1.17315621852277,-0.358667856713796,-0.414350605528528,-1.10368613702889
"678",-0.238860037993672,-0.50335207058653,"female","Asian","yr3","STEM","stats","Auditory",1.48549745643633,0.562340119054126,0.366406360991742,0.690071593403349,0.876371066106559,0.684948091688491,0.168553447405433,0.561185035018975,-0.70744887943076,0.413118377677567,-0.190625975900191,0.511939189448636,0.397340590930486
"679",-0.340312267748147,0.516046932836428,"male","Black","yr1","Business","math02","Auditory",0.216642403006599,-0.2570317001474,0.0411964867492419,-0.524601243158997,-0.459541501793168,-0.42612867635838,0.353040122758462,-0.253970992788151,0.195379465456412,-0.279511412276187,-0.0177634905263611,-0.329622469844748,-0.0166953732029671
"680",-0.979696248001499,0.382086013270565,"female","white","yr2","Business","math02","Kinesthetic",0.551917586418646,-0.37037314209105,0.235409272456952,0.550299884548943,0.799951757072751,1.03039643536981,-0.0160092801538977,1.38581903495456,0.0430495778080122,0.48012338310851,-0.238091624870499,0.753100013922765,0.420918299907917
"681",-2.12634137702723,-0.50335207058653,"male","white","yr1","STEM","math03","Kinesthetic",1.48549745643633,1.44192832182675,0.373575597932806,1.44699782696175,1.09095126265959,1.26266585861308,1.62791578286547,1.28104540618005,1.39439723145276,0.48012338310851,0.715086761787584,1.24138575414684,1.11431313347083
"682",-0.691779673412635,-0.400006954038169,"male","white","yr1","STEM","math03","Kinesthetic",0.925028196103618,-0.2570317001474,-0.224702572921089,-0.338408619721721,-0.650821485615764,-0.409051011833911,0.321116989295119,0.717476619938346,-0.717113206578386,-0.34651641770713,1.02363407430302,-0.169705904060302,-0.0913009633485546
"683",0.112607367670815,-0.0428322445281424,"female","white","yr2","Other","math02","Auditory",-2.54122991683563,0.490130559527024,0.796980007686752,0.583784565213885,0.317638121492427,-0.0493067945535318,0.581563916988407,0.317892080042949,0.589053930300359,-0.34651641770713,-0.130337859978542,0.419488752480956,0.394232325650697
"684",0.54022940838231,-0.50335207058653,"female","white","yr2","Business","math02","Visual",-1.16229375691451,0.41646934854076,0.646032260996806,-0.939425147018228,-0.588246949864029,-0.0193583092829723,0.62338931880012,0.039586375864399,-0.104111390260149,-0.0230715449653116,-0.298379740792148,-0.451347684463367,0.380022548297741
"685",0.214059597425291,0.906582174327559,"male","white","yr1","Business","math02","Visual",-2.20595473342358,-0.32472152234114,-1.29251771902168,-1.26259208089476,0.0533646252024609,-1.13872988039742,-0.459897735488885,-1.42355812965968,0.0866533365275029,-0.0900765503962547,0.11310073205502,-0.751365622411765,-0.902015841844631
"686",0.353413225858618,-0.102431079673351,"female","white","yr5+","STEM","math04","Kinesthetic",0.441836479927259,-0.421319278181428,-0.0652144475910611,-0.425221910321151,-0.211956775031498,-0.410933090750962,-0.325353984516358,0.100159006372791,-0.113404993475372,-0.593271478470076,-0.298379740792148,-0.176147381711772,-0.276409570712427
"687",-1.48964390028339,-0.277102786999739,"female","white","yr1","STEM","math02","Auditory",1.82077263984837,0.978801059681749,0.177262828375629,-0.482645507797597,-0.620346969813163,-0.608440382507221,-0.0479868300082202,-0.411709665369252,-0.0494869015236096,0.233368322345564,-0.298379740792148,-0.42829621741618,-0.185987348442611
"688",1.54716907128541,1.41017727868371,"female","white","yr5+","STEM","math02","Kinesthetic",-1.87067955001153,-0.921436496492741,-1.44071514783969,-1.08585233658105,-1.08510473242799,-0.949075129713803,-1.18497369877258,-2.0894624109103,-0.984225443141222,-1.17315621852277,-0.0828722110082349,-1.29178973891724,-1.12718004407096
"689",1.54716907128541,0.563980750065423,"female","white","yr2","Other","math04","Kinesthetic",-1.38748783383518,0.393908237939877,0.914798847142118,-0.116607522257563,0.0725834091367928,0.226835476695874,0.295226401587206,0.412700100332404,-0.0645948812491685,0.983318311182331,0.289539088397617,0.083603011235963,0.422685622322603
"690",-0.137407808239197,-0.0838672070377612,"male","white","yr2","STEM","math04","Visual",-3.8873625144217,1.44192832182675,1.11712062883765,0.284014945410824,0.306127499360907,-0.133901065822217,0.844840738172604,1.25705480039739,0.589053930300359,-0.34651641770713,-0.022584095086586,0.570034185560961,0.54001942276119
"691",1.19570166562092,0.803908060884583,"male","other","yr2","Business","math03","Visual",-2.20595473342358,1.27214259015407,-1.42742949591924,-1.03844582490817,-0.483942231010592,-0.593036614428434,-1.26288354847756,-1.86566592182973,-0.375552738808978,-0.34651641770713,-0.358667856713796,-0.990721739354255,-1.02483979717726
"692",-0.276761436672524,-0.400006954038169,"female","white","yr2","STEM","stats","Auditory",3.20474066370737,-0.2570317001474,1.41901612221754,1.00495899137827,0.306127499360907,0.42586638393106,0.844840738172604,0.899510244518389,0.589053930300359,-0.34651641770713,-0.298379740792148,0.703340471101124,0.817201859802881
"693",-0.26415763270114,0.674005119287819,"male","Black","yr1","Other","math02","Auditory",-1.94795709416788,0.0576394410859067,-0.25276222706407,-0.492847590454734,-0.670128369543965,-0.920725722377319,-0.48883517083092,-0.760785975359667,-0.136570054720213,0.413118377677567,0.481936160492105,-0.54685072185106,-0.563188541574406
"694",-0.812006683661885,-0.50335207058653,"female","white","yr2","STEM","math02","Visual",1.48549745643633,-0.579573833101346,0.177262828375629,0.526360967737439,0.306127499360907,0.752873226986726,-1.19105974978376,-0.305366761071537,0.0294085338400489,-0.34651641770713,0.238497568458543,0.168572322327099,-0.103592275839817
"695",-2.2277936067817,-0.50335207058653,"female","white","yr1","Business","math02","Auditory",1.71069153335699,-1.10651171113448,0.930727414093469,0.583784565213885,0.306127499360907,0.42586638393106,0.844840738172604,0.484807614849056,0.589053930300359,-0.34651641770713,0.178209452536894,0.460621475149987,0.689594491131711
"696",-0.672653055228557,-0.00902408353927649,"male","white","yr1","STEM","math02","Kinesthetic",1.71069153335699,0.64729034957555,0.660913666060365,0.157058232467401,0.363392046250105,0.42586638393106,0.660359177549905,0.543257844646716,-0.14780348297045,-0.0230715449653116,-0.298379740792148,0.270492837062191,0.554554719428482
