"","sex","race","class","major","math.level","modality","mea","mla","selfEfficacy","technology","cooperative","deductive","demonstrative","inductive","integrative","lecture","repetitive","engage","resource","teacher.ctrd","student.ctrd"
"1","female","Asian","yr3","Health","stats","Visual",1.12466368201378,0.333504845690519,-0.597180839626671,-0.629743689774853,0.917064664804872,0.0528340384953553,0.239771508832906,0.44770092403371,0.938778409507174,0.237104281533126,0.6390901942999,-0.346338725843645,-0.352923347074065,0.217799300378474,0.739483531393544
"2","female","white","yr2","Health","stats","Auditory",-0.398788098866506,0.91037183495997,0.555089193625425,-0.4156824219915,1.23040061573802,1.07108405510026,0.979540115133492,0.740683411143043,1.44690893394807,0.82038246495591,1.1521617405273,0.741078814157338,0.164523879072639,0.948769326237632,1.10657534734013
"3","female","white","yr2","STEM","other","Visual",-0.0455912155046277,-0.389446695623462,1.3824096819889,0.366866531992268,0.36234974318391,0.892633949128685,0.527498790271505,0.968980612772223,0.866530009898095,0.865338215346514,0.996390033076181,-0.346338725843645,0.0611798367494736,0.76831475025446,0.745751597892531
"4","female","other","yr1","Other","math02","Visual",-0.430775758394179,-0.497556424846265,0.555089193625425,-0.342855659167219,-1.11653433108127,-0.471139846538028,-0.919193271563757,-0.602393251503214,-1.08756763157684,-0.0657546971215431,-1.0173639647465,0.484725501406459,-0.191568062242842,-0.524266758122236,-0.896853545678245
"5","female","other","yr1","STEM","math04","Kinesthetic",-0.588814973639841,-0.497556424846265,3.09543696000112,0.208798803375246,-0.872196763639657,0.497407048716181,1.09562411681238,1.25970296808463,1.38994877131384,1.17211282934881,1.37616993798703,1.31578972865656,0.131142507419603,0.91413467113493,0.695020299948701
"6","female","white","yr1","Other","math02","Auditory",0.199785830797642,-0.175177576461134,2.05148344171189,-0.514388506409499,-0.412434962364337,-0.441959728112908,-0.166374807176646,0.0844506154477572,-0.35958925132601,-0.140752313864143,0.0535572283130915,0.484725501406459,-0.0302127774116195,-0.213923130477232,-0.207499206083796
"7","female","white","yr1","Health","stats","Auditory",0.199785830797642,-0.10444828454696,-0.931717719488165,-0.526191611467702,-0.845307438306751,-0.846347706840403,-0.896891526498782,-1.22999810783843,-0.119206226216268,-1.25392180547831,-1.80440478596134,-0.350023349896254,0.359260535556897,-1.04395976658763,-0.702674701831588
"8","male","white","yr3","Business","math03","Visual",0.949988019900563,0.841592882329073,-0.823401204525293,-0.26038116509647,-1.01393191600225,-0.0761727242865537,0.0501835336085995,-0.0313242495555338,-0.191358313001584,-0.246015979360968,-0.505216537043655,-0.346338725843645,-0.352923347074065,-0.134438962956533,-0.353135591963879
"9","female","white","yr2","Other","other","Visual",-1.94909674593158,-0.332542548821972,1.26450583205315,-0.626757188434307,-0.709941325278976,0.107559023148219,0.628196833914201,0.104010132822405,0.480735312895364,0.608717152567515,0.101060198788719,-0.346338725843645,-0.352923347074065,0.370085002584468,0.0137085065384275
"10","male","Asian","yr5+","STEM","other","Kinesthetic",-1.68580309029775,-0.497556424846265,1.59904271191465,1.52393034932561,-0.380087074493515,1.00901409139259,0.515858987290485,-0.561100790595414,0.18401967035316,0.396142543752352,-0.737749937038891,-0.855360727292794,0.0763583202493751,0.474756227691676,-0.234188427739374
"11","male","Black","yr3","STEM","math01","Visual",0.181869221466081,-0.290157472800384,-1.86735472281452,1.52393034932561,-1.43435782274244,-0.516834133041057,-1.18887755852917,-0.556727141709207,-0.433129453984064,-0.359021747897435,-0.239312795039084,0.48104087735385,-0.294912104566007,-0.594078616405721,-0.737395336256438
"12","male","white","yr5+","STEM","math03","Visual",1.280137500588,-0.0475441377454702,-1.60079147921115,1.52393034932561,-0.408557276829095,0.194583028696984,0.724405143766862,-0.367983138941975,-1.03120905600238,0.110365155011219,0.306261074041454,-0.346338725843645,-0.100175448081749,0.315840997884654,-0.601515233113053
"13","female","white","yr2","Health","stats","Kinesthetic",-0.988385676052324,0.621540387906779,1.26450583205315,0.278532192481199,-0.212636775859465,0.529154693927505,0.487010319927918,-0.73654883032711,0.226724297833425,-0.79086845614243,0.144050562933623,0.158998651552895,-0.352923347074065,0.105295277019177,-0.235084903093721
"14","female","white","yr5+","STEM","other","Kinesthetic",0.617273142541686,-0.28133696640066,1.26450583205315,-0.878786449985434,-0.768774948555663,-0.445648464615935,-0.341114784794206,0.232008334883036,-0.503310984354551,0.76086616408365,-0.849710273153579,-0.672065575697209,-0.23690086205795,-0.129444060358254,-0.303469257625239
"15","male","white","yr1","STEM","math04","Visual",-0.988385676052324,-0.0620632085253715,1.15618931709028,-0.133071622821876,0.336680128236571,0.538972544607673,0.319867820574012,0.608752200549561,0.123614364904556,0.802247887787123,0.154223115642273,1.31578972865656,0.0277984650964382,0.485647612387269,0.350978022970848
"16","female","white","yr1","Other","math02","Kinesthetic",1.45481316270121,0.499690324451081,-1.86735472281452,0.695421093917185,-1.08867398393847,-0.593789358116599,-0.296074145589176,0.517360109157798,-0.334009094873647,-0.287700987602073,0.342719893731018,-1.17740295309375,-0.352923347074065,-0.300625317672101,-0.231022070114824
"17","female","white","yr1","Other","math01","Auditory",-0.465643923920112,-0.497556424846265,1.03828546715453,-0.26038116509647,1.8194510001737,1.45210273364758,1.09562411681238,1.25970296808463,0.0620288519513763,1.3870550416303,1.37616993798703,1.31578972865656,-0.178889619549892,1.27620653520245,0.962546997529522
"18","female","Black","yr2","Health","stats","Kinesthetic",-0.655670798693447,0.064791493643286,1.94316692674902,0.333114327810306,0.931198187346884,0.444061843392755,0.168927084070249,0.281607453209894,0.616274702144445,0.0769574584378162,0.443674878525626,-0.0936700371453748,0.803720686380239,0.259521576702886,0.571596022932978
"19","male","Asian","yr1","Other","math02","Auditory",1.12466368201378,-0.0356693319160627,-0.113984566097563,-1.32801621454335,-0.536413496777515,-0.526163292725947,0.153242444026096,-0.312207209179906,-0.338945009686512,-1.3303081163276,-0.925072643353494,-0.599007414541915,-0.352923347074065,-0.586594598990362,-0.373363468035674
"20","female","white","yr3","Business","math03","Visual",1.36747533164461,-0.0969837319174146,-1.49247496424828,-0.623368611844796,-1.2601595940352,-0.516917207843346,-0.529292704913008,-0.476516952126664,-0.409046865850361,-0.727586897268547,0.122192382749973,0.484725501406459,0.599329991856263,-0.478032105149671,-0.65322162972582
"21","male","white","yr2","Business","math03","Auditory",-0.743008629750054,-0.374927624843561,-0.113984566097563,0.723488660182193,-0.50120447650546,0.273631862361532,-0.0284785070841979,0.177090121727481,-0.202858921330383,0.24043150328493,-0.867206483605833,-0.0279811240952987,-0.294912104566007,0.0425226844780611,-0.144073055578523
"22","male","other","yr2","Health","stats","Auditory",0.199785830797642,-0.10945292325992,-2.42811196757463,0.515868955348134,0.0692248446601883,-0.414934185380949,-0.722913213847,-0.509864596364626,-0.887080700757899,-0.594051889013322,-0.248334557767617,0.484725501406459,-0.23690086205795,-0.503955572388514,-0.470268197999664
"23","male","white","yr5+","STEM","other","Visual",-0.868745076141224,-0.389446695623462,1.15618931709028,0.423755891952282,-1.43982549741706,0.335701826069208,-0.849264033579984,-0.370632969020351,-0.183635550025793,-0.679210027382439,-1.35061039302389,0.484725501406459,-0.133556819734785,-0.448685211353658,-0.585795657854279
"24","female","white","yr3","STEM","stats","Kinesthetic",-0.063507824836189,-0.0905235992801563,1.7169465618504,0.687231126200523,-0.517228109638813,-0.240329775613326,-0.389220315416808,-0.253245136350364,0.140608078566227,-0.46544715082591,0.008687807795171,0.22837218865558,-0.294912104566007,-0.297716847793697,-0.178772725345849
"25","female","white","yr1","Health","stats","Auditory",-1.81153953668892,-0.274466799284212,1.49072619695178,0.14304413131266,0.931198187346884,0.586406600707224,0.306628815783969,0.42510187829924,0.757543331339529,0.486921958217911,0.581026256999934,-0.0936700371453748,0.356236130903665,0.464721145086021,0.671667518068853
"26","male","white","yr2","Other","math02","Kinesthetic",1.12466368201378,0.401689412808318,-2.42811196757463,-1.02667330063423,0.795832074319108,0.586406600707224,0.306628815783969,0.42510187829924,0.370747853853676,0.486921958217911,0.581026256999934,1.31578972865656,0.980254454711363,0.464721145086021,0.498698316859793
"27","female","white","yr2","STEM","other","Visual",0.266641655851248,-0.09817250294361,1.49072619695178,-1.10616129336443,-1.13297377429256,-0.517272940452969,-0.304760553920505,-0.451657774595265,-0.179645976207341,-0.205684468639934,-0.709493293771837,-0.350023349896254,-0.352923347074065,-0.380782954437808,-0.529107887911039
"28","male","white","yr3","STEM","other","Visual",0.269207052522688,-0.0557874269220216,-0.823401204525293,-0.555133576489554,-0.930420531723561,-0.652917593600781,-0.786439260338606,-0.688988141514909,-0.119206226216268,-0.317342897399924,-0.375124969417587,-0.602692038594524,-0.352923347074065,-0.538657355884858,-0.535918701267905
"29","female","other","yr3","STEM","math01","Kinesthetic",1.54215099375782,1.07214706052067,-3.20550224226049,1.36310913404725,-1.4463097252257,-2.01068179811386,-1.15672184664995,-1.85245132120709,-1.50915977671223,-2.10300713100063,-1.3284462892106,-0.921049640342871,0.310903331088557,-1.65105278950901,-1.57408729107189
"30","male","Asian","yr3","STEM","other","Visual",-1.59846525924114,-0.381982142993917,-1.49247496424828,0.470112351351841,-0.636685778007055,-0.288003866216096,-0.725572762629765,-0.160069317081543,-1.21580616278671,0.89261252167804,-0.736883209779892,0.550414414456535,-0.352923347074065,-0.130392496576014,-0.655677558574012
"31","female","white","yr2","Business","math03","Visual",-0.238183486949403,-0.497556424846265,1.49072619695178,0.57541567177969,-0.819637823359413,-0.903682688422411,-0.127827312752868,-1.04568766302663,-0.508791075069756,-0.468118038829867,-0.503170522442245,-0.346338725843645,-0.352923347074065,-0.503457463719584,-0.767956344296395
"32","male","other","yr2","STEM","stats","Kinesthetic",-1.1809779474971,-0.497556424846265,-2.88055269737188,0.599765909332505,0.372799625305527,1.30478295970423,0.957922385098657,0.306101077962558,0.92244299049695,0.840605674276424,1.23881855951272,-0.346338725843645,0.307676275750728,1.03350071305095,0.535487995971599
"33","female","other","yr1","Business","math03","Visual",-0.0455912155046277,-0.173227237177857,1.93357959177614,0.471547415353736,0.62604252969887,-0.535824183705186,0.233692833231436,0.090392766169453,-0.152201359456954,-0.133939995753522,0.46790867527532,-0.599007414541915,-0.352923347074065,-0.0899538923962439,0.150914977268406
"34","female","white","yr1","STEM","math03","Visual",-0.412859149062617,-0.0545986558958262,2.8692165951025,0.480053561189201,0.633691824432245,-0.212590965249674,-0.0689072126390459,0.308469296689435,-0.89332841356598,0.962400868626028,0.512391102563052,1.05943641590568,-0.191568062242842,0.229010251065229,-0.0310577176507155
"35","female","white","yr3","Other","stats","Kinesthetic",-0.44869236772574,-0.273872413771114,-2.20189160267601,-0.265378453348985,0.101041733979256,1.45210273364758,1.09562411681238,1.25970296808463,1.51755748921897,0.931570162312882,1.37616993798703,0.484725501406459,-0.294912104566007,1.1563516853539,1.00548771677469
"36","female","white","yr5+","STEM","other","Kinesthetic",-0.57089836430828,-0.393856948823324,1.3824096819889,-0.500519442486719,0.985938747685876,0.735095729578728,0.219740677253647,0.951958164980714,0.852668153435735,1.04932059857233,0.725358599169634,0.993747502855608,-0.0882240199196771,0.654842398325322,0.905071954504377
"37","female","white","yr1","STEM","math02","Kinesthetic",0.197220434126202,-0.177637490377719,-1.49247496424828,-0.37309900576623,0.994613707689971,0.426605494848904,1.00247794698475,0.474077940733099,-0.477411323989627,0.758009673734866,0.481227096929752,0.737394190104729,-0.133556819734785,0.652989787739016,0.271861214458872
"38","female","Asian","yr1","STEM","stats","Auditory",1.12209828534234,0.0680301441068776,0.338456163699681,0.523184524307952,0.0319736059834038,-1.28620110206304,-0.634367568721943,-0.409499211486148,-0.89158849233669,-0.46544715082591,-0.493922088258148,0.484725501406459,0.374439019056798,-0.754983223623268,-0.446774477483357
"39","female","white","yr1","Other","math02","Kinesthetic",-0.220266877617842,0.0861807315396349,-1.15793808438679,-0.26038116509647,-0.796635295698459,-0.279289532233136,0.196176549623793,-0.563103456543556,0.0620288519513763,-0.601653047085093,0.105067760249191,-0.602692038594524,-0.352923347074065,-0.183381099225004,-0.391466610616346
"40","male","white","yr1","STEM","math03","Kinesthetic",-1.51369282485598,-0.497556424846265,2.64299623020387,0.631774592114571,-0.812959550435929,-0.284703356273933,0.391483701310126,-0.0675406619429551,-0.412559840141788,0.172731788488669,0.671039857591655,0.484725501406459,-0.133556819734785,0.135817520312427,-0.388801996573921
"41","male","white","yr1","STEM","math03","Kinesthetic",-1.53160943418754,-0.170172937748174,2.534679715241,1.28162900535623,0.236938845558787,0.654650540908853,0.615013224580427,0.484834924831394,0.215847539613605,0.575980642174656,0.968174118836359,0.550414414456535,-0.294912104566007,0.635309198250531,0.312680851657244
"42","male","white","yr1","STEM","math03","Visual",0.287123661854249,-0.393856948823324,0.338456163699681,1.05261178211165,0.0861498424537317,-0.199370471235965,-0.233858409906309,-0.25129535909371,-0.501280040559409,0.44749358618005,-1.34436291128967,-0.599007414541915,-0.352923347074065,-0.16365747040006,-0.239170603881992
"43","female","white","yr1","STEM","math02","Visual",0.704610973598293,0.556594471252571,-2.42811196757463,-0.138246430624694,-1.43982549741706,-1.02576043420342,-0.0755992951314959,-0.219142241052221,-1.20947533578094,-0.333706950975115,-0.183118610946897,-0.924734264395479,-0.294912104566007,-0.455946363321326,-0.893366429867706
"44","female","white","yr3","Other","other","Visual",-0.238183486949403,-0.497556424846265,1.03828546715453,-0.233953377907284,0.660465961291332,0.00480421528296266,-0.234212487370543,0.165085722741225,-0.246718631297632,0.0769574584378162,0.0928762694159258,0.484725501406459,-0.352923347074065,-0.0265653404247922,0.153298334831721
"45","female","white","yr1","STEM","math02","Kinesthetic",0.374461492910856,-0.0433182355795165,-1.38415844928541,-0.26038116509647,0.931198187346884,0.586406600707224,0.306628815783969,0.42510187829924,0.611885486438628,0.372313141365435,0.581026256999934,-0.346338725843645,0.17970236257254,0.434563343677204,0.620442369170932
"46","female","white","yr5+","STEM","other","Kinesthetic",-1.19889455682866,-0.497556424846265,0.929968952191661,0.973578533292454,0.668785656230481,1.45210273364758,1.09562411681238,1.25970296808463,0.287619594797397,1.3870550416303,-0.371732838278221,0.484725501406459,-0.133556819734785,1.07025430951376,0.727874732693121
"47","female","white","yr2","STEM","math04","Visual",-1.11155672577205,-0.497556424846265,0.929968952191661,1.0515512456011,-0.207584911262774,-0.408496870336186,0.516524210234371,0.445698258085567,-0.547609237875501,0.786281016493266,-1.1545718476104,1.31578972865656,-0.352923347074065,0.0748561741128528,-0.0908633668161937
"48","female","Asian","yr1","STEM","stats","Kinesthetic",-0.623368029838954,-0.0433182355795165,-1.49247496424828,1.23054860569901,-0.707750593083517,-1.1449856651735,-0.947357923896185,-1.11470806961529,0.095568161094402,-0.484373342228659,-0.786455873191921,-0.0936700371453748,-0.191568062242842,-0.830129771062847,-0.549118665557514
"49","female","white","yr2","Business","math03","Auditory",0.78938340798346,-0.0356693319160627,2.27770380661051,-0.127962264935699,-0.216250759130158,0.38243068709699,0.13601132516518,-0.427864202664323,0.145860974086945,-0.536003355970955,0.922039306631173,-0.921049640342871,0.161499474419406,0.126364579612795,-0.156110596523368
"50","female","Black","yr5+","STEM","other","Kinesthetic",-1.70371969962931,-0.290157472800384,1.7169465618504,0.631774592114571,0.0692248446601883,0.439086826763869,0.384165323039076,0.555249361015664,0.604271342784349,0.191472377546591,0.581026256999934,-0.0899854130927663,-0.191568062242842,0.359871848862866,0.428241268035575
"51","male","white","yr1","STEM","math03","Kinesthetic",1.03732585095717,0.260315639859759,-0.488864324663798,0.417599608793023,-1.10190614182029,-1.58955936046304,-0.416215447802883,-1.75895218896675,-1.09723200585259,-1.14810241443897,-1.20454317545069,-0.346338725843645,-0.352923347074065,-1.05904557394493,-1.30240125554559
"52","male","Black","yr2","Health","stats","Kinesthetic",-2.01851796765663,-0.389446695623462,1.49072619695178,1.52393034932561,-1.73356025113357,-1.27189692574926,-1.07279355685028,-0.137470271347073,-0.340739563766783,-0.945193839810399,-1.27684965292964,-0.855360727292794,-0.352923347074065,-1.08220088782522,-0.639326176724221
"53","female","white","yr2","Other","math01","Kinesthetic",0.181869221466081,-0.0551930414089239,-0.00566805113469071,0.275280828300816,-0.103277318570553,-1.04708837341827,-1.22117448886805,-0.386042449145164,-0.517294403662759,-1.20287404758824,-0.00566253371130024,-0.0936700371453748,-0.294912104566007,-0.96663027951802,-0.343814081247927
"54","female","white","yr2","STEM","stats","Auditory",-0.866179679469784,-0.278877052484074,1.3824096819889,-0.65609814878439,1.66934150941113,1.39500778656879,1.09562411681238,1.25970296808463,0.450558032369022,1.3870550416303,1.07654562239502,0.484725501406459,0.873683357050368,1.22263136053356,1.05822166386895
"55","female","white","yr1","STEM","math02","Kinesthetic",-0.220266877617842,0.241570666913904,-1.15793808438679,0.301426706514515,-1.41366121575076,-2.01068179811386,0.499218113901826,-0.287230160129633,-1.01766418024787,-0.223722373792208,-1.26017444966891,-1.17740295309375,-0.176389578742941,-0.720544420681061,-0.842679943877299
"56","male","white","yr1","STEM","other","Visual",-1.21937656283166,-0.382576528507014,2.534679715241,0.579543444642833,-0.0622635828323453,-0.0077601914342912,-0.484746934034599,0.455808078053629,-0.555539909219454,-0.0228903531554786,0.648539515359959,0.22837218865558,-0.2495793047509,-0.0561341160671416,-0.0504450912536857
"57","female","other","yr3","Other","math01","Visual",0.929506013897561,0.959627078098006,-2.5364284825375,-0.211703587636277,0.0429453745200661,-0.279289532233136,-0.482366485244439,-0.409499211486148,0.0620288519513763,-0.413211125194478,-0.214117423987157,-0.346338725843645,0.17970236257254,-0.346764245030412,-0.108410916539852
"58","female","white","yr3","STEM","math04","Kinesthetic",1.03476045428573,-0.274466799284212,-0.340204930996185,1.06820577452097,-0.527599135119401,0.424782650450093,0.587952905730402,0.211611458495847,-0.185782093471023,0.077143060782643,-0.595354042507762,0.162683275605504,-0.133556819734785,0.239265448979467,-0.133147745968551
"59","female","white","yr2","STEM","other","Auditory",-1.79105753068592,-0.497556424846265,-0.113984566097563,1.52393034932561,-0.223493355922307,-0.573929080119847,-1.05576946983979,-0.132012947405529,-0.4923570751328,0.83319011854948,-0.158378348441451,-0.602692038594524,-0.191568062242842,-0.254698421404273,-0.278644387312099
"60","male","other","yr2","STEM","math02","Auditory",1.08754522914322,0.346650794410316,0.672993043561175,-0.376986730905787,0.759712577250152,0.179232606760567,0.196176549623793,0.0455843729819602,-0.725276902263008,0.372313141365435,0.211084087264836,-0.602692038594524,0.374439019056798,0.232128896232641,-0.0298824665141119
"61","female","white","yr1","Other","math01","Visual",-0.430775758394179,-0.381982142993917,1.49072619695178,0.579543444642833,0.202400225492506,0.276333556081807,-0.0413634344100077,-0.152879751471887,-0.920194409871559,1.16392941542481,-0.719728272490351,0.48104087735385,-0.23690086205795,0.300440731555576,-0.320211149635201
"62","female","white","yr2","Business","math02","Kinesthetic",-1.05780689777737,-0.497556424846265,-1.49247496424828,1.52393034932561,1.06008007256602,0.853235385096965,0.632319320912972,1.00091850477214,1.06864526640193,1.3870550416303,0.765932781647155,0.803083103154805,0.405320349902883,0.892924777954631,1.01845278148333
"63","female","white","yr2","Health","stats","Visual",1.03732585095717,-0.0601976801218837,2.38602032157339,-1.78253027567019,1.25708678381936,1.39500778656879,0.985171850652201,1.25970296808463,0.883503728613524,1.33481901599887,0.0652428557880909,0.484725501406459,0.0429769485963397,1.06118128676703,1.09797923544776
"64","female","white","yr2","Health","stats","Visual",-0.44869236772574,0.50979914203112,0.220552313763931,0.159828151920863,0.0429453745200661,-0.279289532233136,-0.482366485244439,-0.409499211486148,0.0620288519513763,-0.413211125194478,-0.214117423987157,-0.346338725843645,0.17970236257254,-0.346764245030412,-0.108410916539852
"65","female","white","yr5+","STEM","stats","Kinesthetic",1.43689655336965,-0.148599348817917,-1.26625459934966,-0.26038116509647,1.39683436123806,-0.120977724867872,0.422028802432715,0.417375999700486,-0.167525058107086,0.924760618475073,-0.933898734774334,1.06312103995829,0.0429769485963397,0.204884877674771,0.470693939630921
"66","male","white","yr4","Other","math01","Kinesthetic",0.0417466155519794,-0.0695277611549169,-1.26625459934966,-0.26038116509647,-0.0907246730312159,0.149422295506043,-0.482366485244439,0.42510187829924,0.0620288519513763,0.263796332012421,-0.214117423987157,0.803083103154805,-0.294912104566007,-0.0314263555129442,0.148192617441013
"67","male","white","yr5+","STEM","other","Kinesthetic",-0.32552131800601,-0.497556424846265,1.26450583205315,1.24055117630093,-0.0688266672820101,0.0194431720001342,0.874719584492025,0.60854622090972,0.373297015409157,1.23034696473601,0.328378036901772,0.484725501406459,-0.2495793047509,0.595955580833146,0.328054526791167
"68","female","white","yr1","Other","math02","Auditory",-1.60103065591258,-0.497556424846265,2.64299623020387,0.694546695160341,-0.979393295935969,-1.31306968509407,-0.201671014871876,-0.209692543645635,-0.610106453918354,0.687639070934647,-0.933032007515335,-0.346338725843645,-0.352923347074065,-0.400077029842311,-0.553612534175739
"69","male","white","yr3","STEM","math03","Auditory",-0.637754189361886,-0.381982142993917,1.15618931709028,0.42232306607822,-0.207584911262774,0.178015966074844,0.343865999399007,0.00797393099892717,-0.723482348182736,0.591164831250958,-0.301171486515346,-0.346338725843645,-0.294912104566007,0.267137664185948,-0.306427306505625
"70","male","white","yr1","STEM","math03","Kinesthetic",-1.51112742818454,-0.382576528507014,2.30845935034238,0.59511806280467,0.661136361497106,0.272086489143366,0.405783053073911,0.489910973351773,0.190267383161241,0.941706927902494,0.9330902577969,0.22837218865558,-0.178889619549892,0.550914202653944,0.421227769839862
"71","female","Asian","yr1","STEM","stats","Kinesthetic",-1.28623238788527,-0.497556424846265,3.09543696000112,1.34026188671614,1.68408488714593,1.30478295970423,0.661167988275539,0.80461938361652,0.949104773527157,0.576983307571195,0.922039306631173,0.22837218865558,-0.294912104566007,0.850114325871576,1.0777660452552
"72","male","white","yr1","Business","math02","Visual",-1.38795637846481,-0.273872413771114,-2.65433233247325,0.0406020995730802,0.0429453745200661,-0.590491897283483,-0.4451293016294,-0.27876443644324,-0.0821254614351058,-0.46544715082591,-0.633152523105473,-0.0936700371453748,-0.294912104566007,-0.499848203262751,-0.113198068506723
"73","female","white","yr2","Other","math01","Visual",-0.465643923920112,-0.497556424846265,1.82526307681327,0.442855143431448,0.607907021011088,0.360537120694846,-0.325694268925201,0.0814639757794227,-0.268965240480021,0.00658685563759738,0.968174118836359,0.158998651552895,-0.294912104566007,0.148248381237595,0.101766784557525
"74","male","other","yr2","Other","math02","Kinesthetic",-1.09364011644049,-0.497556424846265,2.98712044503824,0.888199404046844,-0.0459393280948757,0.641670081398362,-0.474067733730555,-0.0094961775236764,-0.185920095621432,0.291088236637257,-1.26973157205646,0.993747502855608,0.368914573596615,0.0110432045537217,-0.0793996198765316
"75","male","white","yr2","Business","math03","Kinesthetic",1.54215099375782,0.132976060761085,-2.5364284825375,0.245374488006509,-1.46063729288256,-1.77200787688101,0.339609761152987,-0.726598583497942,-0.0775060743119159,-1.52966029097455,-0.394406990909083,-0.346338725843645,0.0183470777413174,-0.927043404222351,-0.679153289041076
"76","female","white","yr2","Other","math01","Kinesthetic",-0.57089836430828,-0.0590089090956883,-0.597180839626671,0.276743958652708,1.26922361928076,0.572709862604177,-0.445064115165451,-0.0400414389221073,0.642574004396734,0.414200821470748,0.11493080626638,0.158998651552895,0.550972787387923,0.192018519457043,0.560138482557597
"77","male","white","yr3","STEM","other","Visual",-0.745574026421494,-0.173227237177857,1.26450583205315,1.49781477558974,-0.0589077837121485,-0.0655339804282115,-0.376335388090998,-0.460690939885729,0.332135076211385,0.47636478308399,0.0589379827883146,-0.27696518874096,0.444401689726928,0.0152958755161785,-0.0591912367975429
"78","female","white","yr3","STEM","other","Kinesthetic",-0.32552131800601,-0.436242024844913,2.8692165951025,1.26931126477642,-0.355998336548851,0.0760236243559244,0.333888072345192,0.236052194557023,-0.320258833955686,0.437221540104321,-1.05370818272891,-0.0242965000426901,-0.23690086205795,0.102742195138979,-0.125029395640695
"79","male","white","yr1","Business","math02","Kinesthetic",0.179303824794641,0.006121358592428,1.49072619695178,-0.174681284411507,0.217143603227301,-0.33028014225811,-0.187992537211481,-0.170826301179838,-0.202858921330383,-0.0275145928250474,0.309515089064576,-0.346338725843645,0.17970236257254,-0.123815227646356,-0.0702164343865219
"80","female","white","yr4","Other","other","Kinesthetic",0.0740493844064723,0.39481924569187,1.7169465618504,-0.473974823655364,0.771248669655479,0.439086826763869,-0.32575945538915,-0.447594480249333,0.802583248811354,0.376451797199286,0.196010514109774,-0.346338725843645,0.17970236257254,0.17971071407941,0.337399355063681
"81","female","white","yr5+","STEM","math02","Auditory",-0.150845655892796,-0.389446695623462,1.26450583205315,-0.114162785875102,0.348710887360863,-0.148975628323831,0.196176549623793,0.338083435793684,0.202219549661408,0.575795039829829,-0.532544027041846,0.741078814157338,-0.0302127774116195,0.0930220383168587,0.286856218249692
"82","female","white","yr1","STEM","stats","Visual",1.54215099375782,-0.278877052484074,-2.20189160267601,-1.99246153204681,0.0243151991133189,0.366997190358284,0.306628815783969,0.0697963863831255,0.164588390680408,0.238969893198631,0.61504561322809,-1.17740295309375,-0.294912104566007,0.333270945849065,0.0908842629208017
"83","female","white","yr1","Business","stats","Kinesthetic",0.702045576926853,0.326634678574071,2.05148344171189,-1.33296854948005,-0.990513578263361,-0.559552265604029,-0.637439499754653,-0.756644660690855,-0.619198170945051,-1.02065941368321,-0.214117423987157,-0.0936700371453748,-0.191568062242842,-0.636369779275608,-0.751913984796284
"84","male","white","yr2","Business","math02","Visual",-0.343437927337572,0.0174017789087377,-0.597180839626671,-0.26038116509647,0.514649966141939,-0.279289532233136,-0.482366485244439,-0.409499211486148,0.0620288519513763,-0.413211125194478,-0.214117423987157,-0.346338725843645,0.17970236257254,-0.346764245030412,0.0203138851504725
"85","female","white","yr2","Business","math02","Auditory",0.281027815374179,-0.15124361376841,-3.1067730622705,-0.0491623303462748,0.490561228197275,-0.279289532233136,-0.492354203305933,-0.31697055634756,-0.202858921330383,-0.455495987581124,-0.651093118053469,0.484725501406459,0.550972787387923,-0.411960195122511,-0.0469231987075329
"86","female","white","yr5+","Business","math02","Visual",1.03379540114854,-0.374927624843561,-2.20189160267601,-0.26038116509647,0.245197995484945,1.45210273364758,1.09562411681238,1.25970296808463,1.63321748061498,1.3870550416303,1.37616993798703,0.484725501406459,0.712328072219146,1.27620653520245,1.08550239017013
"87","female","white","yr2","Business","math02","Auditory",1.36747533164461,0.617908871253923,-1.26625459934966,-1.17844266330122,0.0429453745200661,0.586406600707224,0.306628815783969,0.42510187829924,-0.308221030053122,0.486921958217911,0.581026256999934,0.158998651552895,0.891886245203502,0.464721145086021,0.0544602334078945
"88","female","white","yr2","Health","stats","Kinesthetic",0.287123661854249,0.0181805154557438,-1.49247496424828,-1.06102095940869,-0.954888747913369,0.0896152181067306,-0.93787486516899,-0.547499146584893,-0.188571464838658,-1.25333339188248,-0.501829095898744,-0.350023349896254,-0.352923347074065,-0.601398404954612,-0.517304645029859
"89","male","white","yr1","Business","math01","Kinesthetic",-0.655670798693447,0.452894995229631,0.446772678662553,0.0653684275793017,-0.22828151825445,-0.279289532233136,-0.404829977989332,-0.63541247174602,0.0620288519513763,-0.0898873840460916,-0.214117423987157,-0.346338725843645,-0.294912104566007,-0.241647611742175,-0.261759199106628
"90","female","Black","yr3","Business","stats","Auditory",0.949988019900563,-0.381982142993917,1.7169465618504,1.14182183631496,1.8194510001737,1.45210273364758,1.09562411681238,1.25970296808463,1.63321748061498,0.611270358378667,1.37616993798703,0.550414414456535,-0.0302127774116195,1.0720690084743,1.5151047502875
"91","female","white","yr3","Other","other","Kinesthetic",0.617273142541686,-0.144373446651963,-1.60079147921115,-0.233953377907284,0.464396946530972,-0.335697015407955,-0.460683568745654,-0.246163657670656,0.127661094778697,0.434382648048847,-0.180623521855289,0.484725501406459,-0.191568062242842,-0.132231910471971,0.0870392571765169
"92","female","white","yr1","Business","math03","Kinesthetic",-0.430775758394179,-0.497556424846265,1.26450583205315,0.173368322590309,-0.499623599502785,-0.0869056646161551,-0.375209854653307,-0.591359329618709,-0.132783023308536,0.691777726768498,0.217033131108189,0.22837218865558,0.575602658242945,0.0840587367193618,-0.38884837378986
"93","female","white","yr3","Other","math02","Kinesthetic",1.12466368201378,0.114825473328328,-1.26625459934966,-1.09708038822156,0.949218507560847,0.587535921132154,0.507856593989295,0.655614745894142,0.724004022196504,0.583978453753831,0.718377635474242,-0.346338725843645,-0.294912104566007,0.558810103431966,0.74573760474871
"94","female","white","yr1","Health","stats","Visual",0.949988019900563,-0.15624825248137,-2.870965362399,-0.288038965476106,0.334082698099887,0.0976434156070101,0.288012408642685,0.374620935128634,0.497908453578488,0.0885768442900204,0.764176209261026,-0.6683809516446,-0.352923347074065,0.220261590233884,0.399683188604139
"95","male","white","yr2","Business","math03","Auditory",0.199785830797642,0.287881119205338,1.26450583205315,1.19502673842234,1.8194510001737,1.45210273364758,0.849156761690822,1.25970296808463,0.790954026214801,1.3870550416303,1.37616993798703,1.31578972865656,1.24495378186575,1.21251042677039,1.21889639369483
"96","female","white","yr1","Health","stats","Kinesthetic",0.0417466155519794,0.171729620129818,0.781309558524047,0.0843271012093529,-0.837542955099557,0.371270061024447,0.521867054752796,0.42159433161435,-0.684773257716683,0.593929616998616,-1.14036500171433,-0.855360727292794,-0.294912104566007,0.276829798691842,-0.319476840434984
"97","female","white","yr1","Other","stats","Visual",-1.19889455682866,-0.274466799284212,-0.113984566097563,0.296457798500405,-0.529180012122076,-0.0077601914342912,-0.0106829641002424,-0.762154873323887,-0.646614561450467,0.0205827769725334,0.240879934627695,-0.0936700371453748,-0.294912104566007,0.0297868068526633,-0.637596178618303
"98","female","Black","yr1","Health","stats","Kinesthetic",-0.0455912155046277,0.452894995229631,2.61224068647201,-0.138832112383402,-0.659573117194189,-0.504468499232496,0.775941679145685,0.223292544510585,0.123697479102246,0.773958946735413,-0.62410186647368,0.22837218865558,-0.23690086205795,0.170449061113093,-0.0562223361176981
"99","female","white","yr1","Health","math02","Visual",-0.238183486949403,-0.0545986558958262,1.26450583205315,-0.626757188434307,-0.827287118092788,-0.439413747396964,-0.173693185447697,-0.261405179061772,-0.28497960358337,0.157370929083947,0.162516611977905,-0.599007414541915,-0.352923347074065,-0.123714030328882,-0.415922366865769
"100","male","white","yr5+","STEM","other","Visual",-0.238183486949403,-0.497556424846265,1.15618931709028,1.33501090064249,0.931198187346884,0.89326414195809,1.09562411681238,1.14231513541464,1.139437787019,1.3870550416303,1.37616993798703,1.31578972865656,0.0277984650964382,1.09737231396573,1.05783153228481
"101","female","white","yr4","Other","other","Auditory",-1.1809779474971,-0.382576528507014,3.09543696000112,0.805702012330659,1.8194510001737,0.813645435647751,0.979540115133492,0.669285001238581,-1.00048507636899,0.611388040571472,0.0502417344274462,1.31578972865656,-0.075545577226727,0.681554888350309,0.381547633077183
"102","female","Black","yr2","STEM","math03","Kinesthetic",0.374461492910856,-0.273872413771114,1.3824096819889,0.378541352256501,0.237909867368678,1.31645808049977,1.09562411681238,1.25970296808463,0.77774197800342,0.354575746477981,0.172163710590268,0.415351964303774,0.267867921395804,0.819249608140941,0.782658724583624
"103","female","white","yr3","Other","math01","Kinesthetic",-0.220266877617842,0.183010040446128,0.112235798801059,-0.342855659167219,0.609603086487581,0.28800867687735,-0.110456029956374,-0.197688144659379,0.207232615476203,-0.54181586338189,0.51351299863991,0.48104087735385,-0.191568062242842,-0.0172129656880384,0.171671605364365
"104","male","Asian","yr3","STEM","stats","Kinesthetic",-1.33901716274276,-0.15124361376841,1.49072619695178,0.547697154493041,0.795222219126324,-0.201178633576025,0.567106631669024,0.178321813973011,0.724611572452031,1.21616544105624,0.0340266744575056,0.550414414456535,-0.075545577226727,0.407441364746118,0.536319105300947
"105","female","white","yr2","STEM","math03","Kinesthetic",0.704610973598293,0.27983934935262,-0.823401204525293,-0.944359553291222,-0.980673551334527,-1.30510988033732,-0.611435158545899,-1.4054304249277,-0.909957123245026,-1.57106579912713,-1.65270306598056,-0.602692038594524,-0.2495793047509,-1.18257372568193,-1.07931285584475
"106","male","white","yr3","Business","math03","Kinesthetic",1.54215099375782,0.848463049445521,-1.86735472281452,-0.381288973482893,-1.11653433108127,-1.68875761440288,-0.363281160672003,-1.37943468364947,-0.624870703299375,-1.54779486814334,-0.856773727335015,-0.0936700371453748,-0.133556819734785,-1.14130667868715,-1.00699996313156
"107","female","Black","yr5+","Health","math02","Kinesthetic",0.617273142541686,0.344785266006828,-1.83659917908265,-0.37951218847712,-1.44808464734322,-0.39801563560769,-0.238279578913044,-0.122621212448592,-0.262608455332248,-0.371247145638775,-0.804396468139916,-0.6683809516446,0.139894008217616,-0.380186175873431,-0.528730234413295
"108","female","other","yr1","STEM","stats","Visual",-2.1237724080448,-0.22443281959917,-3.54962645709486,0.263856342132968,-1.42828940501174,-0.283135228437092,0.0664292829674034,-0.301450225081611,-0.454086783322186,-0.300690940493729,-1.00911760936384,0.22837218865558,0.000144189588183574,-0.270231396814409,-0.653465769334388
"109","male","Asian","yr3","STEM","math03","Visual",-0.150845655892796,-0.497556424846265,-0.340204930996185,1.52393034932561,-0.767078883079168,-0.153950644952717,0.265074576791431,-0.544385933132992,-0.748181806096843,1.00722133853052,-0.262742290539642,-0.346338725843645,-0.294912104566007,0.254550133287892,-0.661763958960506
"110","male","white","yr2","Other","math02","Auditory",-1.37357021894188,-0.389446695623462,1.26450583205315,-0.14125014171582,1.66934150941113,1.23269332329864,0.985171850652201,1.25970296808463,0.50964927171944,0.972951886016355,1.37616993798703,0.22837218865558,-0.294912104566007,1.06848255077297,1.07900295125067
"111","female","white","yr2","STEM","math01","Kinesthetic",-1.59846525924114,-0.273872413771114,1.03828546715453,0.213983304429656,-0.410738896887843,0.294468746540788,0.0428553643298696,0.194589010704338,-0.332723255020432,-0.0764737185633862,0.821511880168091,-0.602692038594524,-0.294912104566007,0.18321516332921,-0.158911548158884
"112","female","Black","yr1","Other","math01","Auditory",1.54215099375782,1.12581255685857,0.220552313763931,1.41946805438214,0.0429453745200661,-0.279289532233136,-0.482366485244439,-0.409499211486148,0.0620288519513763,-0.413211125194478,-0.214117423987157,0.484725501406459,0.712328072219146,-0.346764245030412,-0.108410916539852
"113","female","Black","yr1","STEM","math02","Auditory",-0.32552131800601,-0.267002246654667,1.3824096819889,0.183597064711023,-1.41196515027427,-1.14326057763572,-1.31466785448168,-1.02303713108322,-1.0487754269131,-1.25924872905353,-1.06839476265379,-0.346338725843645,-0.100175448081749,-1.161622547251,-1.11154662495869
"114","male","white","yr1","STEM","math04","Kinesthetic",-0.32552131800601,-0.389446695623462,-0.113984566097563,0.815443054724045,-0.384052728806495,0.155683592260788,0.119665831509611,-0.0500775365326133,0.152550586777843,1.00722133853052,-1.42855137291042,-0.599007414541915,-0.352923347074065,0.178692268639608,-0.0668851905943149
"115","female","other","yr1","Other","math02","Auditory",0.287123661854249,0.599573932787257,-1.15793808438679,-1.09708038822156,-0.964843963316022,-0.659178890355527,-0.614436481439449,-0.420951574840876,-0.685406766114211,-0.89728770132731,0.292839885803846,0.22837218865558,-0.2495793047509,-0.570109025582872,-0.650310224582897
"116","male","white","yr2","STEM","other","Kinesthetic",-1.70628509630075,-0.497556424846265,0.929968952191661,0.631774592114571,-0.0520077458255761,0.234672105741723,-0.100568056191645,-0.0474805951457253,0.155861870998607,0.434685932586479,0.496837795379179,1.31578972865656,-0.133556819734785,0.223262965931261,0.0258039720369345
"117","female","white","yr1","Health","stats","Kinesthetic",-0.0455912155046277,-0.173227237177857,1.26450583205315,0.391238584328241,-0.333189854002745,-0.878073805981467,-0.196660153456557,-0.667512701096021,-0.796044033406878,-0.548043151367468,-1.01251008525306,-0.0242965000426901,-0.352923347074065,-0.594097057639913,-0.603428587712993
"118","female","Black","yr3","Business","math03","Kinesthetic",1.20943611639894,-0.266407861141569,-2.870965362399,0.723098670429125,-0.489932086364681,-0.0307528980033061,-0.022941595647452,0.538661077336809,-0.426123693709721,0.0482657061351082,0.2647267381472,0.671705277054653,1.03826569721942,0.0293550480730929,-0.092544570942683
"119","female","white","yr1","Health","stats","Kinesthetic",1.45481316270121,0.948923875004869,-1.49247496424828,-1.25785866370938,0.769552604178986,0.00367489485803299,-0.195599806482816,-0.404899604151118,0.616274702144445,0.260654712605444,0.0430434024417293,-0.0936700371453748,0.283046404895705,0.0255179806195943,0.286408134363692
"120","female","white","yr3","Business","math03","Visual",1.12466368201378,0.940287719639054,-2.20189160267601,-1.17865249604338,-0.110935725440638,-0.545603821899876,-0.482366485244439,-0.296374176561233,0.140608078566227,0.011307767323679,-0.214117423987157,-0.602692038594524,-0.23690086205795,-0.320281057905164,-0.0830437749551522
"121","female","white","yr5+","STEM","math03","Kinesthetic",-0.32552131800601,-0.389446695623462,2.8692165951025,-0.26038116509647,-1.4218051772031,-1.43465019643132,-0.541794811562411,-1.75895218896675,-1.14111087764167,-1.69561962148079,-1.80440478596134,-0.602692038594524,-0.352923347074065,-1.25667983339639,-1.40513079041845
"122","female","white","yr1","STEM","stats","Visual",0.42468087109691,-0.0969837319174146,-1.7186953291469,-0.0418202444279997,0.0605498846560937,0.395235128317462,0.289958806237704,0.162877077153242,-0.569224861865069,0.644397893309264,0.000584948022921968,0.484725501406459,-0.294912104566007,0.372281498500054,-0.124609486520215
"123","female","white","yr5+","Health","stats","Visual",-0.763490635753056,-0.436242024844913,1.49072619695178,0.569002489068801,0.0627406168515519,-0.180331312796521,0.196176549623793,-0.181906598249652,-0.551544372205243,0.0428560099751714,0.189705641109998,1.05943641590568,-0.352923347074065,0.0278533731914882,-0.238869067714787
"124","male","white","yr1","STEM","math03","Visual",-2.22902684843296,-0.497556424846265,2.534679715241,1.52393034932561,-0.214147995712438,0.279121373713418,0.441959889715208,0.528021964757388,-0.601657758176332,0.826194972366845,0.313294213434131,1.31578972865656,0.131142507419603,0.459089948608702,-0.0827531920233565
"125","male","white","yr1","STEM","stats","Kinesthetic",0.287123661854249,0.222340817038033,-1.7186953291469,0.509478670282681,0.514649966141939,-0.202930074270435,-0.606741771224797,0.104010132822405,0.171358016341618,-0.303346976064988,-0.395471495720387,0.484725501406459,0.283046404895705,-0.346930821417667,0.239088463406329
"126","male","Black","yr1","STEM","math03","Kinesthetic",-1.61894726524414,-0.497556424846265,2.30845935034238,1.43327733636092,-0.390042289896167,-0.2627267150695,-0.249766754486797,-1.17102031236646,-0.550862194152493,0.24919439878835,0.273696325178449,0.484725501406459,-0.294912104566007,-0.0495702523269226,-0.709530636621329
"127","female","white","yr1","STEM","stats","Kinesthetic",0.614707745870246,0.570519156519375,-1.60079147921115,0.128303441849723,0.781088696584313,-0.401225776180014,-0.182425988156721,-0.409499211486148,0.0825640212511834,-0.246972294599706,0.0765373045735981,1.31578972865656,1.24495378186575,-0.230278734245343,0.100244941005296
"128","female","white","yr3","STEM","math04","Visual",-1.42635499379937,-0.0969837319174146,0.338456163699681,0.11134506119415,-0.094611470703168,0.0978981321689801,0.157629055200015,0.239397403891831,-0.0643771402982255,-0.0248437048210897,-0.0599473466417108,-0.602692038594524,-0.191568062242842,0.0596971984906,0.0374647423725661
"129","male","white","yr1","STEM","math04","Kinesthetic",-0.0455912155046277,-0.32813229562211,1.82526307681327,0.20087548920731,-1.59819413810579,0.169987768574565,-1.47656921507736,-0.331819615246042,-0.987375304177133,-0.0581535390497723,-0.848878895427648,-0.0936700371453748,-0.0882240199196771,-0.441292918803703,-0.898043795138012
"130","female","white","yr2","Business","math03","Visual",0.7919488046549,1.04839744886186,-0.262643959765176,-0.509829932879744,-1.43334126960843,-1.92045697124929,-1.12229683922494,-0.69325093925998,-0.763352484331533,-2.21347729201926,-0.817373616631636,-0.602692038594524,0.465831633217892,-1.58213322485003,-0.90119333459473
"131","female","white","yr2","Business","math02","Kinesthetic",-1.3006185474082,-0.278282666970976,0.112235798801059,-0.928906013465847,0.17839034418887,0.520578261056385,0.64821787448578,0.247393706770615,0.20158604126388,0.848789088200426,0.785890893834267,0.162683275605504,0.0429769485963397,0.651293794649935,0.208307280661974
"132","female","white","yr1","Other","math02","Visual",0.459233927296023,0.545908436449359,-0.340204930996185,-0.711041579257595,0.0631564269294878,0.145839937852898,0.638239947431965,0.330678644142458,-0.654020796736584,-0.432437298088118,-0.679542504128517,0.297745725758265,-0.352923347074065,0.0189877089436343,-0.0947936058261127
"133","female","white","yr5+","STEM","other","Kinesthetic",0.599356533210125,0.0479120491009187,-1.49247496424828,-0.238235492712765,-0.689730272869554,-0.212174912456437,-0.187992537211481,0.213290811472472,-0.340877117453183,-0.129315756083953,-1.08806881211978,-1.17740295309375,-0.133556819734785,-0.2774827347697,-0.231346473257725
"134","female","other","yr1","STEM","stats","Auditory",0.529935311485079,0.0599712059642346,-1.15793808438679,-0.358027888191685,0.521134193950575,-0.596513159535009,-0.0323006941350771,0.189078798071306,-0.415377692856132,-0.0595274091359651,0.317808585400209,-0.0242965000426901,0.550972787387923,-0.176222712033926,0.0643869297231566
"135","female","white","yr1","Other","math01","Visual",-0.518113589450786,-0.0551930414089239,3.99073108462273,-0.981174751455123,-0.685357920615347,-0.584387560229667,-0.906834895719781,-0.0884074660093126,-0.093418161395743,-1.0354469492521,-0.214117423987157,-0.346338725843645,0.17970236257254,-0.717830026029958,-0.24907189932897
"136","female","white","yr3","Business","math02","Kinesthetic",0.704610973598293,-0.15124361376841,-0.931717719488165,-0.441211787597244,-0.677593437408153,-0.412319811921467,-0.00335479482151251,-0.404899604151118,-0.827753326794349,0.666951287954708,-0.0423480248564272,-0.924734264395479,0.557399770089811,0.0389284683206596,-0.616345386863972
"137","female","Black","yr1","STEM","math03","Kinesthetic",-0.760925239081616,-0.170172937748174,1.94316692674902,0.631774592114571,-0.550486474306536,0.0100192664150671,0.414710424161664,0.44516194509647,-0.563499061910117,0.664391924399962,-1.03723075702049,0.22837218865558,-0.352923347074065,0.164225937062861,-0.190215233583192
"138","female","white","yr3","STEM","other","Auditory",-0.658236195364887,-0.273872413771114,3.09543696000112,0.629427931168862,-0.094611470703168,0.761011010474847,0.7616423273819,1.1772841329141,0.362679628823322,1.28258299036744,0.0603418353416787,-0.924734264395479,-0.352923347074065,0.786204815624974,0.51700388767803
"139","female","white","yr1","Business","math03","Kinesthetic",-1.30414899721683,-0.389446695623462,1.7169465618504,-0.739052373195413,0.795832074319108,0.662327251258014,0.384165323039076,0.289444182949784,1.24870610026076,0.626269473884071,0.665214718620689,-0.350023349896254,-0.191568062242842,0.555642036762658,0.759821885395629
"140","female","white","yr1","STEM","math03","Visual",-0.57089836430828,-0.28133696640066,1.26450583205315,-0.163716407996672,-1.30268446227177,-1.45505870979891,-1.56650719027926,-1.06217379782905,-1.01920317343758,-1.53961145421933,-0.931095559876764,0.484725501406459,-0.23690086205795,-1.38408169226508,-1.08506805269586
"141","female","white","yr2","Other","other","Auditory",-2.01851796765663,-0.497556424846265,1.26450583205315,-0.26038116509647,1.54871877411815,0.917229209251105,1.09562411681238,0.42510187829924,0.672716391916598,1.05336535666249,1.37616993798703,0.484725501406459,0.712328072219146,1.01723533950307,0.810352406201667
"142","female","white","yr2","STEM","other","Kinesthetic",0.181869221466081,0.321630039861111,-1.49247496424828,0.631774592114571,-1.27987597972566,-1.7198879464311,-1.28668255784509,-1.41991389378197,-1.21859301094964,-1.78282500925922,-1.0615572945688,0.22837218865558,-0.191568062242842,-1.47588350699249,-1.27459060256082
"143","female","white","yr3","Health","stats","Kinesthetic",-0.430775758394179,-0.497556424846265,2.38602032157339,-0.26038116509647,0.931198187346884,0.586406600707224,0.306628815783969,0.42510187829924,0.847623166283179,0.486921958217911,0.581026256999934,-0.346338725843645,0.17970236257254,0.464721145086021,0.703346916873826
"144","female","white","yr1","Other","math02","Kinesthetic",1.03732585095717,0.171729620129818,-2.5364284825375,-0.525804064962189,-0.270390576413078,-0.105375635478531,-0.406581807205622,-0.372527548038545,0.00270147798782569,0.147999247418579,-0.718606376413493,0.484725501406459,-0.23690086205795,-0.183292359854366,-0.201799297866553
"145","female","white","yr1","Other","math01","Visual",0.42468087109691,0.236675536784026,-1.27584193432254,-0.43877543393994,-0.845307438306751,0.0618991623617529,-0.20864966456934,0.199188618039368,0.647136235464235,-0.413211125194478,0.51351299863991,0.22837218865558,0.237713605080598,-0.0811065407356703,0.068711342165237
"146","female","white","yr2","Health","stats","Kinesthetic",-0.988385676052324,-0.22443281959917,-1.49247496424828,-1.03973823695911,-0.822914765838581,-0.479633204606858,-0.118063299227709,-0.219142241052221,0.343881857548098,-0.159260950419436,-0.588283102587553,-0.6683809516446,-0.352923347074065,-0.29399078245718,-0.178729144137744
"147","male","white","yr3","STEM","stats","Kinesthetic",-2.22902684843296,-0.497556424846265,3.21334080993687,0.401790988724991,0.931198187346884,0.586406600707224,0.306628815783969,0.42510187829924,0.847623166283179,0.486921958217911,0.581026256999934,-0.346338725843645,0.094561208402509,0.464721145086021,0.703346916873826
"148","female","white","yr1","STEM","stats","Kinesthetic",-0.343437927337572,0.0529166878138785,-1.15793808438679,-0.653501153742296,-1.26833988732033,-0.788802281251813,-1.19382527901774,-0.974721191210837,-0.802144688995277,-1.20287404758824,-1.33258872847535,-0.346338725843645,0.152572450910567,-1.03325730363968,-0.968650110367953
"149","female","white","yr1","STEM","stats","Kinesthetic",-0.0455912155046277,-0.170767323261272,1.03828546715453,0.14371947569857,0.0855490993976579,0.484506653047116,0.0757809142426183,-0.377450468345093,0.494366997940351,0.0979485259553876,-0.394268530042985,0.484725501406459,-0.191568062242842,0.155182155770076,0.066514938452221
"150","male","white","yr2","STEM","math02","Visual",-1.1809779474971,-0.381982142993917,-1.49247496424828,0.891685363984359,0.781698551777096,0.355386085775942,-0.0413732254176874,-0.254016110052977,-1.26534436830404,0.0432646328062207,-0.19557030534233,-0.346338725843645,-0.23690086205795,0.0926082426901047,-0.319022955927315
"151","male","white","yr1","Health","stats","Auditory",-2.1237724080448,-0.497556424846265,1.3824096819889,0.631774592114571,-1.16143486449143,1.39500778656879,0.610701590878137,1.25970296808463,0.582735393001419,-2.16124126638782,0.828690621415786,-0.0899854130927663,-0.352923347074065,0.134418013363609,0.332207397410215
"152","female","white","yr1","STEM","stats","Visual",0.0740493844064723,0.392359331775285,1.26450583205315,0.143281044055537,0.36944382618533,0.75482540103119,-0.558151163283255,0.0476978900712382,0.107151883620891,0.625266279713603,0.0860337665866326,-0.346338725843645,-0.2495793047509,0.27320581917219,0.157107865197795
"153","female","white","yr1","STEM","stats","Kinesthetic",-1.00630228538389,-0.497556424846265,1.49072619695178,-0.0955114423308969,-0.233943238043924,0.551445254533797,0.145305237188856,0.243565073138197,-0.415266097311733,0.344903554547794,0.19997093461727,-0.921049640342871,0.392641907209932,0.329571946675652,-0.122495471759922
"154","female","white","yr1","Health","stats","Kinesthetic",1.03732585095717,-0.273872413771114,3.32165732489974,-0.446823899730939,1.54652804192269,1.30478295970423,0.737017852778305,1.14657793315971,1.17808602633657,1.08756070286883,1.20779301474552,-1.17740295309375,-0.0428912201045696,1.03773824656536,1.24083944141629
"155","female","white","yr3","Other","other","Kinesthetic",1.54215099375782,0.538443883819814,0.446772678662553,-0.45087401750277,1.66934150941113,1.45210273364758,1.09562411681238,1.25970296808463,1.34093927496981,1.3870550416303,1.21269403519193,-0.350023349896254,-0.0302127774116195,1.25694446497504,1.37135214962597
"156","male","white","yr2","Other","math02","Visual",0.0740493844064723,0.006121358592428,1.94316692674902,-0.828672946808234,-1.11653433108127,-1.23669554507261,-0.408962255995782,-0.453552353613459,0.0544918592990281,-0.289839412838582,0.140271438564068,0.484725501406459,0.197905250725674,-0.559953271060714,-0.442945075731593
"157","female","white","yr1","Other","stats","Visual",-0.150845655892796,0.006121358592428,0.112235798801059,-0.365223176158063,0.0342704145159715,0.326968433497159,0.279090459230141,0.324736493420762,0.393569643489821,0.502871231218458,-0.385886823117887,-0.0936700371453748,-0.133556819734785,0.264848515125229,0.263654974284419
"158","female","white","yr3","Business","math02","Auditory",-2.22902684843296,-0.497556424846265,1.59904271191465,-0.225660089646342,1.66934150941113,1.30478295970423,0.661167988275539,0.793167020261792,1.34157530657204,1.27658488061168,1.10465877005167,-0.346338725843645,-0.352923347074065,1.05572299142942,1.20774560596022
"159","male","other","yr2","Business","math03","Kinesthetic",-1.84384230554341,-0.497556424846265,1.60863004688753,0.171743278737115,-0.23537560125587,0.451212426069211,1.01808760955727,0.388738851204168,0.471700751924356,0.666951287954708,0.311197788770789,-0.346338725843645,-0.133556819734785,0.620903305901664,0.240023032277521
"160","female","white","yr2","Other","math02","Kinesthetic",0.686694364266732,-0.0439126210926142,0.338456163699681,0.605659018378702,-1.4523781429564,-0.963406691019435,-1.09636747548782,-0.850362731002278,-1.1046444594362,-1.53605505423771,-1.22343156725823,0.162683275605504,-0.294912104566007,-1.13875632112605,-1.08158625530782
"161","male","white","yr1","STEM","math02","Kinesthetic",-0.32552131800601,-0.497556424846265,-1.04962156942391,-0.0492263513180469,0.377093120918705,0.96359426510934,0.787239708015919,0.677392155258501,0.404833862103749,0.868479834753491,0.812351656573459,-0.346338725843645,0.17970236257254,0.837291042100632,0.48500991543632
"162","male","Asian","yr3","Other","other","Visual",-0.343437927337572,0.50979914203112,0.220552313763931,-0.382227605977541,0.0429453745200661,-0.18906470536857,-0.857283685101263,-0.535479024956206,-0.042731669711595,-0.413211125194478,-0.235357409275897,0.741078814157338,0.712328072219146,-0.41728623103033,-0.189492704937662
"163","female","white","yr1","Other","math01","Kinesthetic",-0.220266877617842,-0.497556424846265,-1.7186953291469,0.540540254387223,1.23688484354665,0.303003366204144,0.494617589199252,0.408834681567913,0.176508635842813,-0.108021961214879,0.322998703312048,-0.346338725843645,-0.352923347074065,0.235657672298898,0.545035703974128
"164","male","Black","yr3","Business","stats","Visual",-1.60103065591258,-0.497556424846265,1.03828546715453,0.631774592114571,0.931198187346884,0.423653330025163,0.1762454623413,0.225295210458728,0.325288299548245,0.472926036882975,0.581026256999934,-0.280649812793569,-0.2495793047509,0.375259756001235,0.449486745835596
"165","female","Black","yr1","STEM","math02","Visual",0.617273142541686,-0.10945292325992,-2.09357508771314,0.468807696276071,0.190942989728207,0.576471249508204,0.830098836141987,0.790517190183416,-0.0848317186050505,0.0835378240458082,0.845220222821498,-0.855360727292794,-0.100175448081749,0.52180965034281,0.301729963419899
"166","male","white","yr1","Other","math02","Visual",-0.708455573550941,-0.389446695623462,-1.27584193432254,-0.290624511695481,-0.633408835527887,0.586406600707224,0.514548676481746,0.815376367714815,-0.556112566468503,1.3870550416303,0.813617048260724,-0.924734264395479,-0.352923347074065,0.782719106053156,-0.0802408030242026
"167","female","white","yr1","STEM","math02","Visual",0.266641655851248,-0.27122814882062,-0.340204930996185,-0.0089185420223397,1.8194510001737,0.361857826537268,0.678483875615764,0.417765697981933,0.264966108297331,1.3870550416303,1.23881855951272,0.484725501406459,-0.133556819734785,0.803328669027329,0.738258919900889
"168","female","white","yr2","Other","math01","Kinesthetic",1.280137500588,0.286709516469068,-2.870965362399,1.36310913404725,0.209573165134954,-0.43306937583993,0.120680762585261,-0.409499211486148,-0.664347160756567,-0.00424366184125698,0.898672237140478,0.158998651552895,-0.191568062242842,-0.0013937192502501,-0.318392290498543
"169","female","other","yr1","Business","math02","Kinesthetic",1.03476045428573,0.006121358592428,1.59904271191465,-0.133071622821876,-0.367534428954178,0.231352537210471,0.215081847765362,0.0148781732275707,0.600384878109829,0.149187515159945,0.357018059540204,-0.0899854130927663,0.654316829711088,0.212176201708463,0.117927557785215
"170","female","white","yr1","Other","math01","Visual",-0.238183486949403,0.11923572652819,-1.15793808438679,-0.564624925783375,1.07482345030082,1.31645808049977,1.09562411681238,1.25970296808463,1.63321748061498,1.3870550416303,1.37616993798703,-0.0936700371453748,-0.352923347074065,1.23279882093333,1.31190122970915
"171","female","white","yr1","Health","stats","Kinesthetic",-0.658236195364887,-0.273872413771114,1.49072619695178,0.546123750769864,-0.84749817050221,0.252807296200704,0.175224042532844,-0.154222294858552,0.128687833403821,-0.350838333973434,0.0356790593749594,-0.346338725843645,0.602732569904919,0.0393032333369366,-0.238320014422196
"172","male","white","yr1","STEM","math03","Auditory",1.36747533164461,-0.389446695623462,-3.20550224226049,1.20734447900214,1.079116945914,1.45210273364758,0.745396578023096,0.917744418541435,0.847623166283179,0.323545775715517,1.05149585319811,0.741078814157338,0.666995272404038,0.867590806346118,0.91671078260306
"173","male","white","yr2","STEM","math03","Kinesthetic",-0.098060881035302,-0.497556424846265,1.15618931709028,1.46847381523966,1.05891500564128,0.801970314852208,0.30399840315881,0.790151637404681,-0.727099937689988,0.816243809122059,0.527863340146381,0.22837218865558,-0.352923347074065,0.613416623876601,0.31259117557176
"174","female","white","yr2","STEM","math03","Visual",-0.132929046561235,0.0672514075598715,1.26450583205315,1.52393034932561,-0.956584813389863,-0.619348906403095,-1.35718957782943,-0.443712957925427,-1.01069984484457,-0.505178807401404,-1.43101973027509,0.22837218865558,-0.2495793047509,-0.849258335503658,-0.770448832443056
"175","female","white","yr1","Other","math02","Kinesthetic",1.12209828534234,-0.151837999281508,-1.26625459934966,-1.28074885083103,0.0589690076534191,-0.426965038786114,-0.523284637450697,-0.430953307878989,0.249415330103339,-0.338333964917496,-0.787577769268778,0.22837218865558,-0.23690086205795,-0.452463551407402,-0.0456717382174282
"176","male","white","yr3","STEM","math04","Auditory",0.619838539213126,-0.497556424846265,-1.49247496424828,1.28423547669025,0.667620589305743,1.20226818634219,0.504560958420251,0.112281026674948,-0.334092209071337,0.997084572940903,0.509985171208249,-0.855360727292794,-0.2495793047509,0.838828105169601,0.105980060527123
"177","female","white","yr3","STEM","stats","Visual",-0.0312050559816962,0.471229933696296,-0.71508468956242,0.0140989793316984,-0.545619455333365,-0.279289532233136,-0.482366485244439,-0.409499211486148,0.0620288519513763,-0.427207046529414,-0.214117423987157,0.162683275605504,0.17970236257254,-0.350447087483063,-0.269026039543606
"178","female","white","yr1","Business","other","Kinesthetic",-1.3006185474082,0.0680301441068776,0.446772678662553,-1.05807719796595,0.64135023130233,0.40240039305267,0.236764764264146,0.744409895899017,0.108118219561545,0.753494184241696,0.931824866109635,0.232056812708189,0.237713605080598,0.499260757329195,0.476308585675917
"179","female","white","yr3","STEM","math04","Kinesthetic",1.01684384495417,0.11423108781523,-0.823401204525293,-1.63858506013083,-1.2618556595117,-0.749842524632004,0.140611849867754,-0.485760669893408,-0.647270332897206,-0.575125697610573,-0.80680239949472,-0.346338725843645,0.164523879072639,-0.448786626190825,-0.740709279433911
"180","female","white","yr1","Other","math01","Visual",0.181869221466081,-0.389446695623462,-2.870965362399,-0.559560988802133,1.20412114559789,0.302312853191126,0.283690983932715,0.295709646642997,1.34779453803341,-0.698709542621012,0.700835704954513,-0.0936700371453748,0.271094976733633,0.0700138020250816,0.908288802512709
"181","male","white","yr2","Business","math03","Auditory",-0.307604708674449,-0.497556424846265,1.7169465618504,-0.142551523292979,0.354700448450535,0.586406600707224,0.306628815783969,0.42510187829924,0.769043939668329,0.486921958217911,0.581026256999934,0.484725501406459,0.359260535556897,0.464721145086021,0.518389967256327
"182","female","white","yr2","Other","math02","Visual",-0.150845655892796,-0.436242024844913,1.49072619695178,-0.37951218847712,-0.862241548237005,0.266076897989727,-0.0403474362767627,0.092287345187647,-0.774962165000023,0.181615112045507,0.400875150944107,-0.346338725843645,-0.2495793047509,0.170976663004387,-0.473575139354127
"183","female","white","yr3","STEM","stats","Visual",-0.238183486949403,-0.320667742992565,-1.49247496424828,0.00607400503707125,0.931198187346884,0.586406600707224,0.601002763816927,0.307714045629253,0.757543331339529,0.486921958217911,-0.292925131132689,0.484725501406459,0.00316859424141591,0.437821942728393,0.630445239216538
"184","female","white","yr4","Other","other","Auditory",1.45481316270121,0.227345455750993,-1.26625459934966,-1.26843111025123,1.8194510001737,0.67663142757179,0.306628815783969,0.934011615272762,0.847623166283179,0.991086463185142,1.2895131190016,-1.17740295309375,0.462604577880062,0.70973801693117,1.1244550787415
"185","male","white","yr2","STEM","math03","Auditory",-0.238183486949403,-0.212558013769762,1.26450583205315,0.0353544772241802,-0.195633008779511,-0.719676480767857,-0.323423355439486,-0.833069858930739,0.0256038586169532,-0.640475407233819,-0.453597859030216,-0.346338725843645,0.0611798367494736,-0.534635174303147,-0.33506963301245
"186","female","Black","yr1","STEM","stats","Visual",0.0417466155519794,-0.158298131918767,0.112235798801059,-0.26038116509647,-0.533552364376283,-0.279289532233136,-0.598450486923323,-0.409499211486148,0.0620288519513763,-0.413211125194478,-0.214117423987157,-0.346338725843645,0.17970236257254,-0.376764563549346,-0.265733016923053
"187","female","white","yr1","Business","math03","Auditory",-0.430775758394179,-0.267002246654667,-1.38415844928541,-0.195843725867646,-0.389927101422348,-0.00165585438047562,-0.0652164530401461,-0.296374176561233,-0.268434008102015,-0.354976989807285,0.631384578070418,0.484725501406459,-0.0302127774116195,-0.0351643257601371,-0.303030998620872
"188","male","white","yr1","STEM","math02","Kinesthetic",0.199785830797642,-0.273872413771114,-0.597180839626671,-0.411199809772912,-0.562022566711863,-0.0954372351704643,0.328246545818804,-0.0577012662549231,-0.661557789388932,0.00598084374846207,-0.454459551544905,-0.602692038594524,-0.352923347074065,0.00354801443825756,-0.40443579680608
"189","male","Asian","yr1","STEM","math01","Auditory",-1.09107471976905,1.00601237284027,-2.88055269737188,-0.598902200993178,0.186570637474001,-0.527292613150877,-0.0516663027704502,0.750037980050924,-0.318630508270795,-0.106739795729812,0.531198424770047,-0.855360727292794,-0.158186690589807,-0.146356164717508,0.204099297496024
"190","female","white","yr1","Business","math01","Auditory",1.45481316270121,0.448484742029769,-1.86735472281452,-0.50739160669165,-0.094611470703168,-0.279289532233136,-0.475674402751989,-0.314320726269184,-0.247898838802208,-0.413211125194478,0.289168562761777,-0.599007414541915,-0.352923347074065,-0.285733489683318,-0.221521810266098
"191","female","white","yr2","Business","math03","Kinesthetic",1.36747533164461,0.370584757103039,-1.86735472281452,-0.417934053970076,-1.73356025113357,-0.279289532233136,-0.482366485244439,-0.409499211486148,-0.723565462380426,-1.58348176662868,-1.12907055292883,-0.924734264395479,0.627186918049114,-0.762512832393382,-0.869485443471519
"192","female","white","yr1","Other","math01","Auditory",-0.150845655892796,-0.170172937748174,1.7169465618504,0.303192042697569,0.330001855313087,0.67663142757179,0.507856593989295,0.920664672899841,0.718834240873476,1.20621427781146,1.20779301474552,0.22837218865558,-0.294912104566007,0.808721697215611,0.668015465631936
"193","female","white","yr1","Other","math01","Visual",-1.38795637846481,-0.0695277611549169,1.26450583205315,-0.498255665352257,1.8194510001737,0.620665800917929,0.863456113454607,0.162488781354337,0.235816014860122,0.983088651605967,1.37616993798703,-0.346338725843645,-0.294912104566007,0.843838905920522,0.638363534120504
"194","female","Black","yr3","Other","other","Visual",1.45481316270121,0.0111259973053878,-3.44130994213199,-1.2285177033593,1.08130767810945,0.586406600707224,0.0724852786735736,-0.409499211486148,-0.322508486544848,-0.758131945749571,0.013247555078871,-0.346338725843645,-0.23690086205795,0.00969007540516385,0.0397160987903836
"195","male","white","yr1","Business","math03","Kinesthetic",-0.848263070138223,0.164265067500273,0.220552313763931,-0.26038116509647,0.0429453745200661,-0.279289532233136,-0.482366485244439,-0.409499211486148,0.0620288519513763,-0.413211125194478,-0.214117423987157,-0.346338725843645,0.17970236257254,-0.346764245030412,-0.108410916539852
"196","female","Black","yr1","Other","math01","Auditory",0.252570605655136,-0.497556424846265,-0.931717719488165,-0.26038116509647,0.931198187346884,1.39500778656879,0.268081321360191,1.25970296808463,-0.047411907983264,1.3870550416303,1.15463009789196,-0.924734264395479,-0.352923347074065,1.01796482476016,0.681660897028684
"197","female","white","yr1","Health","stats","Visual",0.0945313904094736,-0.273872413771114,1.82526307681327,-0.0218960087958818,0.342147802911198,0.0707895146347316,0.0199273234862954,0.277763096935046,-0.115664770578131,-0.291415930844875,-0.787241530850375,-0.346338725843645,0.00316859424141591,-0.140405699941447,0.152088930633547
"198","female","white","yr1","Other","math01","Kinesthetic",1.54215099375782,0.283470866005476,-2.20189160267601,0.605659018378702,-1.14292898969521,-0.00400181549112802,-0.0576091837688116,0.190326212959267,-1.00102925227133,0.0235331650650185,0.581026256999934,-0.346338725843645,-0.352923347074065,0.0597172709239039,-0.595248674852804
"199","female","Asian","yr1","STEM","math03","Visual",-1.39148682827344,-0.497556424846265,2.30845935034238,0.423613796175682,0.230870427828086,0.394117478990421,0.470619410374257,0.431596064652464,0.714969461225496,0.854483913418555,0.366855794715951,-0.350023349896254,-0.2495793047509,0.517051497511076,0.467861175017033
"200","female","white","yr3","STEM","other","Kinesthetic",-1.93118013660002,-0.436242024844913,2.534679715241,0.694546695160341,1.8194510001737,1.45210273364758,1.09562411681238,1.25970296808463,1.63321748061498,1.3870550416303,1.37616993798703,1.31578972865656,0.164523879072639,1.27620653520245,1.5151047502875
"201","female","white","yr1","Other","math01","Visual",-1.51112742818454,-0.108858537746822,1.26450583205315,0.839033001804531,1.54871877411815,0.968569281738226,0.965240763369707,0.815376367714815,0.491551668430715,1.07091767797904,0.856208747977361,0.484725501406459,-0.0548426482666417,0.943321487067258,0.88369016159734
"202","female","white","yr1","STEM","stats","Kinesthetic",-0.132929046561235,0.0579213265268383,1.26450583205315,-0.593015635732041,-0.209165788265448,0.555741429247553,0.369865971275291,0.0418508678482475,0.540062686858915,0.392401070199833,0.538515626883842,-0.855360727292794,0.206832274234514,0.441369865644573,0.149402850253657
"203","male","white","yr1","Business","math02","Kinesthetic",-0.412859149062617,-0.32813229562211,3.32165732489974,0.455742759951188,0.0791800600628409,-0.847026548755533,0.753003847294431,-0.0449416162084854,-0.121912483386213,0.577168909916022,0.748173482837101,0.741078814157338,-0.23690086205795,0.164808934915103,-0.0351922828974418
"204","female","Asian","yr3","STEM","stats","Visual",0.739479139124226,0.624779038370371,2.27770380661051,1.25138565875722,1.8194510001737,1.45210273364758,1.09562411681238,0.9467712653192,1.37619002399541,1.3870550416303,1.37616993798703,-0.602692038594524,-0.191568062242842,1.27620653520245,1.31482290844039
"205","male","white","yr1","Business","math02","Visual",-0.235618090277963,-0.170767323261272,-1.49247496424828,0.0121635254719255,0.194750930759131,-1.07289602876791,-0.598450486923323,-0.430366015552505,-0.988453235662186,-1.25097141738582,-0.738086175457294,-0.346338725843645,-0.294912104566007,-0.912910864653379,-0.443746889259838
"206","female","white","yr1","Business","math02","Visual",-0.658236195364887,-0.170172937748174,3.09543696000112,-0.919162938881682,0.778897964388855,0.748721063977374,0.731386117259596,0.602699198686729,-0.011505387510918,1.10155662420377,0.548012088896876,-0.0242965000426901,-0.352923347074065,0.784279200564315,0.422011411173059
"207","male","white","yr3","STEM","other","Visual",0.199785830797642,-0.389446695623462,0.112235798801059,-0.0767127024869954,-0.113648344051141,0.598321756005986,1.09562411681238,1.25970296808463,1.63321748061498,-0.0838892742903301,1.37616993798703,-0.6683809516446,-0.294912104566007,0.615928018638348,0.987575796461859
"208","male","white","yr2","STEM","stats","Visual",-1.26831577855371,-0.497556424846265,1.49072619695178,0.418825657317987,-1.01562798147874,-0.325677342710046,-0.608428413977139,0.013484143631959,-0.76227455284648,-0.341098750665154,-1.22455346333509,-0.599007414541915,-0.2495793047509,-0.494270239368931,-0.538643979747242
"209","male","white","yr3","STEM","other","Auditory",-1.89631197107409,-0.497556424846265,-1.27584193432254,1.52393034932561,1.8194510001737,1.23225451588673,0.731386117259596,0.671881942625469,1.23450175796672,0.989898195443775,1.11900911155814,0.484725501406459,-0.191568062242842,0.976913087589709,1.16846279122275
"210","male","white","yr2","Health","stats","Kinesthetic",0.617273142541686,-0.273872413771114,-1.15793808438679,-0.00105171798933561,-1.27490297177,-0.716273837434317,-0.828425226731016,-0.241256460006539,-1.18847658157177,-0.98806711579287,-0.194975284247259,-0.0242965000426901,-0.2495793047509,-0.72504825350259,-0.848741082788344
"211","female","white","yr1","Other","math02","Visual",-0.343437927337572,0.50979914203112,-1.27584193432254,-0.355150502101588,0.0429453745200661,-0.279289532233136,-0.417879836075856,-0.647416870732276,0.355382465876897,-0.413211125194478,-0.639318935239151,0.484725501406459,0.17970236257254,-0.38019928051466,-0.088791828939933
"212","female","white","yr1","Business","math03","Auditory",1.12466368201378,0.187235942612081,-1.49247496424828,1.33031803163914,0.0686149894674046,-0.202307954000954,-0.444905597093065,-0.421487887829973,-0.0849148328027406,-0.255822930103232,-0.140437753493455,0.488410125459067,0.176677957919308,-0.262351904170272,-0.157293198556498
"213","female","white","yr3","Other","other","Kinesthetic",1.12466368201378,0.591514994644614,-2.20189160267601,-0.962884703055016,0.616166170937246,-0.451290690210246,-0.6978284287496,-0.92905508141683,-0.364269489597679,-0.683342525472695,-0.564049305837859,1.31578972865656,-0.0882240199196771,-0.569802970998457,-0.284353116495504
"214","male","white","yr2","Business","math03","Auditory",1.34955872231305,0.970907498414316,-1.86735472281452,-1.55822473091895,-0.0863523207770093,-0.315620233334711,-0.452110275122134,-0.666389095780439,-0.041593335542072,-0.174136225988441,0.0155252758801545,-0.346338725843645,0.550972787387923,-0.260603351646746,-0.270347578559157
"215","female","white","yr3","STEM","math03","Kinesthetic",1.54215099375782,0.186825908132892,-1.15793808438679,1.35257962729594,-1.44808464734322,-0.295939669657564,-0.993457292135027,0.119896054132566,0.0192470734691808,-0.716261863937569,-1.73689152760132,-1.17740295309375,-0.146235262427735,-0.743346408486863,-0.344443776263122
"216","male","white","yr1","Business","math02","Visual",-1.59846525924114,-0.170172937748174,1.49072619695178,-0.354840889438031,0.774604468775676,0.586406600707224,0.201553951975034,0.136163250863894,0.988891795478264,0.486921958217911,0.819384795966135,-0.346338725843645,-0.294912104566007,0.465651343230477,0.608830564098833
"217","female","white","yr1","Other","math01","Auditory",0.704610973598293,0.0603812404434238,-2.5364284825375,0.263004841021559,1.04089468542732,0.64960588483983,0.601002763816927,0.66377478860555,-0.307143098568069,-0.0663369529737737,0.888019950403017,0.48104087735385,-0.23690086205795,0.451612203501521,0.410985661521861
"218","female","white","yr3","Business","math03","Visual",1.45481316270121,0.283655217039385,-2.20189160267601,-0.400408834473058,-1.46282802507802,-0.489095322677404,-0.808386927939347,-0.744640261704599,-0.519750947487267,-0.703948726196122,-0.700135292624901,0.22837218865558,0.334630664701875,-0.631930195149661,-0.841615974532823
"219","male","white","yr2","Business","math02","Visual",-0.343437927337572,0.50979914203112,0.220552313763931,-0.268559683990415,0.0429453745200661,-0.279289532233136,-0.482366485244439,-0.409499211486148,0.0620288519513763,-0.413211125194478,-0.214117423987157,-0.346338725843645,0.17970236257254,-0.346764245030412,-0.108410916539852
"220","female","white","yr1","STEM","math02","Kinesthetic",1.45481316270121,0.513615009717885,-2.5364284825375,-0.716273256788066,-0.695197947544181,-0.596966649005672,-0.252578930676829,-0.247302985628668,-0.49738677956472,-0.104489317270163,0.84982280537704,-0.602692038594524,-0.23690086205795,-0.182440583299569,-0.449623653080613
"221","female","Asian","yr3","STEM","math03","Visual",-1.81153953668892,-0.497556424846265,-2.772236182409,0.568519913596155,1.8194510001737,1.45210273364758,1.09562411681238,1.25970296808463,1.63321748061498,1.3870550416303,1.37616993798703,0.484725501406459,0.517591415734887,1.27620653520245,1.5151047502875
"222","male","white","yr1","Business","math03","Auditory",-0.220266877617842,-0.497556424846265,2.05148344171189,0.759084134389165,0.771248669655479,1.16800898613149,0.417081081944145,0.66377478860555,1.0030701796303,1.06687291988889,0.785024166575268,-0.0936700371453748,0.432450261564856,0.856028059172877,0.798178783489816
"223","female","other","yr5+","Business","math03","Visual",-0.44869236772574,-0.273872413771114,0.112235798801059,0.766719118930725,-1.27817991424917,-0.269186784732938,0.333878281337513,0.0242411277302545,-0.591359875503059,-0.110575167026031,-0.0129241101948938,-0.602692038594524,-0.352923347074065,-0.0292430788907788,-0.546407557845244
"224","female","white","yr2","STEM","other","Visual",-1.1809779474971,-0.497556424846265,2.8692165951025,0.419485225969518,-1.73356025113357,-0.329864089464874,-0.368563188058948,-0.751829827314255,-1.00370702809457,-1.28133139229595,-1.73689152760132,0.806767727207414,-0.352923347074065,-0.741397874111562,-1.08821990098242
"225","female","white","yr2","Health","stats","Auditory",0.442597480428472,-0.158298131918767,-0.71508468956242,0.04768202072217,-0.640041577127252,-0.131114898084632,-0.0775402710513051,-0.580602345520413,-0.62219292747614,-0.846054869866346,-0.952319063751141,-1.17740295309375,-0.294912104566007,-0.3956031196164,-0.595506317484996
"226","female","white","yr1","STEM","stats","Kinesthetic",0.284558265182809,0.495464422285128,1.26450583205315,-0.143995797989759,-1.14929802903003,-1.22894919528332,-1.42636961431911,-1.04352265972841,-1.14968437690803,-1.13636260053335,-0.466718503132344,-0.0936700371453748,-0.294912104566007,-1.11468130001225,-1.08254820955655
"227","male","white","yr2","Business","math03","Visual",-0.728622470227123,0.140030578911442,3.21334080993687,-0.283762531381118,0.0490137922507665,0.586406600707224,-0.173982076447981,0.384504796647873,0.845339069151549,-0.458637606988101,0.514715964317311,0.550414414456535,0.535794303888021,0.0838890760954456,0.447545646612299
"228","male","white","yr2","STEM","other","Kinesthetic",-0.465643923920112,-0.273872413771114,0.338456163699681,-0.660970267301431,-0.517643919716749,-0.686306566478863,-0.00307569482890788,0.0464949782799619,-0.539652608389546,-0.615648968420029,-0.784773173485708,-0.0936700371453748,0.849053486195346,-0.473656029066649,-0.312863522935321
"229","female","white","yr2","STEM","other","Visual",-1.3211005534112,-0.497556424846265,2.76090008013962,0.844492206012087,0.0778998046642829,0.181133712588356,1.09562411681238,0.773436742676782,0.710791973985123,0.509563092863462,0.127375359672892,0.22837218865558,-0.158186690589807,0.49143943063587,0.544689286888388
"230","male","white","yr3","STEM","other","Kinesthetic",-1.51112742818454,-0.393856948823324,1.26450583205315,1.16891116468647,0.505975006137845,0.795270210685552,0.0601712516700943,0.530390183484265,-0.238890235973201,0.646351244974875,0.15669147300694,1.31578972865656,-0.2495793047509,0.459819233999009,0.242173419505011
"231","female","white","yr1","Health","stats","Kinesthetic",-0.763490635753056,-0.16635707006141,1.59904271191465,0.45484037370226,-0.0459393280948757,0.737045943181832,0.748403322591857,0.710748185091266,0.39879405766383,1.03936943532755,0.62716106920512,0.22837218865558,-0.100175448081749,0.777903143845047,0.379156713798181
"232","female","white","yr3","Health","stats","Kinesthetic",0.7919488046549,0.399229498891733,0.112235798801059,-1.21707436153634,0.0429453745200661,0.437957506338939,0.437012169226638,0.176319148024869,0.73989384623112,-0.413211125194478,0.256352172211023,-0.346338725843645,0.772839355534155,0.175797733000825,0.335699375395382
"233","male","white","yr3","STEM","math03","Kinesthetic",-2.22902684843296,-0.497556424846265,-3.77584682199349,1.49781477558974,0.491841483595833,0.768424382273197,0.545083986596654,0.728694734799218,0.856238090420581,1.11169338979338,0.0752769476306422,0.484725501406459,-0.352923347074065,0.689403067259245,0.693089948146147
"234","female","other","yr5+","STEM","math02","Kinesthetic",1.45481316270121,0.391580595228279,-2.5364284825375,-0.806484534526723,-1.73356025113357,-1.17592529685295,-0.545538454271812,-1.43180744162709,-0.648492229728429,-1.66507457299977,-1.51288333014159,-0.855360727292794,-0.294912104566007,-1.13246566638536,-1.20208054582169
"235","female","white","yr1","Other","math01","Kinesthetic",-0.150845655892796,-0.389446695623462,1.26450583205315,-0.439047456085958,0.659856106098548,1.12347844576995,1.09562411681238,0.463915232073549,0.604354456982039,0.792111122197511,0.872547712819689,-0.602692038594524,-0.294912104566007,0.955150752995631,0.55737635644072
"236","female","Black","yr3","Health","other","Visual",-0.220266877617842,0.574745058685328,-2.65433233247325,0.359879993905778,-0.564619996848547,-0.384947855836407,-0.514993353149223,-0.41150187743429,-0.385888553578299,-0.955330605400011,0.152876654354463,-0.599007414541915,0.608984029895981,-0.488417340898127,-0.432438615627292
"237","female","other","yr1","Other","math01","Visual",0.649575911396179,0.272190445689167,-1.49247496424828,-1.10030577483577,-0.0930305937004934,0.599211041927697,0.306628815783969,0.42510187829924,0.847623166283179,0.243708403178023,0.581026256999934,0.22837218865558,0.712328072219146,0.404820255546654,0.4238422245991
"238","male","white","yr1","STEM","math03","Visual",0.406764261765349,-0.205093461140217,-0.00566805113469071,-0.539492582975073,0.0735971969143948,-0.0598801218841955,-0.295438058802897,-0.455920572340336,0.0906062881395361,0.0969514895285136,0.0172079755863671,-0.346338725843645,-0.23690086205795,-0.0667426096605699,-0.106297572745823
"239","female","white","yr2","STEM","math03","Kinesthetic",1.36747533164461,0.132381675247988,-2.870965362399,-0.747528619149749,-0.836632478302657,-1.46821888362901,-0.552230536764262,-1.20723672475388,-1.10293301955362,-1.28970603753444,-1.23240257517498,-0.602692038594524,-0.2495793047509,-1.09591033316337,-1.03827278481531
"240","female","white","yr1","STEM","stats","Kinesthetic",1.03732585095717,0.594569294074297,-0.597180839626671,-1.63252235200029,0.628224149757619,-0.306315074965095,-0.812662936751225,-0.524237214077759,-0.361694369900197,-0.390452308356122,-0.560212790202749,-0.921049640342871,-0.352923347074065,-0.475564400184007,-0.137999849168805
"241","female","other","yr1","Other","math01","Visual",0.459233927296023,0.180550126529542,1.49072619695178,-1.22155209038745,-0.845307438306751,-0.845458420918692,-0.336992297795435,-1.3490517968666,-0.940051289573678,-0.811556239122369,-0.0341119197863486,-0.346338725843645,-0.2495793047509,-0.57398382241575,-1.0331578757335
"242","male","white","yr4","Other","math02","Visual",0.371896096239416,-0.155653866968273,1.59904271191465,0.785199708125034,0.939457337273042,0.146102726974792,0.682795509318054,0.617572365822445,0.749584178648867,0.21156030638099,0.881517299850937,0.554099038509144,0.131142507419603,0.383982925978112,0.738710834249543
"243","male","white","yr1","Business","math03","Visual",0.704610973598293,0.694913944771447,-1.86735472281452,-0.92701959894633,-1.59819413810579,-0.906311743940645,-0.466747031664235,-0.912032633625321,-0.246187398919627,-1.11667185398028,-0.384962704593334,-0.0936700371453748,0.374439019056798,-0.748618128396195,-0.84113124520175
"244","female","white","yr1","Other","math01","Auditory",-0.743008629750054,-0.389446695623462,1.49072619695178,-0.626095647251986,1.8194510001737,1.45210273364758,1.09562411681238,1.25970296808463,1.63321748061498,1.3870550416303,1.37616993798703,1.31578972865656,-0.178889619549892,1.27620653520245,1.5151047502875
"245","female","white","yr3","Other","math01","Auditory",-0.150845655892796,-0.389446695623462,-1.26625459934966,1.52393034932561,1.08349841030491,-0.487023821786533,-0.759369150480902,-0.462738071665078,-0.026876738683457,-0.25731448238223,0.0524014035886652,-0.0242965000426901,-0.191568062242842,-0.412403359915435,0.125586584036813
"246","male","white","yr4","Other","math02","Visual",1.12466368201378,0.256499772172995,-1.86735472281452,1.41121250865585,0.705172449586644,0.899094018792124,1.09562411681238,1.09486529774358,0.298927577478671,0.940803789219321,1.10146718103841,1.31578972865656,0.295724847588656,0.949445063859782,0.683896322075797
"247","male","white","yr5+","STEM","math03","Kinesthetic",1.280137500588,0.732888767593173,-2.88055269737188,0.832150096375521,-0.845307438306751,-1.00934101202568,-1.07013400806752,-1.12671246860155,-0.663160156931822,-1.31334420860687,-1.42989783419823,-0.346338725843645,-0.191568062242842,-1.11240022650494,-0.857703051167779
"248","male","white","yr5+","STEM","math03","Visual",-0.985820279380884,-0.393856948823324,-0.113984566097563,0.00769724544352665,-0.408636133470124,1.25936313342098,1.09562411681238,1.25970296808463,1.17291624501354,1.17811093910457,1.17217202841169,0.162683275605504,-0.191568062242842,1.1355102429148,0.745196379060595
"249","female","white","yr3","Other","other","Visual",1.01940924162561,0.183010040446128,-1.61037881418403,0.346663346512709,0.170662192814467,-0.374905428519824,-0.915762266807535,-0.32630940261301,-0.367548404016673,0.146045895752968,-0.281487186736774,-0.0936700371453748,-0.0302127774116195,-0.350144468217304,-0.195419031941022
"250","male","white","yr3","Other","math02","Visual",-0.883131235664156,0.0674357585937799,0.328868828726803,-0.287066614772275,0.04464143999656,-0.647586844362273,-0.371625328083978,-0.971213644525947,-0.0957853727250634,-0.78758262423293,-0.48921884536404,-0.346338725843645,-0.352923347074065,-0.566929356122408,-0.360701792481055
"251","female","white","yr3","Health","math02","Visual",1.03732585095717,0.449079127542866,0.446772678662553,-0.14125014171582,0.239536275695471,-0.11898929877929,-0.148384695813962,-0.0845631097344641,0.0848221602408127,-0.413211125194478,0.153020149964871,0.484725501406459,0.17970236257254,-0.165894315070522,0.0673588916342272
"252","female","white","yr5+","STEM","math03","Kinesthetic",-0.238183486949403,-0.0475441377454702,1.49072619695178,0.631774592114571,0.505975006137845,0.369187438464606,0.428720884925165,-0.0704609163013608,0.393541162143112,0.153232273250096,-0.412734579087268,-0.0936700371453748,-0.352923347074065,0.221862660542798,0.253590999886489
"253","female","white","yr1","STEM","math02","Kinesthetic",-0.412859149062617,-0.497556424846265,3.09543696000112,0.448438639814089,0.0429453745200661,-0.200739826164113,-0.189591739020505,-0.266004786396802,-0.146414708353522,-0.413211125194478,-0.596328571094248,0.550414414456535,-0.0302127774116195,-0.290999143847192,-0.131326679596232
"254","female","white","yr1","Other","math02","Kinesthetic",1.54215099375782,1.3945259089058,-1.86735472281452,-1.49425229808595,-0.955003936387189,-1.02792668099446,-1.01325462817027,-0.979373687237355,-0.169291130840649,-1.49613832409132,-0.84001745447374,0.484725501406459,0.17970236257254,-1.08224346593705,-0.662213960929276
"255","male","white","yr1","Business","math03","Kinesthetic",0.319426430708742,0.337915098890381,-0.00566805113469071,-0.26038116509647,-0.373602846684878,-0.415174219884167,-0.716510022354834,-1.0080772210436,-0.322482528402847,-1.07426930940083,-0.40144013030176,-0.346338725843645,0.535794303888021,-0.646780614305633,-0.567507952998885
"256","female","white","yr1","Health","stats","Auditory",-0.655670798693447,-0.389446695623462,1.49072619695178,0.212871540041868,0.100962877338227,-0.414934185380949,-0.203602199784005,-0.465811454237314,0.0733215519120135,-0.239785917102578,-0.503170522442245,-0.346338725843645,-0.294912104566007,-0.306553195858161,-0.108381707313459
"257","female","Asian","yr1","Other","stats","Auditory",-0.238183486949403,0.40609966600818,0.220552313763931,-0.0870949892070271,1.23688484354665,0.586406600707224,-0.278768049256632,0.199188618039368,0.321843156733871,0.434685932586479,0.179191815238636,-0.346338725843645,0.17970236257254,0.252340703475972,0.522527177790995
"258","female","Asian","yr3","STEM","math03","Auditory",-1.39148682827344,-0.21315239928286,1.7169465618504,0.212929019485943,0.0429453745200661,-1.1449856651735,-1.27136178627285,-1.24410030127154,-0.723565462380426,-1.31334420860687,-1.00926110497425,1.31578972865656,1.24495378186575,-1.15824963514684,-0.677770924677192
"259","female","other","yr1","STEM","math02","Kinesthetic",0.374461492910856,-0.273872413771114,-0.340204930996185,0.312281953415605,-0.428759217101807,-0.124140333698194,0.406071944074195,0.28425728328827,-1.01595274036529,-0.159260950419436,-0.352590698538323,-0.602692038594524,-0.352923347074065,-0.0170025515938583,-0.372620047192789
"260","male","white","yr1","STEM","stats","Kinesthetic",-1.26831577855371,-0.381982142993917,1.94316692674902,1.06170465466961,0.386438481128574,1.10306993240236,0.138381982947661,0.835325583370909,0.0756828000455742,0.840605674276424,0.462899508751568,0.550414414456535,-0.352923347074065,0.665726305574218,0.427264301395984
"261","male","Black","yr2","Health","stats","Auditory",1.54215099375782,1.45584030890715,-2.772236182409,-1.94023038457508,-1.73356025113357,-2.01068179811386,-2.06035708730125,1.25970296808463,-1.50915977671223,-2.21347729201926,-1.80440478596134,-0.0936700371453748,-0.352923347074065,-1.96973502526328,-0.559602056333812
"262","male","Black","yr3","STEM","other","Visual",-1.65125003409864,-0.159486902944962,0.446772678662553,0.749604233918062,0.508581548411239,0.472216706549644,0.306628815783969,0.104010132822405,0.107234997818581,0.597392119236536,0.298220640279069,0.484725501406459,1.24495378186575,0.423925472942506,0.214881565387209
"263","female","Black","yr1","STEM","stats","Kinesthetic",1.45481316270121,-0.266407861141569,1.26450583205315,0.424020585708067,0.185290382075443,0.547172383867634,1.09562411681238,-0.0299817061688681,0.14176912424897,-0.518680212884216,1.37616993798703,1.31578972865656,0.715352476872378,0.485150170342651,0.0917497384017305
"264","male","other","yr2","Business","stats","Kinesthetic",-0.256100096280965,-0.436242024844913,-0.113984566097563,0.579543444642833,-0.577172642387884,-0.550578838528762,-0.482366485244439,-0.409499211486148,0.0620288519513763,0.0307195425621459,-0.214117423987157,-0.346338725843645,0.17970236257254,-0.316765162389111,-0.27763667810518
"265","female","white","yr1","Other","math01","Auditory",-0.518113589450786,-0.497556424846265,3.21334080993687,0.504536418226686,1.8194510001737,1.16016487948115,1.09562411681238,1.25970296808463,1.02636623895103,1.3870550416303,1.37616993798703,1.31578972865656,0.593805546396079,1.18278335438465,1.30168648068264
"266","female","other","yr2","Business","stats","Auditory",-0.44869236772574,0.297989936785378,-0.941305054461042,-0.745767761737466,0.781088696584313,0.437957506338939,-0.187992537211481,0.311976843374325,0.29337731609011,-0.239179905213443,-0.214117423987157,1.31578972865656,1.24495378186575,0.00463327868095337,0.427739837416577
"267","male","white","yr5+","STEM","other","Auditory",-2.22902684843296,-0.497556424846265,3.21334080993687,0.050388701871058,0.299544078033606,0.586406600707224,1.09562411681238,0.42510187829924,0.847623166283179,0.257704324512959,0.008687807795171,-0.0899854130927663,0.0611798367494736,0.54087295405043,0.530973038386314
"268","male","white","yr2","STEM","math03","Kinesthetic",-2.22902684843296,-0.497556424846265,-0.340204930996185,0.631774592114571,1.22820988354256,1.25936313342098,0.76833440987435,0.988710890357233,1.29146192060095,0.775561995051422,0.96730739157736,-0.346338725843645,-0.352923347074065,0.920862420552655,1.13840780141888
"269","female","Asian","yr1","STEM","stats","Visual",-1.09364011644049,-0.497556424846265,1.94316692674902,-0.421110401244034,0.0692248446601883,-0.025182114261579,0.0199273234862954,-0.40484671545963,0.469442612934727,0.0205827769725334,-0.145401199949731,-0.0936700371453748,-0.191568062242842,-0.0133923904857448,0.0436741728405319
"270","female","white","yr2","Other","stats","Auditory",0.704610973598293,0.613498618054061,-2.09357508771314,0.579543444642833,-1.2618556595117,-1.55826399617397,-1.51951578414674,-0.898796542393535,-0.543613700861289,-2.16124126638782,-1.14661248344856,-0.350023349896254,-0.2495793047509,-1.59393185514871,-0.849298144341066
"271","male","white","yr1","STEM","stats","Auditory",-2.22902684843296,-0.497556424846265,1.7169465618504,0.631774592114571,0.931198187346884,0.586406600707224,0.306628815783969,0.42510187829924,0.847623166283179,0.486921958217911,0.581026256999934,-0.346338725843645,-0.158186690589807,0.464721145086021,0.703346916873826
"272","female","other","yr2","Business","math01","Visual",0.199785830797642,0.453489380742728,-1.38415844928541,-0.129250551785608,-0.117004143171338,-0.014460295600948,-0.940039545625135,-0.912898735826638,-0.401061755017697,-0.149309787174651,-0.420583690927158,-0.0936700371453748,0.356236130903665,-0.33518081774913,-0.491695680579337
"273","female","white","yr2","Business","math01","Visual",-0.150845655892796,-0.158892517431864,-1.49247496424828,-0.44018132077616,-1.27829510272298,-0.129115350327079,0.52215594575308,0.203951965207022,0.567245210854168,0.471322988566966,0.333361892584082,0.22837218865558,-0.294912104566007,0.258160125976131,-0.075871359860193
"274","female","white","yr2","Other","math02","Visual",-1.89631197107409,-0.497556424846265,1.49072619695178,0.476584139921052,0.0249250543061025,-0.279289532233136,-0.278768049256632,0.013484143631959,-0.06783800494338,-0.523681286213103,0.444877844203028,0.484725501406459,-0.294912104566007,-0.245567567894615,-0.0104641262092687
"275","female","white","yr2","Business","math02","Kinesthetic",0.529935311485079,0.137871190890964,-2.5364284825375,-0.601270006270558,-0.362676609472335,-0.385211194387218,-0.48950550781965,-0.435324192554009,-0.347490027606161,0.016538018882383,-0.493477703762406,0.297745725758265,0.222535121580696,-0.302338959420794,-0.372191185773077
"276","male","white","yr1","Business","math03","Visual",0.862650188843956,-0.267596632167764,1.7169465618504,-0.377149751797033,-1.57361073344216,-0.0572657484247135,0.732631241604386,0.150265444296997,-0.756055321385108,-0.186943879582011,-0.268772403983539,-0.0279811240952987,-0.352923347074065,0.0913845509193946,-0.640693735351686
"277","male","white","yr1","STEM","math03","Kinesthetic",1.03476045428573,-0.274466799284212,1.26450583205315,0.537314867773009,-1.41196515027427,-1.45446294268607,-0.799613078664701,-1.05877710228529,-0.908665320196051,-1.57934311079483,-0.939759223278368,-0.346338725843645,-0.0421642055736916,-1.19717345903519,-1.07482307235302
"278","female","white","yr1","STEM","math02","Kinesthetic",-0.256100096280965,0.0579213265268383,-1.49247496424828,0.476002815158399,0.353674783179815,0.7441848547604,0.684105820126793,0.767060427842433,0.405467370501277,0.882475756088427,0.188196751802952,0.484725501406459,0.094561208402509,0.670563984069018,0.51033020337838
"279","female","white","yr2","STEM","math02","Kinesthetic",1.03732585095717,1.0407485451984,-2.870965362399,0.38331987582261,-1.43824462041439,-0.871971271340099,-0.620291921494493,-0.246274508811792,-1.23976421185168,-1.31867113218208,-1.43101973027509,0.484725501406459,0.396044485258588,-0.953718847746785,-0.913114905071838
"280","female","other","yr2","STEM","math04","Kinesthetic",1.45481316270121,-0.497556424846265,0.338456163699681,0.611417621148484,-0.527520278478373,0.492865254420454,0.834857409927038,0.717461309515574,0.720434085211658,0.780282906737504,0.0508910933961202,0.166367899658112,-0.015034293911718,0.586029571951369,0.363208928506928
"281","female","white","yr1","Other","math01","Kinesthetic",-0.256100096280965,-0.173227237177857,-2.20189160267601,0.956862643608022,1.35423063636046,0.717350697445933,0.406071944074195,0.12492982558025,0.30635297458662,1.04932059857233,1.37616993798703,-0.0936700371453748,-0.191568062242842,0.774002486616687,0.523025445096525
"282","male","white","yr2","STEM","math02","Auditory",-0.781407245084617,-0.497556424846265,1.26450583205315,0.953876142267475,0.422488321047829,0.258472825842608,0.491610844630492,0.307714045629253,0.676260370759443,0.516749470360589,0.614040425102992,0.48104087735385,-0.133556819734785,0.41932367728506,0.463036261264542
"283","female","white","yr3","STEM","other","Visual",0.371896096239416,0.114825473328328,1.3824096819889,-0.321851886565081,1.40897119669946,0.46907315630841,0.372425775761291,0.88569567540038,0.879560107883314,1.0353246772374,-0.283955544101441,1.31578972865656,-0.100175448081749,0.486563245687474,1.00670293317058
"284","female","white","yr2","Other","math01","Auditory",-0.343437927337572,-0.497556424846265,1.7169465618504,-0.00105171798933561,0.931198187346884,0.116033322627961,0.306628815783969,0.247504557911751,0.177688843347389,0.486921958217911,0.47071327105839,0.22837218865558,-0.191568062242842,0.301198773938662,0.405377872423632
"285","female","white","yr3","STEM","math02","Visual",0.862650188843956,-0.273872413771114,1.93357959177614,1.19631667117678,0.504200084020322,0.253595566074762,0.0575019118796498,0.643178408819222,-0.686593769938955,0.218840581621818,0.677855628694006,1.05943641590568,-0.191568062242842,0.234701829455727,0.12384713490137
"286","female","white","yr1","Other","math01","Kinesthetic",-0.781407245084617,0.154156249920233,1.59904271191465,-0.470165201441814,0.925129769616183,0.00628926831751503,0.00988420996853097,-0.475866075966916,1.08175847858484,0.376451797199286,1.13655104207787,0.48104087735385,-0.294912104566007,0.238775641748603,0.467645186404345
"287","female","white","yr3","Other","other","Kinesthetic",-0.0455912155046277,0.107360920698783,-2.870965362399,-0.86328519008764,0.755419081636974,0.559297983172976,0.29430499777281,-0.0440838996019715,-0.148126148236104,-0.509988649415799,-0.670038901126563,0.737394190104729,-0.23690086205795,0.0431265311702231,0.140430839704401
"288","female","Asian","yr3","Business","math03","Visual",-0.588814973639841,-0.382576528507014,-1.7186953291469,0.238322093159752,-0.667337600401384,0.388691983851735,-0.401544133427966,-0.7727495200721,-0.328839313550619,0.623406825791692,-0.062415704006378,-0.6683809516446,-0.158186690589807,0.178531394408363,-0.567263212258971
"289","female","white","yr1","STEM","math03","Visual",-1.51369282485598,0.394040509144864,-1.94491569404552,0.862402919266461,0.0425295644421301,-0.221050582670664,-0.931748261323661,-0.581050006251508,-0.523078531561482,-0.894337842008754,-0.667911816924607,-0.599007414541915,-0.294912104566007,-0.624335662599344,-0.374538062343362
"290","female","white","yr1","Health","stats","Kinesthetic",-0.32552131800601,-0.22443281959917,1.26450583205315,-0.26038116509647,-1.27659903724649,-1.28063031832131,-0.658615711381936,-0.91840894845967,-0.895011372101853,-0.643523128897095,-0.941747846614224,-0.346338725843645,-0.294912104566007,-0.859091963551562,-0.983788671059623
"291","male","other","yr1","STEM","math02","Visual",-1.28623238788527,0.006121358592428,0.220552313763931,-0.26038116509647,0.0429453745200661,-0.279289532233136,-0.482366485244439,-0.409499211486148,0.0620288519513763,-0.413211125194478,-0.214117423987157,-0.346338725843645,0.17970236257254,-0.346764245030412,-0.108410916539852
"292","male","white","yr1","STEM","math03","Visual",-2.03643457698819,-0.393856948823324,0.703748587293039,-0.26038116509647,-0.38773636922689,0.131287105047062,-0.220973482580499,-0.16411317675553,-0.28497960358337,-0.211496976050868,0.137884150799945,0.484725501406459,-0.2495793047509,-0.0532678372435082,-0.261806754228867
"293","female","other","yr5+","Health","math02","Kinesthetic",-0.850828466809663,0.163670681987175,1.94316692674902,0.865625951499803,1.8194510001737,0.6958959384557,0.89439633860705,0.88569567540038,1.18709462916558,0.340165044568402,1.03482064993738,-0.0936700371453748,-0.178889619549892,0.666511964002055,1.226874087557
"294","female","white","yr4","Other","other","Auditory",1.03732585095717,0.0535110733269762,0.929968952191661,-0.850416882111077,1.6578054170058,1.08493474194338,-0.110376056225467,0.928501402639731,-0.297980303435537,1.12984556525548,-0.200552740139141,1.31578972865656,0.131142507419603,0.593571039790134,0.675520788781824
"295","female","white","yr2","Other","math01","Auditory",0.179303824794641,-0.163118419597818,1.82526307681327,0.486527994998052,0.474236973459806,0.496181773842659,0.384165323039076,-0.292866629876343,0.363997390014298,-0.413211125194478,0.394183284714142,0.158998651552895,0.0763583202493751,0.197012958535818,0.156439237622564
"296","female","white","yr2","Health","stats","Visual",-0.658236195364887,-0.436242024844913,1.03828546715453,-0.0441953948629547,0.799109016798276,0.806945331481094,0.62394059566818,0.520280363516204,0.748508770368521,0.750823296237738,0.614520159131803,-0.602692038594524,-0.352923347074065,0.690689423801787,0.665867218474461
"297","female","Asian","yr1","Business","math03","Kinesthetic",1.20943611639894,0.603389800474022,1.3824096819889,-0.133071622821876,0.193054865282637,0.807624173396224,-0.482366485244439,0.12492982558025,-0.0370855439632811,0.0205827769725334,-0.214117423987157,-0.346338725843645,0.17970236257254,0.115206716079592,0.0853679758678801
"298","female","white","yr2","STEM","math02","Kinesthetic",1.54215099375782,0.729650117129581,-3.09718572729762,0.380680140882711,-0.616969392316598,-0.992763512803296,-0.660996160172097,-0.425874495147423,0.418701681761869,-1.4454114490322,0.166694400775727,-0.346338725843645,0.864231969695248,-0.847987363495881,-0.168812136123479
"299","male","white","yr2","Business","math02","Auditory",-0.655670798693447,0.121695640444776,-1.83659917908265,-0.0115225701088073,0.931198187346884,0.67663142757179,0.417081081944145,0.722200548445994,0.847623166283179,0.597392119236536,0.744502159795032,0.484725501406459,0.517591415734887,0.57046975023502,0.807677016074753
"300","female","white","yr3","Other","other","Kinesthetic",0.949988019900563,-0.266817895620758,-0.222301081060435,-1.01519606694642,0.531168265994256,-0.718547160342928,-0.20888422717095,0.174329440507969,0.305386638645966,0.30814607051389,-0.415368129044975,0.737394190104729,-0.191568062242842,-0.250550918805802,0.315425105364105
"301","male","white","yr3","Other","math02","Kinesthetic",0.704610973598293,-0.273872413771114,-1.7186953291469,-0.6943899611744,1.49955196479089,1.45210273364758,1.09562411681238,1.25970296808463,1.63321748061498,1.3870550416303,1.37616993798703,-0.0936700371453748,-0.294912104566007,1.27620653520245,1.42780659669313
"302","female","white","yr1","Other","math01","Kinesthetic",-1.84384230554341,-0.497556424846265,2.30845935034238,-0.31674008543135,1.68408488714593,1.05677987878649,0.397404327829119,1.1772841329141,0.0815432458218191,1.16392941542481,0.615386886390802,-0.346338725843645,-0.352923347074065,0.820899473731227,0.903526947999971
"303","male","white","yr2","Business","math03","Visual",-0.32552131800601,-0.0907079503140647,0.446772678662553,0.749604233918062,0.330611710505871,-0.842516692695198,-0.108085372173894,-0.25589496642874,-0.0706248531063067,-1.06953079942144,-0.282752578424039,-0.0936700371453748,-0.294912104566007,-0.611064071265016,-0.0226205232577256
"304","female","Black","yr1","Health","stats","Visual",1.17488306019983,0.0678457930729691,-1.27584193432254,-0.776131558413968,0.781088696584313,-0.617242979795661,1.09562411681238,-0.831926818943212,0.276803239262046,-0.413211125194478,1.37616993798703,-0.0279811240952987,0.386390447218871,0.140277821083057,0.0202142520169764
"305","female","white","yr2","Business","math03","Kinesthetic",1.54215099375782,0.0867751170527326,-0.823401204525293,-0.350953333382525,-1.43982549741706,-1.18892043842219,-0.786085182874373,-0.390245375086486,-1.07281659017576,-1.29739493560632,-0.120768738771771,-0.921049640342871,-0.178889619549892,-0.938009848823094,-0.905391208700939
"306","female","other","yr2","Other","math01","Visual",1.12466368201378,0.499690324451081,-1.38415844928541,-0.620743001051648,0.765180251924779,0.167557485965024,-0.215242002765025,-0.587315469944721,0.345167697401313,-0.127712707767944,-0.0943079760325787,0.484725501406459,-0.352923347074065,-0.0454917633753204,0.125813944251383
"307","female","white","yr3","Other","other","Auditory",0.0945313904094736,-0.22443281959917,-1.49247496424828,0.213983304429656,-0.845307438306751,-0.810257040242045,-0.724512415656024,-0.473971496948722,-0.452458457637294,-0.201545812806082,-0.504772152547913,-0.346338725843645,-0.191568062242842,-0.557809103038474,-0.554384627852502
"308","female","white","yr2","Business","math03","Kinesthetic",1.45481316270121,-0.0557874269220216,-1.49247496424828,0.605659018378702,-0.649733090265356,0.336572053401831,0.232453130561856,-0.0884074660093126,-0.248430071180214,0.377816735269073,-0.557068342142467,-0.0936700371453748,-0.191568062242842,0.202792542871371,-0.293864937651022
"309","female","Black","yr4","Other","other","Kinesthetic",1.20943611639894,1.3945259089058,-2.20189160267601,-0.32315326814224,0.889010272547228,0.855306885987835,0.848241574911938,0.42510187829924,0.415787771325501,0.632490604126055,1.37616993798703,0.22837218865558,-0.294912104566007,0.822739268910345,0.53996567862091
"310","female","Asian","yr4","Other","stats","Visual",1.33164211298148,0.625373423883468,-0.597180839626671,0.265102687513606,-0.559831834516405,-0.148975628323831,-0.783367329305897,-0.68865133192495,-0.134606058735516,-1.20287404758824,-0.574274034243794,-0.0936700371453748,-0.133556819734785,-0.633077972677423,-0.440085261249351
"311","female","white","yr2","Business","math02","Visual",1.12466368201378,0.483999650934909,2.76090008013962,-0.81244271251718,1.8194510001737,1.10421393488604,0.909331777157115,1.25970296808463,0.610794356327502,1.11169338979338,1.06797327890654,-0.602692038594524,-0.352923347074065,1.00796171426322,1.15553759608489
"312","female","white","yr3","STEM","math02","Kinesthetic",0.704610973598293,0.224800730954618,-1.7186953291469,0.485083720301271,0.931198187346884,0.0685992665284097,0.0525541913910801,0.329923393082277,0.584446832884001,0.434685932586479,0.427722906913487,-0.0242965000426901,-0.133556819734785,0.201546575297879,0.577369531324489
"313","female","Black","yr3","Other","other","Visual",-0.641284639170516,0.0416362674975688,1.26450583205315,-0.26038116509647,-0.125184436456468,-0.279289532233136,-0.482366485244439,-0.409499211486148,-0.016550374663474,-0.413211125194478,-0.214117423987157,0.22837218865558,-0.23690086205795,-0.346764245030412,-0.181927185969303
"314","female","Asian","yr5+","STEM","math02","Kinesthetic",-0.343437927337572,0.236675536784026,-1.04962156942391,-0.26038116509647,0.0429453745200661,0.0319128328172112,-0.0719085355325962,-0.178986343891246,0.150899998043741,-0.413211125194478,0.153020149964871,-0.0936700371453748,0.164523879072639,-0.0978398323799891,0.00379102922883528
"315","female","white","yr4","Other","other","Kinesthetic",0.617273142541686,0.526268552094298,-3.20550224226049,-0.26038116509647,1.8194510001737,1.45210273364758,0.632608211913256,0.42510187829924,-1.08756763157684,0.379122685203244,0.0931603321370432,1.31578972865656,-0.191568062242842,0.740147589004911,0.265174211714891
"316","female","white","yr1","Business","math02","Kinesthetic",1.54215099375782,1.06449815685722,-2.20189160267601,0.421990555769227,-1.00246548074662,-2.01068179811386,-1.65457027043115,-1.18474853016055,-0.553719396997182,-2.21347729201926,-0.602000188670251,-0.921049640342871,0.760887927372083,-1.72318782552254,-0.882482204238039
"317","female","white","yr1","Other","math02","Kinesthetic",-0.220266877617842,-0.497556424846265,0.112235798801059,-0.26038116509647,0.626537196417835,-1.09549479024183,0.179930800264989,-1.16675751462139,-0.533404895581465,-0.785635430310913,-0.0996026261629477,0.22837218865558,-0.2495793047509,-0.521302333020948,-0.424477038151143
"318","female","Asian","yr1","STEM","math03","Kinesthetic",0.617273142541686,-0.158892517431864,0.446772678662553,1.13081036067979,0.0505946692534411,-0.0583950688496432,0.384165323039076,0.134379522986835,0.647136235464235,0.642212589141024,-0.311283034099632,-0.346338725843645,-0.294912104566007,0.214139576683993,0.290438040410428
"319","female","white","yr1","STEM","math02","Kinesthetic",0.739479139124226,-0.0895191792878693,-1.49247496424828,0.399381396368754,-0.13721519558076,0.123183905304417,0.196176549623793,0.0367219679018587,0.0746048685605208,-0.0513439952119637,-0.790046126633445,-0.0242965000426901,1.24495378186575,-0.0152484395655037,0.00354373239450025
"320","female","other","yr2","Health","math02","Visual",-0.288087755808637,0.679223271255275,-1.38415844928541,0.17451006482967,0.813242539340288,0.0576374133645601,-0.488221925299482,-0.217352036934461,0.358322334455266,-0.567136818047804,-0.268545732527976,-0.602692038594524,0.66949531321099,-0.287374049426707,0.273473556060775
"321","male","white","yr1","Other","math03","Visual",0.634224698736058,0.294751286321786,-1.15793808438679,-0.376395634033629,-1.14231913450243,-0.286878922321504,-0.329045299950515,-0.526131793095953,-0.415349211509423,-1.12680861956989,-0.85755938499347,-0.602692038594524,0.17970236257254,-0.573158561766101,-0.640703133429387
"322","female","Black","yr2","STEM","math02","Kinesthetic",0.211291484322314,1.07538571098426,-2.5364284825375,-1.94023038457508,0.889010272547228,0.73372637465058,1.09562411681238,1.25970296808463,1.63321748061498,0.247847059011874,1.37616993798703,-0.408343014841113,0.176677957919308,0.746550968373097,1.26119414548184
"323","female","white","yr1","Other","math01","Auditory",-0.307604708674449,0.0341717148680235,0.781309558524047,-0.26038116509647,1.8194510001737,1.14700470565105,0.7616423273819,0.570598969336728,7.83350155711959e-05,0.723325969419991,-0.208736669511934,1.05943641590568,0.0731312649115457,0.730860697005452,0.69877223778989
"324","male","white","yr3","Business","stats","Kinesthetic",-2.22902684843296,-0.497556424846265,0.929968952191661,1.41946805438214,1.09721612276899,0.611062181013257,0.431004101764328,0.398724861599851,0.173693306333177,0.541693591367185,0.829893587093188,-0.599007414541915,0.00316859424141591,0.548490299143873,0.502380816331952
"325","male","white","yr2","Business","math03","Kinesthetic",-0.238183486949403,-0.382576528507014,-1.49247496424828,-0.522708562366869,-0.543313534664087,-0.139646468638941,-0.164094102683252,0.175724872586123,0.429966155477535,-0.297414040600636,-0.219142349305957,-0.672065575697209,0.310903331088557,-0.189945463652826,0.066509042397639
"326","female","white","yr3","Other","other","Visual",0.949988019900563,-0.267596632167764,-0.448521445959057,-0.721457757842475,0.160291167333878,0.204243919676223,0.63063267816063,0.741930826031004,0.661970391063009,-0.679783351218263,0.939194243920714,0.737394190104729,0.399068889911821,0.161358570606415,0.538939942166787
"327","female","white","yr1","Other","math02","Kinesthetic",0.617273142541686,0.337320713377283,-0.823401204525293,-0.611013080854723,0.372799625305527,-0.12856711495624,-0.290066078126866,0.0106153754824994,-0.89332841356598,-0.0770797304525215,0.571240697521473,0.484725501406459,-0.133556819734785,-0.0678482044552509,-0.20684864414277
"328","female","white","yr2","STEM","math02","Visual",0.78938340798346,-0.0626575940384692,0.220552313763931,-0.427596283875602,-0.529258868763104,-1.05937831991575,0.458989398400917,-1.00277756088685,-0.423839596578091,0.0341820448000657,0.581026256999934,-0.41571226294633,-0.352923347074065,-0.141704367063396,-0.64376971188505
"329","female","white","yr2","STEM","stats","Visual",-0.760925239081616,-0.278877052484074,-1.04962156942391,-0.895486319592878,1.8194510001737,1.45210273364758,0.775941679145685,1.25970296808463,1.34265071485239,1.3870550416303,0.648539515359959,0.484725501406459,0.712328072219146,1.10785361471461,1.41291783511584
"330","female","white","yr1","STEM","math02","Kinesthetic",-0.988385676052324,-0.12073334357623,1.93357959177614,1.19358246372556,0.101988542608947,-0.302995506433844,-0.2142162136241,-0.435105254482925,-1.05681769380145,0.0999018776209988,-0.216442285741416,-0.855360727292794,-0.352923347074065,-0.150305647317378,-0.49476783158101
"331","female","white","yr3","Other","other","Kinesthetic",-0.256100096280965,-0.0651175079550547,1.26450583205315,-0.26038116509647,1.66934150941113,0.586406600707224,0.306628815783969,0.42510187829924,0.0620288519513763,0.597392119236536,0.581026256999934,-0.346338725843645,0.17970236257254,0.493789913694704,0.628502061785697
"332","male","white","yr1","Business","math02","Kinesthetic",1.54215099375782,0.540903797736399,-1.27584193432254,-1.18595661618048,-0.414510506085976,-0.336384479311926,-0.651297333110886,-0.38890283169982,-0.121995597583903,-0.847005027361489,-0.204331864508696,-1.17740295309375,0.0581554320962412,-0.521687229271002,-0.290732626493133
"333","female","white","yr1","Other","math01","Kinesthetic",0.0945313904094736,0.340375012806966,0.446772678662553,-0.468388416436041,0.0231501321885802,-0.279289532233136,-0.482366485244439,-0.409499211486148,0.101393713864169,-0.545954519215741,-0.112329640581119,-0.924734264395479,-0.352923347074065,-0.36970045110254,-0.0999690081230884
"334","female","other","yr2","Business","math02","Kinesthetic",0.0417466155519794,-0.285747219600522,0.00391928383818685,-0.402371757232538,0.168055650541073,0.686494140568769,1.09562411681238,0.999686812526613,-0.225105530512772,0.885426144180912,-0.0338228223209215,-0.346338725843645,-0.0302127774116195,0.733069801049004,0.319605147240574
"335","female","white","yr1","Other","math01","Auditory",-0.430775758394179,-0.497556424846265,1.60863004688753,0.579543444642833,0.931198187346884,1.45210273364758,1.09562411681238,1.25970296808463,1.55463825400013,1.3870550416303,1.37616993798703,0.22837218865558,0.712328072219146,1.27620653520245,1.24507207577687
"336","female","white","yr1","Business","math02","Visual",0.199785830797642,-0.497556424846265,-0.113984566097563,-0.853564444549929,-0.702176842071781,-0.279289532233136,-0.482366485244439,-0.409499211486148,0.0620288519513763,-0.413211125194478,-0.214117423987157,-0.346338725843645,0.17970236257254,-0.346764245030412,-0.311749428119847
"337","female","white","yr3","Business","other","Auditory",0.7919488046549,0.730244502642679,-0.597180839626671,-0.977949364840909,1.54652804192269,1.28934946296552,1.09562411681238,0.952713416040896,1.26674926406077,1.33481901599887,1.37616993798703,0.737394190104729,-0.133556819734785,1.21037855598973,1.20394257857969
"338","male","white","yr1","STEM","math04","Visual",-1.93118013660002,-0.497556424846265,2.534679715241,1.16891116468647,-0.0753108950906464,0.7000703671921,0.41810687108507,1.02367988785669,-0.291115720847053,0.92090146272975,-0.983726567004221,-0.855360727292794,-0.352923347074065,0.459728715304371,0.238403091468566
"339","female","Asian","yr1","Business","math03","Kinesthetic",-0.378306092863504,-0.381982142993917,3.32165732489974,0.40406494975002,-0.248483458527162,-0.192910401572526,-0.301451547940418,-1.10026906659223,-0.544905503910264,-1.12395212922111,-0.670236678678866,-0.346338725843645,-0.0302127774116195,-0.513132877093937,-0.643960160385562
"340","female","white","yr2","Business","math03","Auditory",1.12466368201378,0.437798707226556,1.26450583205315,-0.26038116509647,-1.73356025113357,-1.07497920075667,-1.94427308562237,-1.96557635613201,-0.991240083825113,-1.6140268151097,0.0213287178684882,-0.0242965000426901,0.0277984650964382,-1.2674396625374,-1.51005854027755
"341","female","white","yr2","Business","math04","Visual",0.214171990320574,-0.0638291967747397,-1.38415844928541,0.631774592114571,-0.494835437170643,0.54587447079207,0.409942059368934,0.751227395223759,-0.909790894849646,0.585352323840024,-0.303388202192265,-0.6683809516446,-0.191568062242842,0.400142026173143,-0.189333945291614
"342","male","white","yr1","Other","math01","Auditory",1.54215099375782,0.665892971501569,1.60863004688753,-0.28147090663193,0.446862093544645,-0.354935722564143,-0.591219549595591,-0.195470252669668,0.680995048519822,-0.23079106909653,0.137946576809809,-0.0242965000426901,0.432450261564856,-0.309618901323724,0.294653013348659
"343","female","white","yr5+","Health","stats","Kinesthetic",0.374461492910856,-0.0670678472383313,-2.20189160267601,1.11027828332656,-1.25201563258286,0.219677416414928,-0.0182902333715769,0.42510187829924,0.0447441157238538,-0.272102017951128,-0.00798739546555929,-0.346338725843645,0.815672114542311,-0.00573650190568561,-0.174794080365022
"344","female","white","yr2","Business","math03","Kinesthetic",1.12209828534234,0.337915098890381,0.446772678662553,-0.620512150869346,-1.73356025113357,-1.29230543911685,-1.08637975742632,-0.902141751728343,-0.901259084909934,-1.37957615557324,-0.948728810309616,0.484725501406459,0.569175675541057,-1.16788309586412,-1.10497487505027
"345","male","white","yr2","STEM","math02","Auditory",1.54215099375782,0.710143575926645,-2.870965362399,1.37311170464917,1.54045962419199,0.597139541036826,0.781573414664394,0.616817114762263,-0.672308836651937,1.21616544105624,1.16970367104702,-0.855360727292794,-0.294912104566007,0.852152336510838,0.402401565300688
"346","male","white","yr1","Business","math02","Auditory",-0.760925239081616,-0.497556424846265,2.8692165951025,0.631774592114571,0.79364134212365,0.586406600707224,0.637951056431681,0.904397476168513,0.972317718650199,0.890076914160198,1.11900911155814,-0.6683809516446,0.225035162387648,0.719821302197148,0.877972332340437
"347","female","white","yr2","Other","other","Auditory",-0.988385676052324,-0.381982142993917,1.49072619695178,-1.15253692230751,1.52194463725906,1.23269332329864,0.965240763369707,1.03513225121142,0.333247452238907,1.33481901599887,1.37616993798703,1.31578972865656,1.24495378186575,1.158552206079,0.897881213718146
"348","male","white","yr1","Business","math02","Visual",-0.623368029838954,-0.278877052484074,2.15979995667477,0.451725905785235,0.528376790742724,0.138963815396223,0.168927084070249,0.250630829175475,-0.015287052961208,0.619268169957841,0.932889370920938,1.05943641590568,0.922243212203305,0.362232186206263,0.228682606537186
"349","male","white","yr1","Business","math02","Visual",-1.00373688871245,-0.497556424846265,2.30845935034238,1.29394674593603,1.4007120467733,1.45210273364758,1.09562411681238,1.25970296808463,1.15366439236224,1.3870550416303,1.37616993798703,-0.0279811240952987,-0.352923347074065,1.27620653520245,1.23218400962169
"350","female","white","yr2","Other","math02","Auditory",-0.0455912155046277,0.0460465206974309,-1.49247496424828,-1.21565904075871,-0.512740568910787,-0.580389149783285,0.281320326150235,0.141350150525408,-0.524678375899664,-0.365249035883013,-0.557068342142467,0.22837218865558,-0.352923347074065,-0.273543596038998,-0.272949635942247
"351","male","white","yr1","STEM","math02","Kinesthetic",-0.552981754976719,-0.436242024844913,1.7169465618504,-0.489785416254186,0.931198187346884,1.31645808049977,0.748403322591857,0.998820710325295,1.4491930310797,1.17211282934881,1.2895131190016,0.22837218865558,-0.23690086205795,1.07629453768289,1.11637672600468
"352","female","white","yr1","STEM","math02","Kinesthetic",-0.148280259221356,0.309270357101687,-1.49247496424828,-1.16161782745038,0.217143603227301,-0.314250878406563,-0.267128246275612,0.0860635831144529,-0.301973317245041,-0.0316532486588984,0.445663501861483,-0.599007414541915,-0.294912104566007,-0.124184145046472,-0.0148628638046257
"353","female","white","yr2","STEM","math03","Visual",1.54215099375782,0.168490969666226,0.00391928383818685,-1.04662114238812,-1.73356025113357,-1.40048574212079,-1.50551511439092,-2.07870139105692,-1.3331775940653,-1.9842596583143,-1.58518980762054,-0.6683809516446,-0.191568062242842,-1.54492926817983,-1.67003693014872
"354","male","white","yr3","Business","math03","Kinesthetic",-0.343437927337572,0.50979914203112,0.220552313763931,-0.26038116509647,0.0429453745200661,-0.279289532233136,-0.482366485244439,-0.409499211486148,0.0620288519513763,-0.413211125194478,-0.214117423987157,-0.346338725843645,0.17970236257254,-0.346764245030412,-0.108410916539852
"355","female","white","yr1","Business","math03","Visual",0.371896096239416,0.337915098890381,-0.113984566097563,0.219034388656373,-0.821218700362087,0.28800867687735,0.138381982947661,-0.0414340695235958,-0.37884110397731,-0.582726855682343,-0.0795706412959192,-0.602692038594524,-0.352923347074065,-0.0335513559157306,-0.370029935681687
"356","female","white","yr5+","Business","math03","Kinesthetic",1.36747533164461,-0.0695277611549169,-1.15793808438679,-0.0767127024869954,-0.516063042714074,-0.0772207723216422,-0.438526983875537,-0.111645290279212,-0.618231835004397,-0.473630564749911,-0.284291782519843,-1.17740295309375,-0.294912104566007,-0.294937498645634,-0.395599993999717
"357","female","white","yr1","Business","math02","Kinesthetic",-1.80897414001748,-0.382576528507014,2.64299623020387,0.205793336712994,0.485763953728423,1.45210273364758,1.09562411681238,1.25970296808463,1.47605902738528,1.3870550416303,1.37616993798703,1.31578972865656,0.264843516742572,1.27620653520245,1.09588141723516
"358","female","other","yr3","STEM","math02","Auditory",1.54215099375782,0.637248229712876,-2.20189160267601,-0.973007681383896,-0.81801141503262,-1.02077609831801,-0.186571624040701,-0.497375370598218,0.10544044373831,-1.10154361573236,-1.28309713466387,-0.346338725843645,-0.178889619549892,-0.814685192341126,-0.358951672288169
"359","female","white","yr5+","Health","stats","Kinesthetic",-1.07572350710893,-0.274466799284212,1.82526307681327,-0.0854833667073399,-0.955003936387189,0.324896932606288,-0.752822228183308,-0.366033361685321,-0.0752504585269946,-1.11713365336689,-1.10968073010985,-0.350023349896254,-0.352923347074065,-0.514064358965059,-0.413759100413375
"360","male","white","yr3","STEM","math03","Kinesthetic",1.45481316270121,0.0597868549303262,1.15618931709028,1.37959758728074,-0.664546125149852,0.220382611486698,0.250710038563697,-0.0126224487874003,-0.342390152500886,-0.182811381491754,-1.02525879665386,-0.16304357424806,-0.294912104566007,-0.0323589957266803,-0.304338413886427
"361","male","Black","yr1","Other","math02","Auditory",-0.655670798693447,0.848463049445521,-2.54601581751038,-0.26038116509647,0.747159931710816,1.45210273364758,1.09562411681238,1.25970296808463,1.34779453803341,0.840605674276424,1.37616993798703,-0.346338725843645,0.17970236257254,1.13241557781177,1.1221062758634
"362","female","Black","yr2","Health","math02","Kinesthetic",-0.343437927337572,-0.436242024844913,-1.86735472281452,1.08003493672755,0.0429453745200661,-1.71604225022714,-0.482366485244439,-0.409499211486148,0.0620288519513763,-1.52158840149976,-0.214117423987157,-0.602692038594524,0.17970236257254,-1.09819510044797,-0.108410916539852
"363","female","white","yr1","Health","stats","Kinesthetic",0.704610973598293,0.625373423883468,-1.49247496424828,-0.979250746418068,-1.27987597972566,-0.316703915634779,-0.281138707039112,0.04098476564693,-0.995203699501564,-0.858465341178584,-0.965451154523322,0.48104087735385,-0.352923347074065,-0.512423762042301,-0.683014998639619
"364","male","white","yr1","Other","math02","Kinesthetic",-0.795793404607548,-0.216968266969624,0.112235798801059,-0.923794212332116,-1.01780960153749,-1.30510988033732,-0.446134253146872,-0.646829578405792,-1.02152895989585,-0.887916019661943,-0.498126006385424,-0.346338725843645,-0.352923347074065,-0.824050373349538,-0.862292104537099
"365","female","Black","yr3","Health","stats","Visual",-1.37100482227043,-0.170172937748174,-1.26625459934966,-0.26038116509647,0.0429453745200661,-1.1449856651735,0.306628815783969,-1.24410030127154,-0.138458078867568,-1.31334420860687,-0.214117423987157,0.22837218865558,0.17970236257254,-0.656749257944183,-0.471999564664894
"366","male","white","yr3","Business","math01","Auditory",-0.308569761811639,0.121695640444776,2.30845935034238,-0.26038116509647,0.0429453745200661,-0.428094359211044,-0.482366485244439,-0.409499211486148,-0.0319157626402533,-0.413211125194478,-0.350265836784064,0.484725501406459,1.06842001353463,-0.41042547466469,-0.141449486305099
"367","female","white","yr3","Other","math02","Visual",0.704610973598293,0.0597868549303262,-0.340204930996185,0.22630104500946,1.8194510001737,0.586406600707224,-0.500356596607123,0.42510187829924,-0.607905470984414,0.486921958217911,0.451569710432993,-0.599007414541915,-0.352923347074065,0.2409131994813,0.433862452391267
"368","female","white","yr2","Health","stats","Visual",1.54215099375782,0.691098077084682,-0.113984566097563,-0.0490929344903542,-1.16731834924399,-0.465748777115905,1.09562411681238,-0.643909324047386,-0.980410968773833,-0.956431133141271,-0.917421309065908,-0.0936700371453748,-0.191568062242842,-0.22443334838562,-0.887606053372922
"369","female","white","yr3","Health","stats","Auditory",-0.238183486949403,-0.278282666970976,1.49072619695178,0.605659018378702,-0.34295102429055,0.586406600707224,0.384165323039076,0.390888131859961,-0.124170622375842,0.151372819328185,-0.933898734774334,-0.602692038594524,-0.294912104566007,0.217963179268514,0.00186436367378653
"370","female","Black","yr1","Other","math02","Auditory",1.36747533164461,0.74476357342258,-2.65433233247325,1.20952534918279,-0.78031104096099,-0.993907515286977,-1.11391811398015,-0.409499211486148,-1.06828982078354,-0.413211125194478,-0.382014613199856,-1.17740295309375,0.803720686380239,-0.758448389512294,-0.730583698250949
"371","female","white","yr2","Other","other","Kinesthetic",0.599356533210125,-0.0551930414089239,-1.61037881418403,0.490667216683912,-0.806475322627292,-0.981103074066505,-0.0303597182152679,-0.550343806497118,-0.502543362261675,-0.756758075663378,-1.49853298863511,-1.17740295309375,-0.100175448081749,-0.696277223979563,-0.588220688526317
"372","male","white","yr3","Business","math02","Kinesthetic",0.353979486907855,-0.259353342991213,-0.566425295894807,-0.148565710675638,1.68189415495047,0.911474334659436,0.661167988275539,1.08210564769714,1.1410883757531,1.07091767797904,1.37616993798703,-0.0936700371453748,-0.352923347074065,0.90773315218978,1.24212820963287
"373","male","white","yr2","STEM","math03","Visual",-0.760925239081616,-0.381982142993917,1.49072619695178,-0.996432635042346,0.0429453745200661,-0.279289532233136,0.135946138701231,-0.469232258018302,0.452897017453372,-0.413211125194478,0.357018059540204,-0.0899854130927663,0.237713605080598,-0.119673963531353,0.00807408759943753
"374","female","white","yr2","Other","stats","Visual",1.280137500588,0.424844638954035,-1.26625459934966,-0.938876778729379,-0.195633008779511,0.269907912134932,0.442643904745347,0.302422771067306,0.00795437350854366,0.575795039829829,0.456470730879405,-0.0936700371453748,-0.294912104566007,0.407299102827719,0.0574665191592028
"375","female","white","yr3","STEM","math04","Kinesthetic",-0.063507824836189,0.00306705916274477,1.26450583205315,0.59367378810789,-0.956584813389863,-0.28959529810053,-0.469127480454395,-0.498183510349887,-0.645097831309975,0.417133611269923,-0.99524700188618,-0.0936700371453748,1.18694253935769,-0.220185559322625,-0.661001469066449
"376","male","white","yr1","Business","math02","Visual",-0.343437927337572,0.50979914203112,0.220552313763931,-0.497991922640214,0.0429453745200661,-0.279289532233136,-0.482366485244439,-0.409499211486148,0.0620288519513763,-0.413211125194478,-0.214117423987157,-0.346338725843645,0.17970236257254,-0.346764245030412,-0.108410916539852
"377","female","white","yr5+","STEM","other","Kinesthetic",-0.132929046561235,0.006121358592428,-3.09718572729762,0.631774592114571,0.24779542562163,-0.0765302593086241,-0.156421646947968,0.0818007853693815,-0.0656080921987215,-0.426624790677183,-1.09457146267186,-0.672065575697209,0.267867921395804,-0.304915110953639,0.0751301050523973
"378","female","other","yr1","Other","math01","Auditory",0.371896096239416,-0.32813229562211,1.49072619695178,0.460412421262183,-0.964765106674994,-0.838758316752035,-0.596662138410781,-1.28831301653774,-0.292910274927324,-0.559880298843881,-0.327235005711771,-0.346338725843645,-0.352923347074065,-0.60726078146146,-0.816840365107184
"379","female","white","yr3","STEM","math02","Visual",-0.132929046561235,-0.0170338675532892,-1.26625459934966,1.52393034932561,0.669811321501201,-0.279728339645047,0.638239947431965,-0.199853147957603,0.900593755098957,0.698493372862606,0.708881173461208,0.737394190104729,0.712328072219146,0.343986359767659,0.431183919884846
"380","female","Asian","yr1","Business","math03","Kinesthetic",0.512018702153518,-0.0969837319174146,-1.26625459934966,-0.626757188434307,-0.662965248147177,0.494110272951788,0.173238717772539,0.355442693175152,-1.04606916974316,0.419086962935534,-0.537445047488258,-0.855360727292794,-0.23690086205795,0.251075169846244,-0.422126889595825
"381","female","white","yr1","Business","math03","Kinesthetic",0.704610973598293,-0.0437282700587057,-1.15793808438679,-0.293881872732128,-0.976380055721349,-0.792121849783065,-0.784840058529583,-0.621310278312916,-0.553719396997182,-1.37276661173543,-0.703532803258431,-1.17740295309375,0.301249293048839,-0.899207446882972,-0.677504938140235
"382","female","white","yr1","STEM","stats","Kinesthetic",-0.343437927337572,0.50979914203112,-1.15793808438679,-0.26038116509647,0.0429453745200661,-0.279289532233136,-0.482366485244439,-0.409499211486148,0.0620288519513763,-0.413211125194478,-0.214117423987157,-0.346338725843645,0.712328072219146,-0.346764245030412,-0.108410916539852
"383","female","white","yr2","STEM","math04","Auditory",0.619838539213126,-0.381982142993917,4.21695144952135,-0.686341495383401,1.08130767810945,0.619975287904911,-0.397511599718281,0.922007216286507,0.302274323374718,0.400002228271604,0.0451398271050717,0.232056812708189,-0.352923347074065,0.207473729926466,0.727016532711909
"384","female","white","yr1","Other","math02","Kinesthetic",0.374461492910856,-0.266407861141569,0.446772678662553,1.26370339933702,0.481886268193181,0.213907859764508,0.153561963657514,0.621835163567516,0.331533489151618,0.638167831050874,-0.00709897122392833,-0.0936700371453748,-0.352923347074065,0.276460232385227,0.468319272180221
"385","male","white","yr2","STEM","math02","Kinesthetic",-0.32552131800601,-0.212558013769762,0.112235798801059,0.51119929403714,-0.20588884578628,0.0589383755491708,-0.175668719200322,0.0716909654013195,-0.0809512171262896,-0.319296249065535,-0.207136460291766,0.737394190104729,0.00316859424141591,-0.133730910733964,-0.0576231674928128
"386","male","white","yr1","STEM","math03","Kinesthetic",0.911589404566,-0.382576528507014,0.112235798801059,1.28980752425017,0.495603980657256,0.539414401128631,0.874719584492025,1.25970296808463,0.423084934271926,1.17811093910457,-0.983391749471318,-0.346338725843645,-0.294912104566007,0.594043151588202,0.728255329597445
"387","female","white","yr2","STEM","stats","Visual",-1.28623238788527,0.006121358592428,-1.61037881418403,-0.26038116509647,0.0429453745200661,-0.279289532233136,-0.482366485244439,-0.409499211486148,0.0620288519513763,-0.413211125194478,-0.214117423987157,-0.346338725843645,0.00316859424141591,-0.346764245030412,-0.108410916539852
"388","male","white","yr2","Other","math04","Kinesthetic",-0.430775758394179,-0.382576528507014,0.929968952191661,0.504465049839976,1.22870455026152,1.09660986273892,0.682795509318054,1.11620854299528,0.121330267772926,0.946451595625481,0.468724647722534,-0.602692038594524,-0.191568062242842,0.83289355284494,0.771801776995288
"389","male","Black","yr2","STEM","math03","Kinesthetic",-0.220266877617842,-0.497556424846265,-1.15793808438679,0.631774592114571,0.79364134212365,-0.0977105580790751,0.421392715646435,0.147139173033273,0.254067087028299,0.26184298034681,-0.292925131132689,-0.346338725843645,-0.294912104566007,0.113252939479826,0.35945577719777
"390","female","other","yr1","STEM","stats","Visual",1.20943611639894,0.0603812404434238,1.26450583205315,-0.149214399103433,-1.13802563888925,-0.478908950946,-0.0921770275934055,-0.335187530335542,0.939351066756223,-0.146756581363498,0.0969902113183839,-0.0936700371453748,-0.191568062242842,-0.20303418531513,-0.0960560487099743
"391","female","white","yr2","Health","stats","Auditory",-0.483560533251673,-0.00134319403711733,1.59904271191465,0.631774592114571,-0.223493355922307,0.180278852383208,0.487925506706802,0.147139173033273,0.613596926321209,0.216416498553187,-0.564436299068047,-0.602692038594524,-0.352923347074065,0.17546190834375,0.208326951938234
"392","female","white","yr1","Other","math03","Kinesthetic",0.197220434126202,-0.497556424846265,1.59904271191465,-0.0889590746800901,-1.57361073344216,-0.126842027418469,0.215423621876147,0.267234835496761,-0.761177459539594,0.618853918157127,0.0765358836880987,-0.0936700371453748,-0.191568062242842,0.188176327356862,-0.601419758225221
"393","female","white","yr1","Health","stats","Kinesthetic",-0.378306092863504,-0.163897156144824,-1.15793808438679,-0.882506409571781,0.933388919542342,-0.387019356727278,0.161608705799199,-0.485975895934978,-0.513862020364313,0.103761033366322,-1.04193399991459,1.31578972865656,-0.133556819734785,-0.176318076066179,-0.0948011329306504
"395","female","white","yr2","STEM","math03","Auditory",0.459233927296023,0.349789904719788,-0.340204930996185,-0.771330795545787,-0.96812090579519,0.1845406013804,-0.304076538890366,-0.231035788897341,-0.553856950683582,0.320077115734003,-0.85755938499347,-0.346338725843645,-0.0603670937268255,-0.0351175929011156,-0.538249438776218
"396","female","other","yr1","STEM","stats","Kinesthetic",0.0417466155519794,-0.0507827882090618,-1.49247496424828,0.329289292108553,-1.42998547048823,-1.73939249181823,-1.68259119195815,-1.2094017280521,-0.750252031664552,-1.47695969168369,-0.768180460711022,0.158998651552895,-0.0730455364197756,-1.4693898303231,-1.07692350308731
"397","female","white","yr1","Business","math02","Auditory",-0.412859149062617,-0.273872413771114,-1.38415844928541,0.696964724492759,0.0364611467114297,-0.501327998100309,-0.538220076000761,-0.235298586642412,-0.745812071562815,-0.589427649343753,1.00132674780552,-0.346338725843645,-0.352923347074065,-0.335408949908877,-0.33311017313665
"398","female","Black","yr1","STEM","math02","Auditory",1.45481316270121,1.06449815685722,-2.09357508771314,0.0603159394207775,-0.9385644931759,-1.16312085563248,-0.912755522238775,-0.757399911751036,-1.05003874861537,-1.24683276155197,-1.00926110497425,-0.602692038594524,-0.015034293911718,-1.05387460311108,-0.889521268221873
"399","female","white","yr1","Business","math03","Visual",-0.238183486949403,-0.151427964802319,1.7169465618504,-0.210354582793841,-0.424465721488629,-0.279289532233136,-0.482366485244439,-0.152879751471887,0.0152774945969703,-0.587242345175513,-0.29710291993051,-0.346338725843645,0.17970236257254,-0.402336300600858,-0.162290341928046
"400","male","white","yr2","Business","math03","Kinesthetic",-1.96701335526314,-0.393856948823324,1.26450583205315,-0.31674008543135,0.18868251302843,-0.305268829342455,0.13488037005228,0.88569567540038,-0.180638270289996,0.486921958217911,1.29198147636627,-0.346338725843645,-0.294912104566007,0.218760176334075,0.300842892064243
"401","male","white","yr1","Health","math02","Kinesthetic",-0.536030198782347,-0.0406739706290225,-1.15793808438679,-0.20402224476159,-0.564125330129583,-0.685334205754863,-0.668603429443431,-0.370632969020351,-0.802144688995277,-0.142123409677523,-0.0946442144509813,-0.599007414541915,0.0365499658944514,-0.439422715543565,-0.564341494340035
"402","female","white","yr2","STEM","math03","Kinesthetic",0.704610973598293,-0.273872413771114,-2.20189160267601,0.0494026444766297,-0.703457097470339,-0.845660242936431,-0.981658971081622,-0.478263513954665,-0.35505297840051,-0.266010010451666,-0.558999574212769,-0.6683809516446,0.0581554320962412,-0.658946925303861,-0.482926193458564
"403","male","Asian","yr3","STEM","stats","Visual",-1.47882465933004,-0.497556424846265,-0.113984566097563,1.52393034932561,-0.543844533215843,0.55772560987763,0.328500878986272,0.484834924831394,0.209482268065364,1.17811093910457,-1.25770609230425,-0.855360727292794,-0.294912104566007,0.426418232633372,0.097372117199892
"404","female","white","yr1","Health","stats","Kinesthetic",-0.238183486949403,-0.101988370630374,0.446772678662553,0.0814227760814136,-0.381861996611037,-0.046186394742012,0.421402506654114,0.556496775903625,0.627256837611167,-0.205684468639934,0.02269687613893,-0.599007414541915,-0.352923347074065,0.0439092207470998,0.313664518803974
"405","female","white","yr1","Other","math01","Kinesthetic",-1.07315811043749,-0.143779061138865,-0.597180839626671,-1.04662114238812,0.219413192063788,0.376859903355263,0.0964488996657522,1.25970296808463,0.285908154914816,0.711586155514369,0.502218549854403,1.31578972865656,-0.352923347074065,0.393177539014305,0.604642326995488
"406","female","white","yr1","Other","stats","Visual",-0.150845655892796,-0.285747219600522,2.05148344171189,-0.203941400082951,0.226983630156134,0.425926652933774,0.510227251771776,0.443048428007192,0.782048079511547,0.764819217572675,0.0917543733390685,1.31578972865656,-0.133556819734785,0.481458083204405,0.494412443230149
"407","female","Black","yr3","Health","stats","Visual",-0.655670798693447,0.260499990893668,0.672993043561175,-0.20402224476159,0.508165738333303,-0.588923769446641,0.39546335190931,0.440934910917914,0.330346485326874,0.0428560099751714,-0.0612938079295208,-0.6683809516446,0.535794303888021,-0.0809723761962054,0.411547804976591
"408","female","white","yr1","Business","math02","Visual",1.280137500588,0.603984185987119,-2.20189160267601,-0.191195879339811,0.351987829840031,-0.279289532233136,-0.482366485244439,-0.409499211486148,0.0660243889655879,-0.302740964175853,-0.214117423987157,-0.0242965000426901,0.17970236257254,-0.317695476421728,-0.0226702899318303
"409","male","white","yr3","STEM","math04","Kinesthetic",-0.743008629750054,-0.0364480684630688,1.49072619695178,0.783576467718579,-0.0798680929683729,-0.0220643677480674,0.275399699631241,-0.277993462740627,-0.37655700684568,0.298480036327297,0.339863122250663,-0.0242965000426901,-0.294912104566007,0.183931477490681,-0.249988332001949
"410","female","white","yr5+","Health","stats","Kinesthetic",-1.19889455682866,0.333504845690519,-1.61037881418403,-0.791853396607087,-0.117004143171338,-0.426609306176491,-1.07013400806752,-0.656279275812377,0.177688843347389,-0.656424680234366,-0.43565726408222,-0.346338725843645,-0.118378336234883,-0.635910661888746,-0.198044590375413
"411","female","white","yr1","Business","math03","Kinesthetic",0.512018702153518,0.40609966600818,0.446772678662553,-0.26038116509647,-1.26833988732033,-1.50673983283691,-0.899451330984782,-1.63437479068711,-0.127165378906931,-2.03944607203822,-1.39554223955167,-0.346338725843645,0.094561208402509,-1.41447856705505,-0.962918492363013
"412","female","other","yr2","Other","math02","Visual",0.617273142541686,0.29739555127228,-2.20189160267601,-1.2817177220992,-0.888521018377127,-0.724732769786584,-0.499662790569304,-0.340427318688544,-0.223057567994274,-0.85177347953358,0.54095005560094,0.488410125459067,-0.191568062242842,-0.520214427862428,-0.438605495617079
"413","female","white","yr3","Business","math03","Visual",0.442597480428472,-0.274466799284212,-0.262643959765176,1.10436227663492,-0.548295742111078,-0.776688353044359,-1.27136178627285,-0.491918046656674,-0.707019866899071,-0.607465554496027,-1.00926110497425,-0.855360727292794,-0.294912104566007,-0.854647950023351,-0.569158934094331
"414","female","white","yr1","Health","stats","Auditory",-0.220266877617842,0.144741358007411,-1.15793808438679,0.406268717576107,0.116200921791987,-0.317105286369264,0.211111988173857,-0.543109775056255,0.309916948375706,0.315944617643747,0.0851706531864437,-0.0242965000426901,0.341057647403763,0.0474866271739869,-0.0481614839184743
"415","female","white","yr4","Other","math04","Kinesthetic",1.03732585095717,-0.170767323261272,1.94316692674902,-0.314974749248296,1.66934150941113,0.0496904882541218,0.0568104296371002,0.509523379417908,0.0580652362749254,0.261445798065477,-0.718360114219909,0.484725501406459,-0.23690086205795,0.0159687817488869,0.65675385068638
"416","male","white","yr2","Other","stats","Visual",-0.956082907197831,-0.205687846653315,1.03828546715453,0.276755407475426,0.669811321501201,-0.11087073190917,0.187258969543719,0.249507223859893,0.166190758223298,0.492920067973673,0.281401941407931,-0.346338725843645,-0.294912104566007,0.177009704073831,0.33070687069571
"417","female","white","yr2","STEM","math02","Kinesthetic",-1.68580309029775,-0.0551930414089239,2.534679715241,0.679052607306578,-0.21195726351698,-0.115406941126144,0.666799723794248,0.0699072375242613,-0.795925457533904,0.21156030638099,-0.253436465089992,1.31578972865656,0.00316859424141591,0.162433641705959,-0.311348687439136
"418","female","white","yr1","Health","math02","Kinesthetic",-0.150845655892796,-0.0513771737221595,1.93357959177614,-0.37951218847712,-1.4365485549379,-0.419444041441283,-0.414970323458093,-1.4054748907589,-0.467746694612143,-0.833126788219359,-1.10522374940932,-0.0242965000426901,-0.191568062242842,-0.589690273662824,-1.048216326528
"419","female","Asian","yr5+","Health","stats","Kinesthetic",1.54215099375782,0.0716616607597336,0.672993043561175,-1.9892361454326,-0.625149685601728,0.227972001575066,0.200243641166295,0.468230918510108,0.31034507160978,0.57983979791998,-0.504292418519102,1.31578972865656,0.462604577880062,0.219093485463111,0.104825376955919
"420","male","white","yr3","Other","math04","Visual",-0.781407245084617,0.50979914203112,-1.49247496424828,-0.26038116509647,0.330611710505871,-0.72003221337748,0.0329119951088709,-0.634069928359354,0.0928903852711664,-0.127712707767944,0.360689382582273,0.484725501406459,0.131142507419603,-0.211786278638617,-0.0979163656142638
"421","male","white","yr3","Other","math04","Kinesthetic",-0.483560533251673,0.226751070237895,-1.27584193432254,0.516782790419781,-1.1307830420971,-0.162909389969233,-1.03875226450752,-0.666118671500409,-0.506532936080127,-0.704522050031947,-1.00926110497425,-0.346338725843645,-0.352923347074065,-0.623656630369386,-0.718780863225052
"422","female","white","yr3","Other","math04","Auditory",-0.238183486949403,-0.273872413771114,-1.7186953291469,-0.0318085727977932,0.931198187346884,0.579863456241497,0.107152866794933,0.481143696770377,0.975314998385996,0.170784594566652,0.469846543799391,-0.346338725843645,0.414247373411722,0.31478795603363,0.767933574405204
"423","female","white","yr5+","Health","stats","Auditory",-0.132929046561235,0.637248229712876,-1.86735472281452,-1.81925699817903,-0.197629695860121,-0.854191813490741,-0.972731599993868,-0.787674173416762,-0.314523375712184,-0.73802364434905,-0.718606376413493,0.294061101705656,0.608984029895981,-0.802380315999876,-0.439289631676615
"424","female","other","yr1","Other","math02","Kinesthetic",-0.430775758394179,-0.382576528507014,0.112235798801059,-0.444049627705945,0.112350455952826,-0.283203621180629,-0.858344032075005,-0.431061394808938,0.184556865926925,0.352089932044921,0.513656494250318,1.05943641590568,-0.178889619549892,-0.158051852027693,-0.0539517926287143
"425","female","other","yr1","STEM","math02","Visual",0.00719355935286649,-0.393856948823324,-0.823401204525293,0.203458124590003,0.787572924392949,0.122137659681777,-0.482366485244439,0.0831433287560472,0.248337398618286,-0.413211125194478,-0.05064152119206,-0.346338725843645,0.419771818871906,-0.199041255466135,0.333311743848782
"426","female","white","yr3","Other","math04","Auditory",0.266641655851248,0.194290460762437,-1.15793808438679,-0.650434435982082,0.346520155165405,0.31487725990838,-0.0502908054977614,0.295709646642997,0.188009244171612,0.0205827769725334,-0.0267947176725542,-0.346338725843645,0.17970236257254,0.0912584572252889,0.266380771118735
"427","male","white","yr2","STEM","stats","Visual",0.374461492910856,0.284659637031672,2.534679715241,0.685210862996626,1.8194510001737,0.577279263040074,0.327967445826199,0.554494109955483,0.530820217519745,1.3870550416303,-0.397522545066107,0.806767727207414,-0.191568062242842,0.588872511620857,0.879768831661177
"428","female","white","yr3","STEM","math04","Visual",0.459233927296023,-0.0545986558958262,0.781309558524047,0.477779600164171,-0.592595532465163,0.00253089237435183,-0.141066317542912,0.34402558651538,-0.743556455777893,-1.10363224788408,-0.381264649824324,-0.0936700371453748,0.356236130903665,-0.369744284565137,-0.300544683070019
"429","male","Black","yr1","STEM","math02","Visual",-0.430775758394179,-0.497556424846265,1.7169465618504,0.631774592114571,1.54433730972723,0.737484750593743,0.652250408195465,0.578706123356648,0.802583248811354,0.111362191438093,0.665214718620689,-0.346338725843645,-0.294912104566007,0.513485067619701,0.908768636364509
"430","male","white","yr1","STEM","math01","Visual",-0.428210361722739,0.457305248429493,-1.60079147921115,-1.54679818247593,1.09114770503829,0.897608965757571,0.957922385098657,0.459315624738519,1.29146192060095,0.539157983849343,0.96730739157736,-1.17740295309375,0.00316859424141591,0.79188709499468,0.915100416451512
"431","female","white","yr1","Other","math01","Kinesthetic",-1.65125003409864,-0.0551930414089239,1.26450583205315,-0.26038116509647,-0.517643919716749,-0.524663557632643,-0.0905249426738806,-0.118666005032607,-0.926950836906696,-0.202542849232957,-0.41307585224998,0.993747502855608,-0.191568062242842,-0.292028766108064,-0.507067538428416
"432","female","white","yr1","Other","math01","Auditory",1.12466368201378,0.515398166257178,-1.86735472281452,-1.314168544704,-1.73356025113357,-1.86833704079939,-1.69912583231723,-1.04390393514958,-1.27855641651542,-1.69857000957328,-0.611785748148713,-0.924734264395479,-0.2495793047509,-1.55481272336865,-1.28744496569292
"433","female","white","yr2","Other","math01","Auditory",-2.01851796765663,-0.497556424846265,-2.98886921233475,-0.0770452127959879,0.0429453745200661,-0.279289532233136,-0.482366485244439,-0.409499211486148,0.0620288519513763,-0.413211125194478,-0.214117423987157,-0.0899854130927663,0.17970236257254,-0.346764245030412,-0.108410916539852
"434","female","white","yr1","Other","math02","Visual",-0.0455912155046277,0.434150022283776,3.20375347496399,-1.04139909869179,-0.210376386514306,0.355322069562742,0.733072760011937,0.469155020426551,-0.148211785638502,0.156788673231716,0.230366108756332,0.484725501406459,-0.0603670937268255,0.372792377536512,0.0570726486353136
"435","female","white","yr2","STEM","stats","Auditory",-1.4762592626586,-0.267002246654667,1.94316692674902,-1.04162385413561,1.10539641605412,0.846084802420508,0.545093777604334,0.62702206322903,-0.515036264673129,0.346992186699521,-0.257304144798865,-0.0936700371453748,0.267867921395804,0.473849264078924,0.342569368063237
"436","male","other","yr3","STEM","math03","Visual",-2.22902684843296,-0.497556424846265,1.7169465618504,-1.10030577483577,0.931198187346884,0.586406600707224,0.306628815783969,0.42510187829924,0.847623166283179,0.486921958217911,0.581026256999934,-0.346338725843645,0.17970236257254,0.464721145086021,0.703346916873826
"437","female","white","yr1","Other","math01","Visual",0.704610973598293,0.0067157441055257,1.49072619695178,-0.497670861153939,-0.819522634885594,-0.873456324374651,-0.628359501259632,-0.622065529373098,-0.671228381962176,-0.273869767271912,0.0356790593749594,0.484725501406459,-0.191568062242842,-0.508534842525684,-0.67629060830741
"438","male","white","yr1","STEM","math02","Visual",0.199785830797642,0.161620802549779,-1.27584193432254,-0.26038116509647,-0.402479746961685,-0.279289532233136,-0.482366485244439,-0.409499211486148,-0.0917067215131617,-0.839818649864362,-0.214117423987157,0.484725501406459,0.712328072219146,-0.45902039915389,-0.28403017467029
"439","female","white","yr1","Business","math03","Auditory",-0.483560533251673,-0.16635707006141,-0.113984566097563,-0.444049627705945,-0.239817610659777,0.586406600707224,-0.794046529609941,-0.296374176561233,0.0620288519513763,-0.527819942046954,-0.214117423987157,-0.0936700371453748,-0.23690086205795,-0.180439621538727,-0.145849566789916
"440","female","white","yr1","STEM","math02","Auditory",-0.150845655892796,-0.393856948823324,2.15979995667477,1.22754404604638,-0.540646447377703,0.343032123065269,-0.549959623278547,-0.621294555670486,-0.369205404410544,-0.234552891271062,-0.389475310924059,-0.346338725843645,0.17970236257254,-0.138733836710113,-0.493700706984105
"441","female","white","yr1","Business","math02","Auditory",0.862650188843956,0.394224860178773,-2.20189160267601,-1.09708038822156,0.33995707071574,-0.137540542031507,-0.319002186432751,-0.621310278312916,0.0683596789571476,-0.389381722807562,-0.153585129322525,0.484725501406459,-0.23690086205795,-0.245781011306899,-0.099512357287307
"442","female","white","yr2","Other","math02","Kinesthetic",-0.552981754976719,-0.497556424846265,0.929968952191661,-0.332234173285113,-0.618665457793091,0.408661689807415,0.63063267816063,0.906292055186707,-0.207456045404362,0.295530177008741,-0.332580410653926,0.484725501406459,-0.23690086205795,0.333564411087873,0.0783247958173885
"443","female","Black","yr1","Business","math03","Visual",1.36747533164461,0.448484742029769,-1.15793808438679,0.271256059836182,0.348632030719835,0.239647122370609,-0.482366485244439,-0.430842456737854,0.0312504328292765,0.0582168693798938,0.161592493453352,-0.346338725843645,0.508664392226048,-0.0123797715063917,-0.043310376447388
"444","female","white","yr1","Business","stats","Visual",0.78938340798346,0.358709951273632,0.446772678662553,0.801364861328658,-0.0700280660395397,-1.2285103878714,-0.0775402710513051,-0.314320726269184,0.254668225624057,-0.30934508582075,0.581026256999934,0.671705277054653,0.237713605080598,-0.424881784367965,-0.0380697069639275
"445","female","white","yr2","STEM","stats","Visual",0.949988019900563,-0.00515906172388175,0.929968952191661,0.798685690073957,-0.822914765838581,-0.0361697711531505,-0.0446590699790525,-0.00521765713617445,-0.627474304343566,0.0798139487866006,0.00669918445931457,1.05943641590568,-0.352923347074065,-9.24073636096485e-05,-0.445214572917275
"446","female","white","yr1","Health","stats","Kinesthetic",1.06962861981166,0.229805369667578,0.112235798801059,0.649783015343205,-0.553763416785704,0.173128269706751,0.587763759026883,0.899797868833483,0.157147710851822,-0.302740964175853,1.29198147636627,-0.0899854130927663,0.094561208402509,0.281104374096445,0.221979923384726
"447","female","Asian","yr1","STEM","stats","Auditory",-1.28623238788527,-0.273872413771114,0.112235798801059,-0.413794832284216,0.931198187346884,1.07108405510026,0.661167988275539,0.881528006154014,1.11022684243331,0.859340105590752,0.717174669796841,-0.0242965000426901,0.447628745064758,0.825487865245353,0.955979762769556
"448","female","white","yr1","Other","stats","Visual",-0.725092020418493,-0.212558013769762,0.446772678662553,-0.26038116509647,-0.974605133603827,-0.996536570805211,-1.27136178627285,-1.24410030127154,-0.723565462380426,-1.18473947041946,-1.00926110497425,-0.346338725843645,0.17970236257254,-1.07690372128534,-0.955453164143575
"449","female","white","yr4","Other","math04","Auditory",-0.728622470227123,-0.497556424846265,-1.04962156942391,-0.26038116509647,1.8194510001737,1.03325361890538,0.902003607878385,0.910554852931779,0.0289982570354069,1.3870550416303,-0.500258125331689,0.737394190104729,0.255916493233732,0.871035723826826,0.828322807736694
"450","female","white","yr1","Other","math01","Auditory",-0.743008629750054,-0.389446695623462,3.21334080993687,-0.729139809193502,1.8194510001737,0.51431696430164,0.376846944768026,0.976706491370977,1.33124894255206,0.896886457998006,1.21269403519193,1.31578972865656,-0.0302127774116195,0.642103650695912,1.30953011553189
"451","female","other","yr2","Other","stats","Visual",1.03732585095717,-0.381982142993917,1.7169465618504,-0.502682509065855,0.0813616801215892,0.834668774717273,0.0757463564098019,0.427751708377616,-0.25403495606589,0.357717365884958,-0.340816515724005,0.484725501406459,-0.294912104566007,0.341881687782248,0.0849305226090045
"452","male","other","yr4","Other","stats","Kinesthetic",-1.93118013660002,-0.436242024844913,1.59904271191465,-0.448617894487291,-0.971328191124658,0.21321734675149,0.0398584107687888,0.756950607874371,-0.471921658647808,0.373087157306087,0.0537007239234997,0.554099038509144,-0.294912104566007,0.184265565319343,-0.163365172671079
"453","female","white","yr3","Other","math04","Auditory",-1.65125003409864,-0.32813229562211,1.49072619695178,-1.10030577483577,0.931198187346884,0.586406600707224,0.306628815783969,0.42510187829924,0.847623166283179,0.486921958217911,0.581026256999934,1.31578972865656,1.24495378186575,0.464721145086021,0.703346916873826
"454","female","white","yr1","Business","math01","Kinesthetic",0.459233927296023,0.704838411317577,-2.20189160267601,-0.668033542371924,0.0429453745200661,-2.01068179811386,-1.13029923252613,-1.4477513253869,-0.537365988053208,-2.21347729201926,-0.312651192370074,-0.0936700371453748,-0.352923347074065,-1.55360369506613,-0.683802771674907
"455","female","white","yr1","Other","math01","Auditory",-0.290968261806897,0.256793631789985,1.7169465618504,-1.99246153204681,-0.397691584629542,-0.0522907317958276,-1.09511256013535,-0.296710986151191,-0.491250662301038,0.0597321776957966,1.06099231521115,1.31578972865656,-0.0302127774116195,-0.157785384329154,-0.383628609378788
"456","male","white","yr1","Business","math02","Auditory",0.494102092821956,0.571113542032472,-1.83659917908265,-0.247281488345228,0.0429453745200661,-0.279289532233136,-0.482366485244439,-0.409499211486148,0.153606255213686,-0.413211125194478,-0.077969011190251,-0.346338725843645,0.17970236257254,-0.330722123569046,-0.0762048508728209
"457","female","white","yr5+","Health","stats","Auditory",-0.32552131800601,-0.205687846653315,1.7169465618504,1.03635063633822,1.21886452333269,0.604957843959442,0.731386117259596,0.451963721778781,0.00398479463633303,0.137862481828967,-0.816557644184423,-0.0936700371453748,-0.352923347074065,0.323905246505814,0.494589997558933
"458","male","white","yr1","STEM","math03","Auditory",0.199785830797642,0.611038704137475,0.781309558524047,1.46757142899073,1.52194463725906,1.07108405510026,0.971932845862157,0.916401875154769,1.14722449301678,0.949122483629438,0.915347440401208,0.419036588356383,0.965075971211462,0.952776171880601,1.142448035325
"459","male","white","yr2","Health","stats","Kinesthetic",0.932071410569002,0.944697972838916,-0.71508468956242,-0.878224923025271,-0.113232533973205,-0.649777092468595,-0.671675360476141,-0.787674173416762,-0.455792004907269,-0.705798057773419,-0.283955544101441,-0.346338725843645,-0.176389578742941,-0.599467739284344,-0.465939794741514
"460","male","white","yr1","Business","math03","Visual",-0.343437927337572,0.50979914203112,-1.04962156942391,-0.263548036078499,0.48399814374761,0.423653330025163,-0.147469509035078,-0.170055327477226,0.47740176562539,-0.154351581691675,-0.651093118053469,-0.346338725843645,0.374439019056798,-0.0186381868412235,0.242111997458683
"461","female","white","yr4","Other","math04","Kinesthetic",1.12466368201378,0.563464638369019,-1.7186953291469,0.0507154748765066,-0.397691584629542,-0.744271740890277,-0.389220315416808,-0.794050488251111,-0.559503524895905,-1.15526226162638,-1.1938691917306,-0.924734264395479,0.289297864886767,-0.782194455478178,-0.582279165564813
"462","male","white","yr1","Business","math02","Visual",1.12466368201378,0.728478514393311,-2.5364284825375,-0.354840889438031,0.0429453745200661,-0.279289532233136,-0.482366485244439,-0.409499211486148,0.0620288519513763,0.486921958217911,-0.214117423987157,-0.346338725843645,0.17970236257254,-0.109906073760758,-0.108410916539852
"463","female","white","yr2","Business","math03","Kinesthetic",0.509453305482077,0.305454489414923,-1.26625459934966,-0.274733184084615,-0.8780620241188,-0.56835829637812,-0.776451542277112,-0.376790345783616,-0.0281340971899633,-1.23383387664391,-0.420247452508755,-0.0899854130927663,0.237713605080598,-0.755495540362302,-0.379969714316651
"464","male","Black","yr3","Business","math03","Visual",0.284558265182809,-0.0695277611549169,1.26450583205315,0.884048733538266,-0.697388679739639,-0.24615965244736,-1.36450795610048,-0.884195202020391,-0.524678375899664,0.096369233676283,0.412649333758425,-0.0242965000426901,-0.294912104566007,-0.3561995451621,-0.683472498657976
"465","female","Asian","yr1","Health","math02","Kinesthetic",1.45481316270121,-0.374927624843561,0.112235798801059,-0.159587837790508,-0.842594819696248,-0.691877350220591,-0.127143297722729,-0.409499211486148,-0.117948867709762,-0.675159111548694,0.445663501861483,-0.346338725843645,-0.294912104566007,-0.37818148986382,-0.413363296749568
"466","male","white","yr3","Health","math02","Visual",-0.641284639170516,0.452894995229631,-1.38415844928541,-1.04394685450089,-0.678794836165682,-0.516388031061594,-0.819070497575861,-1.14407172598302,0.156463009594365,-1.51772924575443,-0.00818306677325265,0.741078814157338,0.523842875725949,-0.776029321128239,-0.530112697466987
"467","female","white","yr4","Other","math04","Auditory",0.599356533210125,0.502150238367667,1.00752992342267,0.0108735927174845,1.8194510001737,1.45210273364758,1.09562411681238,1.25970296808463,0.312137102485343,1.3870550416303,0.913069719599925,-0.599007414541915,-0.23690086205795,1.22164027328625,1.05050540706742
"468","female","Black","yr3","STEM","math02","Auditory",1.54215099375782,1.2718971089031,-2.31979545261176,0.0353564497549695,0.358472057648668,0.586406600707224,0.190544814105084,-0.292866629876343,0.616274702144445,-1.31334420860687,0.0443087941289948,-0.924734264395479,-0.352923347074065,-0.102235964780507,0.21356905001457
"469","female","other","yr1","STEM","stats","Visual",0.179303824794641,-0.101393985117277,0.112235798801059,-0.563180651086595,-0.824495642841256,-0.794906618305628,-0.713438091322124,-0.681833832600208,-0.416004982956162,-1.19664675960266,-0.452920347449101,-0.346338725843645,0.197905250725674,-0.80577290928496,-0.60887881911512
"470","male","Black","yr2","Other","math02","Kinesthetic",-0.0286396593102562,0.387354693062325,-1.15793808438679,1.05108152288298,0.0605498846560937,-0.208343898311232,-0.149068710844101,-0.413762009231219,0.208467262469489,-0.562503646361829,0.239676968950293,-0.0936700371453748,0.517591415734887,-0.223739245322648,-0.053604050047133
"471","female","white","yr1","Business","math02","Visual",0.614707745870246,0.917242002076418,-2.870965362399,-0.143453909541907,-0.523712337447449,-0.00130012177085293,0.306628815783969,0.176319148024869,0.423746924016163,0.260654712605444,0.429324537019155,0.48104087735385,-0.0421642055736916,0.199234832097128,0.0698795684581153
"472","male","white","yr4","Other","stats","Visual",-1.07572350710893,0.0573269410137406,-1.49247496424828,0.631774592114571,-1.73356025113357,-1.3701499501141,-0.755828972752069,-1.62227526320215,-0.556115089673211,-1.25097141738582,-0.805119699788507,-0.602692038594524,-0.294912104566007,-1.05660599359729,-1.23647850419601
"473","female","white","yr3","STEM","math04","Visual",-0.550416358305279,-0.389446695623462,-0.340204930996185,1.25138565875722,-1.4218051772031,-0.859762597232468,-0.22266991634052,-1.15092448200271,-0.595985225822008,-0.742762154328443,-0.21445366240556,-0.602692038594524,-0.133556819734785,-0.552163341078391,-0.999903346894404
"474","female","other","yr1","STEM","stats","Kinesthetic",-1.09364011644049,-0.32813229562211,1.49072619695178,0.67491826898819,0.791450609928191,0.523740869886707,0.775941679145685,0.722200548445994,0.381074217873659,1.10974003812777,-0.42780815224233,-0.346338725843645,-0.2495793047509,0.610972170477757,0.605464335572408
"475","male","white","yr3","STEM","math03","Visual",-0.378306092863504,-0.320667742992565,1.82526307681327,-0.26038116509647,-0.238236733657103,-0.619348906403095,0.0156058987763259,-0.278104313881763,0.324632528101506,-0.0388396261560257,0.0344136676876939,1.31578972865656,-0.191568062242842,-0.199097782231729,-0.0466496368037109
"476","male","Black","yr3","STEM","math04","Auditory",1.10418167601078,1.00582802180636,1.7169465618504,-1.94023038457508,1.8194510001737,1.45210273364758,1.09562411681238,1.25970296808463,0.889779922768314,1.3870550416303,1.37616993798703,-1.17740295309375,-0.352923347074065,1.27620653520245,1.25365161933591
"477","female","other","yr5+","STEM","math02","Kinesthetic",1.54215099375782,-0.0507827882090618,-2.5364284825375,-1.31067113594377,-0.0471043950196144,-0.540716125531783,0.2737130568789,-0.255247802298507,-0.892333596278617,-0.146861919656916,0.438773858079214,-0.921049640342871,-0.352923347074065,-0.0880098241585646,-0.414448928462997
"478","male","white","yr1","STEM","math03","Kinesthetic",-1.1809779474971,-0.273872413771114,2.534679715241,1.43504267254397,-0.0279190078809121,0.930464385323565,0.971932845862157,1.14231513541464,0.0275232068676965,1.23034696473601,1.37616993798703,-0.0242965000426901,-0.294912104566007,1.03607480228329,0.405055693981925
"479","male","white","yr1","Business","math02","Visual",1.20943611639894,0.576118180745432,-0.597180839626671,-0.353035488681203,-0.119194875366796,0.366558382946373,0.322874565142773,0.0818007853693815,0.782048079511547,0.448099598069185,0.597844955871073,0.232056812708189,-0.23690086205795,0.390332020444235,0.273085957389878
"480","female","white","yr4","Other","stats","Visual",0.599356533210125,0.836588243616113,-3.20550224226049,-1.51737700570618,-0.370741714283646,-1.16687923157564,-0.0708481885588551,-0.48068462137303,-0.480213638881597,-1.3005365550133,-0.41898206082149,-0.602692038594524,-0.118378336234883,-0.782077849668238,-0.436997425300302
"481","female","white","yr4","Other","math04","Visual",-0.238183486949403,-0.278282666970976,1.49072619695178,-0.405627762212989,1.68408488714593,0.671656410942904,0.554782813657865,0.928501402639731,0.595739532844638,0.628031065461261,0.641506375967282,1.31578972865656,-0.23690086205795,0.600391245331332,0.996996874722111
"482","male","white","yr2","STEM","math03","Kinesthetic",1.36747533164461,0.163486330953266,-2.870965362399,1.41946805438214,0.931198187346884,-0.662581533689067,0.797183077236918,0.538226913224155,0.856203645878112,0.486921958217911,0.870079355455021,0.484725501406459,-0.191568062242842,0.22586744535084,0.746089853051511
"483","female","white","yr3","Other","math04","Visual",-0.132929046561235,-0.497556424846265,1.7169465618504,-0.26038116509647,0.908805514878714,0.496181773842659,0.103030379796162,0.112170175533812,1.41219538049623,0.0909533797727522,0.461216809045356,0.737394190104729,1.05021712538149,0.264920178854989,0.785895564327461
"484","male","white","yr1","Other","stats","Kinesthetic",-0.132929046561235,-0.389446695623462,-0.448521445959057,0.194693954021744,0.210049520225881,0.940316661720296,0.985171850652201,0.776899823530465,1.20195474290635,1.28258299036744,1.308656679627,-0.533318501491839,-0.352923347074065,1.04843933076608,0.754700893526482
"485","female","white","yr3","Other","math01","Kinesthetic",-0.0455912155046277,0.153561864407136,-1.26625459934966,0.579543444642833,1.20254026859522,0.432386722597212,0.312260551302678,0.169824961671644,0.66131461961627,0.721952099333798,0.444541605784625,-0.346338725843645,0.17970236257254,0.462651958377022,0.62222914151119
"486","female","white","yr2","Business","math03","Visual",1.20943611639894,0.671574367591821,-2.42811196757463,0.690719058668826,-1.57361073344216,-1.1449856651735,-1.19382527901774,-1.24410030127154,-0.688740313384185,-0.652286024400515,-0.777068978141725,-0.924734264395479,0.687698201364124,-0.936903850472188,-1.10667014269336
"487","female","white","yr2","Other","math01","Kinesthetic",-1.40843838446781,-0.0899292137670586,1.7169465618504,-0.324918604325295,1.66934150941113,1.45210273364758,1.01808760955727,0.833212066281631,0.0346124614459601,1.3870550416303,0.760055466978904,0.484725501406459,-0.352923347074065,1.183572633256,0.762173479675963
"488","male","white","yr2","STEM","math03","Kinesthetic",1.45481316270121,0.295940057347981,-2.5364284825375,1.52393034932561,1.66934150941113,1.13663861960004,1.09562411681238,0.752906748200384,0.727337569466479,1.09160546095898,1.05149585319811,-0.602692038594524,0.131142507419603,1.05925527553212,0.977591720408674
"489","female","white","yr5+","STEM","stats","Visual",1.01940924162561,-0.0708837149250958,-3.1067730622705,-1.22438993049615,0.990232243299055,0.039078097552419,0.085724283463617,-0.0433286485417898,-0.523187603901173,0.855201449756901,-1.13789664434967,1.31578972865656,0.015120022403488,0.126850846390112,0.0728727620399153
"490","female","white","yr1","STEM","math03","Visual",0.459233927296023,-0.15124361376841,2.8692165951025,-0.923794212332116,-1.42998547048823,-0.710717735751341,-0.544912158493212,-0.884142313328903,-0.347544467094871,0.159324280749558,0.0515686049772351,-0.0936700371453748,0.0611798367494736,-0.319029415208463,-0.821079644914696
"491","male","white","yr2","STEM","math02","Kinesthetic",0.844733579512394,-0.27122814882062,-1.15793808438679,-0.270763451816502,0.194219932207376,-0.033285999072947,-0.112207859172665,-0.469385386232133,0.141263850012966,-0.0513439952119637,0.0500765418344062,-0.346338725843645,0.414247373411722,-0.0460280390744319,-0.0602935189367738
"492","female","Asian","yr1","Other","math02","Kinesthetic",-1.61894726524414,-0.274466799284212,1.26450583205315,1.3287380145851,-0.701682175352817,-0.141371556176712,-0.0485943717377404,-0.409499211486148,-0.22339409063019,0.161509584917798,-0.348277213448207,0.484725501406459,-0.0302127774116195,-0.0551042050858482,-0.4119923655612
"493","male","white","yr1","STEM","math04","Kinesthetic",-0.220266877617842,0.222340817038033,-0.340204930996185,0.65154835152626,-0.559831834516405,-0.212174912456437,-0.683594263449765,-0.461548656492243,-0.185209436221974,-0.38119830888356,-0.408329774084029,0.415351964303774,-0.191568062242842,-0.39175136068596,-0.378131439287318
"494","female","white","yr1","Other","math01","Kinesthetic",-0.430775758394179,-0.497556424846265,1.26450583205315,0.318449926284793,1.6595014824823,1.45210273364758,0.524526603535561,1.13031073642839,0.533705901711143,1.04527584048218,0.966521733918905,1.31578972865656,-0.191568062242842,0.990411408492057,1.0393401655912
"495","female","white","yr1","STEM","stats","Kinesthetic",0.704610973598293,-0.158298131918767,-3.09718572729762,-0.28510679185574,-0.970833524405694,-0.858618594748787,0.201908029439268,-0.360523149052289,0.329166277822298,-0.806323213290853,-0.56477253748645,-0.346338725843645,-0.176389578742941,-0.500073595841111,-0.273918070398648
"496","female","white","yr1","Other","math02","Kinesthetic",1.54215099375782,0.556594471252571,-2.20189160267601,-1.80556768282313,-0.982864283529985,-1.1449856651735,-1.16244353545774,-1.0080772210436,-0.933832058112305,-1.31334420860687,-0.871909726499941,-0.0936700371453748,-0.294912104566007,-1.11391734195027,-0.948771265348834
"497","female","white","yr1","Health","stats","Kinesthetic",-0.150845655892796,-0.108858537746822,1.59904271191465,-0.771330795545787,-0.533552364376283,0.176447838238003,-0.328353817707966,0.0494816179482964,-1.09389845858261,0.195611033380443,-0.447431446896538,0.232056812708189,-0.352923347074065,-0.0284084691778044,-0.511073959730178
"498","female","other","yr1","STEM","math02","Auditory",-0.256100096280965,-0.382576528507014,2.8692165951025,-0.357366516093415,0.245003950370098,-0.106875370571835,0.26207325389788,0.237718050915206,-0.0985879427187708,-0.136502133581081,0.530718690741237,-0.346338725843645,-0.352923347074065,0.061375363269858,0.117522327937441
"499","female","white","yr3","Health","stats","Kinesthetic",1.45481316270121,0.557188856765669,0.446772678662553,-0.195843725867646,0.0429453745200661,-0.369514359097701,-0.244826501210638,-0.261837117150436,-0.138458078867568,-0.697712506194138,-0.447095208478136,-0.346338725843645,-0.191568062242842,-0.416562330368396,-0.1270649495414
"500","female","Asian","yr1","STEM","math03","Visual",1.36747533164461,0.279060612805614,-1.49247496424828,-0.942195221779936,-1.42998547048823,-0.737372863814927,0.111097959561301,-0.182601977506084,-0.290543063598004,-0.866742652846286,-1.30922165898466,-0.0242965000426901,0.313927735741789,-0.588357980284029,-0.554678213052548
"501","male","other","yr5+","Business","math03","Kinesthetic",-0.098060881035302,-0.278877052484074,-0.823401204525293,-0.256785477762995,0.752733682722552,-0.157235787767406,-0.699427630558624,-0.130105409956092,-0.0406841556571068,0.145142757069795,-0.45939626627424,0.232056812708189,0.015120022403488,-0.245779530057795,0.147275776692019
"502","female","white","yr2","Other","stats","Kinesthetic",1.12466368201378,0.229805369667578,-2.870965362399,-0.645585180702441,-0.971328191124658,0.052497364474821,-0.521974326641958,0.137842603840518,0.151533506441269,-0.183411235637295,-1.19188056839474,-0.924734264395479,-0.294912104566007,-0.305564304128501,-0.161515517779372
"503","female","white","yr2","Other","math01","Kinesthetic",-0.658236195364887,-0.273872413771114,-0.823401204525293,-0.349585019996912,0.290399150499222,1.17559837621985,0.516113320457953,0.185952526807582,-0.961692871705247,0.661441536307476,-0.0400466257201533,-0.346338725843645,1.12893129684964,0.680149735954965,-0.191805705583742
"504","female","white","yr1","STEM","stats","Kinesthetic",-0.238183486949403,0.006121358592428,1.7169465618504,-0.501699278138288,-0.126349503381207,0.204243919676223,-0.104889480901614,-0.304871028862599,0.471070938619618,-0.729348488845737,0.221736374002297,-0.0242965000426901,0.164523879072639,-0.126306223957103,0.0259837621252314
"505","female","white","yr2","STEM","math02","Visual",0.949988019900563,0.236675536784026,-0.823401204525293,-0.405627762212989,1.24411832820209,1.45210273364758,0.965240763369707,1.25970296808463,1.55463825400013,1.3870550416303,1.29198147636627,-0.346338725843645,-0.352923347074065,1.23259097098406,1.33046573908211
"506","female","white","yr1","Other","math01","Visual",1.45481316270121,0.382760088828555,-2.870965362399,0.302870981211295,0.364540475379368,0.444061843392755,0.748692213592141,0.538226913224155,1.31707055840002,0.642212589141024,0.964839034212693,0.415351964303774,0.855480468897235,0.619501202011107,0.753531327765227
"507","female","white","yr5+","STEM","other","Kinesthetic",0.78938340798346,0.194700495241627,2.534679715241,-1.29917360540029,1.51923201864856,0.980859228235698,0.595371028298218,1.14657793315971,0.637976880322755,1.27658488061168,-0.450766531520205,1.31578972865656,-0.191568062242842,0.75178671902452,1.04344423365407
"508","male","white","yr2","Business","math02","Kinesthetic",-0.536030198782347,-0.436242024844913,1.82526307681327,0.392079719479208,-0.392117833617806,1.03325361890538,1.09562411681238,1.0334528982348,1.63321748061498,0.486921958217911,1.37616993798703,-0.346338725843645,-0.294912104566007,0.905312246233483,0.832132786038143
"509","male","white","yr2","STEM","math04","Visual",0.512018702153518,0.133570446274183,-1.15793808438679,-0.341954918822824,-0.64324886245672,-0.73644231629869,-0.389220315416808,-0.115908088024284,-0.294615751614146,-0.0797506184564791,0.15669147300694,1.06312103995829,-0.191568062242842,-0.337548104130705,-0.317995285771075
"510","male","Black","yr1","STEM","stats","Kinesthetic",-0.795793404607548,0.297989936785378,-2.20189160267601,1.52393034932561,1.05570772031182,0.900928534288823,-0.141390833433607,0.184110836480876,0.24294442620646,1.06687291988889,0.544278339844943,0.419036588356383,-0.178889619549892,0.597863453643149,0.440043265824796
"511","female","other","yr1","STEM","math03","Kinesthetic",-0.0455912155046277,-0.436242024844913,-1.49247496424828,1.49781477558974,1.8194510001737,1.45210273364758,1.09562411681238,1.25970296808463,1.63321748061498,1.3870550416303,1.37616993798703,-0.346338725843645,0.00316859424141591,1.27620653520245,1.5151047502875
"512","female","white","yr1","Health","math02","Auditory",-0.676152804696448,-0.00515906172388175,0.446772678662553,-0.26038116509647,-0.376810132014346,-0.279289532233136,-0.482366485244439,-0.409499211486148,0.0620288519513763,-0.54181586338189,-0.214117423987157,-0.346338725843645,0.17970236257254,-0.380604888891879,-0.2229591853012
"513","male","white","yr1","Business","math03","Kinesthetic",0.862650188843956,-0.0907079503140647,2.27770380661051,0.820662042123966,-0.674386152078685,-0.770427056289614,-0.359985525102959,-0.0593806192315476,-0.0689478577661941,-1.2122367972372,0.0041230257671614,-0.346338725843645,-0.178889619549892,-0.656843941316702,-0.22727887430535
"514","male","white","yr1","Other","math01","Visual",-0.901047844995717,-0.0783482675546411,1.26450583205315,-0.26038116509647,0.802316302127744,-0.601393430263718,-0.383023101250978,-0.965001069524221,-0.483208395412685,-0.462702713700266,-0.687778609198596,-0.602692038594524,-0.294912104566007,-0.493000642974001,-0.288005581897702
"515","female","white","yr1","Business","math03","Visual",-0.0455912155046277,-0.497556424846265,1.59904271191465,0.813710982146868,-1.73356025113357,-0.860906599716149,0.0917323509259277,0.123682410692289,-1.35542420324769,-0.118876263142838,-0.846375188529913,-0.924734264395479,-0.352923347074065,-0.381567291234504,-0.904464656597465
"516","female","white","yr2","STEM","other","Kinesthetic",0.7919488046549,0.107360920698783,-0.113984566097563,-0.587994843245305,-1.73356025113357,-1.73915245731501,-0.922389162836036,-1.46217683179152,-0.824937997284713,-1.69650513345846,-1.73689152760132,-0.602692038594524,-0.294912104566007,-1.44476119343632,-1.27479784334556
"517","female","white","yr1","Business","math03","Kinesthetic",1.26222089125644,0.29111976966893,0.555089193625425,-0.528870782722403,-1.1247146243664,0.541601600125907,0.0415450535211301,-0.370632969020351,-0.19941377851601,-0.700477291941796,-1.28189416898646,-0.0242965000426901,-0.352923347074065,-0.15007721838309,-0.505353068280841
"518","female","other","yr1","STEM","math02","Visual",0.371896096239416,0.114825473328328,-1.26625459934966,0.631774592114571,-0.0924207385077098,-0.208343898311232,-0.338744127011726,-0.409499211486148,-0.016550374663474,-0.413211125194478,-0.214117423987157,-0.346338725843645,-0.294912104566007,-0.286943667555731,-0.172986207662108
"519","female","white","yr2","Business","math03","Kinesthetic",1.54215099375782,0.847868663932423,-2.5364284825375,-0.154465385177081,0.220915212425434,-0.13084043786485,-0.482366485244439,-0.409499211486148,0.0620288519513763,-0.413211125194478,0.0430434024417293,-0.346338725843645,0.17970236257254,-0.268958179538684,-0.0598442235329882
"520","female","white","yr2","Other","math01","Auditory",-0.343437927337572,-0.497556424846265,1.26450583205315,0.631774592114571,0.0429453745200661,0.00480421528296266,-0.482366485244439,0.479464343793752,0.146910424225289,-0.413211125194478,0.692732845182264,1.05943641590568,-0.133556819734785,-0.148998732212212,0.233611575528993
"521","male","white","yr1","Health","stats","Auditory",-0.953517510526391,-0.144373446651963,-0.113984566097563,-0.242051680381561,0.344329422969947,0.423653330025163,0.421402506654114,0.296143810755651,0.361057521435929,0.267258834250341,-0.430276509606997,-0.0899854130927663,-0.294912104566007,0.265338638087585,0.326793251821022
"522","male","white","yr1","Health","stats","Kinesthetic",-1.1809779474971,-0.381982142993917,1.49072619695178,-0.26038116509647,0.931198187346884,0.586406600707224,0.306628815783969,0.42510187829924,0.847623166283179,0.486921958217911,0.581026256999934,0.484725501406459,0.341057647403763,0.464721145086021,0.703346916873826
"524","male","other","yr4","Other","math02","Auditory",1.54215099375782,0.957167164181421,-2.5364284825375,-0.26038116509647,0.0429453745200661,-0.279289532233136,-0.482366485244439,-0.409499211486148,-0.136199939877939,0.27060587585023,-0.111121640159408,0.232056812708189,-0.23690086205795,-0.15469099608768,-0.178124287517022
"525","female","Asian","yr1","Other","math01","Kinesthetic",0.0417466155519794,-0.0475441377454702,0.446772678662553,-1.23405216040168,-0.653125221218344,-0.227525334392854,-0.159046637897916,0.0215912976518788,-0.181239857349763,-0.00029676609582692,-0.583579859693444,1.05943641590568,-0.352923347074065,-0.181521689873937,-0.23253356989099
"526","male","white","yr4","Other","math02","Visual",-0.361354536669133,-0.389446695623462,-0.823401204525293,-0.26038116509647,-0.107164116242505,-0.279289532233136,-0.482366485244439,-0.409499211486148,0.0620288519513763,-0.413211125194478,-0.214117423987157,-0.346338725843645,0.17970236257254,-0.346764245030412,-0.149374720525329
"527","male","white","yr2","STEM","math02","Visual",-1.14610978197117,-0.381982142993917,1.26450583205315,-0.26038116509647,-0.0836852334906245,0.510760410376217,0.979540115133492,0.520280363516204,0.819128844292709,1.33481901599887,0.745705125472433,0.484725501406459,-0.352923347074065,0.856935030141155,0.449794759382204
"528","female","white","yr2","Health","stats","Auditory",1.12466368201378,0.399229498891733,2.38602032157339,0.129434171559217,-0.260028663069199,-0.602167018079025,-0.421847183321592,-0.568731540695463,-0.685877147343737,-0.733305506935781,-1.65270306598056,-0.0242965000426901,-0.294912104566007,-0.688182618745377,-0.510031481344677
"529","female","white","yr1","Health","stats","Kinesthetic",1.54215099375782,0.621724738940687,-2.20189160267601,-0.0316384551210751,-1.73356025113357,-1.86223270374557,-1.02853726250633,-2.07870139105692,-1.22030445083222,-2.10300713100063,-0.958821714303221,-0.350023349896254,0.429425856911624,-1.52686777561789,-1.63034154969993
"530","male","Black","yr3","Business","math02","Auditory",0.269207052522688,0.163670681987175,-2.20189160267601,0.636564534419005,-0.41620657156247,-1.18457561462271,-1.42530926734537,-1.44390696911205,-0.988453235662186,-1.42481140605237,-0.89978940232136,-0.599007414541915,0.608984029895981,-1.22713672325801,-0.966391026628402
"531","female","white","yr2","Other","math04","Kinesthetic",-0.238183486949403,-0.21315239928286,1.26450583205315,-0.889821978531599,0.0576887522548611,-0.135815454493736,-0.631366245828393,-0.0172220561224304,-0.384093999498028,-0.44475936784597,-0.788843160956043,0.806767727207414,-0.133556819734785,-0.41537837750864,-0.123527371220951
"532","female","white","yr2","STEM","math03","Kinesthetic",1.36747533164461,0.241085789983888,0.328868828726803,-0.44228429152289,1.66934150941113,1.45210273364758,1.09562411681238,1.10609872302722,1.22417539394674,1.3870550416303,1.37616993798703,-0.346338725843645,0.255916493233732,1.27620653520245,1.27634832160527
"533","male","Asian","yr3","Business","math02","Auditory",-0.238183486949403,-0.497556424846265,0.220552313763931,0.541995977906721,0.0462223169992345,-0.212174912456437,0.196176549623793,0.189078798071306,-0.301973317245041,0.306081194399067,-0.127460605001735,-0.924734264395479,-0.294912104566007,0.0495562031489472,-0.0253309121688799
"534","female","white","yr3","Other","math04","Auditory",0.0945313904094736,-0.389446695623462,-1.26625459934966,0.10576156481151,1.09284377051478,0.338403519789483,-0.129137623561608,0.178321813973011,0.525775230367189,0.220349732194126,0.561882696374537,1.05943641590568,-0.294912104566007,0.200339069021518,0.547610858130075
"535","female","white","yr2","Health","stats","Kinesthetic",1.03732585095717,0.518435297396936,-2.20189160267601,0.406998527302193,0.500516443599928,-0.412030669642934,0.403036063347828,-0.148227255445369,-1.4641198592404,-0.719403483344546,-0.672705036043534,-0.350023349896254,-0.133556819734785,-0.295027693393929,-0.428512027087218
"536","male","white","yr1","STEM","math04","Visual",-1.72067125582368,-0.389446695623462,1.26450583205315,0.903570441033355,-0.0846562553005154,-0.301686471689309,-0.614349040496132,0.104010132822405,-1.13260754904867,-0.218586019977204,0.125921097057596,-0.602692038594524,-0.352923347074065,-0.296761423858859,-0.383038290974083
"537","female","white","yr2","Other","stats","Kinesthetic",0.0417466155519794,-0.389446695623462,1.3824096819889,-0.489935723390564,1.07482345030082,0.348861999899303,0.306628815783969,0.42510187829924,0.847623166283179,0.434685932586479,0.581026256999934,-0.346338725843645,0.712328072219146,0.374959154376563,0.74254122157181
"538","female","white","yr1","STEM","math02","Visual",0.704610973598293,-0.158892517431864,0.446772678662553,-0.328725315702162,-0.821218700362087,-0.884178143035282,-1.27868995555158,-0.741037586521004,-0.399382236472877,-1.65422027107181,-1.44783842914623,-0.350023349896254,-0.352923347074065,-1.21805617458563,-0.622928830512275
"540","female","white","yr3","Other","stats","Kinesthetic",0.704610973598293,0.552184218052709,-0.597180839626671,0.0253820063961256,-1.73356025113357,-0.212770679569278,-0.0559225410164703,-0.338313801599266,-0.394925637754015,-0.684434121197549,-1.05404945589162,1.31578972865656,-0.23690086205795,-0.385605357658062,-0.728911251791476
"541","female","white","yr1","Health","math02","Visual",0.214171990320574,0.498518721714811,-1.15793808438679,0.0679605392539235,0.0363822900704013,-0.616017704922138,-0.662063974358248,-0.816215369872928,-0.156715114231504,-0.662934904135562,-0.328995191956711,0.419036588356383,0.757660872034253,-0.580208515300259,-0.329953830195877
"542","female","white","yr1","STEM","math04","Auditory",-0.150845655892796,-0.382576528507014,1.26450583205315,0.631774592114571,0.795832074319108,0.31600658033331,0.526026061047819,0.259508956898007,0.279592610629681,0.57983979791998,0.664878480202286,-0.0936700371453748,-0.133556819734785,0.46922076936312,0.408490588271449
"543","female","white","yr2","Business","math02","Auditory",-2.22902684843296,-0.497556424846265,2.534679715241,1.52393034932561,0.100962877338227,-1.02766690283343,0.218478294688767,-0.295940012448579,-0.340710889057803,0.159324280749558,0.547196116449663,0.803083103154805,-0.352923347074065,-0.164769789672364,-0.194336611625321
"544","female","white","yr1","STEM","math03","Kinesthetic",0.617273142541686,-0.274466799284212,0.338456163699681,1.19074462361685,-1.2601595940352,-0.859166830119626,0.230844137745153,-0.769175588077282,-0.85850326456974,-0.0797506184564791,-0.400573403042761,0.488410125459067,-0.0882240199196771,-0.28223559568333,-0.914057989897039
"545","female","white","yr3","Health","stats","Visual",-0.098060881035302,-0.389446695623462,0.220552313763931,0.579543444642833,1.07482345030082,-0.263939110296719,-0.220973482580499,0.0959029788024849,-0.537173801515827,0.0349934788821128,0.496837795379179,-0.346338725843645,0.310903331088557,-0.072588801266944,0.139931425239539
"546","female","white","yr1","Other","math02","Visual",-0.238183486949403,-0.21315239928286,0.781309558524047,-0.26038116509647,-1.42998547048823,-0.761693663717564,-1.10373378200273,-0.643519625765939,-0.963375830241119,-0.916793374309477,-0.607762901631353,0.48104087735385,-0.294912104566007,-0.840616068553881,-0.953158239514762
"547","male","Black","yr3","STEM","stats","Kinesthetic",1.54215099375782,0.45172339249336,-0.823401204525293,1.52393034932561,-0.659573117194189,-0.163614585041003,0.528559137245246,0.0988232331608905,-0.68597942336326,-0.206681505066808,-0.938799755220746,-0.0936700371453748,-0.0302127774116195,-0.0795296398040489,-0.384679642905767
"548","female","white","yr1","Other","stats","Visual",-1.11155672577205,-0.381982142993917,1.26450583205315,0.271811751487624,0.49832571140447,0.154397312134929,0.484918762138042,0.516017565771132,0.239805588678574,0.288528873082511,0.530331697511048,-0.0242965000426901,-0.2495793047509,0.314372448465118,0.403387246708909
"549","female","white","yr1","STEM","stats","Auditory",-0.290968261806897,-0.158298131918767,0.220552313763931,-1.15666469517065,0.218724480229976,1.45210273364758,1.09562411681238,1.25970296808463,1.63321748061498,1.10569528003762,1.37616993798703,-0.346338725843645,0.237713605080598,1.20217041784626,1.07827795762958
"550","female","Black","yr3","Other","math04","Visual",0.78938340798346,-0.266407861141569,2.98712044503824,-0.426339058271228,1.20034953639976,0.832924628590413,0.622565098395492,0.254106831194923,1.34157530657204,0.301039399882043,0.711349530825875,0.993747502855608,-0.0302127774116195,0.59170211210548,0.890462994696491
"551","female","white","yr2","Other","stats","Kinesthetic",1.01684384495417,0.194290460762437,-2.20189160267601,-0.830286710922761,0.199123283013337,-0.394608746815646,0.0528430823913644,0.213290811472472,-0.152774016706003,0.143375007749011,0.0360152977933621,-0.346338725843645,0.194880846072442,-0.0694190308650625,0.0773676446650792
"552","male","white","yr2","Health","stats","Visual",-0.44869236772574,0.844647181758756,-1.15793808438679,-0.950280684237537,-0.0601880391107065,0.189954425421198,0.808857438050754,-0.0299817061688681,1.37340317583249,0.316032357643853,0.9898888034096,-0.412027638893721,-0.191568062242842,0.470854570621723,0.457903174455038
"553","male","Black","yr1","Business","math03","Auditory",-1.1809779474971,-0.497556424846265,-0.674741810857679,1.13081036067979,0.0566721991208514,0.329871949235174,0.0525541913910801,-0.0483466973470428,0.163401386855663,-0.275816961193929,0.28950480118018,-0.0242965000426901,0.517591415734887,0.0819111061811904,0.0578093139773017
"554","female","other","yr2","STEM","stats","Auditory",0.0766147810779123,-0.158892517431864,-3.21508957723337,-0.598044619656344,0.184379905278542,-0.0312864513153946,0.190544814105084,0.0596865664150635,0.231763321790222,0.191472377546591,0.197213479787176,1.06312103995829,0.313927735741789,0.114084925863047,0.154638748882164
"555","female","white","yr3","Other","math04","Kinesthetic",-0.901047844995717,-0.28133696640066,1.60863004688753,-0.6201904611241,0.93768241515552,0.290637732395583,0.0199273234862954,-0.0603510963332988,-0.157819003858559,0.316032357643853,0.581026256999934,0.484725501406459,-0.133556819734785,0.251010581235809,0.181047960509677
"556","female","white","yr2","Other","math01","Auditory",-0.220266877617842,-0.32813229562211,-0.597180839626671,1.34026188671614,1.53220047426583,0.977013532031742,1.09562411681238,0.42510187829924,-0.610106453918354,1.28258299036744,1.37616993798703,0.232056812708189,0.164523879072639,1.09668255378354,0.354699798325136
"557","female","Asian","yr1","Other","math01","Auditory",0.287123661854249,-0.0501884026959641,1.49072619695178,0.182628193442857,0.194219932207376,0.336572053401831,0.422712817462854,0.0127288925717774,0.0802799241195531,0.430547276752628,0.581026256999934,-0.346338725843645,-0.294912104566007,0.399937528081769,0.0875603307112582
"558","male","white","yr3","Other","math02","Kinesthetic",1.12466368201378,1.17584653654361,-1.86735472281452,0.344545372249037,-0.556360846922389,-1.24139610148172,0.221089915227672,0.016610414895683,-0.33101181513785,-0.235647261268727,0.0921530377673348,-0.0936700371453748,0.094561208402509,-0.390038906901087,-0.260548373884669
"559","male","white","yr1","Other","stats","Visual",0.617273142541686,-0.212558013769762,0.663405708588298,0.604756632129773,-1.28424833197987,-0.560220670918912,0.537731050492788,0.512188932138714,-1.27513353675026,0.636214479385263,-1.31121028232051,0.22837218865558,-0.352923347074065,-0.0261608766381715,-0.617184757511572
"560","male","white","yr2","STEM","math04","Visual",0.844733579512394,-0.389446695623462,1.60863004688753,-0.363139858409466,-0.678758504332892,-0.517880378663698,-0.308487916889421,-1.12032913338946,-0.823252515544133,-0.98065771780952,-0.562836089847878,-0.0936700371453748,0.164523879072639,-0.56858428209925,-0.866312947297342
"561","male","white","yr1","Business","math03","Kinesthetic",-0.883131235664156,-0.436242024844913,1.93357959177614,0.652758067861034,0.929007455151425,0.865525331594437,0.738704495530646,1.00308350807037,1.31707055840002,1.04932059857233,1.25636049003245,0.162683275605504,0.341057647403763,0.893267317653314,1.07081081749965
"562","male","other","yr1","STEM","stats","Visual",-0.115977490366863,-0.113268790946684,1.7169465618504,-1.10030577483577,0.606395801158114,-0.303945112539169,-0.288127147744257,0.0361699322703304,-0.723565462380426,0.228641896294527,-0.441807194801535,0.488410125459067,0.356236130903665,-0.162388897586341,-0.0744256386466905
"563","male","white","yr1","Business","math03","Visual",0.266641655851248,-0.205093461140217,-1.49247496424828,-0.26038116509647,0.0342704145159715,0.184979408792312,0.18293754483375,-0.271946937118498,-0.35034678198684,-0.583103689341662,-0.178976171682144,-0.346338725843645,-0.294912104566007,-0.0668189630673364,-0.207499787122549
"564","female","white","yr2","STEM","math03","Visual",-0.708455573550941,-0.0969837319174146,2.05148344171189,-0.545413958263998,0.0652591903472078,-0.271898915053461,-0.00442056347046374,0.66377478860555,-1.50915977671223,0.918348256918597,0.720509754420507,-0.602692038594524,-0.294912104566007,0.239627154045045,-0.277985130705459
"565","male","Black","yr3","STEM","math03","Kinesthetic",-1.70628509630075,-0.497556424846265,2.98712044503824,1.52393034932561,-0.826270564958778,0.927156487890201,0.791551341718209,0.968980612772223,0.432361848153565,1.3870550416303,-0.754425140299621,-0.346338725843645,-0.294912104566007,0.778590613313318,0.268696786978069
"566","female","other","yr2","Other","math04","Kinesthetic",0.284558265182809,-0.273872413771114,-1.7186953291469,-0.598044619656344,0.931198187346884,0.529311653628434,0.384165323039076,0.42510187829924,0.769043939668329,0.486921958217911,0.330893535219415,-0.0936700371453748,-0.23690086205795,0.437015722624007,0.675712067639528
"567","male","Black","yr1","Other","math02","Auditory",1.36747533164461,1.28600614520381,-2.772236182409,1.445583628118,0.0781543947921213,-1.19704527543979,-1.53882367353058,-1.40208521559289,-1.04651981112818,-1.20059981309169,-1.45777751001965,-1.17740295309375,0.23128662237871,-1.2672117888951,-0.837218136970879
"568","male","white","yr3","STEM","math04","Kinesthetic",-0.673587408025008,-0.0551930414089239,-0.340204930996185,0.605659018378702,0.34602548844644,-0.461547348302326,-0.532653526946002,-0.611308545274803,-0.410668973237754,0.263796332012421,-0.788444496527777,-0.921049640342871,-0.352923347074065,-0.30761097874529,-0.262809537283063
"569","female","white","yr1","Other","math04","Kinesthetic",0.0919659937380336,0.11423108781523,0.112235798801059,-0.742388830523935,-0.331414931885222,-0.148975628323831,-0.0576091837688116,-1.20589418136722,-0.395415180805374,-0.216538770567893,-0.747871734935755,0.162683275605504,-0.0882240199196771,-0.20642929103703,-0.651110250945405
"570","male","white","yr1","Other","math01","Visual",-0.970469066720763,-0.0358536829499712,-3.1067730622705,-0.330150686452466,-0.521521605251991,-1.50071857058538,-1.08772899540035,-0.937110749227804,-0.607905470984414,-1.4072652424794,-1.00926110497425,0.484725501406459,0.477783061379964,-1.24934460946243,-0.683331041882054
"571","female","white","yr2","Other","math02","Visual",-0.0455912155046277,-0.32813229562211,0.929968952191661,-0.475737249001736,-0.768774948555663,-1.46762311651617,-0.517652901931988,-0.974450766930807,0.0495714112152057,-0.595725740590405,-0.728439076844931,-1.17740295309375,-0.352923347074065,-0.844790678102889,-0.532694780698491
"572","female","other","yr1","STEM","stats","Kinesthetic",1.54215099375782,0.217930563838171,-2.42811196757463,-0.834917984373195,0.0472388701332442,0.415121759470854,0.168927084070249,0.42510187829924,0.251098288639211,0.486921958217911,-0.0599473466417108,-0.924734264395479,-0.352923347074065,0.29879631023045,0.252334075903919
"573","female","white","yr1","Other","math03","Kinesthetic",-0.0455912155046277,-0.0356693319160627,0.220552313763931,-0.26038116509647,-0.545698311974393,-1.1449856651735,-0.941447088384871,-0.829613798454795,-1.01124654395162,-0.634151447231728,-1.43101973027509,-0.924734264395479,-0.191568062242842,-0.943962127840328,-0.794027262872283
"574","male","white","yr1","STEM","math03","Visual",-0.658236195364887,-0.497556424846265,2.30845935034238,1.52393034932561,-0.677593437408153,-0.217658375937371,-0.233858409906309,-0.0661981185562895,-1.38725207250814,-0.330150550993494,-0.123237096136438,0.803083103154805,-0.133556819734785,-0.230253561370355,-0.694171192194668
"575","female","white","yr1","Other","math02","Kinesthetic",1.54215099375782,0.721608347276863,-2.5364284825375,-0.26038116509647,-1.4218051772031,-1.1449856651735,-1.27136178627285,-0.858088609601032,-0.802144688995277,-1.60879378927819,-1.14540951777116,-0.6683809516446,0.374439019056798,-1.25203542437221,-0.969572625352258
"576","male","white","yr1","Business","math02","Auditory",-0.81339490461229,0.078121793396992,1.7169465618504,-0.208150017624732,0.912683200413956,0.333428503160597,-0.0189742484017162,-0.0957965350181078,1.12905653504629,1.05345925440619,0.818228971241709,-0.346338725843645,0.161499474419406,0.476643847015178,0.614348861649892
"577","female","white","yr1","STEM","math01","Auditory",0.7919488046549,0.272190445689167,-1.49247496424828,-1.17955488229231,-0.223493355922307,-1.05973585493782,-0.376260410619369,-0.693838231586464,0.310342548405072,-0.819130866884423,-0.653561475418136,-0.602692038594524,-0.015034293911718,-0.727684943491521,-0.193642218362084
"578","female","white","yr1","STEM","math01","Auditory",-0.536030198782347,-0.217562652482722,1.82526307681327,-0.11142580855007,-0.572384480055741,-0.350092888512861,-0.714823379602493,-0.865925339340922,-0.607876989637705,-0.798325401711678,-0.588035074758615,-0.346338725843645,0.17970236257254,-0.574893153177053,-0.672203448040553
"579","female","white","yr1","Health","stats","Kinesthetic",-0.220266877617842,0.391580595228279,-0.931717719488165,0.556393822396501,-0.948404520104733,-0.272945160676102,-0.284434342608157,-0.352686419312399,-0.795925457533904,0.0835378240458082,-0.0955683329755346,0.158998651552895,0.325879163903862,-0.148899759388871,-0.660719176261253
"580","female","white","yr2","Health","stats","Kinesthetic",-0.973034463392203,-0.436242024844913,0.703748587293039,-0.693165885180226,-0.981283406527311,-0.56948761680305,0.40710315489033,-0.762154873323887,-1.01920317343758,0.163462936583409,-1.56357788963047,-0.346338725843645,-0.23690086205795,-0.217019749358063,-0.892004423647358
"581","male","other","yr1","Business","math02","Auditory",1.54215099375782,1.3945259089058,0.437185343689676,-1.4861216433445,-0.845307438306751,-0.982232394491434,-0.984371402974888,-0.463443235510437,-0.406314650538415,-1.31334420860687,-0.629822473226116,0.419036588356383,0.712328072219146,-0.987289580667292,-0.534459573795563
"582","female","white","yr1","Other","math01","Kinesthetic",1.01940924162561,0.502744623880764,-2.5364284825375,0.841870841913232,-0.34901944202125,-0.436388944371181,0.366794040242582,0.160375264265059,-0.971907640180831,-0.169532996495165,0.375825381747199,-0.346338725843645,0.015847036934366,-0.0439512267810267,-0.3788725911376
"583","female","white","yr2","Other","math02","Kinesthetic",0.199785830797642,-0.381982142993917,1.49072619695178,0.48012626110988,-1.73356025113357,0.167557485965024,-1.36352758285764,-0.903059340138606,-0.782182176944519,-1.86393223179459,-0.685789985862739,-0.346338725843645,-0.294912104566007,-0.868806994578264,-1.06341996940625
"584","male","white","yr1","Other","math01","Auditory",-2.22902684843296,-0.497556424846265,-2.772236182409,1.41946805438214,-1.73356025113357,-2.01068179811386,-2.06035708730125,-2.07870139105692,-1.50915977671223,-2.21347729201926,-1.80440478596134,1.31578972865656,1.24495378186575,-1.96973502526328,-1.73192658336721
"585","female","white","yr3","Business","math03","Auditory",1.24430428192488,0.0985404142990586,-2.20189160267601,0.184379169966512,-0.415032392501022,-1.00149690537534,-1.23844602736778,-0.692061524087145,-0.356021837545872,-0.620650041748916,-0.853969131551945,0.741078814157338,0.535794303888021,-0.903253973986673,-0.479635867337588
"586","female","white","yr2","Health","stats","Visual",0.179303824794641,-0.320667742992565,-0.823401204525293,-0.31674008543135,0.931198187346884,0.586406600707224,0.306628815783969,0.42510187829924,0.847623166283179,0.434685932586479,0.581026256999934,-0.159358950195451,-0.294912104566007,0.450975922592307,0.703346916873826
"587","female","white","yr1","STEM","math03","Kinesthetic",-0.115977490366863,-0.16635707006141,-1.7186953291469,0.751768565429347,-0.785099203293132,0.201542225955948,0.507856593989295,-0.162719147159919,-0.406913265929465,0.21156030638099,-0.136431612918483,-0.602692038594524,-0.191568062242842,0.236570503254296,-0.412636487522769
"588","female","white","yr1","STEM","math03","Kinesthetic",-0.132929046561235,-0.163302770631726,-0.931717719488165,-0.415677538624028,-0.517228109638813,-0.0312864513153946,-0.358675214294219,-0.262160430121953,-0.016550374663474,-0.0109654656789591,-0.214117423987157,-0.855360727292794,-0.352923347074065,-0.129588690320565,-0.237173146288348
"589","female","white","yr1","Business","math03","Visual",-1.51369282485598,-0.497556424846265,1.26450583205315,0.684244624859976,-0.252980111391898,-0.038425362893963,0.298337531482495,-0.148616953726815,-0.127165378906931,0.455373715566419,-0.146604165627133,-0.350023349896254,-0.294912104566007,0.168588700062456,-0.164090714192718
"590","female","Black","yr2","STEM","math03","Visual",1.54215099375782,0.410919953687232,0.102648463828181,0.579543444642833,-0.845307438306751,0.586406600707224,0.384165323039076,0.42510187829924,-0.723565462380426,-0.413211125194478,-0.214117423987157,1.06312103995829,0.712328072219146,0.154210877839196,-0.334006486436832
"591","female","white","yr3","Other","math04","Visual",-0.375740696192065,0.279822181062695,0.112235798801059,-0.52006899651102,-0.134608653307366,0.214610005727231,-0.500067705606839,-0.41960903145421,-0.789044236328295,-0.663234224072175,-0.64566664351077,1.31578972865656,-0.133556819734785,-0.309924792831018,-0.459720874601138
"592","female","white","yr2","Business","math03","Kinesthetic",0.78938340798346,-0.393856948823324,-3.20550224226049,-1.0340457393217,-1.00695302147465,-1.28106912573322,-0.226540031635259,-0.199853147957603,-0.686593769938955,-1.31139085694126,-0.351468802461465,0.484725501406459,0.164523879072639,-0.853757439089719,-0.584577315992994
"593","female","white","yr1","Business","math03","Visual",0.287123661854249,0.0680301441068776,-1.15793808438679,-0.652950417261487,-0.540036592184919,0.427411705968326,-0.019745704375173,0.273500299189974,-0.026876738683457,-0.282653035341455,-0.487953453676774,-0.533318501491839,-0.352923347074065,0.00103461228257741,-0.058924708594848
"594","female","white","yr2","Other","math02","Visual",1.54215099375782,-0.0471341032662809,-1.15793808438679,-0.207615251087937,-0.369115305956852,0.87774868776082,1.09562411681238,1.01244646257305,-0.638683890106514,0.880801904511343,0.646123333692576,0.993747502855608,-0.178889619549892,0.873173284837924,0.0320479628151745
"595","female","white","yr2","STEM","stats","Kinesthetic",0.704610973598293,-0.274466799284212,2.38602032157339,-0.249586650700963,-0.169769348717324,0.0897795652988606,-0.212046111492746,-0.112834705452047,-0.222222369526082,-0.0195167812458728,0.522962319699969,-0.346338725843645,-0.133556819734785,0.0316465963380752,-0.162247458889379
"596","female","white","yr1","Health","stats","Kinesthetic",1.08754522914322,-0.16635707006141,1.49072619695178,-1.27166794568816,-0.928724466247067,-0.218196174707964,0.0266194059787454,0.492779741501233,0.289772934562796,-1.08868001131041,-1.4001376811183,0.546729790403927,-0.352923347074065,-0.5131606732702,0.0233677998808461
"597","female","white","yr1","STEM","math02","Visual",1.12466368201378,-0.0356693319160627,-1.15793808438679,-0.381705304823511,-0.548295742111078,-0.383818535411477,-0.464771497911609,-0.435876228185537,0.108172659050255,-0.603026917171285,-0.360774627911116,-0.27696518874096,0.17970236257254,-0.442895321344636,-0.262791097981935
"598","female","other","yr1","STEM","stats","Kinesthetic",-2.03643457698819,-0.393856948823324,2.30845935034238,0.776260898758761,0.348022175527051,0.666100309259928,1.09562411681238,0.699991200992971,1.58817756314316,1.3870550416303,1.23881855951272,0.484725501406459,-0.0302127774116195,1.00849363588577,0.901172535872418
"599","female","other","yr1","Other","math01","Kinesthetic",1.45481316270121,0.445430442600085,-1.26625459934966,-0.26038116509647,-0.107164116242505,-0.279289532233136,-0.482366485244439,-0.409499211486148,0.0620288519513763,-0.319296249065535,-0.214117423987157,0.484725501406459,-0.23690086205795,-0.322051781701557,-0.149374720525329
"600","female","white","yr1","Other","math01","Kinesthetic",1.54215099375782,0.129344544108229,-1.49247496424828,-0.305076683905442,1.8194510001737,0.507856894638202,0.957922385098657,0.680378794926836,0.839638055450515,0.574027290509045,0.792057305967944,-0.6683809516446,-0.23690086205795,0.655688335091164,1.03258036881237
"601","female","Asian","yr1","STEM","math03","Kinesthetic",-0.518113589450786,-0.497556424846265,2.30845935034238,1.41946805438214,-1.73356025113357,1.45210273364758,0.497177393685251,1.25970296808463,1.21732013088313,0.376451797199286,0.648539515359959,1.31578972865656,1.24495378186575,0.76988386760561,0.399250103869312
"602","male","white","yr1","Other","math02","Visual",-0.658236195364887,-0.177637490377719,2.8692165951025,-0.242374714398625,-0.236046001461644,-0.0640815506977745,-0.052661463280242,0.17707439908505,-0.243929259929998,0.471322988566966,-0.283088816842442,-0.0936700371453748,-0.294912104566007,0.0577826744042877,-0.086162402219796
"603","male","white","yr1","STEM","math04","Auditory",0.757395748455787,-0.163897156144824,-0.262643959765176,0.631774592114571,-0.824495642841256,-0.68383447066156,-0.452392284444181,-0.783074566081732,-0.732711618895833,-0.223142892212789,-0.778271943819127,-0.0899854130927663,-0.294912104566007,-0.484935809072176,-0.755810652310481
"604","male","white","yr2","Business","math03","Visual",-0.343437927337572,0.50979914203112,0.220552313763931,-0.26038116509647,0.0429453745200661,-0.279289532233136,-0.482366485244439,-0.409499211486148,0.0620288519513763,-0.413211125194478,-0.214117423987157,-0.346338725843645,0.17970236257254,-0.346764245030412,-0.108410916539852
"605","male","white","yr3","Business","stats","Kinesthetic",-0.745574026421494,-0.170172937748174,1.26450583205315,0.659726870420204,-0.243024895989245,0.212778539339579,-0.288745976310447,0.437861528345678,0.177800438891788,0.518655803214231,-1.22702182069976,0.22837218865558,-0.0882240199196771,-0.0133989060852749,0.151826406075012
"606","female","white","yr2","STEM","math04","Visual",-0.32552131800601,-0.497556424846265,-0.340204930996185,0.0248407462072452,0.656084496900415,0.27031229383028,0.306628815783969,0.186428967992931,0.476765734023154,0.382449906955048,0.380385129030899,-0.0242965000426901,-0.191568062242842,0.312436019041278,0.414033590514358
"607","female","white","yr5+","STEM","math04","Auditory",1.54215099375782,1.51715470890851,-1.86735472281452,-0.26038116509647,0.0429453745200661,-0.279289532233136,-0.482366485244439,-0.409499211486148,0.0620288519513763,-0.413211125194478,-0.214117423987157,-0.346338725843645,0.17970236257254,-0.346764245030412,-0.108410916539852
"608","female","white","yr1","Other","math01","Kinesthetic",-0.901047844995717,-0.278282666970976,-2.31979545261176,-1.8783230772607,0.0462223169992345,1.45210273364758,1.01808760955727,1.25970296808463,-0.148126148236104,1.3870550416303,0.884321895634007,1.31578972865656,-0.178889619549892,1.19821472199654,0.404738004944283
"609","male","white","yr2","Business","math02","Kinesthetic",0.371896096239416,-0.212558013769762,1.3824096819889,-0.391769440893951,0.802986702333519,0.47832104360346,0.89439633860705,0.781162621275536,-0.0679470772830711,1.03936943532755,1.20779301474552,0.415351964303774,-0.191568062242842,0.80125316359206,0.471405339127333
"610","female","white","yr3","Other","math04","Kinesthetic",-0.0455912155046277,-0.252298824840857,1.49072619695178,-0.880741073388726,0.188266702950495,1.03325361890538,0.0140066969673022,0.178321813973011,0.264882994099641,0.660953178198946,0.00621945043050373,0.22837218865558,-0.191568062242842,0.510158289015662,0.209007324454405
"611","female","white","yr1","STEM","math02","Visual",1.24430428192488,0.466635329462526,-1.86735472281452,-0.480214977852853,-0.225684088117766,-0.116536261551074,-0.422201260785826,-0.170826301179838,0.202193591519407,-0.10121241737707,0.496837795379179,-0.27696518874096,-0.352923347074065,-0.113263689495344,-0.0486115186562481
"612","male","white","yr1","Business","math03","Visual",-1.1809779474971,-0.165762684548312,1.26450583205315,1.22527008502135,0.947106632006417,0.689435868792262,0.444619438497973,0.534382556949307,0.279061378251676,0.699775538347673,0.941182867256571,-0.0936700371453748,-0.352923347074065,0.631799597910868,0.54611098014548
"613","female","other","yr3","Other","math01","Auditory",1.54215099375782,0.51980841945704,0.703748587293039,1.52393034932561,-0.44717984769636,0.926824756595853,1.09562411681238,0.930027627402525,-0.345330276180993,1.3870550416303,1.37616993798703,1.31578972865656,-0.23690086205795,1.10811206328194,0.0849692504883753
"614","female","white","yr3","STEM","math03","Visual",1.54215099375782,0.132976060761085,1.49072619695178,-0.600957792817241,-1.41196515027427,0.00234255606590608,-0.430138467623066,0.369544886608255,-0.699597909782174,-0.0115653198245003,-1.50100134599978,-0.346338725843645,-0.294912104566007,-0.289084803413468,-0.49972393967646
"615","female","white","yr1","Other","math01","Visual",-0.132929046561235,-0.158298131918767,-0.931717719488165,-0.500408548040825,-0.685357920615347,0.162226736726516,1.01808760955727,0.256748275678495,1.02326882629419,0.243102391288888,1.37616993798703,1.05943641590568,0.52061582038812,0.542378335317842,0.264852069400796
"616","female","white","yr2","STEM","math02","Auditory",0.949988019900563,0.283655217039385,-2.20189160267601,-0.424758443766901,-0.685852587334312,-0.969511028073251,-0.825275645762669,-0.454578028953671,-0.229069146189223,-0.65289203628965,-0.717739649154494,-0.27696518874096,-0.133556819734785,-0.778672320001766,-0.425498414397219
"617","female","white","yr1","Business","math03","Kinesthetic",0.287123661854249,0.160432031523583,0.112235798801059,-0.26038116509647,-0.383442873613712,-0.722462495987021,-0.83609021525389,-0.724433580199718,-0.810676498934988,-0.776266522918358,-0.857415889383061,-1.17740295309375,-0.352923347074065,-0.751331242123772,-0.642276756020162
"618","female","white","yr2","STEM","math04","Kinesthetic",0.707176370269733,0.153561864407136,-0.823401204525293,-1.70437536018893,-1.11174616874913,0.281235934508651,-1.45667375268527,-1.53292807756575,-1.2778397939202,-1.49518200885259,-0.89681600008644,-0.346338725843645,-0.0302127774116195,-0.784334094092644,-1.28923158615505
"619","female","Black","yr2","Business","math01","Auditory",1.43689655336965,0.272374796723075,-1.83659917908265,0.28057096688525,0.0320887944572231,-0.414919503322197,-0.734941652125069,-0.788582552690774,-0.0445109410712302,-0.752013407940392,-0.405814275766386,0.671705277054653,0.255916493233732,-0.567180503776721,-0.28196175162923
"620","female","white","yr2","Business","math03","Kinesthetic",1.36747533164461,0.713365058100312,-2.5364284825375,1.32646405356007,-0.398602061426442,-0.811386360666975,-0.733145474068283,-0.679736038153361,0.124801368729301,-0.82850254854979,-1.10609047666832,-0.924734264395479,0.45065314971799,-0.796229256127808,-0.301727332735389
"621","male","white","yr1","STEM","stats","Visual",-0.673587408025008,0.0555609527643725,1.26450583205315,0.735913587028187,0.052290734729935,0.200412905531018,-0.2142162136241,0.0959029788024849,-0.373879231022444,0.0938098701215366,-0.770902566008048,0.550414414456535,-0.352923347074065,-0.0561437505125704,-0.0816827663955609
"622","male","other","yr1","STEM","math03","Visual",-0.217701480946402,-0.274466799284212,1.26450583205315,0.785188259302316,-1.25031956710637,-0.860213075742267,-0.623758976557058,-0.783829817141914,-1.00274069215391,-0.97307415803106,-0.766001545561635,-0.0936700371453748,0.194880846072442,-0.781554929222316,-0.967244356649982
"623","male","white","yr2","Other","stats","Auditory",0.406764261765349,-0.321262128505662,0.112235798801059,-0.529428446904633,0.658275229095874,0.259770738918172,0.501848526526985,0.420839080554169,0.656717495542291,0.437450718334138,0.883118929956605,-0.346338725843645,0.131142507419603,0.433223422939346,0.560233294785212
"624","female","white","yr2","STEM","math04","Visual",-0.150845655892796,0.11923572652819,1.26450583205315,-0.275520413594786,-0.22828151825445,0.307449206051279,0.869087848973316,0.270961320252734,-1.02706005010872,0.0979485259553876,0.270551877118166,1.31578972865656,0.660743812412976,0.381875799239335,-0.326486406077708
"625","male","white","yr3","Business","math02","Visual",0.284558265182809,-0.0475441377454702,-0.597180839626671,-0.31674008543135,-0.129556788710675,0.474288207440515,0.597651732791612,0.479464343793752,-0.016550374663474,-0.0729410746186705,0.305058108364053,0.48104087735385,-0.191568062242842,0.324215548479971,0.129050855789195
"626","female","white","yr1","Health","math02","Kinesthetic",1.03732585095717,-0.101393985117277,-0.597180839626671,0.631774592114571,-0.823029954312401,1.22372294533242,1.09562411681238,1.25970296808463,1.63321748061498,-0.244410156772147,1.37616993798703,-0.0936700371453748,-0.23690086205795,0.773824013434883,0.793990640146816
"627","male","white","yr1","Business","math02","Visual",1.43689655336965,0.279244963839523,-0.931717719488165,-0.615400349735615,-0.977396608855359,-1.15258973732062,-0.621667418767182,-0.380795677679901,-0.0473028356435729,-1.20287404758824,-0.436922655769486,0.484725501406459,0.712328072219146,-0.896272043428163,-0.415225223307926
"628","male","white","yr1","STEM","math04","Kinesthetic",-0.850828466809663,-0.28133696640066,0.929968952191661,0.989712461541055,-0.863822425239679,-0.698337419884029,-0.626471408450324,-0.150714748173663,-0.930409178347143,-0.271916415606301,0.482151215454306,0.162683275605504,-0.0882240199196771,-0.398885995203295,-0.614007742244909
"629","female","white","yr1","Other","math01","Auditory",1.54215099375782,1.01083266051932,-2.20189160267601,-0.653501153742296,0.0868293547962159,-0.302399739321003,0.0541533932001039,-0.370685857711839,0.0592679619304506,0.149187515159945,-0.137634578595885,-0.602692038594524,-0.133556819734785,-0.0585039140795666,-0.0837764276227915
"630","female","white","yr1","STEM","math02","Auditory",-1.1809779474971,-0.497556424846265,0.929968952191661,0.048971953476611,-0.418397303757928,0.608990680122387,0.310940449486259,0.546386955935563,-0.448494841960843,0.20811540243638,0.611374290186021,-0.6683809516446,0.264843516742572,0.403274149460957,-0.0781777136684593
"631","female","white","yr2","Business","math02","Kinesthetic",-0.132929046561235,-0.320667742992565,-1.49247496424828,0.11692855757679,-0.223909166000243,0.747577061493693,0.827539031655987,1.14657793315971,-0.739592840101442,0.937662169812344,0.984063664438634,-0.346338725843645,-0.294912104566007,0.817015011140507,0.0832879079739695
"632","male","other","yr5+","STEM","math04","Visual",1.54215099375782,0.833349593152522,1.15618931709028,-0.624329513725909,-1.73356025113357,-1.1604191619122,-1.98282058004615,-0.298376842509375,-1.0472364337234,-1.3653012629237,-0.123716830165249,-0.346338725843645,-0.352923347074065,-1.25638501930403,-0.944292411657476
"633","male","white","yr3","Business","math03","Auditory",0.932071410569002,0.829533725465757,-1.27584193432254,0.579543444642833,-0.845307438306751,-1.1449856651735,-1.27136178627285,-1.24410030127154,-0.723565462380426,-1.31334420860687,-1.00926110497425,1.31578972865656,1.24495378186575,-1.15824963514684,-0.92016874995353
"634","male","white","yr2","Business","math02","Auditory",0.0945313904094736,-0.266407861141569,0.112235798801059,-0.467558730107792,0.234632924889509,0.0975423995593574,0.979540115133492,0.383162253261207,0.275203394923864,0.00689014017522956,0.742033802430364,-0.346338725843645,0.608984029895981,0.374841337099201,0.297222236640934
"635","female","Black","yr4","Other","stats","Kinesthetic",-0.0455912155046277,-0.0545986558958262,-2.5364284825375,0.58110635442852,0.946505888950344,-0.914786043420387,0.27133260808874,0.664545762308162,-0.228646986150908,0.774955983162287,-1.18772447657955,-0.0936700371453748,-0.294912104566007,-0.157414436384698,0.413103992638698
"636","female","Asian","yr1","Other","math02","Kinesthetic",0.321991827380182,-0.0364480684630688,1.60863004688753,1.06627292145096,0.385352270844864,0.0427177262801312,0.429339713491355,-0.219802363613697,0.252355647145718,-0.142123409677523,0.737184957681237,-0.346338725843645,-0.133556819734785,0.175322831397888,0.118578396043818
"637","female","Black","yr1","STEM","stats","Visual",-0.361354536669133,0.218524949351268,0.446772678662553,-0.509168391697423,0.337660262183172,0.447977179036847,-0.30742756991568,-0.0192247220705727,0.442576616629149,-0.197494896972338,-0.308877102744828,-0.346338725843645,0.094561208402509,-0.0232231678688746,0.242896230480853
"638","male","white","yr5+","STEM","other","Kinesthetic",-0.0455912155046277,-0.389446695623462,-0.222301081060435,0.504465049839976,0.201314015208796,0.230996804600848,-0.0173750465926924,0.283720970299172,0.126403736272191,-0.108021961214879,0.374559990059934,0.993747502855608,0.0277984650964382,0.0863727128320515,0.200879566535721
"639","female","other","yr3","Other","math04","Visual",0.949988019900563,0.276600698889029,2.15979995667477,-0.653501153742296,0.195245597478095,0.0739300157669183,0.250719829571376,0.0175280033059464,0.452897017453372,0.147240321237928,0.436693914830234,1.31578972865656,-0.191568062242842,0.179885172104712,0.220567984071128
"640","male","white","yr1","Business","math03","Kinesthetic",-1.37100482227043,-0.497556424846265,3.09543696000112,0.67491826898819,1.8194510001737,1.45210273364758,1.09562411681238,1.25970296808463,1.34436215473497,1.3870550416303,1.37616993798703,0.162683275605504,-0.294912104566007,1.27620653520245,1.41351971662023
"641","male","white","yr2","Business","math03","Visual",0.826816970180833,0.721608347276863,1.26450583205315,-0.149564886421634,0.0429453745200661,-0.768844246394021,0.168927084070249,-0.704484364543624,-0.00171621906470022,-0.540818826955016,-0.199767082480686,-0.0899854130927663,0.225035162387648,-0.366996416898437,-0.234416779690643
"642","female","white","yr1","Business","math03","Kinesthetic",0.459233927296023,0.230399755180676,1.15618931709028,-1.74855804186967,0.335593917952861,-0.0855036863838917,0.725754381740887,0.650920010060407,0.526306462745194,-0.0398366625828998,-0.326609669827942,1.31578972865656,-0.352923347074065,0.112465350994658,0.507108688359565
"643","female","white","yr1","Business","math01","Visual",1.54215099375782,1.07901722763712,-2.870965362399,-0.307261312272402,0.0494296023287024,0.586406600707224,1.09562411681238,0.578706123356648,1.63321748061498,-0.0557859355834469,1.37616993798703,-0.346338725843645,0.17970236257254,0.619510067366064,0.792937614880945
"644","female","white","yr2","Health","stats","Auditory",-1.14610978197117,-0.497556424846265,-1.15793808438679,0.605659018378702,-0.0754260835644659,0.586406600707224,0.601002763816927,0.213290811472472,0.17551381855545,0.730041615514099,-0.527921853748282,-0.346338725843645,-0.352923347074065,0.474106440853888,0.117897802773384
"645","female","white","yr1","Health","stats","Kinesthetic",-0.412859149062617,-0.393856948823324,1.7169465618504,-0.31674008543135,-0.625149685601728,0.0152626953927826,-0.980042511052509,-0.445106987521039,-0.899576126374062,0.621524806161085,-0.560812116978953,1.05943641590568,-0.294912104566007,-0.149695252545496,-0.641411953353723
"646","female","white","yr3","Other","math04","Visual",1.54215099375782,0.535004247614234,2.38602032157339,-0.449300613779593,-0.260550549484244,0.192392780590662,-0.0329847091652164,-1.25324431770314,-0.181786556456811,-0.0898873840460916,0.417550354204837,-0.346338725843645,0.17970236257254,0.0798222684448129,-0.573270286085407
"647","female","white","yr1","STEM","stats","Kinesthetic",0.199785830797642,0.0861807315396349,-1.04962156942391,-0.476566935329986,0.781088696584313,0.252807296200704,0.741084944320806,0.633405398441119,-0.227357706306641,0.678499341771909,0.222135038430563,-0.924734264395479,-0.352923347074065,0.478368654401353,0.35748089463194
"648","female","white","yr1","Health","stats","Visual",0.512018702153518,0.390986209715181,-0.823401204525293,0.433751587052029,0.931198187346884,0.586406600707224,0.306628815783969,0.42510187829924,0.489977782234534,0.486921958217911,0.581026256999934,-0.346338725843645,0.00316859424141591,0.464721145086021,0.577569702038537
"649","female","white","yr1","STEM","stats","Visual",0.406764261765349,-0.143779061138865,-2.870965362399,-1.04162385413561,0.117481177190545,-0.621779189012635,0.863456113454607,-0.817990674889705,-0.202858921330383,-1.49418497242571,-0.574610272662196,-0.0242965000426901,0.131142507419603,-0.435475395377635,-0.324673863724535
"650","male","white","yr1","STEM","math03","Auditory",-0.150845655892796,-0.497556424846265,1.82526307681327,0.627164850367569,-1.14062306902593,-0.805189629554348,0.0385383089523696,-0.885861058378575,-0.836256655387351,-0.187667573663952,-0.777601573226932,-0.855360727292794,-0.352923347074065,-0.387482603066724,-0.914589246431852
"651","male","white","yr3","STEM","stats","Visual",-1.28623238788527,0.006121358592428,-0.941305054461042,-0.0139520482639435,0.0429453745200661,-0.279289532233136,-0.482366485244439,-0.409499211486148,0.0620288519513763,-0.413211125194478,-0.214117423987157,-0.346338725843645,0.17970236257254,-0.346764245030412,-0.108410916539852
"652","female","white","yr1","Other","math02","Kinesthetic",1.03476045428573,0.156616163836819,0.338456163699681,0.00956976789277104,0.236328990366003,0.86901529518877,0.41141478859262,0.679826759295307,0.619816157782581,0.830333628200696,0.685363467371184,0.803083103154805,-0.133556819734785,0.684897519793907,0.523056602422239
"653","female","Black","yr1","STEM","math02","Visual",0.949988019900563,0.455539260180125,-1.27584193432254,-0.243025435017199,-0.806475322627292,-0.641482507308457,-1.10074429565406,-0.787674173416762,-0.431811692793088,-0.76494148958738,-0.613483508383789,-0.0936700371453748,0.121691120064483,-0.762090867967252,-0.646687353566879
"654","male","white","yr2","STEM","math04","Kinesthetic",-0.760925239081616,-0.497556424846265,1.49072619695178,0.569002489068801,0.931198187346884,0.445546896427307,0.116015051418738,0.0818007853693815,-0.0564464689542719,0.725996857423948,0.785024166575268,0.22837218865558,-0.294912104566007,0.457329163440493,0.264847791945188
"655","female","white","yr3","Other","math04","Kinesthetic",-0.150845655892796,-0.158298131918767,-1.15793808438679,-0.155881279635456,1.8194510001737,1.32291815016321,1.09562411681238,1.05989630024412,0.918243240207367,1.3870550416303,0.878661949256081,0.803083103154805,-0.352923347074065,1.17624564378225,1.19349690244753
"656","male","white","yr3","STEM","math04","Visual",-0.848263070138223,-0.320667742992565,0.112235798801059,1.46757142899073,-0.215844061188932,-0.341715228550435,-0.290066078126866,0.191081464019448,-0.332834850564831,0.290482224748122,0.592800439814252,-0.346338725843645,0.392641907209932,-0.0367984051329392,-0.106997111727644
"657","female","Black","yr2","Health","math02","Auditory",0.704610973598293,0.006121358592428,0.672993043561175,-0.632969076389067,0.0429453745200661,-0.750293003141803,-0.482366485244439,-0.409499211486148,0.0620288519513763,-0.443276747583379,-0.214117423987157,0.484725501406459,-0.0882240199196771,-0.50540167744401,-0.108410916539852
"658","male","white","yr1","Other","math02","Visual",-0.132929046561235,-0.000748808524019625,1.49072619695178,-0.397593782343199,-0.634989712530561,-0.0508056787612752,-0.22698155004281,-0.473971496948722,-0.640939505891435,0.0215798133994074,-0.025730212861251,0.484725501406459,-0.23690086205795,-0.0710394399960676,-0.563275699393865
"659","male","white","yr3","STEM","stats","Auditory",-0.098060881035302,-0.382576528507014,-0.931717719488165,-0.552639695512563,1.6595014824823,1.45210273364758,1.09562411681238,0.852348031162418,1.63321748061498,1.3870550416303,1.37616993798703,0.806767727207414,1.18694253935769,1.27620653520245,1.32840763844496
"660","female","Black","yr1","STEM","stats","Visual",-0.637754189361886,-0.0507827882090618,-1.49247496424828,-0.624790557495123,-1.27659903724649,-0.485189306289834,-0.0578980747690959,0.0716909654013195,0.483620997086762,-0.255735190103125,0.187717017774141,0.741078814157338,0.535794303888021,-0.214171150281152,-0.151262779714232
"661","female","white","yr2","Business","math02","Auditory",-0.32552131800601,0.0372260142977067,1.49072619695178,0.533489832071256,0.713431599512802,0.136857888788789,0.0844041816471978,-0.0590438096415888,-0.555568390566163,-0.279517573678072,0.191052102397808,0.415351964303774,-0.0302127774116195,0.0158015009864179,-0.0195704536805044
"662","female","white","yr3","Other","math04","Visual",-0.256100096280965,-0.278877052484074,0.929968952191661,-0.37309900576623,1.8194510001737,1.00901409139259,0.416397066914006,1.09486529774358,0.439761287119513,0.685308885609717,0.0652428557880909,0.737394190104729,-0.352923347074065,0.619757164132893,1.03750354139775
"663","male","white","yr1","STEM","math04","Visual",1.54215099375782,0.021234814885427,0.781309558524047,0.284699368007364,0.0429453745200661,-0.279289532233136,-0.482366485244439,-0.409499211486148,-0.381809902366398,-0.413211125194478,-0.214117423987157,-0.0899854130927663,0.414247373411722,-0.346764245030412,-0.264500733000228
"664","female","white","yr1","STEM","math02","Kinesthetic",-0.552981754976719,0.483999650934909,2.61224068647201,-1.76650762283986,-0.644944927933214,0.286792036191627,1.09562411681238,0.762797630097361,1.12109990556034,0.395863572437753,0.769551928991939,0.158998651552895,0.45065314971799,0.570999177108163,0.487991728050537
"665","male","white","yr1","Business","math02","Visual",0.704610973598293,-0.158298131918767,2.8692165951025,1.52393034932561,0.237761353577949,-0.200656751361824,0.28103143514995,0.342317490349979,0.445904200703364,0.502567946680826,0.742575962469039,-0.16304357424806,-0.352923347074065,0.229389456229731,0.343765079001014
"666","female","white","yr1","STEM","math03","Visual",0.949988019900563,0.494685685738121,-1.49247496424828,-0.32315326814224,-0.496416314173317,-0.404475705271129,0.133036626083468,1.0129229037584,0.346251592082126,-0.110487427025924,-0.554986978007988,-0.0936700371453748,-0.23690086205795,-0.188288927484127,0.343859188064391
"667","male","white","yr1","Business","math02","Visual",-2.22902684843296,-0.497556424846265,2.30845935034238,-0.246515370100685,0.0248461976650741,0.529311653628434,-0.0652164530401461,0.42510187829924,0.725295825245479,0.376451797199286,0.616589852068204,0.415351964303774,0.770339314727203,0.325473476563442,0.41298971039127
"668","male","white","yr2","Business","stats","Auditory",-2.22902684843296,-0.497556424846265,0.220552313763931,-0.506810281928997,1.8194510001737,1.45210273364758,1.09562411681238,1.25970296808463,1.63321748061498,1.27244622477782,1.37616993798703,-0.0936700371453748,0.593805546396079,1.24604873379364,1.5151047502875
"669","female","white","yr1","Other","math02","Kinesthetic",0.512018702153518,-0.0507827882090618,-0.113984566097563,0.264770177204614,-1.1002100763438,-1.66949310351897,-0.643006048809412,-1.07627599126215,-0.534579139890281,-1.41040070414279,-1.11923281775308,-0.0242965000426901,-0.2495793047509,-1.20220450941306,-0.864333175688467
"670","female","white","yr3","STEM","math04","Kinesthetic",0.199785830797642,-0.0433182355795165,0.112235798801059,-0.651336822231011,0.485773065865133,-0.394964479425269,-0.877833600949947,-0.627912551596089,-0.576077601723969,-0.218492122233504,0.231430613567636,-0.346338725843645,-0.352923347074065,-0.38224863461962,-0.28867527133434
"671","male","white","yr5+","STEM","math04","Kinesthetic",0.704610973598293,0.0174017789087377,1.26450583205315,-0.923794212332116,-0.252370256199114,-0.0464608549617935,0.190544814105084,0.363279422915042,-0.406244295856653,0.134585581935874,-0.266413613581711,0.22837218865558,-0.133556819734785,0.0396316032210429,-0.082312007638985
"672","female","white","yr5+","STEM","math03","Kinesthetic",1.03476045428573,0.194884846275535,-0.931717719488165,-0.33029871942534,-0.940260558652394,-0.451444600802129,-0.491104709628674,-0.682385868231736,-1.38725207250814,-0.0276084905687481,-1.73689152760132,1.31578972865656,-0.075545577226727,-0.482073414022209,-0.982233586092037
"673","male","white","yr1","Business","math02","Visual",-1.59846525924114,-0.497556424846265,1.82526307681327,0.448106129505096,0.0860709858127033,-0.0123776730411067,1.09562411681238,1.02103005777832,0.533734383057851,1.13329046920009,1.29198147636627,-0.346338725843645,-0.352923347074065,0.730862836392387,0.571596933111098
"674","female","white","yr1","Other","math02","Auditory",1.20943611639894,0.376074272746015,-2.870965362399,-1.09708038822156,-1.73356025113357,-1.36483388293435,-1.64752847980693,-2.07870139105692,-1.01691907630595,-2.10300713100063,-0.822418132688457,1.31578972865656,-0.075545577226727,-1.51159253174512,-1.55881470471018
"675","female","white","yr3","STEM","stats","Visual",1.54215099375782,0.954622439385047,-2.870965362399,-0.133071622821876,1.12172067079159,0.586406600707224,-0.482366485244439,-0.409499211486148,0.847623166283179,0.486921958217911,-0.214117423987157,-0.346338725843645,0.17970236257254,0.16712578492672,0.462258005107745
"676","male","white","yr3","Other","math02","Auditory",-0.956082907197831,-0.101988370630374,0.112235798801059,-0.26038116509647,0.490066561478311,0.138963815396223,-0.0851475403226396,-0.160716481211776,0.198224012647196,0.486921958217911,0.274032563596851,-0.346338725843645,0.17970236257254,0.184113012906194,0.148865871976608
"677","male","white","yr3","Business","math03","Kinesthetic",-1.6163818685727,-0.12073334357623,1.26450583205315,1.41946805438214,-0.996997806071997,-0.585780219205408,-0.0447242564430018,-1.24410030127154,-1.14797293702545,-0.931786332071287,0.240879934627695,-1.17740295309375,-0.352923347074065,-0.414586574479289,-1.11082016155142
"678","female","Asian","yr3","STEM","stats","Auditory",-0.238183486949403,-0.497556424846265,1.49072619695178,0.561396163100538,0.36234974318391,0.695025711123078,0.878786676034526,0.685889007559868,0.161687423768374,0.563290670773892,-0.703389307648023,0.415351964303774,-0.191568062242842,0.516101811718567,0.39846026463571
"679","male","Black","yr1","Business","math02","Auditory",-0.343437927337572,0.50979914203112,0.220552313763931,-0.26038116509647,0.0429453745200661,-0.526936880541254,-0.465060388911894,-0.427864202664323,0.355494061421296,-0.26077698462015,0.1900418795284,-0.27696518874096,-0.015034293911718,-0.333809077474417,-0.011653780546579
"680","female","white","yr2","Business","math02","Kinesthetic",-0.970469066720763,0.380894560425067,0.555089193625425,-0.359651128598141,0.233467857964771,0.556870749672482,0.801250168779419,1.02919010048973,-0.016550374663474,1.3870550416303,0.0360152977933621,0.484725501406459,-0.23690086205795,0.755737983743282,0.421161097432825
"681","male","white","yr1","STEM","math03","Kinesthetic",-2.1237724080448,-0.497556424846265,1.49072619695178,1.41946805438214,0.3673319506309,1.45210273364758,1.09562411681238,1.25970296808463,1.63321748061498,1.28258299036744,1.37616993798703,0.484725501406459,0.712328072219146,1.24871609021503,1.11883187102543
"682","male","white","yr1","STEM","math03","Kinesthetic",-0.676152804696448,-0.393856948823324,0.929968952191661,-0.26038116509647,-0.22828151825445,-0.339528029553159,-0.656245053599456,-0.41025446254633,0.318957472542474,0.71918731358614,-0.718606376413493,-0.346338725843645,1.02558725452647,-0.172445008666944,-0.0923350010933252
"683","female","white","yr2","Other","math02","Auditory",0.0945313904094736,-0.0433182355795165,-2.5364284825375,0.480955947438129,0.79364134212365,0.586406600707224,0.319867820574012,-0.0361390829321335,0.578771777324968,0.316032357643853,0.581026256999934,-0.346338725843645,-0.133556819734785,0.423175235596558,0.409287797881328
"684","female","white","yr2","Business","math02","Visual",0.529935311485079,-0.497556424846265,-1.15793808438679,0.433458060169773,0.643531851361079,-0.93944162372642,-0.591219549595591,-0.023487519815644,0.626601066164428,0.0345786983074693,-0.113110263495264,-0.0242965000426901,-0.294912104566007,-0.456419944240265,0.389587425727721
"685","male","white","yr1","Business","math02","Visual",0.199785830797642,0.895258378666971,-2.20189160267601,-0.334037299878436,-1.29292329198396,-1.2613658074374,0.0525541913910801,-1.13616216600813,-0.415266097311733,-1.42186101795988,0.086709857282248,-0.0936700371453748,0.106512636564581,-0.752763064049913,-0.895992874410664
"686","female","white","yr5+","STEM","math04","Kinesthetic",0.371896096239416,-0.102582756143472,0.446772678662553,-0.419378328666856,-0.0683320005630458,-0.427738626601421,-0.214281400088049,-0.409499211486148,-0.32644958407035,0.0969514895285136,-0.119214249619078,-0.602692038594524,-0.294912104566007,-0.179561755014987,-0.275398338986984
"687","female","white","yr1","STEM","math02","Auditory",-1.49321081885297,-0.273872413771114,1.82526307681327,0.956709099008704,0.178311487547842,-0.484833573680211,-0.625988843477152,-0.610076853029273,-0.0457004681006827,-0.411257773528867,-0.0531098785567272,0.22837218865558,-0.294912104566007,-0.43017250026602,-0.179792340968856
"688","female","white","yr5+","STEM","math02","Kinesthetic",1.54215099375782,1.3945259089058,-1.86735472281452,-0.919327932303717,-1.43435782274244,-1.08720020508169,-1.09175173810235,-0.949004297072924,-1.18773147762985,-2.08487255383184,-0.984401972340725,-1.17740295309375,-0.0882240199196771,-1.29342834729592,-1.14052807578287
"689","female","white","yr2","Other","math04","Visual",1.54215099375782,0.556184436773382,-1.38415844928541,0.376254767220986,0.917064664804872,-0.116975068962986,0.0727741696738579,0.238090117200121,0.289379255871191,0.412509371600354,-0.112294291048051,0.993747502855608,0.289297864886767,0.0779216934716954,0.437494367065556
"690","male","white","yr2","STEM","math04","Visual",-0.132929046561235,-0.0783482675546411,-3.88416333695636,1.41946805438214,1.10656148297886,0.290008224634902,0.306628815783969,-0.136612554740559,0.847623166283179,1.25845030344289,0.581026256999934,-0.346338725843645,-0.0302127774116195,0.572888077798387,0.553948904189742
"691","male","other","yr2","Business","math03","Visual",1.20943611639894,0.790964517130933,-2.20189160267601,1.25955272882844,-1.42350124267959,-1.04154034429522,-0.484247696375509,-0.602716564474731,-1.26534436830404,-1.85979357596074,-0.327571244130174,-0.346338725843645,-0.352923347074065,-0.985195874603993,-1.04325691542662
"692","female","white","yr2","STEM","stats","Auditory",-0.305039312003009,-0.393856948823324,3.21334080993687,-0.26038116509647,1.406780464504,1.01014341181752,0.306628815783969,0.42510187829924,0.847623166283179,0.907023223587619,0.581026256999934,-0.346338725843645,-0.294912104566007,0.710865494618763,0.833129911149949
"693","male","Black","yr1","Other","math02","Auditory",-0.240748883620843,0.667942850938965,-1.94491569404552,0.283210532741099,-0.248483458527162,-0.493483891449971,-0.675350907392151,-0.918745758049629,-0.490505558359111,-0.754198712108632,-0.128807066289545,0.415351964303774,0.477783061379964,-0.544857297675843,-0.561084420221587
"694","female","white","yr2","STEM","math02","Visual",-0.830346460806661,-0.497556424846265,1.49072619695178,-0.571026659671547,0.178311487547842,0.529311653628434,0.306628815783969,0.750456421521147,-1.19472429437985,-0.302740964175853,-0.062415704006378,-0.346338725843645,0.237713605080598,0.162845155871209,-0.106113477733262
"695","female","white","yr1","Business","math02","Auditory",-2.22902684843296,-0.497556424846265,1.7169465618504,-1.10030577483577,0.931198187346884,0.586406600707224,0.306628815783969,0.42510187829924,0.847623166283179,0.486921958217911,0.581026256999934,-0.346338725843645,0.17970236257254,0.464721145086021,0.703346916873826
"696","male","white","yr1","STEM","math02","Kinesthetic",-0.658236195364887,-0.00821336115356494,1.7169465618504,0.631774592114571,0.658275229095874,0.158385285981063,0.366859226706531,0.42510187829924,0.669356886504622,0.545156093605105,-0.146604165627133,-0.0242965000426901,-0.294912104566007,0.27290371909108,0.566175270383115
