"","ID","sex","race","class","major","math.level","modality","MEA","MLA","SelfEfficacy","Technology","Cooperative","Deductive","Demonstrative","Inductive","Integrative","Lecturebased","Repetitive","TeacherCtrd","StudentCtrd","SocialEngg","BehaveEngg","Resource"
"1",1,"female","Asian","yr3","Health","stats","Visual",1.13453104852624,0.34015653575205,-0.614906842424405,-0.637759235808825,0.911814971481315,0.0560016301490685,0.240291614229008,0.44542354501553,0.940877852244022,0.243123301261025,0.641336440701639,0.218152556837295,0.472676775608894,-0.309145998180267,-0.0161769602403456,-0.358437539416235
"2",2,"female","white","yr2","Health","stats","Auditory",0.94674755180896,0.923123995918116,0.531541354059411,-0.52346246368797,1.22834917694834,1.06881451553093,0.98496828460634,1.04670696929318,1.44431016915442,0.822264232927172,1.17361677738031,0.94623946638334,1.04642472776045,0.799665015425489,0.439412382073456,0.171851225272812
"3",3,"female","white","yr2","STEM","other","Visual",-0.05438741547374,-0.395149786756664,1.37202568954065,0.372645175736505,0.364978244758932,0.89153613833696,0.534139825439236,0.970053111819988,0.864751878671127,0.867092996961191,0.997962990959085,0.765178754719605,0.702173901616106,-0.361740694716821,0.641874101642683,0.0645764886844181
"4",4,"female","other","yr1","Other","math02","Visual",-0.429954408908301,-0.504621503795907,0.531541354059411,-0.342644930690824,-1.1163972717174,-0.469380637706444,-0.919688449282027,-0.606562473531268,-1.09232026860227,-0.063565116894112,-1.03168684164012,-0.522602868382375,-0.796232873317831,0.498832176892588,-0.333067775859753,-0.19082945685267
"5",5,"female","other","yr1","STEM","math04","Kinesthetic",-0.611726844482043,-0.504621503795907,3.06194072714687,0.213149800614816,-0.87602189496994,0.4984562456349,1.10097189451854,1.25914244045875,1.38721401337945,1.17087867928392,1.3947885981991,0.912216536829642,0.942328749943758,1.359405048502,0.71122336498988,0.144386708274459
"6",6,"female","white","yr1","Other","math02","Auditory",0.212104643582779,-0.17457575460281,2.01748048433058,-0.522723111891984,-0.416435789647755,-0.444458546350357,-0.164183155786579,0.0811414274320902,-0.365867054384616,-0.146514196669027,0.042716665347872,-0.217220238329857,-0.115613160071503,0.498832176892588,0.255634022676079,-0.0232213742891059
"7",7,"female","white","yr1","Health","stats","Auditory",0.212104643582779,-0.10599014763356,-0.937634239819369,-0.530320114226128,-0.848376503091276,-0.846139243769802,-0.898459772565904,-1.23205651275302,-0.120803279685242,-1.25658070193087,-1.82826755192171,-1.04350303201252,-0.866056316337195,-0.298637189447108,0.324983286023276,0.366923824834731
"8",8,"male","white","yr3","Business","math03","Visual",0.965091801560686,0.852907790873498,-0.835646286151844,-0.257530035903545,-1.01733047145181,-0.0774469058159844,0.0531734392923068,-0.0318049542476314,-0.196316072658043,-0.242900451644256,-0.495662801471558,-0.132424939146981,-0.126296056892404,-0.414335391253375,0.179266318409172,-0.358437539416235
"9",9,"female","white","yr2","Other","other","Visual",-1.95427297461584,-0.33307159078756,1.25327419948074,-0.629239722025429,-0.714265845262028,0.105270146496298,0.631257768618068,0.104774058049159,0.47868402775418,0.605941803007091,0.106971763328733,0.367988960007687,0.238134295416717,-0.361740694716821,-0.52851105450927,-0.358437539416235
"10",10,"male","Asian","yr5+","STEM","other","Kinesthetic",-1.66943666580759,-0.504621503795907,1.5760015968757,1.54440808382336,-0.378427072283174,1.00801961916395,0.517494097748784,-0.564108082799444,0.179750079238128,0.404532395541499,-0.73707659559186,0.474722099103299,-0.0621883599648986,-0.921320483979226,-0.53552949542898,0.0730501919224211
"11",11,"male","Black","yr3","STEM","math01","Visual",0.193760393831053,-0.288695653561911,-1.88010652896813,1.54440808382336,-1.4375141590719,-0.516330927225256,-1.18990072764823,-0.556103235017812,-0.441309118052319,-0.3635827855763,-0.266294091174467,-0.597249582507613,-0.806383719571018,0.404151592552639,-0.604878758776177,-0.298104193441065
"12",12,"male","white","yr5+","STEM","math03","Visual",1.28214765351652,-0.0439119516644561,-1.5830890346093,1.54440808382336,-0.409689212650798,0.196875686148723,0.730158344471738,-0.372942649798315,-1.02920469602012,0.1048482100062,0.323537922918182,0.315802603575438,-0.0919254287386466,-0.414335391253375,0.0531723031068516,-0.103031593879146
"13",13,"female","white","yr2","Health","stats","Auditory",-0.995158070168927,0.62043803666025,1.25327419948074,0.279489450200557,-0.212414389006894,0.528292508388445,0.487025516633723,-0.742586363370037,0.230575462078645,-0.787113080834224,0.157979207164161,0.104516444068233,-0.116345951561685,0.208347903278743,0.71122336498988,-0.358437539416235
"14",14,"female","white","yr5+","STEM","other","Kinesthetic",0.613880119021389,-0.285678069717421,1.25327419948074,-0.89705267340754,-0.758438147429206,-0.447887181262276,-0.337781231151368,0.235483654302368,-0.506830066186697,0.763269112324013,-0.833061811407873,-0.125165495466867,-0.167277225670373,-0.599630271794112,0.572524838295486,-0.237770847465895
"15",15,"male","white","yr1","STEM","math04","Visual",-0.995158070168927,-0.0616142104079102,1.15128624581321,-0.12589635207155,0.333005062661306,0.536066160869205,0.323385717658514,0.610949481514949,0.120587408913094,0.804861657378738,0.151185361528983,0.483185700012851,0.389439023825973,1.359405048502,0.641874101642683,0.0371119716860642
"16",16,"female","white","yr1","Other","math02","Kinesthetic",1.45158690048207,0.50166995578129,-1.88010652896813,0.708700937144469,-1.0829712362403,-0.594921832610404,-0.297990918845366,0.516496898206532,-0.338158457447674,-0.275208533374851,0.32223086174094,-0.300954592098972,-0.0564313263159728,-1.22231356632623,0.0601907440265608,-0.358437539416235
"17",17,"female","white","yr1","Other","math01","Auditory",-0.490318721495814,-0.504621503795907,1.0325347557533,-0.257530035903545,1.81748683292897,1.44947764110473,1.10097189451854,1.25914244045875,0.0612734917223705,1.38490116667583,1.3947885981991,1.27095790126331,1.03267721780258,1.359405048502,0.71122336498988,-0.177437501490725
"18",18,"female","Black","yr2","Health","stats","Kinesthetic",-0.64394638762963,0.0606436976267056,1.91549253066305,0.335596141147041,0.92886572092222,0.442335516197089,0.167597564397509,0.280589043264751,0.614457282961815,0.076996140750835,0.457144505075924,0.257152733609178,0.34226257180827,0.0021956490857923,0.515780086340362,0.80688525941139
"19",19,"male","Asian","yr1","Other","math02","Kinesthetic",1.13453104852624,-0.0357739425889414,-0.113913440730517,-1.33585097719697,-0.543694054814944,-0.52776445544485,0.150594136323835,-0.310932689930213,-0.336123674279587,-1.33259021613286,-0.934837056998787,-0.588396987880388,-0.172763666297694,-0.67308234198288,-0.0682752338630375,-0.358437539416235
"20",20,"female","white","yr3","Business","math03","Visual",1.3668672769993,-0.0993609304802899,-1.48110108094177,-0.621196597928268,-1.26016021330257,-0.513833027959873,-0.530716510660404,-0.478457745877064,-0.414155861730181,-0.719011347088962,0.105837180462318,-0.477069230916886,-0.54145296962395,0.446237480356034,-0.092544664507252,0.608937815009874
"21",21,"male","white","yr2","Business","math03","Auditory",-0.728666011112408,-0.504621503795907,-0.113913440730517,0.731683795599492,-0.49745032874863,0.271761713237643,-0.0291698378286091,0.179443911506725,-0.205855837944414,0.246169402776391,-0.880579245726016,0.0414803020503482,-0.0202507779684689,-0.102833500173213,-0.604878758776177,-0.298104193441065
"22",22,"male","other","yr2","Health","stats","Auditory",0.212104643582779,-0.109479974789216,-2.42357337009054,0.52303656348176,0.0700538959036171,-0.415343229396895,-0.725992222374714,-0.512715639374424,-0.893621685601295,-0.596619792210131,-0.238525528440075,-0.503797555740676,-0.548686803924227,0.446237480356034,-0.604878758776177,-0.237770847465895
"23",23,"male","white","yr5+","STEM","other","Visual",-0.8842299646821,-0.395149786756664,1.15128624581321,0.428386722996055,-1.44423716135219,0.332556609604614,-0.84890453839276,-0.372614688054865,-0.189943765632718,-0.673671249726026,-1.37100033893977,-0.449401721257082,-0.591422287996423,0.551426873429142,0.129540007373758,-0.1304961108775
"24",24,"female","white","yr3","STEM","stats","Kinesthetic",-0.0727316652254659,-0.0902689241235173,1.69475308693561,0.699838925002666,-0.516955443292827,-0.241755780223428,-0.391913645392989,-0.255791146767852,0.13995059115504,-0.469018613906966,0.0044829533233203,-0.300760979900414,-0.258073932513297,0.197999338359688,-0.0612567929433283,-0.298104193441065
"25",25,"female","white","yr1","Health","stats","Kinesthetic",-1.82500061937729,-0.281029887797563,1.47401364320818,0.139586916766794,0.92886572092222,0.585243292903436,0.307567761288964,0.424239192448152,0.758801080836409,0.483897247543727,0.589024560668896,0.461077010933214,0.462688279598402,-0.102993743987316,0.0531723031068516,0.356406714312383
"26",26,"male","white","yr2","Other","math02","Kinesthetic",1.13453104852624,0.408391705563257,-2.42357337009054,-1.0357688934213,0.794755063092972,0.585243292903436,0.307567761288964,0.424239192448152,0.371650267601316,0.483897247543727,0.589024560668896,0.461077010933214,0.395005918557017,1.359405048502,0.71122336498988,0.982967045212958
"27",27,"female","white","yr2","STEM","other","Visual",0.244324186730367,-0.103323000947113,1.47401364320818,-1.11236427442519,-1.13293752646067,-0.51810235482337,-0.3014154424149,-0.455481038746895,-0.183106373071812,-0.203012247905911,-0.715972664550897,-0.378931570169594,-0.413246433892979,-0.351231885983662,-0.409435480126659,-0.358437539416235
"28",28,"male","white","yr3","STEM","other","Visual",0.278480017313831,-0.0589470637214636,-0.835646286151844,-0.553596182777426,-0.922358092246598,-0.654454528922407,-0.789785928110412,-0.690362029134862,-0.120803279685242,-0.316454079014108,-0.382348801981166,-0.539192221889888,-0.631010228616082,-0.662573533249721,-0.478784743473856,-0.358437539416235
"29",29,"female","other","yr3","STEM","math01","Kinesthetic",1.53630652396485,1.08312862402511,-3.17101611854799,1.37913689810006,-1.4494717319277,-2.00745975170045,-1.16251763608984,-1.8539218647373,-1.51021541594379,-2.10891590709786,-1.36366540720092,-1.6512306119278,-1.44478014293584,-0.816291334720221,-0.0855262235875427,0.309465323699159
"30",30,"male","Asian","yr3","STEM","other","Visual",-1.58471704232482,-0.388520569603394,-1.48110108094177,0.48329984214728,-0.629597638500764,-0.288697306100856,-0.724412737567718,-0.164029117655509,-1.21489287803036,0.895725462674133,-0.753003159109809,-0.129950615343586,-0.530929218159451,0.446397724170137,0.231364592031864,-0.358437539416235
"31",31,"female","white","yr2","Business","math03","Visual",-0.24217091219102,-0.504621503795907,1.47401364320818,0.585042892817968,-0.81640332099365,-0.900592129019412,-0.127451647676492,-1.04587741159401,-0.507825523629947,-0.472347230509152,-0.505096139691368,-0.502178156866266,-0.595982148226065,-0.361740694716821,0.198889270720955,-0.358437539416235
"32",32,"male","other","yr2","STEM","stats","Kinesthetic",-1.18294156688621,-0.504621503795907,-2.86505225754541,0.610065378807886,0.376083381894326,1.30246345943783,0.961001697627084,0.303538491553848,0.915174094358733,0.834123637593966,1.26290854260613,1.02784874192023,0.593213718666049,-0.309145998180267,0.426807870681382,0.320468494076026
"33",33,"female","other","yr1","Business","math03","Visual",-0.05438741547374,-0.176206352678178,1.89872899427067,0.460415849752989,0.61921948644255,-0.535275814817031,0.237098975375283,0.0875810813655038,-0.152341706147053,-0.132263572217009,0.448502263930988,-0.0918940599018458,0.152286762359791,-0.620487645446326,0.572524838295486,-0.358437539416235
"34",34,"female","white","yr1","STEM","math03","Visual",-0.411610159156575,-0.0549849932546403,2.84120128341943,0.486465783377074,0.631035665307946,-0.209945229991584,-0.0625150456443047,0.30532259369597,-0.897717707513621,0.95616819305733,0.525904045554451,0.229934604074578,0.036008822824688,1.00597751343254,0.109917055061975,-0.19082945685267
"35",35,"female","white","yr3","Other","stats","Kinesthetic",-0.448298658660027,-0.279048852564151,-2.2028339263631,-0.278208302434766,0.112990821146239,1.44947764110473,1.10097189451854,1.25914244045875,1.51683693773255,0.9341795085906,1.3947885981991,1.15229380799691,1.06145783677348,0.446237480356034,-0.333067775859753,-0.298104193441065
"36",36,"female","white","yr5+","STEM","other","Visual",-0.593382594730317,-0.396658578678909,1.37202568954065,-0.48029552884869,0.993577471483621,0.730437345353598,0.223297092323236,0.955281154344951,0.852683665100282,1.0514612896299,0.735777578240397,0.65200478809817,0.658486226928114,1.05841196615499,0.109917055061975,-0.0835547202642761
"37",37,"female","white","yr1","STEM","math02","Kinesthetic",0.177948812999316,-0.177715144600423,-1.48110108094177,-0.374322298187424,1.00026489543861,0.422418121306417,1.00704916797092,0.473839281310381,-0.480178602191423,0.761749566253417,0.464629300969837,0.648151632165529,0.542558928864715,0.810173824158647,0.350440166414476,-0.1304961108775
"38",38,"female","Asian","yr1","STEM","stats","Auditory",1.10037521794278,0.0721889825280566,0.32756544672436,0.531605365527288,0.0304273564524868,-1.28571770326544,-0.640872811715522,-0.410664055562448,-0.742417817590493,-0.469018613906966,-0.379195970274093,-0.741364659285599,-0.465031596314648,0.446237480356034,0.370063118726259,0.375397528072734
"39",39,"female","white","yr1","Other","math02","Kinesthetic",-0.223826662439294,0.0829941382900179,-1.15837368354681,-0.257530035903545,-0.791864182906311,-0.278991055297858,0.198893916833472,-0.565864926100494,0.0612734917223705,-0.594738785387983,0.124422415948101,-0.179624744943032,-0.224712176212046,-0.609978836713167,0.503175574948288,-0.358437539416235
"40",40,"male","white","yr1","STEM","math03","Kinesthetic",-1.5341532494255,-0.504621503795907,2.62046183969199,0.643439023959908,-0.810367785726695,-0.28486888785653,0.395740207186876,-0.0701822834986648,-0.416125817598674,0.180183501511553,0.681045596404223,0.137838766091647,-0.0396503315155825,0.498832176892588,0.255634022676079,-0.1304961108775
"41",41,"male","white","yr1","STEM","math03","Kinesthetic",-1.55249749917723,-0.171085927447153,2.51847388602447,1.29496133215243,0.242173271097446,0.652424838811448,0.620732786530152,0.483305197620526,0.211554698087396,0.578993217278196,0.961555060288527,0.631372875648121,0.440170637056181,0.604181813779799,0.324983286023276,-0.298104193441065
"42",42,"male","white","yr1","STEM","math03","Visual",0.296824267065557,-0.396658578678909,0.32756544672436,1.08455394268366,0.0900339268201522,-0.201147501821978,-0.233781594971723,-0.251311562299817,-0.505123150904483,0.44391664618249,-1.35558711454426,-0.164666704945132,-0.233111430009497,-0.67308234198288,0.370063118726259,-0.358437539416235
"43",43,"female","white","yr1","STEM","math02","Visual",0.698599742504166,0.563748151750394,-2.42357337009054,-0.140164531811923,-1.44423716135219,-1.03229109892759,-0.0690930976149172,-0.223626310735661,-1.21234175217058,-0.321741638725249,-0.179860810399909,-0.451616610873513,-0.424597105504695,-0.910971919060171,0.198889270720955,-0.298104193441065
"44",44,"female","white","yr3","Other","other","Visual",-0.24217091219102,-0.504621503795907,1.0325347557533,-0.242003881353133,0.660644405263725,0.0047907774081441,-0.237192330593664,0.166128094430361,-0.249813023438245,0.076996140750835,0.0921494107160436,-0.0285916836230209,0.0195452511682643,0.498832176892588,-0.478784743473856,-0.358437539416235
"45",45,"female","white","yr1","STEM","math02","Visual",0.381543890548334,-0.0488280194125372,-1.37911312727425,-0.257530035903545,0.92886572092222,0.585243292903436,0.307567761288964,0.424239192448152,0.61098664725744,0.371470638551382,0.589024560668896,0.431477808463626,0.44207903017396,-0.361740694716821,-0.604878758776177,0.180324928510815
"46",46,"female","white","yr5+","STEM","other","Kinesthetic",-1.20128581663793,-0.504621503795907,0.930546802085773,0.978434739238783,0.679242739451374,1.44947764110473,1.10097189451854,1.25914244045875,0.284553872367376,1.38490116667583,-0.329392815819842,1.07079155941484,0.947503908702737,0.446237480356034,0.0531723031068516,-0.1304961108775
"47",47,"female","white","yr2","STEM","math04","Visual",-1.11656619315516,-0.504621503795907,0.930546802085773,1.07633604981963,-0.202726526925682,-0.410603204569216,0.519068141342867,0.443666701714479,-0.557083332842612,0.787754866157018,-1.15620134530424,0.0762862273140789,0.239468086978659,1.30681035196544,-0.130606056290526,-0.358437539416235
"48",48,"female","Asian","yr1","STEM","stats","Kinesthetic",-0.617737905625581,-0.0488280194125372,-1.48110108094177,1.24437127055858,-0.712812991882549,-1.14322540349915,-0.952894940660222,-1.11542794520967,0.0958421587955199,-0.478983559793452,-0.801281084206883,-0.828036642709776,-0.794948734404008,-0.102993743987316,0.377081559645968,-0.19082945685267
"49",49,"female","white","yr2","Business","math03","Auditory",0.74916353540348,-0.0357739425889414,2.23821992805802,-0.132877830397823,-0.0507877296807554,0.383312047428232,0.138195821744128,-0.427724044246313,0.145394334529086,-0.536524061242401,0.921645431065044,0.123213877285901,-0.103999696876143,-0.868886031256775,-0.53552949542898,0.161334114750465
"50",50,"female","Black","yr5+","STEM","other","Kinesthetic",-1.68778091555932,-0.504621503795907,1.69475308693561,0.643439023959908,0.0700538959036171,0.438229111236531,0.386839863091075,0.55228549334636,0.603014455598922,0.191957517929629,0.589024560668896,0.357885492187645,0.427900159318201,-0.113502552720474,0.109917055061975,-0.19082945685267
"51",51,"male","white","yr1","STEM","math03","Kinesthetic",1.04981142504346,0.268431538785187,-0.512918888756879,0.432869788682147,-1.09954706930887,-1.58936822924348,-0.41439777577262,-1.76329344839348,-1.097773065783,-1.14551631446985,-1.2220817511182,-1.05555074399008,-1.07474855593951,-0.414335391253375,0.243969103423938,-0.358437539416235
"52",52,"male","Black","yr2","Health","stats","Kinesthetic",-2.02064834834689,-0.395149786756664,1.47401364320818,1.54440808382336,-1.73699761509802,-1.27017777008529,-1.15316921953815,-0.142844765088131,-0.337342826450918,-0.951183075914653,-1.2867769646999,-1.10066173232604,-0.652346191614894,-0.763536394369564,0.572524838295486,-0.358437539416235
"53",53,"female","white","yr2","Other","math01","Kinesthetic",0.193760393831053,-0.056966028488052,-0.0119254870629913,0.282222209900766,-0.105646649453875,-1.04619092679987,-1.22586326936965,-0.383509485922611,-0.517715834377493,-1.20791198796575,-0.0201135983207953,-0.968701032989145,-0.626489358020569,-0.102993743987316,-0.991118837742781,-0.298104193441065
"54",54,"female","white","yr2","STEM","stats","Auditory",-0.850074134098637,-0.282538679719808,1.37202568954065,-0.658920859422848,1.6684893207683,1.39278914969832,1.10097189451854,1.25914244045875,0.447726771283651,1.38490116667583,1.09562330028734,1.21820161002217,1.07133464721451,0.498832176892588,0.198889270720955,0.88669547900143
"55",55,"female","white","yr1","STEM","math02","Kinesthetic",-0.223826662439294,0.255645347789814,-1.15837368354681,0.303983964893616,-1.41246452628693,-2.00745975170045,0.504317023434997,-0.291800955436422,-1.02461500899141,-0.214255590028577,-1.26792065715154,-0.712036978446192,-0.235748911598422,-1.22231356632623,0.572524838295486,-0.182355753614667
"56",56,"male","white","yr1","STEM","other","Visual",-1.25378589697312,-0.390501604836806,2.51847388602447,0.590001496669228,-0.0573101849286735,-0.0085223132565876,-0.483198954839836,0.455217423069125,-0.56323366369715,-0.0218871835906695,0.657834710513261,-0.0565401047957873,-0.0664056574446458,0.145404641823134,-0.112167616819035,-0.251162802827841
"57",57,"female","other","yr3","Other","math01","Visual",0.912591721225496,0.972148115063624,-2.52556132375806,-0.348624340097137,0.040244608915472,-0.278991055297858,-0.485836371940611,-0.410664055562448,0.0612734917223705,-0.417106671588377,-0.216739476861307,-0.348803879396887,-0.301808322254205,-0.361740694716821,-0.604878758776177,0.180324928510815
"58",58,"female","white","yr3","STEM","math04","Kinesthetic",1.01565559446,-0.281029887797563,-0.334652884457956,1.08083449372537,-0.525296267659662,0.422689178056379,0.594425767345623,0.208913265213004,-0.188037551755019,0.0751870702192457,-0.589732706237542,0.238814965833075,0.192447023351498,0.145244398009031,0.641874101642683,-0.1304961108775
"59",59,"female","white","yr2","STEM","other","Kinesthetic",-1.7725005390421,-0.504621503795907,-0.113913440730517,1.54440808382336,-0.224194989546993,-0.573019418631669,-1.05658747085468,-0.132722925291085,-0.491784882027863,0.834195573884525,-0.158687352732807,-0.253104060921049,-0.484176427544508,-0.662573533249721,0.129540007373758,-0.19082945685267
"60",60,"male","other","yr2","STEM","math02","Auditory",1.09436415679924,0.283884876467006,0.650292844119324,-0.679292776626448,0.751676743859952,0.178422376763129,0.198893916833472,0.0430920599245068,-0.727235010334591,0.371470638551382,0.203547850927564,0.229383603167274,0.0562668182572481,-0.557384140176613,-0.218638679809573,0.375397528072734
"61",61,"female","white","yr1","Other","math01","Visual",-0.429954408908301,-0.388520569603394,1.47401364320818,0.590001496669228,0.202711700353385,0.275259519449414,-0.0415770585762178,-0.153739562955876,-0.922311710765506,1.16388789862224,-0.710905345480488,0.300708352238624,-0.180209420386294,0.561935682162301,0.565506397375776,-0.237770847465895
"62",62,"female","white","yr2","Business","math02","Kinesthetic",-1.06153344389998,-0.504621503795907,-1.48110108094177,1.54440808382336,1.05774180817596,0.852529435664416,0.635483904438022,0.998863723731998,1.06775940594854,1.38490116667583,0.764134387777679,0.888055375433235,0.845088739283888,0.862928764509304,0.572524838295486,0.407780297195031
"63",63,"female","white","yr2","Health","stats","Visual",1.04981142504346,0.0536640433153926,2.34020788172554,-1.79701041510918,1.25883392734119,1.39278914969832,0.992298050063047,1.25914244045875,0.877300345927469,1.33298922435724,0.101652537684894,1.06115407058208,1.05420745745015,0.446237480356034,0.503175574948288,0.0455856749240672
"64",64,"female","white","yr2","Health","stats","Visual",-0.448298658660027,0.5178634226025,0.208813956664447,0.164232704819359,0.040244608915472,-0.278991055297858,-0.485836371940611,-0.410664055562448,0.0612734917223705,-0.417106671588377,-0.216739476861307,-0.348803879396887,-0.301808322254205,-0.361740694716821,-0.604878758776177,0.180324928510815
"65",65,"female","white","yr5+","STEM","stats","Kinesthetic",1.43324265073035,-0.142310627113515,-1.26036163721433,-0.257530035903545,1.39585029192939,-0.121746112237933,0.426309281464295,0.420490092710811,-0.170068018699934,0.9286228857508,-0.920728268800596,0.208669398981593,0.417880093347925,0.995468704699384,-0.263718512512555,0.0455856749240672
"66",66,"male","white","yr4","Other","math01","Kinesthetic",0.0303322080090373,-0.0682434275611801,-1.26036163721433,-0.257530035903545,-0.0922126485019296,0.148307152863278,-0.485836371940611,0.424239192448152,0.0612734917223705,0.26288397949014,-0.216739476861307,-0.0339116321682143,0.00438437695962157,0.862928764509304,-0.137624497210235,-0.298104193441065
"67",67,"male","white","yr5+","STEM","other","Kinesthetic",-0.326890535673798,-0.504621503795907,1.25327419948074,1.25466544579822,-0.0653090682727429,0.0147054330667446,0.883624205607555,0.608055701154548,0.367142024729398,1.22916533972006,0.341441847658795,0.595484355121294,0.563281095576025,0.39364278381948,-0.845401870128677,-0.251162802827841
"68",68,"female","white","yr1","Other","math02","Auditory",-1.61887287290828,-0.504621503795907,2.62046183969199,0.708407727048194,-0.97786890070775,-1.31457072711032,-0.190947481339184,-0.211544401473237,-0.616594424624168,0.692435048386393,-0.936654832318545,-0.393604443317406,-0.328682126103279,-0.309145998180267,-0.130606056290526,-0.358437539416235
"69",69,"male","white","yr3","STEM","math03","Auditory",-0.625602137877905,-0.388520569603394,1.15128624581321,0.429045076779264,-0.202726526925682,0.179609374354914,0.344714887536996,0.00528496856330551,-0.72601585816326,0.597411014942483,-0.289615025518034,0.269545920279055,-0.00837883305190083,-0.361740694716821,-0.161893927854449,-0.298104193441065
"70",70,"male","white","yr1","STEM","math03","Kinesthetic",-1.49999741884204,-0.390501604836806,2.29773444229703,0.605189084516961,0.667426560585978,0.273625992635905,0.410806450070332,0.487382259101317,0.183846101150454,0.942782232945767,0.955695572227709,0.551961173112062,0.413395832862566,0.250594034896242,0.135373935453175,-0.177437501490725
"71",71,"female","Asian","yr1","STEM","stats","Kinesthetic",-1.28600544012071,-0.504621503795907,3.06194072714687,1.35437826884943,1.68337617509972,1.30246345943783,0.665952485553083,0.805386324971796,0.952697054444569,0.584045516163253,0.921645431065044,0.846406726722416,0.828738807922728,0.250594034896242,-0.0161769602403456,-0.298104193441065
"72",72,"male","white","yr1","Business","math02","Kinesthetic",-1.37858929585581,-0.279048852564151,-2.64431281381798,0.0512789905622192,0.040244608915472,-0.58939030569194,-0.448689245692579,-0.278236665990244,-0.0835549174619295,-0.469018613906966,-0.0997323832468626,-0.438017811079502,-0.259268547610368,-0.102993743987316,-0.28798794315677,-0.298104193441065
"73",73,"female","white","yr2","Other","math01","Visual",-0.490318721495814,-0.504621503795907,1.79674104060314,0.450277265276483,0.601025831287434,0.358565428543907,-0.32811993965729,0.0808669643147956,-0.318728381413757,0.00768162288381128,0.961555060288527,0.143164313471038,-0.0582269181438596,0.260942599815297,0.572524838295486,-0.298104193441065
"74",74,"male","other","yr2","Other","math02","Visual",-1.09822194340343,-0.504621503795907,2.95995277347934,0.889369263639294,-0.0388065821082896,0.641391504485038,-0.471203000097681,-0.014545063690267,-0.185978657767746,0.291836723420494,-1.29663214505832,0.00889595884941344,-0.187930183059413,1.00581726961844,0.255634022676079,0.369798669674329
"75",75,"male","white","yr2","Business","math03","Kinesthetic",1.53630652396485,0.128878867437912,-2.52556132375806,0.256367379605,-1.46732344606005,-1.76970440283299,0.340792392747242,-0.728169120496063,-0.0837678398260361,-1.53356723593427,-0.420652302754758,-0.927531291547436,-0.330193697928545,-0.309145998180267,0.515780086340362,0.012716845947251
"76",76,"female","white","yr2","Other","math01","Kinesthetic",-0.593382594730317,-0.0564937851768851,-0.614906842424405,0.276606847465067,1.27523278809406,0.570845308330613,-0.444866356887681,-0.0436968178962356,0.637741990100557,0.424790017493795,0.108326808891887,0.191357054960734,0.0585432920262723,0.260942599815297,-0.466180232081782,0.161334114750465
"77",77,"male","white","yr3","STEM","other","Visual",-0.762821841695871,-0.176206352678178,1.25327419948074,1.51768932017802,-0.0492757232593075,-0.0647466261043108,-0.37950642464538,-0.456614145531958,0.330706141701665,0.47911401178733,0.074056453261328,0.0164148957504348,-0.256581393269111,-0.319494563099322,-0.580609328131962,0.455207747662774
"78",78,"female","white","yr3","STEM","other","Auditory",-0.326890535673798,-0.441034515904558,2.84120128341943,1.28114071615937,-0.350070638674508,0.0727057249496938,0.337394028248191,0.234585454669086,-0.325255087105948,0.442469036402452,-1.04967858036316,0.10463768660818,0.117884462716803,-0.0607476123698173,-0.409435480126659,-0.237770847465895
"79",79,"male","white","yr1","Business","math02","Kinesthetic",0.15960456324759,0.0066209594032965,1.47401364320818,-0.169452767364186,0.21759855468481,-0.331157664803653,-0.188149742765835,-0.173495033965654,-0.205855837944414,-0.026827743886343,0.303597641869245,-0.125569152481991,-0.13378645861897,-0.361740694716821,-0.263718512512555,0.180324928510815
"80",80,"female","white","yr4","Other","other","Kinesthetic",0.0565406900130865,0.403743523643398,1.69475308693561,-0.467864509980721,0.766599176516673,0.438229111236531,-0.173398624857966,-0.444788961060018,0.80290951319593,0.373698644788997,0.202243414730248,0.216552448275446,-0.0361609057828996,-0.361740694716821,-0.459161791162073,0.180324928510815
"81",81,"female","white","yr5+","STEM","math02","Auditory",-0.157451288708243,-0.395149786756664,1.25327419948074,-0.11101101001607,0.34772694828566,-0.151014613022876,0.198893916833472,0.337791456921368,0.208509907111234,0.580802287809785,-0.5309667694657,0.0944727043543122,0.258314748338875,0.694475622352381,0.71122336498988,-0.0232213742891059
"82",82,"female","white","yr1","STEM","stats","Visual",1.53630652396485,-0.282538679719808,-2.2028339263631,-2.00603062833977,0.0222515007927228,0.367356637308021,0.307567761288964,0.0681535720991761,0.164059983097219,0.232449388309365,0.612756543487693,0.328351014128684,0.150765434696631,-1.22231356632623,0.142144518765832,-0.298104193441065
"83",83,"female","white","yr1","Business","stats","Kinesthetic",0.664443911920703,0.335508353832192,2.01748048433058,-1.34497337444882,-0.995756193165398,-0.558859604852029,-0.644380575544834,-0.759678539024814,-0.618307241911885,-1.02696470952212,-0.216739476861307,-0.63918389332732,-0.68737201654582,-0.102993743987316,0.0531723031068516,-0.19082945685267
"84",84,"male","white","yr2","Business","math02","Visual",-0.345234785425524,0.0127779332453996,-0.614906842424405,-0.257530035903545,0.515428610299083,-0.278991055297858,-0.485836371940611,-0.410664055562448,0.0612734917223705,-0.417106671588377,-0.216739476861307,-0.348803879396887,-0.253254551149784,-0.361740694716821,-0.604878758776177,0.180324928510815
"85",85,"female","white","yr2","Business","math02","Auditory",0.25218841898269,-0.151874876781454,-3.08579170127285,-0.047255024156403,0.487072176690417,-0.278991055297858,-0.49168714575268,-0.316817221405604,-0.205855837944414,-0.233753601035521,-0.647784830366043,-0.352079793807941,-0.25935125168965,0.446237480356034,-0.28798794315677,0.551479313874301
"86",86,"female","white","yr5+","Business","math02","Visual",1.03933140754406,-0.37744752801321,-2.2028339263631,-0.257530035903545,0.251825554853361,1.44947764110473,1.10097189451854,1.25914244045875,1.63276239938853,1.38490116667583,1.3947885981991,1.27095790126331,1.09180689658314,0.498832176892588,0.0531723031068516,0.719087396437866
"87",87,"female","white","yr2","Business","math02","Auditory",1.3668672769993,0.627335139641742,-1.26036163721433,-1.23336030025735,0.040244608915472,0.585243292903436,0.307567761288964,0.424239192448152,-0.31067183668152,0.483897247543727,0.589024560668896,0.461077010933214,0.222777097884779,-0.0503990474507617,0.515780086340362,0.905686292761781
"88",88,"female","white","yr2","Health","stats","Kinesthetic",0.296824267065557,0.0211838281491372,-1.48110108094177,-1.06541530382171,-0.952477326900011,0.0892386351099648,-0.93784683785685,-0.552932625590971,-0.187908982464631,-1.26252953927864,-0.487324863665065,-0.602117484917224,-0.638722620457324,-0.403826582520216,0.71122336498988,-0.358437539416235
"89",89,"male","white","yr1","Business","math01","Kinesthetic",-0.64394638762963,0.455785226633396,0.429553400391885,0.0676518254776465,-0.227776159710656,-0.278991055297858,-0.485836371940611,-0.636610317548047,0.0612734917223705,-0.0873424105600986,-0.216739476861307,-0.261984938428251,-0.415720732410817,-0.361740694716821,-0.604878758776177,-0.298104193441065
"90",90,"female","Black","yr3","Business","stats","Auditory",0.965091801560686,-0.388520569603394,1.69475308693561,1.16083009130023,1.81748683292897,1.44947764110473,1.10097189451854,1.25914244045875,1.63276239938853,0.616745812401817,1.3947885981991,1.06872120602684,1.25178441918784,0.498992420706691,0.585129349687559,-0.0232213742891059
"91",91,"female","white","yr3","Other","other","Kinesthetic",0.613880119021389,-0.147226694861596,-1.5830890346093,-0.242003881353133,0.455299541625158,-0.335332388688186,-0.458046896156456,-0.245493339647552,0.11663450665598,0.441269768549268,-0.171661309835739,-0.128338991069512,-0.179435700549696,0.498832176892588,0.324983286023276,-0.19082945685267
"92",92,"female","white","yr1","Business","math03","Kinesthetic",-0.429954408908301,-0.504621503795907,1.25327419948074,0.166296644716157,-0.493833580259671,-0.0902197166559047,-0.376435249326575,-0.590028238641881,-0.13706904925929,0.694663054624008,0.209951298300825,0.081631542762076,-0.417323414790718,0.250594034896242,0.515780086340362,0.584348142851118
"93",93,"female","white","yr3","Other","math02","Kinesthetic",1.13453104852624,0.118073711675951,-1.26036163721433,-1.10209919472424,0.949022724154449,0.585658769843496,0.511331663916117,0.654337077158336,0.72423241376326,0.587793068471464,0.720904616261869,0.556348137497808,0.61397509447582,-0.361740694716821,-0.263718512512555,-0.298104193441065
"94",94,"female","white","yr1","Health","stats","Visual",0.965091801560686,-0.155364703937111,-2.84828872115303,-0.292833504575455,0.330876745877122,0.100216748412253,0.293232261519039,0.370753691557963,0.49711549454367,0.0856842533547196,0.744938291333241,0.216422982824844,0.339979742292354,-0.662733777063824,0.198889270720955,-0.358437539416235
"95",95,"male","white","yr2","Business","math03","Auditory",0.212104643582779,0.28423531362505,1.25327419948074,1.20488783351389,1.81748683292897,1.44947764110473,0.853898431810686,1.25914244045875,0.788154917557148,1.38490116667583,1.3947885981991,1.20732904354736,1.05407954768773,1.359405048502,0.71122336498988,1.25784986436492
"96",96,"female","white","yr1","Health","stats","Visual",0.0303322080090373,0.180151907645055,0.75228079778685,0.0786665842288135,-0.838523672302994,0.371338239383827,0.52681005998253,0.418596937119142,-0.684458551663515,0.598204863358219,-1.13897034558898,0.279008893056147,0.149648081515937,-0.868725787442672,0.572524838295486,-0.298104193441065
"97",97,"female","white","yr1","Other","stats","Kinesthetic",-1.20128581663793,-0.281029887797563,-0.113913440730517,0.297346201704095,-0.528913016148621,-0.0085223132565876,-0.0121997512503876,-0.767077637654874,-0.650102806954472,0.0228561921946313,0.2404771267548,0.028083698333296,-0.442385857464859,-0.0503990474507617,0.129540007373758,-0.298104193441065
"98",98,"female","Black","yr1","Health","stats","Kinesthetic",-0.05438741547374,0.455785226633396,2.56094732545298,-0.143610177993508,-0.656100124665217,-0.507024870315442,0.782371713603226,0.22336269505789,0.119042512860543,0.778536079257724,-0.628356816524011,0.172288079145684,0.288242792677181,0.197999338359688,-0.333067775859753,-0.237770847465895
"99",99,"female","white","yr1","Health","math02","Visual",-0.24217091219102,-0.0549849932546403,1.25327419948074,-0.629239722025429,-0.828219499859046,-0.437082721472692,-0.173083499882379,-0.262862283654462,-0.287212632527247,0.157448151159475,0.15716524770468,-0.123854403685901,-0.281338650029554,-0.620487645446326,-0.333067775859753,-0.358437539416235
"100",100,"male","white","yr5+","STEM","other","Visual",-0.24217091219102,-0.504621503795907,1.15128624581321,1.35124632513994,0.92886572092222,0.896729270880724,1.10097189451854,1.14231889917174,1.14065796431926,1.38490116667583,1.3947885981991,1.09520157412016,1.04763601337148,1.359405048502,0.641874101642683,0.0371119716860642
"101",101,"female","white","yr4","Other","other","Auditory",-1.18294156688621,-0.390501604836806,3.06194072714687,0.803068043771946,1.81748683292897,0.810101028046222,0.98496828460634,0.668807312675006,-1.00375285842206,0.609270419609277,0.0623346039309207,0.678888036594122,0.620580239932321,1.359405048502,0.71122336498988,-0.0701627649023302
"102",102,"female","Black","yr2","STEM","math03","Visual",0.381543890548334,-0.279048852564151,1.37202568954065,0.386758775334535,0.247953914695886,1.31312546700569,1.10097189451854,1.25914244045875,0.699938052838107,0.342248831492369,0.171717586276273,0.811106508531962,0.961350861057255,0.45658604527509,-0.0161769602403456,0.279125961861207
"103",103,"female","white","yr3","Other","math01","Kinesthetic",-0.223826662439294,0.186308881487158,0.106826002996921,-0.342644930690824,0.60267923169928,0.285921527017283,-0.108877640963724,-0.198228584396873,0.202499544110731,-0.544707849891542,0.520214410824532,-0.0201402009618537,-0.0213258810035813,0.509340985625747,0.572524838295486,-0.19082945685267
"104",104,"male","Asian","yr3","STEM","stats","Auditory",-1.36471400245995,-0.151874876781454,1.47401364320818,0.565524523264447,0.796918958202453,-0.201098800203348,0.570119620063229,0.177276292797762,0.720643680735941,1.21579984094083,0.0614031195653309,0.410099126891673,0.434263728713827,0.498992420706691,0.324983286023276,-0.0701627649023302
"105",105,"female","white","yr2","STEM","math03","Kinesthetic",0.698599742504166,0.289623624684297,-0.835646286151844,-0.950581997651789,-0.982487160920523,-1.30131706967399,-0.608845716166027,-1.40451727384844,-0.911378296292273,-1.5702191563829,-1.67179094468463,-1.17805818253157,-0.962321892660498,-0.662573533249721,-0.459161791162073,-0.251162802827841
"106",106,"male","white","yr3","Business","math03","Kinesthetic",1.53630652396485,0.857555972793356,-1.88010652896813,-0.383184310329227,-1.1163972717174,-1.68685812086007,-0.36020167481908,-1.38214631586984,-0.627198943415003,-1.5509698114827,-0.887592496036453,-1.1405063254707,-0.84736317629376,-0.102993743987316,0.122521566454049,-0.1304961108775
"107",107,"female","Black","yr5+","Health","math02","Kinesthetic",0.613880119021389,0.346313509594153,-1.82059201472912,-0.380894870133771,-1.4538894451081,-0.394703015473127,-0.236125492131984,-0.127819407113439,-0.262823424428991,-0.366642339049826,-0.821813308954174,-0.378247648097053,-0.310551751893533,-0.61013908052727,0.572524838295486,0.138982396295996
"108",108,"female","other","yr1","STEM","stats","Visual",-2.12371222158139,-0.223599873748317,-3.51050705233534,0.263144632811453,-1.42931472869547,-0.282681983318356,0.0686762706862701,-0.301466773620068,-0.458264294089701,-0.299136891714392,-1.01513796246266,-0.268804100720025,-0.303165770262404,0.145404641823134,-0.0855262235875427,-0.00627396781309991
"109",109,"male","Asian","yr3","STEM","math03","Auditory",-0.157451288708243,-0.504621503795907,-0.334652884457956,1.54440808382336,-0.75678474701736,-0.155121017983433,0.271151378154464,-0.542184993080703,-0.74570136030724,1.00815207166648,-0.27530494011225,0.253967005650768,-0.301193275097412,-0.361740694716821,0.565506397375776,-0.298104193441065
"110",110,"male","white","yr2","Other","math02","Auditory",-1.37072506360349,-0.395149786756664,1.25327419948074,-0.134165201673318,1.6684893207683,1.23159098550932,0.992298050063047,1.25914244045875,0.511034933411571,0.975772053645324,1.3947885981991,1.06597633236231,1.04499848321894,0.250594034896242,0.0531723031068516,-0.298104193441065
"111",111,"female","white","yr2","STEM","math01","Kinesthetic",-1.58471704232482,-0.279048852564151,1.0325347557533,0.212231306916815,-0.414782389235909,0.294712735781397,0.0457431806732418,0.194141307737967,-0.341273051132731,-0.0810396287331053,0.830998620276073,0.180627292850134,-0.000817031529620635,-0.662573533249721,-0.0729217121954691,-0.298104193441065
"112",112,"female","Black","yr1","Other","math01","Auditory",1.53630652396485,1.13366153509286,0.208813956664447,1.437533029242,0.040244608915472,-0.278991055297858,-0.485836371940611,-0.410664055562448,0.0612734917223705,-0.417106671588377,-0.216739476861307,-0.348803879396887,-0.301808322254205,0.498832176892588,0.0531723031068516,0.719087396437866
"113",113,"female","Black","yr1","STEM","math02","Auditory",-0.326890535673798,-0.274400670644293,1.37202568954065,0.189020429608692,-1.41081112587508,-1.1407762058524,-1.32105035574868,-1.02755132812529,-1.05230785815508,-1.26205193652196,-1.09015108615939,-1.16176786002875,-1.11182153495475,-0.414335391253375,0.129540007373758,-0.103031593879146
"114",114,"male","white","yr1","STEM","math04","Kinesthetic",-0.326890535673798,-0.395149786756664,-0.113913440730517,0.833468838933842,-0.384297638843059,0.153091327872475,0.128094476784556,-0.0466090986935806,0.14947673267279,1.00815207166648,-1.44325357193699,0.179535923589443,0.00517174006217505,-0.67308234198288,0.129540007373758,-0.358437539416235
"115",115,"female","other","yr1","Other","math02","Auditory",0.296824267065557,0.610105124209455,-1.15837368354681,-1.10209919472424,-0.963783011067772,-0.659238703931603,-0.61847680337536,-0.424502808125922,-0.690115217401667,-0.907369533996487,0.284741334320887,-0.574725039102034,-0.55737954444637,0.197999338359688,0.0405677917147779,-0.251162802827841
"116",116,"male","white","yr2","STEM","other","Kinesthetic",-1.72193674614278,-0.504621503795907,0.930546802085773,0.643439023959908,-0.0470060124847256,0.234526438163213,-0.0976253807172645,-0.0442143192700454,0.155839985891435,0.431985305225138,0.501358103276173,0.221366148633068,-0.0315948243933745,1.359405048502,0.71122336498988,-0.1304961108775
"117",117,"female","white","yr1","Health","stats","Kinesthetic",-0.05438741547374,-0.176206352678178,1.25327419948074,0.395688549944403,-0.326332465278615,-0.878437160003555,-0.195886220192585,-0.667018310279188,-0.796913377615123,-0.541392685247515,-1.01301956680586,-0.589902177288196,-0.463272290539013,-0.0607476123698173,0.585129349687559,-0.358437539416235
"118",118,"female","Black","yr3","Business","math03","Kinesthetic",1.18509484142555,-0.272419635410881,-2.84828872115303,0.720719137966088,-0.488634588009458,-0.0314204219774401,-0.022284679872808,0.540835573020592,-0.431974147919576,0.0548103294460035,0.271002955208775,0.0301622602832292,0.0897462106453704,0.599634794198328,-0.244095560200772,1.04330039118813
"119",119,"female","white","yr1","Health","stats","Kinesthetic",1.45158690048207,0.953973613009003,-1.48110108094177,-1.26837261980491,0.764945776104827,0.00437530046808447,-0.196637933678679,-0.406512432837863,0.614457282961815,0.258028807443185,0.0440908902942282,0.023802417686611,-0.0554664645317863,0.0021956490857923,-0.244095560200772,0.28759966509921
"120",120,"female","white","yr3","Business","math03","Visual",1.13453104852624,0.95738088883484,-2.2028339263631,-1.18521785941234,-0.113822505113639,-0.547588998535374,-0.485836371940611,-0.297389712139277,0.13995059115504,0.0187814166052528,-0.216739476861307,-0.319450672746689,-0.263202532186169,-0.504789443640059,-0.161893927854449,-0.237770847465895
"121",121,"female","white","yr5+","STEM","math03","Kinesthetic",-0.326890535673798,-0.395149786756664,2.84120128341943,-0.257530035903545,-1.42408015811996,-1.43314736187241,-0.537649652093802,-1.76329344839348,-1.14631901170934,-1.7078781850936,-1.82826755192171,-1.25604908631853,-1.15455750968238,-0.609978836713167,0.0601907440265608,-0.358437539416235
"122",122,"female","white","yr1","STEM","stats","Visual",0.426096622304109,-0.0993609304802899,-1.70184052466921,-0.0495264713663243,0.0633664719486289,0.39438953193616,0.293668850029547,0.161477470768911,-0.567697933236652,0.646695791451731,-0.00470037392528846,0.370745499510798,0.0841813558578557,0.498832176892588,0.389686071038042,-0.298104193441065
"123",123,"female","white","yr5+","Health","stats","Visual",-0.781166091447597,-0.441034515904558,1.47401364320818,0.578470320871621,0.0648193253281081,-0.179265557524465,0.198893916833472,-0.181827337507277,-0.553965587356378,0.0424867739806807,0.174647330306682,0.0256816189562485,-0.075890265131988,1.0585722099691,0.109917055061975,-0.358437539416235
"124",124,"male","white","yr1","STEM","math03","Visual",-2.2267760948159,-0.504621503795907,2.51847388602447,1.54440808382336,-0.210725410269751,0.274556317721664,0.448705289804458,0.527524684074069,-0.604449478542401,0.830448021576313,0.317385558431658,0.458338527242337,0.241393250408775,1.359405048502,0.71122336498988,0.144386708274459
"125",125,"male","white","yr1","STEM","stats","Kinesthetic",0.296824267065557,0.225564393481782,-1.70184052466921,0.517650316615482,0.515428610299083,-0.202433870619403,-0.607590262502519,0.104774058049159,0.174647827518578,-0.301279509703288,-0.40277980799678,-0.346920030430576,-0.079454861222548,0.446237480356034,0.0531723031068516,0.28759966509921
"126",126,"male","Black","yr1","STEM","math03","Kinesthetic",-1.63721712266001,-0.504621503795907,2.29773444229703,1.45102433943431,-0.389732756450935,-0.262620168237587,-0.0292022921465574,-1.17089745011548,-0.552994240732313,0.253337969309679,0.264259718939434,0.00635130366497256,-0.574769686105406,0.446237480356034,0.186284759328881,-0.298104193441065
"127",127,"female","white","yr1","STEM","stats","Kinesthetic",0.579724288437925,0.579469375260436,-1.5830890346093,-0.141596804987632,0.779868208761548,-0.401837016923436,-0.184642866114027,-0.410664055562448,0.0833163691144799,-0.247139561147085,0.0891690573197962,-0.230036342461228,-0.125705516594552,1.359405048502,0.71122336498988,1.25784986436492
"128",128,"female","white","yr3","STEM","math04","Visual",-1.44943362594273,-0.0993609304802899,0.32756544672436,0.107381577973334,-0.0953189022932547,0.0977587871241162,0.162162408723385,0.238630329178964,-0.0699191302632323,-0.0234991272841572,-0.0586375617911253,0.0598516823363377,0.124365565274202,-0.609978836713167,0.255634022676079,-0.19082945685267
"129",129,"male","white","yr1","STEM","math04","Kinesthetic",-0.05438741547374,-0.331562798865315,1.79674104060314,0.196046280139587,-1.60288695726878,0.168631261052626,-1.47953921937566,-0.331842579380296,-0.994492909291764,-0.0654461237162599,-0.899215090577637,-0.449030004300809,-0.908245703786914,-0.102993743987316,0.129540007373758,-0.0835547202642761
"130",130,"female","white","yr2","Business","math03","Visual",0.783319365986944,1.06685260587408,-0.292179445029441,-0.516272416839686,-1.43900259077668,-1.91713406143995,-1.13001226379971,-0.693911226998703,-0.763135651096185,-2.21911450985259,-0.8325207253042,-1.58148896559025,-0.884802880349601,-0.557384140176613,-0.382794086895167,0.463195391046258
"131",131,"female","white","yr2","Business","math02","Kinesthetic",-1.29386967237303,-0.280557644486396,0.106826002996921,-0.928907031397601,0.17711957951328,0.519154993984123,0.649722376000576,0.243968557314768,0.202853241373083,0.841114418255645,0.789714766106234,0.64552362609514,0.350036106347408,0.0926497014724769,-0.0729217121954691,0.0455856749240672
"132",132,"female","white","yr1","Other","math02","Visual",0.432107683447647,0.559572213141702,-0.334652884457956,-0.715269280408709,0.061854465527181,0.142969600129417,0.642401516711771,0.328627262569589,-0.658296974783778,-0.431593242064512,-0.677399163630266,0.0186277854239502,0.248242648823604,0.187650773440632,0.255634022676079,-0.358437539416235
"133",133,"female","white","yr5+","STEM","other","Kinesthetic",0.595535869269663,0.0490158613955344,-1.48110108094177,-0.239089157555951,-0.692655988650319,-0.212224986329906,-0.188149742765835,0.211803721282576,-0.345753068445507,-0.127323011921335,-1.07883018387078,-0.274701283273546,-0.0987500900462814,-1.11712417325312,-0.0612567929433283,-0.1304961108775
"134",134,"female","other","yr1","STEM","stats","Auditory",0.529160495538612,0.0635787301413751,-1.15837368354681,-0.458117914183396,0.520663180874592,-0.59641008685794,-0.0361663382296444,0.186742209107907,-0.416706987589956,-0.0668802815381383,0.309577528044943,-0.180621283323346,0.0549117574224353,-0.00815291583326325,0.0727952554186345,0.551479313874301
"135",135,"female","white","yr1","Other","math01","Visual",-0.514674032391078,-0.056966028488052,3.92813496566424,-0.981696734246092,-0.686109958685729,-0.584868423791322,-0.915005007093998,-0.0911989211634558,-0.0933166589190876,-1.03470164917099,-0.216739476861307,-0.719184757282862,-0.414104633318663,-0.361740694716821,-0.604878758776177,0.180324928510815
"136",136,"female","white","yr3","Business","math02","Kinesthetic",0.698599742504166,-0.151874876781454,-0.937634239819369,-0.450409383431487,-0.676257127897447,-0.410242948653279,-0.00476949263132264,-0.406512432837863,-0.831566397761991,0.664228463443232,-0.0435249577326571,0.0381498531179496,-0.342259174247605,-0.910971919060171,0.459035334385239,0.565357329090767
"137",137,"female","Black","yr1","STEM","math03","Kinesthetic",-0.747010260864134,-0.171085927447153,1.91549253066305,0.643439023959908,-0.551798753824115,0.00666157621189843,0.417408937368495,0.450207156676771,-0.570093733833358,0.668245078880103,-1.02887634157477,0.166100373658346,0.171597644501827,0.145404641823134,0.255634022676079,-0.358437539416235
"138",138,"female","white","yr3","STEM","other","Auditory",-0.678102218213094,-0.279048852564151,3.06194072714687,0.641507985103901,-0.0953189022932547,0.758830742076903,0.76730547071977,1.17684632765655,0.489414991830751,1.28107728203865,0.0935542558523998,0.787025865053763,0.757445140861879,-0.910971919060171,0.255634022676079,-0.358437539416235
"139",139,"female","white","yr1","Business","math03","Kinesthetic",-1.30434968987244,-0.395149786756664,1.69475308693561,-0.738662020260079,0.794755063092972,0.660029049983778,0.386839863091075,0.288793792919883,1.25211561427033,0.614472591071699,0.67669101806162,0.549826281576557,0.491546809808645,-0.298637189447108,0.0727952554186345,-0.19082945685267
"140",140,"female","white","yr1","STEM","math03","Visual",-0.593382594730317,-0.285678069717421,1.25327419948074,-0.169131539741589,-1.30570879034254,-1.45320917695317,-1.57658757404182,-1.06718982403133,-1.02629752814103,-1.54397903082102,-0.937245704101362,-1.38339334073077,-1.1953181435703,0.498832176892588,-0.0161769602403456,-0.237770847465895
"141",141,"female","white","yr2","Other","other","Auditory",-2.02064834834689,-0.504621503795907,1.25327419948074,-0.257530035903545,1.54926551727047,0.919780563433057,1.10097189451854,0.424239192448152,0.676027959491413,1.05622406405396,1.3947885981991,1.01599843040362,0.771256694076449,0.498832176892588,0.0531723031068516,0.719087396437866
"142",142,"female","white","yr2","STEM","other","Kinesthetic",0.193760393831053,0.332018526676535,-1.48110108094177,0.643439023959908,-1.28197061694664,-1.71712231638713,-1.29430328309865,-1.42407284298471,-1.22329996822377,-1.78400681811653,-1.08264367610971,-1.47468585155673,-1.26569149450001,0.197999338359688,0.0727952554186345,-0.19082945685267
"143",143,"female","white","yr3","Health","stats","Kinesthetic",-0.429954408908301,-0.504621503795907,2.34020788172554,-0.257530035903545,0.92886572092222,0.585243292903436,0.307567761288964,0.424239192448152,0.84701794555545,0.483897247543727,0.589024560668896,0.461077010933214,0.474988048466817,-0.361740694716821,-0.604878758776177,0.180324928510815
"144",144,"female","white","yr1","Other","math02","Kinesthetic",1.04981142504346,0.180151907645055,-2.52556132375806,-0.524508207920042,-0.276289596551552,-0.104047655466336,-0.411957737582492,-0.374379783776583,-0.000781796116933464,0.147214142144328,-0.716594980210407,-0.183609493739441,-0.305003983385,0.446237480356034,-0.0161769602403456,-0.237770847465895
"145",145,"female","white","yr1","Other","math01","Visual",0.426096622304109,0.23684179255491,-1.27712517360672,-0.440491906129194,-0.848376503091276,0.0614792688145569,-0.207466556796795,0.198292930462553,0.648319362554472,-0.417106671588377,0.520214410824532,-0.0833009865302181,0.0125143969586039,0.250594034896242,-0.604878758776177,0.240658274485986
"146",146,"female","white","yr2","Health","stats","Kinesthetic",-0.995158070168927,-0.223599873748317,-1.48110108094177,-1.04667447303036,-0.821673469894456,-0.481016051376149,-0.117365831876568,-0.223626310735661,0.347056264349431,-0.159284094236463,-0.5890188935942,-0.293489914997956,-0.15918217513977,-0.662733777063824,0.00809247040386885,-0.358437539416235
"147",147,"male","white","yr3","STEM","stats","Kinesthetic",-2.2267760948159,-0.504621503795907,3.18069221720678,0.407812888282044,0.92886572092222,0.585243292903436,0.307567761288964,0.424239192448152,0.84701794555545,0.483897247543727,0.589024560668896,0.461077010933214,0.474988048466817,-0.361740694716821,0.0531723031068516,0.092041005682772
"148",148,"female","white","yr1","STEM","stats","Kinesthetic",-0.345234785425524,0.0525056885511909,-1.15837368354681,-0.661953798058123,-1.26704818428992,-0.78857109686464,-1.19996840336807,-0.97742005135528,-0.759039629183859,-1.20791198796575,-1.3448290888284,-1.03390837202288,-0.997866989074419,-0.414335391253375,-0.0161769602403456,0.152374351657942
"149",149,"female","white","yr1","STEM","stats","Kinesthetic",-0.05438741547374,-0.173066962680565,1.0325347557533,0.148546241213463,0.0885574987240011,0.484255595075075,0.0736748378498865,-0.377397793732647,0.494435799393507,0.0959182623698661,-0.402830417362618,0.151438243267514,-0.0427001391675857,0.498832176892588,-0.206973760557432,-0.19082945685267
"150",150,"male","white","yr2","STEM","math02","Visual",-1.18294156688621,-0.388520569603394,-1.48110108094177,0.893554605652089,0.777704313652067,0.354503173764867,-0.0401069730994821,-0.259715608777866,-1.27017244880717,0.0458084455191108,-0.211914410956707,0.0898502906759406,-0.210066287838306,-0.414335391253375,0.0856476244177607,-0.237770847465895
"151",151,"male","white","yr1","Health","stats","Auditory",-2.12371222158139,-0.504621503795907,1.37202568954065,0.643439023959908,-1.16783999003393,1.39278914969832,0.611517317458765,1.25914244045875,0.579888615888666,-2.167202567534,0.843925651014572,0.127748982913938,0.641578414373831,-0.06090785618392,0.0727952554186345,-0.358437539416235
"152",152,"female","white","yr1","STEM","stats","Visual",0.0565406900130865,0.400604133645785,1.25327419948074,0.139844989824401,0.36804892022496,0.750963338993057,-0.55971500629873,0.0493045531433485,0.10383702802934,0.631920381712637,0.0950983341296557,0.272048516004916,-0.110138224021267,-0.309145998180267,-0.0161769602403456,-0.251162802827841
"153",153,"female","white","yr1","STEM","stats","Kinesthetic",-1.01350231992065,-0.504621503795907,1.47401364320818,-0.104230094753661,-0.235300126682388,0.551065814224545,0.148254591296066,0.243741396600196,-0.235593942243612,0.349993287413569,0.230263060351377,0.332278160031052,0.0844201926359554,-0.816291334720221,0.268238534068152,0.394388341833085
"154",154,"female","white","yr1","Health","stats","Kinesthetic",1.04981142504346,-0.279048852564151,3.28268017087431,-0.451053276217948,1.54781266389099,1.30246345943783,0.7436540087161,1.14586809703558,1.18029858497386,1.08819866263767,1.21945568341365,1.03372236830748,1.00215005558245,-1.06452947671657,0.255634022676079,-0.0366133296510518
"155",155,"female","white","yr3","Other","other","Kinesthetic",1.53630652396485,0.552942995988433,0.429553400391885,-0.460909224333022,1.6684893207683,1.44947764110473,1.10097189451854,1.25914244045875,1.34308290344463,1.38490116667583,1.22755396524615,1.25154303897772,1.19617102079876,-0.351231885983662,0.0335493507950687,-0.0232213742891059
"156",156,"male","white","yr2","Other","math02","Visual",0.0565406900130865,0.0066209594032965,1.91549253066305,-0.83234205503693,-1.1163972717174,-1.2382358975632,-0.409320320481717,-0.457246134468614,0.0493257202314354,-0.297511496062744,0.144191290601748,-0.56071966701842,-0.414739309915161,0.446237480356034,-1.1172128530451,0.199315742271166
"157",157,"female","white","yr1","Other","stats","Visual",-0.157451288708243,0.0066209594032965,0.106826002996921,-0.372777293891509,0.0335571849604838,0.323156802091713,0.276683562035958,0.322187608636176,0.391661513626515,0.500683760548035,-0.389953995989957,0.260554652176775,0.270943879657795,-0.0503990474507617,0.0531723031068516,-0.1304961108775
"158",158,"female","white","yr3","Business","math02","Auditory",-2.2267760948159,-0.504621503795907,1.5760015968757,-0.214434333807409,1.6684893207683,1.30246345943783,0.665952485553083,0.791547572408323,1.34020390969898,1.2747025639211,1.10936167939945,1.05003264108127,0.875946846962203,-0.113502552720474,-0.75059572639028,-0.358437539416235
"159",159,"male","other","yr2","Business","math03","Kinesthetic",-1.85120910138134,-0.504621503795907,1.59276513326809,0.168494792325748,-0.230846835176685,0.449770774303149,1.02169979271643,0.390282001853169,0.466180915648442,0.664228463443232,0.32678853858437,0.618944511997876,0.521454981521602,-0.361740694716821,0.0531723031068516,-0.1304961108775
"160",160,"female","white","yr2","Other","math02","Kinesthetic",0.680255492752441,-0.0508090546459489,0.32756544672436,0.616720260314568,-1.45767116230413,-0.962158546038107,-1.09683020774906,-0.854754352865758,-1.11013855479167,-1.55062281206724,-1.23232643771162,-1.13970907015481,-0.985950315347274,0.145244398009031,0.129540007373758,-0.298104193441065
"161",161,"male","white","yr1","STEM","math02","Kinesthetic",-0.326890535673798,-0.504621503795907,-1.05638572987928,-0.0379409604262407,0.379865099090356,0.961993135325411,0.78780686927735,0.678601190728601,0.400713515802003,0.871948169008147,0.840945297618325,0.835958240510226,0.609461626893738,-0.309145998180267,-0.333067775859753,0.180324928510815
"162",162,"male","Asian","yr3","Other","other","Auditory",-0.345234785425524,0.5178634226025,0.208813956664447,-0.383802226710577,0.040244608915472,-0.188665365037365,-0.862479977941911,-0.533599289039424,-0.049561923821919,-0.417106671588377,-0.227818112090048,-0.418366424817381,-0.486208392249292,0.694475622352381,-0.604878758776177,0.719087396437866
"163",163,"female","white","yr1","Other","math01","Kinesthetic",-0.223826662439294,-0.504621503795907,-1.70184052466921,0.549820518370274,1.23358374752385,0.30010550953938,0.495513707546567,0.407374177507946,0.177047706512663,-0.104744986108533,0.34412075703131,0.235407052944079,0.467066353845244,-0.361740694716821,0.641874101642683,-0.358437539416235
"164",164,"male","Black","yr3","Business","stats","Visual",-1.61887287290828,-0.504621503795907,1.0325347557533,0.643439023959908,0.92886572092222,0.42227370111632,0.176497908493309,0.225119538358941,0.324093877112722,0.468722678232907,0.589024560668896,0.371508354957053,0.283415950926074,-0.361580450902718,-0.674228022123374,-0.251162802827841
"165",165,"female","Black","yr1","STEM","math02","Visual",0.613880119021389,-0.109479974789216,-2.10084597269557,0.474645059539148,0.190553580465225,0.576808127850988,0.833753846458824,0.791875534151773,-0.0849712442240924,0.0922426463522137,0.843702563337908,0.520356967220948,0.580645994384746,-0.921320483979226,0.324983286023276,-0.103031593879146
"166",166,"male","white","yr1","Other","math02","Visual",-0.722654949968869,-0.395149786756664,-1.27712517360672,-0.289207403400145,-0.356106173941463,0.585243292903436,0.517909715886729,0.814852241281942,-0.566973643590158,1.38490116667583,0.842621214817257,0.781899838955879,0.364188002651418,-0.858377222523617,0.0405677917147779,-0.358437539416235
"167",167,"female","white","yr1","STEM","math02","Visual",0.244324186730367,-0.269484602896212,-0.334652884457956,-0.0137538084951478,1.81748683292897,0.362402610429616,0.679233517984217,0.41836977640457,0.263386310735137,1.38490116667583,1.26290854260613,0.801382005044865,0.602422795883259,0.498832176892588,0.109917055061975,-0.1304961108775
"168",168,"female","white","yr2","Other","math01","Kinesthetic",1.28214765351652,0.294271806604156,-2.84828872115303,1.37913689810006,0.208546688587974,-0.434796445728878,0.124603129292396,-0.410664055562448,-0.670116176984325,-0.00757839898614444,0.914361108692031,-0.00200610547436621,-0.189069946533962,0.208347903278743,-0.0612567929433283,-0.19082945685267
"169",169,"female","other","yr1","Business","math02","Kinesthetic",1.01565559446,0.0066209594032965,1.5760015968757,-0.12589635207155,-0.364993071331229,0.231004463208984,0.212817263420439,0.0121138293035334,0.601446881971069,0.150457370497796,0.367852739850107,0.210576007026318,0.120062167417116,-0.113502552720474,-0.604878758776177,0.658754050462696
"170",170,"female","white","yr1","Other","math01","Visual",-0.24217091219102,0.119582503598196,-1.15837368354681,-0.570859493864531,1.07262866250738,1.31312546700569,1.10097189451854,1.25914244045875,1.63276239938853,1.38490116667583,1.3947885981991,1.22760226494019,1.17567564236328,-0.102993743987316,0.109917055061975,-0.358437539416235
"171",171,"female","white","yr1","Health","stats","Visual",-0.678102218213094,-0.279048852564151,1.47401364320818,0.555307093518395,-0.849829356470755,0.253979654495195,0.176501373448298,-0.156027594164704,0.126962867739596,-0.356592004914622,0.0239109671653514,0.0351057105066898,-0.0717739692259557,-0.361740694716821,-1.26292982065921,0.612298719703991
"172",172,"male","white","yr1","STEM","math03","Auditory",1.3668672769993,-0.395149786756664,-3.17101611854799,1.21870844950696,1.07641037970341,1.44947764110473,0.751802639325807,0.918660668394968,0.84701794555545,0.76805234808041,1.0651480811992,0.980365814228142,0.823141837990701,0.799665015425489,-0.389812527814876,0.672146005824642
"173",173,"male","white","yr2","STEM","math03","Kinesthetic",-0.0787427263690043,-0.504621503795907,1.15128624581321,1.4880081827806,1.05116019988607,0.799439020478354,0.30986908304159,0.791848275310701,-0.729163901787592,0.820036226689558,0.544810962468647,0.613141406849091,0.409243332397898,0.303188731432796,-0.62450171108796,-0.358437539416235
"174",174,"female","white","yr2","STEM","math03","Visual",-0.139107038956517,0.063783087624319,1.25327419948074,1.54440808382336,-0.954130727311857,-0.619045902470213,-1.36426288762201,-0.447284541512431,-1.01640721739349,-0.499714751944073,-1.44487887977008,-0.847479512686694,-0.851921236039083,0.145404641823134,-0.0612567929433283,-0.251162802827841
"175",175,"female","white","yr1","Other","math02","Kinesthetic",1.10037521794278,-0.153855912014866,-1.26036163721433,-1.29212900969817,0.0597497234596691,-0.43027456382826,-0.521400548426659,-0.436061781901236,0.246833104442215,-0.335376200633139,-0.795591449476964,-0.451749377359397,-0.295176773854375,0.303188731432796,0.641874101642683,-0.237770847465895
"176",176,"male","white","yr3","STEM","math04","Auditory",0.648035949604853,-0.504621503795907,-1.48110108094177,1.29833676914612,0.672661131161487,1.19974848419287,0.512058942074661,0.11630084485356,-0.336613561395123,0.999549347311311,0.526005264286127,0.837575244041046,0.232020539755135,-0.921320483979226,0.135373935453175,-0.251162802827841
"177",177,"female","white","yr3","STEM","stats","Visual",0.122916063744138,0.473015242065683,-0.733658332484318,0.0187483206107929,-0.217613381257106,-0.278991055297858,-0.485836371940611,-0.410664055562448,0.0612734917223705,-0.432281240899197,-0.216739476861307,-0.352798975873116,-0.328155964001046,0.145244398009031,-0.548134006821053,0.180324928510815
"178",178,"female","white","yr1","Business","other","Kinesthetic",-1.29386967237303,0.0721889825280566,0.429553400391885,-1.06191821642528,0.63921152096771,0.401602434910887,0.240606739204594,0.746394881043217,0.101779567285951,0.755460236384583,0.954019655028777,0.499310136052043,0.443189157897805,0.187490529626529,0.198889270720955,0.240658274485986
"179",179,"female","white","yr3","STEM","math04","Kinesthetic",0.997311344708273,0.116092676442539,-0.835646286151844,-1.65532811617891,-1.26181361371441,-0.75133582179021,0.146999137632559,-0.487645874779087,-0.65229789079493,-0.586654846323645,-0.821712090222498,-0.450891571356764,-0.35905909158124,-0.256551301643713,-0.573590887212253,0.171851225272812
"180",180,"female","white","yr1","Other","math01","Visual",0.193760393831053,-0.395149786756664,-2.84828872115303,-0.574632850648097,1.19853988996019,0.301461460197434,0.285486877924388,0.294099834084775,1.34359019232964,-0.698634606315719,0.717974872231459,0.0687952702657351,0.51479679781749,-0.102993743987316,-0.604878758776177,0.268122791484339
"181",181,"male","white","yr2","Business","math03","Auditory",-0.308546285922072,-0.504621503795907,1.69475308693561,-0.142566500618621,0.353162065893536,0.585243292903436,0.307567761288964,0.424239192448152,0.76834084612278,0.483897247543727,0.589024560668896,0.461077010933214,0.4051936185372,0.498832176892588,-0.231243191201646,0.366923824834731
"182",182,"female","white","yr2","Other","math02","Visual",-0.157451288708243,-0.441034515904558,1.47401364320818,-0.380894870133771,-0.864716210802179,0.26571443937054,-0.0316343113462868,0.0893461770872223,-0.780375919095475,0.179010954856424,0.402933620167585,0.170249159174148,-0.173181355004173,-0.414335391253375,0.268238534068152,-0.251162802827841
"183",183,"female","white","yr3","STEM","stats","Visual",-0.24217091219102,-0.324933581712045,-1.48110108094177,0.00642206476274127,0.92886572092222,0.585243292903436,0.605254390463739,0.307415651161139,0.758801080836409,0.483897247543727,-0.273066146340574,0.437657112398133,0.514271416891299,0.498832176892588,0.0531723031068516,0.00424314270924796
"184",184,"female","white","yr4","Other","other","Kinesthetic",1.45158690048207,0.229054220637439,-1.26036163721433,-1.27830839370511,1.81748683292897,0.675568983163929,0.307567761288964,0.935525683335173,0.84701794555545,0.993174629193759,1.30549683297328,0.707055901998128,0.761584035403121,-1.06452947671657,0.0601907440265608,0.474198561423125
"185",185,"male","white","yr2","STEM","math03","Auditory",-0.24217091219102,-0.215461864672803,1.25327419948074,0.0355647015222801,-0.190768954069888,-0.716951271026862,-0.323885784846939,-0.838393266992258,0.0262202133395151,-0.640347945879579,-0.456818214594293,-0.532999698339076,-0.441698252859661,-0.309145998180267,-0.333067775859753,0.0645764886844181
"186",186,"female","Black","yr1","STEM","stats","Visual",0.0303322080090373,-0.162947918371638,0.106826002996921,-0.257530035903545,-0.535459046113211,-0.278991055297858,-0.601839981852809,-0.410664055562448,0.0612734917223705,-0.417106671588377,-0.216739476861307,-0.378678302609906,-0.398167731003687,-0.361740694716821,-0.604878758776177,0.180324928510815
"187",187,"female","white","yr1","Business","math03","Auditory",-0.429954408908301,-0.274400670644293,-1.37911312727425,-0.190865055159837,-0.391696104528049,-0.00400043135597006,-0.0655680808830248,-0.297389712139277,-0.272007147696044,-0.358820011152236,0.61573689688394,-0.0411432985346644,-0.213049268010864,0.498832176892588,0.0531723031068516,-0.0232213742891059
"188",188,"male","white","yr1","STEM","math02","Kinesthetic",0.212104643582779,-0.279048852564151,-0.614906842424405,-0.412507046387197,-0.566721186480836,-0.0973155990880266,0.331534348268221,-0.0602206905424823,-0.670244746274713,0.0133101820141704,-0.451347984539633,0.00554248564476589,-0.0671456426704656,-0.557384140176613,-0.187350808245649,-0.358437539416235
"189",189,"male","Asian","yr1","STEM","math01","Auditory",-0.71285443028067,1.02247666864843,-2.86505225754541,-0.595196305437429,0.184007550500635,-0.528179932384909,-0.0515868165413335,0.749949007036898,0.244410547872828,-0.104036525941515,0.398579041824982,-0.162347348299399,0.323381053211756,-0.868725787442672,-1.1172128530451,-0.103031593879146
"190",190,"female","white","yr1","Business","math01","Visual",1.45158690048207,0.454276434711151,-1.88010652896813,-0.512170152626317,-0.0953189022932547,-0.278991055297858,-0.479258319969998,-0.317145183149054,-0.249964270303935,-0.417106671588377,0.283166635853631,-0.289073957423875,-0.32111327312009,-0.67308234198288,-0.459161791162073,-0.358437539416235
"191",191,"female","white","yr2","Business","math03","Kinesthetic",1.3668672769993,0.37017274217971,-1.88010652896813,-0.42084108723214,-1.73699761509802,-0.278991055297858,-0.485836371940611,-0.410664055562448,-0.724470962110709,-1.57690317509574,-1.15145382595407,-0.76266450859484,-0.592958550549206,-0.858377222523617,0.459035334385239,0.630803473609822
"192",192,"female","white","yr1","Other","math01","Auditory",-0.157451288708243,-0.171085927447153,1.69475308693561,0.305680242549037,0.326969527394351,0.675568983163929,0.511331663916117,0.919921835049981,0.717243774336664,1.20538804605408,1.21945568341365,0.805413072634285,0.651145940003005,0.303188731432796,0.198889270720955,-0.298104193441065
"193",193,"female","white","yr1","Other","math01","Auditory",-1.37858929585581,-0.0682434275611801,1.25327419948074,-0.498447798057911,1.81748683292897,0.619295968697576,0.868964674694142,0.163733315006826,0.232288279366363,0.984374778000491,1.3947885981991,0.841788903846499,0.561963887920905,-0.309145998180267,-0.0357999125521285,-0.298104193441065
"194",194,"female","Black","yr3","Other","other","Auditory",1.45158690048207,0.124230685518054,-3.40851909866782,-1.23869148240749,1.07786323308289,0.585243292903436,0.0744021160084301,-0.410664055562448,-0.328618692161303,-0.760164495105328,0.00716161446699204,0.00594798195043557,-0.0688736185712861,-0.361740694716821,-1.13683580535688,-0.237770847465895
"195",195,"male","white","yr1","Business","math03","Kinesthetic",-0.831729884346911,0.173522690491785,0.208813956664447,-0.257530035903545,0.040244608915472,-0.278991055297858,-0.485836371940611,-0.410664055562448,0.0612734917223705,-0.417106671588377,-0.216739476861307,-0.348803879396887,-0.301808322254205,-0.361740694716821,-0.604878758776177,0.180324928510815
"196",196,"female","Black","yr1","Other","math01","Auditory",0.290813205922018,-0.504621503795907,-0.937634239819369,-0.257530035903545,0.92886572092222,1.39278914969832,0.270836253178877,1.25914244045875,-0.051265687302956,1.38490116667583,1.1752420852134,1.01365990874468,0.657585525151405,-0.858377222523617,0.324983286023276,-0.358437539416235
"197",197,"female","white","yr1","Health","stats","Visual",0.109040770348276,-0.279048852564151,1.79674104060314,-0.0176887948142407,0.339728064941591,0.0711413694360365,0.0221922118319303,0.274344363074997,-0.118123584535079,-0.295062116125013,-0.779715495324853,-0.139866800899903,0.130484536937985,-0.309145998180267,0.515780086340362,0.00424314270924796
"198",198,"female","white","yr1","Other","math01","Kinesthetic",1.53630652396485,0.282726521702805,-2.2028339263631,0.616720260314568,-1.14424321062844,-0.003228910704245,-0.0570798899701812,0.190592109874126,-1.0067830990334,0.0218409700787783,0.589024560668896,0.0584056695978442,-0.202771328140744,-0.361740694716821,0.0531723031068516,-0.358437539416235
"199",199,"female","Asian","yr1","STEM","math03","Visual",-1.38906931335521,-0.504621503795907,2.29773444229703,0.433037291782372,0.23397384072101,0.393082282896736,0.474184537668085,0.430155910894456,0.711729301657521,0.856773599697327,0.379201637348788,0.516695007189889,0.441299038453257,-0.403826582520216,0.324983286023276,-0.251162802827841
"200",200,"female","white","yr3","STEM","other","Kinesthetic",-1.93592872486411,-0.441034515904558,2.51847388602447,0.708407727048194,1.81748683292897,1.44947764110473,1.10097189451854,1.25914244045875,1.63276239938853,1.38490116667583,1.3947885981991,1.27095790126331,1.25178441918784,1.30681035196544,0.641874101642683,0.171851225272812
"201",201,"female","white","yr1","Other","math01","Visual",-1.49999741884204,-0.107498939555805,1.25327419948074,0.851844526038261,1.54926551727047,0.966099540285969,0.969902041722884,0.814852241281942,0.485318969918424,1.06475485211857,0.876026177935803,0.938992929785471,0.851842911411924,0.498832176892588,-0.333067775859753,-0.0560902032659222
"202",202,"female","white","yr1","STEM","stats","Kinesthetic",-0.139107038956517,0.0559955157068473,1.25327419948074,-0.596599771378158,-0.206343275414642,0.555636397743793,0.371773620207619,0.0413030296525438,0.540739315593484,0.390485157793305,0.561258622914431,0.440381319756862,0.190419252627588,-0.816131090906118,-0.28798794315677,0.208275505363689
"203",203,"male","white","yr1","Business","math02","Visual",-0.411610159156575,-0.331562798865315,3.28268017087431,0.463739479930097,0.0813595800713781,-0.845675065211113,0.76029083023865,-0.0489979309312867,-0.122219606447405,0.582236445631663,0.757833892089105,0.168168504002902,0.218511904713681,0.747070318888935,-0.0612567929433283,-0.237770847465895
"204",204,"female","Asian","yr3","STEM","stats","Visual",0.758964055091679,0.631983321561601,2.23821992805802,1.26328396465583,1.81748683292897,1.44947764110473,1.10097189451854,0.946748442946369,1.38041561874166,1.38490116667583,1.3947885981991,1.27095790126331,1.09696899642081,-0.609978836713167,-0.0729217121954691,-0.19082945685267
"205",205,"male","white","yr1","Business","math02","Visual",-0.208015081607557,-0.173066962680565,-1.48110108094177,0.0235940832639817,0.19089552148799,-1.07235292957064,-0.601839981852809,-0.431680693227239,-0.991600291777494,-1.25759592404673,-0.752952549743971,-0.914473376567296,-0.478796482807618,-0.361740694716821,-0.307610895468553,-0.298104193441065
"206",206,"female","white","yr1","Business","math02","Visual",-0.678102218213094,-0.171085927447153,3.06194072714687,-0.923374830043304,0.778415355382069,0.746441457092439,0.736324243259393,0.600054177663744,-0.0117378881654675,1.10337323194849,0.567187899724291,0.783308509024824,0.545940782851671,-0.0607476123698173,0.255634022676079,-0.358437539416235
"207",207,"male","white","yr3","STEM","other","Visual",0.212104643582779,-0.395149786756664,0.106826002996921,-0.0675002209296103,-0.113987473820709,0.593669694314501,1.10097189451854,1.25914244045875,1.63276239938853,-0.0809676924425466,1.3947885981991,0.612910550326309,1.05442852944633,-0.662733777063824,-0.447496871909932,-0.298104193441065
"208",208,"male","white","yr2","STEM","stats","Visual",-1.26766119036898,-0.504621503795907,1.47401364320818,0.424266572226434,-1.01898387186366,-0.325254811126647,-0.609160841141614,0.0126840671933655,-0.766028268610455,-0.336170049048876,-1.2266368029817,-0.491207955247791,-0.403168731988155,-0.67308234198288,0.198889270720955,-0.251162802827841
"209",209,"male","white","yr3","STEM","other","Auditory",-1.8755644122766,-0.504621503795907,-1.27712517360672,1.54440808382336,1.81748683292897,1.2298195579112,0.736324243259393,0.671202092098541,1.23262386273799,0.989931400840292,1.13395823104356,0.972939200312943,0.852855118348237,0.498832176892588,0.446430822993165,-0.19082945685267
"210",210,"male","white","yr2","Health","stats","Kinesthetic",0.613880119021389,-0.279048852564151,-1.15837368354681,-0.00764921541194909,-1.27504706763399,-0.715927195338016,-0.833481482303586,-0.24849284916667,-1.19425939759838,-0.986734385998715,-0.899215090577637,-0.806464896517694,-0.661639912488199,0.0444417807032908,-0.231243191201646,-0.251162802827841
"211",211,"female","white","yr1","Other","math02","Visual",-0.345234785425524,0.5178634226025,-1.27712517360672,-0.335445848146563,0.040244608915472,-0.278991055297858,-0.417392893256616,-0.649926134624411,0.356596029635803,-0.417106671588377,-0.637026804650178,-0.379970270397076,-0.33011230546565,0.446237480356034,0.0531723031068516,0.180324928510815
"212",212,"female","white","yr1","Business","math03","Auditory",1.13453104852624,0.181392813739077,-1.48110108094177,1.34441314159224,0.0722177910130977,-0.201514277143407,-0.452924287680434,-0.41796235316363,-0.0834263481715415,-0.266593984325521,-0.138155127985517,-0.266943405360757,-0.310862038542366,0.48832336815943,-0.77605260678148,0.169807817988468
"213",213,"female","white","yr3","Other","other","Kinesthetic",0.432107683447647,0.72866884760547,-2.2028339263631,-0.975157549023061,0.61067811504335,-0.450048654121339,-0.700843628646322,-0.762368587237427,-0.367570817865652,-0.690719880795238,-0.764895767692089,-0.594238715560683,-0.507568645625197,1.359405048502,0.503175574948288,-0.0835547202642761
"214",214,"male","white","yr2","Business","math03","Auditory",1.34852302724757,0.978305088905727,-1.88010652896813,-1.55604369145235,-0.0856666185373395,-0.311348404760005,-0.454855144480234,-0.669177676567484,-0.0400687195091832,-0.179306890530483,0.0119903633729972,-0.261952903336774,-0.417777204993382,-0.309145998180267,-0.0729217121954691,0.551479313874301
"215",215,"female","white","yr3","STEM","math03","Kinesthetic",1.53630652396485,0.185836638175991,-1.15837368354681,1.36819888484249,-1.4538894451081,-0.293759467826284,-0.992821665401518,0.11559429467311,0.0144236887142698,-0.707165394380327,-1.75945740207735,-0.739528780575297,-0.423520665149649,-1.16971886978968,0.332941319082918,-0.143888066239446
"216",216,"male","white","yr1","Business","math02","Visual",-1.58471704232482,-0.171085927447153,1.47401364320818,-0.354110915245257,0.774633638186039,0.585243292903436,0.197411460233846,0.132459309613315,0.903144878711003,0.483897247543727,0.834792933131801,0.461240568783017,0.31967430034324,-0.309145998180267,-0.092544664507252,-0.298104193441065
"217",217,"female","white","yr1","Other","math01","Auditory",1.04981142504346,0.0591349057044608,-2.52556132375806,0.264037747795247,1.03100319665384,0.646453666210467,0.605254390463739,0.661408214044946,-0.313564454195789,-0.0724369043779387,0.897913448246247,0.446593930331215,0.510753340815924,0.509340985625747,-0.142270975542666,-0.237770847465895
"218",218,"female","white","yr3","Business","math03","Visual",1.45158690048207,0.289151381373131,-2.2028339263631,-0.402622272333198,-1.46877629943953,-0.484520376993413,-0.807603869204594,-0.74636272194845,-0.525301391568646,-0.691819984261654,-0.727865273133177,-0.628684228648472,-0.770451162985289,0.197999338359688,0.71122336498988,0.334054995857915
"219",219,"male","white","yr2","Business","math02","Visual",-0.345234785425524,0.5178634226025,0.208813956664447,-0.265798885505313,0.040244608915472,-0.278991055297858,-0.485836371940611,-0.410664055562448,0.0612734917223705,-0.417106671588377,-0.216739476861307,-0.348803879396887,-0.301808322254205,-0.361740694716821,-0.604878758776177,0.180324928510815
"220",220,"female","white","yr1","STEM","math02","Kinesthetic",1.45158690048207,0.517391179291333,-2.52556132375806,-0.72692250114641,-0.699378990930604,-0.597959159324721,-0.25119173501544,-0.249351492834439,-0.49889893894367,-0.0968884207405595,0.842791068148156,-0.18248711753248,-0.317787634032887,-0.557384140176613,0.71122336498988,-0.237770847465895
"221",221,"female","Asian","yr3","STEM","math03","Visual",-1.82500061937729,-0.504621503795907,-2.76306430387789,0.583069534538621,1.81748683292897,1.44947764110473,1.10097189451854,1.25914244045875,1.63276239938853,1.38490116667583,1.3947885981991,1.27095790126331,1.25178441918784,0.498832176892588,-0.263718512512555,0.524014796875947
"222",222,"male","white","yr1","Business","math03","Auditory",-0.223826662439294,-0.504621503795907,2.01748048433058,0.775072707791902,0.766599176516673,1.16569580839873,0.416241605744456,0.661408214044946,1.00160809619691,1.05999207769451,0.805641329624183,0.850448781196136,0.605948911608264,-0.102993743987316,0.0531723031068516,0.435730874047904
"223",223,"female","other","yr5+","Business","math03","Visual",-0.448298658660027,-0.279048852564151,0.106826002996921,0.77643430600655,-1.2803172165348,-0.271411377001701,0.338864113724927,0.0221499835035107,-0.593340015623524,-0.11554899550326,-0.017623969891226,-0.0314997147373834,-0.0954219472706465,-0.662573533249721,-0.187350808245649,-0.358437539416235
"224",224,"female","white","yr2","STEM","other","Visual",-1.18294156688621,-0.504621503795907,2.84120128341943,0.431894609333271,-1.73699761509802,-0.333437421141975,-0.372596831362029,-0.756652276648082,-1.00748968651389,-1.27805805306869,-1.75945740207735,-0.742720734890113,-0.728275099831731,0.799825259239592,0.129540007373758,-0.358437539416235
"225",225,"female","white","yr2","Health","stats","Visual",0.444440872055835,-0.162947918371638,-0.733658332484318,0.0410098073259009,-0.63763210017013,-0.13248520237116,-0.0794758983103436,-0.580562322331736,-0.62649235593451,-0.83800980103696,-0.964501999628849,-0.395193640439356,-0.400544676779711,-1.22231356632623,-0.256700071592846,-0.298104193441065
"226",226,"female","white","yr1","STEM","stats","Kinesthetic",0.262668436482093,0.506586023529371,1.25327419948074,-0.142501309375446,-1.15144112928106,-1.22876691875045,-1.43396181996951,-1.04252318747382,-1.15424698715119,-1.14516931505438,-0.474891182873171,-1.11662412973067,-1.14180004573787,-0.102993743987316,-0.422039991518733,-0.298104193441065
"227",227,"male","white","yr2","Business","math03","Visual",-0.720801778860084,0.139951909028096,3.18069221720678,-0.276505854386791,0.048444039291908,0.585243292903436,-0.172671346699422,0.386157637969656,0.84051391743856,-0.463461991067166,0.520163801458694,0.0799899507902026,0.214149006791121,0.551587117243245,-0.244095560200772,0.543005610636298
"228",228,"male","white","yr2","STEM","other","Kinesthetic",-0.490318721495814,-0.279048852564151,0.32756544672436,-0.666465193857368,-0.5139905834919,-0.685549678329586,-0.00371156033754392,0.0463395358299812,-0.541687603222604,-0.609913354698803,-0.778090187491759,-0.469845402803697,-0.111499749695974,-0.102993743987316,0.71122336498988,0.853826650024614
"229",229,"female","white","yr2","STEM","other","Visual",-1.34636975270822,-0.504621503795907,2.73921332975191,0.844511615211332,0.0767413198586052,0.180827424228364,1.10097189451854,0.774482655594618,0.711928600253007,0.513715776180376,0.139122899615802,0.492430955761994,0.759927399791699,0.197999338359688,0.515780086340362,-0.163364939854317
"230",230,"male","white","yr3","STEM","other","Kinesthetic",-1.49999741884204,-0.396658578678909,1.25327419948074,1.17816906986855,0.508741186344095,0.792883417871043,0.0590242131043756,0.529308786216191,-0.246706556963667,0.648307735145219,0.152810669362076,0.455736168685742,0.239382644503863,1.20162095889234,0.129540007373758,-0.251162802827841
"231",231,"female","white","yr1","Health","stats","Kinesthetic",-0.781166091447597,-0.17155817075832,1.5760015968757,0.461743249830916,-0.0388065821082896,0.735779449524571,0.75148751435022,0.709251459606125,0.39639551771889,1.04104949474314,0.62893418989238,0.774583346048671,0.566066074972949,0.250594034896242,0.572524838295486,-0.103031593879146
"232",232,"female","white","yr3","Health","stats","Kinesthetic",0.783319365986944,0.405252315565643,0.106826002996921,-1.22516407651071,0.040244608915472,0.437813634296471,0.438637614084618,0.175519449496712,0.737242814754006,-0.417106671588377,0.259384043668996,0.172471880946074,0.316046250935105,-0.309145998180267,-1.1172128530451,0.774502490289093
"233",233,"male","white","yr3","STEM","math03","Kinesthetic",-2.2267760948159,-0.504621503795907,-3.73124649606278,1.51768932017802,0.49169043690319,0.768081577962595,0.549948875640885,0.729006930615902,0.856073099532116,1.11197595630366,0.0770368066575753,0.687553614382445,0.626717531640014,0.498832176892588,-0.674228022123374,-0.358437539416235
"234",234,"female","other","yr5+","STEM","math02","Kinesthetic",1.45158690048207,0.392198238742047,-2.52556132375806,-0.808878750302365,-1.73699761509802,-1.17375610433906,-0.546219342054368,-1.43293301014329,-0.649777063073252,-1.66672503707723,-1.53828558125856,-1.13127824114002,-0.99356094657285,-0.868725787442672,0.00344599207143733,-0.298104193441065
"235",235,"female","white","yr1","Other","math01","Kinesthetic",-0.157451288708243,-0.395149786756664,1.25327419948074,-0.442308036929944,0.662808300373205,1.12232040765705,1.10097189451854,0.46501130112272,0.601469559546371,0.796258933023571,0.879006531332051,0.952078139438746,0.685897787563602,-0.662573533249721,-0.142270975542666,-0.298104193441065
"236",236,"female","Black","yr3","Health","other","Kinesthetic",-0.223826662439294,0.574553307512355,-2.64431281381798,0.36353456627026,-0.56884950326502,-0.385272155678562,-0.515650267776948,-0.412420898863499,-0.389151761523358,-0.959785800269819,0.14387041896597,-0.491285635194289,-0.437165600162885,-0.620487645446326,-0.0729217121954691,0.611812659849472
"237",237,"female","other","yr1","Other","math01","Visual",0.640088601025438,0.276569547860702,-1.48110108094177,-1.10506156847632,-0.0917021538042948,0.596320777411365,0.307567761288964,0.424239192448152,0.84701794555545,0.243869460248218,0.589024560668896,0.401405795780378,0.370707561662309,0.250594034896242,0.0531723031068516,0.719087396437866
"238",238,"male","white","yr1","STEM","math03","Visual",0.407752372552383,-0.208832647519533,-0.0119254870629913,-0.541169320771135,0.0765999258682072,-0.0611043997024425,-0.297138712196914,-0.459030236610736,0.088631543198137,0.0985454281792069,0.0351812600881214,-0.0659224734770312,-0.25174515008458,-0.309145998180267,-0.0161769602403456,-0.237770847465895
"239",239,"female","white","yr2","STEM","math03","Kinesthetic",1.3668672769993,0.126897832204501,-2.84828872115303,-0.753515557795701,-0.841689079136288,-1.4685559883246,-0.55279739402498,-1.20927477936652,-1.10737450656779,-1.29091922789317,-1.25960189872825,-1.09541529161552,-0.882358811119117,-0.609978836713167,0.129540007373758,-0.251162802827841
"240",240,"female","white","yr1","STEM","stats","Kinesthetic",1.04981142504346,0.606615297053799,-0.614906842424405,-1.64185840936734,0.624312663027661,-0.30810637225132,-0.81260961879318,-0.527815558592911,-0.3628336619721,-0.394763535744269,-0.571690358148665,-0.477540674334471,-0.451856188907951,-0.868886031256775,0.00344599207143733,-0.358437539416235
"241",241,"female","other","yr1","Other","math01","Visual",0.432107683447647,0.183169491489544,1.47401364320818,-1.23658241111024,-0.848376503091276,-0.843488160672939,-0.333555095331414,-1.35003447248034,-0.943880448815353,-0.815319665777385,-0.0497279315850185,-0.574529785018684,-0.843211757669108,-0.309145998180267,0.248615581756369,-0.251162802827841
"242",242,"male","white","yr4","Other","math02","Visual",0.34738805996487,-0.153383668703699,1.5760015968757,0.801791471437242,0.938518004678135,0.144785177909049,0.688448987055604,0.617489430493781,0.751941010700201,0.210972037171551,0.87226329506271,0.380141379361531,0.659963084018838,0.593673005046641,0.109917055061975,0.144386708274459
"243",243,"male","white","yr1","Business","math03","Visual",0.698599742504166,0.698587893297439,-1.88010652896813,-0.933698132148635,-1.60288695726878,-0.905470054631694,-0.472655832671836,-0.912188855366787,-0.247200222080053,-1.11433556430188,-0.393697699479848,-0.748716990372875,-0.700505752347368,-0.102993743987316,-0.333067775859753,0.375397528072734
"244",244,"female","white","yr1","Other","math01","Auditory",-0.728666011112408,-0.395149786756664,1.47401364320818,-0.627426898007516,1.81748683292897,1.44947764110473,1.10097189451854,1.25914244045875,1.63276239938853,1.38490116667583,1.3947885981991,1.27095790126331,1.25178441918784,1.359405048502,-0.669581543790942,-0.177437501490725
"245",245,"female","white","yr3","Other","math01","Auditory",-0.157451288708243,-0.395149786756664,-1.26036163721433,1.54440808382336,1.07931608646237,-0.486215703325405,-0.764948994402619,-0.463813342288518,-0.0292228099108466,-0.260552749354859,0.0321982817119477,-0.41645768183661,-0.318919253107048,-0.00815291583326325,0.129540007373758,-0.19082945685267
"246",246,"male","white","yr4","Other","math02","Visual",1.13453104852624,0.268903782096354,-1.88010652896813,1.42761582153948,0.711286158888804,0.900327347101074,1.10097189451854,1.09455021485435,0.29286727645356,0.942874630568658,1.13102848701316,0.949349921381377,0.888906420962113,1.359405048502,0.572524838295486,0.300991620461156
"247",247,"male","white","yr5+","STEM","math03","Kinesthetic",1.28214765351652,0.741455038600843,-2.86505225754541,0.832141438855915,-0.848376503091276,-1.00687322940012,-1.07547660254303,-1.12874376228604,-0.665308291785675,-1.31811059072048,-1.4505685145,-1.11254937741018,-0.95968738881897,-0.361740694716821,0.00344599207143733,-0.19082945685267
"248",248,"male","white","yr5+","STEM","math03","Visual",-0.961002239585463,-0.396658578678909,-0.113913440730517,0.0127689112044804,-0.412453525419358,1.25643697559928,1.10097189451854,1.25914244045875,1.17330994554727,1.17725339740148,1.17817182924381,1.12976069838635,0.959871752797651,0.145244398009031,0.71122336498988,-0.19082945685267
"249",249,"female","white","yr3","Other","other","Visual",1.03146717529174,0.186308881487158,-1.59985257100168,0.350614159037363,0.162539087879324,-0.371143394180587,-0.92160749439216,-0.324443480750236,-0.372727124520824,0.14560219845084,-0.278184074776821,-0.349315276305858,-0.457805412421429,0.0021956490857923,0.350440166414476,-0.0232213742891059
"250",250,"male","white","yr3","Other","math02","Visual",-0.892094196934424,0.070207947294645,0.310801910331973,-0.283890398209436,0.0418980093273179,-0.646078797098352,-0.377574680668076,-0.971777796026271,-0.0982757909834268,-0.795539646581777,-0.498102068764133,-0.569942027166473,-0.503734204791282,-0.361740694716821,-0.389812527814876,-0.358437539416235
"251",251,"female","white","yr3","Health","math02","Visual",1.04981142504346,0.456257469944563,0.429553400391885,-0.134165201673318,0.24430158788163,-0.120943539304542,-0.152169948141843,-0.0849542409737015,0.0805749984658997,-0.417106671588377,0.151235970894821,-0.169901088009092,-0.0455733529009576,0.498832176892588,0.515780086340362,0.180324928510815
"252",252,"female","white","yr5+","STEM","math03","Kinesthetic",-0.24217091219102,-0.0439119516644561,1.47401364320818,0.643439023959908,0.508741186344095,0.37046313532219,0.432887333434908,-0.071443450153678,0.390951774344845,0.15522014492186,-0.402016457903137,0.223471155966465,0.219199283847189,-0.102993743987316,0.572524838295486,-0.358437539416235
"253",253,"female","white","yr1","STEM","math02","Kinesthetic",-0.411610159156575,-0.504621503795907,3.06194072714687,0.455763840424603,0.040244608915472,-0.199327372605234,-0.187321971444933,-0.267013906379048,-0.152820820898616,-0.417106671588377,-0.58601936081475,-0.28946793710761,-0.180059108328804,0.551587117243245,0.641874101642683,-0.0232213742891059
"254",254,"female","white","yr1","Other","math02","Kinesthetic",1.53630652396485,1.41317437321821,-1.88010652896813,-1.50783391094256,-0.950513978822897,-1.02720610123085,-1.01552131477188,-0.978848932912881,-0.170577431589595,-1.49923565503572,-0.863097163124013,-1.0830584954855,-0.824343310489391,0.498832176892588,0.515780086340362,0.180324928510815
"255",255,"male","white","yr1","Business","math03","Kinesthetic",0.323032749069606,0.341665327674295,-0.0119254870629913,-0.257530035903545,-0.373192501707665,-0.413107623240091,-0.719002017221145,-1.0080703202328,-0.319373293395833,-1.08031080966259,-0.414499938268235,-0.649060136912978,-0.701346569901469,-0.309145998180267,-0.0161769602403456,0.543005610636298
"256",256,"female","white","yr1","Health","stats","Auditory",-0.64394638762963,-0.395149786756664,1.47401364320818,0.21465112959862,0.110226508377679,-0.415343229396895,-0.202800367511346,-0.466133560468259,0.0710352331795286,-0.237521614676065,-0.505096139691368,-0.305465174388318,-0.222958299746776,-0.309145998180267,0.515780086340362,-0.298104193441065
"257",257,"female","Asian","yr1","Other","stats","Auditory",-0.24217091219102,0.409900497485502,0.208813956664447,-0.0861665995758621,0.962456725106394,0.585243292903436,-0.283239800937497,0.198292930462553,0.322027362562653,0.431985305225138,0.176021555253039,0.247312128416115,0.127532030827278,-0.361740694716821,-0.604878758776177,0.180324928510815
"258",258,"female","Asian","yr3","STEM","math03","Auditory",-1.38906931335521,-0.217442899906214,1.69475308693561,0.223261155793394,0.040244608915472,-1.14322540349915,-1.27924050517019,-1.24556730357305,-0.724470962110709,-1.31811059072048,-1.02250351439151,-1.15868476972699,-0.987806379174042,1.359405048502,0.71122336498988,1.25784986436492
"259",259,"female","other","yr1","STEM","math02","Kinesthetic",0.381543890548334,-0.279048852564151,-0.334652884457956,0.311385733462704,-0.434939392468139,-0.125005794083582,0.410394296887375,0.280261081521301,-1.02185096076753,-0.159284094236463,-0.34292989772436,-0.0158065511645423,0.0532005655308753,-0.609978836713167,-0.333067775859753,-0.358437539416235
"260",260,"male","white","yr1","STEM","stats","Kinesthetic",-1.26766119036898,-0.388520569603394,1.91549253066305,1.08205531931115,0.393334678367598,1.10225859257628,0.137028490120089,0.83636455559277,0.0735636814640021,0.834123637593966,0.483265145821458,0.661480502378527,0.415071425292706,0.551587117243245,0.268238534068152,-0.358437539416235
"261",261,"male","Black","yr2","Health","stats","Auditory",1.53630652396485,1.47676136110956,-2.76306430387789,-1.95259310104909,-1.73699761509802,-2.00745975170045,-2.07264463839976,1.25914244045875,-1.51021541594379,-2.21911450985259,-1.82826755192171,-1.96856566005709,-0.576492927713044,-0.15558844052387,0.109917055061975,-0.358437539416235
"262",262,"male","Black","yr3","STEM","other","Auditory",-0.458099178348226,-0.166909988838462,0.429553400391885,0.758402559244832,0.507229179922647,0.471866310090611,0.307567761288964,0.104774058049159,0.102292131976789,0.594095850298457,0.316081122234343,0.422352401202988,0.205731689173182,0.498832176892588,-0.478784743473856,1.25784986436492
"263",263,"female","Black","yr1","STEM","stats","Kinesthetic",1.45158690048207,-0.272419635410881,1.25327419948074,0.414404668550044,0.179389290287862,0.547084212148739,1.10097189451854,-0.0295169230388036,0.13551307758822,-0.518303390416214,1.3947885981991,0.482957960660473,0.382155811948049,1.25421565542889,0.250987544343647,0.729604506960214
"264",264,"male","other","yr2","Business","stats","Kinesthetic",-0.260515161942746,-0.441034515904558,-0.113913440730517,0.590001496669228,-0.582283504216965,-0.551695403495932,-0.485836371940611,-0.410664055562448,0.0612734917223705,0.0314589165497979,-0.216739476861307,-0.317418699760237,-0.365417550307105,-0.309145998180267,-0.333067775859753,0.180324928510815
"265",265,"female","white","yr1","Other","math01","Auditory",-0.514674032391078,-0.504621503795907,3.18069221720678,0.500429324951717,1.81748683292897,1.15894708398269,1.10097189451854,1.25914244045875,1.02281266501696,1.38490116667583,1.3947885981991,1.17857846354208,1.16674126130624,1.359405048502,0.641874101642683,0.603338956611469
"266",266,"female","other","yr2","Business","stats","Auditory",-0.448298658660027,0.300428780446259,-0.954397776211756,-0.752546232297545,0.779868208761548,0.437813634296471,-0.188149742765835,0.31096484902498,0.293834154316006,-0.243150173806424,-0.216739476861307,0.00157892134198563,0.178860051846838,1.359405048502,0.71122336498988,1.25784986436492
"267",267,"male","white","yr5+","STEM","other","Auditory",-2.2267760948159,-0.504621503795907,3.18069221720678,0.0787286849626141,0.291415175133062,0.585243292903436,1.10097189451854,0.424239192448152,0.84701794555545,0.259044029559038,0.0044829533233203,0.53834255457536,0.666571485125232,-0.113502552720474,-0.795675559093263,0.0645764886844181
"268",268,"male","white","yr2","STEM","math03","Auditory",-2.2267760948159,-0.504621503795907,-0.334652884457956,0.643439023959908,1.22689632356886,1.25643697559928,0.773883522690383,0.987118028633693,1.28972001851296,0.770280354318025,0.977481623806476,0.915080610499054,0.933603130178496,-0.361740694716821,-0.352690728171535,-0.358437539416235
"269",269,"female","Asian","yr1","STEM","stats","Kinesthetic",-1.09822194340343,-0.504621503795907,1.91549253066305,-0.423858122886373,0.0700538959036171,-0.0252802963101891,0.0221922118319303,-0.409235174004848,0.468922286297022,0.0228561921946313,-0.14797993638278,-0.0134851983920713,-0.0769981839997703,-0.102993743987316,-0.161893927854449,-0.19082945685267
"270",270,"female","white","yr2","Other","stats","Auditory",0.698599742504166,0.625826347719498,-2.10084597269557,0.590001496669228,-1.26181361371441,-1.55456820154008,-1.52788454651713,-0.901040656999386,-0.54781525650184,-2.167202567534,-1.15438356998448,-1.59236774141234,-1.04473431285934,-0.246042492910554,-0.478784743473856,-0.251162802827841
"271",271,"male","white","yr1","STEM","stats","Auditory",-2.2267760948159,-0.504621503795907,1.69475308693561,0.643439023959908,0.92886572092222,0.585243292903436,0.307567761288964,0.424239192448152,0.84701794555545,0.483897247543727,0.589024560668896,0.461077010933214,0.474988048466817,-0.361740694716821,-0.604878758776177,-0.163364939854317
"272",272,"female","other","yr2","Business","math01","Visual",0.212104643582779,0.457766261866808,-1.37911312727425,-0.131717294073614,-0.122021935490075,-0.0150779158638982,-0.943994596564421,-0.91455144781941,-0.398050392828503,-0.148872299349707,-0.434981553649687,-0.337594357107771,-0.723638383133021,-0.0503990474507617,-0.161893927854449,0.356406714312383
"273",273,"female","white","yr2","Business","math01","Visual",-0.157451288708243,-0.16492895360505,-1.48110108094177,-0.444890460730367,-1.27835386845768,-0.12911219904414,0.526397906799573,0.204177461937945,0.563511458041388,0.476978403172607,0.33412347032322,0.258876197016612,0.196461305233065,0.197999338359688,0.324983286023276,-0.298104193441065
"274",274,"female","white","yr2","Other","math02","Visual",-1.8755644122766,-0.504621503795907,1.47401364320818,0.483390298827152,0.0200876056832421,-0.278991055297858,-0.283239800937497,0.0126840671933655,-0.0656080619821462,-0.527305274343107,0.457093895710086,-0.247414074616559,-0.0938839455726218,0.498832176892588,-0.0161769602403456,-0.298104193441065
"275",275,"female","white","yr2","Business","math02","Kinesthetic",0.529160495538612,0.147682422672816,-2.52556132375806,-0.608516270767444,-0.356106173941463,-0.383625530965199,-0.488277297308242,-0.439602727344409,-0.343341910439766,0.0180934177705672,-0.535131491407508,-0.305088531595874,-0.41059300337188,0.240245469977186,-0.0161769602403456,0.232184571247983
"276",276,"male","white","yr1","Business","math03","Visual",0.880372178077908,-0.276381705877704,1.69475308693561,-0.377632543937932,-1.57473107069248,-0.0560041189588267,0.73208573631655,0.145970100433339,-0.762641985979799,-0.191238231487835,-0.287347412849592,0.0870190294137226,0.0255395926479582,-0.102833500173213,-0.31344482354797,-0.358437539416235
"277",277,"male","white","yr1","STEM","math03","Kinesthetic",1.01565559446,-0.281029887797563,1.25327419948074,0.546858144618195,-1.41081112587508,-1.45117545624648,-0.801780995675064,-1.06600321862012,-0.912062206197464,-1.57467516885813,-0.975309562795014,-1.19571117184626,-0.938975626433448,-0.309145998180267,-0.231243191201646,-0.0426982479039763
"278",278,"female","white","yr1","STEM","math02","Auditory",-0.260515161942746,0.0559955157068473,-1.48110108094177,0.483155537626566,0.358290820803944,0.744106479729995,0.688033368917659,0.764720964511935,0.406370181540155,0.887122738318966,0.219505034635513,0.672832452048984,0.608742369757556,0.498832176892588,-0.31344482354797,0.092041005682772
"279",279,"female","white","yr2","STEM","math02","Kinesthetic",1.04981142504346,1.05379852905049,-2.84828872115303,0.38886409848031,-1.44062041286323,-0.868071857654326,-0.621571526844211,-0.249948989565343,-1.24246385187023,-1.32358182531156,-1.44487887977008,-0.952300660912944,-0.617270079434513,0.39364278381948,-0.0161769602403456,0.397749246527202
"280",280,"female","other","yr2","STEM","math04","Kinesthetic",1.45158690048207,-0.504621503795907,0.32756544672436,0.613116757525724,-0.522531954891101,0.489692519014576,0.83883218892723,0.719615575549552,0.720842979331427,0.781380148039466,0.0430372887548069,0.582445946750307,0.594106716423988,0.239924982348981,0.641874101642683,-0.0147476710511029
"281",281,"female","white","yr1","Other","math01","Kinesthetic",-0.260515161942746,-0.176206352678178,-2.2028339263631,0.966808061323186,1.34753740212087,0.718412867722183,0.410394296887375,0.123067954546965,0.305650204715376,1.0514612896299,1.3947885981991,0.772871482263278,0.360223634449141,-0.102993743987316,-0.459161791162073,-0.19082945685267
"282",282,"male","white","yr2","STEM","math02","Auditory",-0.799510341199323,-0.504621503795907,1.25327419948074,0.95828854753979,0.431107270374515,0.256730108797699,0.495828832522154,0.307415651161139,0.670171995157776,0.523333722651395,0.610861221613502,0.418020970645857,0.415647542962738,0.456746289089193,-0.333067775859753,-0.1304961108775
"283",283,"female","white","yr3","STEM","other","Visual",0.34738805996487,0.118073711675951,1.37202568954065,-0.314097440046529,1.41224915268227,0.468300184954864,0.375595621835014,0.885394406565167,0.886523067117637,1.03628672031908,-0.279809382609915,0.485976809279074,0.728498941269306,1.25421565542889,0.129540007373758,-0.103031593879146
"284",284,"female","white","yr2","Other","math01","Auditory",-0.345234785425524,-0.504621503795907,1.69475308693561,-0.00764921541194909,0.92886572092222,0.117212003456099,0.307567761288964,0.248424207232559,0.177198953378353,0.483897247543727,0.466003525916193,0.297976060947784,0.314269004930362,0.250594034896242,0.0531723031068516,-0.19082945685267
"285",285,"female","white","yr3","STEM","math02","Visual",0.880372178077908,-0.279048852564151,1.89872899427067,1.21269596991916,0.504323473163689,0.249903449440426,0.0620737833881074,0.641980704778618,-0.694923102600316,0.218055215456122,0.671522480259535,0.230815268237175,0.220572539032913,1.0585722099691,-0.0612567929433283,-0.19082945685267
"286",286,"female","white","yr1","Other","math01","Kinesthetic",-0.799510341199323,0.157329223670575,1.5760015968757,-0.474278614522819,0.920666290545784,0.00947558121170029,0.0110484637382274,-0.474969793076587,1.0879856983425,0.373698644788997,1.13688797507397,0.236229405590075,0.0674514279897134,0.561935682162301,-0.161893927854449,-0.298104193441065
"287",287,"female","white","yr3","Other","other","Kinesthetic",-0.05438741547374,0.111444494522681,-2.84828872115303,-0.878702376677397,0.747895026663922,0.558625875215357,0.293659943861645,-0.0430277138588271,-0.155584869122498,-0.502846241708157,-0.670212376987524,0.0430568979537779,0.133266856087962,0.810173824158647,-0.213992201477141,-0.237770847465895
"288",288,"female","Asian","yr3","Business","math03","Visual",-0.611726844482043,-0.390501604836806,-1.70184052466921,0.236660630366699,-0.665952955453499,0.388096222437429,-0.405821462820307,-0.774946173145888,-0.331169818021078,0.6277736698327,-0.0602628696242192,0.177172422505575,-0.542296015610286,-0.715328473600378,-0.674228022123374,-0.163364939854317
"289",289,"female","white","yr1","STEM","math03","Visual",-1.5341532494255,0.395337628739661,-1.92257996839665,0.870227181981474,0.0432094687163991,-0.222109442082718,-0.938244315914711,-0.585620397110272,-0.525772379109731,-0.885884666586345,-0.674006689843252,-0.623729677402224,-0.596737990713096,-0.67308234198288,-0.941392526707367,-0.298104193441065
"290",290,"female","white","yr1","Health","stats","Kinesthetic",-0.326890535673798,-0.223599873748317,1.25327419948074,-0.257530035903545,-1.27670046804584,-1.27957757759819,-0.662538076942153,-0.92195054644947,-0.899772016455833,-0.647737886112983,-0.953693364547146,-0.858739650574953,-0.82333958873803,-0.361740694716821,0.129540007373758,-0.298104193441065
"291",291,"male","other","yr1","STEM","math02","Visual",-1.28600544012071,0.0066209594032965,0.208813956664447,-0.257530035903545,0.040244608915472,-0.278991055297858,-0.485836371940611,-0.410664055562448,0.0612734917223705,-0.417106671588377,-0.216739476861307,-0.348803879396887,-0.301808322254205,-0.361740694716821,-0.604878758776177,0.180324928510815
"292",292,"male","white","yr1","STEM","math03","Auditory",-2.03899259809862,-0.396658578678909,0.709807358358335,-0.257530035903545,-0.39024325114857,0.128853936531295,-0.221374374224114,-0.163130918022227,-0.287212632527247,-0.211196036555052,0.148205008132735,-0.0544362865422914,-0.214019712602922,0.446237480356034,-0.333067775859753,-0.251162802827841
"293",293,"female","other","yr5+","Health","math02","Kinesthetic",-0.865885714930374,0.171541655258373,1.91549253066305,0.866636217844831,1.81748683292897,0.695437676435971,0.897207991891385,0.885394406565167,1.18355629831413,0.338573215474716,1.04629177365084,0.662790900042341,0.98009523238952,0.0021956490857923,0.439412382073456,-0.177437501490725
"294",294,"female","white","yr4","Other","other","Auditory",1.04981142504346,0.0544867237846025,0.930546802085773,-0.856718884995573,1.65356688811157,1.0828053762443,-0.115362382196947,0.928126584705113,-0.288772078944621,1.1296988100695,-0.170577336335161,0.592207637165763,0.446796969895433,1.359405048502,-0.352690728171535,0.144386708274459
"295",295,"female","white","yr2","Other","math01","Auditory",0.15960456324759,-0.160012885856969,1.79674104060314,0.493355426084342,0.468568573870033,0.494917602642944,0.386839863091075,-0.291747456810267,0.365651183612468,-0.417106671588377,0.414505605342931,0.195298250969742,0.112301951204593,0.208347903278743,-0.187350808245649,0.0730501919224211
"296",296,"female","white","yr2","Health","stats","Visual",-0.678102218213094,-0.441034515904558,1.0325347557533,-0.0348020478779581,0.800025211993778,0.803545425438911,0.627335273828315,0.517758064861546,0.746297968730671,0.752131619782397,0.634102727694464,0.688692777792949,0.587058800264962,-0.557384140176613,0.0531723031068516,-0.358437539416235
"297",297,"female","Asian","yr1","Business","math03","Kinesthetic",1.18509484142555,0.609632880898288,1.37202568954065,-0.12589635207155,0.189242121076144,0.803081246880222,-0.485836371940611,0.123067954546965,-0.0394464851024089,0.0228561921946313,-0.216739476861307,0.111092115060035,-0.0962337495761844,-0.361740694716821,-0.604878758776177,0.180324928510815
"298",298,"female","white","yr2","STEM","math02","Kinesthetic",1.53630652396485,0.729909753699492,-3.06902816488047,0.386874610728614,-0.607787234856688,-0.990724697471177,-0.659900659841378,-0.427520818081985,0.415212413152714,-1.44160275596388,0.188555644983974,-0.84261209112995,-0.381451367969353,-0.309145998180267,-0.385166049482444,0.862300353262617
"299",299,"male","white","yr2","Business","math02","Auditory",-0.64394638762963,0.122721893595809,-1.82059201472912,-0.0119764941615128,0.92886572092222,0.675568983163929,0.416241605744456,0.723090212169598,0.84701794555545,0.594095850298457,0.756259193621849,0.566211968013105,0.624596345007128,0.498832176892588,-0.092544664507252,0.524014796875947
"300",300,"female","white","yr3","Other","other","Kinesthetic",0.965091801560686,-0.267975810973967,-0.215901394398043,-1.03017313913107,0.534733177810913,-0.716535794086803,-0.215195524054295,0.175316223332384,0.307707665458765,0.313341302654518,-0.428037843859447,-0.250452084162903,0.0950489310472256,0.810173824158647,0.211741639720081,-0.19082945685267
"301",301,"male","white","yr3","Other","math02","Visual",0.698599742504166,-0.279048852564151,-1.70184052466921,-0.701159597008202,1.49295374411787,1.44947764110473,1.10097189451854,1.25914244045875,1.63276239938853,1.38490116667583,1.3947885981991,1.27095790126331,1.2186239902507,-0.0503990474507617,0.129540007373758,-0.298104193441065
"302",302,"female","white","yr1","Other","math01","Kinesthetic",-1.85120910138134,-0.504621503795907,2.29773444229703,-0.315926167045485,1.68337617509972,1.05327458235077,0.402657819460625,1.17684632765655,0.0754186918107287,1.16388789862224,0.618176164176515,0.816793943951057,0.763481123622212,-0.256551301643713,0.394332549370473,-0.358437539416235
"303",303,"male","white","yr2","Business","math03","Visual",-0.326890535673798,-0.0966937837938432,0.429553400391885,0.758402559244832,0.32480563228487,-0.842225960617971,-0.110044972587763,-0.255463185024402,-0.0740151521755584,-1.06889073772373,-0.279859991975753,-0.610043825800365,-0.110567926888521,-0.102993743987316,-0.161893927854449,-0.298104193441065
"304",304,"female","Black","yr1","Health","stats","Visual",1.17908378028202,0.0657641228577306,-1.27712517360672,-0.784281923752255,0.779868208761548,-0.617581816965134,1.10097189451854,-0.828962355960394,0.277918930203133,-0.417106671588377,1.3947885981991,0.139274006872341,0.15721879955206,0.00235589289989502,0.109917055061975,0.394874401687604
"305",305,"female","white","yr2","Business","math03","Kinesthetic",1.53630652396485,0.0849751735234296,-0.835646286151844,-0.355881419839831,-1.44423716135219,-1.18456708353414,-0.786375192488471,-0.393524577504949,-1.0783339359424,-1.30132407771617,-0.139019696810836,-0.937916186701224,-0.703062607592419,-0.816291334720221,0.641874101642683,-0.177437501490725
"306",306,"female","other","yr2","Other","math01","Visual",1.13453104852624,0.50166995578129,-1.37911312727425,-0.629072218925203,0.758399746140237,0.167760369195261,-0.219446095201799,0.0298770438770208,0.343941670664375,-0.135578736861035,-0.0877891652987442,-0.0490578920692453,0.0658834988149061,0.498832176892588,-0.0161769602403456,-0.358437539416235
"307",307,"female","white","yr3","Other","other","Kinesthetic",0.109040770348276,-0.223599873748317,-1.48110108094177,0.212231306916815,-0.848376503091276,-0.811546288150852,-0.725164451053812,-0.473204697354869,-0.453955349813269,-0.200784241668296,-0.522648011042411,-0.558335174704591,-0.565831265955271,-0.256551301643713,0.129540007373758,-0.19082945685267
"308",308,"female","white","yr2","Business","math03","Kinesthetic",1.45158690048207,-0.0589470637214636,-1.48110108094177,0.616720260314568,-0.642831092420342,0.335514135991574,0.231391270133207,-0.0911989211634558,-0.252577071662127,0.381259425830256,-0.582788172760609,0.198991422103274,-0.0609544158026358,-0.15558844052387,0.572524838295486,-0.19082945685267
"309",309,"female","Black","yr4","Other","other","Kinesthetic",1.18509484142555,1.41317437321821,-2.2028339263631,-0.322498738991831,0.877587971312763,0.850834109332424,0.851988292868455,0.424239192448152,0.415758699960837,0.62597805125927,1.3947885981991,0.816681532194101,0.585774741477271,0.250594034896242,0.0727952554186345,-0.298104193441065
"310",310,"female","Asian","yr4","Other","stats","Visual",1.33017877749584,0.633964356795012,-0.614906842424405,0.268088656889299,-0.565268333101357,-0.151014613022876,-0.786278164281101,-0.689759604274117,-0.138997940712291,-1.20791198796575,-0.569841962638907,-0.634677070912109,-0.595694326270727,-0.102993743987316,0.129540007373758,-0.1304961108775
"311",311,"female","white","yr2","Business","math02","Visual",1.13453104852624,0.494004190016942,2.73921332975191,-0.809234704921977,1.81748683292897,1.10245171438501,0.913126441423294,1.25914244045875,0.611721188119065,1.11197595630366,1.08595031998759,1.0045301508317,1.04864409205589,-0.557384140176613,0.71122336498988,-0.358437539416235
"312",312,"female","white","yr3","STEM","math02","Kinesthetic",0.698599742504166,0.228703783479396,-1.70184052466921,0.493420617327516,0.92886572092222,0.0680348714218675,0.0520061076682677,0.330720320034758,0.582652664112548,0.431985305225138,0.414996082080765,0.196935689117805,0.319624694199789,-0.0607476123698173,0.255634022676079,-0.1304961108775
"313",313,"female","Black","yr3","Other","other","Visual",-0.636082155377307,0.0463487147090878,1.25327419948074,-0.257530035903545,-0.12890990647743,-0.278991055297858,-0.485836371940611,-0.410664055562448,-0.0174036077102995,-0.417106671588377,-0.216739476861307,-0.348803879396887,-0.330062014677721,0.303188731432796,0.129540007373758,-0.237770847465895
"314",314,"female","Asian","yr5+","STEM","math02","Kinesthetic",-0.345234785425524,0.23684179255491,-1.05638572987928,-0.257530035903545,0.040244608915472,0.0314081950962238,-0.0721461328536373,-0.180566170852264,0.148629370294052,-0.417106671588377,0.151235970894821,-0.100849560030237,-0.0676569016776184,-0.0503990474507617,0.0531723031068516,0.171851225272812
"315",315,"female","white","yr4","Other","other","Kinesthetic",0.613880119021389,0.533935083270585,-3.17101611854799,-0.257530035903545,1.81748683292897,1.44947764110473,0.635071751255065,0.424239192448152,-1.09232026860227,0.377027261391183,0.129050691333206,0.738681793253794,0.40135988792448,1.359405048502,0.71122336498988,-0.19082945685267
"316",316,"female","white","yr1","Business","math02","Kinesthetic",1.53630652396485,1.07007454720152,-2.2028339263631,0.426690445340633,-1.00771376602119,-2.00745975170045,-1.6616343918212,-1.19254607671693,-0.552769112760349,-2.21911450985259,-0.62274841134993,-1.7227651461616,-1.17437036844919,-0.921480727793329,0.198889270720955,0.755025616674223
"317",317,"female","white","yr1","Other","math02","Kinesthetic",-0.223826662439294,-0.504621503795907,0.106826002996921,-0.257530035903545,0.619018939410184,-1.09552124266558,0.183391085439509,-1.16734825225164,-0.537591581310278,-0.779107078056692,-0.123946261311408,-0.520621417267777,-0.399402182723772,0.250594034896242,0.503175574948288,-0.251162802827841
"318",318,"female","Asian","yr1","STEM","math03","Kinesthetic",0.613880119021389,-0.16492895360505,0.429553400391885,1.13998432166878,0.0520607877808678,-0.0564195958988863,0.386839863091075,0.135149863809388,0.648319362554472,0.646079728907604,-0.315113350604057,0.215197798533602,0.272635841706657,-0.361740694716821,-0.0161769602403456,-0.298104193441065
"319",319,"female","white","yr1","STEM","math02","Kinesthetic",0.758964055091679,-0.09273171332702,-1.48110108094177,0.40019059746084,-0.143631792101784,0.124647261562159,0.198893916833472,0.0353912393360801,0.076456298978272,-0.0598895008764595,-0.797216757310058,-0.0174641568323531,0.0738920219645329,-0.113342308906371,-0.378147608562735,1.25784986436492
"320",320,"female","other","yr2","Health","math02","Visual",-1.28600544012071,0.690922127533091,-1.37911312727425,-0.304516868141927,0.817075961434683,0.0600680971323801,-0.488931095409462,-0.216280204748297,0.36529514159315,-0.571728371910996,-0.262628992260488,-0.287826507405054,-0.106605738747884,-0.557384140176613,-0.389812527814876,0.667227753700699
"321",321,"male","white","yr1","Other","math03","Kinesthetic",0.655900181857176,0.288883495544908,-1.15837368354681,-0.374667876837361,-1.14640710573792,-0.288197741002032,-0.332685635780381,-0.52958065431463,-0.415997248308286,-1.12293828865705,-0.866026907154423,-0.573496832517706,-0.485588347368724,-0.609978836713167,-0.333067775859753,0.180324928510815
"322",322,"female","Black","yr2","STEM","math02","Kinesthetic",0.833883158886257,1.09467390892646,-2.52556132375806,-1.95259310104909,0.877587971312763,0.732257474570342,1.10097189451854,1.25914244045875,1.63276239938853,0.246097466485833,1.3947885981991,0.743085370777747,1.15574660214151,-0.47759914033719,0.71122336498988,0.169807817988468
"323",323,"female","white","yr1","Other","math01","Auditory",-0.308546285922072,0.0397194975558179,0.75228079778685,-0.257530035903545,1.81748683292897,1.14360027261127,0.76730547071977,0.569646184932602,-0.00374301893164714,0.718368411999436,-0.185399688947851,0.72883791937609,0.651606298350684,1.11116690650565,0.641874101642683,0.0840533622992884
"324",324,"male","white","yr3","Business","stats","Kinesthetic",-2.2267760948159,-0.504621503795907,0.930546802085773,1.437533029242,1.0993316957042,0.606938634797715,0.429321651850872,0.395823456153301,0.167930877037581,0.54629292103963,0.843875041648734,0.545344496743574,0.426236740746558,-0.567892948909772,0.459035334385239,0.00424314270924796
"325",325,"male","white","yr2","Business","math03","Kinesthetic",-0.24217091219102,-0.390501604836806,-1.48110108094177,-0.516523532718571,-0.545963765589526,-0.139581084803282,-0.161419086452963,0.174881513374227,0.426005052727701,-0.301436834242565,-0.226886627724459,-0.191653692898863,0.0183519882448835,-0.652224968330666,-0.194369249165358,0.309465323699159
"326",326,"female","white","yr3","Other","other","Visual",0.965091801560686,-0.276381705877704,-0.436640838125482,-0.726004007448409,0.15419826351249,0.204387045520904,0.633913325798928,0.740155128983303,0.660760799161793,-0.688669660429233,0.963743244694364,0.158814662515975,0.596438377221263,0.704984431085539,-0.0612567929433283,0.40826635704955
"327",327,"female","white","yr1","Other","math02","Kinesthetic",0.613880119021389,0.339684292440883,-0.835646286151844,-0.614048472121741,0.376083381894326,-0.130952797942106,-0.28867495661162,0.0085646314396924,-0.897717707513621,-0.0754110696027462,0.556650336705163,-0.0712116962505734,-0.176862997070003,0.498832176892588,0.0531723031068516,-0.1304961108775
"328",328,"female","white","yr2","STEM","math02","Visual",0.74916353540348,-0.0635952456413219,0.208813956664447,-0.431340928133675,-0.531677328917182,-1.05858021178433,0.456068724500897,-1.0087262437197,-0.425470119802686,0.0273499034900352,0.589024560668896,-0.143560745256625,-0.352373076007425,-0.456581522870873,-0.130606056290526,-0.358437539416235
"329",329,"female","white","yr2","STEM","stats","Visual",-0.747010260864134,-0.282538679719808,-1.05638572987928,-0.894212628246767,1.81748683292897,1.44947764110473,0.782371713603226,1.25914244045875,1.34584695166851,1.38490116667583,0.657834710513261,1.10335316616515,1.10869308945168,0.498832176892588,-0.0161769602403456,0.719087396437866
"330",330,"female","white","yr1","STEM","math02","Kinesthetic",-0.995158070168927,-0.115636948631319,1.89872899427067,1.20495302475707,0.105097753467271,-0.304584397297092,-0.210973433448603,-0.435155329847285,-1.05762303223874,0.0975302060633539,-0.21099923276555,-0.14999843258151,-0.371628593841288,-0.868725787442672,-0.0161769602403456,-0.358437539416235
"331",331,"female","white","yr3","Other","other","Kinesthetic",-0.260515161942746,-0.0667346356389353,1.25327419948074,-0.257530035903545,1.6684893207683,0.585243292903436,0.307567761288964,0.424239192448152,0.0612734917223705,0.594095850298457,0.589024560668896,0.490089633336733,0.441008362017488,-0.361740694716821,-0.604878758776177,0.180324928510815
"332",332,"male","white","yr1","Business","math02","Kinesthetic",1.53630652396485,0.556082385986046,-1.27712517360672,-1.19319349891783,-0.257585446698801,-0.335679546704271,-0.653637732846352,-0.391236546296121,-0.120674710394854,-0.857069535371386,-0.184365252897574,-0.522116037902935,-0.404463447992579,-1.16971886978968,-0.604878758776177,0.0540593781620702
"333",333,"female","white","yr1","Other","math01","Kinesthetic",0.109040770348276,0.344804717671908,0.429553400391885,-0.471989174327363,0.0156698925028358,-0.278991055297858,-0.485836371940611,-0.410664055562448,0.105025882062573,-0.546935856129157,-0.113960415410116,-0.371052772260431,-0.298219096618663,-0.910971919060171,-0.478784743473856,-0.358437539416235
"334",334,"female","other","yr2","Business","math02","Visual",0.0303322080090373,-0.287186861639666,0.00483804932939524,-0.412836395296413,0.164051094300771,0.685384267616889,1.10097189451854,1.00103134244096,-0.230662763560405,0.886107516203114,-0.0232829844311451,0.732051364393415,0.724183444676228,-0.309145998180267,0.572524838295486,-0.0232213742891059
"335",335,"female","white","yr1","Other","math01","Auditory",-0.429954408908301,-0.504621503795907,1.59276513326809,0.590001496669228,0.92886572092222,1.44947764110473,1.10097189451854,1.25914244045875,1.55408529995586,1.38490116667583,1.3947885981991,1.27095790126331,1.15001643262237,0.250594034896242,0.0531723031068516,0.719087396437866
"336",336,"female","white","yr1","Business","math02","Visual",0.212104643582779,-0.504621503795907,-0.113913440730517,-0.861848822049059,-0.704413014473746,-0.278991055297858,-0.485836371940611,-0.410664055562448,0.0612734917223705,-0.417106671588377,-0.216739476861307,-0.348803879396887,-0.377896607406748,-0.361740694716821,-0.604878758776177,0.180324928510815
"337",337,"female","white","yr3","Business","other","Auditory",0.783319365986944,0.731890788932904,-0.614906842424405,-0.978734360494012,1.54781266389099,1.28650804931761,1.10097189451854,0.953188096879782,1.26787643971633,1.33298922435724,1.3947885981991,1.2054716194869,1.05618911854261,0.810173824158647,0.641874101642683,-0.1304961108775
"338",338,"male","white","yr1","STEM","math04","Visual",-1.93592872486411,-0.504621503795907,2.51847388602447,1.17816906986855,-0.0705436388482518,0.698451322649992,0.424714267497651,1.02164545711851,-0.292143811210454,0.922051040795146,-0.979243122685701,0.460531817623022,0.480721955035291,-0.868725787442672,0.572524838295486,-0.358437539416235
"339",339,"female","Asian","yr1","Business","math03","Kinesthetic",-0.405599098013037,-0.388520569603394,3.28268017087431,0.408833693837096,-0.253026339527997,-0.192356293057864,-0.296508462245741,-1.1013147295289,-0.547131346596649,-1.12141874258645,-0.668266445747495,-0.510346827730199,-0.619827752505681,-0.309145998180267,0.0531723031068516,-0.0232213742891059
"340",340,"female","white","yr2","Business","math03","Auditory",1.13453104852624,0.45010049610246,1.25327419948074,-0.257530035903545,-1.73699761509802,-0.933413657040248,-1.95664102848756,-1.96719620816048,-1.00000738197091,-1.61805632311211,-0.000685584478764212,-1.22676434502223,-1.70335136749981,-0.0607476123698173,0.572524838295486,0.0371119716860642
"341",341,"female","white","yr2","Business","math04","Visual",0.529160495538612,-0.0535587526622156,-1.37911312727425,0.643439023959908,-0.490252410096007,0.544925688557294,0.413800680376824,0.751177986720999,-0.914468088397375,0.589227226293342,-0.326735945145241,0.39703241978084,0.243961046104531,-0.662733777063824,0.572524838295486,-0.19082945685267
"342",342,"male","white","yr1","Other","math01","Auditory",1.53630652396485,0.67718193925646,1.59276513326809,-0.491405232023832,0.437483405818103,-0.352853006697932,-0.595337987717005,-0.197597101443677,0.681830896685953,-0.231348929292138,0.149931534697505,-0.309015931840437,-0.128533390695306,-0.113342308906371,-0.283341464824338,0.435730874047904
"343",343,"female","white","yr5+","Health","stats","Kinesthetic",0.381543890548334,-0.0651040375635667,-2.2028339263631,1.11875213317156,-1.24854458146954,0.220342455641116,-0.0206879421632313,0.424239192448152,0.0436771817037621,-0.268289689003731,-0.0143733542250383,-0.00756873410604346,0.0342838035003481,-0.414335391253375,0.71122336498988,0.82636213302626
"344",344,"female","white","yr2","Business","math03","Kinesthetic",1.10037521794278,0.341665327674295,0.429553400391885,-0.621940322859395,-1.73699761509802,-1.29023958516606,-1.090979433937,-0.905085531509265,-0.903868038368159,-1.38519710234989,-0.968566326525674,-1.16834818186623,-1.00311327650221,0.498832176892588,0.446430822993165,0.570470127634652
"345",345,"male","white","yr2","STEM","math02","Auditory",1.53630652396485,0.722716231246311,-2.84828872115303,1.38943107333971,1.53961323351456,0.598016103743357,0.789701479059932,0.61958248795895,-0.668440587636732,1.21579984094083,1.17654652141072,0.85020204139923,0.556906737800891,-0.921320483979226,0.503175574948288,-0.298104193441065
"346",346,"male","white","yr1","Business","math02","Auditory",-0.747010260864134,-0.504621503795907,2.84120128341943,0.643439023959908,0.793302209713493,0.585243292903436,0.642813669894728,0.903056820109776,0.975446519317171,0.885241731496819,1.13395823104356,0.71634049299872,0.770880035682151,-0.662733777063824,-1.19358055731201,0.22726631912404
"347",347,"female","white","yr2","Other","other","Visual",-0.995158070168927,-0.388520569603394,1.47401364320818,-1.158499095767,1.51965677731469,1.23159098550932,0.969902041722884,1.03548420968198,0.33095394724893,1.33298922435724,1.3947885981991,1.15425531272458,0.91178618125103,1.30681035196544,0.394332549370473,1.25784986436492
"348",348,"male","white","yr1","Business","math02","Visual",-0.617737905625581,-0.282538679719808,2.1194684379981,0.452497582573037,0.531803896335283,0.136458147703625,0.167597564397509,0.248021684245315,-0.0187972568971607,0.625545663595086,0.936147160270799,0.359922418978003,0.200927069463362,1.0585722099691,-0.092544664507252,0.922633699237787
"349",349,"male","white","yr1","Business","math02","Visual",-0.979346489337189,-0.504621503795907,2.29773444229703,1.3087819481455,1.40259686892635,1.44947764110473,1.10097189451854,1.25914244045875,1.1566881339539,1.38490116667583,1.3947885981991,1.27095790126331,1.14301405601448,-0.050238803636659,-0.409435480126659,-0.358437539416235
"350",350,"female","white","yr2","Other","math02","Auditory",-0.05438741547374,0.0478575066313326,-1.48110108094177,-1.22584614731703,-0.512372761405351,-0.581810627395783,0.286654209548427,0.140992021011897,-0.529371584104493,-0.360267620932274,-0.582788172760609,-0.273682789353995,0.0205820599244639,0.197999338359688,-0.231243191201646,-0.358437539416235
"351",351,"male","white","yr1","STEM","math02","Kinesthetic",-0.575038344978591,-0.441034515904558,1.69475308693561,-0.513824960937239,0.92886572092222,1.31312546700569,0.75148751435022,0.998668749988338,1.45081419727131,1.17087867928392,1.30549683297328,1.07088637767939,0.922788300310255,0.197999338359688,-0.466180232081782,-0.237770847465895
"352",352,"female","white","yr1","STEM","math02","Kinesthetic",-0.123295458124779,0.306585754288362,-1.48110108094177,-1.16876417546795,0.21759855468481,-0.313168533976749,-0.266594073247045,0.0850185870393813,-0.306575814769194,-0.0290557501239577,0.435528306828056,-0.125321241806085,-0.0742132445272803,-0.67308234198288,-0.0161769602403456,-0.298104193441065
"353",353,"female","white","yr2","STEM","math03","Visual",1.53630652396485,0.168606622743704,0.00483804932939524,-1.0663775602127,-1.73699761509802,-1.39570501471352,-1.51093606497398,-2.08047055158365,-1.33358238791022,-1.9942612918679,-1.60298079484026,-1.54403757396711,-1.6490247772674,-0.61013908052727,0.198889270720955,-0.19082945685267
"354",354,"male","white","yr3","Business","math03","Visual",-0.345234785425524,0.5178634226025,0.208813956664447,-0.257530035903545,0.040244608915472,-0.278991055297858,-0.485836371940611,-0.410664055562448,0.0612734917223705,-0.417106671588377,-0.216739476861307,-0.348803879396887,-0.301808322254205,-0.361740694716821,-0.604878758776177,0.180324928510815
"355",355,"female","white","yr1","Business","math03","Visual",0.34738805996487,0.341665327674295,-0.113913440730517,0.226187679036249,-0.82002006948261,0.285921527017283,0.137028490120089,-0.0433556756022771,-0.382488865977982,-0.584773839501497,-0.10236068325354,-0.0396373237581501,-0.109383363089959,-0.609978836713167,-0.333067775859753,-0.358437539416235
"356",356,"female","white","yr5+","Business","math03","Kinesthetic",1.3668672769993,-0.0682434275611801,-1.15837368354681,-0.0675002209296103,-0.510373835002941,-0.0745168615728146,-0.434156367012007,-0.11390609330617,-0.620364702655274,-0.476009394568645,-0.295685336762026,-0.295151224049659,-0.322742755490427,-1.06452947671657,-0.52851105450927,-0.298104193441065
"357",357,"female","white","yr1","Business","math02","Kinesthetic",-1.79084478879382,-0.390501604836806,2.62046183969199,0.203369294775012,0.487131329732386,1.44947764110473,1.10097189451854,1.25914244045875,1.47540820052319,1.38490116667583,1.3947885981991,1.27095790126331,1.09391083260394,1.359405048502,-0.130606056290526,0.268608851338859
"358",358,"female","other","yr3","STEM","math02","Visual",1.53630652396485,0.642102365870527,-2.2028339263631,-0.974021047184357,-0.820055647807907,-1.01977084312479,-0.182002838092817,-0.503082008161692,0.101072979805458,-1.10894327537553,-1.3021901890954,-0.814259550308395,-0.321245537140298,-0.309145998180267,0.0727952554186345,-0.177437501490725
"359",359,"female","white","yr5+","Health","stats","Kinesthetic",-1.0798776936517,-0.281029887797563,1.79674104060314,-0.0831426966365642,-0.950513978822897,0.324852128423705,-0.755709090003681,-0.368463065330279,-0.0779735509908161,-1.12198874296603,-1.10093710708532,-0.514529400977029,-0.493617980710044,-0.403826582520216,0.572524838295486,-0.358437539416235
"360",360,"male","white","yr3","STEM","math03","Kinesthetic",1.45158690048207,0.0571538704710491,1.15128624581321,1.39691387858701,-0.663023673977869,0.218764149851728,0.252262246466109,-0.0141425407030222,-0.338190188829656,-0.174189600418623,-1.02006424709894,-0.0297576436773341,-0.0386924834347662,-0.145239875604814,0.268238534068152,-0.298104193441065
"361",361,"male","Black","yr1","Other","math02","Auditory",-0.64394638762963,0.857555972793356,-2.54232486015045,-0.257530035903545,0.738242742908007,1.44947764110473,1.10097189451854,1.25914244045875,1.34359019232964,0.834123637593966,1.3947885981991,1.12595152114467,1.10119019285244,-0.361740694716821,-0.604878758776177,0.180324928510815
"362",362,"female","Black","yr2","Health","math02","Kinesthetic",-0.345234785425524,-0.441034515904558,-1.88010652896813,1.08707476567496,0.040244608915472,-1.71343138836664,-0.485836371940611,-0.410664055562448,0.0612734917223705,-1.53392168731165,-0.216739476861307,-1.09894042716497,-0.301808322254205,-0.662573533249721,-0.0161769602403456,0.180324928510815
"363",363,"female","white","yr1","Health","stats","Kinesthetic",0.698599742504166,0.633964356795012,-1.48110108094177,-0.987135659439315,-1.28197061694664,-0.31809060977055,-0.282072469313458,0.0389404371999211,-0.997599375766342,-0.861760373504891,-0.97685364107227,-0.514071846671257,-0.346438480632443,0.404151592552639,0.641874101642683,-0.358437539416235
"364",364,"male","white","yr1","Other","math02","Kinesthetic",-0.807374573451647,-0.216970656595047,0.106826002996921,-0.930735758396556,-1.02407704844877,-1.30131706967399,-0.442644557924851,-0.645545045950415,-1.03012948167055,-0.897135524981341,-0.489632305930023,-0.82080877151245,-0.638702592589531,-0.361740694716821,-0.52851105450927,-0.358437539416235
"365",365,"female","Black","yr3","Health","stats","Visual",-1.33656923302002,-0.171085927447153,-1.26036163721433,-0.257530035903545,0.040244608915472,-1.14322540349915,0.307567761288964,-1.24556730357305,-0.137425091278608,-1.31811059072048,-0.216739476861307,-0.656489843600575,-0.392521782406064,0.197999338359688,-0.333067775859753,0.180324928510815
"366",366,"male","white","yr3","Business","math01","Auditory",-0.284870472838011,0.122721893595809,2.29773444229703,-0.257530035903545,0.040244608915472,-0.43069004076832,-0.485836371940611,-0.410664055562448,-0.032457845675813,-0.417106671588377,-0.348670141820118,-0.412355610863119,-0.314876954758849,0.551426873429142,0.515780086340362,1.08176807856335
"367",367,"female","white","yr3","Other","math02","Visual",0.698599742504166,0.0571538704710491,-0.334652884457956,0.226051922909878,1.81748683292897,0.585243292903436,-0.497849579585347,0.424239192448152,-0.608545500454727,0.483897247543727,0.44552191053474,0.236998056900854,0.102237772582077,-0.567892948909772,-0.333067775859753,-0.358437539416235
"368",368,"female","white","yr2","Health","stats","Visual",1.53630652396485,0.699060136608606,-0.113913440730517,-0.0528158262436751,-1.17159813251329,-0.467553989084208,1.10097189451854,-0.644283879295402,-0.986285117693837,-0.950743171978139,-0.899926030012209,-0.219917066517162,-0.14772059485482,-0.102993743987316,0.572524838295486,-0.19082945685267
"369",369,"female","white","yr3","Health","stats","Kinesthetic",-0.24217091219102,-0.280557644486396,1.47401364320818,0.616720260314568,-0.33683718475493,0.585243292903436,0.386839863091075,0.387618706498169,-0.119478235798825,0.151073433041923,-0.920728268800596,0.218594951129096,0.222530543208333,-0.662573533249721,0.71122336498988,-0.298104193441065
"370",370,"female","Black","yr1","Other","math02","Auditory",1.3668672769993,0.749593047676358,-2.64431281381798,1.22791965347137,-0.773360580085927,-0.990917819279904,-1.12186363319,-0.410664055562448,-1.06645305824344,-0.417106671588377,-0.368830885565792,-0.756626858166334,-0.747972412094548,-1.11712417325312,-0.268364990844987,0.80688525941139
"371",371,"female","white","yr2","Other","other","Kinesthetic",0.595535869269663,-0.056966028488052,-1.59985257100168,0.498907192475636,-0.805133215151186,-0.979840334771976,-0.025783537534218,-0.554642166489299,-0.503729501717621,-0.75873033728345,-1.51368902961444,-0.693682818347464,-0.373244266294422,-1.11712417325312,0.0601907440265608,-0.103031593879146
"372",372,"male","white","yr3","Business","math02","Kinesthetic",0.329043810213144,-0.261346593820697,-0.555392328185394,-0.142734003718847,1.68192332172024,0.909411048879556,0.665952485553083,1.08332745524316,1.141505326698,1.06475485211857,1.3947885981991,0.902916606589625,0.961353067808618,-0.102993743987316,0.00344599207143733,-0.358437539416235
"373",373,"male","white","yr2","STEM","math03","Auditory",-0.747010260864134,-0.388520569603394,1.47401364320818,-0.995860977995026,0.040244608915472,-0.278991055297858,0.13437293293923,-0.716618399141417,0.453716801465819,-0.417106671588377,0.367852739850107,-0.121213918692988,-0.163579124367153,-0.113502552720474,-0.459161791162073,0.240658274485986
"374",374,"female","white","yr2","Other","stats","Visual",1.28214765351652,0.422686688480874,-1.26036163721433,-0.944114184282331,-0.190768954069888,0.269627722522371,0.445967379541324,0.304463950028202,0.00466194725711162,0.580802287809785,0.620854825320187,0.425571447946,0.242051432451177,-0.102993743987316,0.324983286023276,-0.298104193441065
"375",375,"female","white","yr3","STEM","math04","Kinesthetic",-0.0727316652254659,0.00150053417227142,1.25327419948074,0.605254275760135,-0.954130727311857,-0.29147319208247,-0.470018415571061,-0.498266209529538,-0.644958705907159,0.42345451716053,-1.01378291689951,-0.219931405496759,-0.530309172776175,0.0021956490857923,-0.149289416462375,1.19751651838975
"376",376,"male","white","yr1","Business","math02","Visual",-0.345234785425524,0.5178634226025,0.208813956664447,-0.497078066896574,0.040244608915472,-0.278991055297858,-0.485836371940611,-0.410664055562448,0.0612734917223705,-0.417106671588377,-0.216739476861307,-0.348803879396887,-0.301808322254205,-0.361740694716821,-0.604878758776177,0.180324928510815
"377",377,"female","white","yr5+","STEM","other","Kinesthetic",-0.139107038956517,0.0066209594032965,-3.06902816488047,0.643439023959908,0.253953871637545,-0.075872812230869,-0.149108006735221,0.0814693891755402,-0.0673185345128975,-0.423409453415371,-1.10448033705431,-0.302221428433575,-0.000484540069266754,-0.652224968330666,0.572524838295486,0.279125961861207
"378",378,"female","other","yr1","Other","math01","Auditory",0.34738805996487,-0.331562798865315,1.47401364320818,0.466636662439002,-0.961018698299212,-0.836932558065629,-0.597678419922278,-1.28928286095989,-0.293362963381785,-0.55014484701224,-0.357261773599216,-0.606353613410019,-0.826218078568153,-0.309145998180267,-0.459161791162073,-0.358437539416235
"379",379,"female","white","yr3","STEM","math02","Visual",-0.139107038956517,-0.00767402351432128,-1.26036163721433,1.54440808382336,0.674113984540966,-0.280762482895972,0.642401516711771,-0.201582808517055,0.897276708769509,0.702754445650257,0.714975339452009,0.344186481548021,0.324646363641885,0.810173824158647,0.572524838295486,0.719087396437866
"380",380,"female","Asian","yr1","Business","math03","Kinesthetic",0.510816245786886,-0.0993609304802899,-1.26036163721433,-0.629239722025429,-0.659406925488909,0.496612928974936,0.176813033468896,0.353165839257149,-1.05089153139292,0.425066460854018,-0.539065051298194,0.25276945661355,-0.0214439596517141,-0.921320483979226,0.394332549370473,-0.237770847465895
"381",381,"female","white","yr1","Business","math03","Kinesthetic",0.698599742504166,-0.0443841949756229,-1.15837368354681,-0.289986580469547,-0.978705443724493,-0.792093071818869,-0.790613699431315,-0.623099526728023,-0.552769112760349,-1.37964047951009,-0.715290544013092,-0.90173366955385,-0.671504818072929,-1.16971886978968,0.179266318409172,0.306590478859561
"382",382,"female","white","yr1","STEM","stats","Kinesthetic",-0.345234785425524,0.5178634226025,-1.15837368354681,-0.257530035903545,0.040244608915472,-0.278991055297858,-0.485836371940611,-0.410664055562448,0.0612734917223705,-0.417106671588377,-0.216739476861307,-0.348803879396887,-0.301808322254205,-0.309145998180267,-0.218638679809573,0.719087396437866
"383",383,"female","white","yr2","STEM","math04","Auditory",0.648035949604853,-0.388520569603394,4.14887440939168,-0.744035754210127,1.07786323308289,0.62065191935563,-0.397663926042699,0.922209866258809,0.297927024427155,0.388604150971157,0.034687910141517,0.201274150782676,0.376165041570803,0.292679922699637,-0.130606056290526,-0.358437539416235
"384",384,"female","white","yr1","Other","math02","Visual",0.381543890548334,-0.272419635410881,0.429553400391885,1.2771045806489,0.480384752735429,0.210195296218947,0.163229247185066,0.621038628357622,0.336725558508849,0.64131695448354,-0.0132693915486224,0.276174564348622,0.386676200735451,-0.102993743987316,0.129540007373758,-0.358437539416235
"385",385,"male","white","yr2","STEM","math02","Kinesthetic",-0.326890535673798,-0.215461864672803,0.106826002996921,0.520139380972856,-0.201073126513836,0.060523512049686,-0.174241925338517,0.0699186678208946,-0.0858343543761054,-0.318066022707596,-0.201866514882779,-0.132802478295036,-0.0621160915059844,0.704984431085539,-0.0161769602403456,0.00424314270924796
"386",386,"male","white","yr1","STEM","math03","Kinesthetic",0.89424747147377,-0.390501604836806,0.106826002996921,1.3032301817542,0.500400361977261,0.53613447979318,0.883624205607555,1.25914244045875,0.416252365077223,1.17725339740148,-0.997385865819561,0.592185718339359,0.877266255083847,-0.414335391253375,0.179266318409172,-0.298104193441065
"387",387,"female","white","yr2","STEM","stats","Visual",-1.28600544012071,0.0066209594032965,-1.59985257100168,-0.257530035903545,0.040244608915472,-0.278991055297858,-0.485836371940611,-0.410664055562448,0.0612734917223705,-0.417106671588377,-0.216739476861307,-0.348803879396887,-0.301808322254205,-0.361740694716821,-0.604878758776177,0.00424314270924796
"388",388,"male","white","yr2","Other","math04","Kinesthetic",-0.429954408908301,-0.390501604836806,0.930546802085773,0.511805340127913,1.22669577653649,1.09346738381216,0.688448987055604,1.11549229127535,0.114083380796204,0.939381680053022,0.487619724164061,0.828909994805383,0.791185202794391,-0.662573533249721,0.572524838295486,-0.19082945685267
"389",389,"male","Black","yr2","STEM","math03","Kinesthetic",-0.223826662439294,-0.504621503795907,-1.15837368354681,0.643439023959908,0.793302209713493,-0.097924197836813,0.425457074815843,0.146372623420583,0.247827128641582,0.261272035796653,-0.273066146340574,0.11551662189449,0.309328758275272,-0.309145998180267,0.0531723031068516,-0.298104193441065
"390",390,"female","other","yr1","STEM","stats","Visual",1.18509484142555,0.0591349057044608,1.25327419948074,-0.162276556639759,-1.14262538854189,-0.482900800455633,-0.097276586501945,-0.338161820813845,0.94461783213703,-0.138068289954981,0.0877945841445965,-0.204756332437257,-0.146022086210935,-0.0503990474507617,0.109917055061975,-0.19082945685267
"391",391,"female","white","yr2","Health","stats","Auditory",-0.50866297124754,-8.25774997340045e-06,1.5760015968757,0.643439023959908,-0.224194989546993,0.0910100627080788,0.488935655575955,0.146372623420583,0.613750695481322,0.214916716317864,-0.558493065140225,0.146598871594474,0.276920888690843,-0.662573533249721,-0.0161769602403456,-0.358437539416235
"392",392,"female","white","yr1","Other","math03","Kinesthetic",0.177948812999316,-0.504621503795907,1.5760015968757,-0.0926968520988692,-1.57473107069248,-0.128503600295354,0.224027835436768,0.265489124046264,-0.764332125692214,0.614544527362258,0.055150360033825,0.185031161128132,-0.0933156354048597,-0.0503990474507617,0.357458607334185,-0.19082945685267
"393",393,"female","white","yr1","Health","stats","Auditory",-0.405599098013037,-0.168418780760706,-1.15837368354681,-0.885124890600357,0.930318574301699,-0.383576829346569,0.158697220301708,-0.486520514431233,-0.52273664194025,0.104102051019007,-1.03892055464729,-0.174300294460104,-0.11278915632091,1.30681035196544,0.426807870681382,-0.1304961108775
"394",394,"male",NA,"yr1","STEM","stats","Auditory",0.478596702639298,0.492495398094698,-1.05638572987928,-1.14579614198159,0.799989633668481,-0.0885243903239125,-0.0125148762259743,0.274344363074997,0.813155865962794,0.554029860688502,0.697493256850007,0.195466222569183,0.296128604667759,-1.22231356632623,-0.142270975542666,-0.358437539416235
"395",395,"female","white","yr2","STEM","math03","Auditory",0.432107683447647,0.34980333674981,-0.334652884457956,-0.776917333343047,-0.969053159968578,0.182746924650748,-0.304153352678034,-0.232486477894233,-0.561179354754938,0.319558696232793,-0.866026907154423,-0.0366290386550948,-0.364704205976652,-0.309145998180267,0.324983286023276,-0.0616890616643272
"396",396,"female","other","yr1","STEM","stats","Kinesthetic",0.0303322080090373,-0.0554572365658071,-1.48110108094177,0.313036552571895,-1.43096812910731,-1.73475540350237,-1.69259118395402,-1.2126290034867,-0.749996680815051,-1.46530811333931,-0.798891602593453,-1.46601630597632,-1.26282407324481,0.103158510205635,0.71122336498988,-0.0750810170262731
"397",397,"female","white","yr1","Business","math02","Auditory",-0.411610159156575,-0.279048852564151,-1.37911312727425,0.698962750728005,0.035010038339963,-0.501755636505556,-0.537318997958567,-0.236035675758074,-0.749277887726701,-0.591679231914457,1.00121360662527,-0.337458456127204,-0.365139366494462,-0.361740694716821,0.198889270720955,-0.358437539416235
"398",398,"female","Black","yr1","STEM","math02","Auditory",1.45158690048207,1.07007454720152,-2.10084597269557,0.0720183448012464,-0.933973724079627,-1.16267861983113,-0.921922619367747,-0.757585481559645,-1.05091420896822,-1.25536791780911,-1.02250351439151,-1.05633152856044,-0.830377246842222,-0.662573533249721,-0.604878758776177,-0.0147476710511029
"399",399,"female","white","yr1","Business","math03","Visual",-0.24217091219102,-0.15829973645178,1.69475308693561,-0.21067411625519,-0.431157675272109,-0.278991055297858,-0.485836371940611,-0.153739562955876,0.014401011138968,-0.59106316937033,-0.304456543619868,-0.404785796653399,-0.258121456273965,-0.361740694716821,-0.604878758776177,0.180324928510815
"400",400,"male","white","yr2","Business","math03","Kinesthetic",-1.97261722436757,-0.396658578678909,1.25327419948074,-0.315926167045485,0.182696091111553,-0.305192996045878,0.145070858610243,0.885394406565167,-0.190294311093893,0.483897247543727,1.30712214080638,0.219465362533348,0.378138068038843,-0.414335391253375,-0.422039991518733,-0.298104193441065
"401",401,"male","white","yr1","Health","math02","Kinesthetic",-0.533018282142804,-0.0392637697445979,-1.15837368354681,-0.199133904761605,-0.569050050297386,-0.685396494498106,-0.668388850754221,-0.372614688054865,-0.803148061543379,-0.139254352878688,-0.103665119450855,-0.438761602014349,-0.529085104820334,-0.620487645446326,-0.674228022123374,0.0317076597076019
"402",402,"female","white","yr2","STEM","math03","Kinesthetic",0.698599742504166,-0.279048852564151,-2.2028339263631,0.0434988716832745,-0.709031274686519,-0.845792085753718,-0.98423386850382,-0.484507452323159,-0.364535080696171,-0.264449739072628,-0.548989114484682,-0.655762037193857,-0.627279641942233,-0.557544383990716,0.71122336498988,0.0540593781620702
"403",403,"male","Asian","yr3","STEM","stats","Visual",-1.47378893683799,-0.504621503795907,-0.113913440730517,1.54440808382336,-0.541035557711485,0.555543545943645,0.340346570324553,0.483305197620526,0.205863149166085,1.17725339740148,-1.26629534931845,0.42722817190307,0.268626650400584,-0.921320483979226,-0.333067775859753,-0.298104193441065
"404",404,"female","white","yr1","Health","stats","Kinesthetic",-0.24217091219102,-0.102850757635946,0.429553400391885,0.0774656793753303,-0.38284478546358,-0.0473758320976512,0.423986989339107,0.556135394112579,0.628471569002819,-0.203012247905911,0.0236598842786137,0.0434239707824838,0.398666688798546,-0.67308234198288,0.641874101642683,-0.358437539416235
"405",405,"female","white","yr1","Other","math01","Kinesthetic",-1.04572186306824,-0.145245659628184,-0.614906842424405,-1.0663775602127,0.221815720832849,0.377171921760981,0.104955661126201,1.25914244045875,0.281789824143495,0.718021412583969,0.532697891189629,0.397838300468301,0.578103636898168,1.20162095889234,-0.422039991518733,-0.358437539416235
"406",406,"female","white","yr1","Other","stats","Visual",-0.157451288708243,-0.287186861639666,2.01748048433058,-0.204101544308843,0.230867586929685,0.422882299865106,0.510164332292078,0.443994663457929,0.78086663580382,0.767306189093217,0.0978390454459627,0.47921735750943,0.467562570440709,1.25421565542889,-0.0161769602403456,-0.1304961108775
"407",407,"female","Black","yr3","Health","stats","Visual",-0.64394638762963,0.274856398455513,0.650292844119324,-0.199133904761605,0.510194039723574,-0.587203401153766,0.392275018765199,0.437782170239088,0.331917673310199,0.0424867739806807,-0.0659525043541383,-0.0821602171804133,0.392984573463506,-0.61013908052727,-0.092544664507252,0.543005610636298
"408",408,"female","white","yr1","Business","math02","Visual",1.28214765351652,0.6116139161317,-2.2028339263631,-0.250957463957198,0.352997097186466,-0.278991055297858,-0.485836371940611,-0.410664055562448,0.0705415680631423,-0.306908068833647,-0.216739476861307,-0.319791256993367,-0.268559406471984,0.435728671622876,-0.604878758776177,0.180324928510815
"409",409,"male","white","yr3","STEM","math04","Visual",-0.728666011112408,-0.044179837492679,1.47401364320818,0.795444624995503,-0.0804320479618305,-0.0240622464367391,0.279736597274678,-0.27431220398023,-0.375984837861092,0.306265133744121,0.325754926220786,0.182839808738689,-0.0751760046457153,-0.0607476123698173,0.496157134028579,-0.298104193441065
"410",410,"female","white","yr5+","Health","stats","Kinesthetic",-1.20128581663793,0.34015653575205,-1.59985257100168,-0.791741146211309,-0.122021935490075,-0.426005236964763,-1.07547660254303,-0.657626955212838,0.177198953378353,-0.657134458883886,-0.436285989847003,-0.636081246639586,-0.587586798816522,-0.361740694716821,-0.53552949542898,-0.122022407639497
"411",411,"female","white","yr1","Business","math03","Kinesthetic",0.510816245786886,0.409900497485502,0.429553400391885,-0.257530035903545,-1.26704818428992,-1.50401983580092,-0.902281774193299,-1.63618035240684,-0.12766334982145,-2.04515801207063,-1.41096057752909,-1.41283898154326,-1.06578848994295,-0.309145998180267,0.0531723031068516,0.092041005682772
"412",412,"female","other","yr2","Other","math02","Visual",0.613880119021389,0.298447745212847,-2.2028339263631,-1.29817567720485,-0.894525497790324,-0.72440319717065,-0.502057575325216,-0.343971791045442,-0.2229058611549,-0.84872835787255,0.546675912381681,-0.519616093070645,-0.416652958336754,0.540918064695984,-0.161893927854449,-0.19082945685267
"413",413,"female","white","yr3","Business","math03","Visual",0.444440872055835,-0.281029887797563,-0.292179445029441,1.22770318886869,-0.550345900444636,-0.776137661698658,-1.27924050517019,-0.492960168364647,-0.709265477279506,-0.602922574037124,-1.02250351439151,-0.853670914037281,-0.757820555668313,-0.763536394369564,0.426807870681382,-0.298104193441065
"414",414,"female","white","yr1","Health","stats","Auditory",-0.223826662439294,0.152330604592674,-1.15837368354681,0.41923122288158,0.124912815676736,-0.316033208563561,0.214812366365381,-0.538910258334156,0.306608955367343,0.302510065163581,0.0665498668983446,0.0422017692624998,-0.0813576974521754,-0.0607476123698173,-0.333067775859753,0.34793301107438
"415",415,"female","white","yr4","Other","math04","Kinesthetic",1.04981142504346,-0.173066962680565,1.91549253066305,-0.314229889390063,1.6684893207683,0.0524355050133218,0.0559286024580209,0.5082921485514,0.0636814979269343,0.273091267307232,-0.68655987672311,0.0232692564095834,0.392110763560632,0.498832176892588,-0.941392526707367,-0.237770847465895
"416",416,"male","white","yr2","Other","stats","Visual",-0.968949588164878,-0.210813682752944,1.0325347557533,0.277200010005102,0.674113984540966,-0.113271009208238,0.190821344058574,0.25018105053361,0.159123528608182,0.490271965661279,0.289859262757133,0.175853201954136,0.248616350708772,-0.414335391253375,0.585129349687559,-0.298104193441065
"417",417,"female","white","yr2","STEM","math02","Kinesthetic",-1.66943666580759,-0.056966028488052,2.51847388602447,0.691570075400898,-0.209272556890272,-0.115605986570682,0.673282251009789,0.0726092220169673,-0.799761778912723,0.210972037171551,-0.266172222229479,0.161274393474837,0.112764794399556,1.25421565542889,-0.206973760557432,0.00424314270924796
"418",418,"female","white","yr1","Health","math02","Kinesthetic",-0.157451288708243,-0.0574382717992188,1.89872899427067,-0.380894870133771,-1.43896701245138,-0.418792333990036,-0.418636282715463,-1.40995962730394,-0.472985167611199,-0.834419573268025,-1.1209279975001,-0.5907890066347,-0.888380006089377,0.0444417807032908,0.300713855379061,-0.19082945685267
"419",419,"female","Asian","yr5+","Health","stats","Kinesthetic",1.53630652396485,0.0652918795465638,0.650292844119324,-2.00306825458769,-0.614675205844043,0.227970835555902,0.197827078371791,0.465837757819576,0.303951937792482,0.585565062233849,-0.499406504961448,0.21962109558579,0.22197498640389,1.20162095889234,0.572524838295486,0.474198561423125
"420",420,"male","white","yr3","Other","math04","Visual",-0.799510341199323,0.5178634226025,3.7073955219368,-0.257530035903545,0.32480563228487,-0.721220597890359,-0.405497431676819,-0.634322286339219,0.0951355713150269,-0.135578736861035,0.369427438317363,-0.326559369476608,-0.327666236157177,0.446237480356034,0.0531723031068516,0.144386708274459
"421",421,"male","white","yr3","Other","math04","Kinesthetic",-0.50866297124754,0.227073185404027,-1.27712517360672,0.525625956120976,-1.13148467308119,-0.162507574470863,-1.04142419976385,-0.66758854816902,-0.510566894278528,-0.706818394964861,-1.02250351439151,-0.624664537154295,-0.779422014312317,-0.361740694716821,-0.674228022123374,-0.358437539416235
"422",422,"female","white","yr3","Other","math04","Auditory",-0.24217091219102,-0.279048852564151,-1.70184052466921,-0.0232246582244933,0.92886572092222,0.578949983404705,0.109197326105803,0.478119568955499,0.975095973855996,0.163750932986468,0.481930089434142,0.311269832109704,0.449293430705259,-0.309145998180267,-0.357337206503967,0.416740060287553
"423",423,"female","white","yr5+","Health","stats","Auditory",-0.139107038956517,0.642102365870527,-1.88010652896813,-1.82588363106269,-0.191420842757921,-0.85288796818584,-0.977631381205657,-0.789523156877265,-0.312513223259625,-0.732135696033776,-0.716594980210407,-0.798906304036895,-0.681807298470445,0.355943671783452,-0.31344482354797,0.611812659849472
"424",424,"female","other","yr1","Other","math02","Kinesthetic",-0.429954408908301,-0.390501604836806,0.106826002996921,-0.447559850877479,0.117078901039737,-0.280406439184306,-0.861728264455817,-0.436053529480568,0.184793564376186,0.359611233884589,0.527579962753382,-0.155155715371265,-0.408083710042274,1.11116690650565,0.585129349687559,-0.177437501490725
"425",425,"female","other","yr1","STEM","math02","Visual",0.0243211468654989,-0.396658578678909,-0.835646286151844,0.20203141845904,0.785102779337057,0.121733885356716,-0.485836371940611,0.0837574203843681,0.249725721956485,-0.417106671588377,-0.0495048439083545,-0.201971284996469,-0.0100851113737372,-0.361740694716821,0.585129349687559,0.422338918685958
"426",426,"female","white","yr3","Other","math04","Auditory",0.244324186730367,0.192465855329261,-1.15837368354681,-0.6518562214574,0.346274094906181,0.314774550862166,-0.0481795458743805,0.294099834084775,0.186587471799035,0.0228561921946313,-0.0189790154543795,0.0914947097059407,0.158433773544535,-0.309145998180267,-0.0161769602403456,0.180324928510815
"427",427,"male","white","yr2","STEM","stats","Visual",0.381543890548334,0.286688592169628,2.51847388602447,0.681271796625883,1.81748683292897,0.576113689764622,0.330476415974442,0.554378550811528,0.528458179658533,1.38490116667583,-0.382890136313682,0.588453233349593,0.578620113589634,0.747230562703038,0.641874101642683,-0.19082945685267
"428",428,"female","white","yr3","STEM","math04","Visual",0.432107683447647,-0.0549849932546403,0.75228079778685,0.485444977822022,-0.600312190665011,0.0041821786593577,-0.143269604046042,0.344231110854781,-0.743483598891481,-1.10340010449389,-0.385548808281516,-0.370824684865998,-0.0795338588594136,0.0021956490857923,0.71122336498988,0.356406714312383
"429",429,"male","Black","yr1","STEM","math02","Visual",-0.429954408908301,-0.504621503795907,1.69475308693561,0.643439023959908,1.54635981051151,0.737550877122685,0.657879912778184,0.579440062986198,0.80290951319593,0.102221044196859,0.67669101806162,0.509413299902941,0.704715930604621,-0.361740694716821,-0.478784743473856,-0.298104193441065
"430",430,"male","white","yr1","STEM","math01","Visual",-0.395798578324837,0.457294018555641,-1.5830890346093,-1.55936194798944,1.09113226532777,0.895642543297518,0.961001697627084,0.460859678398135,1.28972001851296,0.535809189862316,0.977481623806476,0.786817492887967,0.778744549734417,-1.16971886978968,-1.13683580535688,0.00424314270924796
"431",431,"female","white","yr1","Other","math01","Kinesthetic",-1.66342560466406,-0.056966028488052,1.25327419948074,-0.257530035903545,-0.5139905834919,-0.523302006772626,-0.0864816326235616,-0.117119077005893,-0.930741478534219,-0.198157075858955,-0.40743607859196,-0.288135607406243,-0.255122268087196,0.953222573081886,0.324983286023276,-0.19082945685267
"432",432,"female","white","yr1","Other","math01","Auditory",1.13453104852624,0.523334284991568,-1.88010652896813,-1.32682341284901,-1.73699761509802,-1.8645519749941,-1.70768186216503,-1.04856796579008,-1.28247626231742,-1.70686296297775,-0.655122635313663,-1.55807866426626,-1.31039105959636,-0.858377222523617,-0.991118837742781,-0.251162802827841
"433",433,"female","white","yr2","Other","math01","Auditory",-2.02064834834689,-0.504621503795907,-2.96704021121294,-0.0698548523682406,0.040244608915472,-0.278991055297858,-0.485836371940611,-0.410664055562448,0.0612734917223705,-0.417106671588377,-0.216739476861307,-0.348803879396887,-0.301808322254205,-0.113502552720474,-0.604878758776177,0.180324928510815
"434",434,"female","white","yr1","Other","math02","Visual",-0.05438741547374,0.442999035638023,3.1639286808144,-1.04361904832315,-0.205655808401312,0.356694629740153,0.737894821898488,0.470821271354317,-0.145504313586147,0.148576363675648,0.241851351701156,0.370641578432412,0.377757217233621,0.446237480356034,0.641874101642683,-0.0616890616643272
"435",435,"female","white","yr2","STEM","stats","Auditory",-1.43963310625453,-0.274400670644293,1.91549253066305,-1.04569929368148,1.10621966669156,0.845094177558356,0.548478790164149,0.629571339756204,-0.520457205026074,0.344450116531928,-0.231782292170735,0.473739705087851,0.459030010926191,-0.102993743987316,0.00344599207143733,0.279125961861207
"436",436,"male","other","yr3","STEM","math03","Visual",-2.2267760948159,-0.504621503795907,1.69475308693561,-1.10506156847632,0.92886572092222,0.585243292903436,0.307567761288964,0.424239192448152,0.84701794555545,0.483897247543727,0.589024560668896,0.461077010933214,0.474988048466817,-0.361740694716821,-0.604878758776177,0.180324928510815
"437",437,"female","white","yr1","Other","math01","Visual",0.698599742504166,0.00860199463670815,1.47401364320818,-0.495316597997978,-0.818366669070764,-0.872756661457882,-0.631556849481776,-0.621006469262855,-0.679868864634803,-0.271710703228808,0.0239109671653514,-0.508912588583709,-0.620575964086867,0.446237480356034,0.0531723031068516,-0.19082945685267
"438",438,"male","white","yr1","STEM","math02","Visual",0.212104643582779,0.163958440823845,-1.27712517360672,-0.257530035903545,-0.405130105479994,-0.278991055297858,-0.485836371940611,-0.410664055562448,-0.0905526106952057,-0.847451588900366,-0.216739476861307,-0.462103270470252,-0.368484796049972,0.498832176892588,0.0531723031068516,0.719087396437866
"439",439,"female","white","yr1","Business","math03","Auditory",-0.50866297124754,-0.17155817075832,-0.113913440730517,-0.447559850877479,-0.242698592367377,0.585243292903436,-0.798274119023256,-0.297389712139277,0.0612734917223705,-0.529533280580722,-0.216739476861307,-0.184066291986169,-0.388434387336946,-0.0503990474507617,-0.218638679809573,-0.237770847465895
"440",440,"female","white","yr1","STEM","math02","Auditory",-0.157451288708243,-0.396658578678909,2.1194684379981,1.23758600656555,-0.53852972157924,0.344305344755688,-0.548563239214629,-0.617082007252841,-0.365536034697565,-0.229515611898533,-0.406945353625282,-0.139463083657121,-0.519799546282518,-0.361740694716821,-0.604878758776177,0.180324928510815
"441",441,"female","white","yr1","Business","math02","Auditory",0.880372178077908,0.401762488409987,-2.2028339263631,-1.10209919472424,0.338275211562112,-0.138116999298203,-0.321541887686678,-0.623099526728023,0.0638246175821457,-0.384044914598261,-0.16280228899547,-0.246733532043803,-0.299192704578067,0.39364278381948,0.324983286023276,-0.237770847465895
"442",442,"female","white","yr2","Other","math02","Kinesthetic",-0.575038344978591,-0.504621503795907,0.930546802085773,-0.332763818692781,-0.609440635268534,0.406386609920084,0.633913325798928,0.904821915831494,-0.209104497478002,0.284780266333979,-0.338374845860857,0.328162342706461,0.460187641715757,0.498832176892588,0.641874101642683,-0.237770847465895
"443",443,"female","Black","yr1","Business","math03","Visual",1.3668672769993,0.454276434711151,-1.15837368354681,0.27321683069797,0.3449626355171,0.238632843123771,-0.485836371940611,-0.431606131983444,0.0258665160771631,0.0652221243327594,0.16090895119457,-0.0133879786807829,-0.283629034142311,-0.414335391253375,0.198889270720955,0.515055033783425
"444",444,"female","white","yr1","Business","stats","Visual",0.74916353540348,0.362034733104196,0.429553400391885,0.802525492701671,-0.0671630157169555,-1.22699549115233,-0.0794758983103436,-0.317145183149054,0.25227684781626,-0.30765422782084,0.589024560668896,-0.423228766121043,-0.118855209067798,0.75741888380799,0.585129349687559,0.240658274485986
"445",445,"female","white","yr2","STEM","stats","Kinesthetic",0.965091801560686,0.00046398556119341,0.930546802085773,0.798239822407034,-0.821673469894456,-0.0355951458619731,-0.0408497804176742,-0.00497834635124371,-0.632645838590225,0.0785156868214314,0.0260991515711886,0.00186305315408954,-0.187289276760541,0.953382816895989,0.572524838295486,-0.358437539416235
"446",446,"female","white","yr1","Health","stats","Kinesthetic",1.07601990704751,0.232193610635052,0.106826002996921,0.650512922827283,-0.557068902724921,0.173900494862512,0.589436434094189,0.89890519738519,-0.0292228099108466,-0.306908068833647,1.30712214080638,0.278039427599156,0.473962244328621,-0.113502552720474,0.572524838295486,0.092041005682772
"447",447,"female","Asian","yr1","STEM","stats","Auditory",-1.28600544012071,-0.279048852564151,0.106826002996921,-0.415289320840845,0.92886572092222,1.06881451553093,0.665952485553083,0.880283339143935,1.10764324710535,0.860718278843639,0.720955225627707,0.821656222412641,0.801929263657684,-0.00815291583326325,-0.0682752338630375,0.444204577285907
"448",448,"female","white","yr1","Other","stats","Visual",-0.710321761360682,-0.215461864672803,0.429553400391885,-0.257530035903545,-0.974287730544087,-0.995795744892187,-1.27924050517019,-1.24556730357305,-0.724470962110709,-1.19050941241732,-1.02250351439151,-1.07821254819548,-1.09147016171874,-0.361740694716821,-0.478784743473856,0.180324928510815
"449",449,"female","white","yr4","Other","math04","Auditory",-0.720801778860084,-0.504621503795907,-1.05638572987928,-0.257530035903545,1.81748683292897,0.77687278672671,0.905696182804229,0.908371113695336,0.0310385705056089,1.38490116667583,-0.475381659611005,0.789686958442102,0.830949147407168,0.810173824158647,0.109917055061975,0.259649088246336
"450",450,"female","white","yr1","Other","math01","Auditory",-0.728666011112408,-0.395149786756664,3.18069221720678,-0.733126156849826,1.81748683292897,0.514370818974927,0.377939518995274,0.973802211557329,1.32838470749843,0.890798354336619,1.22755396524615,0.637921024166961,0.86612715752241,1.359405048502,0.71122336498988,-0.0232213742891059
"451",451,"female","other","yr2","Other","stats","Visual",1.04981142504346,-0.388520569603394,1.69475308693561,-0.506976787574471,0.0864527566564891,0.831890120543587,0.0828992130891756,0.423911230704702,-0.254895448987142,0.347104003539324,-0.332171872008496,0.338684595224758,0.162454938766141,0.39364278381948,0.300713855379061,-0.298104193441065
"452",452,"male","other","yr4","Other","stats","Kinesthetic",-1.93592872486411,-0.37744752801321,1.5760015968757,-0.438823872491403,-0.969017581643281,0.211551246877001,0.0445882201720927,0.753170243157289,-0.481321528499514,0.363712730672022,0.0500822172767229,0.180320322179922,0.136732351342803,0.435888915436979,0.0601907440265608,-0.298104193441065
"453",453,"female","white","yr3","Other","math04","Auditory",-1.66342560466406,-0.331562798865315,1.47401364320818,-1.10506156847632,0.92886572092222,0.585243292903436,0.307567761288964,0.424239192448152,0.84701794555545,0.483897247543727,0.589024560668896,0.461077010933214,0.474988048466817,1.359405048502,0.71122336498988,1.25784986436492
"454",454,"female","white","yr1","Business","math01","Kinesthetic",0.432107683447647,0.708356500448322,-2.2028339263631,-0.674257427281594,0.040244608915472,-2.00745975170045,-1.13617469763238,-1.45093163785201,-0.543719234589514,-2.21911450985259,-0.339458819361435,-1.55455535521042,-0.99495825692265,-0.102993743987316,0.585129349687559,-0.358437539416235
"455",455,"female","white","yr1","Other","math01","Visual",-0.320879474530259,0.260014913687433,1.69475308693561,-1.95259310104909,-0.401548935316331,-0.0518977139982687,-1.10253880016864,-0.297992137000021,-0.493967760260463,0.0446805427479113,1.07107735800906,-0.164330283787627,-0.580760836379624,1.30681035196544,0.0405677917147779,-0.0232213742891059
"456",456,"male","white","yr1","Business","math02","Auditory",0.49247199603516,0.581450410493848,-1.82059201472912,-0.24177151376941,0.040244608915472,-0.278991055297858,-0.485836371940611,-0.410664055562448,0.150045697056215,-0.417106671588377,-0.0848088119024968,-0.333487580098145,-0.28943112418643,-0.361740694716821,-0.604878758776177,0.180324928510815
"457",457,"female","white","yr5+","Health","stats","Auditory",-0.326890535673798,-0.210813682752944,1.69475308693561,1.04340344232707,1.21342674429162,0.602416752897098,0.736324243259393,0.448972742879371,0.00463926968180993,0.138611417789162,-0.793403265071127,0.325558981173677,0.534816384485124,0.0021956490857923,0.641874101642683,-0.358437539416235
"458",458,"male","white","yr1","STEM","math03","Auditory",0.212104643582779,0.622686957721884,0.75228079778685,1.48601195268142,1.38409326610597,1.06881451553093,0.976480093693497,0.91637263718614,1.14643650538121,0.942710296655208,0.933217416240389,0.947855216862644,0.968148861822044,0.446077236541932,0.324983286023276,0.974493341974954
"459",459,"male","white","yr2","Health","stats","Kinesthetic",0.94674755180896,0.958889680757084,-0.733658332484318,-0.881493912032973,-0.116952333621636,-0.592496803706109,-0.671896614583533,-0.789523156877265,-0.456857021134219,-0.722347479963476,-0.279809382609915,-0.584089329429612,-0.595398619152941,-0.414335391253375,-0.52851105450927,-0.182355753614667
"460",460,"male","white","yr1","Business","math03","Visual",-0.345234785425524,0.5178634226025,-1.05638572987928,-0.25413869592882,0.479073293346348,0.42227370111632,-0.150259809199611,-0.16957057195564,0.47578235643323,-0.151007907964431,-0.647784830366043,-0.0193872411813616,0.00173188211633774,-0.309145998180267,-0.28798794315677,0.375397528072734
"461",461,"female","white","yr4","Other","math04","Kinesthetic",1.13453104852624,0.568396333670252,-1.70184052466921,0.0524933331686109,-0.401548935316331,-0.745195696122959,-0.391913645392989,-0.799284847959948,-0.560825657492586,-1.16094060594284,-1.18860356447805,-0.781514741031874,-0.552120061884128,-0.963566615596725,0.585129349687559,0.28711360524469
"462",462,"male","white","yr1","Business","math02","Visual",1.13453104852624,0.739946246678599,-2.52556132375806,-0.354110915245257,0.040244608915472,-0.278991055297858,-0.485836371940611,-0.410664055562448,0.0612734917223705,0.483897247543727,-0.216739476861307,-0.111591375459319,-0.301808322254205,-0.361740694716821,-0.604878758776177,0.180324928510815
"463",463,"female","white","yr2","Business","math03","Kinesthetic",0.476660415203422,0.307057997599529,-1.26036163721433,-0.281744518885136,-0.887060683860561,-0.566879292964418,-0.783935154298343,-0.377928981640424,-0.0253984769441198,-1.23756618268895,-0.419105599497576,-0.756613072419486,-0.49256197003245,-0.113502552720474,0.585129349687559,0.240658274485986
"464",464,"male","Black","yr3","Business","math03","Visual",0.262668436482093,-0.0682434275611801,1.25327419948074,0.883224334707965,-0.700831844310083,-0.245353856443778,-1.37316323171781,-0.885330060499487,-0.529371584104493,0.0896736406953801,0.41369164588345,-0.360009748251158,-0.928763569247081,-0.0607476123698173,0.357458607334185,-0.298104193441065
"465",465,"female","Asian","yr1","Health","math02","Kinesthetic",1.45158690048207,-0.37744752801321,0.106826002996921,-0.167988857292487,-0.848211534384206,-0.691689803996837,-0.130189557939625,-0.410664055562448,-0.124627612651969,-0.68372910013356,0.435528306828056,-0.382910277833776,-0.303434632159968,-0.414335391253375,-0.0729217121954691,-0.298104193441065
"466",466,"male","white","yr3","Health","math02","Visual",-0.284870472838011,0.455785226633396,-1.37911312727425,-1.11163414042266,-0.67811107534166,-0.515367183567743,-0.828075950654933,-1.14411814462182,0.204398137425633,-1.52734984235599,-0.000713579688837847,-0.779321853534578,-0.746867295723386,0.641880925815827,-0.244095560200772,0.523528737021428
"467",467,"female","white","yr4","Other","math04","Auditory",0.595535869269663,0.504809345778904,0.973020241514288,0.0157859468587138,1.81748683292897,1.44947764110473,1.10097189451854,1.25914244045875,0.313706749447613,1.38490116667583,0.928388667334384,1.21681187739338,1.06787310392492,-0.567892948909772,-0.971495885430998,-0.237770847465895
"468",468,"female","Black","yr3","STEM","math02","Visual",1.53630652396485,1.28600039743551,-2.32158541642301,0.0297494884333565,0.358231667761975,0.585243292903436,0.191564151376766,-0.291747456810267,0.614457282961815,-1.31811059072048,0.04576680749316,-0.106291141491254,0.0725337227343667,-0.910971919060171,-0.508888102197488,-0.358437539416235
"469",469,"female","other","yr1","STEM","stats","Visual",0.15960456324759,-0.100869722402535,0.106826002996921,-0.570924685107706,-0.825290218383416,-0.793092978765258,-0.715494253391833,-0.684976498596335,-0.418192332148743,-1.21122715260978,-0.43552263975336,-0.805887690079352,-0.636455313010417,-0.361740694716821,-0.0161769602403456,0.199315742271166
"470",470,"male","Black","yr2","Other","math02","Kinesthetic",-0.012367352637953,0.397114306490129,-1.15837368354681,1.06320553458363,0.0633664719486289,-0.208311703178075,-0.149432037878709,-0.414213253426289,0.21260592902356,-0.572914434834703,0.240527736120638,-0.227630490638881,-0.170856667952799,-0.0503990474507617,-0.706703343434283,0.524014796875947
"471",471,"female","white","yr1","Business","math02","Visual",0.579724288437925,0.927772177837974,-2.84828872115303,-0.144562730717802,-0.522190013868336,0.000268895507526547,0.307567761288964,0.175519449496712,0.422618770097045,0.258028807443185,0.432547953431808,0.197442223224924,0.172300825547083,0.509340985625747,0.71122336498988,-0.0426982479039763
"472",472,"male","white","yr4","Other","stats","Visual",-1.0798776936517,0.0540144804734357,-1.48110108094177,0.643439023959908,-1.73699761509802,-1.37148157364807,-0.755393965028094,-1.62442640488786,-0.558437984106358,-1.25759592404673,-0.798521193507373,-1.05442173218722,-1.12183993044587,-0.609978836713167,-0.674228022123374,-0.298104193441065
"473",473,"female","white","yr3","STEM","math04","Visual",-0.540882514395127,-0.395149786756664,-0.334652884457956,1.26328396465583,-1.42408015811996,-0.859028093853091,-0.221474867386473,-1.1538052744607,-0.595557777039283,-0.74355576797263,-0.232615431013418,-0.552945316641694,-0.742059751047739,-0.504789443640059,0.198889270720955,-0.1304961108775
"474",474,"female","other","yr1","STEM","stats","Kinesthetic",-1.09822194340343,-0.331562798865315,1.47401364320818,0.670591856425917,0.791849356334014,0.522414675829773,0.782371713603226,0.723090212169598,0.383469469801863,1.11036401261017,-0.403320894100453,0.613104449976807,0.664431933401937,-0.414335391253375,-0.333067775859753,-0.251162802827841
"475",475,"male","white","yr3","STEM","math03","Visual",-0.405599098013037,-0.324933581712045,1.79674104060314,-0.257530035903545,-0.239081843878417,-0.619045902470213,0.0144468282372787,-0.278767853898021,0.321898793272265,-0.0386736965949772,0.0222350499664196,-0.200716833014288,-0.0816278408707123,1.30681035196544,-0.118001544898452,-0.19082945685267
"476",476,"male","Black","yr3","STEM","math04","Auditory",1.08203096819105,1.01605180897811,1.69475308693561,-1.95259310104909,1.81748683292897,1.44947764110473,1.10097189451854,1.25914244045875,1.19947152242701,1.38490116667583,1.3947885981991,1.27095790126331,1.19137218784871,-1.22231356632623,-1.26292982065921,-0.358437539416235
"477",477,"female","other","yr5+","STEM","math02","Kinesthetic",1.53630652396485,-0.0554572365658071,-2.52556132375806,-1.32204490829618,-0.0453881903981765,-0.541880119042972,0.278166018635583,-0.257547990068903,-0.89906542897534,-0.150674424817541,0.44904622324343,-0.0882019985534647,-0.138614870506244,-0.921480727793329,0.324983286023276,-0.358437539416235
"478",478,"male","white","yr1","STEM","math03","Kinesthetic",-1.18294156688621,-0.279048852564151,2.51847388602447,1.45272061708973,-0.0186495788760597,0.928355936471331,0.976480093693497,1.14231889917174,0.02876228539261,1.22916533972006,1.3947885981991,1.0321959852847,0.755511103081093,-0.00815291583326325,0.255634022676079,-0.298104193441065
"479",479,"male","white","yr1","Business","math02","Visual",1.18509484142555,0.584940237649504,-0.614906842424405,-0.35666415741146,-0.123474788869554,0.365585209709907,0.323070592682927,0.0814693891755402,0.78086663580382,0.438288087052131,0.615246420146106,0.386261604006344,0.231989950588254,0.187490529626529,0.419789429761673,-0.237770847465895
"480",480,"female","white","yr4","Other","stats","Visual",0.595535869269663,0.849417963717842,-3.17101611854799,-1.52810274777469,-0.364957493005932,-1.16797202238348,-0.0728978463397311,-0.483568813298296,-0.480467472154181,-1.30617924976313,-0.417429682298644,-0.782497435841824,-0.313051165390278,-0.662573533249721,-0.800322037425695,-0.122022407639497
"481",481,"female","white","yr4","Other","math04","Visual",-0.24217091219102,-0.280557644486396,1.47401364320818,-0.407613633779111,1.68337617509972,0.671462578203371,0.55621180263591,0.928126584705113,0.592414405569706,0.632714230128374,0.663987074999784,0.600407889528482,0.790001173030912,1.359405048502,-0.0161769602403456,-0.237770847465895
"482",482,"male","white","yr2","STEM","math03","Kinesthetic",1.3668672769993,-0.0508090546459489,-2.84828872115303,1.437533029242,0.92886572092222,-0.66026277962045,0.695678259349952,0.537513535871323,0.85293267647058,0.483897247543727,0.877381223498957,0.198472351565815,0.644770026251229,0.446237480356034,0.0531723031068516,-0.19082945685267
"483",483,"female","white","yr3","Other","math04","Visual",-0.139107038956517,-0.504621503795907,1.69475308693561,-0.257530035903545,0.9021626877254,0.494917602642944,0.10497119028585,0.111845194935769,1.41202093899544,0.092170710061655,0.460074249106333,0.262079201066659,0.365851298605217,0.810173824158647,0.641874101642683,1.062777264803
"484",484,"male","white","yr1","Other","stats","Kinesthetic",-0.139107038956517,-0.395149786756664,-0.436640838125482,0.192789682856889,0.214527879218781,0.939289000789162,0.992298050063047,0.774682557468118,1.20524313368692,1.28107728203865,1.32597844835474,1.04542469287334,0.807700949531867,-0.515138008559115,0.572524838295486,-0.358437539416235
"485",485,"female","white","yr3","Other","math01","Kinesthetic",-0.05438741547374,0.155348188437164,-1.26036163721433,0.590001496669228,1.19492314147123,0.43167350862922,0.31489752674567,0.169602731050407,0.658565715321336,0.716934254177557,0.441217941557975,0.458327962899042,0.380756627981566,-0.361740694716821,-0.604878758776177,0.180324928510815
"486",486,"female","white","yr2","Business","math03","Visual",1.18509484142555,0.677868050709495,-2.42357337009054,0.698209053926538,-1.57473107069248,-1.14322540349915,-1.19996840336807,-1.24556730357305,-0.693016888722617,-0.654906452646272,-0.786509340960031,-0.936266832038472,-1.1227876218414,-0.963566615596725,0.585129349687559,0.68621856746105
"487",487,"female","white","yr2","Other","math01","Kinesthetic",-1.431089376191,-0.0882878888901056,1.69475308693561,-0.324195016647253,1.6684893207683,1.44947764110473,1.02169979271643,0.830152062373928,0.0294779266797833,1.38490116667583,0.780805135900127,1.17926342761371,0.823087740376287,0.551426873429142,0.179266318409172,-0.358437539416235
"488",488,"male","white","yr2","STEM","math03","Kinesthetic",1.45158690048207,0.292845566011731,-2.52556132375806,1.54440808382336,1.6684893207683,1.2652281843634,1.10097189451854,0.754068442790572,0.72713408508421,1.09296143706173,1.0651480811992,1.09724266272062,0.916872838978688,-0.662573533249721,-0.161893927854449,0.144386708274459
"489",489,"female","white","yr5+","STEM","stats","Visual",1.03146717529174,-0.0646317942523998,-3.08579170127285,-1.23373287855623,0.997359188679651,0.0386210980709507,0.0902200723779801,-0.0451207713239956,-0.53347288182265,0.858490272606024,-1.13734503775588,0.129495928739137,0.0394417606105559,1.30681035196544,0.641874101642683,0.0237200163241183
"490",490,"female","white","yr1","STEM","math03","Visual",0.432107683447647,-0.151874876781454,2.84120128341943,-0.930735758396556,-1.43096812910731,-0.709564714539433,-0.54389704992918,-0.888052801666472,-0.353297048486906,0.159060094852962,0.0643328635957403,-0.31634348670496,-0.711540191558264,0.0021956490857923,-0.0161769602403456,0.0645764886844181
"491",491,"male","white","yr2","STEM","math02","Kinesthetic",0.862027928326183,-0.269484602896212,-1.15837368354681,-0.276196414549797,0.19582372936603,-0.0331751815378265,-0.114271108407717,-0.47078911225955,0.142145674995498,-0.0598895008764595,0.0379385258077048,-0.0513399365476608,-0.177435312624689,-0.361740694716821,0.370063118726259,0.416740060287553
"492",492,"female","Asian","yr1","Other","math02","Kinesthetic",-1.63721712266001,-0.281029887797563,1.25327419948074,1.3425009267522,-0.704613561506113,-0.142030282450035,-0.0480790527120218,-0.410664055562448,-0.227898715336524,0.159676157397089,-0.370286340067986,-0.0584918894746761,-0.276592634448445,0.498832176892588,0.0531723031068516,-0.0232213742891059
"493",493,"male","white","yr1","STEM","math04","Kinesthetic",-0.223826662439294,0.225564393481782,-0.334652884457956,0.652209200482705,-0.565268333101357,-0.212224986329906,-0.689600274567764,-0.462584362604418,-0.184297571862011,-0.377054133936582,-0.400982021852861,-0.390894251937236,-0.483731775006685,0.509180741811644,0.446430822993165,-0.19082945685267
"494",494,"female","white","yr1","Other","math01","Kinesthetic",-0.429954408908301,-0.504621503795907,1.25327419948074,0.319844486297972,1.65522028852342,1.44947764110473,0.525230575175534,1.12900308209537,0.528942790968239,1.04669851520584,0.999047212688507,0.987703584814467,0.845176040582383,1.359405048502,0.255634022676079,-0.19082945685267
"495",495,"female","white","yr1","STEM","stats","Kinesthetic",0.698599742504166,-0.162947918371638,-3.06902816488047,-0.290186600500271,-0.969218128675648,-0.858834972044364,0.200822195855788,-0.361063966700219,0.331766426444509,-0.807313662999853,-0.574369019292337,-0.500590994604225,-0.12606746587305,-0.414335391253375,0.198889270720955,-0.182355753614667
"496",496,"female","white","yr1","Other","math02","Kinesthetic",1.53630652396485,0.563748151750394,-2.2028339263631,-1.81303843961376,-0.983940014300002,-1.14322540349915,-1.16591600058889,-1.0080703202328,-0.940494166184697,-1.31811059072048,-0.890623458798538,-1.11418987294505,-0.994958285492087,-0.102993743987316,-0.409435480126659,-0.298104193441065
"497",497,"female","white","yr1","Health","stats","Kinesthetic",-0.157451288708243,-0.107498939555805,1.5760015968757,-0.776917333343047,-0.535459046113211,0.17742246981674,-0.326540454850294,0.0466139989472757,-1.09487139446205,0.194185524167244,-0.447044015562867,-0.0284539057163598,-0.29517272246247,0.187490529626529,0.572524838295486,-0.358437539416235
"498",498,"female","other","yr1","STEM","math02","Auditory",-0.260515161942746,-0.390501604836806,2.84120128341943,-0.362453991786177,0.251024590161914,-0.10851010413856,0.261520290945131,0.235739873109392,-0.100305298345684,-0.136940958392355,0.50726820070283,0.0556839333761147,0.18655970155803,-0.414335391253375,0.0405677917147779,-0.358437539416235
"499",499,"female","white","yr3","Health","stats","Kinesthetic",1.45158690048207,0.565729186983805,0.429553400391885,-0.190865055159837,0.040244608915472,-0.36931674555835,-0.245365396530921,-0.261902838957816,-0.137425091278608,-0.70126177212506,-0.431168061410756,-0.415300975172413,-0.194736039809069,-0.309145998180267,0.394332549370473,-0.19082945685267
"500",500,"female","Asian","yr1","STEM","math03","Visual",1.3668672769993,0.28121772978056,-1.48110108094177,-0.942480651150247,-1.43096812910731,-0.734633059760731,0.114956512923415,-0.186200173760605,-0.288403831317446,-0.866216385980121,-1.33754476645539,-0.587319194837584,-0.220535558937908,0.0444417807032908,-0.0855262235875427,0.319982434221507
"501",501,"male","other","yr5+","Business","math03","Kinesthetic",-0.0787427263690043,-0.282538679719808,-0.835646286151844,-0.258885520899371,0.74664272031681,-0.155483581100591,-0.70001585732542,-0.129404212432644,-0.0313358854345511,0.145694596073732,-0.454598600205821,-0.24413208620275,-0.204133695538212,0.240085226163083,-0.337714254192184,0.0237200163241183
"502",502,"female","white","yr2","Other","stats","Kinesthetic",1.13453104852624,0.232193610635052,-2.84828872115303,-0.649092703628147,-0.969017581643281,0.0514258599954748,-0.521816166564604,0.135349765682888,0.154286036032204,-0.183381666119861,-1.21021976272592,-0.306810256409171,-0.194510438867875,-0.858377222523617,0.515780086340362,-0.298104193441065
"503",503,"female","white","yr2","Other","math01","Kinesthetic",-0.678102218213094,-0.279048852564151,-0.835646286151844,-0.366405424119453,0.302266761446074,1.1749024941029,0.526306319805116,0.187144732095152,-0.963740447974863,0.669260300995956,-0.0452400434906296,0.680069141478541,0.138475631500215,-0.309145998180267,-0.737991214998207,1.13718317241458
"504",504,"female","white","yr1","STEM","stats","Kinesthetic",-0.24217091219102,0.0066209594032965,1.69475308693561,-0.509948197022528,-0.135491514767316,0.204387045520904,-0.105370764311916,-0.305063273886631,0.473231230573455,-0.737252986145636,0.219995511373347,-0.130708383193031,-0.0987819226473657,-0.0607476123698173,0.0531723031068516,0.171851225272812
"505",505,"female","white","yr2","STEM","math02","Visual",0.965091801560686,0.23684179255491,-0.835646286151844,-0.407613633779111,1.24836478619017,1.44947764110473,0.969902041722884,1.25914244045875,1.55408529995586,1.38490116667583,1.30712214080638,1.22702595647263,1.14025293752002,-0.361740694716821,0.255634022676079,-0.358437539416235
"506",506,"female","white","yr1","Other","math01","Visual",1.45158690048207,0.389180654897558,-2.84828872115303,0.303918773650441,0.366431098138411,0.442335516197089,0.751075361167263,0.537513535871323,1.31813835473157,0.646079728907604,0.975856315973383,0.617460856512424,0.670087620732732,0.509180741811644,0.641874101642683,0.86770466524108
"507",507,"female","white","yr5+","STEM","other","Kinesthetic",0.74916353540348,0.188022030892346,2.51847388602447,-1.30290191347238,1.51949180860762,0.978488825270433,0.597924625007033,1.14586809703558,0.634493330566969,1.2747025639211,-0.432742759878012,0.750471452769009,0.876003687655979,1.25421565542889,0.71122336498988,-0.19082945685267
"508",508,"male","white","yr2","Business","math02","Kinesthetic",-0.533018282142804,-0.441034515904558,1.79674104060314,0.397367709282664,-0.393148957907528,1.03199471739656,1.10097189451854,1.03259375361241,1.63276239938853,0.483897247543727,1.3947885981991,0.900999161843953,0.93914707421046,-0.414335391253375,0.446430822993165,-0.298104193441065
"509",509,"male","white","yr2","STEM","math04","Visual",0.510816245786886,0.130859902671324,-1.15837368354681,-0.34961737332112,-0.637596521844833,-0.738224616575589,-0.391913645392989,-0.117455291170011,-0.293696327825802,-0.078739686204932,0.152810669362076,-0.338651334987656,-0.277886922073162,0.995468704699384,-0.276323023904629,-0.19082945685267
"510",510,"male","Black","yr1","STEM","stats","Kinesthetic",-0.807374573451647,0.300428780446259,-2.2028339263631,1.54440808382336,1.05119577821137,0.899164518251747,-0.147067170345886,-0.0978997220337335,0.244407396071651,1.05999207769451,0.563886674692265,0.59256521271738,0.0564103662359888,0.340887843468824,-0.0474648318042692,-0.177437501490725
"511",511,"female","other","yr1","STEM","math03","Kinesthetic",-0.05438741547374,-0.441034515904558,-1.48110108094177,1.51768932017802,1.81748683292897,1.44947764110473,1.10097189451854,1.25914244045875,1.63276239938853,1.38490116667583,1.3947885981991,1.27095790126331,1.25178441918784,-0.361740694716821,0.459035334385239,0.00424314270924796
"512",512,"female","white","yr1","Health","math02","Auditory",-0.69644646796482,0.00046398556119341,0.429553400391885,-0.257530035903545,-0.373156923382368,-0.278991055297858,-0.485836371940611,-0.410664055562448,0.0612734917223705,-0.544707849891542,-0.216739476861307,-0.382398178342705,-0.344049229597385,-0.361740694716821,-0.604878758776177,0.180324928510815
"513",513,"male","white","yr1","Business","math03","Kinesthetic",0.880372178077908,-0.0966937837938432,2.23821992805802,0.819406819661079,-0.676292706222744,-0.771353486689461,-0.360928952977624,-0.0631111466120548,-0.074391527013212,-1.22427262020028,0.0122606256429376,-0.659113789206517,-0.220427262321287,-0.309145998180267,0.122521566454049,-0.177437501490725
"514",514,"male","white","yr1","Other","math01","Kinesthetic",-0.91043844668615,-0.0712610114056697,1.25327419948074,-0.257530035903545,0.799989633668481,-0.603906163183245,-0.377608349907809,-0.963749013694394,-0.488652586176806,-0.452344210349431,-0.671196189777904,-0.486281214449239,-0.47763838338553,-0.609978836713167,0.0601907440265608,-0.298104193441065
"515",515,"female","white","yr1","Business","math03","Visual",-0.05438741547374,-0.504621503795907,1.5760015968757,0.830386612036434,-1.73699761509802,-0.859221215661818,0.0995360346117261,0.119218053780746,-1.35838931352621,-0.115064383372398,-0.847363067092728,-0.376238428213728,-0.289018947204648,-0.963566615596725,-1.13683580535688,-0.358437539416235
"516",516,"female","white","yr2","STEM","other","Kinesthetic",0.783319365986944,0.111444494522681,-0.113913440730517,-0.589242149807743,-1.73699761509802,-1.73699100965918,-0.924362657557875,-1.46330881590351,-0.822449568286909,-1.6979057872452,-1.75945740207735,-1.44163800177448,-1.15162227301871,-0.609978836713167,0.255634022676079,-0.298104193441065
"517",517,"female","white","yr1","Business","math03","Kinesthetic",1.26380340376479,0.2957805985264,0.531541354059411,-0.534605784520766,-1.12328524270476,0.540944086481488,0.0461587988111871,-0.372614688054865,-0.203789323394345,-0.702055620540797,-1.30224079846124,-0.152125771646697,-0.270947483629119,-0.00815291583326325,0.641874101642683,-0.358437539416235
"518",518,"female","other","yr1","STEM","math02","Visual",0.34738805996487,0.118073711675951,-1.26036163721433,0.643439023959908,-0.0938660489137755,-0.208311703178075,-0.338948562775407,-0.410664055562448,-0.0174036077102995,-0.417106671588377,-0.216739476861307,-0.288502068241637,-0.278953589925262,-0.361740694716821,-0.0161769602403456,-0.298104193441065
"519",519,"female","white","yr2","Business","math03","Kinesthetic",1.53630652396485,0.855574937559945,-2.52556132375806,-0.165408500349249,0.222668156553249,-0.131561396690893,-0.485836371940611,-0.410664055562448,0.0612734917223705,-0.417106671588377,0.0440908902942282,-0.271645233441822,-0.283168487684289,-0.361740694716821,-0.459161791162073,0.180324928510815
"520",520,"female","white","yr2","Other","math01","Auditory",-0.345234785425524,-0.504621503795907,1.25327419948074,0.643439023959908,0.040244608915472,0.0047907774081441,-0.485836371940611,0.475229112885926,0.141791977733146,-0.417106671588377,0.708791544982851,-0.151122138177603,0.0486717636332301,1.11116690650565,-0.206973760557432,-0.1304961108775
"521",521,"male","white","yr1","Health","stats","Auditory",-0.934793757581414,-0.147226694861596,-0.113913440730517,-0.248694668137573,0.344821241526702,0.42227370111632,0.423986989339107,0.297421871234044,0.35695207165512,0.258774966430378,-0.404946201933547,0.264576505792286,0.336087175455865,-0.06090785618392,0.129540007373758,-0.298104193441065
"522",522,"male","white","yr1","Health","stats","Kinesthetic",-1.18294156688621,-0.388520569603394,1.47401364320818,-0.257530035903545,0.92886572092222,0.585243292903436,0.307567761288964,0.424239192448152,0.84701794555545,0.483897247543727,0.589024560668896,0.461077010933214,0.474988048466817,0.498832176892588,0.0531723031068516,0.34793301107438
"523",523,"female","Black","yr3",NA,"stats","Visual",-0.223826662439294,0.0147589684788112,-1.26036163721433,-1.95259310104909,-0.743910163543103,1.44947764110473,1.10097189451854,1.25914244045875,1.45632866995045,1.2747025639211,-0.76967128225233,0.990665446688379,0.965464194070673,-0.974075424329883,-0.447496871909932,-0.358437539416235
"524",524,"male","other","yr4","Other","math02","Visual",1.53630652396485,0.969008725066011,-2.52556132375806,-0.257530035903545,0.040244608915472,-0.278991055297858,-0.485836371940611,-0.410664055562448,-0.140166461927188,0.268440602329941,-0.124467358239243,-0.15760369258019,-0.329894390361985,0.187490529626529,-0.0161769602403456,-0.237770847465895
"525",525,"female","Asian","yr1","Other","math01","Kinesthetic",0.0303322080090373,-0.0439119516644561,0.429553400391885,-1.24423271945777,-0.646137893244034,-0.2306782957155,-0.156752897167514,0.0224779452469608,-0.184274894286709,0.0112793026146572,-0.578974680521678,-0.17796258129212,-0.133826176232567,1.00597751343254,-0.86502482244046,-0.358437539416235
"526",526,"male","white","yr4","Other","math02","Visual",-0.363579035177249,-0.395149786756664,-0.835646286151844,-0.257530035903545,-0.1087529032452,-0.278991055297858,-0.485836371940611,-0.410664055562448,0.0612734917223705,-0.417106671588377,-0.216739476861307,-0.348803879396887,-0.317032721812088,-0.361740694716821,-0.604878758776177,0.180324928510815
"527",527,"male","white","yr2","STEM","math02","Kinesthetic",-1.12257725429869,-0.388520569603394,1.25327419948074,-0.257530035903545,-0.0782325745270531,0.511381341503363,0.98496828460634,0.517758064861546,0.818114998027133,1.33298922435724,0.756208584256011,0.854996639443921,0.623049947759322,0.39364278381948,-0.0161769602403456,-0.358437539416235
"528",528,"female","white","yr2","Health","stats","Auditory",1.13453104852624,0.405252315565643,2.34020788172554,0.127001504074279,-0.264308448979086,-0.274113129685575,-0.421727541229326,-0.569419052094176,-0.690811332914715,-0.729729903924552,-1.67179094468463,-0.581971114447704,-0.477839812376957,-0.0607476123698173,0.572524838295486,-0.298104193441065
"529",529,"female","white","yr1","Health","stats","Kinesthetic",1.53630652396485,0.626862896330575,-2.2028339263631,-0.0297666985331037,-1.73699761509802,-1.86003009309348,-1.0327041241352,-2.08047055158365,-1.22606401644765,-2.10891590709786,-0.990152152812386,-1.52755932062768,-1.47929498163999,-0.246042492910554,-0.573590887212253,0.425213763525556
"530",530,"male","Black","yr3","Business","math02","Auditory",0.278480017313831,0.171541655258373,-2.2028339263631,0.643664749464515,-0.421505391516194,-1.18565381111735,-1.4347135334556,-1.44468695766226,-0.991600291777494,-1.42568202766587,-1.0004472005428,-1.23797499284838,-1.19879101252389,-0.567892948909772,-0.459161791162073,0.611812659849472
"531",531,"female","white","yr2","Other","math04","Kinesthetic",-0.24217091219102,-0.217442899906214,1.25327419948074,-0.893693692645885,0.0551314632468961,-0.135667801651451,-0.631241724506189,-0.0182941634276079,-0.387932609352027,-0.440812028963805,-0.797267366675896,-0.414314509991167,-0.259708004902096,0.799825259239592,0.109917055061975,-0.1304961108775
"532",532,"female","white","yr2","STEM","math03","Kinesthetic",1.3668672769993,0.238350584477155,0.310801910331973,-0.445863573222058,1.6684893207683,1.44947764110473,1.10097189451854,1.25914244045875,1.22080466053745,1.38490116667583,1.3947885981991,1.27095790126331,1.17912219311503,-0.256551301643713,0.641874101642683,0.259649088246336
"533",533,"male","Asian","yr3","Business","math02","Kinesthetic",-0.24217091219102,-0.504621503795907,0.208813956664447,0.550348489667134,0.0455147578162777,-0.212224986329906,0.198893916833472,0.186742209107907,-0.306575814769194,0.304384126921974,-0.12744771163549,0.0490815155699284,0.0977739828926436,-0.910971919060171,-0.75059572639028,-0.298104193441065
"534",534,"female","white","yr3","Other","math04","Auditory",0.109040770348276,-0.395149786756664,-1.26036163721433,0.101895002825214,1.09278566573961,0.336054415816385,-0.127036029538547,0.177276292797762,0.522792460113701,0.212334258702871,0.568542945287444,0.196045602550346,0.21133452671112,1.11116690650565,0.515780086340362,-0.298104193441065
"535",535,"female","white","yr2","Health","stats","Kinesthetic",1.04981142504346,0.514456146776663,-2.2028339263631,0.393157706469247,0.498377860858178,-0.409541498104345,0.409987584917332,-0.152310681398276,-1.46610698358427,-0.712020566427283,-0.669891753580589,-0.289864842719949,-0.0791605689656287,-0.298637189447108,-0.142270975542666,-0.1304961108775
"536",536,"male","white","yr1","STEM","math04","Kinesthetic",-1.72980097839511,-0.395149786756664,1.25327419948074,0.91850950678197,-0.0840132181254936,-0.299855443312017,-0.616078453415363,0.104774058049159,-1.13642870096179,-0.212408820676814,0.119594738957632,-0.296041128535959,-0.326250450091082,-0.504789443640059,-0.231243191201646,-0.358437539416235
"537",537,"female","white","yr2","Other","stats","Kinesthetic",0.0303322080090373,-0.395149786756664,1.37202568954065,-0.507443916358779,1.07262866250738,0.347903420976038,0.307567761288964,0.424239192448152,0.84701794555545,0.431985305225138,0.589024560668896,0.371943355432715,0.48967758544344,-0.309145998180267,0.0531723031068516,0.719087396437866
"538",538,"female","white","yr1","STEM","math02","Visual",0.698599742504166,-0.16492895360505,0.429553400391885,-0.327392151599917,-0.82002006948261,-0.882959041904173,-1.28667076378925,-0.742282336176831,-0.406962427149957,-1.65640563981337,-1.47110073924729,-1.21898603024569,-0.841108846133321,-0.403826582520216,-0.459161791162073,-0.358437539416235
"539",539,NA,"white","yr2","Health","stats","Visual",-0.157451288708243,0.67937684263174,-0.835646286151844,-0.632773987581733,-0.383461095826316,-0.596842231835727,-0.0102807061402547,-0.0256932620576679,0.119726422765735,-0.285488877848341,-0.568760614118256,-0.333616102459587,-0.0356543227063876,-0.974075424329883,-0.99813727866249,0.277082554576862
"540",540,"female","white","yr3","Other","stats","Kinesthetic",0.698599742504166,0.562239359828149,-0.614906842424405,0.0304422566267494,-1.73699761509802,-0.214258707036599,-0.0555093113310868,-0.337759297826601,-0.437227646504816,-0.687803875722938,-1.05509820105198,-0.38599493863035,-0.385751703985,1.20162095889234,-0.244095560200772,-0.237770847465895
"541",541,"female","white","yr1","Health","math02","Visual",0.219968875835103,0.511706448760397,-1.15837368354681,0.0800453394260575,0.0322457255714027,-0.614043173973178,-0.668032037548504,-0.817147163378057,-0.155394624333693,-0.660415386057529,-0.331982839294393,-0.579696923896309,-0.547450081376366,0.393482540005378,0.313318366771135,0.76602878705109
"542",542,"female","white","yr1","STEM","math04","Auditory",-0.157451288708243,-0.390501604836806,1.25327419948074,0.643439023959908,0.794755063092972,0.315190027802226,0.529804290289022,0.261740024308924,0.277790360912745,0.585565062233849,0.660815063909508,0.467542384293614,0.391597995442875,-0.0503990474507617,0.572524838295486,-0.1304961108775
"543",543,"female","white","yr2","Business","math02","Auditory",-2.2267760948159,-0.504621503795907,2.51847388602447,1.54440808382336,0.110226508377679,-1.02605994041925,0.220122593549595,-0.294067674990008,-0.348842860550609,0.159060094852962,0.528070439491217,-0.166383850116546,-0.0787647686067071,0.757739371436196,0.426807870681382,-0.358437539416235
"544",544,"female","white","yr1","STEM","math03","Visual",0.613880119021389,-0.281029887797563,0.32756544672436,1.20780255731108,-1.26016021330257,-0.856994373146398,0.233689126930845,-0.770290621354597,-0.866263634125528,-0.078739686204932,-0.430426501786184,-0.283014842980061,-0.468911928359604,0.48832336815943,0.281090903067279,-0.0835547202642761
"545",545,"female","white","yr3","Health","stats","Visual",-0.0787427263690043,-0.395149786756664,0.208813956664447,0.590001496669228,1.07262866250738,-0.260537745912264,-0.221374374224114,0.0949801799955638,-0.537563627929146,0.0265318082122838,0.501358103276173,-0.0746636256174689,-0.00060675296454453,-0.361740694716821,-0.244095560200772,0.309465323699159
"546",546,"female","white","yr1","Other","math02","Auditory",-0.24217091219102,-0.217442899906214,0.75228079778685,-0.257530035903545,-1.43096812910731,-0.761953679176561,-1.10214043493328,-0.646404195601642,-0.965794756917075,-0.917512265754583,-0.625376463127764,-0.840272214008732,-0.885026778312536,0.509340985625747,0.268238534068152,-0.298104193441065
"547",547,"male","Black","yr3","STEM","stats","Visual",1.53630652396485,0.465821719612502,-0.835646286151844,1.54440808382336,-0.656100124665217,-0.160929268681476,0.533388111953143,0.0962413466505769,-0.693855197294675,-0.20038508209657,-0.92882655063309,-0.0743941741108828,0.0456598030104868,-0.102993743987316,0.0601907440265608,-0.0232213742891059
"548",548,"female","white","yr1","Other","stats","Visual",-1.11656619315516,-0.388520569603394,1.25327419948074,0.27830190978437,0.496925007478699,0.152413557823836,0.489250780551541,0.514208866997705,0.239125671927269,0.295853338857366,0.546436270301741,0.31578819739653,0.439336689523716,-0.0607476123698173,0.426807870681382,-0.251162802827841
"549",549,"female","white","yr1","STEM","stats","Auditory",-0.320879474530259,-0.162947918371638,0.208813956664447,-1.16345769961826,0.221215303173769,1.44947764110473,1.10097189451854,1.25914244045875,1.63276239938853,1.1056012381861,1.3947885981991,1.19742499648922,1.088679175218,-0.309145998180267,0.515780086340362,0.240658274485986
"550",550,"female","Black","yr3","Other","math04","Visual",0.74916353540348,-0.272419635410881,2.95995277347934,-0.438311419869905,1.19347028809175,0.829747366186932,0.623928003161362,0.254332673258196,1.34020390969898,0.30224851830725,0.716600647285103,0.587280838015112,0.608085317967607,1.05841196615499,0.186284759328881,-0.0232213742891059
"551",551,"female","white","yr2","Other","stats","Kinesthetic",0.997311344708273,0.192465855329261,-2.2028339263631,-0.832280525849712,0.19744155145258,-0.392783515050743,0.0515939544853107,0.211803721282576,-0.156081686040062,0.142273581848655,0.0397869213174626,-0.0695294229969964,0.0962168536374476,-0.361740694716821,-0.0855262235875427,0.188798631748819
"552",552,"male","white","yr2","Health","stats","Visual",-0.448298658660027,0.858028216104523,-1.15837368354681,-0.955345407636178,-0.0538939834720805,0.18862475720942,0.811773456256607,-0.0295169230388036,1.37200852854825,0.314795921808729,1.00633153506152,0.468739501852463,0.437145070890112,-0.414495635067477,-0.268364990844987,-0.19082945685267
"553",553,"male","Black","yr1","Business","math03","Auditory",-1.18294156688621,-0.504621503795907,-0.65738028185292,1.13998432166878,0.0566198949516721,0.328958533384263,0.0520061076682677,-0.0465769117226681,0.15925209789857,-0.288143271753893,0.299042590005742,0.0768472189537187,0.0269799766291839,-0.0607476123698173,-0.0729217121954691,0.524014796875947
"554",554,"female","other","yr2","STEM","stats","Auditory",0.0906965205965502,-0.16492895360505,-3.18777965494038,-0.605553897015365,0.182554697121155,-0.0298021782108066,0.191564151376766,0.0566028507445304,0.233810497843612,0.191957517929629,0.20219280536441,0.11386844217447,0.134912094854181,1.04806340123594,-0.0161769602403456,0.319982434221507
"555",555,"female","white","yr3","Other","math04","Kinesthetic",-0.91043844668615,-0.285678069717421,1.59276513326809,-0.626724556325365,0.934100291497728,0.290799452629566,0.0221922118319303,-0.0598927287990323,-0.161747405584894,0.314795921808729,0.589024560668896,0.249440193196815,0.0571380824621512,0.498832176892588,-0.092544664507252,-0.1304961108775
"556",556,"female","white","yr2","Other","math01","Auditory",-0.223826662439294,-0.331562798865315,-0.614906842424405,1.35437826884943,1.52996094975864,0.974797897249935,1.10097189451854,0.424239192448152,-0.616594424624168,1.28107728203865,1.3947885981991,1.09269059026232,0.58905835743447,0.240085226163083,-0.0161769602403456,0.171851225272812
"557",557,"female","Asian","yr1","Other","math01","Auditory",0.296824267065557,-0.0534762013323955,1.47401364320818,0.18297376210202,0.19582372936603,0.335514135991574,0.423571371201162,0.014777124658534,0.0768123409975899,0.429757298987523,0.589024560668896,0.397291801664,0.173430305454198,-0.361740694716821,0.198889270720955,-0.298104193441065
"558",558,"male","white","yr3","Other","math02","Kinesthetic",1.13453104852624,1.19109154914211,-1.88010652896813,0.33574579037216,-0.559197219509104,-1.24141849684349,0.222133225654185,0.0122815442061207,-0.338509002908849,-0.23529360843845,0.115441526162844,-0.386070526153867,-0.0277576154941228,-0.15558844052387,-0.142270975542666,0.092041005682772
"559",559,"male","white","yr1","Other","stats","Visual",0.613880119021389,-0.215461864672803,0.633529307726937,0.614724030215387,-1.28851664691123,-0.55951320615821,0.550272906784373,0.513981706283133,-1.27694816586966,0.639705010790053,-1.31592856820752,-0.0205474707887691,0.0651789843933666,0.197999338359688,-0.478784743473856,-0.358437539416235
"560",560,"male","white","yr2","STEM","math04","Visual",0.862027928326183,-0.395149786756664,1.59276513326809,-0.362438088805135,-0.682838736187334,-0.519244303430698,-0.30796733531503,-1.12728269375752,-0.828930918828497,-0.971985697457676,-0.574959891075154,-0.567063389479613,-0.716687974857055,-0.102993743987316,-0.604878758776177,0.171851225272812
"561",561,"male","white","yr1","Business","math03","Kinesthetic",-0.892094196934424,-0.441034515904558,1.89872899427067,0.658439274070645,0.92741286754274,0.864918720648881,0.745224587355194,1.00221794785218,1.31813835473157,1.0514612896299,1.26583828663654,0.890714248478413,0.903474028690002,0.0926497014724769,-0.320463264467679,0.34793301107438
"562",562,"male","other","yr1","STEM","stats","Visual",-0.0970869761207302,0.119232066440153,1.69475308693561,-1.10506156847632,0.602714810024577,-0.300686397192136,-0.297121459294333,0.0359141748231895,-0.724470962110709,0.21797626979139,-0.462237849177174,-0.168401356560537,-0.121810316425555,0.435728671622876,-0.0729217121954691,0.356406714312383
"563",563,"male","white","yr1","Business","math03","Visual",0.244324186730367,-0.208832647519533,-1.48110108094177,-0.257530035903545,0.0335571849604838,0.184518352248862,0.183075960463922,-0.273453560312461,-0.397694350809185,-0.588835163132716,-0.19869712877243,-0.0722749722480226,-0.0975027269083783,-0.361740694716821,-0.478784743473856,-0.298104193441065
"564",564,"female","white","yr2","STEM","math03","Visual",-0.722654949968869,-0.0993609304802899,2.01748048433058,-0.559068166492062,0.0641833293437316,-0.273791403348602,0.0059284330396904,0.661408214044946,-1.51021541594379,0.91124703140042,0.706653969942851,0.236417064093775,0.051199295956322,-0.609978836713167,0.255634022676079,-0.298104193441065
"565",565,"male","Black","yr3","STEM","math03","Visual",-1.72193674614278,-0.504621503795907,2.95995277347934,1.54440808382336,-0.829707931563822,0.923942189417737,0.797022338348737,0.970053111819988,0.43167392407371,1.38490116667583,-0.755932903140218,0.775893353370185,0.604779109046323,-0.361740694716821,-0.674228022123374,-0.298104193441065
"566",566,"female","other","yr2","Other","math04","Kinesthetic",0.262668436482093,-0.279048852564151,-1.70184052466921,-0.605553897015365,0.92886572092222,0.528554801497024,0.386839863091075,0.424239192448152,0.76834084612278,0.483897247543727,0.332498162490127,0.433685774584466,0.489668014741675,-0.0503990474507617,-0.333067775859753,-0.237770847465895
"567",567,"male","Black","yr1","Other","math02","Auditory",1.3668672769993,1.30814648061588,-2.76306430387789,1.46425179288734,0.0864883349817858,-1.20235657314683,-1.54836522721714,-1.40047239933856,-1.04651356931986,-1.21526422937898,-1.47110049101845,-1.27179657450439,-1.17438279215654,-1.22231356632623,0.255634022676079,0.22678025926952
"568",568,"male","white","yr3","STEM","math04","Kinesthetic",-0.662290637381356,-0.056966028488052,-0.334652884457956,0.616720260314568,0.346474641938548,-0.459593734200213,-0.533812121306759,-0.61154055295271,-0.414293484827249,0.26288397949014,-0.779664885959015,-0.304911907793395,-0.429273824772391,-0.974075424329883,-0.40241703920695,-0.358437539416235
"569",569,"female","white","yr1","Other","math04","Kinesthetic",0.0748849397648124,0.116092676442539,0.106826002996921,-0.753641264791749,-0.321914752098209,-0.151014613022876,-0.0570798899701812,-1.20698674815769,-0.398404090090855,-0.213331645169775,-0.785326773707704,-0.210054041628361,-0.569126788289424,0.250433791082139,0.255634022676079,-0.0835547202642761
"570",570,"male","white","yr1","Other","math01","Visual",-0.976813820417201,-0.0421988022592674,-3.08579170127285,-0.319694832644001,-0.520737160488857,-1.49700005463492,-1.08981556726794,-0.939612959994079,-0.608545500454727,-1.40233061476967,-1.02250351439151,-1.24456427495722,-0.850507079107644,0.446237480356034,-0.142270975542666,0.482672264661128
"571",571,"female","white","yr2","Other","math02","Visual",-0.05438741547374,-0.331562798865315,0.930546802085773,-0.479172027130905,-0.758438147429206,-1.46652226761791,-0.514070782969952,-0.975830922956817,0.0432422831688685,-0.602575574621657,-0.738400211172378,-0.84306300244382,-0.61149773423275,-1.11712417325312,-0.161893927854449,-0.358437539416235
"572",572,"female","other","yr1","STEM","stats","Kinesthetic",1.53630652396485,0.224055601559537,-2.42357337009054,-0.839641454202964,0.0440263261115018,0.415177818684198,0.167597564397509,0.424239192448152,0.248887413384427,0.483897247543727,-0.0586375617911253,0.295765685563605,0.255891509811649,-0.910971919060171,0.0531723031068516,-0.358437539416235
"573",573,"female","white","yr1","Other","math03","Kinesthetic",-0.05438741547374,-0.0357739425889414,0.208813956664447,-0.257530035903545,-0.548217583660452,-1.14322540349915,-0.944507242909737,-0.829892742564589,-1.01090179852102,-0.637503877097837,-1.44487887977008,-0.942328670219529,-0.820380045027884,-0.910971919060171,-0.31344482354797,-0.19082945685267
"574",574,"male","white","yr1","STEM","math03","Visual",-0.678102218213094,-0.504621503795907,2.29773444229703,1.54440808382336,-0.676257127897447,-0.219967586529001,-0.233781594971723,-0.0678942522898369,-1.39019393237548,-0.328385419971461,-0.14064500464393,-0.232932371748623,-0.364572675810086,0.705144674899642,-0.276323023904629,-0.1304961108775
"575",575,"female","white","yr1","Other","math02","Kinesthetic",1.53630652396485,0.73529806475874,-2.52556132375806,-0.257530035903545,-1.42408015811996,-1.14322540349915,-1.27924050517019,-0.858503452603099,-0.803148061543379,-1.61005032033458,-1.15443417935032,-1.25086172722056,-1.00017263398832,-0.61013908052727,-0.0729217121954691,0.375397528072734
"576",576,"male","white","yr1","Business","math02","Auditory",-1.12257725429869,0.0743838859033363,1.69475308693561,-0.204092508612865,0.908909264722356,0.331948010855827,-0.157920228791553,-0.0943455960400519,1.12935276005344,1.05368929586752,0.824274549495877,0.437983473750428,0.163105917159092,-0.361740694716821,-0.364355647423676,0.161334114750465
"577",577,"female","white","yr1","STEM","math01","Auditory",0.783319365986944,0.276569547860702,-1.48110108094177,-1.18721408951152,-0.224194989546993,-1.05700611819922,-0.377153621317217,-0.698292315672699,0.312487597276282,-0.819245003957205,-0.649410138199136,-0.724302292224858,-0.368784210011557,-0.557384140176613,-0.0161769602403456,-0.0147476710511029
"578",578,"female","white","yr1","STEM","math01","Auditory",-0.533018282142804,-0.218951691828459,1.79674104060314,-0.112899199345059,-0.416435789647755,-0.349185759177729,-0.71743143858205,-0.866708202258231,-0.607835761173057,-0.798513811806585,-0.966890409326742,-0.618269202818911,-0.691341485669563,-0.361740694716821,-0.604878758776177,0.180324928510815
"579",579,"female","white","yr1","Health","stats","Kinesthetic",-0.223826662439294,0.392198238742047,-0.937634239819369,0.555201446365065,-0.947242756324502,-0.276704779554044,-0.281345191154914,-0.105970878638492,-0.799761778912723,0.0922426463522137,-0.0999214159609651,-0.147753119840824,-0.339911169139749,0.260942599815297,-0.352690728171535,0.339459307836377
"580",580,"female","white","yr2","Health","stats","Kinesthetic",-1.01096965100066,-0.441034515904558,0.709807358358335,-0.70394760037499,-0.980323265811043,-0.567294769904477,0.408920746455651,-0.767077637654874,-1.02629752814103,0.161288101090577,-1.58087387162572,-0.216138220876156,-0.404702318314495,-0.414335391253375,0.71122336498988,-0.237770847465895
"581",581,"male","other","yr1","Business","math02","Auditory",1.53630652396485,1.41317437321821,0.412789863999499,-1.5015096911254,-0.848376503091276,-0.980255811712036,-0.994277108896109,-0.464349458326136,-0.403494136202548,-1.31811059072048,-0.631097527840318,-0.988039277378404,-0.642479818970826,0.446077236541932,0.0531723031068516,0.719087396437866
"582",582,"female","white","yr1","Other","math01","Kinesthetic",1.03146717529174,0.506790381012315,-2.52556132375806,0.848994993484254,-0.345036615131366,-0.438318420683106,0.368265856378307,0.157520821787984,-0.976394806946291,-0.160731704016501,0.372458401079448,-0.0436084546125678,0.00808974994460406,-0.309145998180267,-0.231243191201646,0.0176350980711938
"583",583,"female","white","yr2","Other","math02","Kinesthetic",0.212104643582779,-0.388520569603394,1.47401364320818,0.396281712484437,-1.73699761509802,0.167760369195261,-1.36743020397068,-0.904589854863227,-0.784845164044278,-1.87111612603996,-0.692812388025773,-0.871862616665519,-1.07577817246726,-0.361740694716821,-0.389812527814876,-0.298104193441065
"584",584,"male","white","yr1","Other","math01","Auditory",-2.2267760948159,-0.504621503795907,-2.76306430387789,1.437533029242,-1.73699761509802,-2.00745975170045,-2.07264463839976,-2.08047055158365,-1.51021541594379,-2.21911450985259,-1.82826755192171,-1.96856566005709,-1.85540106369625,1.359405048502,0.71122336498988,1.25784986436492
"585",585,"female","white","yr3","Business","math03","Auditory",1.24545915401307,0.108426910678191,-2.2028339263631,0.19368811671217,-0.418564106431939,-1.00012450498408,-1.24983876251681,-0.692682247314602,-0.353941960468982,-0.618915238625695,-0.870091234051248,-0.903836140318413,-0.761784133310702,0.747070318888935,-0.161893927854449,0.543005610636298
"586",586,"female","white","yr2","Health","stats","Visual",0.15960456324759,-0.324933581712045,-0.835646286151844,-0.315926167045485,0.92886572092222,0.585243292903436,0.307567761288964,0.424239192448152,0.84701794555545,0.431985305225138,0.589024560668896,0.447409854153789,0.474988048466817,-0.155748684337972,-0.604878758776177,-0.298104193441065
"587",587,"female","white","yr1","STEM","math03","Kinesthetic",-0.0970869761207302,-0.17155817075832,-1.70184052466921,0.766503905746374,-0.77694175024959,0.200889239309133,0.511331663916117,-0.163701155912059,-0.416479514861026,0.210972037171551,-0.154723172652121,0.233141128795917,-0.0346960635750006,-0.609978836713167,-0.0612567929433283,-0.19082945685267
"588",588,"female","white","yr1","STEM","math03","Kinesthetic",-0.139107038956517,-0.166437745527295,-0.937634239819369,-0.423925380986732,-0.516955443292827,-0.0298021782108066,-0.361344571115569,-0.260769226189294,-0.0174036077102995,-0.000849165180796661,-0.216739476861307,-0.127918870409895,-0.272028570894883,-0.921320483979226,0.572524838295486,-0.358437539416235
"589",589,"female","white","yr1","Business","math03","Visual",-1.5341532494255,-0.504621503795907,1.25327419948074,0.69131941121927,-0.253968698209841,-0.0381292084162312,0.301817480639254,-0.150190365092035,-0.12766334982145,0.460191890168299,-0.147929327016942,0.16958695577357,-0.00360801685424873,-0.351231885983662,-0.142270975542666,-0.298104193441065
"590",590,"female","Black","yr2","STEM","math03","Visual",1.53630652396485,0.406965464970832,0.0900624666045347,0.590001496669228,-0.848376503091276,0.585243292903436,0.386839863091075,0.424239192448152,-0.724470962110709,-0.417106671588377,-0.216739476861307,0.150735452750403,0.0999338585183284,1.10065809777249,0.0531723031068516,0.719087396437866
"591",591,"female","white","yr3","Other","math04","Visual",-0.371443267429573,0.275625061238368,0.106826002996921,-0.517263825929281,-0.145143798523232,0.210320099103699,-0.498261732768304,-0.422214776917094,-0.790009091262246,-0.662691081723687,-0.66103273274032,-0.312654472425186,-0.447886221807141,1.30681035196544,-0.730972774078497,-0.1304961108775
"592",592,"female","white","yr2","Business","math03","Kinesthetic",0.74916353540348,-0.396658578678909,-3.17101611854799,-1.04172273646416,-1.01229644790867,-1.2813490051963,-0.224881250875922,-0.201582808517055,-0.694923102600316,-1.31649864702699,-0.34861953245428,-0.852416431782942,-0.350285949683033,0.498832176892588,-0.0161769602403456,0.171851225272812
"593",593,"female","white","yr1","Business","math03","Visual",0.296824267065557,0.00860199463670815,-1.15837368354681,-0.651061141406955,-0.54069361668872,0.427567103668662,-0.017610471596961,0.270795165211156,-0.0292228099108466,-0.287893549591725,-0.496426151565201,-0.00200981563795889,0.0386812510542304,-0.620327401632223,0.572524838295486,-0.358437539416235
"594",594,"female","white","yr2","Other","math02","Visual",1.53630652396485,-0.0483557761013704,-1.15837368354681,-0.206008967695458,-0.368609819820189,0.873740129318783,1.10097189451854,1.01225410205216,-0.643952476099934,0.88116695590744,0.635184076215116,0.867085561437432,0.616430974826933,1.05841196615499,0.389686071038042,-0.177437501490725
"595",595,"female","white","yr2","STEM","stats","Auditory",0.698599742504166,-0.281029887797563,2.34020788172554,-0.263802203708875,-0.157994807280816,0.0900862570278116,-0.214771886925952,-0.115135072990271,-0.221642492766899,-0.0180278926930749,0.536712680636153,0.0308968965107367,-0.160630223044933,-0.309145998180267,-0.0161769602403456,-0.1304961108775
"596",596,"female","white","yr1","Health","stats","Kinesthetic",1.09436415679924,-0.17155817075832,1.47401364320818,-1.28186392999722,-0.920704691834752,-0.219244767495906,0.0287702638025427,0.49150169485499,0.287304296822637,-1.08398642568024,-1.40879157250646,-0.511242604386109,0.143511357042097,0.456906532903295,0.71122336498988,-0.358437539416235
"597",597,"female","white","yr1","STEM","math02","Visual",1.13453104852624,-0.0357739425889414,-1.15837368354681,-0.386883315236061,-0.550345900444636,-0.384856678738502,-0.471497407215698,-0.439079791857299,0.111734705333091,-0.596172943209861,-0.35775225033705,-0.442287535809885,-0.361360825580035,-0.319494563099322,-0.459161791162073,0.180324928510815
"598",598,"female","other","yr1","STEM","stats","Kinesthetic",-2.03899259809862,-0.396658578678909,2.29773444229703,0.786875822949975,0.347126530626581,0.665100097404787,1.10097189451854,0.699785543295979,1.58865396702901,1.38490116667583,1.26290854260613,1.00624047123118,0.881188476223119,0.446237480356034,0.255634022676079,-0.0232213742891059
"599",599,"female","other","yr1","Other","math01","Kinesthetic",1.45158690048207,0.449156009480126,-1.26036163721433,-0.257530035903545,-0.1087529032452,-0.278991055297858,-0.485836371940611,-0.410664055562448,0.0612734917223705,-0.318066022707596,-0.216739476861307,-0.322728875932704,-0.317032721812088,0.498832176892588,0.0531723031068516,-0.237770847465895
"600",600,"female","white","yr1","Other","math01","Visual",1.53630652396485,0.135775970419405,-1.48110108094177,-0.299932969806288,1.81748683292897,0.505579610210812,0.961001697627084,0.678875653845896,0.830912476653772,0.577381273584708,0.799488965137659,0.653071061460279,0.872482154280971,-0.662733777063824,0.572524838295486,-0.237770847465895
"601",601,"female","Asian","yr1","STEM","math03","Visual",-0.514674032391078,-0.504621503795907,2.29773444229703,1.437533029242,-1.73699761509802,1.44947764110473,0.499335709173962,1.25914244045875,1.22029737165244,0.373698644788997,0.657834710513261,0.764237744537203,0.636414488449042,1.359405048502,0.71122336498988,1.25784986436492
"602",602,"male","white","yr1","Other","math02","Visual",-0.678102218213094,-0.177715144600423,2.84120128341943,-0.244640923947246,-0.237628990498938,-0.0690646545864375,-0.0470122142503414,0.173426392031543,-0.249941592728633,0.476978403172607,-0.295735946127864,0.0571764068985529,-0.0079268210305653,0.0021956490857923,-0.206973760557432,-0.298104193441065
"603",603,"male","white","yr1","STEM","math04","Auditory",0.777308304843405,-0.168418780760706,-0.292179445029441,0.643439023959908,-0.825290218383416,-0.680934045825882,-0.452296615506746,-0.785371534152679,-0.736138917445567,-0.214077804156968,-0.786458731594193,-0.480659563913782,-0.634070456918042,-0.166097249257028,0.446430822993165,-0.298104193441065
"604",604,"male","white","yr2","Business","math03","Visual",-0.345234785425524,0.750065290987525,0.208813956664447,-0.257530035903545,0.040244608915472,-0.278991055297858,-0.485836371940611,-0.410664055562448,0.0612734917223705,-0.417106671588377,-0.216739476861307,-0.348803879396887,-0.301808322254205,-0.361740694716821,-0.604878758776177,0.180324928510815
"605",605,"male","white","yr3","Business","stats","Kinesthetic",-0.762821841695871,-0.171085927447153,1.25327419948074,0.660478050084473,-0.24266301404208,0.209779819278887,-0.290560660226301,0.435461952059347,0.176363796607472,0.505793534387566,-1.22826211081479,-0.0175549636645591,0.0725402227355629,0.197999338359688,0.109917055061975,-0.0835547202642761
"606",606,"female","white","yr2","STEM","math04","Visual",-0.326890535673798,-0.504621503795907,-0.334652884457956,0.0259579756045392,0.657738698504766,0.268239738283414,0.307567761288964,0.187070170851357,0.478661350178879,0.380073362906549,0.37513706222312,0.308114732911029,0.305101806148483,-0.0607476123698173,0.641874101642683,-0.19082945685267
"607",607,"female","white","yr5+","STEM","math04","Auditory",1.53630652396485,1.54034834900091,-1.88010652896813,-0.257530035903545,0.040244608915472,-0.278991055297858,-0.485836371940611,-0.410664055562448,0.0612734917223705,-0.417106671588377,-0.216739476861307,-0.348803879396887,-0.301808322254205,-0.361740694716821,-0.604878758776177,0.180324928510815
"608",608,"female","white","yr1","Other","math01","Kinesthetic",-0.91043844668615,-0.280557644486396,-2.32158541642301,-1.89026845250217,0.0455147578162777,1.44947764110473,1.02169979271643,1.25914244045875,-0.155584869122498,1.38490116667583,0.889764557047915,1.19191291366184,0.795733646405908,1.359405048502,0.71122336498988,-0.177437501490725
"609",609,"male","white","yr2","Business","math02","Kinesthetic",0.34738805996487,-0.215461864672803,1.37202568954065,-0.394176985488954,0.806771788990735,0.476388191991228,0.897207991891385,0.778231755331959,-0.0733085646950654,1.04104949474314,1.21945568341365,0.798188359380773,0.660543180973487,0.403991348738536,0.350440166414476,-0.19082945685267
"610",610,"female","white","yr3","Other","math04","Kinesthetic",-0.05438741547374,-0.250273552230513,1.47401364320818,-0.883428612944935,0.185660950912481,1.03199471739656,0.0152745995581809,0.177276292797762,0.264931206787688,0.65785374532568,0.00285764549022643,0.505603736001663,0.128739512299352,0.250594034896242,0.0531723031068516,-0.19082945685267
"611",611,"female","white","yr1","STEM","math02","Visual",1.24545915401307,0.465081590473112,-1.88010652896813,-0.490590361730441,-0.225647842926472,-0.116021463510741,-0.425138276851267,-0.173495033965654,0.199264508345764,-0.0991883632687328,0.501358103276173,-0.114286480680892,-0.199273447908065,-0.266899866562768,-0.0612567929433283,-0.358437539416235
"612",612,"male","white","yr1","Business","math03","Visual",-1.18294156688621,-0.169577135524908,1.25327419948074,1.23656520101049,0.950334183543531,0.686646467671857,0.447125804997462,0.531268855681569,0.275177559554552,0.703462905817276,0.942127046446496,0.628059620814471,0.48359511437298,-0.0503990474507617,0.109917055061975,-0.358437539416235
"613",613,"female","other","yr3","Other","math01","Auditory",1.53630652396485,0.524843076913812,0.709807358358335,1.54440808382336,-0.432251658206266,0.927864358265149,1.10097189451854,0.929957989249958,-0.348629938186502,1.38490116667583,1.3947885981991,1.10510153746469,0.61958853249889,1.359405048502,0.71122336498988,-0.237770847465895
"614",614,"female","white","yr3","STEM","math03","Visual",1.53630652396485,0.128878867437912,1.47401364320818,-0.619708879862372,-1.41081112587508,-0.000942634960431038,-0.427477821879036,0.366676630077173,-0.707448892281356,-0.0100412308820352,-1.51531433744754,-0.288949975421291,-0.24068970234556,-0.256551301643713,0.71122336498988,-0.298104193441065
"615",615,"female","white","yr1","Other","math01","Visual",-0.139107038956517,-0.162947918371638,-0.937634239819369,-0.505955982019419,-0.686109958685729,0.159384637371206,1.02169979271643,0.0705745913077946,1.01865811940739,0.249498019378577,1.3947885981991,0.541410435460606,0.429534394790053,1.00597751343254,0.426807870681382,0.534531907398295
"616",616,"female","white","yr2","STEM","math02","Auditory",0.965091801560686,0.289151381373131,-2.2028339263631,-0.434190460687682,-0.685909411653362,-0.966680427938725,-0.826105283037542,-0.456742205401908,-0.228254757355841,-0.649277893515913,-0.732521543728356,-0.776100657220897,-0.544118459114146,-0.319494563099322,-0.333067775859753,-0.1304961108775
"617",617,"female","white","yr1","Business","math03","Kinesthetic",0.296824267065557,0.159996370357022,0.106826002996921,-0.257530035903545,-0.38646153395254,-0.722091489747724,-0.836909470828108,-0.724814896375881,-0.813748111572596,-0.777567070653763,-0.858661355225572,-0.749531041636552,-0.701309056336233,-1.22231356632623,0.186284759328881,-0.358437539416235
"618",618,"female","white","yr2","STEM","math04","Kinesthetic",0.73275557308763,0.155348188437164,-0.835646286151844,-1.71709219215658,-1.11281610155374,0.280746043810484,-1.4613529305183,-1.53289153649009,-1.27836449263182,-1.49499654553289,-0.913733125957824,-0.786749010848938,-1.35180849426363,-0.256551301643713,0.572524838295486,-0.0232213742891059
"619",619,"female","Black","yr2","Business","math01","Auditory",1.43324265073035,0.282994407531028,-1.82059201472912,0.29335122295129,0.0284640083753729,-0.415565584528228,-0.736824310447818,-0.788489150936824,-0.0522294133642248,-0.762130890176194,-0.409925707021529,-0.57013136412118,-0.544736652291927,0.599634794198328,0.0774417337510661,0.259649088246336
"620",620,"female","white","yr2","Business","math03","Kinesthetic",1.3668672769993,0.720262952701733,-2.52556132375806,1.34148012119715,-0.398383528483037,-0.811961765090911,-0.742125303719851,-0.684781524852676,0.125395294111744,-0.829479012972352,-1.10500143398215,-0.795962792264619,-0.525586139899363,-0.858377222523617,0.198889270720955,0.454721687808255
"621",621,"male","white","yr1","STEM","stats","Visual",-0.662290637381356,0.0620699382191302,1.25327419948074,0.733271119318747,0.0537141881927137,0.200473762369073,-0.210973433448603,0.0949801799955638,-0.375278250380599,0.0936902561322514,-0.776735141928605,-0.0560953252472315,-0.0787260392963025,0.446397724170137,-0.52851105450927,-0.358437539416235
"622",622,"male","other","yr1","STEM","math03","Visual",-0.189670831855831,-0.281029887797563,1.25327419948074,0.801198308897208,-1.24689118105769,-0.85990774935184,-0.622753533593346,-0.783278476687511,-1.00954714725728,-0.974186982497236,-0.768636860096112,-0.779514603012236,-0.769621797311796,-0.15558844052387,-0.333067775859753,0.188798631748819
"623",623,"male","white","yr2","Other","stats","Auditory",0.407752372552383,-0.326914616945457,0.106826002996921,-0.533875650518242,0.659191551884245,0.258888632389144,0.502015701682371,0.420689994584311,0.655317055787748,0.432779153640874,0.889815166413753,0.428844546966308,0.482262142575474,-0.361740694716821,0.00344599207143733,0.144386708274459
"624",624,"female","white","yr2","STEM","math04","Visual",-0.157451288708243,0.119582503598196,1.25327419948074,-0.283334409386253,-0.227776159710656,0.305746070107807,0.876294440150848,0.275578776872397,-1.03011373389728,0.0959182623698661,0.275357533551378,0.380109882852165,0.222171883829801,1.359405048502,0.71122336498988,0.672632065679161
"625",625,"male","white","yr3","Business","math02","Visual",0.262668436482093,-0.0439119516644561,-0.614906842424405,-0.315926167045485,-0.13545593644202,0.470170983758619,0.600688694340649,0.475229112885926,-0.0174036077102995,-0.0731830633651315,0.32358853228402,0.322493999313255,0.360083748594522,0.456746289089193,-0.478784743473856,-0.19082945685267
"626",626,"female","white","yr1","Health","math02","Kinesthetic",1.04981142504346,-0.100869722402535,-0.614906842424405,0.643439023959908,-0.819710121817342,1.22272367547908,1.10097189451854,1.25914244045875,1.63276239938853,-0.242462174971738,1.3947885981991,0.770412039734272,0.982318576640124,-0.102993743987316,0.255634022676079,-0.237770847465895
"627",627,"male","white","yr1","Business","math02","Visual",1.43324265073035,0.287642589450886,-0.937634239819369,-0.623769049858351,-0.977217012019717,-1.15220973407199,-0.624978797511164,-0.381442668242525,-0.0435651845900367,-1.20791198796575,-0.437961907045935,-0.896175272940388,-0.454219897134778,0.498832176892588,0.0531723031068516,0.719087396437866
"628",628,"male","white","yr1","STEM","math04","Kinesthetic",-0.865885714930374,-0.285678069717421,0.930546802085773,1.00186086581347,-0.868332959291139,-0.700481012760951,-0.632796773985635,-0.150385338835695,-0.934966069736934,-0.27009875953532,0.460885597479946,-0.403299430642657,-0.481425137761504,0.145244398009031,0.109917055061975,-0.0835547202642761
"629",629,"female","white","yr1","Other","math01","Auditory",1.53630652396485,1.01954163613376,-2.2028339263631,-0.661953798058123,0.093175758936774,-0.302550676590399,0.0511783363473654,-0.36989194688788,0.0621118002944284,0.150457370497796,-0.154672563286283,-0.0613661952429249,-0.106910371434982,-0.662573533249721,-0.382794086895167,-0.1304961108775
"630",630,"female","white","yr1","STEM","math02","Auditory",-1.18294156688621,-0.504621503795907,0.930546802085773,0.0488179437311688,-0.422958244895673,0.608633961129707,0.316783230360351,0.544584672757933,-0.456363356017833,0.215401328448726,0.611181845020437,0.402771604131749,0.204202508988274,-0.61013908052727,0.71122336498988,0.268608851338859
"631",631,"female","white","yr2","Business","math02","Kinesthetic",-0.139107038956517,-0.324933581712045,-1.48110108094177,0.112868153121455,-0.221230129746066,0.746248335283712,0.829931844831429,1.14586809703558,-0.745891605096045,0.938019458521703,1.00197695671892,0.81429644168137,0.580745722221837,-0.361740694716821,-0.604878758776177,-0.298104193441065
"632",632,"male","other","yr5+","STEM","math04","Visual",1.53630652396485,0.83787267881649,1.15128624581321,-0.629546541754253,-1.73699761509802,-1.15918081361936,-1.99337253659765,-0.299146555440327,-1.05062533900546,-1.35186628223111,-0.163886510724892,-1.25687574544815,-1.08351258164233,-0.414335391253375,0.324983286023276,-0.358437539416235
"633",633,"male","white","yr3","Business","math03","Auditory",0.94674755180896,0.838344922127657,-1.27712517360672,0.590001496669228,-0.848376503091276,-1.14322540349915,-1.27924050517019,-1.24556730357305,-0.724470962110709,-1.31811059072048,-1.02250351439151,-1.15868476972699,-1.07860469297523,1.359405048502,0.71122336498988,1.25784986436492
"634",634,"male","white","yr2","Business","math02","Auditory",0.109040770348276,-0.272419635410881,0.106826002996921,-0.470903177529137,0.24268376579508,0.0934894602606195,0.98496828460634,0.383869606760828,0.27431972520837,-0.00160284044031858,0.754633885788755,0.370571797727201,0.528748629696913,-0.361740694716821,-0.433704910770873,0.611812659849472
"635",635,"female","Black","yr4","Other","stats","Kinesthetic",-0.05438741547374,-0.0549849932546403,-2.52556132375806,0.57829617569228,0.677730733029926,-0.917411911591496,0.280803435736358,0.66533267605496,-0.233342458710569,0.775908913448384,-1.19585989164099,-0.153945945510026,0.38236348823263,-0.102993743987316,0.0405677917147779,-0.298104193441065
"636",636,"female","Asian","yr1","Other","math02","Kinesthetic",-0.69644646796482,-0.044179837492679,1.59276513326809,1.07331934092507,0.389517382846271,0.039112676277132,0.426326534366876,-0.223095122827883,0.2450630804177,-0.139254352878688,0.72551027749121,0.169793270463749,0.12647837683321,-0.361740694716821,-0.187350808245649,-0.1304961108775
"637",637,"female","Black","yr1","STEM","stats","Visual",-0.363579035177249,0.226036636792949,0.429553400391885,-0.514459592821773,0.335145383054115,0.447891211858011,-0.308719048801124,-0.0200510067286583,0.444328283045138,-0.21084209207583,-0.315214569335733,-0.0291933462306799,-0.0113731622770923,-0.361740694716821,0.0531723031068516,0.092041005682772
"638",638,"male","white","yr5+","STEM","other","Kinesthetic",-0.05438741547374,-0.395149786756664,-0.215901394398043,0.511805340127913,0.198894404832059,0.226735136345487,-0.0187778032210001,0.286801536483593,0.120458839622706,-0.104744986108533,0.370782483880516,0.0827273193703909,0.140873067558942,0.953222573081886,-0.0161769602403456,0.0371119716860642
"639",639,"female","other","yr3","Other","math04","Visual",0.965091801560686,0.278078339782946,2.1194684379981,-0.661953798058123,0.190694974455623,0.0764106032459221,0.250792160989373,0.0117858675600834,0.453716801465819,0.13402480197271,0.442271543097396,0.175513022929984,0.16840599956325,1.20162095889234,0.394332549370473,-0.19082945685267
"640",640,"male","white","yr1","Business","math03","Kinesthetic",-1.33656923302002,-0.504621503795907,3.06194072714687,0.670591856425917,1.81748683292897,1.44947764110473,1.10097189451854,1.25914244045875,1.30450256753287,1.38490116667583,1.3947885981991,1.27095790126331,1.20601629907307,0.250433791082139,0.255634022676079,-0.298104193441065
"641",641,"male","white","yr2","Business","math03","Visual",0.843683678574457,0.73529806475874,1.25327419948074,-0.143823662573029,0.040244608915472,-0.76938893728262,0.167597564397509,-0.703302582065053,-0.00496217110297818,-0.547335015700883,-0.192142925217192,-0.36788629181838,-0.211681511892805,-0.166097249257028,-0.142270975542666,0.22726631912404
"642",642,"female","white","yr1","Business","math03","Auditory",0.432107683447647,0.234174645868464,1.15128624581321,-1.7599683493585,0.32918776713998,-0.0830370135869659,0.728994477802687,0.651747323991141,0.525405261471893,-0.0360465307856365,-0.314940872293231,0.115282132580735,0.592355489632704,1.25421565542889,0.255634022676079,-0.358437539416235
"643",643,"female","white","yr1","Business","math01","Visual",1.53630652396485,1.08777680594497,-2.84828872115303,-0.321581556841388,0.0454791794909809,0.585243292903436,1.10097189451854,0.579440062986198,1.63276239938853,-0.0528330437899443,1.3947885981991,0.617638395206338,0.810429948793955,-0.361740694716821,-0.604878758776177,0.180324928510815
"644",644,"female","white","yr2","Health","stats","Auditory",-1.12257725429869,-0.504621503795907,-1.15837368354681,0.616720260314568,-0.0685802907711379,0.585243292903436,0.605254390463739,0.211803721282576,0.178395427974382,0.726459803025685,-0.526561581757259,0.472088771767007,0.29481488212441,-0.309145998180267,-0.142270975542666,-0.358437539416235
"645",645,"female","white","yr1","Health","stats","Kinesthetic",-0.411610159156575,-0.396658578678909,1.69475308693561,-0.142749906699889,-0.614675205844043,0.0166397825677973,-0.977648634108238,-0.446714303622599,-0.901813729425947,0.617873143964443,-0.546349373671207,-0.147239656065424,-0.675945654448789,1.00597751343254,0.255634022676079,-0.298104193441065
"646",646,"female","white","yr3","Other","math04","Visual",1.53630652396485,0.539741619954645,2.34020788172554,-0.450691794586969,-0.263020564306677,0.193769188134554,-0.033428427966511,-1.2511560602759,-0.178769475414247,-0.0873424105600986,0.421789927715944,0.0789755354506193,-0.541748068304555,-0.361740694716821,-0.53552949542898,0.180324928510815
"647",647,"female","white","yr1","STEM","stats","Kinesthetic",0.212104643582779,0.0829941382900179,-1.05638572987928,-0.480258023929132,0.779868208761548,0.253979654495195,0.742587170254419,0.631032408284717,-0.22549070913196,0.681205158221886,0.237597992090228,0.478924388378313,0.53017603099075,-0.963566615596725,-0.0729217121954691,-0.358437539416235
"648",648,"female","white","yr1","Health","stats","Visual",0.510816245786886,0.390217203508636,-0.835646286151844,0.419911607153254,0.92886572092222,0.585243292903436,0.307567761288964,0.424239192448152,0.490965163689132,0.483897247543727,0.589024560668896,0.461077010933214,0.425344854550783,-0.361740694716821,-0.604878758776177,0.00424314270924796
"649",649,"female","white","yr1","STEM","stats","Visual",0.407752372552383,-0.145245659628184,-2.84828872115303,-1.04569929368148,0.129531075889509,-0.619916794327579,0.868964674694142,-0.822621703804479,-0.205855837944414,-1.49762371134223,-0.585717916791018,-0.435615280310524,-0.0493240908905596,0.0444417807032908,0.419789429761673,0.144386708274459
"650",650,"male","white","yr1","STEM","math03","Auditory",-0.157451288708243,-0.504621503795907,1.79674104060314,0.628572663734773,-1.14475370532607,-0.801523931613435,0.0464739237867737,-0.886484478939793,-0.841456708509537,-0.178134279564935,-0.766420666586143,-0.378765511384951,-0.558733827351206,-0.921320483979226,0.109917055061975,-0.358437539416235
"651",651,"male","white","yr3","STEM","stats","Visual",-1.28600544012071,0.0066209594032965,-0.954397776211756,-0.00312468038135805,0.040244608915472,-0.278991055297858,-0.485836371940611,-0.410664055562448,0.0612734917223705,-0.417106671588377,-0.216739476861307,-0.348803879396887,-0.301808322254205,-0.361740694716821,-0.604878758776177,0.180324928510815
"652",652,"female","white","yr1","Other","math02","Kinesthetic",1.01565559446,0.160468613668189,0.32756544672436,0.0022318965860942,0.244337166206926,0.864340321805882,0.418136215527038,0.679398589333005,0.617136978111978,0.832676027813928,0.699067955317263,0.682895990415137,0.506481759652345,0.757739371436196,-0.352690728171535,-0.1304961108775
"653",653,"female","Black","yr1","STEM","math02","Visual",0.965091801560686,0.465349476301335,-1.27712517360672,-0.239314883060559,-0.805133215151186,-0.641556915197735,-1.10986856562535,-0.789523156877265,-0.43274762919204,-0.765721117945128,-0.628117174444071,-0.764335361916976,-0.804066866832887,-0.0503990474507617,-1.06748654200969,0.119991582535645
"654",654,"male","white","yr2","STEM","math04","Kinesthetic",-0.747010260864134,-0.504621503795907,1.47401364320818,0.578470320871621,0.92886572092222,0.447020320000645,0.111976924599068,0.0814693891755402,-0.0637687994086943,0.721697028601621,0.805641329624183,0.454510720448826,0.153449945589858,0.250594034896242,0.446430822993165,-0.298104193441065
"655",655,"female","white","yr3","Other","math04","Kinesthetic",-0.157451288708243,-0.162947918371638,-1.15837368354681,-0.151302805764375,1.81748683292897,1.32191667576981,1.10097189451854,1.06002278636954,0.918834974851912,1.38490116667583,0.909806056828528,1.17409424344023,1.07599094495991,0.862928764509304,0.179266318409172,-0.358437539416235
"656",656,"male","white","yr3","STEM","math04","Visual",-0.831729884346911,-0.324933581712045,0.106826002996921,1.48601195268142,-0.212378810681597,-0.344055278528325,-0.28867495661162,0.188499052408958,-0.34043789436185,0.297465282550853,0.599782586384761,-0.0357947925413106,-0.0903857658618667,-0.414335391253375,-0.40241703920695,0.394388341833085
"657",657,"female","Black","yr2","Health","math02","Visual",0.698599742504166,0.0066209594032965,0.650292844119324,-0.640721609560904,0.040244608915472,-0.752215477288959,-0.485836371940611,-0.410664055562448,0.0612734917223705,-0.440726640715087,-0.216739476861307,-0.505492696616011,-0.301808322254205,0.498832176892588,0.0531723031068516,-0.0835547202642761
"658",658,"male","white","yr1","Other","math02","Visual",-0.139107038956517,0.00197277748343825,1.47401364320818,-0.399846966718342,-0.627944238088918,-0.0472129101947125,-0.23069033645786,-0.473204697354869,-0.649746764935154,0.0202290263852905,-0.0368515102123574,-0.0733743168610828,-0.410611978953503,0.498832176892588,0.129540007373758,-0.237770847465895
"659",659,"male","white","yr3","STEM","stats","Auditory",-0.0787427263690043,-0.390501604836806,-0.937634239819369,-0.559393509310098,1.65522028852342,1.44947764110473,1.10097189451854,0.851136513067806,1.63276239938853,1.38490116667583,1.3947885981991,1.27095790126331,1.07895792668855,0.852419955776146,0.0531723031068516,1.19751651838975
"660",660,"female","Black","yr1","STEM","stats","Visual",-0.625602137877905,-0.0554572365658071,-1.48110108094177,-0.632452759959135,-1.27670046804584,-0.487378532174732,-0.0566677367872242,0.0699186678208946,0.479168639063886,-0.254308127680373,0.196263528554551,-0.213732694647932,-0.0552032670868073,0.799665015425489,0.0335493507950687,0.543005610636298
"661",661,"female","white","yr2","Business","math02","Auditory",-0.326890535673798,0.044839922786843,1.47401364320818,0.524298556043049,0.72093844264472,0.134994062198546,0.0921057759926611,-0.0625087217513102,-0.56394340297882,-0.268217752713172,0.181962272869695,0.0171532212884244,0.000900412762594827,0.403991348738536,0.515780086340362,-0.0232213742891059
"662",662,"female","white","yr3","Other","math04","Visual",-0.260515161942746,-0.282538679719808,0.930546802085773,-0.374322298187424,1.81748683292897,1.00801961916395,0.418979516007589,1.09455021485435,0.435211453570056,0.686761781061686,0.101652537684894,0.62102683008593,0.801114790323482,0.810173824158647,-0.0357999125521285,-0.358437539416235
"663",663,"male","white","yr1","STEM","math04","Visual",1.53630652396485,0.0263042533801623,0.75228079778685,0.291764124437984,0.040244608915472,-0.278991055297858,-0.485836371940611,-0.410664055562448,-0.381428581235137,-0.417106671588377,-0.216739476861307,-0.348803879396887,-0.363532723731037,-0.06090785618392,-0.409435480126659,0.416740060287553
"664",664,"female","white","yr1","STEM","math02","Kinesthetic",-0.575038344978591,0.494004190016942,2.56094732545298,-1.77547242031748,-0.639249922256679,0.287108524609068,1.10097189451854,0.761171766648094,1.11395703043343,0.386376144733542,0.786734412709986,0.567883030927821,0.737724212997117,0.208347903278743,0.515780086340362,0.454721687808255
"665",665,"male","white","yr1","Business","math02","Visual",0.698599742504166,-0.162947918371638,2.84120128341943,1.54440808382336,0.239883874701223,-0.201825271870616,0.287066362731384,0.341915820804881,0.444799270586222,0.509968223872165,0.779601918434487,0.234523277011093,0.310349366636712,-0.145239875604814,0.71122336498988,-0.358437539416235
"666",666,"female","white","yr1","STEM","math03","Visual",0.965091801560686,0.498180128625634,-1.48110108094177,-0.322498738991831,-0.493869158584967,-0.403494224237242,0.135616322398078,1.01217954080836,0.34347973692997,-0.103263138858111,-0.541994795328604,-0.183481771349235,0.428922975630272,-0.102993743987316,0.572524838295486,-0.237770847465895
"667",667,"male","white","yr1","Business","math02","Visual",-2.2267760948159,-0.504621503795907,2.29773444229703,-0.234342559076708,0.0173232929146818,0.528554801497024,-0.0655680808830248,0.424239192448152,0.723548503858069,0.373698644788997,0.618125554810677,0.321323979575502,0.243899230632249,0.403991348738536,-1.0478635896979,0.779420742413036
"668",668,"male","white","yr2","Business","stats","Auditory",-2.2267760948159,-0.504621503795907,0.208813956664447,-0.511935391425732,1.81748683292897,1.44947764110473,1.10097189451854,1.25914244045875,1.63276239938853,1.27247455768349,1.3947885981991,1.24135869879373,1.25178441918784,-0.0503990474507617,-0.31344482354797,0.603338956611469
"669",669,"female","white","yr1","Other","math02","Kinesthetic",0.510816245786886,-0.0554572365658071,-0.113913440730517,0.265734025450669,-1.09789366889702,-1.66698942758803,-0.647887452196642,-1.08070061485136,-0.535312144396102,-1.42200641164822,-1.14010492845539,-1.20363859338724,-0.810307019629309,-0.0607476123698173,0.0531723031068516,-0.251162802827841
"670",670,"female","white","yr3","STEM","math04","Kinesthetic",0.212104643582779,-0.0488280194125372,0.106826002996921,-0.653852451556581,0.483491006526754,-0.39705284191424,-0.878315187214042,-0.629007992753659,-0.576740881605459,-0.214943588863263,0.223978856943178,-0.383029673727798,-0.556081258204976,-0.309145998180267,-0.0855262235875427,-0.358437539416235
"671",671,"male","white","yr5+","STEM","math04","Kinesthetic",0.698599742504166,0.0127779332453996,1.25327419948074,-0.930735758396556,-0.256132593319322,-0.0482996377779184,0.191564151376766,0.361370588912281,-0.412126354367924,0.140911360317335,-0.276879638579505,0.0389304032879602,0.116737911311092,0.250594034896242,0.255634022676079,-0.1304961108775
"672",672,"female","white","yr5+","STEM","math03","Kinesthetic",1.01565559446,0.194446890562672,-0.937634239819369,-0.33760958134597,-0.935627124491473,-0.452014055904057,-0.48744952598734,-0.684453563109226,-1.39019393237548,-0.0242929756998936,-1.75945740207735,-0.479916374501281,-0.709264758163803,1.25421565542889,0.572524838295486,-0.0701627649023302
"673",673,"male","white","yr1","Business","math02","Visual",-1.58471704232482,-0.504621503795907,1.79674104060314,0.453409208985973,0.0872696140515918,-0.014202811802261,1.10097189451854,1.02197341886196,0.529652530249909,1.12526951879233,1.30712214080638,0.727022033409131,0.83036588966364,-0.414335391253375,-0.0161769602403456,-0.358437539416235
"674",674,"female","white","yr1","Other","math02","Auditory",1.18509484142555,0.390957332648026,-2.84828872115303,-1.10209919472424,-1.73699761509802,-1.36288348669268,-1.66012173093683,-2.08047055158365,-1.01979350002414,-2.10891590709786,-0.847984559065545,-1.51455676735168,-1.65354547765248,1.359405048502,0.641874101642683,-0.0701627649023302
"675",675,"female","white","yr3","STEM","stats","Visual",1.53630652396485,0.968658287907968,-2.84828872115303,-0.12589635207155,1.12472326951194,0.585243292903436,-0.485836371940611,-0.410664055562448,0.84701794555545,0.483897247543727,-0.216739476861307,0.163207543928285,-0.0814439019613536,-0.361740694716821,-0.604878758776177,0.180324928510815
"676",676,"male","white","yr3","Other","math02","Auditory",-0.968949588164878,-0.102850757635946,0.106826002996921,-0.257530035903545,0.487272723722784,0.136458147703625,-0.0879640892231873,-0.161944312611008,0.199241830770462,0.483897247543727,0.280135673091546,0.18065629749685,-0.0129102194397619,-0.361740694716821,-0.75059572639028,0.180324928510815
"677",677,"male","white","yr3","Business","math03","Kinesthetic",-1.60306129207654,-0.115636948631319,1.25327419948074,1.437533029242,-1.00099076374091,-0.583637276018019,-0.0446726692225725,-1.24556730357305,-1.15148293892731,-0.930059669256062,0.2404771267548,-0.414026905931755,-0.754273093119743,-1.16971886978968,-0.548134006821053,-0.358437539416235
"678",678,"female","Asian","yr3","STEM","stats","Auditory",-0.24217091219102,-0.504621503795907,1.47401364320818,0.563183041275007,0.364978244758932,0.692480150049011,0.882557367145874,0.686274752475956,0.165023709158488,0.559586483528303,-0.707924992084241,0.512611710695303,0.608675596297689,0.509180741811644,-0.206973760557432,-0.19082945685267
"679",679,"male","Black","yr1","Business","math02","Auditory",-0.345234785425524,0.5178634226025,0.208813956664447,-0.257530035903545,0.040244608915472,-0.523910605521413,-0.471085254032741,-0.427724044246313,0.355760872864922,-0.256443736295096,-0.0732368267271512,-0.363923225865026,-0.262509178252771,-0.319494563099322,-0.852420311048387,-0.0147476710511029
"680",680,"female","white","yr2","Business","math02","Kinesthetic",-0.976813820417201,0.388022300133356,0.531541354059411,-0.367883881283423,0.236102157505194,0.556051874683852,0.803285265343763,1.02904455574857,-0.0174036077102995,1.38490116667583,0.0397869213174626,0.752906815419583,0.675686378824106,0.446237480356034,-0.333067775859753,-0.237770847465895
"681",681,"male","white","yr1","STEM","math03","Kinesthetic",-2.12371222158139,-0.504621503795907,1.47401364320818,1.437533029242,0.369360379614042,1.44947764110473,1.10097189451854,1.25914244045875,1.63276239938853,1.28107728203865,1.3947885981991,1.24362358770446,1.10381647384502,0.498832176892588,0.0531723031068516,0.719087396437866
"682",682,"male","white","yr1","STEM","math03","Kinesthetic",-0.69644646796482,-0.396658578678909,0.930546802085773,-0.257530035903545,-0.227776159710656,-0.339245671840017,-0.663705408566192,-0.40857099809728,0.321542751252947,0.716140405761821,-0.716594980210407,-0.173443055678238,-0.349656522740675,-0.361740694716821,-0.604878758776177,1.02990843582618
"683",683,"female","white","yr2","Other","math02","Auditory",0.109040770348276,-0.0488280194125372,-2.52556132375806,0.488462013476256,0.793302209713493,0.585243292903436,0.323385717658514,-0.034831216624363,0.58229662209323,0.314795921808729,0.589024560668896,0.420630328714445,0.253543808976097,-0.256551301643713,-0.161893927854449,-0.1304961108775
"684",684,"female","white","yr2","Business","math02","Visual",0.529160495538612,-0.504621503795907,-1.15837368354681,0.422824264093251,0.644304697552821,-0.939107253485774,-0.595337987717005,-0.0236002045924993,0.626276485162362,0.0380307615054513,-0.102851159991374,-0.453851351545266,-0.0485140934235896,-0.0607476123698173,-0.0161769602403456,-0.298104193441065
"685",685,"male","white","yr1","Business","math02","Visual",0.212104643582779,0.90344070194125,-2.2028339263631,-0.327787606161667,-1.29520407086622,-1.25970888432615,0.0520061076682677,-1.14082567154846,-0.329325279641796,-1.42669724978172,0.0823752116846179,-0.753205643092676,-0.598312179883217,-0.0503990474507617,-0.459161791162073,0.111517879297642
"686",686,"female","white","yr5+","STEM","math04","Kinesthetic",0.34738805996487,-0.104831792869358,0.429553400391885,-0.420775895988965,-0.0655096153051096,-0.426420713904823,-0.214796322253502,-0.410664055562448,-0.327931630454935,0.0985454281792069,-0.11089883245803,-0.177834704600341,-0.279180737890117,-0.557384140176613,-0.211620238889863,-0.298104193441065
"687",687,"female","white","yr1","STEM","math02","Auditory",-1.48165316909031,-0.279048852564151,1.79674104060314,0.970865467569469,0.174355266744719,-0.483109205311236,-0.632724181105815,-0.613708171661673,-0.0485016390790741,-0.415494727894889,-0.0511301517414484,-0.431884406042237,-0.428694237214914,0.197999338359688,-0.604878758776177,-0.298104193441065
"688",688,"female","white","yr5+","STEM","math02","Kinesthetic",1.53630652396485,1.41317437321821,-1.88010652896813,-0.919910586337055,-1.4375141590719,-1.08789286275079,-1.09944318952229,-0.948473127152652,-1.18943788863111,-2.09151333154942,-0.988824854230462,-1.2944958951286,-1.03168229051465,-1.22231356632623,-0.409435480126659,-0.0835547202642761
"689",689,"female","white","yr2","Other","math04","Visual",1.53630652396485,0.568191976187308,-1.37911312727425,0.387144098926213,0.911814971481315,-0.117792891108855,0.0739899628254731,0.241246322131242,0.293101737459034,0.418513956864857,-0.0637336997583011,0.0843857809853675,0.250360433175466,1.00581726961844,-0.669581543790942,0.28711360524469
"690",690,"male","white","yr2","STEM","math04","Visual",-0.139107038956517,-0.0712610114056697,-3.83323444973031,1.437533029242,1.11280127498144,0.289294530344303,0.307567761288964,-0.136874548015671,0.84701794555545,1.25729998837267,0.589024560668896,0.570592961930303,0.278903309962216,-0.414335391253375,-0.845401870128677,-0.0232213742891059
"691",691,"male","other","yr2","Business","math03","Visual",1.18509484142555,0.793496741590841,-2.2028339263631,1.27095965171757,-1.4257335585318,-1.04410198506905,-0.48245007164622,-0.605428860762746,-1.27017244880717,-1.86888811980235,-0.373137727751327,-0.991588355655208,-0.710728876340857,-0.361740694716821,0.293695414459352,-0.358437539416235
"692",692,"female","white","yr2","STEM","stats","Auditory",-0.274390455338608,-0.396658578678909,3.18069221720678,-0.257530035903545,1.41079629930279,1.00843509610401,0.307567761288964,0.424239192448152,0.84701794555545,0.899401078691786,0.589024560668896,0.70503058038465,0.524231177281714,-0.361740694716821,-0.0729217121954691,-0.298104193441065
"693",693,"male","Black","yr1","Other","math02","Auditory",-0.276326742774484,0.684765153690988,-1.92257996839665,0.292610929740579,-0.253026339527997,-0.495006912089519,-0.680259877006468,-0.922552971310214,-0.489146251293192,-0.762746952720321,-0.134762654198503,-0.549041662413293,-0.667454439119926,0.403991348738536,-0.333067775859753,0.482672264661128
"694",694,"female","white","yr2","STEM","math02","Visual",-0.813385634595185,-0.504621503795907,1.47401364320818,-0.576838903270844,0.174355266744719,0.528554801497024,0.307567761288964,0.747253524710985,-1.19835541951071,-0.306908068833647,0.118320660827415,0.180206312833191,0.23641242006458,-0.361740694716821,-0.53552949542898,0.240658274485986
"695",695,"female","white","yr1","Business","math02","Auditory",-2.2267760948159,-0.504621503795907,1.69475308693561,-1.10506156847632,0.92886572092222,0.585243292903436,0.307567761288964,0.424239192448152,0.84701794555545,0.483897247543727,0.589024560668896,0.461077010933214,0.474988048466817,-0.361740694716821,-0.604878758776177,0.180324928510815
"696",696,"male","white","yr1","STEM","math02","Kinesthetic",-0.678102218213094,-0.00465643966983166,1.69475308693561,0.643439023959908,0.659191551884245,0.156589134084246,0.372088745183206,0.424239192448152,1.04078534987322,0.542183907979868,-0.147929327016942,0.271184648349585,0.495326054891836,-0.00815291583326325,-1.01074179005456,-0.298104193441065
