"","ID","sex","race","class","major","math.level","modality","ID","AMAS.1","AMAS.2","AMAS.3","AMAS.4","AMAS.5","AMAS.6","AMAS.7","AMAS.8","AMAS.9","MEA.2","MEA.4","MEA.5","MEA.8","MLA.1","MLA.3","MLA.6","MLA.7","MLA.9","Efficacy.1","Efficacy.2","Efficacy.3","Cooperative.1","Cooperative.2","Cooperative.3","Cooperative.4","Cooperative.5","Cooperative.6","Lecture.1","Lecture.2","Lecture.3","Lecture.4","Lecture.5","Lecture.6","Lecture.7","Deductive.1","Deductive.2","Deductive.3","Deductive.4","Deductive.5","Deductive.6","Deductive.7","Inductive.1","Inductive.2","Inductive.3","Inductive.4","Inductive.5","Inductive.6","Inductive.7","Demons.1","Demons.2","Demons.3","Demons.4","Demons.5","Demons.6","Demons.7","Repet.1","Repet.2","Repet.3","Repet.4","Repet.5","Repet.6","Repet.7","Integrate.1","Integrate.1","Integrate.1","Integrate.1","Integrate.1","Integrate.1","Integrate.1","Tach.1","Tach.2","Tach.3","Tach.4","Tach.5","Tach.6","Tach.8","Tach.9","Tach.10","Tach.11","Tach.12","SocialEngage.1","SocialEngage.2","SocialEngage.3","SocialEngage.8","BehaveEngage.4","BehaveEngage.5","BehaveEngage.6","BehaveEngage.7","Resource.9","Resource.10","Resource.11","Resource.12","Modality.1","Modality.2","Modality.3","Modality.4","Modality.5","Modality.6","Modality.7","Modality.8","Modality.9","Modality.10","Modality.11","Modality.12"
"1",1,"female","Asian","yr3","Health","stats","Visual",1,2,4,2,5,5,3,3,5,3,4,5,5,5,2,2,3,3,3,2,5,2,4,4,3,5,3,5,3,4,3,4,5,3,4,2,3,4,5,3,2,4,5,3,3,5,5,3,4,5,5,4,4,4,3,3,5,5,4,4,3,4,4,3,4,3,4,4,5,5,2,2,2,2,1,3,4,3,3,3,1,2,2,2,3,3,3,2,3,1,1,1,1,2,1,2,1,3,2,2,1,2,3,3,3
"2",2,"female","white","yr2","Health","stats","Auditory",2,4,4,3,1,4,4,3,4,5,4,1,4,4,4,3,4,3,5,3,3,2,4,5,4,5,4,4,4,4,5,4,5,5,2,4,5,5,4,5,5,4,5,5,4,5,5,4,5,5,5,5,5,4,5,5,5,4,5,5,5,4,5,5,5,5,4,5,5,5,3,3,3,3,4,4,4,3,2,2,3,4,3,3,4,3,3,4,4,3,3,2,1,1,1,2,2,1,1,3,1,2,2,3,1
"3",3,"female","white","yr2","STEM","other","Visual",3,1,3,1,3,4,2,1,5,1,3,3,4,5,1,1,2,1,1,4,4,5,3,4,4,2,4,3,5,4,4,5,5,4,3,5,4,5,5,4,3,3,4,5,5,4,5,4,5,5,4,4,3,5,4,5,5,5,5,4,5,2,5,1,4,3,4,5,4,5,3,4,4,4,3,3,3,4,4,4,3,2,2,2,2,4,4,3,4,3,2,2,1,3,2,2,2,2,1,3,1,2,1,3,3
"4",4,"female","other","yr1","Other","math02","Visual",4,1,3,1,3,2,1,1,3,1,3,3,2,3,1,1,1,1,1,3,3,2,2,3,1,1,1,2,3,4,3,3,4,4,1,4,4,3,2,2,1,2,2,3,3,4,4,1,2,3,4,2,1,2,2,3,2,3,3,2,1,3,1,1,2,2,1,2,1,2,3,2,3,3,2,3,3,3,3,3,3,3,3,3,3,3,3,2,2,2,2,1,1,3,2,1,1,3,2,3,2,2,3,2,2
"5",5,"female","other","yr1","STEM","math04","Kinesthetic",5,1,3,1,2,4,1,1,3,1,3,2,4,3,1,1,1,1,1,5,3,4,1,1,3,1,5,1,4,5,5,5,5,5,3,1,5,5,5,5,5,1,5,5,5,5,5,5,5,5,5,5,5,5,5,5,5,5,5,5,5,5,5,5,5,4,5,5,3,5,3,2,3,3,3,4,5,3,4,4,3,4,4,4,4,4,4,4,4,4,4,1,1,3,2,1,1,3,2,1,3,2,3,3,3
"6",6,"female","white","yr1","Other","math02","Auditory",6,1,3,2,4,3,1,3,5,1,3,4,3,5,1,2,1,3,1,4,4,3,2,2,3,3,3,2,5,2,5,2,3,4,2,4,2,3,2,3,4,2,4,3,4,5,4,2,3,4,4,4,3,2,3,4,3,4,3,2,4,4,3,4,3,3,2,3,1,2,2,4,1,2,1,2,5,5,2,2,3,3,3,3,3,4,4,2,3,3,3,1,1,1,2,1,3,3,1,1,1,3,1,2,3
"7",7,"female","white","yr1","Health","stats","Auditory",7,2,3,1,4,3,3,1,5,2,3,4,3,5,2,1,3,1,2,2,5,3,2,2,2,2,2,2,2,2,1,2,2,3,2,2,1,3,3,3,2,2,2,2,1,2,3,2,2,2,3,3,1,2,3,3,1,1,1,1,1,1,1,4,3,2,3,3,2,2,3,2,3,3,2,2,3,3,3,3,2,1,2,3,3,4,4,3,3,3,3,3,1,1,1,1,3,1,1,2,3,2,3,3,2
"8",8,"male","white","yr3","Business","math03","Visual",8,3,4,3,5,3,5,3,5,4,4,5,3,5,3,3,5,3,4,2,4,2,1,2,1,1,3,3,5,4,4,1,4,3,1,5,3,4,2,3,1,3,3,3,4,4,3,3,4,5,4,3,3,4,3,4,4,2,4,2,3,4,1,1,3,5,2,3,3,3,3,3,3,3,3,3,3,3,3,3,3,2,2,2,1,4,3,3,3,1,1,1,1,2,1,2,2,1,2,2,3,2,3,3,3
"9",9,"female","white","yr2","Other","other","Visual",9,2,1,1,1,3,1,2,2,1,1,1,3,2,2,1,1,2,1,4,2,4,2,2,2,2,3,2,4,4,4,4,4,5,3,4,3,3,4,4,4,2,4,4,4,3,3,3,4,4,5,2,4,5,5,5,4,3,4,3,4,3,3,3,4,2,4,4,2,4,2,3,2,2,2,3,4,3,3,2,2,2,2,2,2,2,3,1,2,1,1,1,1,3,1,1,1,1,2,2,2,2,2,2,3
"10",10,"male","Asian","yr5+","STEM","other","Kinesthetic",10,1,1,1,2,1,1,1,3,1,1,2,1,3,1,1,1,1,1,4,2,3,2,3,3,2,2,3,4,3,3,3,5,5,4,4,5,5,5,5,3,3,3,2,2,4,3,3,3,4,4,5,4,5,4,4,3,2,3,3,2,2,2,2,3,3,3,4,2,4,1,5,5,5,5,5,5,5,5,5,5,1,2,1,1,2,2,3,2,2,1,2,2,3,2,1,3,1,2,1,3,2,3,3,3
"11",11,"male","Black","yr3","STEM","math01","Visual",11,1,3,1,4,4,1,3,4,1,3,4,4,4,1,1,1,3,1,1,5,1,1,2,1,2,1,1,4,3,4,2,3,3,3,3,3,3,3,3,2,1,2,3,3,2,4,2,3,4,3,1,1,2,1,3,1,3,4,2,2,4,5,2,4,1,1,4,2,2,5,5,5,5,5,5,5,5,5,5,5,2,3,4,1,2,2,2,2,2,1,1,1,2,3,2,3,1,2,2,2,2,3,2,3
"12",12,"male","white","yr5+","STEM","math03","Visual",12,3,5,1,5,2,2,2,5,2,5,5,2,5,3,1,2,2,2,2,5,5,2,2,3,1,4,3,5,4,3,3,3,4,3,3,4,4,4,3,2,4,3,2,3,5,5,1,2,5,5,5,4,5,3,5,5,4,4,4,4,3,2,1,2,1,2,1,2,2,5,5,5,5,5,5,5,5,5,5,5,2,2,2,1,3,3,3,3,2,1,2,1,1,1,2,3,1,2,1,3,2,2,3,2
"13",13,"female","white","yr2","Health","stats","Auditory",13,1,2,5,2,3,4,2,4,3,2,2,3,4,1,5,4,2,3,4,2,4,5,2,4,1,2,2,4,2,4,2,4,1,1,5,5,5,2,3,4,3,2,4,2,4,2,3,2,5,3,4,5,5,4,4,4,3,4,4,3,4,3,4,2,4,4,2,3,4,2,2,3,4,4,2,4,4,4,4,4,2,2,4,3,4,4,4,4,1,1,1,1,3,2,3,1,1,1,2,1,1,3,3,3
"14",14,"female","white","yr5+","STEM","other","Kinesthetic",14,1,4,1,4,3,3,1,5,1,4,4,3,5,1,1,3,1,1,4,2,4,1,4,4,1,1,1,5,4,4,5,5,4,1,4,1,2,5,4,1,1,5,3,4,3,4,1,5,4,5,2,1,3,4,3,4,1,4,3,1,4,1,4,5,1,1,1,1,5,4,2,1,2,2,1,5,5,2,2,1,1,1,3,3,4,4,2,4,3,1,1,1,3,2,1,3,3,3,1,3,1,3,3,3
"15",15,"male","white","yr1","STEM","math04","Visual",15,1,2,1,2,3,3,2,4,2,2,2,3,4,1,1,3,2,2,4,3,5,4,3,3,3,3,4,5,3,5,4,5,5,2,5,4,3,4,4,5,3,5,5,4,2,5,4,4,4,5,4,3,4,4,4,3,4,4,3,4,3,3,3,3,4,3,3,2,4,4,3,4,4,3,3,3,3,3,3,3,4,4,4,4,4,4,3,4,4,3,1,1,1,2,2,1,3,2,2,3,2,1,3,1
"16",16,"female","white","yr1","Other","math02","Kinesthetic",16,1,5,3,5,4,5,2,5,3,5,5,4,5,1,3,5,2,3,1,5,1,1,4,2,1,1,1,5,3,3,1,5,3,2,3,4,3,1,4,1,1,5,3,3,4,5,5,4,3,3,5,3,3,3,3,3,5,3,3,2,5,5,4,3,1,2,3,1,3,1,3,5,5,5,3,5,4,4,4,4,1,1,1,1,3,4,1,3,1,1,1,1,3,2,1,2,1,2,3,1,3,2,3,3
"17",17,"female","white","yr1","Other","math01","Auditory",17,1,3,1,2,3,1,1,5,1,3,2,3,5,1,1,1,1,1,4,1,4,5,5,5,5,5,5,5,5,5,5,5,5,5,5,5,5,5,5,5,5,5,5,5,5,5,5,5,5,5,5,5,5,5,5,5,5,5,5,5,5,5,3,3,3,3,3,3,3,3,3,3,3,3,3,3,3,3,3,3,4,4,4,4,4,4,4,4,4,1,1,1,1,2,2,1,3,1,1,1,2,3,3,3
"18",18,"female","Black","yr2","Health","stats","Kinesthetic",18,1,2,2,3,3,3,1,4,3,2,3,3,4,1,2,3,1,3,4,5,4,4,4,4,4,4,4,3,3,4,3,4,4,4,4,4,4,3,4,4,4,4,4,4,4,3,4,4,4,4,4,4,4,4,3,4,3,4,4,4,4,4,4,4,3,3,4,4,4,3,3,3,3,3,3,4,4,4,4,4,2,2,3,4,3,4,3,4,3,2,4,3,3,2,1,3,1,2,3,2,2,3,3,3
"19",19,"male","Asian","yr1","Other","math02","Auditory",19,3,4,1,5,5,2,1,5,3,4,5,5,5,3,1,2,1,3,3,3,4,5,2,2,3,1,1,1,4,1,1,2,3,1,4,3,2,2,3,3,2,3,2,3,3,4,2,4,2,4,4,5,3,3,5,3,2,2,2,2,2,2,1,1,1,3,3,3,3,3,2,2,2,1,1,2,1,3,2,1,2,2,1,1,4,3,4,2,1,1,1,1,3,3,1,1,1,2,2,1,2,3,3,2
"20",20,"female","white","yr3","Business","math03","Visual",20,2,5,1,5,3,2,1,5,3,5,5,3,5,2,1,2,1,3,2,4,4,2,3,1,1,1,1,4,3,1,2,4,2,3,2,4,2,4,3,1,2,2,2,4,4,2,4,3,4,4,3,2,3,3,2,3,4,2,2,4,4,4,1,3,2,2,3,1,4,2,3,2,4,3,3,4,3,2,2,2,3,3,3,2,3,2,3,3,2,4,4,1,3,2,2,2,2,1,1,1,1,2,3,3
"21",21,"male","white","yr2","Business","math03","Auditory",21,3,2,1,3,2,1,1,4,1,2,3,2,4,3,1,1,1,1,3,3,4,3,4,2,1,1,3,3,3,4,4,5,4,1,4,4,4,4,5,1,1,4,3,5,3,4,2,4,2,5,2,3,5,2,5,2,3,4,3,1,1,2,2,3,3,2,3,3,3,4,4,4,4,3,4,4,5,4,4,4,1,3,3,1,2,2,2,2,2,1,1,1,1,1,2,3,1,2,1,2,2,1,3,3
"22",22,"male","other","yr2","Health","stats","Auditory",22,2,3,2,4,3,2,2,5,1,3,4,3,5,2,2,2,2,1,1,4,2,3,4,3,3,2,3,3,2,3,3,3,3,2,3,2,3,3,3,3,3,2,3,3,4,3,2,3,3,4,3,2,2,3,2,2,2,4,4,3,3,3,2,3,3,1,2,1,2,3,3,3,4,2,4,5,4,4,4,4,3,3,3,2,2,2,2,2,3,1,1,1,1,1,1,2,1,2,1,3,2,1,1,3
"23",23,"male","white","yr5+","STEM","other","Visual",23,1,3,1,2,2,2,1,2,1,3,2,2,2,1,1,2,1,1,4,3,5,2,1,1,1,1,2,4,2,3,2,4,2,2,4,4,4,3,5,3,2,3,2,3,4,4,2,3,4,3,2,1,3,2,3,1,1,2,1,2,2,2,4,4,2,1,3,2,4,3,3,2,4,3,4,4,4,4,4,4,3,3,3,4,3,4,2,3,3,2,1,1,3,2,2,2,3,3,2,2,2,3,1,3
"24",24,"female","white","yr3","STEM","stats","Kinesthetic",24,4,3,2,3,5,2,1,4,1,3,3,5,4,4,2,2,1,1,4,4,4,3,3,3,2,2,1,3,3,3,3,3,3,2,3,3,3,3,4,3,2,3,3,3,4,4,2,3,3,3,4,3,3,3,3,3,3,3,3,3,4,4,4,3,3,3,3,3,3,4,4,4,4,4,4,5,4,4,4,4,2,3,3,2,4,4,2,2,2,1,1,1,3,2,1,3,3,2,3,1,2,3,3,2
"25",25,"female","white","yr1","Health","stats","Kinesthetic",25,1,2,2,1,1,2,1,1,1,2,1,1,1,1,2,2,1,1,4,3,4,4,4,4,4,4,4,4,4,4,4,4,4,4,4,4,4,4,4,4,4,4,4,4,4,4,4,4,4,4,4,4,4,4,4,4,4,4,4,4,4,4,4,4,2,4,4,4,4,2,3,2,2,4,2,4,4,4,4,4,2,2,3,2,3,3,3,3,2,2,2,3,1,2,1,1,3,2,2,3,2,3,3,1
"26",26,"male","white","yr2","Other","math02","Kinesthetic",26,3,4,3,5,5,2,3,5,3,4,5,5,5,3,3,2,3,3,1,4,2,4,4,4,4,3,4,4,4,4,4,4,4,4,4,4,4,4,4,4,4,4,4,4,4,4,4,4,4,4,4,4,4,4,4,4,4,4,4,4,4,4,3,3,1,3,4,4,4,3,2,2,1,2,2,4,2,2,3,1,4,4,4,4,4,4,4,4,3,2,4,4,3,3,3,1,3,2,1,3,2,3,3,3
"27",27,"female","white","yr2","STEM","other","Visual",27,2,4,3,3,4,2,1,4,1,4,3,4,4,2,3,2,1,1,4,3,4,1,2,2,1,2,2,4,3,3,3,4,3,2,3,3,2,3,4,1,2,2,3,4,4,3,3,2,5,5,3,3,1,2,4,1,1,4,2,3,3,3,3,4,2,1,3,4,3,2,2,2,1,2,2,4,2,2,2,2,1,2,3,2,3,2,3,2,1,1,1,1,3,1,1,2,3,2,3,2,2,2,2,1
"28",28,"male","white","yr3","STEM","other","Visual",28,1,3,3,4,5,2,2,4,1,3,4,5,4,1,3,2,2,1,2,4,2,1,3,4,1,1,1,4,3,4,3,4,2,1,3,2,2,3,4,1,2,2,3,3,2,3,4,2,2,3,3,2,2,3,3,2,3,3,3,2,4,3,4,3,2,3,3,2,2,2,2,4,3,3,2,3,2,3,3,2,1,2,2,1,3,2,2,2,1,1,1,1,2,3,2,2,1,2,2,3,2,1,3,3
"29",29,"female","other","yr3","STEM","math01","Kinesthetic",29,3,5,4,5,5,5,3,5,5,5,5,5,5,3,4,5,3,5,1,5,5,1,1,1,1,1,3,2,1,1,1,1,1,1,1,1,1,1,1,1,1,3,1,1,1,1,1,1,5,1,5,3,1,1,1,1,1,2,1,1,1,4,1,1,1,1,1,1,1,3,4,5,5,1,5,5,5,5,5,5,2,1,1,4,3,3,1,3,3,1,2,3,3,2,2,3,3,2,2,3,2,1,3,3
"30",30,"male","Asian","yr3","STEM","other","Visual",30,1,1,1,2,2,1,1,3,2,1,2,2,3,1,1,1,1,2,2,4,4,2,3,4,1,1,2,5,5,4,4,5,5,1,4,5,2,2,3,4,1,3,4,4,4,4,2,2,4,4,2,1,3,2,3,2,3,4,2,2,2,2,2,1,1,1,1,2,2,3,2,3,4,2,4,5,2,5,4,5,2,4,3,1,3,3,1,4,1,1,1,1,3,2,1,3,1,2,3,2,2,3,2,3
"31",31,"female","white","yr2","Business","math03","Auditory",31,1,3,1,3,3,1,1,4,1,3,3,3,4,1,1,1,1,1,4,3,4,1,3,3,1,3,1,2,2,4,3,3,4,1,2,3,3,2,2,1,2,3,2,1,2,3,1,3,3,4,4,3,3,3,4,2,2,2,3,3,3,3,2,2,2,2,2,3,3,3,3,4,4,4,4,4,4,4,4,4,2,2,2,2,3,4,3,3,1,1,1,1,1,2,2,2,2,1,1,1,2,1,3,3
"32",32,"male","other","yr2","STEM","stats","Kinesthetic",32,1,2,1,2,2,1,1,3,1,2,2,2,3,1,1,1,1,1,1,2,2,3,4,4,3,2,4,5,5,5,4,4,4,4,5,5,5,5,5,4,4,5,2,4,5,5,3,3,5,5,5,5,5,5,4,5,4,5,5,5,5,5,1,5,5,5,5,1,5,1,3,5,3,5,4,4,4,4,4,4,2,2,2,3,4,3,2,4,4,4,1,2,3,1,2,1,3,3,1,3,2,3,3,2
"33",33,"female","other","yr1","Business","math03","Visual",33,1,3,1,3,4,4,1,5,1,3,3,4,5,1,1,4,1,1,4,2,2,5,4,2,4,3,4,2,3,3,4,4,4,1,3,3,3,2,3,1,3,5,4,3,4,4,2,3,3,5,5,3,2,5,4,3,5,5,3,3,3,5,2,4,2,3,2,2,4,3,1,2,2,2,3,5,5,5,5,3,2,2,1,2,4,4,2,4,1,1,1,1,3,2,2,3,2,2,3,2,2,3,2,1
"34",34,"female","white","yr1","STEM","math03","Visual",34,1,3,1,3,1,2,2,4,3,3,3,1,4,1,1,2,2,3,5,2,4,4,4,3,3,4,4,5,5,5,4,4,5,3,3,3,4,3,2,2,4,4,4,3,5,4,3,4,5,4,4,2,2,4,4,4,4,5,4,4,4,3,2,2,2,1,2,1,3,3,2,4,4,4,4,5,4,4,4,3,3,4,4,2,4,3,2,3,2,2,1,1,2,2,2,2,1,2,3,1,1,3,3,3
"35",35,"female","white","yr3","Other","stats","Kinesthetic",35,1,3,1,3,3,2,1,2,2,3,3,3,2,1,1,2,1,2,1,5,2,1,4,5,1,2,5,5,5,3,5,5,4,4,5,5,5,5,5,5,5,5,5,5,5,5,5,5,5,5,5,5,5,5,5,5,5,5,5,5,5,5,5,5,5,5,5,5,4,2,2,2,2,2,2,2,4,4,4,2,3,3,3,2,3,3,2,2,2,1,1,1,3,2,3,1,2,2,3,2,3,3,3,3
"36",36,"female","white","yr5+","STEM","other","Kinesthetic",36,1,3,1,2,3,1,2,4,1,3,2,3,4,1,1,1,2,1,4,4,5,4,5,5,2,3,5,5,5,4,4,5,5,4,5,2,4,5,5,4,4,5,4,5,3,5,5,5,4,5,3,3,5,2,5,4,4,5,4,5,3,4,5,4,2,4,4,3,5,2,5,5,4,2,2,2,1,2,2,5,4,3,4,4,4,3,2,3,2,3,1,1,3,1,2,2,2,3,3,2,2,1,3,3
"37",37,"female","white","yr1","STEM","math02","Kinesthetic",37,1,4,1,3,2,3,2,5,1,4,3,2,5,1,1,3,2,1,2,4,4,5,5,5,3,2,4,4,4,4,4,5,5,3,4,2,5,4,5,4,2,4,3,4,5,4,3,5,5,5,4,5,5,5,5,3,5,4,2,4,5,4,1,3,2,2,2,1,5,3,1,3,3,3,3,3,3,3,3,3,3,3,4,4,4,2,3,4,3,2,1,1,1,3,2,3,3,2,3,2,2,3,2,3
"38",38,"female","Asian","yr1","STEM","stats","Auditory",38,3,5,1,4,4,2,2,5,3,5,4,4,5,3,1,2,2,3,3,5,4,1,3,4,4,4,2,3,3,3,3,3,3,2,3,2,2,1,2,1,1,3,3,3,3,3,3,3,3,3,3,3,4,2,2,3,3,2,3,4,3,2,3,4,3,2,2,1,1,3,3,4,4,2,4,4,4,4,4,4,3,3,3,2,3,3,3,4,2,4,3,2,1,3,1,2,1,2,1,1,2,1,3,1
"39",39,"female","white","yr1","Other","math02","Kinesthetic",39,3,3,3,3,2,1,1,5,3,3,3,2,5,3,3,1,1,3,2,4,3,2,3,3,1,1,2,3,3,2,2,4,3,2,3,3,3,3,3,3,3,3,3,3,3,3,3,2,4,4,4,3,4,4,4,4,4,3,4,4,4,1,3,3,3,3,3,3,3,3,3,3,3,3,3,3,3,3,3,3,1,2,2,2,4,4,1,4,1,1,1,1,3,2,1,3,1,2,1,3,2,3,3,1
"40",40,"male","white","yr1","STEM","math03","Kinesthetic",40,1,2,1,1,2,1,1,3,1,2,1,2,3,1,1,1,1,1,5,1,4,2,3,2,1,1,3,5,3,3,4,5,3,1,3,3,2,4,4,1,3,3,4,4,4,3,3,3,5,4,4,4,4,3,5,5,4,4,5,3,3,5,3,3,2,3,3,1,1,3,4,4,4,4,4,4,4,4,4,4,3,3,3,3,4,4,2,3,3,2,1,1,1,1,2,3,3,3,2,2,3,3,2,3
"41",41,"male","white","yr1","STEM","math03","Kinesthetic",41,1,2,1,1,3,2,2,2,2,2,1,3,2,1,1,2,2,2,5,2,5,3,5,3,2,2,4,5,3,5,4,5,4,1,5,4,4,5,5,1,2,4,4,5,5,4,2,4,5,4,5,4,4,4,5,3,5,5,3,5,5,5,2,4,2,3,4,2,4,2,5,4,4,4,4,5,5,5,5,5,2,4,3,4,4,4,3,3,2,1,1,1,3,2,2,3,3,2,2,2,2,3,3,3
"42",42,"male","white","yr1","STEM","math03","Visual",42,1,3,1,4,4,1,2,5,1,3,4,4,5,1,1,1,2,1,3,5,4,4,3,4,1,2,4,5,5,4,4,4,3,2,4,2,3,4,4,1,2,4,4,3,3,2,2,4,5,4,4,3,2,4,2,2,1,4,1,1,3,1,2,2,4,2,2,1,4,4,5,5,5,5,5,5,1,5,5,5,2,2,1,1,3,3,3,4,1,1,1,1,2,2,3,3,1,2,2,1,2,2,3,3
"43",43,"female","white","yr1","STEM","math02","Visual",43,2,4,3,4,4,4,3,5,3,4,4,4,5,2,3,4,3,3,1,4,2,2,1,1,1,1,2,3,3,2,3,5,3,1,3,1,1,1,5,4,1,3,3,3,5,3,3,3,5,5,4,2,2,3,4,2,4,3,3,4,4,1,1,1,1,1,2,1,2,4,4,3,2,2,3,5,4,2,4,2,1,1,2,2,3,4,3,3,2,1,1,1,3,2,1,2,3,2,1,2,3,1,2,3
"44",44,"female","white","yr3","Other","other","Visual",44,1,3,1,3,3,1,1,4,1,3,3,3,4,1,1,1,1,1,4,1,4,4,4,4,4,2,4,3,3,4,3,4,4,4,4,4,3,3,3,3,3,4,4,4,3,4,2,4,3,3,3,4,3,3,4,4,3,3,3,3,4,4,3,3,4,2,2,2,4,3,2,2,2,2,2,4,4,4,3,3,3,3,3,3,3,2,2,2,1,1,1,1,3,2,2,2,2,2,1,3,2,3,3,3
"45",45,"female","white","yr1","STEM","math02","Visual",45,1,3,2,4,5,2,1,5,3,3,4,5,5,1,2,2,1,3,2,3,3,4,4,4,4,4,4,4,4,3,4,4,4,4,4,4,4,4,4,4,4,4,4,4,4,4,4,4,4,4,4,4,4,4,4,4,4,4,4,4,4,4,1,4,4,4,4,4,4,3,3,3,3,3,3,3,3,3,3,3,2,2,2,2,2,2,2,2,2,2,2,2,3,1,2,2,3,2,1,1,2,3,3,2
"46",46,"female","white","yr5+","STEM","other","Kinesthetic",46,1,2,1,2,3,1,1,2,1,2,2,3,2,1,1,1,1,1,4,2,5,1,5,5,1,5,5,5,5,5,5,5,5,5,5,5,5,5,5,5,5,5,5,5,5,5,5,5,5,5,5,5,5,5,5,5,1,5,5,1,5,1,4,3,5,1,3,5,5,4,4,3,4,4,4,5,5,5,5,3,3,3,3,2,3,3,3,3,3,2,1,1,3,1,2,2,3,2,3,1,3,1,3,3
"47",47,"female","white","yr2","STEM","math04","Visual",47,1,2,1,2,4,1,1,2,1,2,2,4,2,1,1,1,1,1,4,2,5,3,3,4,1,2,3,3,5,5,4,5,5,1,3,3,1,4,5,1,2,5,4,4,4,5,3,3,5,5,4,5,2,5,4,1,1,5,2,1,4,1,3,4,3,1,3,1,2,5,5,4,5,5,5,5,3,5,4,5,4,4,4,3,4,4,1,2,1,1,1,1,1,2,2,2,1,2,3,2,3,1,3,2
"48",48,"female","Asian","yr1","STEM","stats","Kinesthetic",48,1,3,2,3,1,2,1,2,3,3,3,1,2,1,2,2,1,3,2,4,4,2,2,2,3,2,2,4,4,2,2,4,2,3,2,2,2,2,2,2,2,2,2,3,2,2,2,2,3,2,2,2,3,3,2,2,2,2,2,2,3,3,4,3,2,3,3,3,3,5,5,5,5,1,5,5,5,5,5,3,2,2,3,2,3,4,1,4,2,2,1,1,3,3,1,3,3,2,3,1,2,3,2,2
"49",49,"female","white","yr2","Business","math03","Auditory",49,3,5,1,3,4,2,1,5,3,5,3,4,5,3,1,2,1,3,4,5,3,2,4,4,3,1,3,4,3,2,2,3,3,4,4,4,5,4,3,3,2,4,2,4,3,2,3,3,5,4,4,3,4,4,3,4,5,5,4,4,4,5,3,2,4,3,3,3,4,3,2,2,2,2,3,5,3,4,4,2,2,1,1,3,2,2,3,2,2,2,1,3,1,1,1,3,3,1,1,3,2,2,3,2
"50",50,"female","Black","yr5+","STEM","other","Kinesthetic",50,1,1,1,2,2,1,2,2,1,1,2,2,2,1,1,1,2,1,4,4,4,3,4,3,3,2,3,4,3,3,4,4,4,3,4,4,4,4,4,3,3,4,5,4,5,4,3,4,5,4,4,4,4,4,4,4,4,4,4,4,4,4,5,5,4,4,3,3,3,4,4,4,4,4,4,4,4,4,4,4,3,2,2,2,4,3,2,3,2,2,1,1,3,1,1,3,3,2,3,3,3,2,2,3
"51",51,"male","white","yr1","STEM","math03","Kinesthetic",51,1,4,2,5,4,3,4,5,2,4,5,4,5,1,2,3,4,2,2,4,1,2,2,3,1,1,1,3,3,2,1,3,2,1,1,1,2,1,3,1,1,1,1,2,3,1,1,1,4,4,4,1,3,4,2,1,2,4,1,1,4,1,2,1,4,1,1,3,1,3,4,4,4,4,4,5,3,3,4,4,2,2,2,1,2,3,3,4,1,1,1,1,3,1,2,3,1,2,2,3,2,3,3,3
"52",52,"male","Black","yr2","Health","stats","Kinesthetic",52,1,1,1,1,1,2,1,3,1,1,1,1,3,1,1,2,1,1,4,3,4,1,1,1,1,1,1,2,3,3,1,2,4,1,2,2,3,1,2,1,1,4,3,3,5,5,1,2,4,3,1,1,3,1,3,2,1,5,1,1,3,1,1,2,2,3,2,4,2,2,5,5,5,5,5,5,5,5,5,5,1,2,1,4,4,4,2,4,1,1,1,1,3,1,2,3,3,2,3,3,2,3,3,1
"53",53,"female","white","yr2","Other","math01","Kinesthetic",53,1,3,2,4,4,2,2,4,2,3,4,4,4,1,2,2,2,2,3,2,3,2,4,2,4,2,3,3,2,2,2,2,2,2,4,2,3,1,1,2,1,3,2,3,2,3,4,4,2,2,1,1,3,2,3,2,4,2,3,3,4,4,2,1,2,2,3,3,2,2,3,2,2,4,4,4,3,5,3,5,2,2,3,2,2,2,1,1,2,1,1,1,2,2,1,1,3,2,1,3,2,3,3,3
"54",54,"female","white","yr2","STEM","stats","Auditory",54,1,2,2,3,3,1,2,2,1,2,3,3,2,1,2,1,2,1,4,4,5,4,5,5,5,5,5,5,5,5,5,5,5,5,5,5,5,5,5,4,5,5,5,5,5,5,5,5,5,5,5,5,5,5,5,5,5,5,5,4,5,4,2,5,2,5,4,1,3,3,3,2,2,3,3,3,3,3,2,2,3,3,3,3,3,4,3,3,4,4,3,3,1,2,1,1,2,2,1,3,2,1,3,1
"55",55,"female","white","yr1","STEM","math02","Kinesthetic",55,1,3,1,3,2,4,5,5,1,3,3,2,5,1,1,4,5,1,2,4,3,1,1,3,1,1,1,1,2,3,4,5,4,1,1,1,1,1,1,1,1,5,3,4,4,4,1,1,5,5,5,4,2,5,4,3,1,4,1,1,3,1,1,5,1,1,2,1,1,3,3,4,3,3,3,4,4,4,4,3,1,1,1,1,4,4,2,4,1,1,1,2,3,2,3,3,3,1,1,1,1,3,1,3
"56",56,"male","white","yr1","STEM","other","Visual",56,1,3,2,1,3,1,1,1,1,3,1,3,1,1,2,1,1,1,5,2,5,3,4,3,1,2,4,5,4,4,2,4,3,2,3,3,3,4,4,3,3,5,4,4,4,4,3,4,3,4,4,2,2,2,4,4,4,5,4,4,4,4,2,4,3,2,3,1,1,4,4,4,4,2,4,4,4,4,4,4,2,3,3,1,4,1,3,3,1,2,1,1,1,2,2,3,2,2,1,1,2,3,3,3
"57",57,"female","other","yr3","Other","math01","Visual",57,3,5,4,4,3,3,4,4,5,5,4,3,4,3,4,3,4,5,1,5,3,3,3,3,3,3,3,3,3,3,3,3,3,3,3,3,3,3,3,3,3,3,3,3,3,3,3,3,3,3,3,3,3,3,3,3,3,3,3,3,3,3,3,3,3,3,3,3,3,3,3,3,2,3,1,3,3,3,3,3,2,2,2,2,2,3,2,2,2,2,2,2,1,2,3,2,1,1,3,2,1,2,2,3
"58",58,"female","white","yr3","STEM","math04","Kinesthetic",58,1,5,2,4,3,2,1,5,1,5,4,3,5,1,2,2,1,1,3,2,4,2,2,4,1,3,2,3,2,5,4,4,4,1,5,4,3,4,4,3,3,2,4,4,5,4,3,4,4,5,4,3,4,5,5,4,2,5,3,1,3,2,2,2,1,2,4,3,3,4,5,4,5,3,5,5,5,4,5,3,3,2,3,2,4,4,3,4,3,2,1,1,3,2,1,2,3,2,3,2,2,1,3,3
"59",59,"female","white","yr2","STEM","other","Kinesthetic",59,1,1,1,2,1,1,1,2,1,1,2,1,2,1,1,1,1,1,3,3,4,4,3,3,2,2,2,5,5,5,4,5,4,1,3,3,3,3,3,1,1,4,4,4,3,3,2,3,5,3,3,1,1,3,1,4,3,5,3,2,3,3,3,3,2,1,1,3,5,5,5,5,5,5,5,5,5,5,5,5,1,2,2,1,3,4,2,3,2,2,1,1,3,1,1,1,2,2,3,1,3,3,3,1
"60",60,"male","other","yr2","STEM","math02","Auditory",60,1,5,5,5,1,1,3,4,2,5,5,1,4,1,5,1,3,2,3,5,3,5,3,3,4,4,4,4,4,3,4,4,4,4,4,3,4,3,3,4,4,4,4,4,4,3,3,3,4,4,4,3,4,4,4,4,4,4,3,3,3,4,1,3,2,2,2,2,2,3,3,3,3,3,3,3,3,1,2,2,1,2,2,3,2,2,3,3,2,2,3,2,2,1,1,2,1,2,1,1,2,3,2,3
"61",61,"female","white","yr1","Other","math01","Visual",61,1,3,1,3,2,1,1,3,2,3,3,2,3,1,1,1,1,2,4,3,4,3,4,3,2,4,3,5,5,5,4,5,5,4,4,4,3,4,4,3,3,4,3,3,3,4,3,3,4,5,3,3,4,3,3,3,2,4,3,2,3,1,4,2,2,1,1,1,3,5,4,4,4,2,4,4,4,4,4,4,2,3,4,4,4,3,4,4,3,1,1,1,3,2,2,1,1,2,3,1,2,3,3,1
"62",62,"female","white","yr2","Business","math02","Kinesthetic",62,1,2,1,2,1,1,1,5,1,2,2,1,5,1,1,1,1,1,2,4,4,3,4,4,4,5,5,5,5,5,5,5,5,5,5,4,4,5,4,2,5,5,5,3,5,5,5,5,5,4,4,5,4,4,5,5,5,5,4,2,5,5,4,5,5,4,4,5,4,5,5,5,5,5,5,5,5,5,5,5,2,4,4,4,4,4,2,4,4,1,4,1,3,2,1,3,3,1,3,2,3,1,2,1
"63",63,"female","white","yr2","Health","stats","Visual",63,1,4,1,5,4,1,3,5,1,4,5,4,5,1,1,1,3,1,4,4,2,5,5,5,3,5,3,5,5,5,5,5,5,4,5,5,5,5,5,4,5,5,5,5,5,5,5,5,5,5,5,4,5,5,5,5,2,5,5,2,5,2,5,4,3,4,5,1,5,3,1,1,1,1,2,2,2,1,1,1,3,3,3,2,4,4,1,4,3,2,1,2,3,2,2,2,1,2,3,3,2,3,2,3
"64",64,"female","white","yr2","Health","stats","Visual",64,3,3,3,3,3,3,3,2,3,3,3,3,2,3,3,3,3,3,3,3,3,3,3,3,3,3,3,3,3,3,3,3,3,3,3,3,3,3,3,3,3,3,3,3,3,3,3,3,3,3,3,3,3,3,3,3,3,3,3,3,3,3,3,3,3,3,3,3,3,3,3,3,3,3,3,3,3,4,4,4,2,2,2,2,2,2,2,2,2,2,2,2,2,1,1,2,2,1,3,1,2,2,2,2
"65",65,"female","white","yr5+","STEM","stats","Kinesthetic",65,5,5,1,5,5,1,2,4,1,5,5,5,4,5,1,1,2,1,2,5,4,5,5,5,5,4,3,5,4,3,5,5,5,3,5,4,4,2,3,1,1,3,4,5,3,4,3,5,5,5,3,4,4,3,5,3,1,4,3,1,4,1,3,1,1,2,4,2,4,3,3,3,3,3,3,3,3,3,3,3,4,4,3,2,3,3,3,2,3,2,1,2,1,1,3,1,2,2,3,3,2,2,3,3
"66",66,"male","white","yr4","Other","math01","Kinesthetic",66,1,3,1,3,5,4,2,5,1,3,3,5,5,1,1,4,2,1,2,5,4,3,4,2,3,2,3,4,4,4,3,4,4,3,4,4,4,3,4,2,2,4,4,4,4,4,4,4,3,3,3,3,3,3,3,3,3,3,3,3,3,3,3,3,3,3,3,3,3,3,3,3,3,3,3,3,3,3,3,3,2,4,4,4,4,3,3,2,2,1,1,1,3,2,1,3,3,2,1,3,2,1,1,3
"67",67,"male","white","yr5+","STEM","other","Kinesthetic",67,1,3,1,3,2,1,1,4,1,3,3,2,4,1,1,1,1,1,4,2,4,3,5,2,1,3,3,5,5,5,5,5,5,2,5,3,3,2,5,1,3,5,3,4,5,3,5,5,5,5,5,3,5,5,5,5,2,5,3,5,2,4,1,2,4,3,5,2,5,5,5,5,5,5,5,5,5,5,5,2,3,3,3,1,2,3,1,1,1,2,1,1,3,3,1,1,3,2,1,3,3,3,3,3
"68",68,"female","white","yr1","Other","math02","Auditory",68,1,2,1,1,1,1,1,3,1,2,1,1,3,1,1,1,1,1,5,1,4,1,3,1,1,1,4,5,3,4,4,5,5,2,3,1,1,2,3,1,1,3,4,3,3,3,4,3,5,5,5,1,1,2,5,2,2,5,2,1,4,1,1,1,1,1,4,1,4,4,4,5,4,4,4,4,4,4,4,4,2,2,2,3,4,4,1,2,1,1,1,1,3,2,1,1,3,1,1,3,2,1,2,2
"69",69,"male","white","yr3","STEM","math03","Visual",69,1,2,1,3,2,1,1,5,2,2,3,2,5,1,1,1,1,2,4,3,5,3,3,4,1,2,3,4,4,3,4,5,5,2,4,4,5,4,3,1,1,5,4,3,4,4,1,3,4,4,3,4,4,5,4,5,4,3,4,1,4,1,1,1,1,2,3,1,3,3,4,4,4,3,3,4,4,4,4,3,2,2,2,2,3,2,2,3,2,1,1,1,1,1,2,3,3,2,2,3,2,1,1,3
"70",70,"male","white","yr1","STEM","math03","Visual",70,1,1,2,2,3,1,1,3,1,1,2,3,3,1,2,1,1,1,5,1,5,2,5,4,2,4,5,5,5,4,5,5,4,2,3,4,5,3,3,3,4,5,4,4,5,3,4,4,5,4,4,4,3,4,5,3,3,5,5,5,5,5,2,4,4,3,4,2,3,4,4,3,4,5,4,4,4,4,4,4,2,3,3,3,4,1,2,4,4,1,1,1,3,2,2,1,1,2,2,3,2,3,3,3
"71",71,"female","Asian","yr1","STEM","stats","Kinesthetic",71,1,2,1,2,2,1,1,2,1,2,2,2,2,1,1,1,1,1,5,3,4,5,5,5,5,4,5,4,4,3,3,5,5,5,5,5,5,5,5,4,4,4,4,4,4,5,5,5,4,5,5,4,4,4,5,4,5,5,4,4,4,5,3,3,3,5,4,4,5,4,4,4,4,5,5,5,5,5,5,5,2,3,3,3,3,3,2,3,2,1,1,1,2,2,2,3,3,1,3,1,2,3,3,1
"72",72,"male","white","yr1","Business","math02","Kinesthetic",72,1,1,1,2,2,2,1,5,2,1,2,2,5,1,1,2,1,2,1,3,2,3,3,3,3,3,3,3,3,3,3,3,3,2,2,3,2,3,3,3,3,3,3,3,2,4,4,3,3,3,2,3,3,4,3,3,2,2,3,2,4,3,3,3,2,3,3,2,3,4,3,4,4,2,4,5,3,3,3,3,2,2,3,2,2,2,2,3,2,1,1,1,1,1,1,1,3,3,3,2,2,3,2,2
"73",73,"female","white","yr2","Other","math01","Visual",73,1,3,1,2,3,1,1,5,1,3,2,3,5,1,1,1,1,1,4,3,3,4,2,4,4,4,4,4,2,4,3,4,4,3,4,3,4,4,4,4,3,2,3,4,4,4,4,4,4,4,4,3,3,3,2,3,5,5,3,5,5,5,3,4,1,2,2,1,4,2,4,4,4,4,4,4,4,4,4,2,2,2,4,4,4,4,2,4,2,1,1,1,2,2,3,3,3,2,1,2,2,1,3,2
"74",74,"male","other","yr2","Other","math02","Auditory",74,1,2,1,2,3,1,1,3,1,2,2,3,3,1,1,1,1,1,5,4,5,3,4,4,1,2,3,5,2,4,3,4,5,3,4,3,5,5,4,2,4,4,3,2,5,4,4,3,5,5,4,2,2,1,3,1,3,1,1,1,4,1,3,5,1,4,2,1,2,5,3,4,2,5,2,5,5,5,5,5,4,3,4,3,4,4,2,3,4,1,2,3,1,2,2,1,3,1,3,1,2,3,3,2
"75",75,"male","white","yr2","Business","math03","Kinesthetic",75,2,5,3,5,5,2,1,5,3,5,5,5,5,2,3,2,1,3,1,5,3,1,1,1,2,2,1,2,3,2,1,2,1,2,2,1,1,1,1,1,2,3,3,2,2,4,2,2,5,4,5,4,4,4,3,3,3,3,1,2,4,4,1,4,2,3,4,1,3,5,4,4,3,2,4,4,3,3,4,4,2,2,2,3,3,4,3,4,1,1,2,2,3,2,1,1,3,3,2,3,3,3,3,3
"76",76,"female","white","yr2","Other","math01","Kinesthetic",76,1,3,1,2,3,1,3,4,3,3,2,3,4,1,1,1,3,3,2,5,2,5,5,5,1,5,5,5,1,1,5,5,5,5,5,5,1,5,5,1,5,1,5,1,5,5,1,5,5,3,3,2,3,4,2,5,3,4,2,4,2,4,5,2,3,3,5,2,5,2,2,2,3,2,4,4,4,4,4,4,2,2,4,4,2,4,4,2,2,2,2,3,1,1,1,2,3,2,3,3,2,3,3,3
"77",77,"male","white","yr3","STEM","other","Visual",77,1,3,1,2,1,4,1,4,1,3,2,1,4,1,1,4,1,1,4,2,4,1,4,4,1,2,5,4,4,4,5,5,3,1,3,5,2,3,4,1,4,1,3,4,1,3,4,4,1,3,3,3,4,2,5,5,3,4,3,3,5,2,1,3,3,2,4,5,5,5,5,5,5,4,5,5,5,5,5,5,2,3,1,2,3,3,3,1,3,4,2,2,3,2,2,3,3,2,1,1,2,1,3,2
"78",78,"female","white","yr3","STEM","other","Kinesthetic",78,2,3,1,3,2,1,1,4,1,3,3,2,4,2,1,1,1,1,5,2,4,2,4,3,1,2,3,4,5,4,3,5,4,1,4,5,3,2,5,3,1,4,4,5,4,4,2,3,5,4,2,3,5,5,4,3,1,4,2,1,4,1,1,4,2,1,3,3,4,4,5,3,3,5,5,5,5,5,5,5,2,3,2,2,3,2,3,2,3,1,1,1,1,1,2,3,1,3,3,1,2,1,3,3
"79",79,"male","white","yr1","Business","math02","Kinesthetic",79,2,4,2,3,3,2,2,4,2,4,3,3,4,2,2,2,2,2,4,3,4,4,4,3,2,3,3,3,3,4,3,4,4,2,4,3,3,2,3,2,3,3,3,3,4,4,3,3,4,4,4,3,3,3,3,3,4,3,3,4,4,4,2,3,3,2,3,3,3,3,4,3,3,2,3,4,3,3,3,3,2,2,2,2,3,3,3,2,2,2,2,2,1,1,2,3,3,2,2,3,2,3,3,3
"80",80,"female","white","yr4","Other","other","Kinesthetic",80,3,4,2,3,3,3,3,3,3,4,3,3,3,3,2,3,3,3,4,4,4,4,4,3,4,4,4,3,4,4,4,4,4,4,4,4,4,4,4,3,3,3,3,4,2,2,2,4,4,4,3,4,3,3,3,3,3,4,4,3,4,4,4,4,3,4,4,4,4,3,3,3,2,4,3,3,2,2,3,4,2,2,2,2,2,3,2,2,2,2,2,2,2,3,3,2,3,3,3,3,3,2,3,2
"81",81,"female","white","yr5+","STEM","math02","Auditory",81,1,3,1,3,4,2,1,4,1,3,3,4,4,1,1,2,1,1,4,2,4,3,3,4,4,2,4,5,4,4,3,5,4,4,4,3,3,3,4,2,2,3,3,4,4,5,4,4,4,4,4,3,4,4,4,4,2,4,2,2,4,2,3,2,3,4,2,4,4,4,3,3,3,3,4,3,3,4,3,2,4,3,3,2,4,4,4,4,3,3,1,1,1,1,1,2,1,1,1,1,2,3,3,1
"82",82,"female","white","yr1","STEM","stats","Visual",82,1,5,2,5,5,1,2,5,1,5,5,5,5,1,2,1,2,1,1,5,2,2,2,4,2,5,3,5,5,3,3,3,4,3,4,4,4,4,3,4,3,4,4,3,4,3,3,4,4,4,4,4,4,4,4,3,5,5,4,4,3,4,2,3,1,4,4,2,3,4,1,1,1,3,1,1,1,1,1,1,1,1,1,1,2,4,4,3,2,1,1,1,3,2,2,2,3,2,1,1,2,1,2,3
"83",83,"female","white","yr1","Business","stats","Kinesthetic",83,2,5,1,3,3,4,3,5,3,5,3,3,5,2,1,4,3,3,4,4,3,3,2,1,2,1,2,2,2,2,3,2,3,1,3,2,2,3,2,4,4,2,2,2,4,3,2,3,1,3,3,3,3,3,3,3,3,3,3,3,3,3,1,1,3,2,2,3,3,3,1,2,1,1,1,3,2,2,2,2,2,2,3,2,3,3,3,3,2,2,1,1,3,1,1,3,3,3,3,3,1,3,3,3
"84",84,"male","white","yr2","Business","math02","Visual",84,2,3,3,3,3,2,1,3,2,3,3,3,3,2,3,2,1,2,2,5,2,4,4,4,3,3,3,3,3,3,3,3,3,3,3,3,3,3,3,3,3,3,3,3,3,3,3,3,3,3,3,3,3,3,3,3,3,3,3,3,3,3,3,3,3,3,3,3,3,3,3,3,3,3,3,3,3,3,3,3,2,2,2,2,2,2,2,2,2,2,2,2,2,2,1,2,1,2,2,2,3,2,3,3
"85",85,"female","white","yr2","Business","math02","Auditory",85,3,5,1,3,3,2,1,1,2,5,3,3,1,3,1,2,1,2,1,1,2,4,3,4,4,3,3,3,4,5,2,3,3,3,3,3,3,3,3,3,3,3,3,3,3,2,4,4,3,3,4,2,3,2,4,3,2,3,3,2,3,2,2,3,3,2,3,3,3,5,3,2,3,3,2,3,3,3,4,5,3,3,3,2,2,2,2,3,2,2,3,3,3,2,1,1,1,1,1,1,1,1,2,2
"86",86,"female","white","yr5+","Business","math02","Visual",86,3,5,1,5,4,1,1,1,1,5,5,4,1,3,1,1,1,1,1,5,2,3,5,3,2,1,5,5,5,5,5,5,5,5,5,5,5,5,5,5,5,5,5,5,5,5,5,5,5,5,5,5,5,5,5,5,5,5,5,5,5,5,5,5,5,5,5,5,5,3,3,3,3,3,3,3,3,3,3,3,3,3,3,3,3,3,3,3,3,3,3,3,1,2,1,2,1,2,1,2,2,1,3,2
"87",87,"female","white","yr2","Business","math02","Auditory",87,3,5,3,5,3,4,3,5,3,5,5,3,5,3,3,4,3,3,2,5,4,3,3,3,3,3,3,4,4,4,4,4,4,4,4,4,4,4,4,4,4,4,4,4,4,4,4,4,4,4,4,4,4,4,4,4,4,4,4,4,4,4,2,2,2,2,3,2,4,5,1,5,1,2,1,1,1,1,3,3,2,2,3,3,3,4,3,4,4,4,4,2,3,3,1,1,2,1,1,1,2,3,3,1
"88",88,"female","white","yr2","Health","stats","Kinesthetic",88,4,3,1,4,4,3,1,5,2,3,4,4,5,4,1,3,1,2,2,4,4,2,4,1,1,1,2,1,4,1,1,1,4,2,4,4,2,4,4,1,4,2,4,1,4,2,5,3,2,4,1,1,1,3,4,1,3,3,5,3,2,1,1,2,2,2,3,4,4,3,1,1,4,3,2,3,2,2,2,2,1,2,3,1,4,4,4,4,1,1,1,1,3,2,2,3,1,2,2,3,2,3,3,3
"89",89,"male","white","yr1","Business","math01","Kinesthetic",89,2,2,3,3,3,4,2,4,3,2,3,3,4,2,3,4,2,3,3,4,3,3,4,2,2,2,3,3,3,3,3,4,4,3,3,3,3,3,3,3,3,3,3,3,3,2,2,3,4,3,3,3,3,3,3,3,3,3,3,3,3,3,3,3,3,3,3,3,3,3,3,3,3,3,3,3,3,4,4,3,2,2,2,2,2,2,2,2,2,1,1,1,2,1,2,3,3,2,2,3,2,3,1,3
"90",90,"female","Black","yr3","Business","stats","Auditory",90,1,4,1,5,3,1,1,5,2,4,5,3,5,1,1,1,1,2,4,4,4,5,5,5,5,5,5,5,2,4,4,5,5,3,5,5,5,5,5,5,5,5,5,5,5,5,5,5,5,5,5,5,5,5,5,5,5,5,5,5,5,5,5,5,5,5,5,5,5,4,4,5,5,5,5,5,5,4,4,5,2,4,3,2,3,4,4,4,3,3,1,1,1,2,1,3,1,2,1,3,2,1,3,2
"91",91,"female","white","yr3","Other","other","Kinesthetic",91,3,4,2,4,3,1,1,5,2,4,4,3,5,3,2,1,1,2,2,5,5,5,3,2,4,3,4,4,2,4,3,5,5,5,4,4,1,3,2,5,3,4,2,4,2,5,3,2,5,3,4,2,2,3,3,4,2,3,3,3,4,3,2,3,4,2,5,1,4,2,2,2,2,2,2,4,4,4,3,3,3,3,3,3,4,4,3,3,2,2,1,1,3,2,1,1,3,3,2,1,1,3,3,3
"92",92,"female","white","yr1","Business","math03","Kinesthetic",92,1,3,1,3,2,1,1,3,1,3,3,2,3,1,1,1,1,1,4,2,4,2,4,3,1,2,2,4,3,5,4,5,5,2,4,3,3,2,4,4,3,4,2,3,2,3,2,3,3,2,4,3,3,3,4,3,4,3,2,5,4,3,3,2,3,2,4,3,2,4,2,2,2,3,2,5,4,5,4,3,2,3,3,3,3,4,3,4,4,3,2,3,3,2,3,3,2,2,1,3,2,1,3,1
"93",93,"female","white","yr3","Other","math02","Auditory",93,2,4,1,5,5,3,2,5,3,4,5,5,5,2,1,3,2,3,2,5,4,4,5,4,4,4,3,4,4,4,4,5,4,3,5,4,4,4,4,3,3,5,5,4,4,4,4,4,5,5,4,4,4,4,4,4,5,4,4,4,4,4,3,4,3,4,4,4,4,3,2,2,2,2,2,3,2,2,2,2,2,2,2,2,3,3,3,2,2,1,1,1,3,2,1,2,3,2,1,1,2,1,3,3
"94",94,"female","white","yr1","Health","stats","Visual",94,3,4,2,5,3,1,2,5,1,4,5,3,5,3,2,1,2,1,1,5,4,3,4,2,4,2,5,5,4,5,3,4,2,2,5,5,3,4,2,1,2,5,4,2,5,4,4,4,5,4,4,3,3,5,4,2,5,5,2,5,5,5,2,3,3,3,4,4,5,2,1,2,3,2,3,3,3,3,4,3,2,1,2,2,3,4,3,3,1,1,1,1,3,2,2,2,3,2,3,2,2,3,3,2
"95",95,"male","white","yr2","Business","math03","Auditory",95,1,3,3,4,3,4,1,5,3,3,4,3,5,1,3,4,1,3,4,2,4,5,5,5,5,5,5,5,5,5,5,5,5,5,5,5,5,5,5,5,5,5,5,5,5,5,5,5,5,5,5,5,4,4,5,5,5,5,5,5,5,5,1,2,5,5,5,2,5,3,3,4,4,5,4,5,5,5,5,5,4,4,4,4,4,4,4,4,4,4,4,4,2,2,1,2,1,1,1,1,2,1,1,1
"96",96,"female","white","yr1","Health","stats","Kinesthetic",96,3,3,1,3,5,2,3,5,3,3,3,5,5,3,1,2,3,3,3,4,2,2,3,1,1,2,3,4,5,4,3,5,4,4,5,3,5,4,3,1,3,5,4,3,5,4,3,4,5,4,4,4,4,4,5,3,1,4,2,1,3,1,2,1,2,2,2,2,3,3,2,2,2,2,3,5,4,4,4,3,1,2,1,2,4,4,2,4,2,1,1,1,3,2,2,3,1,2,2,1,2,3,3,3
"97",97,"female","white","yr1","Other","stats","Kinesthetic",97,1,2,2,2,3,2,1,2,1,2,2,3,2,1,2,2,1,1,3,3,4,3,2,3,1,2,3,4,3,3,3,4,4,3,3,3,3,4,4,3,3,3,3,2,4,3,1,2,3,3,4,4,3,4,4,3,4,4,3,4,4,3,1,2,1,2,3,1,3,3,3,2,3,4,3,4,4,4,4,4,2,2,3,3,3,4,2,3,2,1,1,1,2,1,1,2,3,2,3,2,2,3,3,3
"98",98,"female","Black","yr1","Health","stats","Kinesthetic",98,2,3,3,3,4,4,2,5,3,3,3,4,5,2,3,4,2,3,4,5,2,2,4,2,1,2,2,5,5,4,3,5,5,2,4,2,2,3,4,1,2,4,4,5,3,4,3,3,5,5,4,4,4,5,5,2,2,4,2,3,3,2,2,2,3,3,4,1,5,3,2,2,2,2,2,3,3,4,4,4,2,3,3,2,3,3,2,2,3,1,1,1,3,1,1,3,1,2,1,3,2,3,3,3
"99",99,"female","white","yr1","Health","math02","Auditory",99,1,3,1,3,3,2,2,4,3,3,3,3,4,1,1,2,2,3,4,2,4,2,3,2,2,2,1,3,4,3,4,4,4,2,2,4,3,3,3,2,2,4,4,3,3,3,2,3,4,4,4,3,2,4,3,2,4,4,4,3,3,4,3,3,2,2,3,3,2,2,3,2,2,2,3,4,3,3,2,2,2,2,1,2,3,3,2,2,1,1,1,1,3,2,1,1,2,2,1,3,2,1,3,3
"100",100,"male","white","yr5+","STEM","other","Visual",100,1,3,1,3,3,1,1,4,1,3,3,3,4,1,1,1,1,1,4,3,5,4,4,4,4,4,4,5,5,5,5,5,5,5,5,5,5,5,2,2,5,5,4,5,5,5,5,5,5,5,5,5,5,5,5,5,5,5,5,5,5,5,5,1,5,4,5,5,5,5,5,5,5,5,5,5,5,5,5,3,4,4,4,4,4,4,3,4,4,3,1,1,2,2,2,3,1,2,3,3,3,3,1,2
"101",101,"female","white","yr4","Other","other","Auditory",101,1,2,2,2,2,1,1,3,1,2,2,2,3,1,2,1,1,1,5,3,4,5,5,5,5,5,5,5,5,3,4,4,4,4,5,3,4,5,5,3,4,3,3,4,5,5,5,5,5,5,5,5,4,5,5,5,2,5,5,1,2,5,2,3,2,1,1,1,3,3,2,2,2,2,4,5,5,5,5,5,4,4,4,4,4,4,4,4,4,2,1,1,1,1,3,3,1,1,1,1,2,1,3,3
"102",102,"female","Black","yr2","STEM","math03","Kinesthetic",102,1,3,1,4,5,2,1,5,2,3,4,5,5,1,1,2,1,2,4,4,5,1,5,5,1,5,2,4,5,5,4,3,3,3,5,4,5,5,5,5,5,5,5,5,5,5,5,5,5,5,5,5,5,5,5,3,3,3,3,4,4,4,1,3,3,5,5,2,5,3,4,5,3,2,2,3,3,5,4,4,3,2,4,3,3,3,2,3,3,4,2,1,3,2,1,3,2,2,3,3,2,3,1,2
"103",103,"female","white","yr3","Other","math01","Kinesthetic",103,3,3,2,3,2,2,2,5,3,3,3,2,5,3,2,2,2,3,3,4,4,4,3,3,4,4,4,3,2,3,3,3,3,3,4,3,3,4,4,4,4,3,3,4,3,3,4,3,5,4,4,3,3,3,3,4,4,3,4,4,4,4,3,4,2,2,4,3,4,3,2,3,3,2,3,3,3,3,3,3,2,3,4,3,4,4,2,4,2,2,1,1,3,2,1,1,3,2,2,1,3,1,3,3
"104",104,"male","Asian","yr3","STEM","stats","Kinesthetic",104,3,2,1,1,4,2,1,3,2,2,1,4,3,3,1,2,1,2,4,3,4,3,4,5,3,5,3,5,5,5,4,5,5,5,3,4,2,3,4,1,4,4,3,3,4,4,4,4,4,3,4,4,5,5,5,4,2,4,4,4,4,2,5,3,5,3,4,3,5,4,5,5,5,4,4,3,3,4,4,3,2,4,3,2,4,4,3,3,4,2,1,1,3,3,1,1,3,2,3,1,1,2,1,3
"105",105,"female","white","yr2","STEM","math03","Kinesthetic",105,3,4,1,4,4,3,3,5,3,4,4,4,5,3,1,3,3,3,2,4,2,2,2,2,2,1,2,1,1,4,1,3,1,1,1,3,2,2,2,1,1,1,2,3,1,2,1,2,4,3,3,1,2,4,3,2,1,2,1,1,1,1,3,3,3,1,1,3,1,2,2,4,1,1,2,3,3,2,2,2,1,2,2,1,2,3,2,2,1,2,1,1,3,2,1,3,2,1,3,2,3,3,3,3
"106",106,"male","white","yr3","Business","math03","Kinesthetic",106,3,5,4,5,5,4,3,5,4,5,5,5,5,3,4,4,3,4,1,5,1,2,3,1,1,1,2,3,2,2,1,2,1,2,1,2,1,1,2,2,1,1,1,2,3,2,2,2,4,3,3,2,2,4,4,2,2,2,1,2,2,4,1,2,4,3,2,1,2,4,2,2,2,2,4,3,3,3,3,3,2,2,3,2,3,3,4,3,3,2,1,1,3,3,3,3,3,2,1,2,3,3,3,3
"107",107,"female","Black","yr5+","Health","math02","Kinesthetic",107,2,4,3,4,3,3,2,5,3,4,4,3,5,2,3,3,2,3,2,1,3,2,1,1,1,2,1,2,3,3,2,4,4,3,3,3,4,4,2,1,1,3,3,2,5,4,4,3,3,4,4,2,3,3,4,2,3,3,2,2,2,2,1,3,3,3,2,2,4,3,2,2,3,3,3,3,3,3,3,3,2,1,2,3,4,4,2,4,1,2,3,1,3,3,3,2,3,2,3,2,2,3,1,3
"108",108,"female","other","yr1","STEM","stats","Visual",108,2,1,1,1,1,2,2,2,1,1,1,1,2,2,1,2,2,1,1,2,4,1,2,1,1,1,2,1,3,4,3,4,4,1,4,3,3,4,3,1,1,3,3,4,3,4,1,3,5,5,2,3,5,2,4,1,1,4,2,2,3,2,1,3,1,2,3,1,4,4,2,2,3,3,4,5,4,4,4,3,2,3,3,1,3,3,1,3,1,1,1,3,3,2,2,3,1,1,1,2,2,3,2,3
"109",109,"male","Asian","yr3","STEM","math03","Kinesthetic",109,1,3,1,3,4,1,1,4,1,3,3,4,4,1,1,1,1,1,3,2,4,1,5,3,1,1,1,5,5,5,4,5,5,1,4,3,3,4,4,1,1,4,2,4,2,3,1,3,5,4,5,3,2,5,4,2,4,4,2,3,4,2,2,3,1,1,1,4,3,5,5,5,5,5,5,5,5,5,5,5,2,2,2,2,4,3,4,4,2,1,1,1,1,1,2,3,1,2,1,2,3,3,2,3
"110",110,"male","white","yr2","Other","math02","Auditory",110,1,2,1,2,1,2,1,2,1,2,2,1,2,1,1,2,1,1,4,2,4,4,5,5,5,5,5,5,4,4,4,5,5,5,5,5,5,5,4,5,4,5,5,5,5,5,5,5,5,5,5,4,5,5,5,5,5,5,5,5,5,5,4,4,1,3,4,5,3,3,4,4,3,3,3,3,3,3,3,3,2,3,3,3,3,3,3,3,2,1,1,1,3,2,1,1,1,1,3,1,2,3,2,3
"111",111,"female","white","yr2","STEM","math01","Kinesthetic",111,1,1,1,2,2,2,1,3,2,1,2,2,3,1,1,2,1,2,4,1,4,2,3,2,3,3,2,4,3,3,3,3,4,4,4,4,3,4,3,4,4,3,3,4,4,4,4,4,4,4,5,3,3,3,4,3,5,5,5,4,4,4,2,3,3,2,4,1,2,3,2,2,3,3,3,4,4,4,4,4,1,2,2,1,2,3,3,3,2,1,1,1,3,2,1,3,1,2,1,1,2,3,3,3
"112",112,"female","Black","yr1","Other","math01","Auditory",112,2,5,5,5,5,5,3,5,5,5,5,5,5,2,5,5,3,5,3,3,3,3,3,3,3,3,3,3,3,3,3,3,3,3,3,3,3,3,3,3,3,3,3,3,3,3,3,3,3,3,3,3,3,3,3,3,3,3,3,3,3,3,3,3,3,3,3,3,3,5,5,5,5,1,5,5,5,5,5,5,3,3,3,3,3,3,3,3,3,3,3,3,1,3,1,1,1,1,1,1,2,1,3,3
"113",113,"female","Black","yr1","STEM","math02","Auditory",113,1,3,2,3,2,1,1,4,2,3,3,2,4,1,2,1,1,2,4,4,5,1,2,2,1,1,1,4,2,1,2,2,2,1,2,1,2,4,2,1,1,3,2,2,4,2,1,2,1,2,2,1,1,4,2,1,2,4,1,1,4,2,1,1,2,1,2,1,3,3,3,4,3,3,3,4,3,4,4,3,2,2,2,1,3,4,2,3,2,1,2,1,3,1,1,1,2,1,1,3,2,1,3,2
"114",114,"male","white","yr1","STEM","math04","Kinesthetic",114,1,3,1,3,2,2,1,4,1,3,3,2,4,1,1,2,1,1,3,3,4,3,3,3,1,4,1,5,5,5,4,5,5,1,4,3,3,4,5,1,3,3,1,3,3,5,3,5,4,3,4,1,4,5,5,1,1,4,1,1,3,1,1,5,1,3,4,3,3,5,5,5,5,4,4,4,4,4,4,4,2,2,1,1,3,4,2,3,1,1,1,1,3,3,1,3,1,1,2,3,3,3,1,3
"115",115,"female","other","yr1","Other","math02","Auditory",115,1,3,2,4,4,4,4,5,4,3,4,4,5,1,2,4,4,4,2,4,3,2,3,2,1,2,1,3,3,4,2,2,2,1,3,3,3,2,3,2,1,3,3,4,4,3,2,2,3,3,3,2,4,3,2,2,4,4,3,4,4,4,1,3,1,2,3,1,2,2,2,2,2,2,2,3,2,2,2,2,2,3,3,2,4,3,1,3,1,2,1,1,2,1,1,1,1,2,1,3,2,1,3,3
"116",116,"male","white","yr2","STEM","other","Kinesthetic",116,1,2,1,1,1,1,1,2,1,2,1,1,2,1,1,1,1,1,4,2,5,3,4,4,2,2,2,4,4,4,4,4,4,3,4,4,4,4,4,1,2,4,3,4,2,4,2,4,4,4,2,2,4,4,4,3,4,4,4,4,4,4,4,4,1,2,3,4,4,4,4,4,4,4,4,4,4,4,4,4,4,4,4,4,4,4,4,4,3,2,1,1,3,2,2,2,3,2,3,3,2,1,3,3
"117",117,"female","white","yr1","Health","stats","Kinesthetic",117,1,3,1,3,4,4,1,5,1,3,3,4,5,1,1,4,1,1,4,2,4,3,4,4,1,2,1,2,2,2,3,4,4,1,4,1,3,2,2,1,2,3,2,2,3,3,1,4,4,4,4,2,5,2,3,4,1,4,1,2,3,1,5,1,1,1,2,2,2,3,4,2,4,3,3,4,4,4,4,4,2,3,2,2,3,4,4,4,1,1,1,1,3,2,1,3,3,2,3,3,2,3,3,1
"118",118,"female","Black","yr3","Business","math03","Kinesthetic",118,1,5,1,4,5,1,1,5,3,5,4,5,5,1,1,1,1,3,1,5,4,5,3,3,1,1,1,4,2,4,4,5,3,1,5,4,4,2,3,1,2,3,3,5,4,5,3,5,5,4,5,4,2,3,3,3,4,5,4,3,4,3,1,4,4,2,2,1,4,3,5,2,2,3,3,5,5,5,5,3,4,2,4,1,2,4,3,2,4,2,4,4,3,2,3,2,3,2,2,3,2,1,3,1
"119",119,"female","white","yr1","Health","stats","Kinesthetic",119,1,5,5,5,4,5,3,5,4,5,5,4,5,1,5,5,3,4,2,4,4,4,3,4,4,4,4,4,4,4,4,4,3,3,3,4,3,3,3,4,4,4,4,3,3,2,2,3,4,3,4,3,4,3,3,3,4,3,4,3,3,3,4,4,3,3,4,4,4,1,1,1,1,5,2,2,2,2,2,2,2,2,3,4,2,4,3,2,2,3,2,2,2,1,1,2,3,3,2,3,2,3,3,3
"120",120,"female","white","yr3","Business","math03","Visual",120,3,4,4,5,5,4,5,5,3,4,5,5,5,3,4,4,5,3,1,5,2,3,3,2,2,3,4,2,3,4,3,5,4,2,3,1,3,2,3,4,4,4,3,3,3,3,3,3,3,3,3,3,3,3,3,3,3,3,3,3,3,3,4,3,3,3,3,3,3,2,2,2,2,1,2,2,2,2,2,2,1,2,2,4,3,2,2,3,3,1,1,1,2,2,1,2,2,2,3,3,2,3,3,2
"121",121,"female","white","yr5+","STEM","math03","Kinesthetic",121,1,3,1,3,2,2,1,4,1,3,3,2,4,1,1,2,1,1,5,2,4,2,2,1,1,1,1,1,1,4,1,1,2,1,2,2,2,1,2,1,1,1,1,2,3,1,1,1,5,1,3,1,4,3,4,1,1,1,1,1,1,1,1,1,1,1,3,1,1,3,3,3,3,3,3,3,3,3,3,3,1,2,2,2,3,4,1,3,1,1,1,1,3,2,3,3,3,2,3,2,3,1,3,3
"122",122,"female","white","yr1","STEM","stats","Visual",122,2,4,1,4,2,2,1,4,3,4,4,2,4,2,1,2,1,3,2,3,4,2,4,3,2,3,4,3,4,4,5,5,4,3,5,3,5,4,3,3,2,4,3,5,5,2,3,4,5,5,3,3,5,3,4,3,4,4,3,2,5,3,3,2,2,1,1,3,5,2,2,3,2,2,3,5,4,4,4,1,3,3,3,3,2,4,3,4,2,1,1,1,3,2,1,3,2,2,1,2,2,3,2,2
"123",123,"female","white","yr5+","Health","stats","Visual",123,2,3,1,2,2,1,1,3,1,3,2,2,3,2,1,1,1,1,4,3,4,2,4,3,3,2,4,2,4,4,3,4,4,3,3,4,4,2,3,2,3,5,3,2,2,4,4,3,4,4,4,3,4,4,4,3,4,3,2,4,4,4,3,3,3,3,2,1,1,2,4,3,4,4,4,4,4,4,4,4,3,4,4,3,4,3,2,3,1,1,1,1,2,2,2,3,3,2,2,3,2,1,1,3
"124",124,"male","white","yr1","STEM","math03","Visual",124,1,1,1,1,1,1,1,1,1,1,1,1,1,1,1,1,1,1,5,2,5,3,4,3,1,3,2,5,5,4,3,5,5,3,5,2,4,3,5,1,4,5,2,5,5,4,4,4,5,5,3,3,4,4,5,5,4,5,3,3,4,3,2,3,3,2,2,2,2,5,5,5,5,5,5,5,5,5,5,5,4,4,4,4,4,4,4,4,4,4,1,1,1,2,2,2,1,2,2,1,2,1,3,2
"125",125,"male","white","yr1","STEM","stats","Kinesthetic",125,2,3,2,4,4,4,2,5,2,3,4,4,5,2,2,4,2,2,2,3,4,4,4,4,3,3,3,4,4,3,3,4,2,1,4,3,3,3,2,4,3,4,4,4,3,3,3,4,4,3,2,3,2,2,4,2,2,4,3,2,3,4,4,3,3,3,2,4,4,2,4,4,4,4,2,5,4,4,4,4,3,3,3,2,3,3,3,3,2,3,2,2,3,2,1,3,3,2,2,3,2,1,3,3
"126",126,"male","Black","yr1","STEM","math03","Kinesthetic",126,1,2,1,1,2,1,1,2,1,2,1,2,2,1,1,1,1,1,5,1,5,2,2,4,2,3,2,4,4,5,3,5,3,1,4,3,4,3,3,1,1,2,1,3,2,3,1,2,5,3,5,4,2,2,4,2,4,5,3,4,3,4,1,1,2,1,3,3,4,5,5,5,4,4,5,5,5,5,5,5,3,3,3,2,4,4,1,3,2,1,1,1,3,1,2,3,3,3,2,3,2,1,2,3
"127",127,"female","white","yr1","STEM","stats","Kinesthetic",127,4,5,4,3,2,3,3,5,2,5,3,2,5,4,4,3,3,2,2,5,5,3,4,4,4,4,4,3,4,4,3,4,2,2,3,3,4,1,3,3,3,3,3,3,3,3,3,3,2,4,3,3,4,3,4,4,3,3,4,3,4,3,2,3,3,3,3,4,3,5,5,3,4,2,3,2,5,4,5,4,4,4,4,4,4,4,4,4,4,4,4,4,1,2,3,3,3,3,3,2,3,2,3,3
"128",128,"female","white","yr3","STEM","math04","Visual",128,2,2,1,1,3,2,1,3,3,2,1,3,3,2,1,2,1,3,3,5,4,3,3,3,2,3,3,4,4,3,3,4,3,3,3,3,4,4,4,2,3,4,3,3,4,5,3,4,5,4,4,3,3,4,4,3,3,4,3,3,4,3,2,4,5,3,3,2,2,3,3,2,2,3,3,4,4,4,4,3,1,2,2,2,4,4,2,3,2,2,1,1,3,2,2,2,3,2,3,1,2,3,2,3
"129",129,"male","white","yr1","STEM","math04","Kinesthetic",129,2,3,1,3,4,2,1,5,1,3,3,4,5,2,1,2,1,1,4,3,3,1,1,1,1,2,1,3,3,4,4,3,4,1,3,3,4,4,5,1,3,4,3,4,3,3,1,3,2,1,2,1,1,1,4,1,4,3,1,1,1,4,1,3,1,1,3,1,1,3,3,3,3,3,3,5,5,5,3,1,2,2,3,2,3,4,2,3,2,3,1,1,3,1,2,3,3,2,2,3,2,3,3,3
"130",130,"female","white","yr2","Business","math03","Visual",130,3,4,4,4,5,5,5,5,3,4,4,5,5,3,4,5,5,3,2,5,1,3,1,1,1,1,1,1,1,1,1,1,1,1,1,1,1,1,1,1,2,3,2,3,2,3,4,2,3,2,3,2,3,2,1,3,2,4,2,1,2,3,1,1,2,2,2,2,3,3,2,2,2,2,3,5,4,3,2,2,1,2,2,3,2,4,1,2,2,1,4,2,1,2,1,2,1,2,2,2,2,3,3,2
"131",131,"female","white","yr2","Business","math02","Kinesthetic",131,1,1,1,2,3,1,2,5,2,1,2,3,5,1,1,1,2,2,3,4,4,2,2,4,3,3,5,4,5,5,5,4,4,3,4,3,3,5,4,4,5,4,4,3,5,3,4,4,4,5,5,5,3,5,4,4,5,5,4,4,4,4,2,4,2,4,3,3,3,3,4,2,2,2,2,4,2,2,2,2,3,2,3,1,2,3,3,3,3,2,1,2,2,2,2,3,3,1,1,1,2,3,3,3
"132",132,"female","white","yr1","Other","math02","Visual",132,2,4,1,3,5,4,4,5,4,4,3,5,5,2,1,4,4,4,3,2,4,3,4,3,4,2,2,1,2,4,4,4,3,1,4,5,2,3,5,3,2,4,5,3,4,4,3,4,5,5,4,4,4,5,4,3,2,5,3,1,3,2,3,2,4,2,2,1,2,2,1,1,3,3,2,5,2,4,2,2,2,4,2,1,4,4,2,3,1,1,1,1,2,2,1,2,3,2,1,2,3,1,2,3
"133",133,"female","white","yr5+","STEM","other","Kinesthetic",133,1,4,3,4,4,2,3,4,1,4,4,4,4,1,3,2,3,1,2,4,4,2,3,2,3,2,1,4,4,3,3,4,3,1,3,3,3,4,4,1,2,4,4,3,4,4,3,4,4,4,4,3,3,3,3,3,1,3,3,1,3,1,3,5,3,1,2,3,3,4,3,3,2,2,3,4,3,4,3,2,1,1,1,3,4,4,2,2,3,2,1,1,3,2,1,3,2,2,1,2,3,3,3,3
"134",134,"female","other","yr1","STEM","stats","Auditory",134,3,4,2,4,2,3,2,5,1,4,4,2,5,3,2,3,2,1,2,4,3,5,4,4,3,3,2,4,4,4,3,3,3,3,2,2,3,3,3,4,2,4,4,4,4,4,3,3,3,3,4,4,4,4,3,2,4,3,4,3,4,5,2,3,2,2,2,2,4,2,2,2,3,3,3,4,4,2,3,3,2,3,2,3,2,4,3,3,2,2,3,3,3,1,1,1,1,1,1,1,2,2,1,1
"135",135,"female","white","yr1","Other","math01","Visual",135,1,3,2,3,1,2,2,3,2,3,3,1,3,1,2,2,2,2,5,4,2,2,2,3,2,2,2,2,3,2,2,3,2,2,3,3,2,2,3,3,3,3,3,3,4,4,4,3,2,3,2,3,2,3,2,3,3,3,3,3,3,3,2,2,3,3,3,3,3,3,3,3,2,4,2,2,2,2,2,2,2,2,2,2,2,2,2,2,2,2,2,2,3,2,2,1,2,2,3,2,1,1,2,3
"136",136,"female","white","yr3","Business","math02","Kinesthetic",136,3,4,1,4,4,2,1,5,2,4,4,4,5,3,1,2,1,2,2,5,3,2,3,2,1,2,3,5,4,4,4,4,5,2,4,3,3,4,2,1,1,4,4,3,3,2,2,3,4,3,2,4,4,4,4,2,3,3,4,3,3,4,1,2,3,1,2,2,3,5,2,2,2,2,2,3,4,3,3,3,1,1,2,2,2,4,4,4,4,3,1,4,3,2,3,2,1,2,1,1,2,3,3,3
"137",137,"female","Black","yr1","STEM","math03","Kinesthetic",137,1,2,1,3,3,2,2,3,2,2,3,3,3,1,1,2,2,2,4,5,4,2,3,2,1,4,2,4,5,3,5,5,4,1,4,2,3,3,4,4,4,5,3,4,2,5,3,5,5,5,3,4,4,4,4,2,1,5,3,1,3,1,1,4,2,2,3,1,2,3,4,4,4,4,4,4,4,4,4,4,2,3,3,1,4,4,2,3,1,1,1,1,3,3,3,3,1,2,3,3,2,2,2,3
"138",138,"female","white","yr3","STEM","other","Auditory",138,1,3,1,2,2,2,2,4,2,3,2,2,4,1,1,2,2,2,5,3,4,3,3,3,2,3,3,5,5,5,5,5,5,3,4,5,4,4,5,4,3,5,5,5,5,5,4,5,5,5,4,4,5,4,5,3,2,5,5,3,5,2,4,5,4,2,4,3,4,4,4,5,4,3,4,5,4,4,4,3,1,1,2,2,4,4,2,3,1,1,1,1,3,1,2,2,1,2,1,3,1,1,3,3
"139",139,"female","white","yr1","Business","math03","Kinesthetic",139,1,2,1,2,3,2,1,1,1,2,2,3,1,1,1,2,1,1,4,4,4,4,4,4,4,3,4,4,4,5,4,3,5,4,5,4,3,4,4,4,5,5,4,4,3,4,4,3,5,4,4,4,4,4,4,5,4,4,4,4,4,4,4,4,4,5,4,5,5,4,2,2,2,5,3,2,2,3,2,3,1,2,3,3,2,4,3,3,2,2,1,1,1,2,2,3,3,2,3,3,3,1,3,3
"140",140,"female","white","yr1","STEM","math03","Visual",140,1,3,1,2,3,3,1,4,1,3,2,3,4,1,1,3,1,1,4,2,4,1,1,1,1,1,4,2,2,2,2,2,1,1,2,2,1,2,2,1,1,4,2,1,3,3,2,1,1,3,1,1,2,2,1,1,2,4,2,3,2,1,1,2,2,1,3,1,1,3,3,1,2,3,3,4,3,4,4,2,3,3,3,3,3,3,2,3,3,1,1,1,3,2,2,2,3,2,2,1,3,2,3,3
"141",141,"female","white","yr2","Other","other","Auditory",141,1,1,1,1,1,1,1,3,1,1,1,1,3,1,1,1,1,1,4,2,4,5,5,5,5,3,5,5,5,3,5,5,5,3,5,5,5,5,2,4,4,4,4,4,4,4,4,4,5,5,5,5,5,5,5,5,5,5,5,5,5,5,3,3,1,4,4,4,5,3,3,3,3,3,3,3,3,3,3,3,3,3,3,3,3,3,3,3,3,3,3,3,1,1,3,1,3,2,1,2,2,1,2,3
"142",142,"female","white","yr2","STEM","other","Kinesthetic",142,2,3,2,4,4,3,4,4,2,3,4,4,4,2,2,3,4,2,2,4,4,2,1,2,1,1,2,2,1,1,2,2,1,1,2,1,1,2,1,1,1,2,1,2,3,2,2,1,3,3,1,2,1,3,1,2,2,3,1,2,2,2,2,2,4,1,1,1,1,3,4,4,4,4,4,4,4,4,4,4,2,3,3,2,2,4,3,3,2,2,1,1,3,1,2,3,2,2,2,3,2,1,3,3
"143",143,"female","white","yr3","Health","stats","Kinesthetic",143,1,3,1,3,2,1,1,3,1,3,3,2,3,1,1,1,1,1,4,4,2,4,4,4,4,4,4,4,4,4,4,4,4,4,4,4,4,4,4,4,4,4,4,4,4,4,4,4,4,4,4,4,4,4,4,4,4,4,4,4,4,4,4,4,4,4,4,4,4,3,3,3,3,3,3,3,3,3,3,3,2,2,2,2,2,2,2,2,2,2,2,2,3,2,2,1,3,1,2,1,2,3,3,3
"144",144,"female","white","yr1","Other","math02","Kinesthetic",144,3,4,1,5,4,2,3,5,3,4,5,4,5,3,1,2,3,3,1,5,3,3,2,2,3,2,4,5,4,4,3,4,3,2,2,4,4,3,3,5,2,3,3,2,4,3,2,4,2,3,2,3,4,4,3,3,2,2,3,2,3,2,4,4,3,3,3,2,2,2,2,3,3,1,3,4,2,3,3,2,3,3,3,2,3,3,2,3,3,1,1,1,1,2,1,3,3,2,3,3,3,3,3,3
"145",145,"female","white","yr1","Other","math01","Visual",145,2,4,3,4,2,2,2,4,3,4,4,2,4,2,3,2,2,3,2,2,2,2,2,2,2,2,2,3,3,3,3,3,3,3,4,4,3,3,3,4,3,4,4,4,4,3,3,4,3,3,3,2,4,4,4,4,4,3,4,4,4,4,3,3,3,4,4,4,4,3,2,2,4,4,3,2,3,3,3,2,2,3,3,3,2,2,2,2,3,2,2,2,2,2,1,3,3,2,1,2,2,3,1,2
"146",146,"female","white","yr2","Health","stats","Kinesthetic",146,2,2,1,2,3,2,2,4,1,2,2,3,4,2,1,2,2,1,2,4,4,2,2,3,1,2,2,3,2,4,4,4,3,2,4,1,2,4,3,2,3,3,3,3,5,3,3,3,5,3,4,3,4,3,3,3,2,2,2,3,4,2,5,3,1,3,3,4,4,3,2,2,2,2,2,3,2,3,2,1,2,1,2,2,4,4,3,2,1,1,1,1,3,1,2,3,1,2,1,3,2,3,3,3
"147",147,"male","white","yr3","STEM","stats","Kinesthetic",147,1,1,1,1,1,1,1,1,1,1,1,1,1,1,1,1,1,1,5,5,5,4,4,4,4,4,4,4,4,4,4,4,4,4,4,4,4,4,4,4,4,4,4,4,4,4,4,4,4,4,4,4,4,4,4,4,4,4,4,4,4,4,4,4,4,4,4,4,4,4,4,4,4,2,2,4,4,4,4,4,2,2,2,2,3,3,3,3,2,1,3,1,1,2,3,3,3,1,3,3,3,3,3,2
"148",148,"female","white","yr1","STEM","stats","Kinesthetic",148,1,3,2,3,3,3,2,3,2,3,3,3,3,1,2,3,2,2,2,4,3,1,2,2,1,1,2,3,2,2,2,2,2,2,3,3,2,2,3,1,2,3,2,2,3,3,1,2,3,2,2,2,2,2,2,1,1,3,1,2,3,1,1,2,2,2,2,2,2,4,2,2,2,2,2,3,3,3,3,2,2,2,2,1,3,3,2,3,3,1,3,1,3,2,1,2,3,2,1,1,2,1,3,3
"149",149,"female","white","yr1","STEM","stats","Kinesthetic",149,1,3,2,3,4,2,2,5,1,3,3,4,5,1,2,2,2,1,4,1,4,3,4,4,3,2,2,3,4,4,4,4,3,2,4,5,4,4,4,3,2,4,3,2,2,4,3,3,4,4,3,4,4,4,3,2,3,4,3,2,3,3,4,3,2,3,4,4,4,4,4,4,2,2,4,4,3,4,4,2,3,3,3,3,4,3,2,2,2,2,1,1,3,1,3,3,3,2,2,2,3,3,2,3
"150",150,"male","white","yr2","STEM","math02","Visual",150,1,2,1,2,2,1,1,3,2,2,2,2,3,1,1,1,1,2,2,4,4,4,4,3,5,2,5,2,2,5,5,5,2,3,4,1,5,5,3,4,4,3,4,2,4,4,4,2,3,5,5,3,3,2,4,1,5,5,3,3,2,2,1,3,3,1,1,1,1,3,3,3,3,4,4,4,5,5,5,4,2,2,2,1,3,2,1,4,3,1,1,1,3,2,3,1,1,2,1,3,2,2,3,2
"151",151,"male","white","yr1","Health","stats","Auditory",151,1,1,1,1,1,1,1,2,1,1,1,1,2,1,1,1,1,1,4,4,5,1,2,1,3,2,1,1,1,1,1,1,1,2,5,5,5,5,5,4,5,5,5,5,5,5,5,5,5,4,4,5,5,4,4,5,4,4,4,5,4,4,3,4,4,3,4,4,4,1,4,4,4,4,4,4,4,4,4,4,3,2,2,3,2,4,3,3,1,1,1,1,1,2,1,3,3,2,1,3,2,1,3,1
"152",152,"female","white","yr1","STEM","stats","Visual",152,3,4,1,3,3,5,2,3,3,4,3,3,3,3,1,5,2,3,4,2,4,5,4,3,3,2,3,5,3,3,4,5,5,3,5,4,4,3,5,3,5,4,3,4,3,4,2,4,4,3,4,3,2,2,3,3,4,3,5,2,4,3,2,2,3,3,4,2,4,3,2,2,3,2,4,5,4,4,4,2,2,2,2,3,3,3,2,3,1,2,1,1,3,2,1,2,2,2,3,2,2,1,3,1
"153",153,"female","white","yr1","STEM","stats","Kinesthetic",153,1,2,1,2,4,1,1,3,1,2,2,4,3,1,1,1,1,1,4,3,4,4,3,3,1,4,1,3,3,4,4,5,4,3,4,3,5,5,4,2,3,3,2,4,5,4,3,5,5,5,4,4,2,3,4,3,2,4,4,5,5,2,1,2,2,3,4,1,3,3,2,2,3,2,3,4,4,4,4,1,1,1,1,4,3,4,4,3,2,2,4,1,3,1,2,3,3,2,3,3,2,3,2,2
"154",154,"female","white","yr1","Health","stats","Kinesthetic",154,1,4,1,5,4,2,1,5,2,4,5,4,5,1,1,2,1,2,5,4,4,5,5,5,4,4,5,5,4,5,4,5,5,5,5,5,5,5,5,4,4,4,5,5,5,5,5,5,5,5,5,3,5,5,4,3,5,5,5,5,5,5,4,4,5,5,4,5,4,3,2,2,4,2,2,4,3,2,4,2,1,1,1,4,4,4,2,3,1,4,1,1,3,2,3,2,1,1,3,3,2,1,3,3
"155",155,"female","white","yr3","Other","other","Kinesthetic",155,2,5,1,5,5,5,4,5,3,5,5,5,5,2,1,5,4,3,3,4,3,4,5,5,5,5,5,5,5,5,5,5,5,5,5,5,5,5,5,5,5,5,5,5,5,5,5,5,5,5,5,5,5,5,5,5,5,5,5,4,5,5,3,5,2,5,5,5,5,3,2,2,2,1,2,5,4,3,3,2,1,2,3,2,4,2,3,3,3,3,1,1,3,2,3,3,1,1,3,2,1,2,3,2
"156",156,"male","white","yr2","Other","math02","Visual",156,2,4,2,3,3,2,2,3,2,4,3,3,3,2,2,2,2,2,4,5,4,2,3,1,1,1,2,4,4,5,2,3,2,3,2,1,2,1,3,3,2,2,4,3,4,2,3,3,2,4,3,2,3,3,4,2,3,2,4,4,4,4,4,4,2,2,4,3,2,3,2,2,2,2,2,3,2,2,3,3,3,3,3,2,1,2,1,1,2,2,3,1,2,2,1,2,3,2,3,1,2,3,2,3
"157",157,"female","white","yr1","Other","stats","Visual",157,2,3,2,3,4,2,2,4,2,3,3,4,4,2,2,2,2,2,3,4,4,2,3,3,2,4,4,5,5,4,3,4,4,3,4,3,3,4,5,4,3,3,4,4,5,4,3,4,4,3,4,5,5,3,4,4,3,3,2,3,3,2,3,4,3,4,4,3,2,3,2,2,2,3,3,4,4,3,3,2,2,2,3,3,3,3,3,3,3,2,1,1,3,2,2,2,2,2,1,3,2,1,3,1
"158",158,"female","white","yr3","Business","math02","Auditory",158,1,1,1,1,1,1,1,1,1,1,1,1,1,1,1,1,1,1,4,2,3,4,5,5,5,5,5,4,5,5,5,5,5,5,5,5,5,5,5,4,4,4,4,5,5,5,4,4,4,5,5,4,4,4,5,4,5,4,4,5,5,5,5,4,5,5,5,4,4,2,4,4,3,3,4,2,2,3,3,3,1,2,2,2,2,1,2,2,1,1,1,1,1,1,1,1,1,1,2,2,2,2,2,3
"159",159,"male","other","yr2","Business","math03","Kinesthetic",159,1,1,1,1,3,1,1,3,1,1,1,3,3,1,1,1,1,1,4,5,5,1,4,3,1,4,3,5,4,4,4,4,5,2,5,5,3,3,4,2,4,5,2,3,4,5,3,5,4,5,5,5,5,5,5,3,4,4,4,4,5,2,3,4,4,4,4,1,4,4,2,1,3,4,4,4,4,4,4,3,2,2,2,2,3,3,3,3,3,2,1,1,1,2,2,3,3,1,1,3,1,3,3,3
"160",160,"female","white","yr2","Other","math02","Auditory",160,1,4,3,4,5,2,1,4,2,4,4,5,4,1,3,2,1,2,3,5,4,1,1,1,2,1,2,2,1,4,2,1,1,2,3,2,2,2,2,1,3,4,2,2,3,3,3,1,3,2,4,1,1,2,3,2,1,2,2,1,3,2,1,3,4,1,1,1,2,2,4,4,4,3,4,4,4,4,4,4,3,2,3,2,3,4,2,3,2,1,1,1,3,1,1,3,3,2,1,1,2,1,3,3
"161",161,"male","white","yr1","STEM","math02","Kinesthetic",161,1,3,1,3,2,1,1,4,1,3,3,2,4,1,1,1,1,1,2,3,2,4,4,4,2,3,3,5,4,4,4,5,5,3,4,4,5,5,5,3,4,3,4,5,4,4,5,5,4,5,4,5,5,5,4,5,4,4,5,5,4,3,4,5,1,3,4,2,4,2,3,4,4,3,4,4,2,4,3,2,2,2,2,3,3,3,2,2,2,2,2,2,1,1,2,3,3,1,1,3,2,3,1,3
"162",162,"male","Asian","yr3","Other","other","Visual",162,3,3,3,3,3,3,3,3,3,3,3,3,3,3,3,3,3,3,3,3,3,3,3,3,3,3,3,3,3,3,3,3,3,3,3,3,3,3,3,3,4,2,1,4,3,2,4,4,1,2,3,2,2,4,3,1,3,3,4,4,3,2,3,2,4,1,4,3,4,3,2,3,2,4,2,1,2,2,5,4,4,3,3,2,2,2,2,2,3,3,3,3,2,2,2,1,2,2,1,3,1,1,3,1
"163",163,"female","white","yr1","Other","math01","Kinesthetic",163,1,3,1,3,2,1,1,5,1,3,3,2,5,1,1,1,1,1,2,3,4,5,5,4,5,4,3,4,2,3,3,4,4,3,4,3,3,4,5,2,4,5,4,3,4,4,4,4,5,4,4,5,4,4,4,5,2,3,4,4,4,4,2,3,1,3,4,4,3,5,4,4,4,2,4,5,4,4,4,3,2,2,2,2,4,4,3,4,1,1,1,1,1,2,3,2,2,1,1,3,3,2,3,3
"164",164,"male","Black","yr3","Business","stats","Visual",164,1,2,1,1,1,1,1,3,1,2,1,1,3,1,1,1,1,1,4,1,4,4,4,4,4,4,4,4,3,5,4,4,4,4,4,4,3,4,4,4,4,4,3,4,4,4,3,4,4,4,4,4,4,3,4,4,4,4,4,4,4,4,2,3,2,4,4,2,4,4,4,4,4,4,4,4,4,4,4,4,1,3,2,1,2,2,1,2,1,2,1,1,3,2,2,3,1,2,1,2,2,3,3,2
"165",165,"female","Black","yr1","STEM","math02","Visual",165,2,4,2,4,3,2,2,5,1,4,4,3,5,2,2,2,2,1,1,4,1,3,2,4,2,3,5,3,4,3,3,5,4,1,2,4,5,5,5,3,3,4,4,5,4,4,5,5,3,5,5,4,5,5,5,4,5,5,4,3,5,5,1,2,2,3,3,2,5,3,4,4,3,3,4,4,4,3,5,3,1,2,1,1,4,4,3,3,2,1,2,1,3,1,2,2,3,2,1,1,2,2,2,2
"166",166,"male","white","yr1","Other","math02","Visual",166,1,2,1,2,5,2,1,5,1,2,2,5,5,1,1,2,1,1,2,2,2,1,4,4,1,2,1,5,5,5,5,5,5,5,4,4,4,4,4,4,4,4,5,5,4,5,4,4,5,4,4,4,4,5,4,4,3,4,5,5,5,4,3,3,3,1,4,1,1,2,2,3,3,4,3,3,3,3,3,3,1,1,2,3,4,3,1,3,1,1,1,1,1,3,1,3,2,2,2,2,2,2,3,2
"167",167,"female","white","yr1","STEM","math02","Visual",167,3,4,1,3,4,1,2,4,1,4,3,4,4,3,1,1,2,1,3,2,4,5,5,5,5,5,5,5,5,5,5,5,5,5,5,4,3,4,3,1,5,4,2,4,5,5,2,5,5,5,2,5,5,5,4,5,4,5,5,5,5,5,2,2,2,4,4,1,5,2,2,2,2,2,2,5,2,5,5,2,3,3,3,3,4,3,2,3,3,2,1,1,1,2,2,1,3,2,3,1,2,3,2,1
"168",168,"female","white","yr2","Other","math01","Kinesthetic",168,3,5,2,5,2,2,3,5,3,5,5,2,5,3,2,2,3,3,1,5,4,4,3,3,3,1,5,5,4,2,3,3,4,3,3,2,3,3,4,2,2,3,3,3,3,3,3,3,5,5,5,3,2,4,3,4,4,5,4,5,5,4,3,3,4,1,2,2,2,2,4,5,5,1,5,5,5,5,5,5,2,2,4,3,4,4,2,2,2,2,1,1,1,1,1,2,3,2,3,3,2,3,3,1
"169",169,"female","other","yr1","Business","math02","Visual",169,2,5,2,4,3,2,2,5,2,5,4,3,5,2,2,2,2,2,4,2,3,3,3,3,1,2,3,4,4,3,3,4,4,3,4,3,4,4,3,4,3,3,4,4,4,3,4,3,3,5,4,4,4,4,3,4,3,4,4,4,3,4,2,4,2,4,4,4,4,3,3,4,4,3,3,3,3,3,3,3,3,2,2,2,2,2,2,2,2,3,3,3,3,2,2,3,1,2,1,3,2,2,3,3
"170",170,"female","white","yr1","Other","math01","Kinesthetic",170,2,3,1,3,3,4,1,4,3,3,3,3,4,2,1,4,1,3,2,4,3,4,4,4,4,4,5,5,5,5,5,5,5,5,5,4,5,5,5,5,5,5,5,5,5,5,5,5,5,5,5,5,5,5,5,5,5,5,5,5,5,5,5,5,5,5,5,5,5,3,2,2,2,2,3,3,3,3,3,2,2,2,3,2,4,3,2,3,1,1,1,1,1,2,3,2,3,2,3,3,2,1,2,3
"171",171,"female","white","yr1","Health","stats","Kinesthetic",171,1,3,1,2,2,2,1,4,2,3,2,2,4,1,1,2,1,2,4,3,4,2,2,2,1,3,2,3,3,4,3,3,3,2,4,4,4,4,3,2,3,4,3,4,4,3,2,3,5,5,3,4,2,5,3,2,3,4,2,4,4,4,4,3,3,4,3,1,3,4,4,4,4,2,3,5,4,4,4,4,2,2,2,2,1,1,1,1,3,4,1,4,3,2,1,1,3,2,2,1,2,1,3,3
"172",172,"male","white","yr1","STEM","math03","Auditory",172,1,5,1,5,3,2,1,5,1,5,5,3,5,1,1,2,1,1,1,5,5,5,4,4,3,5,4,5,4,4,4,3,5,4,5,5,5,5,5,5,5,5,4,4,4,5,5,5,5,4,5,4,4,5,5,5,4,4,4,5,5,5,4,4,4,4,4,4,4,5,3,5,5,4,3,5,5,5,5,5,4,3,3,4,2,3,3,2,4,2,3,3,1,1,1,3,1,1,2,1,1,2,1,2
"173",173,"male","white","yr2","STEM","math03","Kinesthetic",173,1,3,1,4,2,1,1,3,1,3,4,2,3,1,1,1,1,1,4,3,5,5,4,3,5,4,4,5,4,4,4,5,5,2,5,4,4,5,5,2,3,5,1,5,5,5,5,5,5,4,4,4,1,5,5,5,3,4,4,4,4,4,1,5,2,1,1,3,3,5,5,5,5,5,5,4,5,5,5,5,2,3,3,4,3,1,2,2,1,1,1,1,1,3,3,3,3,3,2,1,3,3,3,3
"174",174,"female","white","yr2","STEM","math03","Visual",174,1,3,3,3,3,1,2,5,3,3,3,3,5,1,3,1,2,3,4,2,4,2,3,2,1,1,2,4,2,3,2,4,3,2,3,2,3,3,3,1,2,3,3,2,4,3,3,3,2,2,1,2,2,1,3,2,1,4,1,1,2,1,1,3,2,1,2,1,2,5,5,5,5,5,5,5,5,5,5,5,2,3,3,1,4,4,2,2,1,2,1,1,2,2,2,3,3,2,1,1,2,1,1,3
"175",175,"female","white","yr1","Other","math02","Kinesthetic",175,3,5,2,4,4,2,1,5,1,5,4,4,5,3,2,2,1,1,2,5,4,3,4,2,2,2,5,4,2,4,2,4,3,3,4,2,3,2,4,2,2,3,3,2,5,3,2,3,5,4,2,2,2,3,3,2,2,4,2,2,3,2,3,4,2,4,4,2,2,3,1,1,1,2,2,3,2,2,2,2,2,3,3,4,4,4,3,4,3,1,1,1,3,1,3,1,1,2,3,2,3,3,2,3
"176",176,"male","white","yr3","STEM","math04","Auditory",176,1,3,1,5,4,1,1,5,1,3,5,4,5,1,1,1,1,1,2,4,4,3,5,4,2,4,4,5,5,4,4,5,5,3,5,4,5,5,5,3,5,3,3,5,2,5,2,4,5,4,5,3,4,4,5,4,2,5,4,4,4,5,5,4,2,2,2,2,2,5,4,5,5,5,4,5,5,5,5,4,1,2,1,1,4,1,2,4,1,2,1,1,1,1,1,3,1,2,2,3,2,1,1,3
"177",177,"female","white","yr3","STEM","stats","Visual",177,4,2,4,3,2,4,5,2,2,2,3,2,2,4,4,4,5,2,2,3,1,2,2,4,1,3,3,3,2,4,3,3,3,3,3,3,3,3,3,3,3,3,3,3,3,3,3,3,3,3,3,3,3,3,3,3,3,3,3,3,3,3,3,3,3,3,3,3,3,3,3,4,4,2,3,4,4,3,3,3,3,3,3,4,3,2,1,2,2,2,2,2,2,2,2,2,1,1,1,1,3,2,2,1
"178",178,"female","white","yr1","Business","other","Kinesthetic",178,3,1,1,2,3,2,2,5,3,1,2,3,5,3,1,2,2,3,3,4,3,3,5,3,5,3,3,5,5,4,4,5,3,5,4,4,5,3,4,2,3,4,5,4,3,5,4,5,5,5,5,3,3,4,3,4,4,5,5,5,4,4,3,4,2,2,4,2,4,2,2,2,2,2,2,2,2,2,2,3,3,3,2,2,3,4,3,3,3,2,2,2,1,1,3,2,3,3,3,3,2,1,2,3
"179",179,"female","white","yr3","STEM","math04","Kinesthetic",179,2,5,2,4,4,3,2,4,2,5,4,4,4,2,2,3,2,2,2,4,2,2,2,2,1,1,1,2,1,4,4,2,4,1,3,3,2,2,4,1,1,2,3,4,3,4,2,2,5,5,5,2,2,5,3,2,1,3,2,2,2,4,3,2,2,1,3,2,2,2,1,1,1,2,2,2,3,1,1,1,2,2,2,4,3,4,1,1,3,3,2,1,3,1,2,2,1,2,1,2,3,3,3,3
"180",180,"female","white","yr1","Other","math01","Visual",180,1,3,1,4,4,2,1,4,1,3,4,4,4,1,1,2,1,1,1,5,4,4,4,4,5,5,4,3,3,2,2,3,3,3,3,3,4,4,4,4,4,4,4,3,4,4,4,4,4,4,3,4,3,4,4,4,4,4,5,4,4,4,5,5,5,4,5,4,5,2,1,2,1,2,2,1,3,4,4,2,2,2,3,2,2,2,2,2,2,1,3,2,2,1,2,2,3,2,2,2,2,1,3,2
"181",181,"male","white","yr2","Business","math03","Auditory",181,1,3,1,3,1,1,1,5,1,3,3,1,5,1,1,1,1,1,4,4,4,4,4,3,3,3,3,4,4,4,4,4,4,4,4,4,4,4,4,4,4,4,4,4,4,4,4,4,4,4,4,4,4,4,4,4,4,4,4,4,4,4,3,4,4,4,4,4,4,3,3,3,3,3,3,3,2,3,3,3,3,3,3,3,3,2,1,3,3,3,3,1,1,1,1,2,3,2,1,3,2,1,3,3
"182",182,"female","white","yr2","Other","math02","Visual",182,2,3,1,3,4,1,1,4,1,3,3,4,4,2,1,1,1,1,4,3,4,1,2,2,1,4,2,3,2,5,4,4,4,3,4,5,4,2,4,1,4,5,3,4,4,5,2,2,4,4,5,1,3,3,5,3,4,5,4,3,4,4,4,3,2,1,2,1,2,3,2,2,3,3,3,3,3,3,3,3,2,2,2,1,3,4,4,3,1,2,1,1,3,2,3,2,2,2,1,2,2,1,2,3
"183",183,"female","white","yr3","STEM","stats","Visual",183,2,3,1,3,3,1,1,4,2,3,3,3,4,2,1,1,1,2,2,4,4,4,4,4,4,4,4,4,4,4,4,4,4,4,4,4,4,4,4,4,4,4,3,4,4,4,4,4,5,5,5,4,4,4,4,4,2,4,4,2,4,2,4,4,2,4,4,4,4,3,4,3,3,2,2,4,4,4,3,3,3,3,3,3,3,3,3,3,2,2,2,1,3,2,2,1,2,2,3,3,2,3,1,1
"184",184,"female","white","yr4","Other","other","Auditory",184,2,5,1,5,4,5,1,5,3,5,5,4,5,2,1,5,1,3,2,5,4,5,5,5,5,5,5,4,5,4,4,5,5,5,4,4,4,4,4,4,5,4,4,5,4,5,5,5,4,4,4,4,4,4,4,5,5,5,5,5,4,5,4,4,4,4,4,4,4,3,1,2,2,1,1,3,2,2,2,2,1,1,1,4,3,4,1,3,3,4,3,1,1,1,2,1,3,2,1,3,3,3,3,1
"185",185,"male","white","yr2","STEM","math03","Auditory",185,2,3,1,3,3,2,1,4,2,3,3,3,4,2,1,2,1,2,4,2,4,3,4,4,2,2,1,4,3,2,2,3,3,2,2,3,2,3,2,3,3,2,4,3,4,1,2,2,2,3,4,2,4,3,4,2,3,4,3,3,2,2,2,3,2,4,3,2,3,4,3,2,3,3,4,3,4,4,3,3,2,2,2,3,3,3,2,2,3,2,2,1,3,2,1,1,1,2,1,1,2,1,2,2
"186",186,"female","Black","yr1","STEM","stats","Visual",186,1,3,1,3,5,2,1,5,3,3,3,5,5,1,1,2,1,3,3,4,4,3,3,2,2,2,2,3,3,3,3,3,3,3,3,3,3,3,3,3,3,3,3,3,3,3,3,3,3,3,3,3,2,3,3,3,3,3,3,3,3,3,3,3,3,3,3,3,3,3,3,3,3,3,3,3,3,3,3,3,2,2,2,2,2,2,2,2,2,2,2,2,2,1,2,3,1,2,3,1,2,3,2,2
"187",187,"female","white","yr1","Business","math03","Auditory",187,1,3,2,3,2,1,1,3,2,3,3,2,3,1,2,1,1,2,2,3,3,3,3,2,2,2,3,4,3,3,3,3,3,2,4,3,3,3,4,3,3,4,3,3,3,3,3,3,4,3,4,3,4,4,3,3,5,5,3,4,3,5,3,3,2,2,3,2,3,3,3,3,4,3,3,3,3,3,3,3,3,3,3,3,3,3,3,3,3,3,1,1,3,1,1,2,3,2,1,3,2,1,2,1
"188",188,"male","white","yr1","STEM","math02","Kinesthetic",188,1,3,1,4,3,2,1,5,2,3,4,3,5,1,1,2,1,2,2,5,2,3,2,2,1,4,2,4,3,4,3,5,3,1,4,3,4,2,4,1,3,4,3,3,4,4,3,3,4,4,4,4,3,4,5,3,1,4,2,3,4,3,4,3,3,1,3,1,1,4,2,3,3,3,3,3,3,3,3,2,1,2,2,3,3,4,2,2,1,1,1,1,3,1,1,3,1,2,3,2,2,3,3,3
"189",189,"male","Asian","yr1","STEM","math01","Auditory",189,4,1,4,3,4,5,4,3,3,1,3,4,3,4,4,5,4,3,1,2,2,3,3,3,3,3,4,2,2,4,2,4,5,5,3,3,2,2,3,4,3,5,4,5,4,4,5,4,3,4,2,4,2,4,5,3,4,5,3,4,5,5,3,4,3,4,2,4,3,4,3,2,1,3,5,1,1,2,4,3,1,2,1,2,1,2,1,1,3,1,2,1,1,2,3,1,1,1,2,1,2,1,1,3
"190",190,"female","white","yr1","Business","math01","Auditory",190,2,5,3,5,4,3,3,5,3,5,5,4,5,2,3,3,3,3,1,5,1,3,3,3,2,3,3,3,3,3,3,3,3,3,3,3,3,3,3,3,3,3,3,3,4,3,3,3,3,2,3,3,3,4,3,3,3,4,3,4,3,5,2,3,2,2,3,3,3,3,2,2,3,3,2,4,3,3,3,2,2,2,1,1,2,3,2,2,1,1,1,1,3,1,2,2,1,2,1,3,2,1,2,1
"191",191,"female","white","yr2","Business","math03","Kinesthetic",191,4,5,4,5,3,2,1,5,3,5,5,3,5,4,4,2,1,3,1,5,1,1,1,1,1,1,1,4,1,1,1,3,1,1,3,3,3,3,3,3,3,3,3,3,3,3,3,3,3,3,3,3,3,3,3,2,2,2,1,2,2,2,2,2,2,2,2,2,2,1,2,2,2,4,3,3,3,3,3,3,1,1,2,3,2,4,4,4,3,2,4,2,3,3,2,2,1,1,1,3,2,3,3,3
"192",192,"female","white","yr1","Other","math01","Auditory",192,1,3,1,3,4,2,2,4,2,3,3,4,4,1,1,2,2,2,4,4,4,3,3,4,3,5,2,5,4,5,5,5,5,4,4,4,4,4,4,4,5,4,5,5,5,4,4,5,5,5,4,4,4,4,4,3,5,5,5,5,5,5,3,4,1,4,5,3,4,3,3,3,4,3,3,4,4,4,4,3,2,3,3,4,3,4,3,3,2,1,1,1,1,1,3,2,2,2,2,1,1,1,1,1
"193",193,"female","white","yr1","Other","math01","Kinesthetic",193,1,1,1,2,2,4,2,5,1,1,2,2,5,1,1,4,2,1,4,2,4,5,5,5,5,5,5,5,4,5,4,5,5,3,5,4,4,4,4,2,4,3,2,3,4,5,3,5,5,5,5,5,3,5,5,5,5,5,5,5,5,5,4,2,2,3,4,1,5,3,1,1,3,2,4,4,2,3,3,3,2,2,2,3,4,2,2,3,2,1,1,1,2,1,2,1,3,2,1,1,2,3,3,3
"194",194,"female","Black","yr3","Other","other","Kinesthetic",194,2,5,1,5,4,3,1,5,3,5,5,4,5,2,1,3,1,3,1,1,3,5,4,4,4,4,4,3,3,3,2,3,2,3,4,4,4,4,4,4,4,3,3,3,3,3,3,3,4,3,4,3,4,4,4,4,4,3,4,2,2,4,3,3,3,2,3,1,3,1,1,1,1,4,2,3,2,2,2,2,2,2,2,2,2,1,1,1,3,1,1,1,2,1,1,3,1,2,3,1,2,3,2,3
"195",195,"male","white","yr1","Business","math03","Kinesthetic",195,3,2,1,3,2,3,3,3,2,2,3,2,3,3,1,3,3,2,3,3,3,3,3,3,3,3,3,3,3,3,3,3,3,3,3,3,3,3,3,3,3,3,3,3,3,3,3,3,3,3,3,3,3,3,3,3,3,3,3,3,3,3,3,3,3,3,3,3,3,3,3,3,3,3,3,3,3,3,3,3,2,2,2,2,2,2,2,2,2,2,2,2,3,1,3,3,3,3,2,3,2,1,3,3
"196",196,"female","Black","yr1","Other","math01","Auditory",196,1,3,1,5,1,1,1,4,1,3,5,1,4,1,1,1,1,1,2,5,3,4,4,4,4,4,4,5,5,5,5,5,5,5,5,5,5,5,5,4,5,5,5,5,5,5,5,5,5,4,4,4,3,4,4,4,4,5,5,5,5,5,3,5,3,2,3,3,3,3,3,3,3,3,3,3,3,3,3,3,1,1,2,3,4,4,3,3,1,1,1,1,3,1,2,1,3,1,1,1,1,3,2,3
"197",197,"female","white","yr1","Health","stats","Visual",197,1,3,1,4,3,2,1,4,2,3,4,3,4,1,1,2,1,2,4,3,3,3,4,3,4,3,3,3,3,3,3,3,4,2,3,4,3,4,4,2,3,3,4,3,5,4,4,4,5,4,4,3,3,4,3,3,2,3,3,2,3,1,2,3,3,3,3,2,3,2,3,3,4,3,3,3,3,3,4,3,2,2,2,3,3,4,3,4,2,2,2,1,3,1,1,2,2,2,2,2,2,1,3,1
"198",198,"female","white","yr1","Other","math01","Kinesthetic",198,1,5,3,5,5,3,2,5,3,5,5,5,5,1,3,3,2,3,1,5,2,1,1,3,1,3,1,4,3,5,3,4,3,2,3,4,4,4,4,1,1,4,2,4,4,4,4,4,4,4,4,3,3,4,3,4,4,4,4,4,4,4,3,2,3,1,2,1,1,4,4,4,4,3,4,4,4,4,4,4,2,2,2,2,3,3,3,3,1,1,1,1,3,1,1,3,3,2,3,3,2,1,2,3
"199",199,"female","Asian","yr1","STEM","math03","Visual",199,1,2,1,2,2,1,1,1,1,2,2,2,1,1,1,1,1,1,5,1,5,3,5,3,3,2,3,5,3,5,4,5,5,3,5,5,3,3,4,1,4,5,4,5,4,4,3,3,5,5,5,4,4,3,4,4,3,4,4,3,5,4,3,4,5,4,4,3,4,3,3,4,4,4,4,4,4,3,4,4,1,2,3,1,4,4,3,3,1,2,1,1,3,1,2,2,1,2,2,1,2,3,2,3
"200",200,"female","white","yr3","STEM","other","Kinesthetic",200,2,1,1,1,2,1,1,3,1,1,1,2,3,2,1,1,1,1,5,2,5,5,5,5,5,5,5,5,5,5,5,5,5,5,5,5,5,5,5,5,5,5,5,5,5,5,5,5,5,5,5,5,5,5,5,5,5,5,5,5,5,5,5,5,5,5,5,5,5,5,4,5,4,4,4,4,4,4,4,4,4,4,4,3,4,4,3,4,3,3,2,1,3,2,2,3,3,3,2,3,2,1,3,3
"201",201,"female","white","yr1","Other","math01","Visual",201,2,1,1,2,3,2,2,3,2,1,2,3,3,2,1,2,2,2,4,2,4,5,5,5,5,3,5,5,5,4,5,4,5,4,4,4,5,4,5,4,5,4,5,5,4,5,4,4,5,5,5,5,5,4,5,4,5,5,5,4,5,3,4,4,4,2,4,3,5,4,4,4,4,4,4,5,4,5,4,4,3,3,3,3,3,3,2,2,1,2,2,1,1,2,2,2,1,2,3,2,2,3,2,1
"202",202,"female","white","yr1","STEM","stats","Kinesthetic",202,1,3,1,3,3,4,1,5,3,3,3,3,5,1,1,4,1,3,4,2,4,4,3,3,1,1,4,4,5,4,3,4,4,3,4,5,4,3,4,2,5,3,4,4,3,5,2,3,5,4,4,4,5,3,4,4,3,5,4,5,4,3,2,3,2,4,4,3,5,3,2,2,3,3,4,3,4,2,2,2,1,2,1,3,2,2,2,3,1,3,1,3,3,2,2,3,3,2,3,1,2,1,3,3
"203",203,"male","white","yr1","Business","math02","Kinesthetic",203,2,3,1,3,1,2,1,4,1,3,3,1,4,2,1,2,1,1,5,4,4,3,5,2,3,1,4,4,3,4,4,5,5,2,2,3,2,2,3,1,3,4,3,3,5,4,2,3,5,5,5,4,3,5,5,3,5,4,4,5,5,3,2,2,2,3,3,2,4,2,4,4,4,3,4,3,4,4,4,3,4,3,3,3,4,4,2,2,3,1,1,1,3,2,1,2,2,2,3,3,2,1,3,3
"204",204,"female","Asian","yr3","STEM","stats","Visual",204,3,4,4,5,3,3,3,3,3,4,5,3,3,3,4,3,3,3,4,5,3,5,5,5,5,5,5,5,5,5,5,5,5,5,5,5,5,5,5,5,5,4,4,5,5,5,4,5,5,5,5,5,5,5,5,5,5,5,5,5,5,5,5,4,1,5,5,5,5,2,4,4,4,5,4,5,5,5,5,5,1,2,2,2,2,3,3,3,2,2,1,1,2,2,2,2,1,2,1,2,2,3,3,2
"205",205,"male","white","yr1","Business","math02","Auditory",205,1,2,2,4,4,2,2,4,1,2,4,4,4,1,2,2,2,1,2,4,4,4,4,2,3,3,3,2,2,3,2,2,2,1,2,2,2,2,3,1,2,3,2,2,3,4,4,3,3,3,3,3,2,3,3,2,2,4,2,2,2,3,1,2,2,1,2,2,2,3,4,4,4,3,4,3,3,3,3,3,2,2,2,2,3,1,2,3,2,1,1,1,1,2,1,3,2,1,3,3,2,1,3,2
"206",206,"female","white","yr1","Business","math02","Visual",206,1,3,1,2,2,2,2,4,2,3,2,2,4,1,1,2,2,2,5,3,4,3,4,4,3,5,4,5,5,4,4,5,5,5,4,4,4,4,5,3,5,4,4,4,5,4,5,4,5,5,5,4,4,5,4,3,4,5,5,4,4,3,3,3,1,3,3,2,4,3,2,2,2,3,2,3,2,3,2,2,2,3,2,2,4,4,2,3,1,1,1,1,3,2,1,2,2,2,1,2,2,1,3,3
"207",207,"male","white","yr3","STEM","other","Visual",207,1,3,1,4,3,2,1,5,1,3,4,3,5,1,1,2,1,1,3,4,4,1,3,3,3,3,4,4,3,3,3,4,4,1,4,1,4,5,5,5,5,5,5,5,5,5,5,5,5,5,5,5,5,5,5,5,5,5,5,5,5,5,5,5,5,5,5,5,5,3,4,4,4,3,3,3,3,3,3,3,2,1,2,2,4,4,1,1,2,1,1,1,1,1,2,3,3,2,1,2,2,3,2,3
"208",208,"male","white","yr2","STEM","stats","Visual",208,1,2,1,2,1,1,1,3,1,2,2,1,3,1,1,1,1,1,4,3,4,1,1,2,1,3,3,4,1,3,3,4,4,1,4,4,1,4,3,2,2,4,3,3,4,4,2,4,4,3,2,2,3,3,3,2,1,4,2,1,3,1,1,2,1,2,3,1,2,2,4,4,3,3,2,5,4,4,4,4,2,2,1,1,3,4,3,3,1,2,1,1,3,2,2,2,1,2,3,2,1,3,1,3
"209",209,"male","white","yr3","STEM","other","Auditory",209,1,1,1,2,1,1,1,1,1,1,2,1,1,1,1,1,1,1,2,2,2,5,5,5,5,5,5,5,5,5,4,5,4,4,5,5,4,5,5,4,5,4,5,5,4,4,4,4,5,5,5,4,4,5,4,5,4,5,4,5,5,5,4,4,4,5,5,3,5,4,5,5,5,5,5,5,5,5,5,5,3,3,3,3,3,4,2,4,2,2,1,1,1,1,1,3,1,2,1,3,3,1,2,1
"210",210,"male","white","yr2","Health","stats","Kinesthetic",210,1,4,1,4,3,2,1,5,2,4,4,3,5,1,1,2,1,2,2,4,3,1,3,1,1,2,1,3,2,3,1,3,3,1,3,3,3,2,3,1,1,3,4,2,5,4,3,2,1,3,2,1,3,5,2,1,4,3,1,2,1,4,1,4,3,1,1,1,1,1,2,2,3,2,3,4,4,4,4,2,2,3,2,4,3,2,1,3,1,2,1,1,3,1,1,2,3,2,3,3,2,3,3,1
"211",211,"female","white","yr1","Other","math02","Visual",211,3,3,3,3,3,3,3,3,3,3,3,3,3,3,3,3,3,3,2,2,2,3,3,3,3,3,3,3,3,3,3,3,3,3,3,3,3,3,3,3,3,3,4,2,3,2,2,3,3,5,2,2,3,4,4,2,2,2,3,3,3,2,4,3,3,3,3,4,4,3,2,2,2,2,2,3,3,3,3,3,3,3,3,2,3,3,3,3,2,2,2,2,1,1,2,2,3,2,2,1,3,3,3,2
"212",212,"female","white","yr1","Business","math03","Auditory",212,1,4,3,5,5,2,1,5,4,4,5,5,5,1,3,2,1,4,2,4,4,2,4,4,2,4,2,3,4,2,4,2,4,2,2,4,2,3,4,2,5,3,2,4,2,3,2,4,1,4,1,4,2,5,3,4,2,4,3,2,4,4,2,3,3,3,2,3,4,5,5,5,2,5,5,5,5,5,5,5,4,3,2,3,2,3,2,1,1,1,1,4,1,3,1,1,2,1,2,2,1,3,1,1
"213",213,"female","white","yr3","Other","other","Kinesthetic",213,2,4,3,5,5,5,4,5,2,4,5,5,5,2,3,5,4,2,1,5,2,4,2,4,4,3,5,5,3,3,1,2,3,3,2,4,1,4,3,5,2,3,2,2,1,3,3,3,4,2,4,2,4,2,2,2,4,3,1,3,3,3,4,5,2,3,2,1,1,2,1,1,2,2,1,5,2,3,3,1,4,4,4,4,4,4,1,4,2,3,1,1,3,1,1,3,3,1,3,1,3,3,2,3
"214",214,"male","white","yr2","Business","math03","Auditory",214,3,5,5,5,4,3,3,4,5,5,5,4,4,3,5,3,3,5,1,5,1,3,3,3,2,2,4,4,4,3,3,3,3,3,2,4,4,3,2,2,3,3,2,2,3,4,3,2,3,3,2,3,4,2,4,4,3,2,3,4,2,4,4,1,3,4,3,2,2,2,4,4,3,1,1,1,1,1,1,1,2,2,2,3,2,3,3,3,2,2,3,3,2,3,3,1,1,1,1,3,3,2,1,1
"215",215,"female","white","yr3","STEM","math03","Kinesthetic",215,3,5,3,5,5,3,1,5,2,5,5,5,5,3,3,3,1,2,2,4,3,2,1,1,1,2,1,3,3,1,2,4,3,2,3,4,3,4,3,1,1,4,3,3,5,4,4,3,5,1,5,1,2,2,2,1,1,2,1,1,1,1,4,4,3,3,3,1,3,2,4,5,5,4,4,5,5,5,5,5,1,1,1,2,1,4,4,4,1,3,1,1,3,2,3,3,2,2,1,2,2,3,3,3
"216",216,"male","white","yr1","Business","math02","Visual",216,1,1,1,2,2,2,2,3,2,1,2,2,3,1,1,2,2,2,4,3,4,2,4,4,4,4,5,4,4,4,4,4,4,4,4,4,4,4,4,4,4,3,3,4,5,4,4,3,3,3,4,5,5,3,4,5,4,5,4,4,5,4,4,4,3,5,4,4,4,3,3,3,3,3,3,3,3,3,3,2,2,2,2,3,3,2,3,3,2,1,1,1,1,1,2,2,3,2,2,2,2,3,3,3
"217",217,"female","white","yr1","Other","math01","Auditory",217,1,4,2,5,4,2,2,5,3,4,5,4,5,1,2,2,2,3,1,5,3,5,3,3,5,4,5,4,3,4,3,3,4,2,5,4,4,3,4,5,4,4,4,4,5,5,4,4,5,5,5,4,4,4,4,5,4,4,4,4,5,5,2,3,1,2,4,1,3,1,3,4,2,4,3,4,4,4,4,3,2,3,4,3,2,3,2,3,3,1,1,1,2,1,3,2,1,1,1,3,2,1,3,3
"218",218,"female","white","yr3","Business","math03","Visual",218,3,5,2,5,4,4,2,5,2,5,5,4,5,3,2,4,2,2,1,5,2,1,1,1,1,3,1,4,2,3,2,5,1,2,3,3,4,3,1,1,3,2,1,3,4,3,2,3,5,5,3,1,1,3,1,1,2,3,1,2,4,4,1,5,1,1,3,3,2,2,4,3,2,2,2,4,3,2,4,2,2,3,3,2,4,4,4,4,1,2,4,1,1,2,2,3,2,2,3,2,2,3,3,2
"219",219,"male","white","yr2","Business","math02","Visual",219,3,3,3,3,3,3,3,3,3,3,3,3,3,3,3,3,3,3,3,3,3,3,3,3,3,3,3,3,3,3,3,3,3,3,3,3,3,3,3,3,3,3,3,3,3,3,3,3,3,3,3,3,3,3,3,3,3,3,3,3,3,3,3,3,3,3,3,3,3,3,4,3,2,3,3,3,3,3,3,3,2,2,2,2,2,2,2,2,2,2,2,2,2,1,2,2,2,2,2,2,2,2,1,1
"220",220,"female","white","yr1","STEM","math02","Kinesthetic",220,3,5,4,5,4,4,2,5,2,5,5,4,5,3,4,4,2,2,1,5,3,3,2,2,2,2,2,3,3,4,3,5,3,1,4,2,1,4,3,2,2,4,4,2,3,4,2,3,3,4,4,2,4,2,4,4,5,2,3,5,5,5,2,2,1,3,3,1,2,3,2,1,2,2,2,3,3,3,3,2,1,2,2,3,4,4,4,4,3,1,1,1,3,1,1,2,3,2,3,3,2,3,3,3
"221",221,"female","Asian","yr3","STEM","math03","Visual",221,1,2,1,1,1,1,1,1,1,2,1,1,1,1,1,1,1,1,1,1,1,5,5,5,5,5,5,5,5,5,5,5,5,5,5,5,5,5,5,5,5,5,5,5,5,5,5,5,5,5,5,5,5,5,5,5,5,5,5,5,5,5,5,5,5,5,5,5,5,4,5,5,5,4,4,5,5,3,3,3,3,3,3,3,3,3,3,2,3,3,2,3,3,2,2,2,1,2,1,1,2,1,2,1
"222",222,"male","white","yr1","Business","math03","Auditory",222,1,3,1,3,2,1,1,5,1,3,3,2,5,1,1,1,1,1,4,4,3,4,4,3,4,4,4,5,5,5,4,4,5,5,4,4,5,5,5,5,5,4,4,4,5,5,4,4,4,4,4,5,4,4,4,5,4,4,5,4,4,4,5,5,4,4,4,4,4,4,4,5,5,4,4,4,4,4,4,4,2,2,3,2,3,3,3,3,3,2,3,2,1,3,1,3,1,1,1,3,2,3,1,1
"223",223,"female","other","yr5+","Business","math03","Visual",223,1,3,1,3,3,2,1,2,2,3,3,3,2,1,1,2,1,2,3,4,4,2,2,1,1,1,2,3,4,3,3,3,4,3,4,2,4,3,4,1,1,4,4,4,4,4,1,3,4,4,4,3,4,4,5,4,3,4,3,3,2,4,2,2,2,2,2,1,4,4,4,4,4,4,4,5,4,4,5,3,1,2,2,1,3,4,2,2,1,1,1,1,3,2,1,2,2,2,3,3,2,3,2,3
"224",224,"female","white","yr2","STEM","other","Visual",224,1,2,1,2,2,1,1,3,1,2,2,2,3,1,1,1,1,1,5,2,4,1,1,1,1,1,1,1,1,2,2,3,3,1,4,3,2,3,5,1,1,1,2,4,5,3,1,2,4,4,5,4,2,2,2,1,1,2,1,1,1,1,1,1,4,2,2,1,1,3,4,4,4,4,4,4,3,4,4,3,3,4,3,3,3,4,2,3,1,1,1,1,3,1,2,2,1,2,3,3,2,2,2,2
"225",225,"female","white","yr2","Health","stats","Visual",225,1,4,1,4,1,2,1,5,3,4,4,1,5,1,1,2,1,3,2,3,1,4,3,3,1,1,1,4,2,2,2,4,2,1,3,3,3,4,4,4,1,4,3,4,2,3,1,2,4,4,4,4,3,3,3,3,3,4,2,1,2,1,3,3,3,2,2,1,2,3,2,2,2,4,2,5,4,4,4,3,1,1,1,1,3,4,1,2,2,1,1,1,3,2,2,1,3,1,2,1,2,1,3,3
"226",226,"female","white","yr1","STEM","stats","Kinesthetic",226,3,4,2,3,3,5,3,5,2,4,3,3,5,3,2,5,3,2,4,2,4,1,2,1,1,2,3,2,2,4,2,2,2,1,2,1,1,3,3,1,2,2,2,3,2,2,1,3,2,2,3,1,2,2,1,4,3,3,3,2,1,3,1,3,3,1,1,1,2,3,4,4,3,2,3,3,4,3,3,2,2,2,3,2,4,2,1,2,2,1,1,1,1,2,2,3,3,3,3,3,2,3,3,3
"227",227,"male","white","yr2","Business","math03","Visual",227,4,3,3,3,1,2,1,1,2,3,3,1,1,4,3,2,1,2,5,5,5,3,3,3,2,3,4,3,4,3,3,3,2,3,4,4,4,4,4,4,4,3,4,3,3,5,4,5,4,3,4,3,3,3,4,4,5,3,4,4,4,3,4,4,4,3,5,4,4,3,3,2,3,2,4,3,2,3,3,4,2,4,3,3,2,4,3,2,3,3,3,2,1,2,1,3,1,2,2,3,2,2,2,2
"228",228,"male","white","yr2","STEM","other","Kinesthetic",228,1,3,1,2,3,2,1,5,2,3,2,3,5,1,1,2,1,2,3,5,4,2,3,3,1,2,3,3,2,3,2,4,3,2,2,1,2,4,3,2,4,2,2,4,4,4,5,4,3,4,4,4,2,4,4,2,2,3,3,2,4,1,3,3,2,1,2,3,3,3,2,2,2,2,3,4,3,2,3,2,2,2,3,2,4,4,4,4,2,3,4,3,3,2,2,3,1,2,1,3,2,1,3,3
"229",229,"female","white","yr2","STEM","other","Visual",229,1,2,1,1,3,1,1,4,1,2,1,3,4,1,1,1,1,1,5,3,5,4,4,3,4,1,2,5,3,5,3,5,4,3,4,4,3,5,4,2,1,3,5,5,4,5,3,5,5,5,5,5,5,5,5,3,3,5,4,3,4,3,3,5,1,4,4,4,4,4,4,2,2,3,5,5,5,5,5,3,2,3,3,2,3,4,3,4,1,1,2,1,2,2,2,3,2,2,1,3,3,3,3,2
"230",230,"male","white","yr3","STEM","other","Kinesthetic",230,1,1,1,2,3,1,2,3,1,1,2,3,3,1,1,1,2,1,4,2,4,3,4,4,2,4,4,4,4,5,4,5,4,2,5,5,4,4,5,2,3,4,4,4,5,3,4,5,5,4,2,4,4,4,3,2,4,4,3,4,4,3,3,4,1,1,4,2,3,4,3,4,4,4,4,5,5,5,5,5,4,4,4,1,3,4,2,3,1,2,1,1,3,2,2,3,3,2,1,3,2,1,3,3
"231",231,"female","white","yr1","Health","stats","Kinesthetic",231,1,3,2,2,2,3,1,3,1,3,2,2,3,1,2,3,1,1,4,2,3,3,4,4,1,2,3,5,4,4,5,5,5,3,4,5,4,4,5,2,4,4,4,5,5,5,3,4,5,4,4,5,5,4,5,3,4,4,3,5,5,4,2,3,3,3,4,3,5,3,3,4,4,3,4,4,4,4,4,3,2,3,3,3,4,4,2,4,2,1,2,1,3,2,2,3,2,1,1,3,2,1,3,3
"232",232,"female","white","yr3","Health","stats","Kinesthetic",232,3,4,2,4,5,4,2,5,3,4,4,5,5,3,2,4,2,3,3,4,4,3,3,3,3,3,3,3,3,3,3,3,3,3,3,4,4,4,4,4,4,4,4,4,3,4,4,3,4,4,4,4,4,5,4,4,3,3,3,4,4,4,5,4,4,3,4,4,4,2,2,2,1,2,2,2,2,2,2,2,2,2,2,3,1,2,1,1,1,3,3,4,3,2,3,3,3,2,2,2,3,1,3,3
"233",233,"male","white","yr3","STEM","math03","Kinesthetic",233,1,1,1,1,1,1,1,1,1,1,1,1,1,1,1,1,1,1,1,1,4,3,4,3,3,3,5,5,5,5,4,5,5,3,5,4,5,4,3,4,4,5,4,5,4,5,3,4,4,5,5,4,3,4,5,5,3,4,2,3,5,3,3,4,4,5,4,3,4,5,5,5,5,4,5,5,5,5,5,5,3,3,3,3,2,2,1,2,1,1,1,1,3,1,2,3,3,2,3,3,3,3,3,2
"234",234,"female","other","yr5+","STEM","math02","Kinesthetic",234,1,5,3,5,4,4,2,5,3,5,5,4,5,1,3,4,2,3,1,5,3,1,1,1,1,1,1,2,1,2,1,2,2,1,1,3,2,2,3,1,1,2,2,2,1,3,1,1,4,3,4,2,2,4,2,1,2,2,1,1,2,1,2,5,3,2,1,3,1,2,2,1,3,3,2,5,2,3,2,2,1,2,1,2,2,4,2,3,2,1,1,1,3,1,1,3,2,2,1,2,3,3,3,2
"235",235,"female","white","yr1","Other","math01","Kinesthetic",235,1,3,1,3,4,2,1,4,1,3,3,4,4,1,1,2,1,1,4,2,4,3,4,5,3,4,3,5,3,4,4,5,5,4,5,5,5,4,4,4,5,5,5,5,3,3,3,4,5,5,5,5,5,5,5,4,5,5,4,4,5,4,4,4,3,4,4,2,4,3,2,2,3,2,2,4,3,3,3,3,1,2,2,1,2,3,2,3,2,1,1,1,3,1,1,2,3,2,2,3,2,1,3,3
"236",236,"female","Black","yr3","Health","other","Visual",236,2,3,5,3,2,3,2,5,3,3,3,2,5,2,5,3,2,3,1,3,2,2,3,1,2,3,3,2,3,2,1,2,4,3,3,3,2,3,3,4,3,3,4,4,2,3,3,2,4,4,3,2,2,4,2,4,4,2,3,4,2,4,3,5,3,2,2,3,1,2,3,2,3,3,4,3,3,4,5,4,2,2,1,2,2,3,3,3,3,2,3,3,2,2,3,1,1,2,3,3,2,3,3,2
"237",237,"female","other","yr1","Other","math01","Visual",237,1,5,2,4,1,3,3,3,3,5,4,1,3,1,2,3,3,3,2,4,4,2,3,4,2,4,2,4,3,3,4,4,4,4,5,3,4,4,4,4,4,4,4,4,4,4,4,4,4,4,4,4,4,4,4,4,4,4,4,4,4,4,4,4,4,4,4,4,4,2,2,2,2,4,2,2,2,2,2,2,2,3,3,3,3,3,3,3,3,3,3,3,3,2,2,1,1,1,2,2,3,1,1,2
"238",238,"male","white","yr1","STEM","math03","Visual",238,2,4,1,4,3,1,1,3,3,4,4,3,3,2,1,1,1,3,3,2,3,3,3,4,2,2,4,4,4,3,3,4,4,2,3,3,3,3,4,3,4,3,2,4,4,3,3,2,4,4,3,3,4,2,3,4,3,3,4,4,3,2,2,2,3,3,4,3,3,3,3,2,2,3,3,3,3,2,3,3,2,2,2,3,3,3,2,3,3,1,1,1,3,3,3,1,2,2,2,1,2,1,2,2
"239",239,"female","white","yr2","STEM","math03","Kinesthetic",239,2,5,4,5,3,2,1,5,2,5,5,3,5,2,4,2,1,2,1,5,4,3,2,2,3,1,1,2,1,4,2,3,1,1,2,2,1,1,3,1,1,2,2,3,2,3,1,1,4,4,4,2,2,3,2,1,2,3,1,2,1,2,2,2,4,1,1,1,2,1,2,1,3,2,1,5,2,3,3,2,1,2,2,2,3,4,2,3,1,2,1,1,3,1,1,3,2,2,3,2,2,1,3,3
"240",240,"female","white","yr1","STEM","stats","Kinesthetic",240,1,4,3,5,4,3,5,5,3,4,5,4,5,1,3,3,5,3,2,5,2,5,3,3,2,4,5,4,5,3,2,3,2,3,4,3,3,2,3,4,2,3,2,3,4,4,2,2,3,2,3,1,2,4,3,3,3,4,3,1,2,3,1,3,4,4,2,1,2,4,1,2,2,1,1,3,1,1,2,1,2,1,1,3,2,4,2,3,1,1,1,1,3,2,3,2,3,2,3,3,1,3,2,3
"241",241,"female","other","yr1","Other","math01","Visual",241,3,4,1,3,5,4,1,5,3,4,3,5,5,3,1,4,1,3,4,3,4,2,2,2,2,2,2,4,3,4,2,3,1,1,3,3,3,2,2,1,1,4,2,2,1,2,1,1,5,4,4,2,2,3,3,2,4,4,3,2,4,4,1,3,2,2,2,1,1,1,2,1,1,1,1,3,3,2,2,2,2,2,2,3,4,3,4,3,1,2,1,1,2,2,2,2,3,2,1,3,2,1,2,1
"242",242,"male","white","yr4","Other","math02","Visual",242,3,4,1,3,4,1,2,5,2,4,3,4,5,3,1,1,2,2,4,2,3,4,4,4,4,3,5,4,4,4,3,4,4,2,4,3,4,3,3,5,3,4,3,4,5,5,3,5,5,5,3,4,4,5,5,3,5,5,3,5,4,5,3,4,1,4,4,4,5,3,4,5,5,5,4,4,4,4,4,4,3,4,2,4,4,3,2,3,4,4,1,1,3,2,2,3,3,2,2,2,2,3,3,2
"243",243,"male","white","yr1","Business","math03","Visual",243,4,4,4,4,4,5,1,5,3,4,4,4,5,4,4,5,1,3,1,5,1,1,1,1,1,2,1,3,1,3,1,3,3,1,3,2,2,2,2,2,3,2,3,2,2,3,1,3,3,3,2,3,4,4,2,2,3,3,3,3,2,3,3,2,2,2,3,3,3,4,2,2,2,4,2,3,3,2,2,2,2,2,3,2,3,3,2,2,2,2,3,2,3,1,2,2,3,2,2,2,2,3,1,3
"244",244,"female","white","yr1","Other","math01","Auditory",244,1,2,1,3,2,2,1,4,1,2,3,2,4,1,1,2,1,1,4,3,4,5,5,5,5,5,5,5,5,5,5,5,5,5,5,5,5,5,5,5,5,5,5,5,5,5,5,5,5,5,5,5,5,5,5,5,5,5,5,5,5,5,5,5,5,5,5,5,5,3,3,2,2,2,3,3,2,3,3,2,4,4,4,4,4,2,2,1,4,1,1,1,2,1,2,2,3,3,1,1,2,1,3,1
"245",245,"female","white","yr3","Other","math01","Auditory",245,1,3,1,3,4,2,1,4,1,3,3,4,4,1,1,2,1,1,2,5,4,5,4,4,5,3,4,4,2,3,3,3,4,3,3,2,3,3,2,4,3,4,3,3,2,3,4,2,4,2,2,3,3,3,2,3,5,2,3,2,4,4,2,4,3,2,3,4,3,5,5,5,5,5,5,5,5,5,5,5,2,3,2,3,3,4,2,3,2,2,1,1,3,1,1,2,1,1,2,1,2,3,2,3
"246",246,"male","white","yr4","Other","math02","Visual",246,1,4,1,5,5,2,5,5,3,4,5,5,5,1,1,2,5,3,1,5,1,5,5,5,2,3,2,5,5,5,3,5,5,3,5,5,5,5,3,3,3,5,5,5,5,5,3,5,5,5,5,5,5,5,5,5,3,5,5,5,5,5,5,3,1,3,5,1,3,4,3,5,5,5,5,5,5,5,5,5,4,4,4,4,4,4,2,4,4,2,2,2,2,2,1,3,3,2,1,2,3,2,2,3
"247",247,"male","white","yr5+","STEM","math03","Kinesthetic",247,3,5,4,5,2,4,3,5,3,5,5,2,5,3,4,4,3,3,1,2,2,2,2,2,2,2,2,2,2,2,2,2,2,2,2,3,2,2,2,2,2,2,3,2,2,2,2,2,3,3,2,2,2,2,2,2,1,2,1,1,2,2,1,2,1,2,3,2,2,3,3,3,3,3,3,5,5,5,5,4,2,2,2,2,2,4,2,3,2,2,1,1,3,1,1,1,3,2,3,3,2,3,3,3
"248",248,"male","white","yr5+","STEM","math03","Visual",248,1,1,1,3,4,1,2,4,1,1,3,4,4,1,1,1,2,1,3,3,4,3,3,2,1,5,1,5,5,5,5,5,5,1,5,4,5,5,5,4,5,5,5,5,5,5,5,5,5,5,5,5,5,5,5,4,5,5,4,5,5,5,4,4,3,5,5,4,4,4,4,4,4,3,2,4,4,3,3,3,3,2,3,2,4,4,4,4,2,2,1,1,2,2,1,1,2,2,3,2,2,3,1,2
"249",249,"female","white","yr3","Other","other","Visual",249,3,4,2,5,5,2,2,4,3,4,5,5,4,3,2,2,2,3,2,2,3,4,3,2,4,3,3,4,4,3,4,4,3,3,3,3,4,3,1,3,3,3,2,4,3,3,2,4,2,2,3,3,1,3,3,2,2,4,3,3,4,3,3,3,2,2,3,1,3,3,4,3,4,4,3,5,4,4,4,2,2,2,3,4,4,2,3,4,3,3,1,1,3,3,2,1,3,2,1,2,2,2,3,1
"250",250,"male","white","yr3","Other","math02","Visual",250,3,2,2,2,3,2,2,5,2,2,2,3,5,3,2,2,2,2,3,2,2,3,4,2,3,3,3,2,3,2,3,2,3,3,2,3,2,3,3,2,3,2,2,3,2,3,2,2,3,4,3,4,2,4,2,3,3,4,2,3,2,2,3,3,4,2,3,4,2,3,3,4,4,2,2,4,3,3,3,2,2,2,2,2,2,3,3,2,1,1,1,1,3,2,2,2,1,2,2,3,1,1,3,2
"251",251,"female","white","yr3","Health","math02","Visual",251,2,4,2,5,4,3,3,5,4,4,5,4,5,2,2,3,3,4,3,4,3,4,4,4,1,3,3,3,3,3,3,3,3,3,4,4,2,3,4,3,2,4,3,4,3,3,4,3,3,3,4,4,3,4,3,3,3,4,3,4,3,4,3,4,4,3,3,2,3,2,4,4,3,3,3,3,3,3,3,3,3,3,3,3,3,4,3,4,2,2,2,2,3,2,1,2,2,2,2,1,3,1,2,3
"252",252,"female","white","yr5+","STEM","math03","Kinesthetic",252,3,3,1,3,3,2,2,4,2,3,3,3,4,3,1,2,2,2,4,3,4,3,4,4,2,4,4,4,4,2,4,4,4,2,3,5,4,4,4,2,3,4,3,3,3,4,4,3,5,4,3,4,4,4,5,4,2,4,3,2,4,2,3,4,2,3,4,3,4,4,4,4,4,4,4,4,4,4,4,4,2,2,3,2,4,4,2,4,1,1,1,1,3,2,2,1,2,1,1,1,2,3,3,3
"253",253,"female","white","yr1","STEM","math02","Kinesthetic",253,1,3,1,3,1,1,1,4,1,3,3,1,4,1,1,1,1,1,5,3,4,3,3,3,3,3,3,3,3,3,3,3,3,3,3,4,3,3,3,2,3,3,3,3,3,4,3,3,5,3,3,3,3,3,4,2,2,2,4,2,4,2,2,3,3,3,4,1,2,3,4,4,4,4,3,4,4,4,4,3,2,4,3,3,4,4,3,4,3,3,1,1,3,1,2,3,3,2,3,1,1,3,2,1
"254",254,"female","white","yr1","Other","math02","Kinesthetic",254,3,5,5,5,5,5,5,5,5,5,5,5,5,3,5,5,5,5,1,5,1,1,3,3,1,2,1,1,1,1,3,2,2,2,1,1,3,3,3,3,1,3,3,3,1,2,2,2,3,2,1,1,3,3,3,3,3,3,1,2,2,2,3,3,3,3,3,3,1,1,1,1,1,2,3,3,3,1,1,1,3,3,3,3,3,4,3,4,2,2,2,2,3,2,1,2,3,2,3,3,2,3,3,3
"255",255,"male","white","yr1","Business","math03","Kinesthetic",255,2,4,2,4,2,4,2,3,3,4,4,2,3,2,2,4,2,3,3,2,3,3,3,3,2,2,2,3,3,2,2,2,2,2,3,4,3,2,2,3,3,2,2,2,2,2,3,3,3,2,3,2,3,3,3,3,3,2,2,3,3,3,2,2,2,3,2,3,3,3,3,3,3,3,3,3,3,3,3,3,2,2,2,3,3,3,2,3,3,3,3,2,3,1,3,3,3,3,3,3,2,3,3,3
"256",256,"female","white","yr1","Health","stats","Auditory",256,1,2,1,3,3,2,1,4,1,2,3,3,4,1,1,2,1,1,4,3,4,2,5,4,1,3,3,3,4,3,3,4,3,1,3,2,3,3,3,3,3,3,2,3,3,4,2,3,5,4,3,3,3,3,3,2,2,2,3,3,3,3,4,4,2,3,3,2,3,3,4,4,4,2,2,4,4,4,4,2,2,2,2,3,3,4,3,4,2,1,1,1,3,2,1,3,1,1,1,2,2,1,3,1
"257",257,"female","Asian","yr1","Other","stats","Visual",257,3,3,3,3,3,3,2,4,3,3,3,3,4,3,3,3,2,3,3,3,3,5,5,4,3,4,3,4,4,4,4,4,4,3,4,4,4,4,4,4,4,4,4,4,4,3,3,4,3,3,4,4,3,3,3,3,4,3,4,3,3,4,3,3,4,3,3,4,4,3,3,3,3,3,3,4,4,3,3,3,2,2,2,2,2,2,2,2,2,2,2,2,3,1,2,1,1,1,3,2,2,3,2,3
"258",258,"female","Asian","yr3","STEM","math03","Auditory",258,2,2,2,2,2,2,1,1,1,2,2,2,1,2,2,2,1,1,4,4,4,3,3,3,3,3,3,2,2,2,2,2,2,2,2,2,2,2,2,2,2,2,2,2,2,2,2,2,2,2,2,2,2,2,2,2,2,2,2,2,2,2,2,2,2,2,2,2,2,2,2,5,5,2,4,3,4,3,3,4,4,4,4,4,4,4,4,4,4,4,4,4,2,2,2,2,1,1,1,2,3,1,1,1
"259",259,"female","other","yr1","STEM","math02","Kinesthetic",259,1,3,1,4,5,2,1,5,2,3,4,5,5,1,1,2,1,2,3,2,4,2,2,2,3,3,3,3,2,4,4,4,3,2,4,2,3,4,3,3,3,4,4,4,5,4,3,3,5,5,4,4,2,5,4,3,2,5,3,3,3,2,2,4,1,1,2,1,1,3,4,2,3,3,2,5,3,5,5,2,1,2,2,2,3,3,2,2,1,1,1,1,3,1,1,3,3,2,3,1,3,3,2,3
"260",260,"male","white","yr1","STEM","stats","Kinesthetic",260,1,2,1,2,1,1,1,3,2,2,2,1,3,1,1,1,1,2,4,5,4,3,5,4,1,4,3,5,5,5,4,4,4,4,5,5,4,5,4,4,5,5,4,4,4,5,4,5,4,3,5,4,4,4,3,4,4,5,4,4,5,2,1,4,1,3,4,3,3,1,5,5,5,4,4,4,4,5,4,5,2,4,3,3,3,4,4,3,1,1,1,1,3,2,1,3,2,2,2,3,3,3,2,3
"261",261,"male","Black","yr2","Health","stats","Auditory",261,4,5,5,5,5,5,5,5,5,5,5,5,5,4,5,5,5,5,1,1,1,1,1,1,1,1,1,1,1,1,1,1,1,1,1,1,1,1,1,1,1,5,5,5,5,5,5,5,1,1,1,1,1,1,1,1,1,1,1,1,1,1,1,1,1,1,1,1,1,1,1,1,1,5,1,1,1,1,1,1,2,2,3,1,3,3,2,3,1,1,1,1,1,1,1,1,1,1,1,1,2,2,1,1
"262",262,"male","Black","yr3","STEM","other","Auditory",262,1,5,3,1,4,2,1,4,1,5,1,4,4,1,3,2,1,1,3,4,3,4,4,4,4,3,2,5,4,4,4,4,4,4,4,4,4,4,4,2,4,4,4,4,3,3,3,4,4,4,4,4,4,4,4,4,3,5,4,3,5,3,1,1,2,3,5,1,5,4,4,4,4,4,4,4,5,4,4,4,3,3,3,3,3,2,2,2,4,4,4,4,3,2,1,3,1,2,1,1,2,1,2,2
"263",263,"female","Black","yr1","STEM","stats","Kinesthetic",263,1,5,1,5,4,1,1,5,3,5,5,4,5,1,1,1,1,3,4,2,4,4,2,4,4,3,2,4,3,2,2,3,4,1,3,4,4,5,4,5,3,3,3,3,3,4,4,4,5,5,5,5,5,5,5,5,5,5,5,5,5,5,3,3,1,3,5,1,3,1,1,3,5,1,2,5,5,5,5,1,4,4,4,2,2,4,1,4,4,4,4,1,1,2,1,1,3,2,3,3,2,1,3,3
"264",264,"male","other","yr2","Business","stats","Kinesthetic",264,2,3,1,3,4,1,1,3,1,3,3,4,3,2,1,1,1,1,3,3,4,1,3,1,3,3,3,4,3,4,3,4,4,1,3,1,3,3,3,3,3,3,3,3,3,3,3,3,3,3,3,3,3,3,3,3,3,3,3,3,3,3,3,3,3,3,3,3,3,4,4,4,4,2,4,4,4,4,4,4,2,2,2,3,3,3,2,2,2,2,2,2,3,1,1,3,2,2,1,3,2,3,3,3
"265",265,"female","white","yr1","Other","math01","Auditory",265,1,3,1,3,1,1,1,3,1,3,3,1,3,1,1,1,1,1,5,5,5,5,5,5,5,5,5,5,5,5,5,5,5,5,5,5,4,5,4,5,5,5,5,5,5,5,5,5,5,5,5,5,5,5,5,5,5,5,5,5,5,5,5,5,2,3,5,4,5,3,2,2,2,2,3,5,4,5,5,4,4,4,4,4,4,4,3,4,4,3,3,2,1,2,1,1,1,2,3,1,3,1,1,3
"266",266,"female","other","yr2","Business","stats","Auditory",266,3,3,3,3,3,2,2,2,3,3,3,3,2,3,3,2,2,3,2,2,1,3,4,4,4,4,4,3,3,3,3,3,4,3,3,4,4,4,4,4,4,3,4,4,4,4,4,4,4,4,4,3,3,3,3,3,3,3,3,3,3,3,3,3,4,4,3,3,3,2,2,2,2,3,3,2,3,2,3,2,4,4,4,4,4,4,4,4,4,4,4,4,1,1,2,2,1,1,1,2,2,1,3,3
"267",267,"male","white","yr5+","STEM","other","Visual",267,1,1,1,1,1,1,1,1,1,1,1,1,1,1,1,1,1,1,5,5,5,3,3,2,4,4,4,4,4,2,4,4,4,4,4,4,4,4,4,4,4,4,4,4,4,4,4,4,5,5,5,5,5,5,5,3,3,3,3,3,4,4,4,4,4,4,4,4,4,5,5,5,5,1,5,5,1,2,3,4,3,2,2,2,3,2,2,1,3,2,2,1,1,2,2,1,1,3,1,2,3,2,1,2
"268",268,"male","white","yr2","STEM","math03","Kinesthetic",268,1,1,1,1,1,1,1,1,1,1,1,1,1,1,1,1,1,1,3,2,4,4,5,4,4,5,4,4,4,5,4,4,5,4,5,4,5,5,5,4,5,5,4,5,5,5,5,4,5,4,4,4,5,5,5,4,4,4,4,5,5,5,4,4,5,4,5,5,5,4,4,4,4,4,4,4,4,4,4,4,2,2,2,2,2,2,2,2,1,1,1,1,1,1,2,3,1,2,1,2,2,3,3,3
"269",269,"female","Asian","yr1","STEM","stats","Kinesthetic",269,1,2,1,2,3,1,1,3,1,2,2,3,3,1,1,1,1,1,4,5,4,3,4,3,3,2,3,4,3,3,3,4,4,3,4,3,4,3,3,2,3,3,2,2,5,4,2,3,5,4,4,3,3,4,3,3,4,4,3,3,3,2,2,3,3,4,4,3,4,3,3,2,2,3,2,4,3,3,3,3,2,2,3,2,3,2,2,3,2,2,1,1,3,2,3,1,2,2,1,2,2,3,3,3
"270",270,"female","white","yr2","Other","stats","Auditory",270,3,4,3,4,4,3,4,5,3,4,4,4,5,3,3,3,4,3,1,4,1,2,2,2,1,1,1,1,1,1,1,1,1,2,1,1,2,2,1,2,2,2,2,1,3,3,3,3,2,2,2,1,2,2,1,2,1,2,2,2,2,2,4,3,3,2,2,1,2,4,4,4,4,2,4,4,4,4,4,4,1,2,3,4,3,2,2,2,1,2,1,1,3,1,3,3,1,2,2,1,2,1,1,2
"271",271,"male","white","yr1","STEM","stats","Auditory",271,1,1,1,1,1,1,1,1,1,1,1,1,1,1,1,1,1,1,4,4,4,4,4,4,4,4,4,4,4,4,4,4,4,4,4,4,4,4,4,4,4,4,4,4,4,4,4,4,4,4,4,4,4,4,4,4,4,4,4,4,4,4,4,4,4,4,4,4,4,4,4,4,4,4,4,4,4,4,4,4,2,2,2,2,2,2,2,2,1,1,2,1,1,2,1,1,1,1,1,2,2,2,1,3
"272",272,"female","other","yr2","Business","math01","Visual",272,2,3,2,4,3,4,2,5,4,3,4,3,5,2,2,4,2,4,2,3,3,3,3,2,3,3,3,3,3,4,3,4,3,3,3,4,3,3,4,3,3,2,2,2,3,2,3,3,3,2,2,2,3,2,3,3,3,3,2,3,2,3,1,2,2,3,2,3,3,2,2,4,4,2,2,3,4,4,3,2,2,2,3,3,3,2,2,3,2,2,2,3,2,1,1,1,2,2,2,1,2,3,2,1
"273",273,"female","white","yr2","Business","math01","Visual",273,1,3,2,3,4,2,1,4,2,3,3,4,4,1,2,2,1,2,2,4,4,1,1,3,1,2,1,5,4,4,3,5,4,2,4,2,3,5,3,2,2,4,3,4,4,5,1,4,5,5,4,4,3,5,4,3,4,4,4,3,4,4,5,4,2,3,4,2,5,2,2,2,4,1,3,4,4,2,3,2,2,3,3,2,4,4,3,3,2,1,1,1,2,2,1,3,2,1,3,2,2,2,2,2
"274",274,"female","white","yr2","Other","math02","Visual",274,1,1,1,2,1,1,1,1,1,1,2,1,1,1,1,1,1,1,4,3,4,3,2,3,3,3,4,2,3,3,3,3,3,3,3,3,3,3,3,3,3,4,3,3,4,4,2,4,3,3,4,4,3,3,3,4,4,4,4,4,4,3,2,2,1,3,3,3,4,3,4,4,2,3,4,4,4,4,4,4,3,3,3,3,3,3,2,3,2,1,1,1,2,2,2,2,2,2,3,2,3,3,2,3
"275",275,"female","white","yr2","Business","math02","Kinesthetic",275,1,4,1,4,2,4,4,5,1,4,4,2,5,1,1,4,4,1,1,5,3,1,4,4,1,4,1,4,3,4,2,4,4,4,4,2,4,4,2,1,1,4,2,4,4,4,2,1,1,4,4,1,2,4,4,1,4,1,1,4,1,4,1,3,4,4,1,3,2,2,2,2,2,4,2,3,3,3,3,2,2,4,2,2,3,3,2,3,4,3,2,1,3,2,3,1,1,2,2,1,3,1,3,3
"276",276,"male","white","yr1","Business","math03","Visual",276,1,4,3,5,2,1,1,5,1,4,5,2,5,1,3,1,1,1,4,4,4,1,1,2,1,1,1,3,3,3,3,3,4,4,4,4,3,4,3,1,2,3,3,3,5,5,4,3,2,5,5,5,5,4,5,3,3,3,3,1,3,5,1,3,1,1,3,1,3,3,3,3,2,1,3,3,3,3,3,3,1,3,3,1,2,4,2,2,1,1,1,1,3,2,2,3,3,2,1,2,2,3,2,1
"277",277,"male","white","yr1","STEM","math03","Kinesthetic",277,1,5,2,4,3,2,1,5,1,5,4,3,5,1,2,2,1,1,4,2,4,1,2,2,1,1,1,3,1,2,1,3,1,1,1,1,1,4,2,1,1,3,2,1,4,2,4,1,4,2,4,2,2,3,2,1,3,2,1,2,2,3,3,2,5,2,1,1,1,3,4,4,4,4,4,4,4,4,4,3,2,2,2,3,3,2,1,3,3,1,2,1,1,1,2,3,1,2,3,3,2,3,3,2
"278",278,"female","white","yr1","STEM","math02","Auditory",278,1,3,1,3,4,4,1,3,3,3,3,4,3,1,1,4,1,3,2,4,4,2,4,4,1,5,4,5,5,3,4,5,5,3,4,4,5,5,4,3,3,4,5,5,5,4,4,4,4,5,4,4,5,4,5,4,2,5,4,4,5,2,5,3,2,3,3,3,5,3,4,4,3,2,4,5,4,4,4,3,3,3,3,3,2,4,2,2,2,1,3,1,3,1,3,1,1,2,3,3,2,1,2,2
"279",279,"female","white","yr2","STEM","math02","Kinesthetic",279,1,4,5,5,4,5,5,5,3,4,5,4,5,1,5,5,5,3,1,5,4,1,1,2,1,2,1,4,2,2,2,2,1,1,2,3,2,4,2,1,1,4,2,3,4,4,4,2,5,2,4,2,4,2,2,2,1,4,1,1,2,1,1,3,1,1,1,1,2,3,4,4,4,3,3,5,4,4,4,2,3,3,3,1,3,3,2,3,3,2,1,4,3,1,1,3,3,2,3,1,2,1,3,3
"280",280,"female","other","yr2","STEM","math04","Kinesthetic",280,1,5,1,5,4,1,1,5,1,5,5,4,5,1,1,1,1,1,3,5,4,1,1,5,1,2,4,2,5,5,4,5,5,3,4,2,5,4,5,2,4,5,4,5,4,5,1,5,5,5,5,5,5,3,5,2,4,5,3,4,2,3,5,4,1,3,4,4,5,3,4,2,5,5,2,5,4,5,5,2,4,2,2,4,4,4,3,4,2,2,1,2,3,1,2,3,1,2,3,1,2,3,3,2
"281",281,"female","white","yr1","Other","math01","Kinesthetic",281,1,3,1,3,4,4,1,3,1,3,3,4,3,1,1,4,1,1,1,5,2,5,4,4,5,5,4,5,5,4,4,5,5,4,5,5,4,4,3,2,5,3,3,4,5,4,2,4,5,5,4,4,2,5,4,5,5,5,5,5,5,5,5,3,2,3,3,2,5,4,4,4,4,4,4,5,5,5,4,4,2,2,3,2,2,4,2,2,2,2,1,1,3,2,2,2,1,2,3,3,1,3,3,3
"282",282,"male","white","yr2","STEM","math02","Auditory",282,1,3,1,2,3,1,1,2,1,3,2,3,2,1,1,1,1,1,4,2,4,5,4,5,1,1,4,5,3,4,3,5,5,2,5,4,3,3,4,1,4,4,3,4,4,4,4,4,5,4,5,4,3,5,4,5,4,3,3,4,4,5,2,4,4,4,5,2,4,5,3,4,4,3,4,5,5,5,5,3,2,3,4,2,3,3,2,2,3,2,1,1,1,1,1,2,1,2,3,2,1,3,3,3
"283",283,"female","white","yr3","STEM","other","Visual",283,2,4,1,3,4,3,2,5,3,4,3,4,5,2,1,3,2,3,4,4,5,5,5,5,3,4,5,5,4,5,4,5,5,4,4,5,3,4,4,4,3,4,4,5,5,4,5,5,3,4,4,3,5,4,5,3,2,4,3,3,3,3,2,3,1,5,4,5,5,3,4,3,3,3,3,3,2,3,3,3,4,4,4,2,3,4,2,3,2,1,2,1,3,2,1,2,3,2,1,1,2,1,3,2
"284",284,"female","white","yr2","Other","math01","Auditory",284,1,3,1,3,3,1,1,3,1,3,3,3,3,1,1,1,1,1,4,4,4,4,4,4,4,4,4,4,4,4,4,4,4,4,3,3,4,4,3,3,4,4,4,4,3,4,3,4,4,4,4,4,4,4,4,3,5,4,4,3,4,4,3,3,3,3,3,3,4,3,2,2,3,2,3,4,4,4,4,2,2,3,3,3,3,3,3,3,2,2,1,1,1,2,2,2,1,2,1,1,2,1,3,3
"285",285,"female","white","yr3","STEM","math02","Visual",285,1,4,1,5,2,2,1,5,2,4,5,2,5,1,1,2,1,2,4,2,2,4,4,4,2,5,2,3,4,5,2,4,5,2,4,3,5,2,5,2,3,3,4,4,5,4,5,5,5,4,3,3,4,2,5,3,5,4,3,5,4,4,3,4,4,1,2,1,2,3,4,4,4,4,5,5,4,5,5,5,3,4,4,3,4,4,2,2,2,2,1,1,3,2,3,3,3,2,2,1,2,1,2,1
"286",286,"female","white","yr1","Other","math01","Kinesthetic",286,1,3,1,2,3,5,2,2,2,3,2,3,2,1,1,5,2,2,4,2,3,4,4,4,5,4,3,3,4,4,4,4,4,4,4,5,3,4,2,2,2,4,4,2,2,2,2,4,4,4,2,3,4,4,4,5,5,5,3,5,5,5,4,3,2,5,4,5,5,2,2,2,2,2,3,3,3,3,3,3,2,3,4,4,3,2,2,3,2,1,1,1,2,3,1,3,2,2,3,3,2,3,3,3
"287",287,"female","white","yr3","Other","other","Kinesthetic",287,2,3,1,3,4,4,2,5,2,3,3,4,5,2,1,4,2,2,1,5,4,4,3,3,5,3,5,2,2,2,2,4,4,5,4,5,3,4,4,4,4,3,3,4,3,3,4,4,4,5,4,5,3,3,4,5,2,2,2,2,3,2,1,4,3,3,4,1,2,5,1,1,1,1,2,3,3,3,3,2,3,3,4,4,4,2,4,2,3,1,1,1,2,1,3,3,3,2,1,1,2,1,3,3
"288",288,"female","Asian","yr3","Business","math03","Visual",288,1,3,2,2,4,1,1,3,1,3,2,4,3,1,2,1,1,1,2,3,4,2,3,3,2,2,1,3,3,4,4,5,5,5,4,3,4,5,4,2,3,2,3,4,3,2,2,2,3,4,4,4,2,2,3,4,3,4,3,3,3,3,4,3,3,2,2,2,3,3,2,2,2,3,4,4,4,4,4,4,2,1,2,1,2,2,1,2,1,1,2,1,2,2,2,2,1,2,1,2,2,2,3,3
"289",289,"female","white","yr1","STEM","math03","Visual",289,1,2,4,1,2,2,3,3,3,2,1,2,3,1,4,2,3,3,2,2,4,2,3,3,2,3,5,3,3,2,1,4,2,3,2,3,4,2,4,4,3,2,3,3,4,3,3,2,2,2,3,2,3,3,2,3,3,2,3,2,2,2,3,3,3,2,2,2,2,4,4,4,4,4,4,5,5,5,4,3,2,2,1,1,3,1,2,1,2,1,1,1,3,2,2,2,3,2,2,1,2,3,3,2
"290",290,"female","white","yr1","Health","stats","Kinesthetic",290,2,3,1,3,2,2,2,4,1,3,3,2,4,2,1,2,2,1,4,2,4,1,2,2,1,2,1,3,3,4,2,3,2,3,2,1,2,2,2,2,2,3,3,2,3,2,2,2,4,3,3,3,2,3,2,2,2,3,2,2,2,2,1,3,3,2,2,1,1,3,3,3,3,3,3,3,3,3,3,3,2,2,2,2,3,4,2,3,2,1,1,1,3,2,1,3,3,2,3,3,2,1,3,1
"291",291,"male","other","yr1","STEM","math02","Visual",291,2,2,2,2,2,2,2,2,2,2,2,2,2,2,2,2,2,2,3,3,3,3,3,3,3,3,3,3,3,3,3,3,3,3,3,3,3,3,3,3,3,3,3,3,3,3,3,3,3,3,3,3,3,3,3,3,3,3,3,3,3,3,3,3,3,3,3,3,3,3,3,3,3,3,3,3,3,3,3,3,2,2,2,2,2,2,2,2,2,2,2,2,1,1,2,2,2,3,3,1,2,2,1,2
"292",292,"male","white","yr1","STEM","math03","Kinesthetic",292,1,1,1,1,2,1,2,2,1,1,1,2,2,1,1,1,2,1,4,1,5,3,3,2,3,1,3,3,2,4,4,4,3,1,4,4,4,3,5,1,1,4,3,3,3,4,1,4,3,4,3,3,3,3,4,3,4,4,4,4,3,2,3,3,2,2,3,3,2,3,3,3,3,3,3,3,3,3,3,3,3,3,3,2,3,3,2,2,1,2,1,1,3,1,1,3,1,2,1,2,3,2,2,3
"293",293,"female","other","yr5+","Health","math02","Kinesthetic",293,3,3,2,2,1,3,3,3,1,3,2,1,3,3,2,3,3,1,4,5,4,5,5,5,5,5,5,4,5,4,3,4,4,2,5,4,4,4,3,4,5,4,4,5,5,4,5,5,4,4,5,5,5,5,5,4,4,5,4,5,5,5,5,5,4,4,5,4,4,3,3,3,4,5,1,5,5,5,5,5,2,2,3,4,3,3,4,4,4,1,1,1,3,2,1,3,1,2,1,3,2,3,3,2
"294",294,"female","white","yr4","Other","other","Auditory",294,1,4,1,5,4,3,2,5,3,4,5,4,5,1,1,3,2,3,4,2,5,5,4,5,5,5,5,5,3,5,5,5,5,5,5,5,4,5,5,3,4,5,5,5,4,5,4,4,3,1,3,5,3,5,4,5,2,5,4,3,3,1,2,1,1,3,1,4,5,4,1,2,3,1,2,4,2,4,2,1,4,4,4,4,4,2,2,2,4,4,1,1,2,1,1,2,2,1,1,3,2,1,3,3
"295",295,"female","white","yr2","Other","math01","Auditory",295,3,4,1,3,3,2,2,4,1,4,3,3,4,3,1,2,2,1,4,3,3,4,3,3,4,3,4,3,3,3,3,3,3,3,4,4,4,4,4,4,3,3,3,4,2,3,4,3,5,4,4,4,4,4,4,4,3,4,4,4,5,3,3,3,3,4,3,3,4,3,3,3,4,3,4,4,4,4,4,4,2,2,4,3,3,4,2,2,2,1,2,2,1,2,1,1,1,2,3,3,2,3,3,1
"296",296,"female","white","yr2","Health","stats","Visual",296,2,3,1,2,2,1,1,4,1,3,2,2,4,2,1,1,1,1,4,1,4,3,5,4,4,4,3,4,4,5,4,5,4,4,5,4,4,4,5,3,4,4,4,4,5,4,4,4,5,5,4,4,5,4,4,5,3,4,4,4,5,4,4,4,4,4,4,3,4,3,3,4,4,3,4,3,3,3,3,3,1,2,2,3,3,3,3,3,1,1,1,1,3,2,2,3,1,2,2,3,2,2,3,3
"297",297,"female","Asian","yr1","Business","math03","Kinesthetic",297,1,5,3,4,5,5,3,5,3,5,4,5,5,1,3,5,3,3,4,4,5,4,3,3,3,3,3,4,3,3,3,4,4,3,5,2,5,5,5,4,3,3,3,4,5,4,2,4,3,3,3,3,3,3,3,3,3,3,3,3,3,3,3,3,3,3,3,2,3,4,3,4,4,3,3,3,3,3,3,3,2,2,2,2,2,2,2,2,2,2,2,2,3,2,2,3,1,1,2,1,3,3,3,2
"298",298,"female","white","yr2","STEM","math02","Kinesthetic",298,1,5,5,5,5,5,2,5,3,5,5,5,5,1,5,5,2,3,1,4,4,2,5,3,1,1,1,1,2,2,1,3,2,2,1,3,4,1,3,1,1,4,3,4,2,4,3,1,4,4,4,2,1,2,3,4,2,5,5,2,4,4,2,4,2,4,4,1,5,1,5,5,2,2,4,4,4,4,4,2,2,2,2,3,4,3,4,1,1,2,4,4,3,2,1,2,1,1,3,3,2,3,3,2
"299",299,"male","white","yr2","Business","math02","Auditory",299,2,2,2,3,3,2,2,4,3,2,3,3,4,2,2,2,2,3,2,1,3,4,4,4,4,4,4,5,4,4,4,4,4,4,4,4,4,4,4,4,5,4,4,4,4,5,4,5,4,4,4,5,4,4,4,4,4,4,4,5,4,4,4,4,4,4,4,4,4,2,2,3,3,2,2,3,3,4,4,4,3,3,3,3,3,2,3,3,3,3,2,3,1,2,1,1,1,1,1,3,2,1,2,3
"300",300,"female","white","yr3","Other","other","Kinesthetic",300,3,4,1,5,3,2,1,5,1,4,5,3,5,3,1,2,1,1,3,4,5,4,4,4,3,1,5,5,5,3,4,5,2,2,3,3,2,3,2,2,2,4,3,4,4,2,4,5,5,5,5,5,3,1,1,3,4,3,1,3,5,1,4,1,3,4,3,2,5,3,1,1,1,1,1,5,3,3,2,2,3,3,4,4,4,2,1,4,2,2,1,1,1,1,1,3,3,2,3,3,3,1,3,3
"301",301,"male","white","yr3","Other","math02","Kinesthetic",301,1,4,1,4,4,2,1,5,2,4,4,4,5,1,1,2,1,2,2,3,4,5,5,4,5,5,5,5,5,5,5,5,5,5,5,5,5,5,5,5,5,5,5,5,5,5,5,5,5,5,5,5,5,5,5,5,5,5,5,5,5,5,5,5,5,5,5,5,5,2,2,2,2,2,2,5,3,2,3,2,2,2,3,3,3,4,2,3,2,1,1,1,1,2,1,1,2,2,1,3,2,3,3,3
"302",302,"female","white","yr1","Other","math01","Kinesthetic",302,1,1,1,1,3,1,1,3,1,1,1,3,3,1,1,1,1,1,5,1,5,5,5,5,5,4,5,5,5,5,4,5,5,4,5,5,4,4,5,5,4,5,5,5,5,5,4,5,5,5,4,3,4,4,4,4,4,5,3,4,5,4,2,2,4,2,4,2,5,3,2,3,3,3,3,3,3,3,3,3,2,2,2,4,4,4,4,3,1,1,1,1,3,2,2,3,3,2,3,1,3,2,2,3
"303",303,"male","white","yr2","Business","math03","Visual",303,2,3,3,3,2,1,1,4,2,3,3,2,4,2,3,1,1,2,3,4,3,4,3,3,4,3,3,2,1,2,3,3,2,3,3,1,2,3,2,3,3,3,3,3,3,3,3,4,4,3,5,4,3,3,3,3,3,4,3,3,3,2,2,3,4,3,3,2,3,3,4,4,4,4,4,4,5,4,4,4,2,2,3,2,3,2,2,3,2,1,1,1,1,2,2,3,1,2,2,3,1,2,3,3
"304",304,"female","Black","yr1","Health","stats","Visual",304,1,5,2,5,2,1,2,4,4,5,5,2,4,1,2,1,2,4,2,2,2,3,4,4,4,4,4,3,3,3,3,3,3,3,4,3,2,1,2,3,4,4,3,2,1,1,2,4,5,5,5,5,5,5,5,5,5,5,5,5,5,5,3,3,3,3,3,4,4,1,1,1,2,3,3,4,3,3,2,2,1,3,3,3,4,3,2,3,2,4,2,2,2,2,2,2,1,2,2,2,2,2,1,2
"305",305,"female","white","yr2","Business","math03","Kinesthetic",305,3,5,2,5,5,1,1,5,4,5,5,5,5,3,2,1,1,4,2,4,2,2,1,1,1,1,2,3,3,2,1,2,2,1,2,2,2,3,1,1,2,4,3,4,4,3,1,2,4,4,4,1,1,4,1,2,4,4,3,2,3,4,1,4,3,1,1,1,2,5,1,3,2,2,3,4,3,4,3,2,2,1,1,4,4,4,3,4,4,1,1,1,3,2,3,1,3,2,3,3,3,1,3,3
"306",306,"female","other","yr2","Other","math01","Visual",306,1,4,3,5,5,5,3,5,3,4,5,5,5,1,3,5,3,3,2,3,3,4,4,3,5,4,3,3,3,4,4,3,3,3,4,4,4,3,3,3,3,3,3,4,3,3,3,5,4,4,4,4,3,3,2,3,3,3,4,3,3,3,3,3,3,3,4,4,3,3,2,2,2,2,3,3,4,3,2,2,3,3,3,3,3,3,2,3,1,1,1,1,1,2,2,3,3,2,2,2,3,3,3,2
"307",307,"female","white","yr3","Other","other","Auditory",307,2,3,1,4,3,2,2,4,1,3,4,3,4,2,1,2,2,1,2,4,4,2,2,2,2,2,2,3,3,4,3,4,3,2,3,2,2,2,3,3,2,4,3,3,2,3,2,3,4,3,2,2,2,3,3,2,3,3,2,3,2,3,3,3,2,2,2,2,3,3,2,2,3,3,3,4,4,4,4,4,2,2,2,4,3,4,2,3,2,2,1,1,3,1,1,3,3,2,1,3,2,1,3,1
"308",308,"female","white","yr2","Business","math03","Kinesthetic",308,1,5,3,5,4,2,2,5,1,5,5,4,5,1,3,2,2,1,2,4,4,1,4,3,1,2,2,5,2,5,4,5,3,3,4,3,4,4,4,2,4,3,3,3,4,4,4,3,5,5,4,4,4,4,2,2,3,4,1,3,2,3,2,4,4,2,2,2,4,4,4,4,4,3,4,4,4,4,4,4,2,2,3,1,4,4,2,4,2,2,1,1,3,2,3,3,3,2,3,2,3,3,2,3
"309",309,"female","Black","yr4","Other","other","Kinesthetic",309,3,5,5,4,5,5,5,5,5,5,4,5,5,3,5,5,5,5,1,5,2,5,3,3,5,5,3,5,3,5,5,4,3,5,5,3,3,5,5,5,5,4,4,4,4,4,4,4,5,3,5,5,5,5,5,5,5,5,5,5,5,5,3,3,2,3,4,4,4,3,3,2,3,3,3,3,3,3,3,3,2,3,3,3,2,4,3,3,2,1,1,1,3,1,1,2,1,2,1,3,2,3,3,3
"310",310,"female","Asian","yr4","Other","stats","Visual",310,3,5,3,5,5,3,3,3,4,5,5,5,3,3,3,3,3,4,2,5,2,3,2,2,2,3,2,3,2,2,2,2,2,2,4,3,3,3,4,2,2,4,3,3,2,2,3,2,4,3,3,2,3,2,2,3,2,3,3,3,2,2,3,4,3,1,3,4,3,4,4,4,4,4,2,4,4,4,4,2,2,2,3,2,3,4,2,3,3,2,1,1,1,2,1,2,3,2,3,2,3,2,2,3
"311",311,"female","white","yr2","Business","math02","Visual",311,1,4,2,5,5,4,4,5,3,4,5,5,5,1,2,4,4,3,5,3,5,5,5,5,5,5,5,5,5,5,4,5,5,3,4,5,5,4,5,4,5,5,5,5,5,5,5,5,5,5,3,5,5,5,5,4,4,5,5,5,4,5,1,2,1,5,5,2,5,2,4,4,1,2,2,5,2,2,2,2,1,2,2,3,4,4,4,4,1,1,1,1,2,2,2,2,2,1,2,3,2,1,3,3
"312",312,"female","white","yr3","STEM","math02","Kinesthetic",312,2,4,3,4,4,2,3,5,2,4,4,4,5,2,3,2,3,2,2,3,4,4,4,4,4,4,4,4,4,4,4,4,4,3,4,3,3,4,3,4,3,4,4,4,3,4,4,4,4,3,4,4,4,3,4,3,5,4,3,4,3,4,4,3,4,3,4,4,4,3,4,4,4,2,4,4,4,4,4,3,2,3,2,2,4,4,2,3,3,2,1,1,3,2,2,3,3,2,1,1,3,1,3,3
"313",313,"female","Black","yr3","Other","other","Visual",313,1,3,1,3,2,3,3,1,2,3,3,2,1,1,1,3,3,2,4,2,4,2,2,3,3,3,4,3,3,3,3,3,3,3,3,3,3,3,3,3,3,3,3,3,3,3,3,3,3,3,3,3,3,3,3,3,3,3,3,3,3,3,2,3,3,3,3,3,3,4,3,3,3,3,3,3,3,3,3,3,2,3,3,4,3,4,2,3,3,1,1,1,2,2,1,2,3,2,3,1,2,3,1,3
"314",314,"female","Asian","yr5+","STEM","math02","Kinesthetic",314,2,3,3,3,3,2,2,3,3,3,3,3,3,2,3,2,2,3,2,3,2,3,3,3,3,3,3,3,3,3,3,3,3,3,4,3,4,3,3,3,3,4,4,3,3,3,3,3,4,4,4,3,4,3,3,3,3,4,3,4,3,4,2,3,2,2,4,4,4,3,3,3,3,3,3,3,3,3,3,3,2,2,3,3,3,3,3,3,3,3,2,1,3,3,1,3,1,1,3,3,2,1,3,3
"315",315,"female","white","yr4","Other","other","Kinesthetic",315,5,4,2,4,3,5,1,5,3,4,4,3,5,5,2,5,1,3,1,5,5,5,5,5,5,5,5,4,5,3,4,4,3,5,5,5,5,5,5,5,5,4,4,4,4,4,4,4,5,5,4,5,3,5,4,5,2,2,5,5,2,2,1,2,2,1,2,1,2,3,3,3,3,3,3,3,3,3,3,3,4,4,4,4,4,4,4,4,2,2,1,1,3,1,1,3,1,2,3,1,2,3,3,3
"316",316,"female","white","yr1","Business","math02","Kinesthetic",316,1,5,5,5,5,5,3,5,5,5,5,5,5,1,5,5,3,5,1,5,2,3,1,1,1,1,4,1,1,1,1,1,1,1,1,1,1,1,1,1,1,3,1,1,5,3,1,1,1,1,1,1,1,2,3,3,4,4,2,2,1,2,1,1,1,3,3,2,2,3,3,3,3,3,4,4,4,4,4,4,2,1,1,2,3,4,3,3,1,1,4,4,1,2,1,3,3,2,2,3,2,1,3,3
"317",317,"female","white","yr1","Other","math02","Kinesthetic",317,1,3,1,3,2,1,1,5,1,3,3,2,5,1,1,1,1,1,3,4,4,5,3,3,5,2,4,3,2,2,3,4,2,1,3,1,1,3,2,3,2,1,2,3,2,3,1,2,4,3,5,3,3,5,4,1,4,5,1,4,4,3,3,4,3,1,2,3,2,3,3,3,3,3,3,3,3,3,3,3,2,3,3,3,4,4,1,4,1,2,1,1,3,2,2,2,3,3,3,3,2,1,3,3
"318",318,"female","Asian","yr1","STEM","math03","Kinesthetic",318,1,4,2,4,3,2,1,5,2,4,4,3,5,1,2,2,1,2,3,4,3,2,3,4,2,4,3,5,4,4,4,5,4,2,3,4,3,4,3,2,3,3,4,4,3,4,3,4,5,4,4,4,4,4,4,3,2,4,3,2,3,4,3,3,3,4,4,4,4,2,4,4,4,4,4,5,5,5,5,4,2,2,2,2,3,3,2,3,2,1,1,1,1,1,3,3,3,2,1,2,3,3,3,2
"319",319,"female","white","yr1","STEM","math02","Kinesthetic",319,2,4,1,5,3,1,1,3,4,4,5,3,3,2,1,1,1,4,2,4,4,3,2,2,2,4,4,3,4,4,4,3,3,2,4,4,3,4,3,1,4,4,2,4,4,4,4,3,4,4,4,3,4,4,4,3,2,4,2,2,2,2,1,3,2,3,3,4,4,4,4,2,2,2,4,5,3,5,5,2,2,3,2,1,4,4,2,1,4,4,4,4,3,2,1,1,3,2,1,1,3,3,3,2
"320",320,"female","other","yr2","Health","math02","Visual",320,4,2,3,4,2,4,3,2,3,2,4,2,2,4,3,4,3,3,2,3,3,3,5,5,3,5,2,4,1,4,3,3,2,4,5,4,4,3,1,3,3,5,3,3,2,4,2,3,5,2,4,3,3,2,3,5,3,3,3,3,2,2,2,3,2,5,2,3,5,5,1,4,3,2,4,3,5,4,3,2,1,2,2,3,2,3,3,2,1,2,3,4,1,3,2,2,2,1,3,2,2,3,3,1
"321",321,"male","white","yr1","Other","math03","Kinesthetic",321,1,4,4,5,3,3,1,2,3,4,5,3,2,1,4,3,1,3,2,4,3,2,1,2,2,1,2,3,1,2,1,3,3,3,2,2,3,3,4,4,4,3,3,2,4,3,2,3,3,3,2,3,4,4,3,3,2,3,2,2,2,2,2,3,3,3,2,2,2,4,2,2,4,2,2,5,3,2,3,4,1,2,2,2,3,3,2,2,2,2,2,2,2,2,1,3,2,2,1,3,2,3,3,3
"322",322,"female","Black","yr2","STEM","math02","Kinesthetic",322,5,5,3,5,5,4,4,5,5,5,5,5,5,5,3,4,4,5,1,5,3,5,3,3,5,5,3,3,3,4,4,4,4,4,4,4,4,4,4,5,5,5,5,5,5,5,5,5,5,5,5,5,5,5,5,5,5,5,5,5,5,5,5,5,5,5,5,5,5,1,1,1,1,5,1,1,1,1,1,1,4,1,1,1,4,4,4,4,1,1,1,4,3,2,2,1,2,3,1,2,3,3,3,3
"323",323,"female","white","yr1","Other","math01","Auditory",323,1,3,1,3,1,4,3,5,1,3,3,1,5,1,1,4,3,1,3,4,2,5,5,5,5,5,5,4,4,5,4,4,5,3,5,5,4,4,5,5,5,4,3,3,5,5,4,5,5,5,4,4,5,4,5,5,2,4,4,2,4,2,1,2,2,3,4,1,5,3,3,3,3,3,3,3,3,3,3,3,3,4,4,4,4,4,3,4,3,4,1,1,3,1,2,2,1,2,1,1,2,1,3,3
"324",324,"male","white","yr3","Business","stats","Kinesthetic",324,1,1,1,1,1,1,1,1,1,1,1,1,1,1,1,1,1,1,4,2,5,4,4,5,3,4,5,4,5,4,3,5,4,3,5,4,3,4,5,4,3,5,4,3,4,5,4,3,3,4,5,4,5,5,3,5,5,4,4,5,4,3,2,4,3,2,4,3,4,5,5,5,5,1,5,5,5,5,5,5,2,2,1,3,2,4,4,4,2,2,2,1,3,2,3,3,1,1,3,3,3,1,3,3
"325",325,"male","white","yr2","Business","math03","Kinesthetic",325,1,3,2,3,3,1,1,4,1,3,3,3,4,1,2,1,1,1,2,4,4,3,2,2,2,1,4,2,3,3,3,3,4,4,3,3,4,4,4,1,1,3,1,2,5,5,5,5,3,3,2,2,4,4,5,2,3,4,5,1,1,5,4,4,3,2,4,4,4,4,3,3,3,2,4,2,2,2,3,3,1,1,3,2,3,3,4,2,3,1,2,3,3,2,1,3,3,2,1,1,2,2,3,3
"326",326,"female","white","yr3","Other","other","Visual",326,1,4,3,5,3,1,1,5,1,4,5,3,5,1,3,1,1,1,3,3,5,3,2,3,3,4,4,2,2,3,3,2,4,2,4,4,3,4,3,4,3,5,3,4,5,5,5,4,5,4,4,4,5,5,4,5,4,5,5,4,5,4,2,4,3,4,4,3,5,3,2,2,2,2,3,4,2,3,3,1,3,3,4,2,4,4,2,2,4,3,2,2,3,2,2,2,1,2,3,3,2,1,3,1
"327",327,"female","white","yr1","Other","math02","Kinesthetic",327,2,4,3,4,3,4,2,5,2,4,4,3,5,2,3,4,2,2,2,4,2,3,4,4,3,2,4,4,4,3,3,4,3,2,4,3,4,2,4,2,2,4,3,4,4,3,4,3,4,3,4,3,2,3,4,4,5,4,3,3,4,5,2,2,2,1,2,1,3,4,4,2,2,3,2,4,3,2,3,2,3,3,3,3,3,3,3,3,3,2,1,1,3,1,3,2,3,2,1,2,3,3,2,1
"328",328,"female","white","yr2","STEM","math02","Visual",328,1,5,2,3,4,3,2,5,1,5,3,4,5,1,2,3,2,1,3,3,3,4,3,2,1,3,1,5,2,4,4,3,4,1,4,1,3,1,1,1,3,2,2,2,4,4,1,1,5,5,4,5,5,4,2,4,4,4,4,4,4,4,1,4,4,3,1,1,4,3,2,2,2,3,3,5,3,3,3,2,2,1,3,1,4,4,1,2,1,1,1,1,2,2,1,1,3,2,2,1,2,1,3,2
"329",329,"female","white","yr2","STEM","stats","Visual",329,1,2,2,3,3,1,2,3,1,2,3,3,3,1,2,1,2,1,2,3,2,5,5,5,5,5,5,5,5,5,5,5,5,5,5,5,5,5,5,5,5,5,5,5,5,5,5,5,5,5,4,4,4,5,5,4,4,5,4,4,4,4,4,4,2,5,5,5,5,4,4,2,2,2,3,3,2,2,2,2,3,3,3,3,3,3,2,3,3,3,3,3,1,2,1,1,2,2,1,3,2,1,3,2
"330",330,"female","white","yr1","STEM","math02","Kinesthetic",330,2,2,1,2,3,2,3,4,1,2,2,3,4,2,1,2,3,1,4,2,2,4,5,3,3,1,2,4,4,5,3,4,3,1,4,4,3,2,4,1,1,4,2,3,3,4,1,3,5,3,4,2,3,4,3,3,2,5,3,3,3,3,1,2,2,1,1,2,3,2,4,5,4,4,4,5,5,5,5,4,1,2,1,2,3,3,2,3,1,1,1,1,3,2,2,1,3,2,2,3,2,3,3,3
"331",331,"female","white","yr3","Other","other","Kinesthetic",331,1,3,1,3,4,5,1,3,1,3,3,4,3,1,1,5,1,1,4,2,4,4,5,5,5,5,5,5,4,4,4,4,4,4,4,4,4,4,4,4,4,4,4,4,4,4,4,4,4,4,4,4,4,4,4,4,4,4,4,4,4,4,3,3,3,3,3,3,3,3,3,3,3,3,3,3,3,3,3,3,2,2,2,2,2,2,2,2,2,2,2,2,1,2,2,3,3,2,3,1,2,1,3,3
"332",332,"male","white","yr1","Business","math02","Kinesthetic",332,2,5,2,5,5,3,5,5,3,5,5,5,5,2,2,3,5,3,2,2,2,3,3,3,2,3,3,2,3,3,3,2,2,3,3,3,3,3,3,2,3,4,3,3,3,4,2,2,4,3,3,3,2,2,3,3,2,3,4,4,3,2,3,3,3,3,2,3,3,3,2,2,2,2,1,3,2,2,2,2,1,1,1,2,2,2,2,2,2,1,1,3,2,1,1,1,3,2,1,3,2,3,3,3
"333",333,"female","white","yr1","Other","math01","Kinesthetic",333,2,3,3,4,3,2,3,4,3,3,4,3,4,2,3,2,3,3,3,4,3,4,2,3,3,4,2,4,2,2,3,3,3,3,3,3,3,3,3,3,3,3,3,3,3,3,3,3,3,3,3,3,3,3,3,3,3,2,4,3,2,4,2,3,3,4,2,3,4,3,2,2,3,3,2,3,3,3,3,3,1,1,2,2,3,2,2,2,1,1,1,1,2,2,1,3,1,2,1,3,2,3,3,3
"334",334,"female","other","yr2","Business","math02","Kinesthetic",334,1,3,1,3,5,2,2,5,1,3,3,5,5,1,1,2,2,1,3,5,5,3,3,2,2,4,5,5,5,5,4,5,4,2,5,5,5,3,4,2,3,5,5,5,4,5,3,5,5,5,5,5,5,5,5,3,2,4,3,4,4,3,2,4,3,2,3,2,3,3,3,2,2,2,2,5,5,2,3,2,2,2,2,3,4,4,2,4,3,3,1,1,3,1,2,3,3,2,1,2,2,3,2,3
"335",335,"female","white","yr1","Other","math01","Auditory",335,1,3,1,3,2,1,1,3,1,3,3,2,3,1,1,1,1,1,4,5,5,4,4,4,4,4,4,5,5,5,5,5,5,5,5,5,5,5,5,5,5,5,5,5,5,5,5,5,5,5,5,5,5,5,5,5,5,5,5,5,5,5,4,5,5,5,5,5,5,4,4,4,4,2,4,4,4,4,4,4,2,3,3,3,3,3,3,3,3,3,3,3,2,1,2,1,3,1,2,3,2,1,3,1
"336",336,"female","white","yr1","Business","math02","Visual",336,1,3,1,4,3,1,1,5,1,3,4,3,5,1,1,1,1,1,3,3,4,2,3,1,1,3,3,3,3,3,3,3,3,3,3,3,3,3,3,3,3,3,3,3,3,3,3,3,3,3,3,3,3,3,3,3,3,3,3,3,3,3,3,3,3,3,3,3,3,3,2,2,2,1,2,3,3,3,2,2,2,2,2,2,2,2,2,2,2,2,2,2,3,2,2,3,1,2,2,2,2,3,2,2
"337",337,"female","white","yr3","Business","other","Auditory",337,1,4,4,4,5,5,2,5,4,4,4,5,5,1,4,5,2,4,2,5,2,5,5,5,4,4,5,5,5,5,5,5,5,4,5,5,4,5,5,5,5,5,5,4,4,5,4,5,5,5,5,5,5,5,5,5,5,5,5,5,5,5,5,5,1,4,5,5,5,3,3,3,2,2,2,3,2,2,2,2,3,3,4,4,4,4,3,4,3,2,1,1,3,1,2,2,1,2,1,1,2,1,2,1
"338",338,"male","white","yr1","STEM","math04","Visual",338,1,1,1,1,2,1,1,3,1,1,1,2,3,1,1,1,1,1,5,2,5,2,5,2,1,3,4,5,3,5,5,5,5,1,5,5,4,5,5,1,1,5,5,5,5,5,4,4,5,3,4,3,4,5,5,2,1,5,2,1,5,1,2,1,1,3,4,2,2,3,3,4,4,4,4,5,5,5,5,5,1,2,1,2,4,4,2,4,1,1,1,1,3,2,2,2,3,3,2,2,3,2,3,2
"339",339,"female","Asian","yr1","Business","math03","Kinesthetic",339,1,3,1,2,4,1,1,5,2,3,2,4,5,1,1,1,1,2,5,4,4,3,4,1,4,1,3,4,1,2,2,3,2,1,4,3,3,4,3,1,2,4,2,2,2,2,1,2,4,4,5,1,2,4,3,3,2,4,3,2,2,2,4,4,1,1,2,3,2,3,2,4,4,3,3,4,4,4,4,4,2,2,2,3,3,3,3,3,3,3,1,1,1,1,1,2,3,2,3,3,3,2,2,3
"340",340,"female","white","yr2","Business","math03","Auditory",340,2,4,1,5,5,3,4,5,4,4,5,5,5,2,1,3,4,4,4,2,4,1,1,1,1,1,1,3,1,3,1,2,1,1,1,4,5,3,1,1,1,2,1,1,1,1,1,1,1,1,1,1,2,1,1,1,4,3,2,4,4,4,1,3,5,1,2,1,1,2,3,3,3,3,3,3,3,3,3,3,2,3,2,2,4,4,2,4,4,3,1,1,1,3,1,1,1,2,2,1,2,1,3,3
"341",341,"female","white","yr2","Business","math04","Visual",341,3,4,1,4,2,1,4,4,1,4,4,2,4,3,1,1,4,1,2,3,3,3,3,4,1,2,1,3,3,4,5,5,5,1,5,4,5,4,4,1,2,3,4,5,5,5,3,5,2,5,5,3,3,5,5,2,4,5,3,1,2,4,1,1,1,1,3,1,3,4,4,4,4,4,4,4,4,4,4,4,2,1,2,2,4,4,2,4,2,2,1,1,3,2,2,2,1,2,2,3,2,3,3,3
"342",342,"male","white","yr1","Other","math01","Auditory",342,2,5,1,5,5,5,3,5,5,5,5,5,5,2,1,5,3,5,4,5,5,3,4,2,5,5,2,1,5,3,4,4,2,3,3,3,4,2,2,2,4,1,1,5,5,4,4,3,2,4,4,2,3,3,2,2,2,4,4,4,4,4,1,1,5,5,5,4,3,4,3,2,4,4,2,1,3,3,3,3,2,3,2,1,4,2,3,2,3,2,3,2,1,1,2,2,1,1,2,1,2,3,1,1
"343",343,"female","white","yr5+","Health","stats","Kinesthetic",343,1,3,2,4,5,2,3,5,1,3,4,5,5,1,2,2,3,1,1,5,2,1,2,3,1,1,1,4,3,3,2,4,3,4,4,4,4,4,3,3,2,4,4,4,4,4,4,4,3,2,4,4,4,4,4,2,3,4,3,3,4,4,5,5,2,3,2,2,3,3,4,4,4,3,3,5,5,5,5,5,2,2,2,1,4,4,4,4,3,4,3,3,3,2,3,2,3,2,1,3,2,1,3,3
"344",344,"female","white","yr2","Business","math03","Kinesthetic",344,2,5,2,4,4,4,2,5,3,5,4,4,5,2,2,4,2,3,3,4,3,1,1,1,1,1,1,2,1,3,2,2,2,1,2,2,2,2,2,1,1,2,3,3,3,2,2,2,3,2,3,2,1,3,2,2,3,2,2,1,3,2,1,2,2,2,2,1,2,3,3,2,2,2,2,3,2,3,3,3,3,3,3,3,3,4,2,4,2,2,4,2,3,2,1,2,3,2,3,3,2,1,3,3
"345",345,"male","white","yr2","STEM","math02","Auditory",345,1,5,3,5,5,3,5,5,4,5,5,5,5,1,3,3,5,4,1,5,4,5,5,5,5,4,4,5,5,5,4,5,5,5,5,4,5,4,3,1,4,4,2,5,4,5,4,5,5,5,4,3,5,5,5,5,5,5,4,5,4,5,1,2,1,1,1,4,5,1,4,5,5,5,5,5,5,5,5,4,1,2,1,1,4,4,1,4,2,1,1,1,1,2,1,3,1,2,1,1,3,2,3,3
"346",346,"male","white","yr1","Business","math02","Auditory",346,1,2,1,3,3,1,1,3,1,2,3,3,3,1,1,1,1,1,5,2,4,4,4,4,3,4,4,5,4,4,5,4,5,3,4,4,4,4,4,4,4,5,5,4,5,4,4,5,5,4,4,4,5,4,5,5,4,5,4,5,5,5,4,4,2,4,4,5,5,2,4,4,4,4,4,4,4,4,4,4,2,1,2,2,1,1,2,1,1,3,2,2,1,2,2,1,3,1,1,3,3,1,2,3
"347",347,"female","white","yr2","Other","other","Auditory",347,1,2,1,2,3,1,1,4,2,2,2,3,4,1,1,1,1,2,4,3,4,5,5,4,4,5,5,5,5,5,5,5,5,4,5,5,5,5,4,5,4,5,5,4,4,5,5,5,5,5,5,5,5,4,5,5,5,5,5,5,5,5,3,3,3,4,4,2,3,2,2,2,2,2,2,2,2,2,2,2,4,4,4,3,4,4,4,3,4,4,4,4,3,2,1,3,3,2,1,3,2,1,2,1
"348",348,"male","white","yr1","Business","math02","Visual",348,1,3,2,3,1,1,2,2,1,3,3,1,2,1,2,1,2,1,4,3,2,3,5,4,4,2,3,4,3,3,4,5,5,5,4,4,3,2,4,4,4,4,3,3,4,5,5,3,4,4,4,4,4,4,3,5,5,4,3,5,5,4,2,2,4,3,3,1,5,3,4,2,3,2,3,5,5,5,3,4,3,4,4,3,3,2,3,3,2,2,4,4,3,2,2,2,1,2,3,3,3,2,2,3
"349",349,"male","white","yr1","Business","math02","Visual",349,1,1,1,3,5,1,1,3,1,1,3,5,3,1,1,1,1,1,5,1,5,5,5,5,3,5,4,5,5,5,5,5,5,5,5,5,5,5,5,5,5,5,5,5,5,5,5,5,5,5,5,5,5,5,5,5,5,5,5,5,5,5,2,3,3,5,5,5,5,1,5,5,5,3,3,5,5,5,5,5,1,3,3,2,3,2,3,2,1,1,1,1,1,2,2,1,3,2,2,3,3,2,2,3
"350",350,"female","white","yr2","Other","math02","Auditory",350,1,3,1,3,4,4,2,5,2,3,3,4,5,1,1,4,2,2,2,4,4,4,3,2,1,1,3,3,3,3,2,4,4,1,3,2,3,3,4,1,1,4,3,4,3,4,5,3,5,5,4,3,3,4,4,2,3,4,1,3,2,3,1,3,3,3,3,1,1,1,1,1,1,1,1,5,1,5,1,1,2,3,3,2,3,2,1,3,1,1,1,1,1,1,1,3,1,1,1,2,1,1,3,3
"351",351,"male","white","yr1","STEM","math02","Kinesthetic",351,2,3,1,2,2,1,1,5,1,3,2,2,5,2,1,1,1,1,4,4,4,4,4,4,4,4,4,4,5,5,5,5,5,3,5,4,5,5,5,5,5,5,4,5,5,4,5,5,5,4,4,5,5,4,5,5,5,5,5,5,4,5,5,5,5,5,4,5,5,3,3,3,3,4,3,2,3,3,2,3,2,3,3,2,2,2,4,2,3,1,1,1,3,3,3,1,3,2,1,2,2,3,1,3
"352",352,"female","white","yr1","STEM","math02","Kinesthetic",352,3,2,4,4,5,2,1,4,3,2,4,5,4,3,4,2,1,3,2,4,4,4,4,3,2,3,3,4,3,3,3,4,4,2,3,2,4,4,3,1,2,3,4,4,4,3,3,4,4,3,3,3,3,3,4,3,4,3,3,4,4,5,2,3,3,2,3,2,3,2,2,2,1,2,2,3,2,2,2,2,2,2,1,1,3,3,2,3,2,1,1,1,3,1,1,2,1,2,3,2,2,3,3,3
"353",353,"female","white","yr2","STEM","math03","Visual",353,1,5,2,5,5,3,2,5,3,5,5,5,5,1,2,3,2,3,3,5,5,1,1,1,1,1,1,1,1,3,1,1,1,1,1,1,3,3,1,1,1,1,1,1,1,1,1,1,1,1,4,1,1,1,3,2,1,3,1,1,1,1,1,2,1,1,1,2,1,1,1,1,1,1,1,3,3,3,3,1,2,1,2,3,3,4,3,3,2,2,1,1,3,2,1,1,2,2,2,2,2,3,3,3
"354",354,"male","white","yr3","Business","math03","Kinesthetic",354,3,3,3,3,3,3,3,3,3,3,3,3,3,3,3,3,3,3,3,3,3,3,3,3,3,3,3,3,3,3,3,3,3,3,3,3,3,3,3,3,3,3,3,3,3,3,3,3,3,3,3,3,3,3,3,3,3,3,3,3,3,3,3,3,3,3,3,3,3,3,3,3,3,3,3,3,3,3,3,3,2,2,2,2,2,2,2,2,2,2,2,2,3,3,3,3,2,2,2,3,2,1,2,1
"355",355,"female","white","yr1","Business","math03","Visual",355,2,4,2,3,4,4,2,5,3,4,3,4,5,2,2,4,2,3,3,3,4,2,3,2,1,2,2,2,2,3,3,3,4,1,4,3,3,4,4,4,4,3,3,4,4,4,3,3,4,3,5,4,4,4,3,3,4,4,2,3,2,4,2,2,3,2,3,2,3,3,4,4,4,4,3,3,4,4,3,3,1,2,2,2,3,3,2,2,1,1,1,1,1,2,2,2,3,2,1,3,2,2,3,1
"356",356,"female","white","yr5+","Business","math03","Kinesthetic",356,1,5,1,5,3,4,2,5,1,5,5,3,5,1,1,4,2,1,2,4,3,1,3,4,1,3,2,4,3,3,2,3,3,3,2,4,4,4,3,3,2,3,4,2,4,4,2,4,4,5,5,1,2,2,3,2,2,5,2,3,3,4,2,3,2,1,2,3,3,3,4,4,4,3,3,3,3,3,3,3,1,1,1,4,2,3,1,2,2,1,1,1,3,1,1,3,3,1,3,1,3,2,3,3
"357",357,"female","white","yr1","Business","math02","Kinesthetic",357,1,1,2,2,2,1,1,1,1,1,2,2,1,1,2,1,1,1,5,1,4,3,3,4,1,5,5,5,5,5,5,5,5,5,5,5,5,5,5,5,5,5,5,5,5,5,5,5,5,5,5,5,5,5,5,5,5,5,5,5,5,5,3,5,5,5,5,5,5,3,3,1,2,2,4,4,4,4,4,4,4,4,4,4,4,4,1,2,2,3,1,3,3,1,2,1,1,2,3,2,3,3,1,3
"358",358,"female","other","yr3","STEM","math02","Visual",358,3,5,3,5,5,3,2,5,5,5,5,5,5,3,3,3,2,5,1,5,2,4,2,2,1,1,2,3,2,2,3,2,1,4,2,2,2,3,3,1,1,3,2,2,5,5,1,2,4,1,5,1,5,4,4,1,1,3,1,2,2,2,1,3,3,3,4,2,4,1,2,2,3,3,3,2,2,2,2,2,2,2,2,3,2,4,3,3,4,1,1,1,1,2,1,2,2,2,1,1,2,3,3,1
"359",359,"female","white","yr5+","Health","stats","Kinesthetic",359,1,2,2,2,2,2,1,4,1,2,2,2,4,1,2,2,1,1,4,3,3,1,3,3,1,2,1,1,3,1,3,2,3,1,4,4,4,4,4,1,3,4,3,3,4,3,1,3,4,4,2,2,3,2,2,4,1,4,3,1,1,1,1,4,1,3,3,1,5,2,3,3,3,2,4,5,4,4,2,2,1,2,3,1,4,4,2,4,1,1,1,1,3,2,3,3,3,2,2,1,3,1,3,3
"360",360,"male","white","yr3","STEM","math03","Kinesthetic",360,1,5,3,5,4,2,2,5,2,5,5,4,5,1,3,2,2,2,4,3,5,3,2,3,1,1,3,2,2,3,4,5,3,3,3,4,4,3,5,2,3,4,4,3,4,3,2,4,3,4,4,4,3,4,5,3,1,2,2,2,4,1,2,1,3,2,2,5,3,4,5,5,5,5,4,4,5,5,5,5,2,1,4,2,3,4,4,3,2,1,1,1,3,3,3,3,1,2,3,3,2,3,1,3
"361",361,"male","Black","yr1","Other","math02","Auditory",361,3,2,4,3,3,4,3,4,4,2,3,3,4,3,4,4,3,4,1,2,1,4,3,3,5,4,4,5,5,5,4,4,4,4,5,5,5,5,5,5,5,5,5,5,5,5,5,5,5,5,5,5,5,5,5,5,5,5,5,5,5,5,5,5,5,4,5,4,5,3,3,3,3,3,3,3,3,3,3,3,2,2,2,2,2,2,2,2,2,2,2,2,1,2,1,1,1,3,1,1,2,1,1,3
"362",362,"female","Black","yr2","Health","math02","Kinesthetic",362,2,3,1,3,3,1,1,3,1,3,3,3,3,2,1,1,1,1,1,5,1,3,3,3,3,3,3,1,1,4,1,1,3,1,1,1,1,1,1,3,3,3,3,3,3,3,3,3,3,3,3,3,3,3,3,3,3,3,3,3,3,3,3,3,3,3,3,3,3,3,3,4,4,4,3,5,5,5,5,5,1,2,2,3,3,3,2,3,2,2,2,2,1,2,2,3,3,1,3,3,2,1,2,3
"363",363,"female","white","yr1","Health","stats","Kinesthetic",363,3,4,3,4,4,3,3,5,4,4,4,4,5,3,3,3,3,4,2,4,4,2,1,2,1,1,2,2,3,4,2,3,2,1,4,3,2,4,4,1,1,3,3,4,4,4,4,3,4,4,3,3,3,3,3,1,1,4,1,3,3,2,1,2,4,2,1,1,2,2,2,2,2,2,2,3,3,2,2,2,2,3,4,1,4,4,3,4,1,1,1,1,3,1,2,3,3,2,3,1,2,2,3,3
"364",364,"male","white","yr1","Other","math02","Kinesthetic",364,2,2,1,2,4,1,2,5,2,2,2,4,5,2,1,1,2,2,3,4,4,1,2,1,3,2,2,1,3,3,3,2,3,1,1,3,2,2,2,1,1,3,3,2,1,3,4,3,4,4,5,1,3,2,3,3,1,4,3,2,4,3,1,5,5,1,1,1,1,3,2,2,2,2,2,4,3,2,2,2,2,2,2,2,2,3,1,2,1,1,1,1,3,2,1,1,3,2,3,3,3,1,2,2
"365",365,"female","Black","yr3","Health","stats","Visual",365,1,1,1,3,2,2,2,2,2,1,3,2,2,1,1,2,2,2,2,5,4,3,3,3,3,3,3,2,2,2,2,2,2,2,2,2,2,2,2,2,2,2,2,2,2,2,2,2,4,4,4,4,4,4,4,3,3,3,3,3,3,3,2,2,2,3,3,3,3,3,3,3,3,3,3,3,3,3,3,3,2,3,3,2,3,3,2,2,2,2,2,2,3,2,2,3,3,2,1,1,2,1,3,2
"366",366,"male","white","yr3","Business","math01","Auditory",366,2,3,2,4,2,2,2,1,3,3,4,2,1,2,2,2,2,3,5,1,5,3,3,3,3,3,3,3,3,3,3,3,3,3,3,2,3,2,4,3,3,3,3,3,3,3,3,3,3,3,3,3,3,3,3,3,3,3,3,3,3,2,3,3,5,1,2,3,3,3,3,3,3,3,3,3,3,3,3,3,3,3,3,4,3,4,3,4,4,4,4,3,1,1,1,3,2,3,2,1,1,3,2,2
"367",367,"female","white","yr3","Other","math02","Visual",367,1,4,3,4,4,2,2,5,2,4,4,4,5,1,3,2,2,2,3,2,4,5,5,5,5,5,5,4,4,4,4,4,4,4,4,4,4,4,4,4,4,4,4,4,4,4,4,4,4,4,3,2,2,2,4,3,5,5,4,3,3,4,2,2,2,2,2,2,3,3,2,3,4,2,2,4,4,4,4,4,2,2,1,3,3,3,2,2,1,1,1,1,2,1,3,2,1,2,3,1,2,2,3,3
"368",368,"female","white","yr2","Health","stats","Visual",368,4,5,3,5,5,4,2,5,4,5,5,5,5,4,3,4,2,4,3,3,4,1,1,1,1,2,4,2,2,4,1,4,2,2,4,4,2,2,4,1,1,2,4,3,2,2,3,3,5,5,5,5,5,5,5,2,1,5,4,1,3,1,1,1,2,1,3,1,2,3,1,1,3,2,3,4,3,4,4,4,2,2,3,2,4,4,2,4,2,2,1,1,3,2,2,2,1,2,1,3,2,1,3,1
"369",369,"female","white","yr3","Health","stats","Kinesthetic",369,1,3,1,3,3,1,2,4,2,3,3,3,4,1,1,1,2,2,4,3,4,3,3,4,1,1,3,2,4,3,4,4,4,4,4,4,4,4,4,4,4,4,4,3,5,4,4,4,5,4,4,4,4,4,4,3,1,4,3,1,4,1,1,1,1,3,3,4,4,4,4,4,4,3,4,4,4,4,4,4,1,2,2,1,4,4,4,4,2,1,1,1,2,2,2,1,3,2,1,1,3,1,3,3
"370",370,"female","Black","yr1","Other","math02","Auditory",370,3,5,4,5,3,4,2,5,4,5,5,3,5,3,4,4,2,4,1,3,2,2,3,4,1,1,1,3,3,3,3,3,3,3,2,3,3,2,2,1,1,3,3,3,3,3,3,3,3,1,3,3,2,2,2,1,2,4,4,3,4,2,2,2,1,2,1,2,1,5,5,4,5,2,5,4,4,5,5,5,1,1,1,3,1,3,2,3,3,2,4,3,1,1,2,1,1,1,3,2,2,1,2,3
"371",371,"female","white","yr2","Other","other","Kinesthetic",371,1,4,2,4,4,2,2,4,2,4,4,4,4,1,2,2,2,2,2,2,3,3,3,2,1,1,2,2,2,3,3,3,3,1,3,2,3,2,2,1,1,3,3,3,4,3,2,2,4,4,4,2,3,4,4,2,1,3,1,1,2,1,2,3,3,2,2,3,2,4,4,4,4,2,3,4,4,4,4,4,1,1,1,3,3,4,1,3,2,1,2,1,3,2,1,3,1,2,1,3,2,3,1,3
"372",372,"male","white","yr3","Business","math02","Kinesthetic",372,3,4,1,3,5,1,1,4,2,4,3,5,4,3,1,1,1,2,3,1,4,5,5,5,4,5,5,5,5,4,5,4,5,4,4,4,5,4,5,3,5,5,5,5,4,5,4,5,4,5,5,4,4,4,5,5,5,5,5,5,5,5,4,3,4,5,5,4,4,5,4,3,3,3,3,4,3,3,3,3,2,2,3,2,2,4,2,3,1,1,1,1,3,3,2,2,3,3,3,3,2,2,1,2
"373",373,"male","white","yr2","STEM","math03","Auditory",373,1,2,1,3,3,1,1,3,2,2,3,3,3,1,1,1,1,2,4,3,4,3,3,3,3,3,3,3,3,3,3,3,3,3,3,3,3,3,3,3,3,3,3,2,2,3,4,3,3,4,3,4,4,4,4,4,3,4,4,4,3,4,2,3,3,4,4,4,3,5,3,3,4,4,1,1,2,2,2,2,3,2,2,2,2,3,2,2,3,2,2,2,3,1,1,1,1,1,2,2,3,2,2,2
"374",374,"female","white","yr2","Other","stats","Visual",374,3,5,4,5,2,2,1,5,4,5,5,2,5,3,4,2,1,4,2,5,4,3,4,4,2,2,1,5,4,4,3,5,4,4,5,5,3,2,3,2,5,5,4,3,3,4,2,5,4,4,4,3,5,5,4,5,5,5,4,1,3,4,3,3,4,3,3,2,3,1,1,2,2,1,3,3,2,3,2,2,2,2,3,2,4,4,3,3,2,1,1,1,1,2,3,2,3,1,2,2,2,1,2,1
"375",375,"female","white","yr3","STEM","math04","Kinesthetic",375,2,3,2,3,5,4,1,4,1,3,3,5,4,2,2,4,1,1,4,2,4,2,3,2,1,1,2,4,4,3,4,5,4,2,4,2,3,4,4,1,1,4,3,4,2,3,2,2,3,4,3,2,3,3,3,2,1,4,1,2,2,3,4,3,2,1,1,3,3,4,5,4,4,4,4,4,4,4,4,3,2,2,3,4,2,2,4,3,3,4,4,4,2,2,1,3,3,2,3,1,2,3,3,2
"376",376,"male","white","yr1","Business","math02","Visual",376,3,3,3,3,3,3,3,3,3,3,3,3,3,3,3,3,3,3,3,3,3,3,3,3,3,3,3,3,3,3,3,3,3,3,3,3,3,3,3,3,3,3,3,3,3,3,3,3,3,3,3,3,3,3,3,3,3,3,3,3,3,3,3,3,3,3,3,3,3,4,2,3,3,4,2,4,3,3,2,3,2,2,2,2,2,2,2,2,2,2,2,2,2,2,2,2,2,3,2,2,3,1,1,3
"377",377,"female","white","yr5+","STEM","other","Kinesthetic",377,2,3,2,3,3,2,2,5,2,3,3,3,5,2,2,2,2,2,1,4,4,4,4,4,1,2,4,2,3,3,3,4,3,2,3,4,3,4,4,1,2,4,3,4,4,3,3,4,5,4,3,1,3,4,4,1,2,4,2,2,2,1,4,2,4,1,3,5,3,4,4,4,4,4,4,4,4,4,4,4,1,1,3,2,4,4,2,4,3,4,2,1,3,2,1,2,3,1,3,1,2,1,3,3
"378",378,"female","other","yr1","Other","math01","Auditory",378,2,4,1,3,4,2,1,5,1,4,3,4,5,2,1,2,1,1,4,3,4,1,2,3,1,1,3,2,3,4,2,5,2,1,3,2,3,3,2,1,1,2,2,2,1,4,1,1,1,5,3,1,2,4,3,2,4,4,2,2,2,4,2,3,2,3,3,3,1,3,3,3,4,2,4,4,4,4,4,4,2,2,2,3,2,3,2,2,1,1,1,1,3,1,2,2,3,2,1,3,1,1,3,1
"379",379,"female","white","yr3","STEM","math02","Visual",379,2,3,1,3,3,2,4,5,1,3,3,3,5,2,1,2,4,1,2,5,4,3,5,4,3,3,4,5,4,3,5,5,4,2,3,3,2,3,4,2,4,4,3,2,3,4,4,3,5,5,4,4,4,5,4,5,4,4,3,5,4,4,5,4,5,3,4,4,5,3,5,5,5,5,5,5,5,5,5,5,3,3,4,4,4,4,2,4,3,3,3,3,3,1,1,2,3,2,2,1,2,1,2,3
"380",380,"female","Asian","yr1","Business","math03","Visual",380,2,4,1,4,3,2,1,4,3,4,4,3,4,2,1,2,1,3,2,5,4,2,2,4,1,2,2,5,4,4,3,5,4,1,4,5,5,4,3,1,3,4,4,4,5,4,2,4,4,4,5,3,3,4,4,2,2,4,2,3,4,2,3,2,2,1,2,1,1,4,3,2,2,2,3,4,3,3,2,2,1,2,1,1,4,4,4,3,3,1,1,1,3,2,1,2,1,2,3,2,2,3,3,3
"381",381,"female","white","yr1","Business","math03","Kinesthetic",381,3,4,2,4,4,3,1,5,1,4,4,4,5,3,2,3,1,1,2,4,3,3,2,2,1,2,1,2,2,3,2,2,1,2,3,2,2,2,2,4,3,3,3,2,3,3,2,3,1,4,4,2,2,3,2,4,3,2,2,2,2,2,1,1,1,3,3,2,2,5,5,3,2,2,2,4,3,4,2,3,1,1,1,2,4,3,3,3,2,3,3,1,3,2,3,3,3,2,2,3,2,1,3,3
"382",382,"female","white","yr1","STEM","stats","Kinesthetic",382,3,3,3,3,3,3,3,3,3,3,3,3,3,3,3,3,3,3,2,4,3,3,3,3,3,3,3,3,3,3,3,3,3,3,3,3,3,3,3,3,3,3,3,3,3,3,3,3,3,3,3,3,3,3,3,3,3,3,3,3,3,3,3,3,3,3,3,3,3,3,3,3,3,3,3,3,3,3,3,3,2,2,2,3,2,2,3,3,3,3,3,3,3,1,3,1,1,2,1,3,2,3,3,3
"383",383,"female","white","yr2","STEM","math04","Auditory",383,1,3,1,5,4,1,1,5,2,3,5,4,5,1,1,1,1,2,5,5,2,5,4,4,4,4,4,4,4,5,4,3,4,3,4,4,5,4,3,4,4,4,5,4,4,5,5,5,4,3,3,3,3,2,4,5,4,4,3,2,2,4,5,5,3,2,3,3,4,4,2,2,2,3,3,3,3,3,2,2,3,3,2,4,4,4,1,2,1,1,1,1,3,1,3,1,1,2,3,1,2,1,3,2
"384",384,"female","white","yr1","Other","math02","Visual",384,1,3,1,4,5,1,1,5,3,3,4,5,5,1,1,1,1,3,3,4,3,3,3,4,3,4,4,5,4,5,3,5,4,3,5,3,3,4,5,1,2,3,4,4,5,5,3,5,5,5,5,1,3,4,4,4,3,4,4,2,1,5,1,3,1,4,3,4,5,3,4,5,5,4,3,5,5,5,5,5,2,2,3,2,3,4,2,3,1,1,1,1,3,2,2,2,3,2,3,3,2,2,3,3
"385",385,"male","white","yr2","STEM","math02","Kinesthetic",385,2,3,1,3,2,2,1,4,2,3,3,2,4,2,1,2,1,2,3,4,4,3,4,3,1,2,3,3,3,3,4,4,2,2,3,3,4,4,3,2,4,4,3,4,4,4,3,3,4,3,4,2,4,4,3,3,2,4,3,4,2,3,2,4,4,2,3,3,3,2,4,4,4,3,4,4,4,4,4,3,3,3,4,2,3,3,2,3,2,2,2,1,3,1,2,1,3,2,1,3,2,3,2,3
"386",386,"male","white","yr1","STEM","math03","Kinesthetic",386,1,5,2,4,4,1,1,3,1,5,4,4,3,1,2,1,1,1,3,4,4,2,3,5,1,5,5,5,5,5,5,5,5,1,5,3,5,4,5,1,2,5,5,5,5,5,5,5,5,5,5,3,5,5,5,1,2,5,1,3,2,1,3,5,1,2,5,3,4,5,4,4,5,4,4,5,5,5,5,5,2,2,2,1,4,3,3,3,2,1,1,1,3,2,1,3,3,1,1,2,3,3,1,3
"387",387,"female","white","yr2","STEM","stats","Visual",387,2,2,2,2,2,2,2,2,2,2,2,2,2,2,2,2,2,2,2,2,3,3,3,3,3,3,3,3,3,3,3,3,3,3,3,3,3,3,3,3,3,3,3,3,3,3,3,3,3,3,3,3,3,3,3,3,3,3,3,3,3,3,3,3,3,3,3,3,3,3,3,3,3,3,3,3,3,3,3,3,2,2,2,2,2,2,2,2,2,2,2,2,3,1,2,2,2,2,3,2,2,2,2,2
"388",388,"male","white","yr2","Other","math04","Kinesthetic",388,1,3,2,3,2,1,1,3,1,3,3,2,3,1,2,1,1,1,4,2,5,4,4,5,5,4,4,4,4,5,5,4,5,4,5,4,4,5,5,4,5,5,5,5,5,4,5,5,5,5,3,4,4,5,5,4,4,5,5,3,4,3,3,3,4,2,4,2,4,4,4,3,3,4,4,4,4,4,4,4,1,2,2,1,4,4,2,4,2,2,1,1,3,2,2,3,3,2,2,3,1,3,2,3
"389",389,"male","Black","yr2","STEM","math03","Kinesthetic",389,1,3,1,3,2,1,1,5,1,3,3,2,5,1,1,1,1,1,2,4,3,4,4,4,3,4,4,3,4,3,4,4,4,4,4,3,3,3,3,2,4,3,4,4,4,4,2,4,4,4,5,4,3,4,5,4,2,4,4,2,4,2,3,2,2,2,5,2,5,3,4,4,4,4,4,4,4,4,4,4,2,2,2,3,3,3,3,3,2,1,1,1,3,2,2,1,1,2,1,3,1,3,3,3
"390",390,"female","other","yr1","STEM","stats","Visual",390,1,5,2,4,5,2,2,5,3,5,4,5,5,1,2,2,2,3,4,2,4,3,1,2,1,2,1,4,1,4,3,5,3,3,4,4,2,1,5,1,1,3,2,2,4,4,4,3,4,4,4,4,3,5,1,5,4,5,2,4,1,3,2,5,3,5,3,5,5,3,1,1,1,2,2,4,4,4,4,4,2,2,3,3,4,3,2,3,2,2,1,1,3,1,1,2,1,2,3,2,2,3,2,3
"391",391,"female","white","yr2","Health","stats","Kinesthetic",391,2,3,2,2,4,3,2,4,1,3,2,4,4,2,2,3,2,1,4,2,3,4,3,3,2,2,2,3,5,3,4,4,3,4,4,4,3,4,3,2,4,3,4,4,4,4,2,4,5,5,4,5,4,3,4,3,2,3,3,2,4,2,2,3,4,4,4,4,4,4,4,4,4,4,4,4,4,4,4,4,1,2,2,1,3,3,2,3,1,1,1,1,3,2,1,1,3,2,1,1,3,1,3,3
"392",392,"female","white","yr1","Other","math03","Kinesthetic",392,1,4,1,3,2,1,1,5,1,4,3,2,5,1,1,1,1,1,4,2,3,1,1,2,1,1,1,4,4,5,4,4,5,1,4,2,4,4,4,1,1,5,3,4,4,4,4,3,5,5,3,2,3,4,5,2,4,4,2,5,1,4,3,3,4,2,1,1,2,3,2,2,2,2,3,4,3,4,4,3,2,2,3,3,4,3,1,4,2,2,1,1,3,2,2,3,3,2,3,2,2,3,3,3
"393",393,"female","white","yr1","Health","stats","Visual",393,1,3,3,2,4,1,2,5,1,3,2,4,5,1,3,1,2,1,2,4,3,4,4,4,5,3,4,4,5,3,3,4,3,3,3,4,3,3,2,1,3,4,4,2,2,3,2,3,4,4,4,4,4,5,2,2,1,3,2,2,4,1,2,3,5,1,3,2,2,3,2,3,2,2,2,3,2,3,2,2,4,4,4,3,4,3,2,4,3,2,1,1,3,1,1,3,1,2,3,2,2,3,2,1
"394",394,"male",NA,"yr1","STEM","stats","Auditory",394,1,3,2,5,2,3,5,5,3,3,5,2,5,1,2,3,5,3,2,3,2,5,4,4,4,3,3,4,4,4,4,4,5,2,4,4,4,2,3,1,3,3,4,3,5,4,4,4,3,3,3,5,4,3,4,4,4,5,5,4,3,4,5,5,4,3,4,4,4,2,1,3,1,4,2,3,3,1,2,2,1,1,1,1,2,3,2,3,1,1,1,1,3,1,1,2,3,2,1,2,1,1,2,3
"395",395,"female","white","yr2","STEM","math03","Auditory",395,2,4,2,3,5,4,1,5,4,4,3,5,5,2,2,4,1,4,3,2,4,3,2,2,1,1,2,4,4,3,4,4,4,3,3,4,2,4,5,3,4,3,4,3,3,4,2,3,4,4,4,3,2,3,3,3,2,3,2,2,2,2,3,3,2,1,3,1,3,2,2,2,2,2,2,3,2,3,3,2,2,2,2,3,4,4,3,3,3,1,1,2,3,1,2,2,1,1,1,1,2,1,3,1
"396",396,"female","other","yr1","STEM","stats","Kinesthetic",396,1,3,2,3,5,3,1,5,2,3,3,5,5,1,2,3,1,2,2,4,4,1,1,2,1,1,2,1,1,2,1,4,2,1,1,3,1,1,1,1,1,3,2,1,2,4,1,1,1,3,1,1,1,2,1,1,2,1,1,4,1,4,2,1,4,1,1,3,4,3,1,1,1,1,1,5,5,5,5,5,2,2,4,1,4,4,4,4,1,2,1,2,3,2,2,3,1,2,3,3,2,1,1,3
"397",397,"female","white","yr1","Business","math02","Kinesthetic",397,1,3,1,3,1,2,1,4,2,3,3,1,4,1,1,2,1,2,2,3,3,2,3,3,3,3,4,5,3,3,2,3,2,2,4,2,2,3,2,4,3,4,3,3,3,4,2,3,4,3,4,2,2,3,3,3,5,5,4,5,4,5,2,3,2,2,2,1,2,4,2,3,3,3,3,4,4,5,5,5,2,2,2,2,3,4,3,3,1,1,1,1,3,2,2,2,1,2,3,3,1,1,3,1
"398",398,"female","Black","yr1","STEM","math02","Auditory",398,1,5,5,5,4,5,3,5,5,5,5,4,5,1,5,5,3,5,1,4,1,2,4,2,1,1,1,1,2,4,2,2,2,1,2,2,2,2,3,1,1,2,1,3,3,3,3,3,2,2,2,4,2,2,3,2,2,2,2,2,2,2,1,2,1,1,2,3,1,3,4,4,4,4,3,5,3,3,3,3,1,2,2,1,2,2,2,2,2,2,1,2,3,1,1,2,1,2,1,1,3,2,3,3
"399",399,"female","white","yr1","Business","math03","Visual",399,1,3,2,3,3,1,1,4,3,3,3,3,4,1,2,1,1,3,4,4,4,3,2,2,2,4,2,3,3,3,3,3,2,3,3,3,3,3,3,3,3,4,3,3,3,4,3,3,3,3,3,3,3,3,3,2,4,3,3,3,3,2,2,4,2,3,3,3,3,2,3,2,3,3,3,4,3,4,3,2,2,2,2,2,2,2,2,2,2,2,2,2,3,2,2,3,2,2,2,3,3,1,2,1
"400",400,"male","white","yr2","Business","math03","Visual",400,1,1,1,1,4,1,2,1,1,1,1,4,1,1,1,1,2,1,4,2,4,4,4,2,4,3,2,4,4,4,4,4,4,4,4,4,2,3,3,2,2,4,4,5,5,4,5,5,4,5,4,1,2,5,5,4,5,5,5,5,5,5,3,3,4,1,4,2,3,4,2,3,3,3,3,3,3,3,3,3,2,2,2,1,4,2,1,2,2,1,1,1,1,2,2,3,3,2,1,2,3,3,2,3
"401",401,"male","white","yr1","Health","math02","Kinesthetic",401,3,3,2,3,2,1,2,2,2,3,3,2,2,3,2,1,2,2,2,4,3,2,2,2,3,2,3,3,3,3,3,4,4,2,4,2,3,2,2,2,2,3,2,3,4,4,2,3,4,3,4,2,2,2,3,2,3,4,3,3,3,4,1,2,2,2,2,2,2,3,4,3,3,3,3,3,3,3,3,3,2,2,1,2,2,2,1,2,1,1,3,1,2,3,1,3,1,2,3,3,3,1,3,3
"402",402,"female","white","yr2","STEM","math03","Kinesthetic",402,1,4,1,4,4,2,1,5,2,4,4,4,5,1,1,2,1,2,1,5,2,3,2,2,2,3,1,4,3,5,1,4,3,3,3,2,1,3,2,5,2,1,3,1,5,4,4,3,2,2,2,2,1,3,4,2,1,4,4,3,1,3,3,5,4,2,3,1,1,3,2,2,2,3,4,4,4,4,4,2,2,1,2,4,4,4,4,4,2,1,1,3,2,2,1,3,3,1,1,3,2,2,3,3
"403",403,"male","Asian","yr3","STEM","stats","Visual",403,1,2,1,2,1,1,1,1,1,2,2,1,1,1,1,1,1,1,3,3,4,1,1,4,1,2,5,5,5,5,5,5,5,1,5,5,4,4,5,1,1,4,4,5,5,4,2,4,5,5,4,1,3,5,5,2,1,4,1,1,4,1,1,5,1,1,4,5,5,5,5,5,5,5,5,5,5,5,5,5,1,2,1,1,3,3,2,2,2,1,1,1,2,2,1,3,3,2,2,3,2,1,1,3
"404",404,"female","white","yr1","Health","stats","Kinesthetic",404,2,3,2,3,3,1,2,4,2,3,3,3,4,2,2,1,2,2,3,4,3,3,3,3,2,3,1,4,3,3,3,4,3,2,5,4,3,2,3,2,3,4,3,4,5,4,4,5,5,4,3,4,4,5,4,3,3,4,4,3,2,4,2,3,2,5,4,2,5,3,3,2,3,3,3,4,4,4,4,2,2,2,1,1,4,4,3,4,1,1,1,1,3,2,1,3,1,2,1,3,2,1,3,3
"405",405,"female","white","yr1","Other","math01","Kinesthetic",405,3,1,1,3,3,1,1,4,3,1,3,3,4,3,1,1,1,3,2,5,2,3,3,4,3,1,5,5,5,3,3,5,5,3,5,5,5,3,3,2,1,5,5,5,5,5,5,5,5,2,3,1,5,5,5,5,3,5,5,3,5,3,3,4,5,1,3,5,5,1,1,1,1,1,1,3,3,3,3,1,4,4,4,1,4,2,1,2,1,1,1,1,1,2,1,3,3,1,3,2,3,3,3,3
"406",406,"female","white","yr1","Other","stats","Visual",406,1,3,1,3,4,2,2,4,1,3,3,4,4,1,1,2,2,1,4,4,3,3,4,4,2,3,3,4,5,4,4,5,4,4,4,4,4,3,5,3,3,5,4,4,3,4,4,4,4,4,5,5,4,4,4,4,3,5,3,3,4,3,5,4,3,4,4,3,4,2,2,3,3,3,3,4,3,4,3,2,4,4,4,2,3,3,2,3,3,2,1,1,2,2,1,2,3,2,1,2,2,1,2,3
"407",407,"female","Black","yr3","Health","stats","Visual",407,3,2,1,3,3,4,4,4,1,2,3,3,4,3,1,4,4,1,3,5,3,3,4,4,3,3,4,2,4,4,3,4,4,3,3,3,3,3,2,3,1,5,5,4,4,3,5,3,4,4,4,5,5,4,3,4,3,2,3,3,3,4,3,4,4,3,2,4,5,3,4,3,3,3,3,3,3,3,3,3,2,1,2,3,3,2,3,3,3,3,3,2,2,1,3,3,3,2,3,1,2,1,2,2
"408",408,"female","white","yr1","Business","math02","Visual",408,1,5,2,5,2,5,3,5,4,5,5,2,5,1,2,5,3,4,1,5,2,2,4,4,4,3,3,4,3,3,3,3,3,3,3,3,3,3,3,3,3,3,3,3,3,3,3,3,3,3,3,3,3,3,3,3,3,3,3,3,3,3,4,2,3,4,2,3,3,2,2,4,3,3,3,3,3,3,3,3,4,3,2,2,2,2,2,2,2,2,2,2,2,2,2,3,2,2,3,2,2,3,3,2
"409",409,"male","white","yr3","STEM","math04","Kinesthetic",409,1,2,3,3,2,1,1,4,3,2,3,2,4,1,3,1,1,3,4,3,4,4,3,3,2,2,3,4,4,3,3,5,4,3,4,3,2,4,4,3,3,3,2,4,2,4,2,4,5,4,4,4,3,3,5,3,4,4,3,4,2,5,2,2,3,3,2,2,3,1,4,4,4,4,4,4,4,5,4,4,2,3,2,2,4,3,3,4,2,1,1,1,1,2,2,3,1,2,3,2,2,3,3,3
"410",410,"female","white","yr5+","Health","stats","Kinesthetic",410,2,2,2,2,3,3,3,2,3,2,2,3,2,2,2,3,3,3,2,2,3,3,3,2,3,3,3,3,2,2,3,3,3,3,3,3,3,3,3,2,2,3,2,2,3,3,3,3,3,3,2,2,2,2,2,2,2,3,3,3,3,3,3,3,3,3,3,3,4,3,2,3,3,3,2,3,2,3,2,2,2,2,2,2,2,2,3,2,2,1,1,2,2,2,3,1,3,1,3,1,1,3,3,2
"411",411,"female","white","yr1","Business","math03","Kinesthetic",411,3,4,3,4,3,3,2,4,3,4,4,3,4,3,3,3,2,3,3,4,3,1,2,2,1,1,2,1,1,1,1,1,2,1,2,2,2,1,1,2,1,2,1,1,2,1,2,2,4,3,3,2,2,2,2,2,2,2,2,1,1,1,3,3,1,3,3,2,3,3,3,3,3,3,3,3,3,3,3,3,2,2,2,3,3,3,3,3,2,1,3,1,3,2,1,2,3,2,3,2,2,3,3,3
"412",412,"female","other","yr2","Other","math02","Visual",412,3,4,4,4,3,2,2,5,2,4,4,3,5,3,4,2,2,2,1,5,2,1,1,2,1,5,2,2,1,5,2,4,2,1,4,2,2,2,2,1,4,3,4,3,4,2,3,3,4,3,2,2,4,4,2,3,4,2,5,3,5,5,5,4,2,1,2,5,2,2,1,1,2,2,1,3,3,2,2,1,4,3,2,4,3,2,2,3,2,2,1,1,3,1,1,2,1,2,2,2,2,3,2,3
"413",413,"female","white","yr3","Business","math03","Visual",413,1,4,2,4,1,2,1,5,1,4,4,1,5,1,2,2,1,1,2,5,1,2,3,2,2,3,2,2,2,3,3,4,3,1,3,2,3,2,2,3,2,3,3,3,3,3,2,3,2,2,2,2,2,2,2,2,2,2,2,2,2,2,2,2,2,2,2,1,3,3,4,3,3,3,5,5,5,5,5,5,1,2,1,4,4,3,2,4,2,1,1,1,1,2,2,2,2,2,3,1,2,1,3,3
"414",414,"female","white","yr1","Health","stats","Auditory",414,1,3,2,3,2,3,4,5,1,3,3,2,5,1,2,3,4,1,2,4,3,3,4,5,2,1,3,5,5,3,3,2,5,4,2,3,4,2,3,3,4,1,3,4,1,3,3,4,5,5,2,3,4,4,4,2,3,4,2,4,3,5,1,4,4,3,4,4,3,2,4,5,4,3,3,3,3,4,4,4,2,3,2,2,3,3,2,2,3,3,2,2,1,2,1,1,3,1,1,3,2,1,3,3
"415",415,"female","white","yr4","Other","math04","Kinesthetic",415,1,4,2,5,4,2,2,5,1,4,5,4,5,1,2,2,2,1,4,5,4,4,5,5,5,5,5,4,2,1,4,5,5,5,2,4,3,5,3,4,3,4,3,3,5,4,5,5,3,3,2,4,4,4,5,5,1,5,5,1,1,1,3,2,2,3,2,3,4,3,2,2,4,3,3,3,3,3,3,3,3,3,3,3,3,1,2,1,3,1,1,1,3,2,2,2,3,2,3,3,2,1,3,3
"416",416,"male","white","yr2","Other","stats","Visual",416,2,3,2,2,1,1,1,2,2,3,2,1,2,2,2,1,1,2,4,1,4,3,5,4,3,3,4,5,4,4,4,4,4,2,4,3,3,2,4,2,4,4,3,3,4,4,3,5,5,3,3,3,4,5,4,4,4,4,4,3,4,3,5,4,3,3,4,1,2,3,2,3,3,3,3,4,4,4,4,4,2,2,2,1,3,4,4,4,2,1,1,1,3,1,2,2,3,2,2,2,2,2,2,3
"417",417,"female","white","yr2","STEM","math02","Kinesthetic",417,1,1,2,2,1,2,2,3,2,1,2,1,3,1,2,2,2,2,5,2,5,3,4,3,2,2,2,4,4,4,3,4,4,2,4,3,4,3,3,2,2,4,4,4,2,4,2,4,4,5,5,3,5,4,5,2,4,3,2,4,3,2,1,3,2,1,2,2,3,2,5,4,3,4,4,5,4,4,4,4,4,4,4,2,4,3,2,2,2,2,2,1,3,2,3,3,1,2,3,3,2,3,3,3
"418",418,"female","white","yr1","Health","math02","Kinesthetic",418,1,3,3,3,4,3,1,4,1,3,3,4,4,1,3,3,1,1,4,2,2,1,2,1,1,2,1,2,1,3,3,3,3,2,2,4,3,2,4,1,3,4,1,1,3,2,1,1,1,4,4,2,4,3,3,2,2,3,2,1,2,2,1,3,3,1,3,3,3,2,2,2,3,3,3,3,3,3,3,3,2,3,2,4,3,3,2,4,2,2,1,1,2,1,1,3,2,2,3,2,3,3,3,3
"419",419,"female","Asian","yr5+","Health","stats","Kinesthetic",419,1,5,3,5,5,2,1,5,3,5,5,5,5,1,3,2,1,3,3,5,3,1,4,4,1,1,2,5,4,3,4,5,4,3,4,5,4,3,4,1,2,3,4,4,5,5,3,4,4,3,3,5,4,4,4,2,2,4,3,3,3,2,5,4,4,3,4,2,2,1,1,1,1,1,1,2,1,1,1,1,4,4,4,1,4,4,2,4,3,4,3,1,1,1,3,2,3,3,3,2,2,1,3,3
"420",420,"male","white","yr3","Other","math04","Auditory",420,3,3,3,2,3,3,3,2,3,3,2,3,2,3,3,3,3,3,2,2,4,4,3,3,4,3,3,3,3,4,4,3,3,3,3,2,2,2,3,3,3,3,3,2,2,3,3,3,4,4,4,1,3,3,3,3,4,4,4,4,4,3,2,2,3,4,3,3,3,3,3,3,3,3,3,3,3,3,3,3,3,3,3,2,3,3,3,3,4,4,1,1,2,1,1,3,1,2,1,3,2,3,1,3
"421",421,"male","white","yr3","Other","math04","Kinesthetic",421,2,3,2,2,4,5,1,4,2,3,2,4,4,2,2,5,1,2,2,2,2,1,2,2,2,1,2,2,2,3,3,3,3,2,2,4,3,3,4,3,3,2,3,3,3,2,3,3,5,2,2,2,2,2,2,2,2,2,2,2,2,2,3,3,3,2,2,1,3,3,4,4,4,3,3,4,4,4,4,4,2,2,2,2,2,2,1,2,1,1,1,1,1,1,1,3,3,2,3,3,2,3,3,1
"422",422,"female","white","yr3","Other","math04","Auditory",422,1,3,1,3,3,2,1,4,2,3,3,3,4,1,1,2,1,2,2,3,4,4,4,4,4,4,4,4,4,3,4,3,4,3,3,4,3,5,5,3,5,5,4,3,4,5,5,3,5,3,5,4,3,3,4,4,4,3,5,3,4,4,3,3,4,4,5,5,4,3,4,2,4,4,4,4,3,3,3,3,2,2,2,3,2,2,1,3,3,2,2,3,2,2,1,3,1,2,1,3,1,2,3,1
"423",423,"female","white","yr5+","Health","stats","Auditory",423,3,3,3,3,3,3,2,5,5,3,3,3,5,3,3,3,2,5,1,5,1,3,4,3,1,1,4,1,1,2,4,4,3,2,3,2,2,3,2,2,2,3,3,2,2,3,3,2,2,3,1,2,2,3,3,3,2,2,3,2,3,2,3,2,3,3,2,3,2,5,5,1,1,1,1,1,1,1,1,1,1,4,3,4,2,4,2,2,3,2,3,3,3,2,2,2,3,1,2,1,3,1,1,1
"424",424,"female","other","yr1","Other","math02","Kinesthetic",424,1,3,2,3,2,1,1,3,1,3,3,2,3,1,2,1,1,1,3,4,4,5,5,3,1,2,2,3,3,3,4,5,5,2,1,4,3,4,4,1,3,3,3,4,4,4,2,1,1,3,3,1,3,3,3,3,3,5,4,4,5,4,4,1,1,4,4,1,4,3,2,2,2,3,3,3,3,3,3,3,3,4,4,4,3,4,4,4,4,1,1,1,3,2,1,1,3,2,1,3,2,3,3,2
"425",425,"female","other","yr1","STEM","math02","Visual",425,1,3,1,4,2,1,2,4,1,3,4,2,4,1,1,1,2,1,2,4,2,4,4,4,4,4,3,3,3,3,3,3,3,3,4,3,4,3,3,3,4,4,3,3,3,4,4,4,3,3,3,3,3,3,3,3,3,3,3,4,3,3,3,3,3,4,3,3,3,3,3,3,2,2,3,5,4,4,4,3,2,2,2,2,3,4,4,4,1,3,3,2,3,2,2,1,3,1,3,1,2,1,2,3
"426",426,"female","white","yr3","Other","math04","Auditory",426,3,4,3,3,4,2,1,4,3,4,3,4,4,3,3,2,1,3,2,4,3,3,3,4,3,3,4,4,3,3,3,4,4,3,4,4,4,3,3,4,4,4,4,3,4,4,4,4,4,4,4,3,3,3,4,3,3,4,4,3,3,3,1,3,3,3,4,4,3,3,3,2,3,2,2,3,2,3,3,2,2,2,2,3,3,3,2,3,2,2,2,2,1,2,1,1,3,1,2,1,2,1,3,2
"427",427,"male","white","yr2","STEM","stats","Kinesthetic",427,1,3,1,4,5,3,2,5,5,3,4,5,5,1,1,3,2,5,5,2,5,5,5,5,5,5,5,5,5,5,5,5,5,5,5,5,5,2,4,1,4,4,4,5,4,4,4,4,5,3,2,4,5,4,5,4,3,5,4,2,2,1,4,4,1,4,4,1,5,4,4,2,2,2,2,4,5,5,5,5,3,4,3,2,4,4,3,4,2,2,1,1,3,1,2,3,3,2,1,2,2,3,3,2
"428",428,"female","white","yr3","STEM","math04","Visual",428,1,4,1,3,5,2,2,5,3,4,3,5,5,1,1,2,2,3,3,4,2,2,1,2,2,4,3,1,2,2,3,3,2,2,4,4,2,4,2,4,4,4,4,3,3,5,4,4,3,3,4,4,3,3,4,4,2,3,3,2,2,4,2,3,1,2,1,1,4,3,4,4,4,3,3,5,4,4,4,3,2,2,3,4,4,4,4,4,2,2,2,3,3,2,2,3,2,2,3,2,2,1,1,2
"429",429,"male","Black","yr1","STEM","math02","Visual",429,1,3,1,3,2,1,1,3,1,3,3,2,3,1,1,1,1,1,4,4,4,5,5,5,3,5,5,4,4,4,4,3,3,3,4,5,5,4,4,3,3,4,4,4,4,4,4,5,5,4,4,4,4,5,5,5,4,4,4,4,4,4,4,4,3,4,4,4,4,2,4,4,4,4,4,4,4,4,4,4,2,2,2,2,3,2,2,2,2,1,1,1,2,2,2,3,3,2,1,3,2,1,3,2
"430",430,"male","white","yr1","STEM","math01","Visual",430,2,2,3,4,3,5,1,3,3,2,4,3,3,2,3,5,1,3,2,5,5,4,4,5,4,4,4,4,4,4,4,4,4,5,5,4,5,4,4,4,4,4,4,5,3,4,4,4,5,5,5,5,5,5,4,4,4,4,4,5,5,5,4,4,5,4,5,5,5,2,1,1,1,4,1,2,2,2,1,2,1,1,1,2,2,1,1,1,2,2,2,1,3,2,2,1,3,2,2,2,3,1,1,1
"431",431,"female","white","yr1","Other","math01","Kinesthetic",431,1,1,2,1,4,2,2,4,2,1,1,4,4,1,2,2,2,2,4,2,4,2,3,3,1,2,3,4,3,3,2,4,4,2,2,4,3,2,3,3,2,4,3,4,2,4,3,3,5,4,4,2,3,4,3,3,3,4,4,2,2,2,2,3,4,1,1,2,2,3,3,3,3,3,3,3,3,3,3,3,4,3,4,2,4,4,3,3,2,2,1,1,3,1,2,1,3,2,3,1,2,1,3,3
"432",432,"female","white","yr1","Other","math01","Auditory",432,3,4,1,5,5,4,2,5,5,4,5,5,5,3,1,4,2,5,1,5,1,1,1,1,1,1,1,1,1,2,1,1,3,2,1,1,1,2,1,1,1,3,1,1,4,3,2,2,1,1,2,1,1,2,2,3,5,4,1,1,1,3,1,4,1,1,1,1,1,5,1,1,1,2,1,4,2,2,2,2,1,1,2,3,2,2,1,1,1,2,1,1,1,2,1,2,1,1,3,1,1,2,3,3
"433",433,"female","white","yr2","Other","math01","Auditory",433,1,1,1,1,1,1,1,3,1,1,1,1,3,1,1,1,1,1,1,3,3,3,3,3,3,3,3,3,3,3,3,3,3,3,3,3,3,3,3,3,3,3,3,3,3,3,3,3,3,3,3,3,3,3,3,3,3,3,3,3,3,3,3,3,3,3,3,3,3,3,3,3,3,3,4,3,3,3,3,4,3,2,2,2,2,2,2,2,2,2,2,2,3,1,1,1,1,1,1,3,2,1,2,1
"434",434,"female","white","yr1","Other","math02","Visual",434,2,3,2,3,4,5,3,5,2,3,3,4,5,2,2,5,3,2,5,2,3,2,4,4,2,3,1,4,3,4,4,3,4,3,4,5,4,4,3,3,2,5,3,4,3,5,4,4,5,5,5,5,3,4,5,3,4,4,5,3,3,3,1,4,2,3,2,4,3,5,1,2,5,1,2,2,2,2,2,2,3,3,3,2,4,4,3,4,3,1,1,2,2,2,2,3,2,2,2,1,2,1,3,2
"435",435,"female","white","yr2","STEM","stats","Auditory",435,1,1,2,3,2,1,1,1,2,1,3,2,1,1,2,1,1,2,4,5,4,5,5,4,3,4,4,5,3,4,4,4,3,5,4,3,5,5,4,4,5,4,4,4,3,5,4,5,5,5,3,4,4,5,4,3,2,4,5,2,4,2,3,2,3,2,3,1,2,3,2,2,2,2,2,4,2,2,2,2,2,2,3,2,2,4,2,3,3,4,2,1,3,2,1,1,3,2,3,1,1,1,3,1
"436",436,"male","other","yr3","STEM","math03","Visual",436,1,1,1,1,1,1,1,1,1,1,1,1,1,1,1,1,1,1,4,4,4,4,4,4,4,4,4,4,4,4,4,4,4,4,4,4,4,4,4,4,4,4,4,4,4,4,4,4,4,4,4,4,4,4,4,4,4,4,4,4,4,4,4,4,4,4,4,4,4,2,2,2,2,4,2,2,2,2,2,2,2,2,2,2,2,2,2,2,2,2,2,2,1,2,1,1,2,3,2,2,1,1,2,2
"437",437,"female","white","yr1","Other","math01","Visual",437,2,4,1,4,4,2,2,5,3,4,4,4,5,2,1,2,2,3,4,3,4,2,4,1,1,2,2,3,2,3,4,4,3,2,2,2,2,3,3,2,2,3,2,3,2,3,3,3,4,3,2,3,3,2,3,2,3,4,2,4,4,4,2,4,2,1,3,1,2,3,3,3,4,3,2,4,3,3,2,2,3,3,3,2,3,3,3,3,2,2,1,1,3,2,2,2,1,2,3,3,2,1,1,3
"438",438,"male","white","yr1","STEM","math02","Visual",438,1,3,1,4,3,4,2,5,3,3,4,3,5,1,1,4,2,3,2,2,2,2,3,2,3,2,3,2,3,2,3,2,3,2,3,3,3,3,3,3,3,3,3,3,3,3,3,3,3,3,3,3,3,3,3,3,3,3,3,3,3,3,3,3,3,3,3,3,3,3,3,3,3,3,3,3,3,3,3,3,3,3,3,3,3,3,3,3,3,3,3,3,2,2,2,2,2,2,2,2,2,2,2,1
"439",439,"female","white","yr1","Business","math03","Auditory",439,1,3,2,2,4,3,1,4,1,3,2,4,4,1,2,3,1,1,3,3,4,4,3,2,2,2,3,3,3,2,3,3,3,3,4,4,4,4,4,4,4,4,3,3,3,3,3,3,2,2,3,2,3,3,3,3,3,3,3,3,3,3,3,3,3,3,3,3,3,5,2,2,2,3,3,3,3,3,3,3,2,2,3,3,2,2,3,3,3,1,1,1,3,1,1,1,1,2,3,1,2,2,2,1
"440",440,"female","white","yr1","STEM","math02","Kinesthetic",440,1,3,1,3,4,1,2,4,1,3,3,4,4,1,1,1,2,1,4,3,2,1,3,3,1,4,2,2,4,1,4,4,4,1,4,4,4,4,3,2,4,3,1,4,2,3,1,4,2,3,4,1,3,3,4,1,4,2,3,2,4,3,1,3,2,4,2,3,1,1,2,4,4,5,5,5,5,5,5,5,2,2,2,2,2,2,2,2,2,2,2,2,3,2,3,1,1,2,1,1,3,3,3,1
"441",441,"female","white","yr1","Business","math02","Auditory",441,3,4,3,5,2,3,3,5,2,4,5,2,5,3,3,3,3,2,1,5,2,3,4,3,3,4,3,3,2,3,2,4,4,3,4,4,3,2,3,3,3,3,3,2,3,3,2,3,4,3,4,3,3,4,2,3,4,3,3,2,4,3,2,3,3,3,4,2,3,2,2,2,2,2,2,3,2,2,2,2,3,3,3,1,4,4,3,3,3,1,1,1,3,1,3,1,2,2,1,3,2,1,2,1
"442",442,"female","white","yr2","Other","math02","Kinesthetic",442,1,3,1,2,2,1,1,5,1,3,2,2,5,1,1,1,1,1,4,2,5,2,4,4,1,1,1,4,4,5,4,3,4,1,4,3,4,4,5,1,4,5,4,5,5,5,4,4,5,4,4,4,5,5,4,2,3,5,2,3,4,2,1,4,1,3,3,2,3,3,3,2,2,3,3,4,3,3,3,3,3,3,3,3,4,4,3,4,3,1,1,1,3,2,2,3,3,2,3,1,3,3,3,3
"443",443,"female","Black","yr1","Business","math03","Visual",443,2,5,3,5,3,3,3,5,3,5,5,3,5,2,3,3,3,3,2,4,3,4,4,3,4,3,2,4,3,4,3,5,3,2,4,4,4,3,4,2,3,3,3,3,3,4,1,3,3,3,3,3,3,3,3,4,4,4,3,3,4,3,3,3,2,2,4,2,4,3,4,3,3,4,2,3,4,4,4,4,2,2,2,1,3,4,3,3,4,2,4,1,1,2,1,2,3,2,3,2,2,3,2,2
"444",444,"female","white","yr1","Business","stats","Visual",444,4,5,4,3,4,2,2,5,2,5,3,4,5,4,4,2,2,2,3,4,3,3,3,4,2,2,3,3,4,3,3,4,2,3,2,1,2,3,2,2,1,3,3,3,4,3,3,3,4,4,4,4,3,3,3,4,4,4,4,4,4,4,2,3,3,4,4,2,3,3,4,4,3,3,3,4,5,5,5,3,4,2,4,4,3,4,4,4,3,2,2,2,3,2,2,2,3,2,1,3,2,1,2,3
"445",445,"female","white","yr2","STEM","stats","Visual",445,2,4,1,5,3,2,3,5,2,4,5,3,5,2,1,2,3,2,4,2,5,2,2,3,1,2,2,4,3,4,4,4,3,2,5,5,2,3,2,4,2,3,2,4,4,4,3,4,4,4,4,2,4,3,4,4,2,4,4,3,4,3,4,4,1,1,2,1,3,4,3,4,2,2,4,5,5,5,5,3,3,4,4,1,4,4,2,4,1,1,1,1,3,2,2,2,1,2,3,3,2,1,3,3
"446",446,"female","white","yr1","Health","stats","Kinesthetic",446,2,5,2,5,2,3,2,3,3,5,5,2,3,2,2,3,2,3,3,4,4,3,2,2,1,3,3,4,3,3,3,3,3,3,3,3,4,4,3,4,4,4,4,4,5,5,5,5,5,4,5,5,4,4,4,4,5,5,5,5,5,5,2,4,3,2,2,4,3,5,3,3,2,3,3,5,4,5,5,4,3,2,2,2,4,4,2,4,2,1,3,1,1,1,1,3,3,2,3,2,2,3,2,3
"447",447,"female","Asian","yr1","STEM","stats","Auditory",447,1,2,1,2,2,2,1,2,2,2,2,2,2,1,1,2,1,2,3,4,4,4,4,4,4,4,4,4,4,4,5,5,4,5,4,5,5,4,5,5,4,5,5,4,4,5,5,4,4,5,5,4,4,4,5,4,4,4,4,4,4,5,5,4,4,4,5,4,4,3,3,3,2,3,2,3,3,3,3,3,2,3,2,3,4,3,4,2,2,1,3,3,3,1,2,1,1,2,2,1,2,3,3,1
"448",448,"female","white","yr1","Other","stats","Kinesthetic",448,2,2,1,3,1,2,1,5,2,2,3,1,5,2,1,2,1,2,3,4,3,2,2,2,1,1,3,2,3,2,2,2,2,2,3,2,2,2,2,2,2,2,2,2,2,2,2,2,2,2,2,2,2,2,2,2,2,2,2,2,2,2,2,2,2,2,2,2,2,3,3,3,3,3,3,3,3,3,3,3,2,2,2,2,3,2,2,2,2,2,2,2,2,1,2,3,1,2,3,2,2,3,3,3
"449",449,"female","white","yr4","Other","math04","Auditory",449,1,3,1,3,1,1,1,1,1,3,3,1,1,1,1,1,1,1,2,3,2,5,5,5,5,5,5,5,5,5,5,5,5,5,5,5,5,4,5,4,4,4,5,5,5,5,4,4,4,5,5,5,4,5,5,5,1,3,4,2,3,2,4,1,1,3,3,2,5,3,3,3,3,3,3,3,3,3,3,3,3,3,4,4,4,3,2,3,3,2,3,1,1,1,3,1,2,2,1,1,2,1,2,3
"450",450,"female","white","yr1","Other","math01","Auditory",450,1,2,1,3,2,2,1,4,1,2,3,2,4,1,1,2,1,1,5,5,5,5,5,5,5,5,5,5,5,4,5,4,4,4,4,4,4,4,3,5,4,5,5,4,5,5,5,4,5,4,4,4,4,5,3,5,5,5,5,4,5,5,5,5,5,4,5,5,4,1,1,3,2,4,2,1,2,3,3,3,4,4,4,4,4,4,4,4,3,3,1,1,1,1,2,1,1,2,1,3,2,3,3,1
"451",451,"female","other","yr2","Other","stats","Visual",451,1,4,1,5,4,1,1,5,2,4,5,4,5,1,1,1,1,2,4,4,4,3,4,3,1,2,5,4,5,5,3,3,4,3,5,5,5,4,5,3,1,4,4,4,5,5,3,3,5,4,3,1,5,4,4,2,2,4,3,4,3,2,1,1,1,3,4,2,3,3,3,2,2,2,2,3,3,3,3,3,3,3,3,1,3,3,2,4,2,1,1,1,3,1,1,2,1,2,2,2,2,1,3,3
"452",452,"male","other","yr4","Other","stats","Kinesthetic",452,2,1,1,1,2,1,2,3,1,1,1,2,3,2,1,1,2,1,4,2,3,1,3,2,1,2,2,3,5,4,4,3,5,1,4,3,4,4,4,3,2,4,5,5,5,5,4,3,5,4,4,2,3,5,3,2,3,5,2,4,5,3,2,5,1,1,4,2,1,5,3,3,4,3,3,2,2,3,2,4,3,4,2,1,3,4,1,3,2,1,1,1,3,3,1,3,2,2,2,2,3,1,3,3
"453",453,"female","white","yr3","Other","math04","Auditory",453,2,1,1,1,4,2,1,4,1,1,1,4,4,2,1,2,1,1,4,3,4,4,4,4,4,4,4,4,4,4,4,4,4,4,4,4,4,4,4,4,4,4,4,4,4,4,4,4,4,4,4,4,4,4,4,4,4,4,4,4,4,4,4,4,4,4,4,4,4,2,2,2,2,4,2,2,2,2,2,2,4,4,4,4,4,4,4,4,4,4,4,4,1,1,2,1,3,2,1,1,2,1,3,3
"454",454,"female","white","yr1","Business","math01","Kinesthetic",454,4,4,5,3,5,2,2,5,4,4,3,5,5,4,5,2,2,4,1,5,2,3,3,3,3,3,3,1,1,1,1,1,1,1,1,1,1,1,1,1,1,1,1,1,3,3,1,2,4,3,2,2,2,2,1,1,3,3,1,3,5,4,4,4,4,2,2,1,1,4,3,2,2,3,2,5,4,2,2,2,2,2,3,2,3,4,4,4,1,1,1,1,1,1,3,2,3,2,2,3,2,3,3,3
"455",455,"female","white","yr1","Other","math01","Visual",455,4,3,3,2,5,2,1,5,5,3,2,5,5,4,3,2,1,5,4,4,4,3,2,3,3,2,2,4,3,4,4,2,4,4,4,4,3,3,3,2,3,2,3,3,3,4,4,3,1,2,2,2,3,2,3,4,5,4,5,4,5,5,3,4,2,2,2,2,2,1,1,1,1,2,1,1,1,1,1,1,4,4,4,3,4,3,1,3,3,3,1,1,1,2,1,3,3,2,2,1,2,1,3,3
"456",456,"male","white","yr1","Business","math02","Auditory",456,4,4,3,4,4,3,3,3,3,4,4,4,3,4,3,3,3,3,2,1,3,3,3,3,3,3,3,3,3,3,3,3,3,3,3,3,3,3,3,3,3,3,3,3,3,3,3,3,3,3,3,3,3,3,3,3,3,3,3,3,3,4,4,4,2,2,4,4,2,4,4,3,4,1,2,4,3,4,2,3,2,2,2,2,2,2,2,2,2,2,2,2,2,3,2,1,2,1,1,1,1,1,1,1
"457",457,"female","white","yr5+","Health","stats","Auditory",457,2,3,2,3,2,1,1,4,2,3,3,2,4,2,2,1,1,2,4,4,4,5,4,4,5,4,4,5,4,3,3,4,3,4,4,4,3,5,5,4,3,4,4,3,5,5,3,4,5,5,5,4,4,5,4,4,1,4,4,1,3,1,1,3,3,3,3,4,3,3,4,4,4,4,4,5,5,5,5,3,2,2,3,4,4,4,3,4,1,1,1,1,3,1,1,1,1,2,1,2,2,1,3,1
"458",458,"male","white","yr1","STEM","math03","Auditory",458,3,3,2,4,3,5,3,5,3,3,4,3,5,3,2,5,3,3,3,4,2,5,5,4,1,5,5,5,5,4,5,4,4,5,4,5,5,4,5,5,4,5,4,5,5,4,4,5,5,4,5,5,5,5,5,5,4,4,4,5,5,4,5,5,5,4,4,5,4,5,4,5,5,5,5,5,5,5,5,5,4,2,3,3,4,4,3,3,4,3,4,3,3,1,3,1,2,2,1,2,1,2,1,1
"459",459,"male","white","yr2","Health","stats","Kinesthetic",459,3,4,4,5,4,5,4,4,3,4,5,4,4,3,4,5,4,3,2,3,1,2,3,3,4,3,2,4,3,3,3,1,3,1,3,2,2,3,2,2,3,3,3,2,2,3,3,2,2,3,4,2,1,3,4,3,2,4,3,3,3,3,3,2,4,2,2,3,2,4,3,2,3,1,1,2,2,2,3,3,2,2,2,1,2,3,1,2,1,1,1,2,3,1,3,3,3,2,1,3,2,2,3,2
"460",460,"male","white","yr1","Business","math03","Visual",460,3,3,3,3,3,3,3,3,3,3,3,3,3,3,3,3,3,3,2,3,2,4,4,3,4,4,2,4,3,4,1,4,4,4,4,4,3,4,4,4,4,3,2,4,4,4,1,4,3,5,4,4,2,3,3,3,2,3,3,2,3,2,3,3,4,4,4,3,3,3,4,4,4,4,3,4,3,3,2,2,2,2,2,3,2,2,2,3,2,2,3,2,2,2,2,2,3,1,2,2,3,2,2,3
"461",461,"female","white","yr4","Other","math04","Kinesthetic",461,2,4,4,5,5,3,3,5,3,4,5,5,5,2,4,3,3,3,2,3,4,3,2,3,3,2,2,1,1,2,3,2,3,3,2,2,2,3,4,2,2,4,3,2,3,2,4,1,3,3,4,3,3,3,3,3,1,4,3,1,1,1,2,3,2,3,2,1,2,4,3,4,2,4,3,4,3,4,4,2,1,1,2,1,3,4,4,4,2,1,4,1,3,2,3,3,2,3,3,2,2,1,3,3
"462",462,"male","white","yr1","Business","math02","Visual",462,3,4,4,5,5,3,4,5,3,4,5,5,5,3,4,3,4,3,1,5,3,3,3,3,3,3,3,4,4,4,4,4,4,4,3,3,3,3,3,3,3,3,3,3,3,3,3,3,3,3,3,3,3,3,3,3,3,3,3,3,3,3,3,3,3,3,3,3,3,3,3,3,3,3,3,3,3,3,3,2,2,2,2,2,2,2,2,2,2,2,2,2,3,2,2,2,2,2,2,2,2,2,2,2
"463",463,"female","white","yr2","Business","math03","Kinesthetic",463,3,5,3,3,2,1,2,4,4,5,3,2,4,3,3,1,2,4,2,5,4,1,2,1,5,1,2,2,3,2,1,2,3,1,2,2,3,4,3,2,2,4,2,2,4,3,2,4,2,3,2,3,2,4,2,4,3,2,3,3,2,2,4,4,2,3,2,4,2,4,2,2,2,2,3,4,4,2,4,3,3,2,2,2,3,4,4,4,3,2,2,2,3,2,2,3,3,2,1,3,2,1,3,3
"464",464,"male","Black","yr3","Business","math03","Visual",464,1,4,1,3,3,4,2,5,1,4,3,3,5,1,1,4,2,1,4,2,4,3,2,2,1,3,2,5,3,4,3,3,4,3,3,3,3,3,3,2,4,3,3,3,2,2,2,2,2,2,1,2,2,2,2,2,4,4,4,4,4,4,1,3,3,3,3,1,1,3,2,2,2,5,4,5,5,5,5,5,2,3,2,2,4,3,1,4,2,1,1,1,3,2,2,2,3,3,1,3,2,1,2,1
"465",465,"female","Asian","yr1","Health","math02","Kinesthetic",465,3,5,1,5,4,1,1,5,1,5,5,4,5,3,1,1,1,1,3,4,4,4,2,1,1,2,2,4,3,3,2,2,3,2,3,2,2,3,3,1,3,3,3,3,3,3,3,3,2,3,5,3,4,4,3,3,4,3,3,4,4,5,2,3,3,2,4,2,3,3,2,1,2,3,3,4,4,3,4,3,2,2,2,1,2,3,3,3,2,1,1,1,3,2,3,1,2,2,3,3,2,1,3,3
"466",466,"male","white","yr3","Health","math02","Visual",466,2,3,3,5,2,4,2,1,3,3,5,2,1,2,3,4,2,3,2,3,3,2,1,4,2,1,3,1,2,2,1,1,3,3,1,2,3,3,4,1,5,1,2,2,1,3,4,2,1,4,4,3,3,1,2,3,3,2,4,5,1,3,3,5,2,4,2,4,2,4,3,4,2,4,2,2,2,2,2,2,4,3,3,1,2,3,3,2,3,1,4,2,1,1,2,2,3,1,1,2,2,2,2,1
"467",467,"female","white","yr4","Other","math04","Auditory",467,1,4,4,4,4,3,3,4,3,4,4,4,4,1,4,3,3,3,3,5,2,5,5,5,5,5,5,5,5,5,5,5,5,5,5,5,5,5,5,5,5,5,5,5,5,5,5,5,5,5,5,5,5,5,5,5,5,5,5,3,5,4,4,1,1,3,4,3,5,3,3,4,4,4,3,3,4,3,3,3,2,2,1,3,1,3,1,1,3,1,1,1,2,1,2,1,1,1,1,2,2,1,3,3
"468",468,"female","Black","yr3","STEM","math02","Auditory",468,1,5,5,5,5,5,5,5,5,5,5,5,5,1,5,5,5,5,1,3,1,3,4,4,4,3,2,2,2,2,2,2,2,2,4,4,4,4,4,4,4,3,3,4,2,3,4,3,4,4,4,4,3,4,4,2,3,3,4,3,4,4,4,4,3,3,4,4,4,3,3,2,2,2,2,3,4,4,4,4,1,1,2,2,1,4,1,2,1,1,1,1,2,3,1,1,3,2,1,3,2,1,2,3
"469",469,"female","other","yr1","STEM","stats","Visual",469,2,4,1,3,3,1,2,4,3,4,3,3,4,2,1,1,2,3,3,4,4,3,2,2,1,1,3,4,2,3,2,1,1,4,2,3,2,3,3,1,2,3,2,4,4,2,2,2,5,2,3,2,4,2,2,4,2,3,3,3,4,1,4,3,4,2,2,3,1,3,1,1,2,3,3,3,3,3,3,3,2,2,2,2,3,3,2,3,2,2,3,1,2,2,2,3,3,2,2,3,2,1,3,2
"470",470,"male","Black","yr2","Other","math02","Kinesthetic",470,3,3,2,4,4,4,3,2,2,3,4,4,2,3,2,4,3,2,2,4,3,2,4,3,2,3,4,3,3,3,3,2,3,3,4,3,2,4,3,2,3,4,2,3,3,3,3,3,4,4,3,4,2,3,4,3,3,4,3,4,4,4,3,3,4,4,2,4,3,3,3,4,4,4,4,5,4,5,4,5,2,2,3,3,2,3,4,1,3,3,2,3,3,2,1,3,3,2,1,3,2,1,3,3
"471",471,"female","white","yr1","Business","math02","Visual",471,4,5,4,3,2,3,3,5,5,5,3,2,5,4,4,3,3,5,1,5,4,2,3,3,2,2,2,4,4,4,4,4,3,3,3,4,3,4,3,3,3,4,4,4,3,4,4,3,4,4,4,4,4,4,4,3,4,3,4,4,4,4,4,3,3,3,4,4,3,3,2,3,3,3,3,4,4,3,3,3,2,3,4,3,4,4,4,4,3,1,2,1,3,2,2,2,2,2,1,2,3,1,2,3
"472",472,"male","white","yr4","Other","stats","Visual",472,1,2,2,2,2,4,1,4,2,2,2,2,4,1,2,4,1,2,2,4,4,1,1,1,1,1,1,2,2,3,2,2,2,1,1,1,2,1,4,1,2,2,2,1,1,2,2,1,4,4,3,1,2,3,2,2,1,4,3,2,3,2,2,2,1,1,3,3,3,3,4,4,4,4,4,4,4,4,4,4,1,2,2,2,2,2,1,2,2,1,1,1,1,3,2,3,1,2,2,2,2,1,3,2
"473",473,"female","white","yr3","STEM","math04","Visual",473,1,2,1,3,3,2,1,5,1,2,3,3,5,1,1,2,1,1,3,2,4,2,2,1,1,1,1,2,3,2,3,3,3,1,4,3,2,2,2,1,1,2,3,3,2,2,2,1,2,4,5,2,3,3,4,2,3,4,2,3,3,4,2,2,2,1,2,4,3,4,4,4,4,5,4,5,5,5,5,5,1,2,2,4,3,4,3,3,3,2,1,1,3,2,1,3,3,2,3,2,2,2,2,1
"474",474,"female","other","yr1","STEM","stats","Kinesthetic",474,2,2,1,2,3,2,1,3,1,2,2,3,3,2,1,2,1,1,4,3,4,4,4,4,2,5,4,4,5,4,5,5,5,4,5,5,4,3,4,2,3,4,4,4,4,5,4,5,5,5,4,4,4,5,5,3,1,4,4,2,5,2,3,2,1,4,4,3,4,3,3,2,3,3,3,5,5,5,5,3,2,2,2,1,3,3,2,2,1,2,1,1,3,3,2,1,1,2,1,3,2,3,3,3
"475",475,"male","white","yr3","STEM","math03","Visual",475,2,3,1,2,4,1,1,5,2,3,2,4,5,2,1,1,1,2,4,3,3,3,3,3,2,3,2,4,3,4,3,4,3,3,3,2,3,3,3,1,2,3,2,3,4,3,3,4,4,4,5,4,3,3,3,3,4,4,2,4,3,3,4,3,3,3,4,3,3,3,3,3,3,3,3,3,3,3,3,3,4,4,4,3,3,4,3,2,2,2,1,1,2,1,2,3,2,2,2,3,2,1,3,3
"476",476,"male","Black","yr3","STEM","math04","Auditory",476,2,5,5,4,5,4,4,4,4,5,4,5,4,2,5,4,4,4,4,4,4,5,5,5,5,5,5,5,5,5,5,5,5,5,5,5,5,5,5,5,5,5,5,5,5,5,5,5,5,5,5,5,5,5,5,5,5,5,5,5,5,5,5,5,5,5,5,1,4,1,1,1,1,5,1,1,1,1,1,1,1,1,1,1,1,1,1,1,1,1,1,1,2,1,1,1,1,1,1,1,2,2,1,1
"477",477,"female","other","yr5+","STEM","math02","Kinesthetic",477,1,5,2,5,5,3,1,5,2,5,5,5,5,1,2,3,1,2,1,5,3,5,4,3,2,1,2,4,5,3,2,3,4,1,4,2,4,2,3,1,1,3,4,4,3,4,2,2,5,4,4,3,4,4,4,2,3,4,4,5,4,4,3,4,2,1,2,1,1,2,1,1,2,2,2,3,2,2,2,1,2,1,1,2,4,4,3,3,1,1,1,1,3,1,1,2,3,2,3,2,3,3,3,3
"478",478,"male","white","yr1","STEM","math03","Kinesthetic",478,1,2,1,2,2,2,1,3,2,2,2,2,3,1,1,2,1,2,5,2,5,3,5,4,1,2,2,5,5,5,5,5,5,2,4,4,5,5,5,4,3,5,4,5,5,5,5,5,5,4,5,5,5,5,5,5,5,5,5,5,5,5,1,1,5,4,3,3,3,2,5,4,5,4,5,5,5,5,5,5,2,3,2,3,4,4,2,3,2,1,1,1,3,2,1,3,3,2,2,1,2,3,3,3
"479",479,"male","white","yr1","Business","math02","Kinesthetic",479,4,5,2,4,5,4,2,5,4,5,4,5,5,4,2,4,2,4,2,5,2,3,3,2,2,4,3,5,4,4,4,3,4,4,4,4,3,4,4,3,4,4,3,4,4,3,3,4,4,5,3,4,5,3,4,4,3,5,4,4,5,4,5,4,3,4,4,3,4,2,3,3,2,4,3,2,4,4,2,2,3,3,2,2,4,2,4,4,3,1,1,1,2,2,1,3,1,1,1,3,2,2,3,3
"480",480,"female","white","yr4","Other","stats","Visual",480,3,4,4,4,4,4,4,4,3,4,4,4,4,3,4,4,4,3,1,5,5,1,4,3,1,3,3,3,3,2,2,2,1,1,2,1,1,2,3,3,3,3,3,3,3,3,4,2,4,3,4,4,3,4,3,3,2,2,3,3,3,3,1,1,2,2,3,3,3,5,1,1,2,2,1,3,1,2,2,1,1,2,2,1,1,2,1,2,2,1,1,2,1,2,1,2,1,3,1,1,2,2,2,2
"481",481,"female","white","yr4","Other","math04","Visual",481,1,3,1,3,3,1,2,4,2,3,3,3,4,1,1,1,2,2,4,3,4,5,5,5,5,4,5,5,4,4,3,5,4,5,4,4,4,5,4,3,4,5,5,5,4,5,4,4,4,4,4,5,4,4,5,4,4,4,5,5,3,3,5,4,3,3,4,3,4,3,2,2,3,2,3,3,3,3,3,3,4,4,4,4,3,3,2,3,3,1,1,1,1,2,2,2,1,2,3,1,2,1,3,3
"482",482,"male","white","yr2","STEM","math03","Kinesthetic",482,1,5,3,5,3,2,1,5,2,5,5,3,5,1,3,2,1,2,1,5,4,4,4,4,4,4,4,4,4,4,4,4,4,4,2,3,2,3,2,4,3,5,4,4,4,4,4,4,4,5,5,4,5,5,5,5,5,5,4,4,4,4,1,5,3,3,5,5,5,4,5,5,5,1,5,5,5,5,5,5,3,3,3,4,3,3,3,3,2,2,1,1,3,1,1,3,3,2,3,1,2,1,3,3
"483",483,"female","white","yr3","Other","math04","Visual",483,1,3,1,3,3,1,1,5,1,3,3,3,5,1,1,1,1,1,4,4,4,4,4,3,5,4,4,3,4,3,3,4,4,4,4,4,4,4,4,4,3,3,3,4,4,4,3,4,4,4,3,3,4,4,4,4,4,4,3,4,4,4,5,4,4,5,5,4,5,5,3,3,3,3,3,3,3,3,3,3,3,3,4,4,4,4,3,4,4,4,3,4,3,2,2,3,2,2,1,3,2,1,2,1
"484",484,"male","white","yr1","Other","stats","Kinesthetic",484,1,3,1,3,3,2,1,5,1,3,3,3,5,1,1,2,1,1,3,3,5,2,4,4,1,5,3,5,5,5,5,5,5,3,5,5,3,5,4,4,5,5,4,4,5,5,4,4,5,5,5,4,5,5,5,5,5,4,5,5,5,5,3,5,3,5,4,5,5,3,3,2,3,5,2,5,4,4,4,3,1,3,1,3,4,4,2,4,1,1,1,1,3,2,2,3,3,2,3,3,3,3,3,2
"485",485,"female","white","yr3","Other","math01","Visual",485,1,3,2,3,4,5,2,5,1,3,3,4,5,1,2,5,2,1,2,5,4,5,4,3,5,4,5,5,5,5,3,4,4,5,4,5,4,3,4,3,3,3,4,3,3,4,5,4,4,4,4,3,5,4,4,3,4,5,3,4,4,4,4,4,4,3,4,4,4,4,4,4,4,2,4,4,4,4,4,4,2,2,2,2,2,2,2,2,2,2,2,2,2,1,2,2,3,2,1,3,2,3,3,3
"486",486,"female","white","yr2","Business","math03","Visual",486,2,5,4,4,5,4,3,5,3,5,4,5,5,2,4,4,3,3,1,4,2,1,1,2,1,1,1,2,2,3,3,3,3,3,2,2,2,2,2,2,2,2,2,2,2,2,2,2,3,2,2,2,2,2,2,2,3,3,2,3,2,1,1,2,3,2,3,2,1,5,4,3,4,2,4,4,4,4,5,4,1,1,2,1,3,4,4,4,1,2,4,3,3,2,2,1,3,2,2,1,2,1,2,3
"487",487,"female","white","yr2","Other","math01","Kinesthetic",487,4,2,1,1,2,2,1,4,2,2,1,2,4,4,1,2,1,2,4,4,4,4,5,5,5,5,5,5,5,5,5,5,5,5,5,5,5,5,5,5,5,5,5,4,5,4,5,4,4,5,5,5,5,5,5,5,4,5,4,5,4,3,3,4,1,3,4,1,3,3,3,3,2,3,3,3,3,3,3,3,3,3,3,4,4,3,3,3,1,1,1,1,3,1,2,2,1,2,3,3,2,3,3,1
"488",488,"male","white","yr2","STEM","math03","Kinesthetic",488,1,5,2,5,4,3,1,5,5,5,5,4,5,1,2,3,1,5,1,5,3,4,5,5,5,5,5,5,4,4,5,5,5,4,5,5,5,5,3,4,5,5,4,4,4,5,3,5,5,5,5,5,5,5,5,5,4,4,4,5,5,5,3,5,1,4,4,3,5,1,5,5,5,5,5,5,5,5,5,5,1,2,2,1,3,2,2,3,4,4,1,1,2,2,1,2,1,1,3,3,2,3,3,3
"489",489,"female","white","yr5+","STEM","stats","Visual",489,1,4,1,5,5,1,4,4,2,4,5,5,4,1,1,1,4,2,1,1,2,5,5,5,1,4,4,5,4,3,5,5,4,5,3,4,4,2,4,2,4,3,4,3,4,3,3,4,4,4,4,2,4,4,4,2,1,4,2,1,4,1,5,5,5,1,2,1,1,2,2,1,1,2,2,3,2,2,2,2,4,4,4,3,4,4,3,4,2,4,1,1,3,3,3,2,2,2,2,1,2,1,2,3
"490",490,"female","white","yr1","STEM","math03","Visual",490,3,4,1,3,5,2,1,5,2,4,3,5,5,3,1,2,1,2,5,2,4,1,1,2,1,1,2,4,4,4,3,4,4,1,4,2,2,4,2,1,1,2,1,2,4,4,2,2,4,4,4,2,2,2,3,4,3,4,3,4,4,2,2,4,4,2,2,1,4,2,2,2,2,2,2,4,3,2,2,2,2,2,3,4,3,3,2,3,3,2,2,1,1,1,2,2,2,2,2,1,2,3,3,3
"491",491,"male","white","yr2","STEM","math02","Kinesthetic",491,3,4,1,5,3,1,2,4,1,4,5,3,4,3,1,1,2,1,2,4,3,2,3,4,2,4,4,3,4,4,4,3,3,2,2,4,4,3,4,4,2,1,3,3,4,3,2,4,3,4,3,3,4,4,3,3,4,4,3,2,4,4,2,3,2,4,3,2,4,3,2,2,2,3,3,4,4,3,3,3,2,2,2,2,3,3,3,4,3,2,2,3,3,2,1,1,3,2,3,2,3,1,3,3
"492",492,"female","Asian","yr1","Other","math02","Kinesthetic",492,1,2,2,1,2,2,1,2,1,2,1,2,2,1,2,2,1,1,4,2,4,2,2,2,2,2,3,2,4,4,4,4,4,2,3,4,4,2,4,2,2,3,3,3,3,3,3,3,5,4,2,4,3,3,4,2,4,2,2,3,3,3,3,3,3,2,3,2,3,5,2,5,5,4,5,5,5,5,5,5,3,3,3,3,3,3,3,3,3,3,1,1,3,1,1,3,3,2,3,2,2,3,2,3
"493",493,"male","white","yr1","STEM","math04","Kinesthetic",493,2,3,2,3,2,4,2,5,2,3,3,2,5,2,2,4,2,2,3,2,4,3,2,2,2,3,2,2,2,3,3,4,4,2,3,3,3,4,4,1,2,2,3,3,3,4,2,3,2,2,3,3,3,3,3,2,2,3,3,4,3,2,1,3,1,3,3,3,3,2,3,2,3,3,3,5,4,5,5,4,3,2,4,4,3,4,2,4,2,2,1,1,3,2,1,3,3,2,2,3,2,1,3,3
"494",494,"female","white","yr1","Other","math01","Visual",494,1,3,1,3,2,1,1,3,1,3,3,2,3,1,1,1,1,1,4,2,4,5,5,4,5,5,5,5,5,5,3,5,5,5,5,5,5,5,5,5,5,5,5,4,5,5,5,5,4,4,5,5,3,5,4,5,4,5,5,5,5,3,4,4,3,3,4,2,5,3,3,3,2,3,4,5,4,4,4,3,4,4,4,4,4,4,2,3,2,2,1,1,2,1,3,3,3,2,3,1,2,2,2,3
"495",495,"female","white","yr1","STEM","stats","Visual",495,1,4,1,4,4,2,1,5,3,4,4,4,5,1,1,2,1,3,1,4,4,1,2,3,2,1,2,3,3,2,3,3,2,1,3,3,3,1,3,1,1,3,2,3,4,3,2,4,5,4,5,4,4,4,2,2,2,4,2,2,4,3,2,4,2,3,3,5,4,3,3,2,2,2,4,5,4,3,3,1,2,2,2,1,3,4,3,3,1,1,1,2,3,2,3,2,2,2,3,1,2,3,1,3
"496",496,"female","white","yr1","Other","math02","Kinesthetic",496,2,5,3,5,5,4,3,5,3,5,5,5,5,2,3,4,3,3,1,5,2,2,2,2,1,2,2,2,2,2,2,2,2,2,2,2,2,2,2,2,2,2,2,2,2,2,3,3,5,1,2,2,2,2,2,2,3,2,2,2,2,2,1,4,2,1,2,1,2,5,2,2,2,1,1,2,1,1,1,1,2,2,3,2,3,2,3,2,2,1,1,1,1,1,3,1,3,2,3,1,2,3,3,3
"497",497,"female","white","yr1","Health","stats","Kinesthetic",497,2,3,1,3,4,2,2,4,2,3,3,4,4,2,1,2,2,2,4,2,3,3,3,2,2,2,2,3,3,4,4,4,4,3,3,4,4,4,4,1,3,4,2,4,5,4,3,3,5,4,3,2,4,2,3,3,2,4,3,2,3,3,2,2,2,1,1,2,2,3,2,2,2,2,2,3,2,3,3,2,3,3,2,2,4,4,2,4,1,1,1,1,3,2,3,1,3,2,1,1,2,1,3,3
"498",498,"female","other","yr1","STEM","math02","Auditory",498,1,3,2,3,4,1,1,3,1,3,3,4,3,1,2,1,1,1,5,2,4,3,5,4,2,3,2,4,4,4,3,4,2,2,4,3,3,3,3,5,2,2,3,4,5,5,3,4,4,4,5,4,4,4,3,3,5,4,2,4,4,5,2,2,1,3,4,2,3,3,2,2,2,2,3,4,3,4,3,2,2,2,2,1,4,3,1,3,1,1,1,1,3,1,1,2,2,1,1,1,2,1,3,3
"499",499,"female","white","yr3","Health","stats","Kinesthetic",499,2,5,2,5,4,4,3,5,4,5,5,4,5,2,2,4,3,4,3,4,3,3,3,3,3,3,3,2,3,3,3,3,2,3,3,3,3,3,3,3,2,2,2,4,4,3,3,4,3,2,4,3,3,4,4,4,2,3,4,2,3,2,2,2,2,3,3,3,3,3,3,3,4,3,3,3,3,3,3,3,2,2,2,3,4,4,4,3,2,2,1,1,3,1,3,2,2,1,3,1,1,3,3,3
"500",500,"female","Asian","yr1","STEM","math03","Visual",500,1,5,3,5,3,2,3,5,3,5,5,3,5,1,3,2,3,3,2,4,4,1,1,2,1,1,2,4,3,2,2,3,2,1,2,3,3,3,2,3,1,5,4,4,3,4,2,1,5,3,5,2,5,4,3,1,2,3,1,1,2,2,1,2,1,4,3,2,2,2,2,4,2,1,2,4,2,2,2,2,2,3,2,4,3,3,1,3,4,2,3,1,3,2,2,3,2,2,1,3,2,3,2,3
"501",501,"male","other","yr5+","Business","math03","Kinesthetic",501,1,3,2,4,2,1,2,3,1,3,4,2,3,1,2,1,2,1,2,4,2,4,4,2,3,5,5,4,4,4,2,4,4,4,5,4,3,2,1,3,4,4,1,4,5,2,2,5,5,1,3,2,4,2,3,5,1,4,2,3,2,3,5,3,2,4,1,5,1,5,5,3,1,2,2,4,3,3,4,2,3,3,2,3,1,3,1,3,2,4,1,1,3,1,2,2,3,2,2,3,2,3,3,3
"502",502,"female","white","yr2","Other","stats","Kinesthetic",502,2,4,2,5,5,3,2,5,3,4,5,5,5,2,2,3,2,3,1,5,4,1,3,2,1,2,2,2,4,4,3,4,3,2,4,5,4,2,4,2,1,5,3,3,4,4,4,3,4,4,3,2,3,2,3,2,2,3,2,1,1,2,3,1,3,2,3,5,5,3,1,3,3,2,2,5,3,3,2,2,1,1,2,3,3,4,3,4,2,1,1,1,3,2,2,3,3,2,3,2,2,3,3,3
"503",503,"female","white","yr2","Other","math01","Kinesthetic",503,1,3,1,2,2,2,1,4,2,3,2,2,4,1,1,2,1,2,2,4,2,4,5,5,1,1,3,4,5,1,5,5,5,2,5,5,5,5,4,4,4,4,5,5,3,3,1,4,5,5,5,1,5,5,4,3,4,5,1,5,4,1,2,2,2,1,1,1,4,3,1,1,2,1,1,3,4,4,4,3,2,2,2,1,1,1,4,2,2,4,4,4,3,2,1,1,3,2,3,3,2,2,3,3
"504",504,"female","white","yr1","STEM","stats","Kinesthetic",504,2,3,2,3,3,2,2,4,2,3,3,3,4,2,2,2,2,2,4,4,4,4,2,2,4,2,3,3,3,2,3,2,3,2,4,4,3,4,3,4,3,3,4,3,2,3,4,3,3,4,3,3,4,3,4,3,4,5,3,4,3,3,4,3,4,4,3,4,3,3,2,2,2,2,2,3,3,4,3,2,2,3,2,2,3,3,3,3,3,3,2,1,3,2,2,3,1,2,3,3,2,3,3,3
"505",505,"female","white","yr2","STEM","math02","Visual",505,2,4,3,5,3,2,2,5,3,4,5,3,5,2,3,2,2,3,2,4,2,3,5,5,3,5,5,5,5,5,5,5,5,5,5,5,5,5,5,5,5,5,5,5,5,5,5,5,5,5,5,5,5,4,5,4,5,5,5,5,5,5,4,5,5,5,5,5,5,3,2,2,3,2,3,3,3,3,3,3,2,2,2,2,4,4,2,3,1,1,1,1,1,2,2,2,3,2,1,1,2,1,3,3
"506",506,"female","white","yr1","Other","math01","Visual",506,1,5,3,5,4,2,4,5,3,5,5,4,5,1,3,2,4,3,1,5,4,3,4,4,3,3,3,5,4,4,4,5,4,2,4,4,4,3,4,4,4,5,4,4,4,4,4,4,5,5,4,5,4,5,4,5,4,4,4,5,4,5,4,4,4,5,5,5,4,3,2,3,3,4,3,4,4,4,4,4,3,2,4,4,4,4,3,4,4,4,2,4,3,2,2,3,3,2,2,1,2,1,3,1
"507",507,"female","white","yr5+","STEM","other","Kinesthetic",507,1,5,3,3,4,1,1,5,5,5,3,4,5,1,3,1,1,5,5,2,5,3,5,5,5,5,5,4,5,5,5,5,5,5,4,5,5,4,5,5,3,4,5,5,5,5,5,5,5,5,5,5,3,4,4,5,1,3,4,2,2,3,4,3,1,4,5,1,5,4,2,2,4,3,1,3,2,2,1,1,4,4,4,1,4,4,4,4,2,2,1,1,3,2,1,2,3,2,3,2,2,3,3,3
"508",508,"male","white","yr2","Business","math02","Visual",508,2,3,1,3,2,1,1,2,1,3,3,2,2,2,1,1,1,1,4,3,3,3,3,2,1,3,3,4,4,4,4,4,4,4,5,5,5,4,4,4,4,3,5,5,5,5,5,5,5,5,5,5,5,5,5,5,5,5,5,5,5,5,5,5,5,5,5,5,5,3,3,4,4,4,3,4,4,4,4,3,2,2,2,1,3,4,2,4,2,1,1,1,3,2,2,2,1,3,2,3,1,3,1,1
"509",509,"male","white","yr2","STEM","math04","Visual",509,2,4,2,4,3,2,1,4,4,4,4,3,4,2,2,2,1,4,2,4,3,2,4,3,1,2,1,3,3,4,3,4,4,1,3,1,2,4,4,1,1,4,3,2,4,4,2,4,3,3,4,3,3,3,3,2,4,4,3,4,4,3,3,3,2,4,2,1,2,4,2,1,1,3,3,4,3,3,4,3,4,4,3,2,4,3,1,2,2,2,1,1,2,2,2,3,2,2,2,2,2,2,3,3
"510",510,"male","Black","yr1","STEM","stats","Kinesthetic",510,3,2,3,2,4,2,2,5,3,2,2,4,5,3,3,2,2,3,1,5,2,3,5,3,5,5,4,5,5,5,4,4,5,5,5,5,5,4,5,1,3,3,4,3,4,4,1,5,5,5,3,5,4,1,2,5,5,5,5,4,2,2,5,5,1,2,2,4,5,5,5,5,5,5,5,5,5,5,5,5,4,2,3,1,2,1,3,4,4,1,1,1,2,3,1,3,3,3,1,3,2,1,3,3
"511",511,"female","other","yr1","STEM","math03","Kinesthetic",511,2,3,1,3,4,1,1,5,1,3,3,4,5,2,1,1,1,1,2,4,4,5,5,5,5,5,5,5,5,5,5,5,5,5,5,5,5,5,5,5,5,5,5,5,5,5,5,5,5,5,5,5,5,5,5,5,5,5,5,5,5,5,5,5,5,5,5,5,5,1,5,5,5,4,5,5,5,5,5,5,2,2,2,2,2,4,4,4,2,2,2,1,2,3,2,3,1,2,1,3,1,3,3,3
"512",512,"female","white","yr1","Health","math02","Auditory",512,2,3,1,2,3,2,3,3,2,3,2,3,3,2,1,2,3,2,3,4,3,1,4,3,2,3,2,3,2,3,3,3,3,3,3,3,3,3,3,3,3,3,3,3,3,3,3,3,3,3,3,3,3,3,3,3,3,3,3,3,3,3,3,3,3,3,3,3,3,3,3,3,3,3,3,3,3,3,3,3,2,2,2,2,2,2,2,2,2,2,2,2,1,1,1,1,1,1,1,1,2,1,1,3
"513",513,"male","white","yr1","Business","math03","Kinesthetic",513,2,4,3,5,2,1,1,5,2,4,5,2,5,2,3,1,1,2,4,5,3,4,2,2,1,1,3,2,3,2,2,1,3,1,3,1,2,3,3,2,3,2,3,4,5,4,3,3,4,4,2,3,2,4,3,2,3,2,4,4,4,3,1,3,3,1,4,4,4,5,2,3,2,4,5,5,5,5,5,3,2,2,2,3,3,3,4,3,4,1,1,1,1,2,1,3,3,3,3,3,3,1,3,3
"514",514,"male","white","yr1","Other","math01","Visual",514,1,2,1,2,4,2,4,4,1,2,2,4,4,1,1,2,4,1,4,2,4,5,4,4,4,3,3,4,1,1,2,4,5,3,4,3,2,2,4,1,1,2,4,3,1,1,2,3,3,4,2,1,2,4,5,3,1,4,4,2,2,2,3,3,2,2,3,1,2,3,3,3,3,3,3,3,3,3,3,3,1,2,2,2,3,4,1,3,2,1,1,1,3,1,2,3,2,2,2,3,2,1,3,3
"515",515,"female","white","yr1","Business","math03","Visual",515,1,3,1,3,4,1,1,5,1,3,3,4,5,1,1,1,1,1,4,2,3,1,1,1,1,1,1,4,1,4,2,4,5,3,5,3,1,3,1,1,1,3,5,4,5,4,1,3,5,4,3,2,3,4,5,2,2,5,2,1,5,1,1,3,1,1,1,1,1,4,5,4,5,4,3,5,4,4,4,5,1,1,2,1,2,1,1,1,1,1,1,1,2,2,1,2,3,2,1,1,3,2,1,2
"516",516,"female","white","yr2","STEM","other","Kinesthetic",516,2,4,1,4,5,4,2,5,2,4,4,5,5,2,1,4,2,2,3,3,4,1,1,1,1,1,1,2,3,1,1,2,1,1,1,1,1,2,2,1,1,3,2,2,1,2,1,1,4,3,4,2,1,2,2,1,1,2,1,1,1,1,1,1,1,2,2,3,2,3,2,2,2,2,3,3,2,3,3,3,1,2,2,2,4,4,2,3,2,1,1,1,3,1,2,2,3,1,3,3,3,3,3,2
"517",517,"female","white","yr1","Business","math03","Kinesthetic",517,3,5,2,5,3,3,2,4,3,5,5,3,4,3,2,3,2,3,3,3,2,1,2,2,1,1,3,2,2,2,4,3,3,1,4,5,4,4,4,4,2,3,2,3,4,4,2,3,5,4,4,3,2,4,4,1,2,3,1,2,2,1,1,3,1,3,4,1,3,3,1,3,2,1,3,4,3,3,3,2,2,3,2,3,4,4,3,4,1,1,1,1,1,1,2,1,3,2,3,3,2,1,3,3
"518",518,"female","other","yr1","STEM","math02","Visual",518,2,4,1,3,4,3,2,5,3,4,3,4,5,2,1,3,2,3,2,5,4,3,3,3,3,2,3,3,3,3,3,3,3,3,4,3,2,4,3,2,3,3,3,3,3,3,3,3,3,4,3,2,3,4,3,3,3,3,3,3,3,3,2,3,3,3,3,3,3,3,4,4,4,4,4,4,4,4,4,4,2,2,2,2,3,3,2,3,2,1,1,1,3,2,3,2,1,2,2,2,2,1,3,3
"519",519,"female","white","yr2","Business","math03","Kinesthetic",519,3,5,5,5,5,4,3,5,3,5,5,5,5,3,5,4,3,3,1,5,3,3,4,4,3,3,2,3,3,3,3,3,3,3,4,3,3,3,3,3,3,3,3,3,3,3,3,3,3,3,3,3,3,3,3,3,4,3,4,3,3,3,3,3,3,3,3,3,3,3,2,2,2,2,2,4,4,4,4,2,3,2,2,2,2,3,2,2,2,2,2,2,2,2,1,3,3,2,3,3,2,1,3,3
"520",520,"female","white","yr2","Other","math01","Auditory",520,1,3,1,3,3,1,1,3,1,3,3,3,3,1,1,1,1,1,4,2,4,3,3,3,3,3,3,3,3,3,3,3,3,3,4,4,3,3,3,3,3,3,4,4,5,5,5,3,3,3,3,3,3,3,3,4,5,5,5,3,5,3,3,3,2,2,4,2,5,4,4,4,4,4,4,4,4,4,4,4,3,4,4,4,4,3,2,2,3,2,1,1,1,2,2,1,1,2,1,1,1,2,3,3
"521",521,"male","white","yr1","Health","stats","Auditory",521,3,2,2,3,2,1,1,2,2,2,3,2,2,3,2,1,1,2,3,3,4,3,3,4,2,4,4,5,3,4,4,3,4,3,4,4,3,4,4,4,4,2,3,4,4,5,3,5,5,4,3,4,4,5,4,4,1,4,4,2,4,2,5,3,4,2,4,4,3,4,3,2,2,1,2,4,3,4,4,2,3,2,2,3,3,4,2,3,2,1,1,1,1,1,1,1,3,2,1,3,2,1,3,3
"522",522,"male","white","yr1","Health","stats","Kinesthetic",522,1,2,1,2,2,1,1,3,2,2,2,2,3,1,1,1,1,2,4,3,4,4,4,4,4,4,4,4,4,4,4,4,4,4,4,4,4,4,4,4,4,4,4,4,4,4,4,4,4,4,4,4,4,4,4,4,4,4,4,4,4,4,4,4,4,4,4,4,4,3,3,3,3,3,3,3,3,3,3,3,3,3,3,3,3,3,3,3,3,3,2,2,3,3,2,3,3,2,2,1,2,1,3,3
"523",523,"female","Black","yr3",NA,"stats","Auditory",523,2,3,2,3,2,2,1,5,3,3,3,2,5,2,2,2,1,3,2,5,4,4,1,1,1,4,2,4,5,5,5,5,5,5,5,5,5,5,5,5,5,5,5,5,5,5,5,5,5,5,5,5,5,5,5,3,2,5,4,1,2,1,5,5,1,5,5,5,5,1,1,1,1,5,1,1,1,1,1,1,2,1,1,1,4,4,1,1,1,1,1,1,3,2,1,2,3,2,1,1,2,1,3,3
"524",524,"male","other","yr4","Other","math02","Kinesthetic",524,3,5,3,5,5,5,3,5,5,5,5,5,5,3,3,5,3,5,1,5,3,3,3,3,3,3,3,4,5,4,3,4,3,4,3,3,3,3,3,3,3,3,3,3,3,3,3,3,3,3,3,3,3,3,3,3,3,3,2,3,4,4,3,3,3,3,3,1,3,3,3,3,3,3,3,3,3,3,3,3,3,3,2,2,3,3,2,3,3,1,1,1,3,1,1,2,1,2,2,3,2,3,1,3
"525",525,"female","Asian","yr1","Other","math01","Kinesthetic",525,3,3,1,3,5,2,2,5,2,3,3,5,5,3,1,2,2,2,3,4,3,1,2,5,1,2,2,4,4,1,3,5,3,5,4,2,3,3,4,3,2,4,4,4,3,3,2,4,5,4,2,3,3,3,4,3,2,4,3,2,3,2,3,3,2,3,3,1,3,2,2,1,1,1,2,5,2,2,2,1,3,4,4,2,3,2,1,1,1,1,1,1,3,1,1,3,3,3,2,1,2,3,3,3
"526",526,"male","white","yr4","Other","math02","Visual",526,1,3,1,3,4,2,1,2,1,3,3,4,2,1,1,2,1,1,2,4,2,2,3,3,3,3,3,3,3,3,3,3,3,3,3,3,3,3,3,3,3,3,3,3,3,3,3,3,3,3,3,3,3,3,3,3,3,3,3,3,3,3,3,3,3,3,3,3,3,3,3,3,3,3,3,3,3,3,3,3,2,2,2,2,2,2,2,2,2,2,2,2,2,2,2,2,2,2,2,2,2,2,2,2
"527",527,"male","white","yr2","STEM","math02","Visual",527,1,2,1,3,1,1,1,1,2,2,3,1,1,1,1,1,1,2,4,2,4,1,4,4,1,5,2,5,5,5,5,5,5,4,4,4,5,3,3,3,5,4,4,4,5,4,4,4,5,5,5,5,4,5,5,4,5,4,4,5,4,3,4,4,3,4,4,3,5,3,3,3,3,3,3,3,3,3,3,3,3,3,3,1,3,3,2,3,1,1,1,1,3,2,2,1,2,2,1,3,2,3,3,3
"528",528,"female","white","yr2","Health","stats","Auditory",528,3,4,2,5,5,4,2,5,3,4,5,5,5,3,2,4,2,3,4,4,2,4,2,2,1,3,4,2,2,4,2,4,2,3,2,4,5,3,3,2,2,2,4,2,2,4,2,5,4,4,4,2,2,4,2,2,1,2,1,1,1,1,3,1,4,1,2,1,4,2,1,3,4,3,4,3,4,4,4,2,2,3,2,2,4,4,2,4,2,1,1,1,1,1,1,2,3,2,2,1,1,3,3,3
"529",529,"female","white","yr1","Health","stats","Kinesthetic",529,3,5,4,5,5,5,2,5,2,5,5,5,5,3,4,5,2,2,1,5,2,1,1,1,1,1,1,2,1,1,1,1,1,1,2,1,1,1,1,1,1,1,1,1,1,1,1,1,1,1,5,1,1,5,2,1,4,5,1,2,1,1,1,3,4,1,1,1,1,2,3,3,3,3,3,5,4,3,3,3,1,2,3,4,3,4,1,1,2,1,2,4,3,2,2,1,1,3,3,3,2,3,3,3
"530",530,"male","Black","yr3","Business","math02","Auditory",530,3,3,2,4,5,3,3,4,1,3,4,5,4,3,2,3,3,1,1,5,2,3,2,2,2,3,3,2,2,1,1,2,3,2,2,1,2,2,3,3,1,2,1,2,2,2,1,2,2,1,3,2,1,3,1,1,3,1,2,2,4,1,1,2,2,1,2,2,2,3,3,4,3,3,4,4,4,5,4,4,2,2,1,3,2,3,2,2,3,2,3,3,3,1,1,2,1,1,1,3,1,3,3,3
"531",531,"female","white","yr2","Other","math04","Auditory",531,2,3,2,3,3,2,1,4,1,3,3,3,4,2,2,2,1,1,4,2,4,4,3,3,3,2,3,3,2,3,3,4,3,2,4,3,3,4,3,2,2,3,3,3,4,4,3,4,4,3,3,2,2,3,3,3,3,4,2,2,2,1,3,3,2,2,3,2,2,2,2,2,2,2,2,4,2,3,2,2,3,4,3,3,4,3,2,3,3,2,1,1,1,2,1,3,2,2,3,3,2,3,1,1
"532",532,"female","white","yr2","STEM","math03","Kinesthetic",532,2,5,3,5,3,3,1,5,3,5,5,3,5,2,3,3,1,3,3,2,2,4,5,5,5,5,5,5,5,5,5,5,5,5,5,5,5,5,5,5,5,5,5,5,5,5,5,3,5,5,5,5,5,5,5,5,5,5,5,5,5,5,4,5,4,4,5,4,5,3,2,1,3,3,3,3,3,3,3,3,2,2,2,4,4,4,3,4,3,2,3,1,3,1,3,3,3,3,3,1,3,3,3,3
"533",533,"male","Asian","yr3","Business","math02","Kinesthetic",533,1,3,1,3,3,1,1,4,1,3,3,3,4,1,1,1,1,1,3,3,3,2,4,3,3,4,2,4,3,4,4,4,4,3,3,3,3,4,4,1,2,4,4,4,4,4,3,3,4,4,4,3,4,4,4,3,3,3,3,3,4,3,2,3,3,2,3,2,3,3,3,4,4,4,3,5,4,4,4,4,1,1,2,2,2,1,2,2,2,1,1,1,1,2,3,2,1,1,2,1,2,3,3,3
"534",534,"female","white","yr3","Other","math04","Visual",534,1,3,1,4,3,2,1,4,1,3,4,3,4,1,1,2,1,1,2,5,4,4,5,4,4,4,4,3,3,4,4,3,5,3,4,4,3,3,4,5,4,4,3,3,4,4,4,4,4,4,3,3,2,4,4,4,4,5,4,4,3,4,3,4,3,4,4,2,4,4,3,2,2,3,4,4,4,4,4,2,3,4,4,4,3,4,3,4,2,1,1,1,1,1,2,3,3,2,1,1,2,3,2,3
"535",535,"female","white","yr2","Health","stats","Kinesthetic",535,1,4,4,5,4,4,1,5,4,4,5,4,5,1,4,4,1,4,1,5,2,4,4,3,4,2,4,3,3,1,3,4,2,2,3,3,4,2,2,1,4,4,2,2,5,5,2,3,5,5,4,2,5,4,4,4,2,4,3,2,1,2,1,1,2,1,1,1,1,5,1,1,1,1,4,5,5,5,5,3,1,2,3,3,2,3,2,3,3,2,1,1,3,1,3,1,3,2,3,3,3,3,3,3
"536",536,"male","white","yr1","STEM","math04","Visual",536,1,1,1,1,2,2,1,5,1,1,1,2,5,1,1,2,1,1,4,2,4,3,4,2,2,2,4,4,2,1,4,4,4,2,4,3,4,3,2,1,2,4,4,4,3,3,3,4,4,2,2,3,3,2,4,1,4,1,4,4,4,4,1,2,1,1,2,1,2,4,4,4,5,4,4,5,4,5,4,4,1,2,2,4,3,2,1,3,1,1,1,1,2,2,2,2,3,1,3,3,2,1,3,3
"537",537,"female","white","yr2","Other","stats","Kinesthetic",537,1,3,1,3,5,2,1,5,1,3,3,5,5,1,1,2,1,1,4,4,5,4,4,4,4,4,5,4,4,4,4,4,4,3,4,4,4,4,4,3,2,4,4,4,4,4,4,4,4,4,4,4,4,4,4,4,4,4,4,4,4,4,4,4,4,4,4,4,4,1,1,1,1,2,2,4,4,3,4,2,2,2,2,3,3,3,3,3,3,3,3,3,3,1,2,3,1,2,2,2,2,3,3,3
"538",538,"female","white","yr1","STEM","math02","Visual",538,1,4,2,4,4,2,1,5,2,4,4,4,5,1,2,2,1,2,3,4,3,2,3,2,1,2,2,2,2,1,2,2,1,1,3,1,3,3,2,1,2,1,3,3,2,4,3,2,1,2,4,2,1,2,2,2,2,3,1,1,1,1,1,3,3,1,4,3,2,3,3,3,3,4,3,3,3,3,3,2,1,2,3,1,2,3,2,2,1,1,1,1,3,2,2,2,2,2,3,3,2,3,2,3
"539",539,NA,"white","yr2","Health","stats","Visual",539,2,3,4,3,4,5,2,4,3,3,3,4,4,2,4,5,2,3,2,4,2,1,4,2,1,3,4,2,5,2,4,4,2,2,4,2,2,2,3,1,4,4,4,3,4,4,2,3,4,5,3,2,4,3,4,3,4,4,2,1,2,3,2,3,1,2,4,3,5,2,2,4,4,2,3,3,3,2,2,2,2,1,1,1,2,1,3,1,1,2,1,4,3,2,1,2,3,2,2,2,3,3,3,2
"540",540,"female","white","yr3","Other","stats","Kinesthetic",540,2,4,3,4,4,3,4,5,3,4,4,4,5,2,3,3,4,3,2,5,2,1,1,1,1,1,1,2,3,4,2,3,3,1,4,4,3,2,4,1,2,3,3,3,3,3,2,4,4,4,4,4,2,3,4,2,2,4,3,1,2,1,2,4,1,2,1,4,3,4,4,3,3,3,3,4,3,3,4,3,4,4,4,1,2,4,3,2,3,1,1,1,3,2,1,3,2,1,2,1,1,3,3,3
"541",541,"female","white","yr1","Health","math02","Visual",541,3,4,2,4,2,3,4,2,3,4,4,2,2,3,2,3,4,3,2,4,3,3,4,2,3,4,2,1,3,4,2,4,2,4,1,4,3,2,3,4,2,1,3,4,2,2,4,2,1,3,4,2,3,4,2,1,4,2,4,3,3,2,1,3,2,3,3,4,2,5,3,4,3,4,4,3,2,3,4,4,4,2,3,2,2,3,4,4,2,4,3,3,3,2,2,2,1,2,2,2,2,1,2,2
"542",542,"female","white","yr1","STEM","math04","Auditory",542,1,3,2,3,4,1,1,4,1,3,3,4,4,1,2,1,1,1,4,2,4,4,4,4,4,3,4,5,4,3,4,5,4,3,5,4,4,3,3,3,3,4,3,5,3,4,3,4,2,5,5,3,4,5,5,4,4,5,3,4,4,5,4,3,2,3,4,3,3,4,4,4,4,4,4,4,4,4,4,4,2,2,3,3,4,4,2,4,3,2,1,1,3,2,1,3,1,2,1,3,2,1,1,3
"543",543,"female","white","yr2","Business","math02","Auditory",543,1,1,1,1,1,1,1,1,1,1,1,1,1,1,1,1,1,1,5,2,5,2,5,4,1,3,3,4,4,4,3,4,4,1,4,1,2,3,1,1,2,2,2,4,3,4,2,4,3,3,5,3,4,5,4,2,5,5,3,4,3,5,1,3,1,1,4,1,5,5,5,5,5,5,5,5,5,5,5,5,2,4,4,2,4,3,2,4,1,1,1,1,1,1,2,3,3,2,1,1,1,1,3,3
"544",544,"female","white","yr1","STEM","math03","Kinesthetic",544,1,4,2,4,3,2,1,5,1,4,4,3,5,1,2,2,1,1,3,5,4,2,3,1,1,1,1,3,3,4,3,4,4,1,3,2,2,4,2,1,1,4,2,4,2,3,2,1,5,4,5,4,3,3,4,2,4,3,1,3,3,3,1,2,3,1,3,1,2,5,4,5,4,5,5,5,4,5,5,4,4,3,2,3,4,2,2,4,2,3,1,1,2,2,1,1,3,2,2,2,3,3,3,3
"545",545,"female","white","yr3","Health","stats","Visual",545,1,3,1,4,2,2,1,3,1,3,4,2,3,1,1,2,1,1,3,3,3,4,4,4,4,4,5,4,3,4,4,3,3,4,2,4,3,4,3,1,3,4,3,3,4,4,3,4,3,4,3,3,3,3,4,3,4,4,4,4,4,4,1,1,1,3,3,1,3,4,4,4,4,2,4,4,4,4,4,4,2,2,2,2,2,4,3,2,3,1,2,3,3,2,2,2,2,2,3,3,2,1,3,3
"546",546,"female","white","yr1","Other","math02","Kinesthetic",546,2,3,2,3,3,2,1,4,1,3,3,3,4,2,2,2,1,1,3,4,2,1,1,2,1,1,2,2,3,2,3,3,2,1,3,2,3,2,3,1,2,3,2,2,4,3,2,3,5,4,1,1,1,1,3,2,2,4,1,3,3,3,1,3,3,2,1,1,2,4,3,3,3,3,3,3,3,3,3,3,2,3,4,3,3,4,4,3,2,1,1,1,3,1,1,2,1,2,3,1,2,3,2,3
"547",547,"male","Black","yr3","STEM","stats","Visual",547,4,5,2,5,5,2,4,5,3,5,5,5,5,4,2,2,4,3,2,4,2,2,4,2,1,2,2,5,3,2,2,4,4,2,3,4,3,4,2,4,2,3,4,4,5,3,2,4,5,3,4,4,4,5,5,1,1,4,3,2,4,1,2,2,1,1,4,1,2,4,5,5,5,5,5,5,5,5,5,5,2,2,3,2,3,4,1,3,3,3,1,1,3,3,2,3,1,2,2,2,2,3,1,3
"548",548,"female","white","yr1","Other","stats","Visual",548,1,2,1,2,4,1,1,2,2,2,2,4,2,1,1,1,1,2,4,2,4,4,4,3,3,3,4,4,3,3,4,5,4,2,4,4,4,2,4,3,3,5,3,4,5,4,4,4,5,5,5,4,3,4,4,4,3,4,4,4,5,4,3,2,2,3,4,3,4,4,3,4,3,3,4,5,4,4,3,3,2,3,2,2,4,3,2,4,1,2,1,1,3,2,1,2,3,2,3,2,2,3,2,3
"549",549,"female","white","yr1","STEM","stats","Auditory",549,1,3,1,2,5,2,1,5,3,3,2,5,5,1,1,2,1,3,3,3,3,3,4,4,2,4,2,4,5,5,4,5,5,5,5,5,5,5,5,5,5,5,5,5,5,5,5,5,5,5,5,5,5,5,5,5,5,5,5,5,5,5,5,5,5,5,5,5,5,1,1,2,2,4,2,2,2,2,2,2,2,2,2,3,3,4,3,4,3,2,2,2,1,1,1,3,3,2,1,3,2,1,3,1
"550",550,"female","Black","yr3","Other","math04","Visual",550,1,5,1,3,4,1,1,5,3,5,3,4,5,1,1,1,1,3,5,4,5,5,4,3,4,5,5,5,3,4,2,4,5,4,4,3,5,4,5,4,5,5,4,3,4,3,2,5,4,5,2,5,4,5,5,4,4,4,3,5,5,4,5,4,5,5,5,4,4,1,1,2,2,4,2,3,3,4,4,1,4,3,4,4,4,4,1,3,3,3,1,1,1,2,1,3,1,2,3,3,2,1,2,2
"551",551,"female","white","yr2","Other","stats","Kinesthetic",551,3,5,3,4,4,2,1,4,3,5,4,4,4,3,3,2,1,3,1,5,2,4,3,3,2,3,4,3,3,4,4,4,4,2,2,3,3,3,3,2,4,4,4,3,4,4,3,4,4,4,4,4,3,4,3,3,3,3,3,4,4,3,3,3,2,2,3,2,4,4,2,2,2,3,3,3,2,3,2,2,2,2,2,2,3,3,1,3,1,1,2,3,3,1,2,1,3,2,2,3,3,3,2,3
"552",552,"male","white","yr2","Health","stats","Visual",552,3,3,3,3,3,3,4,2,5,3,3,3,2,3,3,3,4,5,2,4,3,2,3,5,2,2,3,4,4,4,3,4,4,4,3,4,3,3,4,5,4,3,3,3,3,4,4,4,4,5,4,5,4,5,5,5,5,5,5,4,4,4,5,5,4,5,5,4,4,1,2,2,1,3,3,2,2,3,2,2,3,1,2,2,1,3,2,3,2,2,1,1,2,2,2,2,1,2,2,1,2,3,3,3
"553",553,"male","Black","yr1","Business","math03","Auditory",553,1,2,1,2,2,1,1,3,1,2,2,2,3,1,1,1,1,1,3,2,5,2,4,3,4,2,3,2,3,3,4,2,4,4,4,4,4,3,4,2,4,4,2,4,3,3,4,4,4,3,4,4,4,3,4,4,3,3,4,4,3,4,4,4,4,3,3,2,3,3,4,4,4,4,4,5,5,5,5,4,2,3,2,2,2,3,3,3,3,3,2,3,1,1,2,1,1,1,2,2,2,1,1,1
"554",554,"female","other","yr2","STEM","stats","Auditory",554,1,3,2,4,4,2,1,3,2,3,4,4,3,1,2,2,1,2,1,2,3,3,3,3,2,4,4,4,3,3,4,4,4,3,3,3,4,4,3,2,3,4,4,3,4,4,3,3,4,4,4,4,3,4,4,3,4,4,4,3,4,3,3,3,2,3,3,4,4,2,2,2,2,2,2,4,3,3,3,2,4,4,3,3,3,3,2,3,4,2,3,1,3,1,1,2,1,2,1,2,3,1,3,3
"555",555,"female","white","yr3","Other","math04","Kinesthetic",555,1,2,1,2,4,3,1,4,1,2,2,4,4,1,1,3,1,1,4,5,5,5,4,4,4,4,3,4,4,4,3,4,4,4,3,4,4,4,4,3,3,4,3,3,3,3,4,4,5,4,4,3,3,4,3,4,4,4,4,4,4,4,2,3,4,2,3,3,3,2,2,2,2,2,2,4,3,4,2,2,3,3,3,3,3,2,3,3,3,2,1,1,2,2,1,1,3,2,1,1,3,3,3,3
"556",556,"female","white","yr2","Other","math01","Auditory",556,2,3,1,3,2,2,1,5,1,3,3,2,5,2,1,2,1,1,2,5,2,5,5,5,5,5,3,5,5,5,5,5,5,3,5,5,5,5,5,3,1,4,4,4,4,4,4,4,5,5,5,5,5,5,5,5,5,5,5,5,5,5,1,1,1,1,4,1,4,4,4,4,4,5,5,5,5,5,5,5,3,3,2,3,3,3,2,3,3,3,2,1,3,1,1,1,3,2,1,1,2,3,2,1
"557",557,"female","Asian","yr1","Other","math01","Auditory",557,1,3,1,4,4,3,1,5,3,3,4,4,5,1,1,3,1,3,4,3,4,2,3,4,2,4,4,5,4,3,4,4,4,3,4,3,4,4,4,2,4,4,2,4,3,4,3,4,4,4,4,4,5,4,4,4,4,4,4,4,4,4,2,3,3,2,4,4,3,3,3,4,4,3,2,4,4,4,4,2,2,2,2,2,3,4,3,3,2,1,1,1,1,1,1,1,2,1,1,3,2,1,3,3
"558",558,"male","white","yr3","Other","math02","Kinesthetic",558,3,4,4,5,5,5,4,5,5,4,5,5,5,3,4,5,4,5,1,5,1,2,3,1,2,2,4,2,4,4,3,4,3,1,3,1,2,1,2,1,3,4,2,2,5,5,4,3,4,5,3,4,3,4,4,4,1,4,4,3,5,4,3,2,3,2,4,1,2,2,1,1,1,3,4,5,5,3,5,5,2,2,3,1,2,3,2,3,2,1,3,1,3,2,1,1,3,2,3,3,2,2,1,3
"559",559,"male","white","yr1","Other","stats","Visual",559,2,4,1,4,3,2,1,5,2,4,4,3,5,2,1,2,1,2,3,2,1,2,2,1,2,1,1,4,4,4,4,5,4,4,3,4,4,1,3,1,1,4,1,5,5,5,3,5,5,5,5,1,4,5,5,2,1,4,2,1,2,1,3,2,1,1,1,1,1,3,3,4,4,3,4,5,4,4,4,4,2,3,3,2,3,2,2,2,1,1,1,1,2,2,2,2,1,3,1,3,2,3,3,2
"560",560,"male","white","yr2","STEM","math04","Visual",560,1,4,1,5,3,2,1,4,1,4,5,3,4,1,1,2,1,1,4,5,5,4,3,1,2,1,2,3,1,2,2,4,2,3,3,2,4,2,3,4,1,3,3,2,4,1,2,1,3,4,2,2,4,3,4,1,2,3,2,4,2,3,3,1,2,1,3,1,2,3,4,2,2,2,3,5,3,4,2,2,2,2,3,2,2,2,2,2,3,3,2,1,2,2,2,2,3,3,2,2,2,1,2,3
"561",561,"male","white","yr1","Business","math03","Kinesthetic",561,2,2,1,2,3,1,1,5,1,2,2,3,5,2,1,1,1,1,4,2,2,4,4,4,3,5,4,5,5,4,4,5,5,4,5,5,4,5,4,3,3,4,5,5,5,4,5,5,5,5,5,4,4,4,5,5,5,5,4,5,5,5,4,4,4,5,5,5,4,1,4,2,2,3,4,5,4,5,4,5,3,2,3,1,2,3,4,2,3,3,2,2,1,3,2,1,1,2,2,3,3,3,3,1
"562",562,"male","other","yr1","STEM","stats","Visual",562,2,3,1,4,3,1,3,2,2,3,4,3,2,2,1,1,3,2,4,4,4,2,4,3,4,5,4,5,5,4,4,3,2,4,2,3,4,3,2,3,4,4,3,2,3,4,5,4,1,2,3,4,5,4,3,5,4,3,2,1,2,3,2,2,2,2,2,2,2,1,2,2,2,4,2,2,2,2,2,2,4,3,2,2,3,3,3,3,2,2,2,3,1,1,1,2,2,2,3,2,2,2,2,1
"563",563,"male","white","yr1","Business","math03","Visual",563,2,4,1,3,4,1,1,4,3,4,3,4,4,2,1,1,1,3,2,4,4,2,3,3,2,4,4,2,3,4,3,3,2,3,3,4,3,4,4,4,3,2,2,4,4,4,3,3,4,3,4,4,4,4,4,2,4,2,3,3,2,4,2,2,4,2,3,3,2,3,3,3,3,3,3,3,3,3,3,3,2,2,2,2,3,2,2,2,2,1,1,1,1,2,1,3,1,2,2,2,2,3,3,2
"564",564,"female","white","yr2","STEM","math03","Visual",564,2,2,1,2,5,2,1,5,3,2,2,5,5,2,1,2,1,3,4,4,3,4,4,3,2,4,1,4,5,5,5,4,5,1,4,2,2,4,4,1,3,4,4,4,5,5,4,4,5,4,3,1,2,5,5,2,5,5,3,4,5,5,1,1,1,1,1,1,1,2,2,2,1,2,2,5,5,3,2,2,1,2,2,2,4,4,2,3,2,1,1,1,1,2,1,2,1,2,3,3,2,2,3,2
"565",565,"male","Black","yr3","STEM","math03","Auditory",565,1,2,1,1,1,1,1,2,1,2,1,1,2,1,1,1,1,1,5,4,5,4,2,2,1,2,1,5,5,5,5,5,5,5,5,5,3,4,5,4,5,4,5,5,4,5,4,5,4,5,5,4,4,5,5,2,2,4,3,2,2,2,3,3,3,4,4,3,3,5,5,5,5,5,5,5,5,5,5,5,2,2,2,2,2,2,1,2,2,1,1,1,3,1,2,3,3,2,1,3,2,1,2,1
"566",566,"female","other","yr2","Other","math04","Auditory",566,1,4,1,3,3,2,1,5,2,4,3,3,5,1,1,2,1,2,2,3,4,4,4,4,4,4,4,4,4,4,4,4,4,4,4,4,4,4,4,3,4,4,4,4,4,4,4,4,5,4,4,4,4,4,4,4,4,4,4,3,3,4,3,4,4,4,4,4,4,3,2,2,2,2,2,4,3,3,3,2,2,2,3,3,3,3,2,2,3,1,1,1,3,1,2,1,3,2,1,1,2,3,3,2
"567",567,"male","Black","yr1","Other","math02","Auditory",567,5,5,5,5,3,5,5,5,3,5,5,3,5,5,5,5,5,3,1,1,1,1,5,3,1,3,5,5,1,3,3,1,1,1,3,1,1,1,5,1,1,1,1,1,1,3,2,3,1,1,1,1,1,5,1,1,1,1,1,1,5,1,1,1,1,1,1,1,5,5,5,5,5,2,5,5,5,5,5,5,1,1,1,1,4,4,2,3,1,1,4,1,3,2,3,2,1,1,1,1,2,1,3,1
"568",568,"male","white","yr3","STEM","math04","Kinesthetic",568,1,2,2,3,4,2,2,3,2,2,3,4,3,1,2,2,2,2,3,2,4,3,4,3,2,4,4,4,4,4,3,4,4,3,2,5,2,2,3,3,3,3,3,4,2,3,2,2,2,3,3,2,3,3,4,3,1,3,3,2,3,2,2,1,4,2,3,2,3,3,4,4,4,3,4,4,4,4,4,4,2,1,1,1,3,3,1,2,1,1,1,1,3,2,2,3,1,2,2,3,2,3,3,3
"569",569,"female","white","yr1","Other","math04","Kinesthetic",569,2,4,2,3,2,3,2,4,2,4,3,2,4,2,2,3,2,2,3,4,4,2,4,4,1,1,3,4,2,4,2,4,4,2,4,3,3,3,4,2,2,2,2,2,1,4,2,1,4,4,4,3,3,4,3,2,3,4,1,1,2,4,2,2,2,1,3,3,4,4,2,1,2,1,2,3,3,3,3,2,3,2,3,4,4,4,2,3,2,3,1,1,3,1,2,3,1,2,3,3,2,1,3,1
"570",570,"male","white","yr1","Other","math01","Visual",570,1,2,2,2,2,1,1,5,4,2,2,2,5,1,2,1,1,4,1,1,2,2,3,3,3,1,2,2,1,1,2,3,2,2,2,3,1,1,1,1,2,2,2,3,3,2,3,2,3,2,3,1,3,1,3,2,2,2,2,2,2,2,2,2,2,2,2,2,3,5,5,2,3,3,3,4,2,2,3,4,3,3,3,2,2,3,2,3,2,3,3,2,2,1,3,2,3,2,2,1,1,3,1,2
"571",571,"female","white","yr2","Other","math02","Visual",571,2,3,1,3,4,2,1,5,1,3,3,4,5,2,1,2,1,1,4,2,5,1,4,4,1,1,1,1,1,5,4,3,3,1,1,1,1,3,3,1,1,2,3,3,3,1,1,3,5,4,2,1,3,3,3,3,1,3,1,3,3,3,1,5,5,3,3,2,3,3,2,3,2,3,3,3,3,3,3,2,1,1,1,3,3,2,2,3,1,1,1,1,3,1,1,2,3,2,2,2,3,1,2,3
"572",572,"female","other","yr1","STEM","stats","Kinesthetic",572,2,5,2,5,5,3,3,5,2,5,5,5,5,2,2,3,3,2,1,4,2,4,3,3,2,4,2,4,4,4,4,4,4,4,4,4,4,4,4,1,4,4,4,4,4,4,4,4,4,4,4,4,4,4,3,3,3,4,3,3,4,3,4,3,1,3,4,2,4,2,2,2,2,2,3,4,3,2,2,2,1,1,2,2,3,3,3,3,1,1,1,1,3,1,3,2,3,1,3,2,2,3,2,3
"573",573,"female","white","yr1","Other","math03","Kinesthetic",573,3,3,1,3,4,2,1,5,3,3,3,4,5,3,1,2,1,3,3,3,3,3,2,3,1,4,1,1,3,3,3,3,3,3,2,2,2,2,2,2,2,2,3,2,2,3,2,3,2,3,4,1,2,3,2,2,1,4,1,1,2,1,1,1,1,1,2,3,2,3,3,3,3,3,3,3,3,3,3,3,1,1,2,2,2,4,2,2,2,2,1,1,3,1,1,2,3,1,1,3,2,2,3,3
"574",574,"male","white","yr1","STEM","math03","Visual",574,1,3,1,2,2,1,1,4,1,3,2,2,4,1,1,1,1,1,5,1,5,2,3,2,1,2,3,3,2,4,3,4,3,2,3,3,2,2,4,4,5,3,4,3,3,4,4,3,5,4,4,3,2,4,2,3,4,4,3,2,2,4,1,2,2,1,1,1,1,3,5,5,5,5,5,5,5,5,5,5,2,4,4,1,4,3,1,2,3,2,1,1,3,2,1,2,1,2,3,2,1,3,3,2
"575",575,"female","white","yr1","Other","math02","Kinesthetic",575,3,5,3,5,5,4,4,5,3,5,5,5,5,3,3,4,4,3,1,5,3,2,2,1,1,1,1,2,1,1,2,2,2,1,2,2,2,2,2,2,2,3,2,3,2,3,2,2,2,2,2,2,2,2,2,2,2,2,2,2,2,1,1,2,2,2,2,2,2,3,3,3,3,3,3,3,3,3,3,3,2,1,2,3,2,3,3,3,2,2,3,2,3,3,2,2,3,2,3,3,2,1,3,3
"576",576,"male","white","yr1","Business","math02","Auditory",576,3,2,4,2,1,2,1,1,1,2,2,1,1,3,4,2,1,1,4,4,4,4,4,3,3,5,5,4,5,5,4,5,5,4,4,4,3,4,4,4,3,4,3,4,3,3,2,4,4,3,3,4,3,3,2,5,5,4,5,2,5,5,5,4,4,5,4,3,5,3,3,3,3,5,3,3,3,3,3,3,2,2,2,2,2,1,3,3,2,2,1,3,1,1,2,1,1,1,2,1,2,1,1,1
"577",577,"female","white","yr1","STEM","math01","Auditory",577,1,4,2,4,5,3,3,5,3,4,4,5,5,1,2,3,3,3,2,4,4,4,3,3,2,2,2,2,2,2,3,3,3,2,2,2,2,3,2,1,2,3,3,3,4,2,2,2,4,3,2,2,5,3,3,4,2,3,3,2,2,2,4,3,2,3,3,4,4,4,1,2,2,1,2,3,2,2,2,2,1,2,2,3,3,3,2,3,2,2,1,2,3,1,1,1,3,1,1,1,2,1,3,3
"578",578,"female","white","yr1","STEM","math01","Auditory",578,2,3,2,3,2,1,2,2,1,3,3,2,2,2,2,1,2,1,4,3,3,2,2,3,3,3,2,2,4,1,3,3,2,3,3,2,2,5,3,2,3,2,2,3,3,2,2,3,3,2,3,3,2,2,4,1,2,2,1,1,4,3,2,2,3,3,2,2,1,5,1,2,2,4,3,3,3,3,4,5,2,2,2,2,2,2,2,2,2,2,2,2,2,1,1,3,3,1,2,1,1,1,1,2
"579",579,"female","white","yr1","Health","stats","Kinesthetic",579,1,3,3,3,2,4,2,5,3,3,3,2,5,1,3,4,2,3,2,5,3,3,4,1,1,1,1,3,4,3,3,5,4,1,4,1,3,3,4,3,3,4,2,3,3,4,4,3,4,3,4,2,3,3,4,4,3,4,2,3,4,3,1,3,2,1,2,2,3,3,3,4,2,3,4,5,5,5,4,2,2,2,4,2,4,2,2,2,4,4,2,1,3,2,1,1,3,2,1,1,2,3,3,3
"580",580,"female","white","yr2","Health","stats","Kinesthetic",580,2,3,1,1,1,1,1,5,1,3,1,1,5,2,1,1,1,1,4,1,5,1,2,3,1,3,1,3,4,5,3,4,4,1,1,2,3,4,3,3,3,3,3,2,4,3,1,2,5,4,3,4,5,4,4,1,1,2,1,1,3,1,1,2,2,1,3,1,1,5,2,2,2,2,2,5,4,3,2,1,2,2,2,1,4,4,4,4,3,1,1,1,3,1,2,3,2,2,3,2,1,3,3,3
"581",581,"male","other","yr1","Business","math02","Auditory",581,3,5,5,5,5,5,5,5,5,5,5,5,5,3,5,5,5,5,3,1,1,2,2,2,2,2,2,2,2,2,2,2,2,2,2,2,3,2,2,2,2,2,4,2,3,3,2,4,1,3,2,3,2,3,2,1,3,2,4,2,3,2,2,3,1,3,2,3,2,5,1,1,1,2,2,1,2,2,2,1,4,2,3,3,3,3,3,3,3,3,3,3,1,1,2,3,3,3,1,1,1,1,3,2
"582",582,"female","white","yr1","Other","math01","Kinesthetic",582,1,4,3,5,5,3,3,4,4,4,5,5,4,1,3,3,3,4,1,5,3,3,3,4,2,1,2,2,2,4,3,5,4,1,3,1,3,3,3,5,3,3,3,3,5,4,4,4,3,4,4,4,4,4,5,3,3,4,3,4,4,5,1,2,2,1,2,1,3,4,4,4,4,3,3,5,5,5,4,4,2,2,2,3,3,2,1,3,4,1,2,1,3,1,3,2,3,3,3,2,2,1,3,3
"583",583,"female","white","yr2","Other","math02","Kinesthetic",583,1,3,1,4,3,1,1,5,2,3,4,3,5,1,1,1,1,2,4,3,4,1,1,1,1,1,1,3,2,1,1,1,1,1,4,4,4,3,3,3,3,3,1,1,3,3,3,3,4,4,2,1,1,1,1,2,2,3,3,2,2,3,1,1,2,1,3,3,2,3,4,3,4,4,5,4,4,4,4,4,2,2,2,2,2,3,3,2,2,1,1,1,3,2,1,1,2,1,3,3,2,3,3,2
"584",584,"male","white","yr1","Other","math01","Auditory",584,1,1,1,1,1,1,1,1,1,1,1,1,1,1,1,1,1,1,1,1,1,1,1,1,1,1,1,1,1,1,1,1,1,1,1,1,1,1,1,1,1,1,1,1,1,1,1,1,1,1,1,1,1,1,1,1,1,1,1,1,1,1,1,1,1,1,1,1,1,5,5,5,5,1,5,5,5,5,5,5,4,4,4,4,4,4,4,4,4,4,4,4,1,1,1,1,1,1,1,1,1,1,1,1
"585",585,"female","white","yr3","Business","math03","Auditory",585,2,5,1,5,4,2,4,3,2,5,5,4,3,2,1,2,4,2,1,5,2,1,3,2,4,2,3,1,2,4,3,4,2,4,1,2,3,2,3,2,2,1,2,3,3,4,2,3,1,2,2,3,2,2,2,2,2,1,2,2,3,3,1,2,3,3,2,3,3,5,4,3,4,3,3,4,3,3,4,4,4,3,3,3,3,2,2,3,3,3,3,2,1,1,2,2,1,2,1,1,1,3,2,2
"586",586,"female","white","yr2","Health","stats","Visual",586,2,4,1,3,3,1,1,4,2,4,3,3,4,2,1,1,1,2,2,4,2,4,4,4,4,4,4,4,4,4,4,4,4,3,4,4,4,4,4,4,4,4,4,4,4,4,4,4,4,4,4,4,4,4,4,4,4,4,4,4,4,4,4,4,4,4,4,4,4,2,2,3,3,3,3,3,3,3,3,3,3,1,3,2,2,2,2,2,2,1,1,1,3,1,2,2,2,2,1,3,2,1,3,2
"587",587,"female","white","yr1","STEM","math03","Kinesthetic",587,1,3,2,4,3,3,1,2,1,3,4,3,2,1,2,3,1,1,2,3,4,1,4,3,1,1,2,4,4,4,3,4,4,2,4,4,4,4,4,2,1,3,4,4,3,3,3,3,5,5,4,4,4,4,4,2,4,4,2,4,2,3,4,3,2,1,4,1,2,5,4,4,5,4,4,5,4,4,4,4,1,2,2,2,4,4,2,2,2,2,1,1,3,2,1,3,2,2,3,3,3,2,3,3
"588",588,"female","white","yr1","STEM","math03","Kinesthetic",588,1,3,2,3,3,1,2,5,2,3,3,3,5,1,2,1,2,2,2,5,3,3,3,3,2,2,1,4,2,3,3,5,4,2,3,3,4,4,3,2,3,4,3,4,2,3,3,3,3,4,3,3,3,3,3,3,3,3,3,3,3,3,2,3,3,3,3,3,3,3,2,2,3,2,2,4,4,3,3,2,1,2,1,1,4,4,2,4,1,1,1,1,3,2,1,3,3,2,1,3,2,2,3,3
"589",589,"female","white","yr1","Business","math03","Auditory",589,1,2,1,1,2,1,1,3,1,2,1,2,3,1,1,1,1,1,4,2,4,2,3,3,2,4,2,4,3,4,4,5,4,3,3,4,3,3,4,1,4,3,4,3,3,4,3,3,5,4,3,4,4,3,5,3,3,4,3,3,3,3,3,3,1,3,3,2,3,3,3,4,4,3,4,5,4,4,5,3,1,2,3,2,2,3,2,3,2,1,1,1,1,1,1,3,3,2,3,3,2,1,2,2
"590",590,"female","Black","yr2","STEM","math03","Visual",590,1,5,3,5,5,3,1,5,5,5,5,5,5,1,3,3,1,5,3,1,2,2,2,2,2,2,2,3,3,3,3,3,3,3,4,4,4,4,4,4,4,4,4,4,4,4,4,4,5,4,4,4,4,4,4,3,3,3,3,3,3,3,2,2,2,2,2,2,2,4,4,4,4,2,4,4,4,4,4,4,4,4,3,3,3,3,3,3,3,3,3,3,2,2,2,1,2,3,2,1,3,2,3,2
"591",591,"female","white","yr3","Other","math04","Visual",591,1,2,4,3,5,5,1,5,1,2,3,5,5,1,4,5,1,1,3,4,4,4,2,2,4,3,2,3,1,2,3,3,4,2,4,4,2,3,5,5,3,3,3,3,3,4,3,2,4,5,3,2,1,3,3,3,4,4,3,1,1,2,2,2,4,1,1,3,3,5,2,2,4,2,3,4,2,4,2,2,4,4,4,3,1,2,2,2,3,2,1,1,2,1,1,2,3,3,2,2,2,1,3,3
"592",592,"female","white","yr2","Business","math03","Kinesthetic",592,1,5,1,3,4,1,2,5,1,5,3,4,5,1,1,1,2,1,1,5,5,2,1,2,2,2,2,3,2,3,1,2,2,1,2,1,1,2,3,1,3,4,2,2,3,4,4,3,5,4,4,3,2,3,3,3,2,3,3,3,3,3,3,4,4,1,2,1,2,3,2,2,2,2,2,1,2,2,3,2,3,3,3,3,3,3,2,3,3,3,2,1,3,1,3,3,3,1,3,3,2,3,3,3
"593",593,"female","white","yr1","Business","math03","Visual",593,1,3,1,4,4,2,2,5,3,3,4,4,5,1,1,2,2,3,2,4,3,2,3,2,2,2,3,4,4,4,2,3,3,2,4,5,4,4,4,2,2,4,3,3,5,4,4,4,4,5,3,3,3,3,4,2,2,4,2,3,3,3,2,4,3,2,3,4,3,2,2,2,4,4,3,3,2,2,3,2,1,3,1,1,4,4,2,4,1,1,1,1,2,2,3,3,2,2,3,2,2,1,2,3
"594",594,"female","white","yr2","Other","math02","Visual",594,1,5,1,5,5,1,2,5,4,5,5,5,5,1,1,1,2,4,2,4,3,4,3,2,1,1,4,3,4,5,5,5,5,2,5,5,5,2,5,4,4,5,5,5,5,5,2,5,5,5,5,5,5,5,5,5,5,5,3,2,5,5,2,2,1,1,3,1,4,2,2,2,2,1,5,5,3,3,3,3,4,3,4,4,2,4,3,4,4,1,1,1,1,1,2,2,1,2,3,3,2,1,2,3
"595",595,"female","white","yr2","STEM","stats","Visual",595,1,4,2,4,4,2,1,5,1,4,4,4,5,1,2,2,1,1,4,4,2,2,5,4,1,1,3,2,4,3,3,4,4,4,3,4,3,5,4,3,1,5,4,2,3,3,4,3,3,5,2,3,4,3,3,3,3,4,4,5,4,4,1,3,3,1,2,5,5,2,2,2,2,2,2,5,5,4,3,1,2,2,2,3,3,3,2,3,3,2,1,1,3,2,1,2,3,2,2,1,1,1,3,3
"596",596,"female","white","yr1","Health","stats","Kinesthetic",596,1,5,2,5,1,3,1,4,1,5,5,1,4,1,2,3,1,1,4,3,4,1,4,3,1,1,1,3,3,1,1,3,3,1,3,2,4,4,4,2,1,5,4,3,5,4,2,5,5,3,4,3,3,5,3,5,1,2,1,1,1,1,3,4,1,1,4,5,5,4,1,1,2,2,2,2,2,2,2,2,1,4,4,1,4,4,4,4,1,1,1,1,3,2,1,3,3,2,1,3,2,1,2,3
"597",597,"female","white","yr1","STEM","math02","Visual",597,3,4,1,5,5,2,1,5,3,4,5,5,5,3,1,2,1,3,2,4,3,2,3,2,2,3,2,4,4,2,1,4,2,4,4,3,2,3,3,3,2,4,3,2,3,4,3,2,3,4,2,4,2,4,2,3,2,4,3,2,4,3,2,3,2,4,3,4,2,3,2,2,3,2,2,4,3,4,3,2,2,3,1,2,2,3,2,2,2,2,2,2,3,2,2,1,1,2,1,2,2,3,3,3
"598",598,"female","other","yr1","STEM","stats","Kinesthetic",598,1,1,1,1,2,1,2,2,1,1,1,2,2,1,1,1,2,1,5,1,5,3,4,4,3,5,1,5,5,5,5,5,5,5,3,5,5,3,5,3,4,4,3,4,5,5,4,5,5,5,5,5,5,5,5,5,4,5,5,5,5,5,5,5,4,5,5,5,5,5,4,3,4,4,4,5,4,5,4,4,3,3,3,2,4,4,2,3,3,3,1,1,1,2,2,3,3,2,3,3,2,1,3,3
"599",599,"female","other","yr1","Other","math01","Kinesthetic",599,2,5,3,5,4,5,2,5,2,5,5,4,5,2,3,5,2,2,2,5,4,2,3,3,3,3,3,3,3,3,4,4,2,2,3,3,3,3,3,3,3,3,3,3,3,3,3,3,3,3,3,3,3,3,3,3,3,3,3,3,3,3,3,3,3,3,3,3,3,3,3,3,3,3,3,3,3,3,3,3,3,3,3,3,3,3,3,3,3,1,1,1,3,2,3,1,3,1,2,1,2,3,2,3
"600",600,"female","white","yr1","Other","math01","Visual",600,4,5,1,5,5,2,2,5,3,5,5,5,5,4,1,2,2,3,2,4,4,5,5,5,5,5,5,4,3,4,5,5,4,2,4,3,4,4,4,5,4,5,4,5,5,4,3,4,5,5,5,5,5,5,4,5,4,5,4,3,5,5,4,5,4,3,5,2,5,2,3,3,4,4,3,5,3,2,3,2,2,1,2,2,4,4,2,4,3,1,1,1,3,2,1,2,3,2,3,1,2,2,3,3
"601",601,"female","Asian","yr1","STEM","math03","Visual",601,1,3,1,3,1,1,1,3,1,3,3,1,3,1,1,1,1,1,5,1,5,1,1,1,1,1,1,3,4,4,4,4,4,4,5,5,5,5,5,5,5,5,5,5,5,5,5,5,3,4,4,4,4,5,5,4,4,5,4,4,4,4,2,5,1,5,5,5,5,5,5,5,5,1,5,5,5,5,5,5,4,4,4,4,4,4,4,4,4,4,4,4,1,2,2,1,1,2,3,3,2,3,3,1
"602",602,"male","white","yr1","Other","math02","Visual",602,1,3,1,2,2,3,2,4,1,3,2,2,4,1,1,3,2,1,5,2,4,3,3,3,3,2,2,5,4,4,3,5,4,2,5,2,3,3,5,1,2,4,5,3,4,4,3,3,5,5,3,2,3,3,4,2,3,5,2,3,3,3,4,3,3,2,3,1,3,3,2,2,2,3,4,4,3,4,3,2,2,2,3,4,4,3,2,2,2,1,1,1,3,2,1,1,1,2,2,2,2,2,3,3
"603",603,"male","white","yr1","STEM","math04","Auditory",603,1,4,3,5,2,1,2,4,1,4,5,2,4,1,3,1,2,1,2,5,1,3,2,2,1,1,3,3,3,4,2,5,3,2,2,3,4,2,2,2,2,4,4,2,2,2,2,2,4,3,5,2,2,4,2,2,2,3,2,3,2,2,3,3,4,1,1,2,3,4,4,4,4,4,4,4,4,4,4,4,3,2,2,1,3,4,2,4,2,1,1,1,3,2,1,3,1,2,1,2,3,1,1,3
"604",604,"male","white","yr2","Business","math03","Visual",604,3,3,3,3,3,3,3,3,3,3,3,3,3,3,3,3,3,3,3,3,3,3,3,3,3,3,3,3,3,3,3,3,3,3,3,3,3,3,3,3,3,3,3,3,3,3,3,3,3,3,3,3,3,3,3,3,3,3,3,3,3,3,3,3,3,3,3,3,3,3,3,3,3,3,3,3,3,3,3,3,2,2,2,2,2,2,2,2,2,2,2,2,2,2,2,2,2,2,2,2,2,2,2,2
"605",605,"male","white","yr3","Business","stats","Kinesthetic",605,1,3,1,2,1,2,2,4,2,3,2,1,4,1,1,2,2,2,4,2,4,2,4,2,2,3,3,4,4,5,5,3,4,2,4,3,3,4,5,2,3,4,4,4,5,4,3,4,4,3,3,3,4,3,3,3,1,4,2,1,2,1,2,2,3,4,4,2,3,3,2,2,4,3,3,5,4,5,5,4,2,3,3,2,4,3,2,3,2,3,1,1,3,2,2,3,3,1,2,3,1,3,3,3
"606",606,"female","white","yr2","STEM","math04","Visual",606,1,3,1,3,2,1,1,4,1,3,3,2,4,1,1,1,1,1,3,2,4,4,4,4,2,4,4,4,4,4,4,4,4,2,4,3,4,4,4,4,2,4,4,4,3,3,4,4,4,4,4,4,4,4,4,4,4,4,4,3,2,5,1,4,1,4,4,4,4,3,4,4,2,3,3,4,4,4,3,2,2,3,2,2,4,4,3,4,2,2,1,1,3,2,2,1,3,2,1,1,2,1,3,2
"607",607,"female","white","yr5+","STEM","math04","Auditory",607,5,5,5,5,5,5,5,5,5,5,5,5,5,5,5,5,5,5,1,5,1,3,3,3,3,3,3,3,3,3,3,3,3,3,3,3,3,3,3,3,3,3,3,3,3,3,3,3,3,3,3,3,3,3,3,3,3,3,3,3,3,3,3,3,3,3,3,3,3,3,3,3,3,3,3,3,3,3,3,3,2,2,2,2,2,2,2,2,2,2,2,2,1,1,1,1,2,1,2,2,1,1,2,1
"608",608,"female","white","yr1","Other","math01","Kinesthetic",608,1,2,1,2,4,1,2,4,2,2,2,4,4,1,1,1,2,2,1,3,1,2,4,3,3,4,2,5,5,5,5,5,5,5,5,5,5,5,5,5,5,5,5,5,5,5,5,5,4,5,5,5,5,5,5,3,5,4,4,5,5,4,1,4,3,3,4,1,2,3,1,1,1,1,1,4,1,1,1,1,4,4,4,4,4,4,4,4,4,1,1,1,3,1,3,3,3,2,3,1,3,1,3,3
"609",609,"male","white","yr2","Business","math02","Kinesthetic",609,2,4,1,3,4,2,1,5,2,4,3,4,5,2,1,2,1,2,4,4,5,3,5,4,2,5,4,5,4,4,5,5,5,3,5,4,4,3,4,2,4,4,5,4,5,5,4,4,4,4,5,5,5,5,5,3,5,5,5,5,5,5,4,4,3,2,3,2,3,4,3,2,2,2,2,5,3,3,3,3,3,2,4,2,4,2,3,4,2,2,1,1,3,2,3,1,1,2,3,3,3,1,3,3
"610",610,"female","white","yr3","Other","math04","Visual",610,5,3,1,3,4,1,1,5,1,3,3,4,5,5,1,1,1,1,4,3,4,3,4,2,3,3,4,4,4,4,4,4,5,4,5,5,5,4,4,4,4,4,3,3,4,4,4,4,5,3,4,4,3,3,4,4,3,3,3,3,3,4,3,3,3,4,3,2,4,3,2,2,3,2,2,3,2,3,2,2,2,3,3,3,3,3,3,3,2,2,1,1,3,2,3,2,3,2,1,2,2,1,3,3
"611",611,"female","white","yr1","STEM","math02","Visual",611,2,5,5,5,4,2,2,3,3,5,5,4,3,2,5,2,2,3,1,5,1,4,3,3,1,3,2,4,3,3,3,4,3,4,3,3,4,3,3,3,3,3,3,3,4,4,3,3,2,3,3,3,3,3,4,3,4,4,4,4,4,4,4,3,4,3,3,2,4,3,2,2,2,2,2,4,4,3,3,2,2,3,1,3,4,4,2,2,1,1,1,1,2,2,1,1,3,2,1,2,2,3,3,3
"612",612,"male","white","yr1","Business","math03","Visual",612,1,2,1,2,2,3,1,3,2,2,2,2,3,1,1,3,1,2,4,2,4,3,4,5,3,4,5,3,4,4,4,5,5,4,5,3,4,4,4,4,5,4,4,3,5,5,4,4,4,5,4,4,3,5,4,4,5,4,4,4,5,5,4,4,4,3,3,2,4,4,4,4,4,4,4,5,5,5,5,5,2,2,3,3,4,3,2,3,1,1,1,1,1,2,2,3,1,2,3,2,2,3,2,3
"613",613,"female","other","yr3","Other","math01","Visual",613,3,5,1,5,5,5,1,5,5,5,5,5,5,3,1,5,1,5,4,1,5,1,5,5,1,1,1,5,5,5,5,5,5,5,3,5,5,5,5,1,5,5,5,5,5,5,1,5,5,5,5,5,5,5,5,5,5,5,5,5,5,5,3,2,1,1,3,2,5,1,5,5,5,5,5,5,5,5,5,5,4,4,4,4,4,4,4,4,3,1,1,1,1,1,3,2,3,2,2,1,2,1,2,1
"614",614,"female","white","yr3","STEM","math03","Visual",614,2,5,3,5,5,2,1,5,3,5,5,5,5,2,3,2,1,3,4,3,4,1,2,2,1,1,1,4,4,4,2,4,4,1,4,2,4,4,5,1,1,4,4,3,5,5,2,4,5,4,3,2,2,3,3,3,1,3,1,1,1,1,1,4,5,1,2,2,2,1,1,1,1,2,1,4,4,4,3,2,2,2,2,4,4,4,4,4,2,1,1,1,3,2,1,2,1,2,1,2,2,1,2,3
"615",615,"female","white","yr1","Other","math01","Visual",615,1,3,1,3,3,2,1,5,3,3,3,3,5,1,1,2,1,3,2,5,3,2,2,3,2,2,2,4,4,3,4,5,3,2,5,3,4,3,4,2,2,4,3,4,3,2,5,5,4,5,5,5,5,5,5,5,5,5,5,5,5,5,2,4,5,5,5,2,5,3,1,2,2,3,3,3,3,3,3,3,3,4,4,2,4,3,2,4,4,4,3,1,2,2,1,3,3,2,2,3,2,1,3,1
"616",616,"female","white","yr2","STEM","math02","Auditory",616,3,4,2,5,3,4,2,5,2,4,5,3,5,3,2,4,2,2,1,5,2,2,3,2,1,3,2,2,3,3,3,4,2,1,2,2,2,3,2,1,3,3,2,3,3,4,4,2,3,2,3,2,2,2,4,2,3,3,2,2,3,2,2,3,2,3,2,2,4,3,2,2,2,2,2,5,4,3,3,2,2,3,1,2,3,3,2,2,3,2,1,1,2,3,1,1,3,2,1,1,2,3,1,3
"617",617,"female","white","yr1","Business","math03","Kinesthetic",617,1,3,3,4,4,4,2,5,1,3,4,4,5,1,3,4,2,1,3,4,4,4,3,2,2,2,2,4,2,3,2,3,2,3,4,3,2,1,1,5,3,2,3,4,2,3,2,2,2,4,1,1,3,2,4,2,1,5,2,2,3,2,1,1,1,1,3,2,3,3,3,3,3,3,3,3,3,3,3,3,1,1,1,1,4,4,1,3,1,1,1,1,3,2,1,2,3,2,1,3,2,3,3,3
"618",618,"female","white","yr2","STEM","math04","Kinesthetic",618,1,3,2,5,5,5,2,5,1,3,5,5,5,1,2,5,2,1,2,4,2,3,2,2,1,1,1,3,1,1,1,2,3,1,3,5,5,3,5,1,1,1,1,3,1,3,1,1,4,4,1,1,1,1,1,1,1,3,1,3,3,3,1,1,1,1,1,1,3,1,1,1,1,1,1,4,1,1,2,1,2,2,2,4,4,4,2,4,3,3,1,1,3,2,3,3,1,2,1,3,2,3,2,3
"619",619,"female","Black","yr2","Business","math01","Auditory",619,3,5,1,5,5,4,3,4,2,5,5,5,4,3,1,4,3,2,2,1,3,2,4,2,4,3,3,1,1,4,3,2,4,3,1,2,4,2,4,4,4,1,2,4,3,3,1,3,1,3,3,1,4,2,4,1,4,2,4,2,4,2,3,3,2,3,5,1,1,2,4,4,4,3,4,3,3,3,4,4,4,2,4,1,4,4,4,2,3,2,3,1,2,1,3,1,3,1,2,3,1,1,2,3
"620",620,"female","white","yr2","Business","math03","Kinesthetic",620,1,5,5,5,3,4,4,5,2,5,5,3,5,1,5,4,4,2,1,5,3,2,3,2,1,3,4,4,2,3,2,3,2,2,2,2,2,2,3,4,3,3,3,2,4,3,2,2,3,3,2,4,3,2,2,3,1,2,3,1,2,2,1,2,1,4,4,2,4,3,4,5,5,3,4,5,5,5,5,5,1,1,2,3,3,4,3,3,3,2,4,1,3,1,1,3,1,1,2,3,2,3,3,3
"621",621,"male","white","yr1","STEM","stats","Visual",621,3,2,2,3,4,2,3,3,1,2,3,4,3,3,2,2,3,1,4,2,4,2,4,3,2,4,3,4,4,3,4,4,3,2,3,4,4,4,4,3,2,4,3,3,4,4,3,4,5,3,4,2,3,4,3,3,2,3,2,2,3,2,4,3,2,2,2,2,3,4,3,3,2,2,4,5,5,5,5,3,2,4,3,1,2,3,1,2,1,1,1,1,3,2,1,2,2,2,1,2,2,2,1,3
"622",622,"male","other","yr1","STEM","math03","Visual",622,1,2,2,4,3,2,1,5,1,2,4,3,5,1,2,2,1,1,4,2,4,1,3,2,1,1,1,2,3,3,2,3,2,1,3,1,3,3,2,3,1,4,3,3,1,2,3,2,4,4,3,2,1,3,3,5,2,3,2,1,3,2,2,3,3,1,2,1,1,4,4,4,5,4,5,4,4,4,4,4,2,2,3,1,3,3,2,2,1,1,2,3,3,1,1,2,2,2,1,2,2,3,3,3
"623",623,"male","white","yr2","Other","stats","Auditory",623,2,4,2,4,3,1,1,3,1,4,4,3,3,2,2,1,1,1,3,4,4,4,4,4,3,3,4,4,5,5,3,4,3,5,3,4,2,4,4,5,5,5,3,4,4,4,4,4,4,5,5,4,5,4,3,3,4,4,4,5,5,5,3,5,2,4,4,3,4,1,2,2,3,3,3,2,3,3,3,2,2,2,2,2,2,4,2,3,4,4,1,1,3,2,1,1,1,1,1,2,3,1,3,3
"624",624,"female","white","yr2","STEM","math04","Visual",624,2,3,1,3,4,4,1,4,3,3,3,4,4,2,1,4,1,3,4,2,4,3,4,2,2,2,3,3,4,4,4,4,3,2,5,5,2,4,4,3,2,4,3,4,2,4,4,5,5,5,5,4,4,5,5,3,4,5,5,2,3,4,1,1,4,1,1,1,4,3,2,2,2,4,2,3,3,4,4,2,4,4,4,4,4,4,4,4,4,4,1,4,2,1,2,3,1,2,3,2,2,1,2,1
"625",625,"male","white","yr3","Business","math02","Visual",625,3,4,1,3,3,2,2,5,2,4,3,3,5,3,1,2,2,2,2,5,2,2,3,2,4,3,3,3,4,4,3,4,3,2,4,3,3,4,5,5,4,3,4,4,5,5,5,3,4,4,3,4,5,5,5,5,3,4,4,4,3,3,2,3,3,3,3,3,3,2,2,3,3,3,3,3,3,3,3,3,2,3,4,2,3,2,2,2,2,2,1,1,3,2,2,3,2,2,1,2,2,1,3,3
"626",626,"female","white","yr1","Health","math02","Visual",626,2,4,1,5,4,1,2,5,3,4,5,4,5,2,1,1,2,3,2,5,2,1,1,5,1,3,1,1,3,3,4,4,4,1,5,5,5,5,5,1,5,5,5,5,5,5,5,5,5,5,5,5,5,5,5,5,5,5,5,5,5,5,5,5,5,5,5,5,5,4,4,4,4,4,4,4,4,4,4,4,2,2,3,2,4,4,2,3,3,1,1,1,1,2,2,2,3,2,3,1,2,3,3,3
"627",627,"male","white","yr1","Business","math02","Visual",627,3,5,2,5,5,3,3,4,2,5,5,5,4,3,2,3,3,2,2,5,3,1,3,2,2,2,1,3,2,2,2,2,2,2,3,1,1,3,2,2,2,4,4,4,2,3,2,2,4,2,2,3,3,3,3,3,3,3,3,3,2,2,1,2,1,3,3,4,4,3,1,2,2,2,2,3,3,3,3,3,3,3,3,3,3,3,3,3,3,3,3,3,3,2,1,2,1,2,1,3,2,3,3,2
"628",628,"male","white","yr1","STEM","math04","Kinesthetic",628,1,3,1,2,1,3,1,3,1,3,2,1,3,1,1,3,1,1,4,2,5,2,2,1,1,3,3,4,2,4,3,4,3,1,3,1,2,3,4,1,3,3,3,5,3,3,3,3,3,5,3,3,2,3,1,1,5,4,3,4,4,5,3,2,2,1,2,1,2,3,4,5,5,4,4,5,5,5,4,3,3,2,3,2,4,3,2,3,2,3,1,1,1,3,2,3,2,1,2,3,2,3,3,1
"629",629,"female","white","yr1","Other","math01","Auditory",629,2,5,4,5,5,5,3,5,5,5,5,5,5,2,4,5,3,5,1,5,2,2,5,3,2,2,4,4,4,3,3,4,4,3,3,3,3,4,4,1,1,4,4,4,2,2,2,3,3,4,5,4,4,3,3,2,3,4,2,4,2,4,2,3,5,4,2,4,2,2,2,2,2,2,2,3,3,3,3,2,1,2,2,1,2,4,1,2,3,2,1,1,3,1,1,1,1,2,1,1,2,2,3,2
"630",630,"female","white","yr1","STEM","math02","Auditory",630,1,2,1,2,2,1,1,3,1,2,2,2,3,1,1,1,1,1,4,2,5,3,2,2,1,4,3,4,2,4,3,5,4,4,5,5,4,4,4,1,3,4,3,4,5,5,4,4,4,4,5,3,3,4,5,4,4,5,4,4,2,5,3,4,3,1,3,2,2,3,3,2,2,3,3,5,3,4,4,3,2,1,2,3,4,4,4,4,2,3,1,3,3,2,2,1,3,1,1,1,2,1,3,3
"631",631,"female","white","yr2","Business","math02","Kinesthetic",631,2,3,1,3,3,1,1,5,2,3,3,3,5,2,1,1,1,2,2,4,4,3,3,3,1,2,4,5,5,5,4,5,4,3,5,4,3,5,4,3,5,4,5,5,5,5,5,5,5,5,5,5,5,4,4,5,5,5,4,5,5,3,2,4,2,1,2,1,3,2,3,2,2,3,2,4,4,4,4,4,2,2,2,2,2,2,2,2,2,1,1,1,1,2,2,2,3,3,3,3,2,1,3,3
"632",632,"male","other","yr5+","STEM","math04","Visual",632,1,5,5,5,5,5,3,5,3,5,5,5,5,1,5,5,3,3,4,3,5,1,1,1,1,1,1,1,1,1,1,4,3,2,2,2,1,2,2,3,3,4,4,4,2,3,3,2,2,1,1,1,1,1,1,3,5,3,2,2,1,5,1,4,1,1,1,1,3,1,1,1,3,4,3,3,3,2,3,3,2,2,2,1,4,4,3,3,1,1,1,1,3,2,2,3,3,3,2,2,2,3,1,2
"633",633,"male","white","yr3","Business","math03","Auditory",633,1,4,4,5,4,4,4,4,4,4,5,4,4,1,4,4,4,4,2,2,2,2,2,2,2,2,2,2,2,2,2,2,2,2,2,2,2,2,2,2,2,2,2,2,2,2,2,2,2,2,2,2,2,2,2,2,2,2,2,2,2,2,2,2,2,2,2,2,2,4,4,4,4,2,4,4,4,4,4,4,4,4,4,4,4,4,4,4,4,4,4,4,1,1,1,1,2,1,1,1,2,2,1,1
"634",634,"male","white","yr2","Business","math02","Auditory",634,1,3,1,4,3,1,1,4,3,3,4,3,4,1,1,1,1,3,3,4,4,2,4,5,1,4,3,4,4,4,4,3,3,1,4,2,4,3,5,2,3,3,4,4,4,4,3,5,5,5,5,5,4,5,5,5,4,4,4,5,3,4,1,3,3,4,4,3,3,2,1,3,3,3,3,3,3,3,3,2,2,2,2,2,2,1,2,3,3,2,3,3,3,2,2,1,1,1,1,3,2,3,2,1
"635",635,"female","Black","yr4","Other","stats","Kinesthetic",635,1,3,1,3,4,2,2,5,3,3,3,4,5,1,1,2,2,3,1,5,3,2,5,5,2,4,3,4,5,5,4,5,4,2,4,2,1,2,3,3,1,4,3,5,5,5,2,5,5,5,5,2,3,3,5,1,1,5,1,1,5,1,4,4,2,2,3,2,2,3,2,2,1,4,4,5,4,5,5,4,2,2,3,2,4,3,1,3,2,1,1,1,3,2,3,1,3,2,2,2,3,3,2,3
"636",636,"female","Asian","yr1","Other","math02","Kinesthetic",636,1,3,3,5,3,1,1,3,3,3,5,3,3,1,3,1,1,3,4,5,5,4,4,4,2,2,4,3,3,3,3,4,4,2,4,3,4,2,4,5,2,3,4,3,3,4,4,2,2,3,3,5,5,5,5,3,5,4,3,4,5,5,2,3,2,2,5,2,5,2,4,4,3,4,4,5,5,5,5,4,2,2,2,2,3,4,2,2,3,2,1,1,1,1,3,3,3,1,1,3,2,1,3,2
"637",637,"female","Black","yr1","STEM","stats","Visual",637,2,3,1,3,4,3,3,2,3,3,3,4,2,2,1,3,3,3,3,4,3,2,4,4,5,4,1,3,4,4,3,2,4,2,3,4,4,5,5,1,3,3,4,4,3,4,3,3,3,3,2,3,3,4,4,3,4,4,3,2,3,2,4,3,3,4,3,3,4,3,2,2,2,2,3,4,3,3,3,2,2,2,2,2,3,3,3,3,2,1,3,1,1,1,2,3,2,2,3,1,2,2,3,2
"638",638,"male","white","yr5+","STEM","other","Visual",638,1,3,1,3,4,2,1,5,1,3,3,4,5,1,1,2,1,1,3,4,5,4,3,3,3,2,4,4,2,3,3,4,4,3,5,2,4,3,4,4,3,4,3,4,3,4,3,5,3,4,4,4,3,3,4,4,4,4,3,4,3,4,4,3,3,3,4,1,3,3,4,3,3,4,4,4,4,4,4,4,4,3,4,2,3,3,2,3,4,3,1,1,3,2,2,3,3,2,1,2,2,3,1,3
"639",639,"female","other","yr3","Other","math04","Visual",639,1,4,2,5,3,4,2,5,3,4,5,3,5,1,2,4,2,3,4,3,2,4,3,3,4,2,3,3,5,3,3,2,5,5,3,4,3,4,2,5,4,3,4,4,5,4,3,2,4,4,2,4,4,5,4,4,4,3,4,3,5,4,2,3,3,4,4,4,3,2,2,2,2,2,2,3,3,3,3,2,4,4,4,1,4,4,4,3,2,2,1,1,3,2,2,2,1,2,2,3,2,3,3,1
"640",640,"male","white","yr1","Business","math03","Kinesthetic",640,1,1,1,3,2,1,1,2,1,1,3,2,2,1,1,1,1,1,5,3,4,5,5,5,5,5,5,5,5,5,5,5,5,5,5,5,5,5,5,5,5,5,5,5,5,5,5,5,5,5,5,5,5,5,5,5,5,5,5,5,5,5,5,3,2,5,5,5,5,3,3,2,3,3,3,5,5,5,5,3,3,2,3,4,4,4,2,3,2,1,1,1,1,1,2,3,3,2,3,3,2,2,3,3
"641",641,"male","white","yr2","Business","math03","Visual",641,3,4,3,5,4,4,4,3,3,4,5,4,3,3,3,4,4,3,4,2,4,3,3,3,3,3,3,2,2,4,4,3,2,3,2,1,4,2,3,3,2,3,2,3,2,3,2,3,4,4,4,4,4,4,3,4,2,4,3,3,3,3,1,4,3,3,3,2,4,4,4,1,3,5,3,4,3,4,2,4,3,2,2,1,2,3,2,3,1,3,2,2,2,3,2,1,2,2,1,2,2,3,1,1
"642",642,"female","white","yr1","Business","math03","Kinesthetic",642,2,4,1,3,5,3,2,5,4,4,3,5,5,2,1,3,2,4,4,3,5,5,2,3,4,1,5,5,3,3,2,4,4,3,3,5,2,4,3,2,3,4,2,5,5,4,5,5,5,5,5,5,3,5,4,4,2,3,3,4,2,2,3,3,1,4,5,3,3,2,1,1,1,1,2,2,1,2,1,1,4,4,4,2,4,4,2,3,1,1,1,1,2,2,1,1,3,2,3,3,2,1,3,3
"643",643,"female","white","yr1","Business","math01","Visual",643,3,5,5,5,5,4,3,5,5,5,5,5,5,3,5,4,3,5,1,5,4,4,3,3,3,3,2,4,2,3,3,4,4,4,4,4,4,4,4,4,4,4,4,4,4,4,4,5,5,5,5,5,5,5,5,5,5,5,5,5,5,5,5,5,5,5,5,5,5,3,1,1,1,2,3,5,5,3,3,3,2,2,2,2,2,2,2,2,2,2,2,2,3,1,2,2,1,1,2,3,2,3,2,1
"644",644,"female","white","yr2","Health","stats","Auditory",644,1,2,1,3,1,1,1,1,1,2,3,1,1,1,1,1,1,1,2,4,3,1,4,4,1,4,3,5,5,3,5,4,4,3,4,4,4,4,4,4,4,4,4,3,4,4,3,4,5,5,5,4,4,4,4,4,1,4,3,1,3,4,1,1,1,3,4,4,5,3,4,4,4,3,4,4,4,4,4,4,2,2,2,3,2,3,2,3,1,1,1,1,3,2,1,1,2,2,1,3,2,1,3,1
"645",645,"female","white","yr1","Health","stats","Kinesthetic",645,1,3,1,3,1,1,2,4,1,3,3,1,4,1,1,1,2,1,4,4,4,1,4,4,1,1,2,5,5,4,4,4,4,2,4,4,4,4,3,1,1,4,2,1,4,4,1,4,5,5,1,1,1,1,3,2,1,4,2,4,5,1,2,1,1,1,2,1,4,3,2,3,3,3,3,3,3,3,3,3,3,4,4,2,4,4,2,3,2,1,1,1,3,2,1,3,3,2,3,3,2,2,3,3
"646",646,"female","white","yr3","Other","math04","Visual",646,5,5,5,5,5,2,2,5,2,5,5,5,5,5,5,2,2,2,4,4,2,2,2,3,3,2,4,3,3,3,3,4,4,3,4,3,4,4,2,4,4,1,2,1,1,1,4,4,4,4,3,4,3,3,4,4,4,4,4,3,4,4,3,1,1,3,3,3,3,3,3,3,3,3,3,3,3,3,3,1,2,2,2,2,2,2,3,2,2,2,2,2,3,2,2,2,3,3,2,2,1,3,2,3
"647",647,"female","white","yr1","STEM","stats","Kinesthetic",647,3,3,3,4,3,1,1,5,3,3,4,3,5,3,3,1,1,3,2,3,2,3,4,4,4,4,4,4,3,4,5,5,4,4,4,4,4,4,3,2,3,5,4,4,5,4,4,4,5,4,4,5,5,5,4,3,2,4,4,4,4,4,3,2,2,3,2,2,4,3,3,2,2,3,2,3,3,3,3,3,1,1,2,1,2,3,3,3,1,1,1,1,3,2,1,3,3,2,1,3,3,3,3,3
"648",648,"female","white","yr1","Health","stats","Visual",648,1,4,4,4,3,4,2,4,2,4,4,3,4,1,4,4,2,2,2,4,2,4,4,4,4,4,4,4,4,4,4,4,4,4,4,4,4,4,4,4,4,4,4,4,4,4,4,4,4,4,4,4,4,4,4,4,4,4,4,4,4,4,1,3,3,4,4,4,4,1,1,1,1,5,1,5,5,5,5,5,2,2,2,2,2,2,2,2,2,2,2,1,3,1,2,1,3,2,1,2,3,2,2,1
"649",649,"female","white","yr1","STEM","stats","Visual",649,3,4,1,4,3,1,1,3,3,4,4,3,3,3,1,1,1,3,1,5,4,2,5,4,1,1,5,2,1,2,2,2,2,1,4,3,3,2,1,3,2,3,1,1,4,4,3,2,5,5,5,5,3,5,5,2,2,4,2,3,2,3,2,3,3,2,3,3,3,1,2,2,2,2,2,4,2,2,2,2,2,3,2,4,4,2,4,4,4,4,1,1,2,2,1,2,3,1,1,2,2,3,2,1
"650",650,"male","white","yr1","STEM","math03","Auditory",650,1,3,1,3,4,1,1,4,1,3,3,4,4,1,1,1,1,1,4,3,3,2,2,1,2,1,2,3,1,4,3,5,4,1,3,2,4,3,1,1,1,5,4,4,1,1,1,1,5,4,5,2,1,5,4,1,2,5,4,1,4,1,1,1,3,1,3,2,2,4,3,3,3,2,4,4,4,5,5,3,1,2,1,1,4,3,2,3,1,1,1,1,3,1,2,3,1,2,3,1,2,1,1,3
"651",651,"male","white","yr3","STEM","stats","Visual",651,2,2,2,2,2,2,2,2,2,2,2,2,2,2,2,2,2,2,2,2,1,3,3,3,3,3,3,3,3,3,3,3,3,3,3,3,3,3,3,3,3,3,3,3,3,3,3,3,3,3,3,3,3,3,3,3,3,3,3,3,3,3,3,3,3,3,3,3,3,4,4,4,4,2,4,3,3,3,3,3,2,2,2,2,2,2,2,2,2,2,2,2,1,2,2,2,3,2,2,2,2,2,2,2
"652",652,"female","white","yr1","Other","math02","Kinesthetic",652,1,5,2,4,3,3,3,5,2,5,4,3,5,1,2,3,3,2,3,5,4,2,5,4,1,4,3,4,5,5,3,5,5,3,5,4,4,3,5,5,5,5,5,3,4,4,4,5,5,4,4,3,4,4,5,3,5,5,5,4,4,3,2,4,4,3,4,4,5,2,3,1,2,3,3,5,4,4,4,2,2,4,4,2,4,2,2,2,3,2,1,1,2,2,1,3,1,2,3,1,2,3,3,3
"653",653,"female","Black","yr1","STEM","math02","Visual",653,4,4,3,5,3,3,3,5,2,4,5,3,5,4,3,3,3,2,2,2,2,3,3,2,1,1,2,3,2,3,2,3,3,2,3,3,2,2,3,2,3,3,3,2,2,3,3,2,1,2,2,3,2,2,3,1,3,2,3,2,3,3,1,2,2,3,3,2,2,3,4,3,3,3,3,4,3,3,3,2,2,2,3,3,2,1,2,1,1,2,2,2,2,3,2,3,3,1,2,2,2,2,2,3
"654",654,"male","white","yr2","STEM","math04","Kinesthetic",654,1,2,1,3,3,1,1,3,1,2,3,3,3,1,1,1,1,1,4,3,4,4,4,4,4,4,4,5,5,4,4,4,4,4,4,5,4,4,3,3,3,4,3,4,4,3,3,4,3,4,3,5,4,3,4,5,4,4,5,4,4,4,3,4,5,2,3,2,3,2,4,3,4,4,4,4,4,4,4,4,2,3,3,3,3,4,2,4,2,1,1,1,3,2,3,1,3,1,3,1,1,3,2,3
"655",655,"female","white","yr3","Other","math04","Kinesthetic",655,1,3,1,3,4,2,1,4,3,3,3,4,4,1,1,2,1,3,2,4,3,5,5,5,5,5,5,5,5,5,5,5,5,5,5,5,5,5,4,5,5,5,4,5,5,5,4,5,5,5,5,5,5,5,5,5,3,5,5,5,4,4,4,4,3,4,4,4,5,3,4,2,3,3,3,5,3,3,3,3,2,4,4,4,4,3,3,3,1,1,1,1,3,1,1,1,3,2,3,3,2,3,3,3
"656",656,"male","white","yr3","STEM","math04","Visual",656,2,2,1,3,2,1,1,3,2,2,3,2,3,2,1,1,1,2,3,4,4,3,3,4,1,3,2,5,3,4,3,5,4,1,4,2,3,3,4,1,2,4,3,3,5,4,3,4,4,3,4,3,2,3,4,3,4,3,4,5,4,4,3,4,3,1,3,2,3,5,4,5,5,5,5,5,5,5,5,5,2,2,2,1,3,3,1,2,2,2,4,1,1,2,1,3,2,2,2,2,2,3,1,2
"657",657,"female","Black","yr2","Health","math02","Auditory",657,2,4,2,4,4,2,2,5,2,4,4,4,5,2,2,2,2,2,3,5,3,3,3,3,3,3,3,5,3,3,3,4,1,2,2,1,3,3,4,3,1,3,3,3,3,3,3,3,3,3,3,3,3,3,3,3,3,3,3,3,3,3,3,3,3,3,3,3,3,3,2,2,2,3,3,3,3,3,3,1,3,3,3,3,3,3,3,3,2,3,1,1,3,2,2,3,1,2,1,1,1,3,3,2
"658",658,"male","white","yr1","Other","math02","Visual",658,2,3,1,3,3,3,2,5,2,3,3,3,5,2,1,3,2,2,4,3,4,2,4,3,1,1,2,3,3,4,4,4,3,3,4,5,3,4,2,1,2,4,3,3,2,3,2,3,2,4,4,3,4,3,3,4,4,3,2,3,4,3,2,2,2,1,4,1,2,2,2,2,2,2,3,5,2,3,4,2,3,3,3,3,3,4,2,3,3,1,1,1,2,2,2,1,3,2,1,1,3,3,2,3
"659",659,"male","white","yr3","STEM","stats","Auditory",659,1,3,2,4,2,1,1,3,1,3,4,2,3,1,2,1,1,1,2,5,3,5,5,4,5,5,5,5,5,5,5,5,5,5,5,5,5,5,5,5,5,4,5,4,5,5,3,5,5,5,5,5,5,5,5,5,5,5,5,5,5,5,5,5,5,5,5,5,5,3,1,2,2,1,3,3,3,3,3,3,3,4,3,4,3,3,3,3,3,4,4,4,3,1,1,2,2,2,1,3,1,2,1,1
"660",660,"female","Black","yr1","STEM","stats","Visual",660,1,2,2,3,2,3,1,5,2,2,3,2,5,1,2,3,1,2,2,4,4,1,2,2,1,2,1,2,3,3,4,4,3,2,3,2,3,2,4,2,3,4,3,4,4,4,3,3,4,3,4,3,4,3,4,4,3,4,3,4,4,3,3,4,4,3,4,3,4,3,1,2,3,3,3,3,3,3,3,1,4,3,3,4,4,2,3,3,3,3,3,2,1,1,2,3,2,2,3,1,3,3,2,2
"661",661,"female","white","yr2","Business","math02","Auditory",661,1,3,1,3,2,2,4,4,2,3,3,2,4,1,1,2,4,2,4,3,4,5,5,5,2,2,3,4,3,3,2,5,3,1,3,3,4,4,5,2,2,4,3,4,5,3,2,3,4,4,5,2,2,4,5,2,4,5,2,4,5,3,2,4,2,1,3,1,3,3,2,2,2,2,2,5,5,5,5,4,3,2,4,2,3,4,3,4,3,3,1,1,3,2,2,1,1,2,3,3,2,1,1,1
"662",662,"female","white","yr3","Other","math04","Visual",662,1,3,2,3,4,1,2,3,1,3,3,4,3,1,2,1,2,1,4,2,5,5,5,5,5,5,5,4,4,4,5,5,3,5,4,5,5,5,5,3,3,5,5,5,5,5,3,5,5,5,3,5,3,3,5,5,2,5,5,2,5,2,4,4,5,3,3,2,5,3,1,3,3,3,3,3,3,3,3,3,3,3,4,4,4,2,2,3,1,1,1,1,2,2,2,2,3,2,3,3,2,1,1,3
"663",663,"male","white","yr1","STEM","math04","Visual",663,4,5,1,5,5,1,2,5,3,5,5,5,5,4,1,1,2,3,3,4,2,3,3,3,3,3,3,3,3,3,3,3,3,3,3,3,3,3,3,3,3,3,3,3,3,3,3,3,3,3,3,3,3,3,3,3,3,3,3,3,3,3,3,3,2,3,2,2,2,3,3,4,3,2,4,4,4,4,3,4,3,2,2,3,3,2,3,2,3,2,2,3,1,3,1,2,2,1,1,2,2,3,2,2
"664",664,"female","white","yr1","STEM","math02","Kinesthetic",664,1,3,2,2,2,4,4,5,3,3,2,2,5,1,2,4,4,3,4,5,2,2,3,4,1,2,1,5,4,4,4,3,4,3,4,4,4,5,4,1,1,5,4,5,5,4,4,4,5,5,5,5,5,5,5,4,5,5,5,4,4,3,5,5,5,5,5,1,4,1,2,1,1,1,1,5,1,1,1,1,2,2,4,3,3,4,3,4,3,2,4,1,3,2,2,1,3,2,1,3,2,3,2,3
"665",665,"male","white","yr1","Business","math02","Visual",665,1,4,1,4,4,2,1,5,3,4,4,4,5,1,1,2,1,3,5,2,4,5,4,4,1,4,1,5,3,4,2,5,5,5,4,3,4,2,3,3,2,5,1,4,5,5,3,4,5,4,4,3,4,3,5,4,1,5,5,5,5,5,2,5,1,3,4,4,4,1,5,5,5,5,5,5,5,5,5,5,2,1,4,2,4,4,4,4,1,1,1,1,3,3,2,1,3,2,2,2,2,3,2,2
"666",666,"female","white","yr1","STEM","math03","Visual",666,1,4,4,5,3,4,3,5,2,4,5,3,5,1,4,4,3,2,2,4,4,4,3,3,1,1,2,2,3,4,3,5,3,3,3,2,4,4,3,1,1,5,4,4,5,5,5,5,5,3,1,4,3,5,5,2,1,4,3,3,4,2,5,3,2,4,4,1,3,2,3,2,3,3,3,3,3,3,3,3,2,2,3,2,4,4,2,4,3,1,1,1,2,2,1,1,1,2,1,2,2,3,3,3
"667",667,"male","white","yr1","Business","math02","Visual",667,1,1,1,1,1,1,1,1,1,1,1,1,1,1,1,1,1,1,5,1,5,4,3,2,3,4,2,3,4,4,4,4,4,4,4,4,4,4,4,3,4,4,4,4,4,4,4,4,4,3,4,3,4,4,3,4,5,5,3,4,5,3,3,3,5,5,4,2,4,3,3,4,2,3,5,3,2,5,1,3,3,2,4,2,1,2,3,1,4,3,3,3,2,2,3,1,3,1,3,2,2,3,1,2
"668",668,"male","white","yr2","Business","stats","Auditory",668,1,1,1,1,1,1,1,1,1,1,1,1,1,1,1,1,1,1,3,3,3,5,5,5,5,5,5,5,5,4,5,5,5,5,5,5,5,5,5,5,5,5,5,5,5,5,5,5,5,5,5,5,5,5,5,5,5,5,5,5,5,5,5,5,5,5,5,5,5,2,2,2,2,4,2,3,3,3,3,3,2,2,3,3,2,4,2,2,4,3,3,2,1,1,1,3,1,1,1,1,1,2,1,1
"669",669,"female","white","yr1","Other","math02","Kinesthetic",669,1,4,2,4,3,3,1,4,2,4,4,3,4,1,2,3,1,2,3,3,4,2,3,2,1,1,1,2,2,2,2,1,2,3,2,2,1,1,1,2,1,4,2,2,3,2,2,1,3,3,4,3,2,3,2,2,2,2,1,1,4,2,4,3,1,2,2,2,2,3,3,3,3,4,3,4,4,4,4,3,2,3,2,2,3,3,3,3,1,2,1,1,3,1,2,2,3,2,3,2,2,3,3,3
"670",670,"female","white","yr3","STEM","math04","Kinesthetic",670,1,3,2,4,3,2,1,5,3,3,4,3,5,1,2,2,1,3,3,4,4,3,4,3,4,3,4,3,2,3,3,4,4,3,3,2,3,2,4,2,4,2,3,3,2,4,3,2,4,3,3,2,1,2,3,4,5,3,3,3,4,3,2,3,1,2,2,2,3,3,2,2,3,2,2,4,2,3,3,2,2,2,2,3,3,3,1,3,1,1,1,1,3,1,2,3,3,1,3,3,2,1,3,1
"671",671,"male","white","yr5+","STEM","math04","Kinesthetic",671,2,4,3,4,4,2,1,5,2,4,4,4,5,2,3,2,1,2,4,2,4,3,3,2,3,2,3,4,4,4,3,5,3,1,4,4,3,3,4,3,1,5,4,4,4,5,2,3,4,4,4,4,3,4,4,3,3,4,2,3,3,3,2,4,5,1,2,3,3,2,2,2,2,2,2,4,3,2,2,2,2,3,3,3,4,4,2,3,3,2,1,1,3,1,2,2,3,2,2,3,2,3,3,3
"672",672,"female","white","yr5+","STEM","math03","Kinesthetic",672,3,5,2,4,3,2,1,5,4,5,4,3,5,3,2,2,1,4,2,5,3,2,3,3,1,1,1,4,3,2,4,4,4,1,3,4,3,2,4,1,1,3,3,2,3,2,3,3,2,3,3,1,2,4,5,1,1,2,1,1,1,1,1,2,2,1,1,1,1,2,2,2,2,2,2,5,4,3,3,3,4,4,4,2,4,4,2,4,4,2,1,1,3,2,1,3,3,2,1,2,2,1,3,3
"673",673,"male","white","yr1","Business","math02","Visual",673,1,1,1,2,2,1,1,3,1,1,2,2,3,1,1,1,1,1,4,3,3,5,4,3,1,3,2,5,5,5,5,4,5,3,5,2,4,3,3,2,3,5,5,5,4,4,5,5,5,5,5,5,5,5,5,4,5,5,5,5,5,5,4,4,4,4,4,2,3,3,3,3,3,4,4,4,4,4,4,4,2,2,2,1,3,3,2,3,1,1,1,1,2,2,1,2,3,1,1,3,2,3,3,2
"674",674,"female","white","yr1","Other","math02","Auditory",674,3,5,1,4,5,4,4,5,2,5,4,5,5,3,1,4,4,2,1,5,4,1,1,1,1,1,1,2,1,1,1,1,1,1,2,2,1,2,2,1,2,1,1,1,1,1,1,1,1,1,3,2,2,1,1,2,3,2,2,2,1,3,1,2,2,2,2,1,1,2,2,2,2,2,2,3,2,2,2,2,4,4,4,4,4,4,3,4,4,2,1,1,3,1,1,2,1,2,3,1,2,3,3,1
"675",675,"female","white","yr3","STEM","stats","Visual",675,3,5,5,5,5,2,5,5,4,5,5,5,5,3,5,2,5,4,1,5,4,5,5,5,3,4,3,4,4,4,4,4,4,4,4,4,4,4,4,4,4,3,3,3,3,3,3,3,3,3,3,3,3,3,3,3,3,3,3,3,3,3,4,4,4,4,4,4,4,2,3,4,4,3,3,3,3,3,3,3,2,2,2,2,2,2,2,2,2,2,2,2,2,2,3,2,3,2,3,1,2,1,3,3
"676",676,"male","white","yr3","Other","math02","Auditory",676,2,3,2,2,1,1,2,2,2,3,2,1,2,2,2,1,2,2,3,4,4,4,4,3,3,4,3,4,4,4,4,4,4,4,4,4,3,2,4,4,4,3,3,3,4,3,3,4,4,3,4,4,4,3,3,3,4,4,4,4,3,3,2,3,3,3,3,4,4,3,3,3,3,3,3,3,3,3,3,3,2,2,2,2,2,1,2,2,2,2,2,2,3,1,2,1,2,2,1,1,2,1,1,3
"677",677,"male","white","yr3","Business","math03","Kinesthetic",677,2,1,1,2,3,2,3,2,1,1,2,3,2,2,1,2,3,1,4,2,4,2,2,1,2,1,3,3,2,2,2,3,3,1,3,2,4,3,2,1,2,2,2,2,2,2,2,2,2,4,3,3,4,3,5,3,4,4,3,4,4,3,2,2,3,1,1,1,2,5,5,5,5,1,5,5,5,5,5,5,1,1,1,2,3,2,1,2,1,1,1,1,1,2,3,3,3,1,3,3,2,1,2,3
"678",678,"female","Asian","yr3","STEM","stats","Auditory",678,1,3,1,3,3,1,1,4,1,3,3,3,4,1,1,1,1,1,4,3,4,3,4,4,2,4,3,4,5,4,4,4,4,3,5,5,4,3,4,5,3,4,3,5,5,4,4,5,5,4,4,5,5,5,5,3,2,4,2,2,3,2,2,4,2,3,2,4,5,3,3,4,4,3,3,5,5,3,5,3,3,2,4,4,4,3,2,2,2,2,1,1,3,1,2,2,2,2,1,1,3,1,1,3
"679",679,"male","Black","yr1","Business","math02","Auditory",679,3,3,3,3,3,3,3,3,3,3,3,3,3,3,3,3,3,3,3,3,3,3,3,3,3,3,3,3,3,3,2,4,4,3,2,4,2,3,2,4,3,4,2,4,3,2,3,3,3,3,2,4,3,3,3,4,4,2,3,4,4,3,3,2,3,4,4,3,3,3,3,3,3,3,3,3,3,3,3,3,2,3,1,2,2,3,3,1,2,2,1,2,1,1,2,2,1,3,1,2,1,2,2,1
"680",680,"female","white","yr2","Business","math02","Kinesthetic",680,1,2,1,2,2,4,3,5,4,2,2,2,5,1,1,4,3,4,3,3,2,4,4,4,2,3,2,5,5,5,5,5,5,5,5,5,4,3,4,1,4,4,4,5,5,5,5,5,4,4,4,5,5,5,5,3,3,3,3,4,4,3,2,3,3,3,3,3,3,3,2,1,2,2,3,4,4,3,3,3,3,3,3,2,3,3,2,2,3,1,1,1,3,2,2,3,3,2,3,3,3,2,3,2
"681",681,"male","white","yr1","STEM","math03","Kinesthetic",681,1,1,1,1,1,1,1,2,1,1,1,1,2,1,1,1,1,1,4,3,4,4,3,4,2,2,5,5,5,5,5,5,5,3,5,5,5,5,5,5,5,5,5,5,5,5,5,5,5,5,5,5,5,5,5,5,5,5,5,5,5,5,5,5,5,5,5,5,5,5,5,5,5,1,5,5,5,5,5,5,3,3,3,3,3,3,3,3,3,3,3,3,1,3,2,3,3,1,1,3,2,3,1,3
"682",682,"male","white","yr1","STEM","math03","Kinesthetic",682,1,3,1,2,3,1,2,3,1,3,2,3,3,1,1,1,2,1,4,2,5,3,4,2,2,2,3,5,4,4,4,4,5,3,3,4,2,3,3,4,2,3,2,4,2,3,4,3,3,2,4,4,2,3,2,3,2,2,3,2,3,2,3,3,2,4,3,3,4,5,3,3,3,3,3,3,3,3,3,3,2,2,2,2,2,2,2,2,2,3,4,4,1,3,3,3,1,2,3,2,3,3,1,3
"683",683,"female","white","yr2","Other","math02","Auditory",683,1,3,2,4,3,2,1,4,3,3,4,3,4,1,2,2,1,3,1,5,3,4,4,4,3,4,4,4,4,4,3,4,4,4,4,4,4,4,4,4,4,4,3,2,3,3,4,5,4,5,4,3,4,4,4,4,4,4,4,4,4,4,3,3,3,4,3,4,5,3,3,4,4,4,4,4,4,4,4,3,2,2,2,4,3,2,2,3,3,2,1,1,3,1,3,2,1,2,3,1,2,1,1,2
"684",684,"female","white","yr2","Business","math02","Visual",684,1,4,1,4,2,1,1,5,1,4,4,2,5,1,1,1,1,1,2,4,3,3,4,4,3,4,4,4,4,2,3,4,4,3,3,2,2,2,2,3,2,4,3,4,3,4,3,3,2,4,4,2,3,3,2,4,2,4,3,3,4,3,4,3,3,4,4,3,4,3,2,3,2,3,2,5,5,5,5,2,2,3,2,2,3,3,2,3,2,1,1,1,2,2,2,3,3,2,2,3,2,1,3,3
"685",685,"male","white","yr1","Business","math02","Visual",685,2,3,4,4,3,5,3,5,4,3,4,3,5,2,4,5,3,4,1,5,2,1,2,1,1,2,2,2,2,3,1,2,2,1,3,1,2,2,1,2,2,2,2,2,4,2,1,2,4,3,4,4,4,3,4,3,4,3,3,4,3,3,1,2,4,3,3,1,3,3,2,4,4,2,3,4,3,3,2,3,2,2,3,3,2,3,2,2,2,3,2,1,2,1,1,2,2,2,3,2,2,1,2,2
"686",686,"female","white","yr5+","STEM","math04","Kinesthetic",686,2,4,3,3,4,1,2,5,1,4,3,4,5,2,3,1,2,1,3,4,3,3,4,3,2,2,3,4,4,3,3,4,4,2,2,3,3,3,3,3,3,3,3,3,3,3,3,3,3,3,3,3,3,4,4,2,1,4,3,4,4,4,1,3,3,3,3,3,1,3,3,3,2,3,3,3,3,3,3,2,1,2,2,3,2,3,1,3,2,1,1,1,3,2,2,2,3,3,3,3,2,1,3,2
"687",687,"female","white","yr1","STEM","math02","Auditory",687,1,1,1,2,2,2,1,4,2,1,2,2,4,1,1,2,1,2,4,3,3,3,3,3,3,4,3,4,3,4,2,3,3,2,2,3,3,3,3,2,3,3,3,2,3,3,4,2,3,2,3,4,3,2,3,4,3,3,3,4,2,3,4,3,3,2,3,3,3,4,4,5,4,4,5,5,5,4,4,4,2,3,3,2,2,2,2,2,2,1,1,1,1,1,1,3,3,2,3,1,2,3,1,2
"688",688,"female","white","yr5+","STEM","math02","Kinesthetic",688,3,5,5,5,5,5,5,5,5,5,5,5,5,3,5,5,5,5,1,5,1,1,2,1,2,1,1,1,2,1,1,1,1,1,3,2,1,2,3,1,2,2,3,3,1,3,2,2,3,3,2,2,3,2,1,3,2,2,2,3,1,1,1,1,4,2,1,1,1,2,2,2,2,2,4,3,2,2,2,2,1,1,1,1,3,2,3,2,2,3,1,1,1,3,2,3,1,2,1,3,1,3,3,3
"689",689,"female","white","yr2","Other","math04","Kinesthetic",689,4,5,3,5,5,5,3,5,1,5,5,5,5,4,3,5,3,1,2,3,3,4,4,3,5,3,5,2,3,3,5,5,5,2,3,3,3,3,4,2,4,4,3,2,2,5,5,5,4,4,4,3,3,5,3,5,1,4,5,3,5,1,1,3,2,3,3,5,5,3,4,4,4,3,4,3,4,4,3,4,4,3,4,3,4,2,2,1,2,1,4,1,2,1,2,3,2,2,1,3,2,3,3,3
"690",690,"male","white","yr2","STEM","math04","Visual",690,1,3,1,3,3,2,4,5,1,3,3,3,5,1,1,2,4,1,1,2,5,3,5,5,2,5,5,5,4,5,5,5,5,5,5,2,3,5,3,2,5,3,3,4,3,4,3,3,4,4,4,4,4,4,4,4,4,4,4,4,4,4,4,4,4,4,4,4,4,5,5,5,5,1,5,5,5,5,5,5,2,2,2,1,2,3,1,1,3,3,1,1,1,3,2,3,2,2,2,1,2,3,2,3
"691",691,"male","other","yr2","Business","math03","Visual",691,2,5,5,4,5,5,2,5,3,5,4,5,5,2,5,5,2,3,1,5,2,2,1,2,1,1,1,2,2,2,1,1,1,1,3,1,1,3,4,1,1,4,4,3,2,4,1,1,5,2,5,2,1,5,2,1,4,5,1,2,2,5,1,3,3,1,1,1,1,4,3,3,5,4,5,5,5,5,5,5,2,2,2,2,3,2,4,4,1,1,1,1,2,3,1,3,2,2,1,1,2,3,2,3
"692",692,"female","white","yr2","STEM","stats","Auditory",692,1,2,1,4,2,1,2,5,1,2,4,2,5,1,1,1,2,1,5,5,5,5,5,5,2,5,5,5,5,5,5,4,4,2,5,5,5,5,5,2,2,4,4,4,4,4,4,4,4,4,4,4,4,4,4,4,4,4,4,4,4,4,4,4,4,4,4,4,4,1,3,3,3,3,3,3,3,3,3,3,2,2,2,2,2,3,3,3,2,1,1,1,1,2,2,1,1,2,1,1,2,1,3,3
"693",693,"male","Black","yr1","Other","math02","Auditory",693,4,4,2,2,2,4,4,4,3,4,2,2,4,4,2,4,4,3,2,2,4,3,4,1,4,1,3,3,1,4,2,2,4,2,3,1,3,3,3,4,3,1,3,2,3,3,3,2,3,4,1,3,3,2,3,4,3,1,3,3,3,4,3,1,3,3,2,2,2,5,3,3,5,3,3,5,3,5,3,3,3,2,4,2,3,3,2,2,2,3,3,2,1,3,1,2,1,1,2,1,1,1,2,3
"694",694,"female","white","yr2","STEM","math02","Visual",694,1,2,1,3,1,1,1,4,1,2,3,1,4,1,1,1,1,1,4,3,4,3,3,3,3,4,3,4,3,3,3,3,3,3,4,4,4,4,4,3,4,3,5,4,5,5,5,4,4,4,4,4,4,4,4,4,3,4,3,3,4,3,1,3,2,1,1,1,2,3,3,2,2,3,2,3,3,3,3,2,2,2,2,2,2,2,3,2,3,2,2,2,1,2,2,2,3,2,1,3,3,3,3,2
"695",695,"female","white","yr1","Business","math02","Auditory",695,1,1,1,1,1,1,1,1,1,1,1,1,1,1,1,1,1,1,4,4,4,4,4,4,4,4,4,4,4,4,4,4,4,4,4,4,4,4,4,4,4,4,4,4,4,4,4,4,4,4,4,4,4,4,4,4,4,4,4,4,4,4,4,4,4,4,4,4,4,2,2,2,2,4,2,2,2,2,2,2,2,2,2,2,2,2,2,2,2,2,2,2,1,1,1,1,1,1,1,1,2,1,1,1
"696",696,"male","white","yr1","STEM","math02","Kinesthetic",696,2,3,1,2,2,4,2,4,1,3,2,2,4,2,1,4,2,1,4,4,4,4,4,4,3,3,4,5,4,4,4,4,4,3,4,3,2,4,4,3,5,4,4,4,4,4,4,4,5,4,5,3,4,4,4,3,3,4,3,3,3,3,4,3,4,2,5,3,4,4,4,4,4,4,4,4,4,4,4,4,2,3,2,3,3,1,1,1,2,1,1,1,1,2,1,3,1,3,3,2,3,3,1,3
