"","ID","sex","race","class","major","math.level","modality","MEA","MLA","SelfEfficacy","Technology","Cooperative","Deductive","Demonstrative","Inductive","Integrative","Lecturebased","Repetitive","TeacherCtrd","StudentCtrd","SocialEngg","BehaveEngg","Resource"
"1",1,"female","Asian","yr3","Health","stats","Visual",1.12537888400441,1.12537888400441,1.12537888400441,1.12537888400441,1.12537888400441,1.12537888400441,1.12537888400441,1.12537888400441,1.12537888400441,1.12537888400441,1.12537888400441,1.12537888400441,1.12537888400441,1.12537888400441,1.12537888400441,1.12537888400441
"2",2,"female","white","yr2","Health","stats","Auditory",0.9275883436999,0.9275883436999,0.9275883436999,0.9275883436999,0.9275883436999,0.9275883436999,0.9275883436999,0.9275883436999,0.9275883436999,0.9275883436999,0.9275883436999,0.9275883436999,0.9275883436999,0.9275883436999,0.9275883436999,0.9275883436999
"3",3,"female","white","yr2","STEM","other","Visual",-0.0415370781252103,-0.0415370781252103,-0.0415370781252103,-0.0415370781252103,-0.0415370781252103,-0.0415370781252103,-0.0415370781252103,-0.0415370781252103,-0.0415370781252103,-0.0415370781252103,-0.0415370781252103,-0.0415370781252103,-0.0415370781252103,-0.0415370781252103,-0.0415370781252103,-0.0415370781252103
"4",4,"female","other","yr1","Other","math02","Visual",-0.437118158734239,-0.437118158734239,-0.437118158734239,-0.437118158734239,-0.437118158734239,-0.437118158734239,-0.437118158734239,-0.437118158734239,-0.437118158734239,-0.437118158734239,-0.437118158734239,-0.437118158734239,-0.437118158734239,-0.437118158734239,-0.437118158734239,-0.437118158734239
"5",5,"female","other","yr1","STEM","math04","Kinesthetic",-0.592943630934027,-0.592943630934027,-0.592943630934027,-0.592943630934027,-0.592943630934027,-0.592943630934027,-0.592943630934027,-0.592943630934027,-0.592943630934027,-0.592943630934027,-0.592943630934027,-0.592943630934027,-0.592943630934027,-0.592943630934027,-0.592943630934027,-0.592943630934027
"6",6,"female","white","yr1","Other","math02","Auditory",0.203663580869413,0.203663580869413,0.203663580869413,0.203663580869413,0.203663580869413,0.203663580869413,0.203663580869413,0.203663580869413,0.203663580869413,0.203663580869413,0.203663580869413,0.203663580869413,0.203663580869413,0.203663580869413,0.203663580869413,0.203663580869413
"7",7,"female","white","yr1","Health","stats","Auditory",0.203663580869413,0.203663580869413,0.203663580869413,0.203663580869413,0.203663580869413,0.203663580869413,0.203663580869413,0.203663580869413,0.203663580869413,0.203663580869413,0.203663580869413,0.203663580869413,0.203663580869413,0.203663580869413,0.203663580869413,0.203663580869413
"8",8,"male","white","yr3","Business","math03","Visual",0.946628510414745,0.946628510414745,0.946628510414745,0.946628510414745,0.946628510414745,0.946628510414745,0.946628510414745,0.946628510414745,0.946628510414745,0.946628510414745,0.946628510414745,0.946628510414745,0.946628510414745,0.946628510414745,0.946628510414745,0.946628510414745
"9",9,"female","white","yr2","Other","other","Visual",-1.94208818453975,-1.94208818453975,-1.94208818453975,-1.94208818453975,-1.94208818453975,-1.94208818453975,-1.94208818453975,-1.94208818453975,-1.94208818453975,-1.94208818453975,-1.94208818453975,-1.94208818453975,-1.94208818453975,-1.94208818453975,-1.94208818453975,-1.94208818453975
"10",10,"male","Asian","yr5+","STEM","other","Kinesthetic",-1.67784735883028,-1.67784735883028,-1.67784735883028,-1.67784735883028,-1.67784735883028,-1.67784735883028,-1.67784735883028,-1.67784735883028,-1.67784735883028,-1.67784735883028,-1.67784735883028,-1.67784735883028,-1.67784735883028,-1.67784735883028,-1.67784735883028,-1.67784735883028
"11",11,"male","Black","yr3","STEM","math01","Visual",0.184623414154568,0.184623414154568,0.184623414154568,0.184623414154568,0.184623414154568,0.184623414154568,0.184623414154568,0.184623414154568,0.184623414154568,0.184623414154568,0.184623414154568,0.184623414154568,0.184623414154568,0.184623414154568,0.184623414154568,0.184623414154568
"12",12,"male","white","yr5+","STEM","math03","Visual",1.26564240737578,1.26564240737578,1.26564240737578,1.26564240737578,1.26564240737578,1.26564240737578,1.26564240737578,1.26564240737578,1.26564240737578,1.26564240737578,1.26564240737578,1.26564240737578,1.26564240737578,1.26564240737578,1.26564240737578,1.26564240737578
"13",13,"female","white","yr2","Health","stats","Auditory",-0.982292547975057,-0.982292547975057,-0.982292547975057,-0.982292547975057,-0.982292547975057,-0.982292547975057,-0.982292547975057,-0.982292547975057,-0.982292547975057,-0.982292547975057,-0.982292547975057,-0.982292547975057,-0.982292547975057,-0.982292547975057,-0.982292547975057,-0.982292547975057
"14",14,"female","white","yr5+","STEM","other","Kinesthetic",0.612052664625287,0.612052664625287,0.612052664625287,0.612052664625287,0.612052664625287,0.612052664625287,0.612052664625287,0.612052664625287,0.612052664625287,0.612052664625287,0.612052664625287,0.612052664625287,0.612052664625287,0.612052664625287,0.612052664625287,0.612052664625287
"15",15,"male","white","yr1","STEM","math04","Visual",-0.982292547975057,-0.982292547975057,-0.982292547975057,-0.982292547975057,-0.982292547975057,-0.982292547975057,-0.982292547975057,-0.982292547975057,-0.982292547975057,-0.982292547975057,-0.982292547975057,-0.982292547975057,-0.982292547975057,-0.982292547975057,-0.982292547975057,-0.982292547975057
"16",16,"female","white","yr1","Other","math02","Kinesthetic",1.44439278096545,1.44439278096545,1.44439278096545,1.44439278096545,1.44439278096545,1.44439278096545,1.44439278096545,1.44439278096545,1.44439278096545,1.44439278096545,1.44439278096545,1.44439278096545,1.44439278096545,1.44439278096545,1.44439278096545,1.44439278096545
"17",17,"female","white","yr1","Other","math01","Auditory",-0.465488110709503,-0.465488110709503,-0.465488110709503,-0.465488110709503,-0.465488110709503,-0.465488110709503,-0.465488110709503,-0.465488110709503,-0.465488110709503,-0.465488110709503,-0.465488110709503,-0.465488110709503,-0.465488110709503,-0.465488110709503,-0.465488110709503,-0.465488110709503
"18",18,"female","Black","yr2","Health","stats","Kinesthetic",-0.647716702185599,-0.647716702185599,-0.647716702185599,-0.647716702185599,-0.647716702185599,-0.647716702185599,-0.647716702185599,-0.647716702185599,-0.647716702185599,-0.647716702185599,-0.647716702185599,-0.647716702185599,-0.647716702185599,-0.647716702185599,-0.647716702185599,-0.647716702185599
"19",19,"male","Asian","yr1","Other","math02","Auditory",1.12537888400441,1.12537888400441,1.12537888400441,1.12537888400441,1.12537888400441,1.12537888400441,1.12537888400441,1.12537888400441,1.12537888400441,1.12537888400441,1.12537888400441,1.12537888400441,1.12537888400441,1.12537888400441,1.12537888400441,1.12537888400441
"20",20,"female","white","yr3","Business","math03","Visual",1.35501759417062,1.35501759417062,1.35501759417062,1.35501759417062,1.35501759417062,1.35501759417062,1.35501759417062,1.35501759417062,1.35501759417062,1.35501759417062,1.35501759417062,1.35501759417062,1.35501759417062,1.35501759417062,1.35501759417062,1.35501759417062
"21",21,"male","white","yr2","Business","math03","Auditory",-0.737091888980434,-0.737091888980434,-0.737091888980434,-0.737091888980434,-0.737091888980434,-0.737091888980434,-0.737091888980434,-0.737091888980434,-0.737091888980434,-0.737091888980434,-0.737091888980434,-0.737091888980434,-0.737091888980434,-0.737091888980434,-0.737091888980434,-0.737091888980434
"22",22,"male","other","yr2","Health","stats","Auditory",0.203663580869413,0.203663580869413,0.203663580869413,0.203663580869413,0.203663580869413,0.203663580869413,0.203663580869413,0.203663580869413,0.203663580869413,0.203663580869413,0.203663580869413,0.203663580869413,0.203663580869413,0.203663580869413,0.203663580869413,0.203663580869413
"23",23,"male","white","yr5+","STEM","other","Visual",-0.880109358033376,-0.880109358033376,-0.880109358033376,-0.880109358033376,-0.880109358033376,-0.880109358033376,-0.880109358033376,-0.880109358033376,-0.880109358033376,-0.880109358033376,-0.880109358033376,-0.880109358033376,-0.880109358033376,-0.880109358033376,-0.880109358033376,-0.880109358033376
"24",24,"female","white","yr3","STEM","stats","Kinesthetic",-0.0605772448400547,-0.0605772448400547,-0.0605772448400547,-0.0605772448400547,-0.0605772448400547,-0.0605772448400547,-0.0605772448400547,-0.0605772448400547,-0.0605772448400547,-0.0605772448400547,-0.0605772448400547,-0.0605772448400547,-0.0605772448400547,-0.0605772448400547,-0.0605772448400547,-0.0605772448400547
"25",25,"female","white","yr1","Health","stats","Kinesthetic",-1.82086482788322,-1.82086482788322,-1.82086482788322,-1.82086482788322,-1.82086482788322,-1.82086482788322,-1.82086482788322,-1.82086482788322,-1.82086482788322,-1.82086482788322,-1.82086482788322,-1.82086482788322,-1.82086482788322,-1.82086482788322,-1.82086482788322,-1.82086482788322
"26",26,"male","white","yr2","Other","math02","Kinesthetic",1.12537888400441,1.12537888400441,1.12537888400441,1.12537888400441,1.12537888400441,1.12537888400441,1.12537888400441,1.12537888400441,1.12537888400441,1.12537888400441,1.12537888400441,1.12537888400441,1.12537888400441,1.12537888400441,1.12537888400441,1.12537888400441
"27",27,"female","white","yr2","STEM","other","Visual",0.258436652120984,0.258436652120984,0.258436652120984,0.258436652120984,0.258436652120984,0.258436652120984,0.258436652120984,0.258436652120984,0.258436652120984,0.258436652120984,0.258436652120984,0.258436652120984,0.258436652120984,0.258436652120984,0.258436652120984,0.258436652120984
"28",28,"male","white","yr3","STEM","other","Visual",0.273998600949403,0.273998600949403,0.273998600949403,0.273998600949403,0.273998600949403,0.273998600949403,0.273998600949403,0.273998600949403,0.273998600949403,0.273998600949403,0.273998600949403,0.273998600949403,0.273998600949403,0.273998600949403,0.273998600949403,0.273998600949403
"29",29,"female","other","yr3","STEM","math01","Kinesthetic",1.53376796776029,1.53376796776029,1.53376796776029,1.53376796776029,1.53376796776029,1.53376796776029,1.53376796776029,1.53376796776029,1.53376796776029,1.53376796776029,1.53376796776029,1.53376796776029,1.53376796776029,1.53376796776029,1.53376796776029,1.53376796776029
"30",30,"male","Asian","yr3","STEM","other","Visual",-1.58847217203545,-1.58847217203545,-1.58847217203545,-1.58847217203545,-1.58847217203545,-1.58847217203545,-1.58847217203545,-1.58847217203545,-1.58847217203545,-1.58847217203545,-1.58847217203545,-1.58847217203545,-1.58847217203545,-1.58847217203545,-1.58847217203545,-1.58847217203545
"31",31,"female","white","yr2","Business","math03","Auditory",-0.239327618429725,-0.239327618429725,-0.239327618429725,-0.239327618429725,-0.239327618429725,-0.239327618429725,-0.239327618429725,-0.239327618429725,-0.239327618429725,-0.239327618429725,-0.239327618429725,-0.239327618429725,-0.239327618429725,-0.239327618429725,-0.239327618429725,-0.239327618429725
"32",32,"male","other","yr2","STEM","stats","Kinesthetic",-1.18008308827957,-1.18008308827957,-1.18008308827957,-1.18008308827957,-1.18008308827957,-1.18008308827957,-1.18008308827957,-1.18008308827957,-1.18008308827957,-1.18008308827957,-1.18008308827957,-1.18008308827957,-1.18008308827957,-1.18008308827957,-1.18008308827957,-1.18008308827957
"33",33,"female","other","yr1","Business","math03","Visual",-0.0415370781252103,-0.0415370781252103,-0.0415370781252103,-0.0415370781252103,-0.0415370781252103,-0.0415370781252103,-0.0415370781252103,-0.0415370781252103,-0.0415370781252103,-0.0415370781252103,-0.0415370781252103,-0.0415370781252103,-0.0415370781252103,-0.0415370781252103,-0.0415370781252103,-0.0415370781252103
"34",34,"female","white","yr1","STEM","math03","Visual",-0.418077992019395,-0.418077992019395,-0.418077992019395,-0.418077992019395,-0.418077992019395,-0.418077992019395,-0.418077992019395,-0.418077992019395,-0.418077992019395,-0.418077992019395,-0.418077992019395,-0.418077992019395,-0.418077992019395,-0.418077992019395,-0.418077992019395,-0.418077992019395
"35",35,"female","white","yr3","Other","stats","Kinesthetic",-0.456158325449083,-0.456158325449083,-0.456158325449083,-0.456158325449083,-0.456158325449083,-0.456158325449083,-0.456158325449083,-0.456158325449083,-0.456158325449083,-0.456158325449083,-0.456158325449083,-0.456158325449083,-0.456158325449083,-0.456158325449083,-0.456158325449083,-0.456158325449083
"36",36,"female","white","yr5+","STEM","other","Kinesthetic",-0.573903464219183,-0.573903464219183,-0.573903464219183,-0.573903464219183,-0.573903464219183,-0.573903464219183,-0.573903464219183,-0.573903464219183,-0.573903464219183,-0.573903464219183,-0.573903464219183,-0.573903464219183,-0.573903464219183,-0.573903464219183,-0.573903464219183,-0.573903464219183
"37",37,"female","white","yr1","STEM","math02","Kinesthetic",0.188101632040994,0.188101632040994,0.188101632040994,0.188101632040994,0.188101632040994,0.188101632040994,0.188101632040994,0.188101632040994,0.188101632040994,0.188101632040994,0.188101632040994,0.188101632040994,0.188101632040994,0.188101632040994,0.188101632040994,0.188101632040994
"38",38,"female","Asian","yr1","STEM","stats","Auditory",1.109816935176,1.109816935176,1.109816935176,1.109816935176,1.109816935176,1.109816935176,1.109816935176,1.109816935176,1.109816935176,1.109816935176,1.109816935176,1.109816935176,1.109816935176,1.109816935176,1.109816935176,1.109816935176
"39",39,"female","white","yr1","Other","math02","Kinesthetic",-0.22028745171488,-0.22028745171488,-0.22028745171488,-0.22028745171488,-0.22028745171488,-0.22028745171488,-0.22028745171488,-0.22028745171488,-0.22028745171488,-0.22028745171488,-0.22028745171488,-0.22028745171488,-0.22028745171488,-0.22028745171488,-0.22028745171488,-0.22028745171488
"40",40,"male","white","yr1","STEM","math03","Kinesthetic",-1.51465893406903,-1.51465893406903,-1.51465893406903,-1.51465893406903,-1.51465893406903,-1.51465893406903,-1.51465893406903,-1.51465893406903,-1.51465893406903,-1.51465893406903,-1.51465893406903,-1.51465893406903,-1.51465893406903,-1.51465893406903,-1.51465893406903,-1.51465893406903
"41",41,"male","white","yr1","STEM","math03","Kinesthetic",-1.53369910078387,-1.53369910078387,-1.53369910078387,-1.53369910078387,-1.53369910078387,-1.53369910078387,-1.53369910078387,-1.53369910078387,-1.53369910078387,-1.53369910078387,-1.53369910078387,-1.53369910078387,-1.53369910078387,-1.53369910078387,-1.53369910078387,-1.53369910078387
"42",42,"male","white","yr1","STEM","math03","Visual",0.293038767664248,0.293038767664248,0.293038767664248,0.293038767664248,0.293038767664248,0.293038767664248,0.293038767664248,0.293038767664248,0.293038767664248,0.293038767664248,0.293038767664248,0.293038767664248,0.293038767664248,0.293038767664248,0.293038767664248,0.293038767664248
"43",43,"female","white","yr1","STEM","math02","Visual",0.701427851420122,0.701427851420122,0.701427851420122,0.701427851420122,0.701427851420122,0.701427851420122,0.701427851420122,0.701427851420122,0.701427851420122,0.701427851420122,0.701427851420122,0.701427851420122,0.701427851420122,0.701427851420122,0.701427851420122,0.701427851420122
"44",44,"female","white","yr3","Other","other","Visual",-0.239327618429725,-0.239327618429725,-0.239327618429725,-0.239327618429725,-0.239327618429725,-0.239327618429725,-0.239327618429725,-0.239327618429725,-0.239327618429725,-0.239327618429725,-0.239327618429725,-0.239327618429725,-0.239327618429725,-0.239327618429725,-0.239327618429725,-0.239327618429725
"45",45,"female","white","yr1","STEM","math02","Visual",0.382413954459083,0.382413954459083,0.382413954459083,0.382413954459083,0.382413954459083,0.382413954459083,0.382413954459083,0.382413954459083,0.382413954459083,0.382413954459083,0.382413954459083,0.382413954459083,0.382413954459083,0.382413954459083,0.382413954459083,0.382413954459083
"46",46,"female","white","yr5+","STEM","other","Kinesthetic",-1.19912325499442,-1.19912325499442,-1.19912325499442,-1.19912325499442,-1.19912325499442,-1.19912325499442,-1.19912325499442,-1.19912325499442,-1.19912325499442,-1.19912325499442,-1.19912325499442,-1.19912325499442,-1.19912325499442,-1.19912325499442,-1.19912325499442,-1.19912325499442
"47",47,"female","white","yr2","STEM","math04","Visual",-1.10974806819958,-1.10974806819958,-1.10974806819958,-1.10974806819958,-1.10974806819958,-1.10974806819958,-1.10974806819958,-1.10974806819958,-1.10974806819958,-1.10974806819958,-1.10974806819958,-1.10974806819958,-1.10974806819958,-1.10974806819958,-1.10974806819958,-1.10974806819958
"48",48,"female","Asian","yr1","STEM","stats","Kinesthetic",-0.634908699038753,-0.634908699038753,-0.634908699038753,-0.634908699038753,-0.634908699038753,-0.634908699038753,-0.634908699038753,-0.634908699038753,-0.634908699038753,-0.634908699038753,-0.634908699038753,-0.634908699038753,-0.634908699038753,-0.634908699038753,-0.634908699038753,-0.634908699038753
"49",49,"female","white","yr2","Business","math03","Auditory",0.775241089386538,0.775241089386538,0.775241089386538,0.775241089386538,0.775241089386538,0.775241089386538,0.775241089386538,0.775241089386538,0.775241089386538,0.775241089386538,0.775241089386538,0.775241089386538,0.775241089386538,0.775241089386538,0.775241089386538,0.775241089386538
"50",50,"female","Black","yr5+","STEM","other","Kinesthetic",-1.69688752554512,-1.69688752554512,-1.69688752554512,-1.69688752554512,-1.69688752554512,-1.69688752554512,-1.69688752554512,-1.69688752554512,-1.69688752554512,-1.69688752554512,-1.69688752554512,-1.69688752554512,-1.69688752554512,-1.69688752554512,-1.69688752554512,-1.69688752554512
"51",51,"male","white","yr1","STEM","math03","Kinesthetic",1.03600369720958,1.03600369720958,1.03600369720958,1.03600369720958,1.03600369720958,1.03600369720958,1.03600369720958,1.03600369720958,1.03600369720958,1.03600369720958,1.03600369720958,1.03600369720958,1.03600369720958,1.03600369720958,1.03600369720958,1.03600369720958
"52",52,"male","Black","yr2","Health","stats","Kinesthetic",-2.01242320461974,-2.01242320461974,-2.01242320461974,-2.01242320461974,-2.01242320461974,-2.01242320461974,-2.01242320461974,-2.01242320461974,-2.01242320461974,-2.01242320461974,-2.01242320461974,-2.01242320461974,-2.01242320461974,-2.01242320461974,-2.01242320461974,-2.01242320461974
"53",53,"female","white","yr2","Other","math01","Kinesthetic",0.184623414154568,0.184623414154568,0.184623414154568,0.184623414154568,0.184623414154568,0.184623414154568,0.184623414154568,0.184623414154568,0.184623414154568,0.184623414154568,0.184623414154568,0.184623414154568,0.184623414154568,0.184623414154568,0.184623414154568,0.184623414154568
"54",54,"female","white","yr2","STEM","stats","Auditory",-0.864547409204957,-0.864547409204957,-0.864547409204957,-0.864547409204957,-0.864547409204957,-0.864547409204957,-0.864547409204957,-0.864547409204957,-0.864547409204957,-0.864547409204957,-0.864547409204957,-0.864547409204957,-0.864547409204957,-0.864547409204957,-0.864547409204957,-0.864547409204957
"55",55,"female","white","yr1","STEM","math02","Kinesthetic",-0.22028745171488,-0.22028745171488,-0.22028745171488,-0.22028745171488,-0.22028745171488,-0.22028745171488,-0.22028745171488,-0.22028745171488,-0.22028745171488,-0.22028745171488,-0.22028745171488,-0.22028745171488,-0.22028745171488,-0.22028745171488,-0.22028745171488,-0.22028745171488
"56",56,"male","white","yr1","STEM","other","Visual",-1.23372537053768,-1.23372537053768,-1.23372537053768,-1.23372537053768,-1.23372537053768,-1.23372537053768,-1.23372537053768,-1.23372537053768,-1.23372537053768,-1.23372537053768,-1.23372537053768,-1.23372537053768,-1.23372537053768,-1.23372537053768,-1.23372537053768,-1.23372537053768
"57",57,"female","other","yr3","Other","math01","Visual",0.912026394871481,0.912026394871481,0.912026394871481,0.912026394871481,0.912026394871481,0.912026394871481,0.912026394871481,0.912026394871481,0.912026394871481,0.912026394871481,0.912026394871481,0.912026394871481,0.912026394871481,0.912026394871481,0.912026394871481,0.912026394871481
"58",58,"female","white","yr3","STEM","math04","Kinesthetic",1.02044174838116,1.02044174838116,1.02044174838116,1.02044174838116,1.02044174838116,1.02044174838116,1.02044174838116,1.02044174838116,1.02044174838116,1.02044174838116,1.02044174838116,1.02044174838116,1.02044174838116,1.02044174838116,1.02044174838116,1.02044174838116
"59",59,"female","white","yr2","STEM","other","Kinesthetic",-1.78626271233996,-1.78626271233996,-1.78626271233996,-1.78626271233996,-1.78626271233996,-1.78626271233996,-1.78626271233996,-1.78626271233996,-1.78626271233996,-1.78626271233996,-1.78626271233996,-1.78626271233996,-1.78626271233996,-1.78626271233996,-1.78626271233996,-1.78626271233996
"60",60,"male","other","yr2","STEM","math02","Auditory",1.06785186707127,1.06785186707127,1.06785186707127,1.06785186707127,1.06785186707127,1.06785186707127,1.06785186707127,1.06785186707127,1.06785186707127,1.06785186707127,1.06785186707127,1.06785186707127,1.06785186707127,1.06785186707127,1.06785186707127,1.06785186707127
"61",61,"female","white","yr1","Other","math01","Visual",-0.437118158734239,-0.437118158734239,-0.437118158734239,-0.437118158734239,-0.437118158734239,-0.437118158734239,-0.437118158734239,-0.437118158734239,-0.437118158734239,-0.437118158734239,-0.437118158734239,-0.437118158734239,-0.437118158734239,-0.437118158734239,-0.437118158734239,-0.437118158734239
"62",62,"female","white","yr2","Business","math02","Kinesthetic",-1.05262756805505,-1.05262756805505,-1.05262756805505,-1.05262756805505,-1.05262756805505,-1.05262756805505,-1.05262756805505,-1.05262756805505,-1.05262756805505,-1.05262756805505,-1.05262756805505,-1.05262756805505,-1.05262756805505,-1.05262756805505,-1.05262756805505,-1.05262756805505
"63",63,"female","white","yr2","Health","stats","Visual",1.03600369720958,1.03600369720958,1.03600369720958,1.03600369720958,1.03600369720958,1.03600369720958,1.03600369720958,1.03600369720958,1.03600369720958,1.03600369720958,1.03600369720958,1.03600369720958,1.03600369720958,1.03600369720958,1.03600369720958,1.03600369720958
"64",64,"female","white","yr2","Health","stats","Visual",-0.456158325449083,-0.456158325449083,-0.456158325449083,-0.456158325449083,-0.456158325449083,-0.456158325449083,-0.456158325449083,-0.456158325449083,-0.456158325449083,-0.456158325449083,-0.456158325449083,-0.456158325449083,-0.456158325449083,-0.456158325449083,-0.456158325449083,-0.456158325449083
"65",65,"female","white","yr5+","STEM","stats","Kinesthetic",1.42535261425061,1.42535261425061,1.42535261425061,1.42535261425061,1.42535261425061,1.42535261425061,1.42535261425061,1.42535261425061,1.42535261425061,1.42535261425061,1.42535261425061,1.42535261425061,1.42535261425061,1.42535261425061,1.42535261425061,1.42535261425061
"66",66,"male","white","yr4","Other","math01","Kinesthetic",0.0478381086696247,0.0478381086696247,0.0478381086696247,0.0478381086696247,0.0478381086696247,0.0478381086696247,0.0478381086696247,0.0478381086696247,0.0478381086696247,0.0478381086696247,0.0478381086696247,0.0478381086696247,0.0478381086696247,0.0478381086696247,0.0478381086696247,0.0478381086696247
"67",67,"male","white","yr5+","STEM","other","Kinesthetic",-0.32870280522456,-0.32870280522456,-0.32870280522456,-0.32870280522456,-0.32870280522456,-0.32870280522456,-0.32870280522456,-0.32870280522456,-0.32870280522456,-0.32870280522456,-0.32870280522456,-0.32870280522456,-0.32870280522456,-0.32870280522456,-0.32870280522456,-0.32870280522456
"68",68,"female","white","yr1","Other","math02","Auditory",-1.60403412086386,-1.60403412086386,-1.60403412086386,-1.60403412086386,-1.60403412086386,-1.60403412086386,-1.60403412086386,-1.60403412086386,-1.60403412086386,-1.60403412086386,-1.60403412086386,-1.60403412086386,-1.60403412086386,-1.60403412086386,-1.60403412086386,-1.60403412086386
"69",69,"male","white","yr3","STEM","math03","Visual",-0.628676535470754,-0.628676535470754,-0.628676535470754,-0.628676535470754,-0.628676535470754,-0.628676535470754,-0.628676535470754,-0.628676535470754,-0.628676535470754,-0.628676535470754,-0.628676535470754,-0.628676535470754,-0.628676535470754,-0.628676535470754,-0.628676535470754,-0.628676535470754
"70",70,"male","white","yr1","STEM","math03","Visual",-1.49909698524061,-1.49909698524061,-1.49909698524061,-1.49909698524061,-1.49909698524061,-1.49909698524061,-1.49909698524061,-1.49909698524061,-1.49909698524061,-1.49909698524061,-1.49909698524061,-1.49909698524061,-1.49909698524061,-1.49909698524061,-1.49909698524061,-1.49909698524061
"71",71,"female","Asian","yr1","STEM","stats","Kinesthetic",-1.28849844178925,-1.28849844178925,-1.28849844178925,-1.28849844178925,-1.28849844178925,-1.28849844178925,-1.28849844178925,-1.28849844178925,-1.28849844178925,-1.28849844178925,-1.28849844178925,-1.28849844178925,-1.28849844178925,-1.28849844178925,-1.28849844178925,-1.28849844178925
"72",72,"male","white","yr1","Business","math02","Kinesthetic",-1.37164146501609,-1.37164146501609,-1.37164146501609,-1.37164146501609,-1.37164146501609,-1.37164146501609,-1.37164146501609,-1.37164146501609,-1.37164146501609,-1.37164146501609,-1.37164146501609,-1.37164146501609,-1.37164146501609,-1.37164146501609,-1.37164146501609,-1.37164146501609
"73",73,"female","white","yr2","Other","math01","Visual",-0.465488110709503,-0.465488110709503,-0.465488110709503,-0.465488110709503,-0.465488110709503,-0.465488110709503,-0.465488110709503,-0.465488110709503,-0.465488110709503,-0.465488110709503,-0.465488110709503,-0.465488110709503,-0.465488110709503,-0.465488110709503,-0.465488110709503,-0.465488110709503
"74",74,"male","other","yr2","Other","math02","Auditory",-1.09070790148474,-1.09070790148474,-1.09070790148474,-1.09070790148474,-1.09070790148474,-1.09070790148474,-1.09070790148474,-1.09070790148474,-1.09070790148474,-1.09070790148474,-1.09070790148474,-1.09070790148474,-1.09070790148474,-1.09070790148474,-1.09070790148474,-1.09070790148474
"75",75,"male","white","yr2","Business","math03","Kinesthetic",1.53376796776029,1.53376796776029,1.53376796776029,1.53376796776029,1.53376796776029,1.53376796776029,1.53376796776029,1.53376796776029,1.53376796776029,1.53376796776029,1.53376796776029,1.53376796776029,1.53376796776029,1.53376796776029,1.53376796776029,1.53376796776029
"76",76,"female","white","yr2","Other","math01","Kinesthetic",-0.573903464219183,-0.573903464219183,-0.573903464219183,-0.573903464219183,-0.573903464219183,-0.573903464219183,-0.573903464219183,-0.573903464219183,-0.573903464219183,-0.573903464219183,-0.573903464219183,-0.573903464219183,-0.573903464219183,-0.573903464219183,-0.573903464219183,-0.573903464219183
"77",77,"male","white","yr3","STEM","other","Visual",-0.752653837808853,-0.752653837808853,-0.752653837808853,-0.752653837808853,-0.752653837808853,-0.752653837808853,-0.752653837808853,-0.752653837808853,-0.752653837808853,-0.752653837808853,-0.752653837808853,-0.752653837808853,-0.752653837808853,-0.752653837808853,-0.752653837808853,-0.752653837808853
"78",78,"female","white","yr3","STEM","other","Kinesthetic",-0.32870280522456,-0.32870280522456,-0.32870280522456,-0.32870280522456,-0.32870280522456,-0.32870280522456,-0.32870280522456,-0.32870280522456,-0.32870280522456,-0.32870280522456,-0.32870280522456,-0.32870280522456,-0.32870280522456,-0.32870280522456,-0.32870280522456,-0.32870280522456
"79",79,"male","white","yr1","Business","math02","Kinesthetic",0.169061465326149,0.169061465326149,0.169061465326149,0.169061465326149,0.169061465326149,0.169061465326149,0.169061465326149,0.169061465326149,0.169061465326149,0.169061465326149,0.169061465326149,0.169061465326149,0.169061465326149,0.169061465326149,0.169061465326149,0.169061465326149
"80",80,"female","white","yr4","Other","other","Kinesthetic",0.0606461118164699,0.0606461118164699,0.0606461118164699,0.0606461118164699,0.0606461118164699,0.0606461118164699,0.0606461118164699,0.0606461118164699,0.0606461118164699,0.0606461118164699,0.0606461118164699,0.0606461118164699,0.0606461118164699,0.0606461118164699,0.0606461118164699,0.0606461118164699
"81",81,"female","white","yr5+","STEM","math02","Auditory",-0.14995243163489,-0.14995243163489,-0.14995243163489,-0.14995243163489,-0.14995243163489,-0.14995243163489,-0.14995243163489,-0.14995243163489,-0.14995243163489,-0.14995243163489,-0.14995243163489,-0.14995243163489,-0.14995243163489,-0.14995243163489,-0.14995243163489,-0.14995243163489
"82",82,"female","white","yr1","STEM","stats","Visual",0.864616276181373,0.864616276181373,0.864616276181373,0.864616276181373,0.864616276181373,0.864616276181373,0.864616276181373,0.864616276181373,0.864616276181373,0.864616276181373,0.864616276181373,0.864616276181373,0.864616276181373,0.864616276181373,0.864616276181373,0.864616276181373
"83",83,"female","white","yr1","Business","stats","Kinesthetic",0.685865902591703,0.685865902591703,0.685865902591703,0.685865902591703,0.685865902591703,0.685865902591703,0.685865902591703,0.685865902591703,0.685865902591703,0.685865902591703,0.685865902591703,0.685865902591703,0.685865902591703,0.685865902591703,0.685865902591703,0.685865902591703
"84",84,"male","white","yr2","Business","math02","Visual",-0.347742971939404,-0.347742971939404,-0.347742971939404,-0.347742971939404,-0.347742971939404,-0.347742971939404,-0.347742971939404,-0.347742971939404,-0.347742971939404,-0.347742971939404,-0.347742971939404,-0.347742971939404,-0.347742971939404,-0.347742971939404,-0.347742971939404,-0.347742971939404
"85",85,"female","white","yr2","Business","math02","Auditory",0.252204488552985,0.252204488552985,0.252204488552985,0.252204488552985,0.252204488552985,0.252204488552985,0.252204488552985,0.252204488552985,0.252204488552985,0.252204488552985,0.252204488552985,0.252204488552985,0.252204488552985,0.252204488552985,0.252204488552985,0.252204488552985
"86",86,"female","white","yr5+","Business","math02","Visual",1.01073136692674,1.01073136692674,1.01073136692674,1.01073136692674,1.01073136692674,1.01073136692674,1.01073136692674,1.01073136692674,1.01073136692674,1.01073136692674,1.01073136692674,1.01073136692674,1.01073136692674,1.01073136692674,1.01073136692674,1.01073136692674
"87",87,"female","white","yr2","Business","math02","Auditory",1.35501759417062,1.35501759417062,1.35501759417062,1.35501759417062,1.35501759417062,1.35501759417062,1.35501759417062,1.35501759417062,1.35501759417062,1.35501759417062,1.35501759417062,1.35501759417062,1.35501759417062,1.35501759417062,1.35501759417062,1.35501759417062
"88",88,"female","white","yr2","Health","stats","Kinesthetic",0.293038767664248,0.293038767664248,0.293038767664248,0.293038767664248,0.293038767664248,0.293038767664248,0.293038767664248,0.293038767664248,0.293038767664248,0.293038767664248,0.293038767664248,0.293038767664248,0.293038767664248,0.293038767664248,0.293038767664248,0.293038767664248
"89",89,"male","white","yr1","Business","math01","Kinesthetic",-0.647716702185599,-0.647716702185599,-0.647716702185599,-0.647716702185599,-0.647716702185599,-0.647716702185599,-0.647716702185599,-0.647716702185599,-0.647716702185599,-0.647716702185599,-0.647716702185599,-0.647716702185599,-0.647716702185599,-0.647716702185599,-0.647716702185599,-0.647716702185599
"90",90,"female","Black","yr3","Business","stats","Auditory",0.946628510414745,0.946628510414745,0.946628510414745,0.946628510414745,0.946628510414745,0.946628510414745,0.946628510414745,0.946628510414745,0.946628510414745,0.946628510414745,0.946628510414745,0.946628510414745,0.946628510414745,0.946628510414745,0.946628510414745,0.946628510414745
"91",91,"female","white","yr3","Other","other","Kinesthetic",0.612052664625287,0.612052664625287,0.612052664625287,0.612052664625287,0.612052664625287,0.612052664625287,0.612052664625287,0.612052664625287,0.612052664625287,0.612052664625287,0.612052664625287,0.612052664625287,0.612052664625287,0.612052664625287,0.612052664625287,0.612052664625287
"92",92,"female","white","yr1","Business","math03","Kinesthetic",-0.437118158734239,-0.437118158734239,-0.437118158734239,-0.437118158734239,-0.437118158734239,-0.437118158734239,-0.437118158734239,-0.437118158734239,-0.437118158734239,-0.437118158734239,-0.437118158734239,-0.437118158734239,-0.437118158734239,-0.437118158734239,-0.437118158734239,-0.437118158734239
"93",93,"female","white","yr3","Other","math02","Auditory",1.12537888400441,1.12537888400441,1.12537888400441,1.12537888400441,1.12537888400441,1.12537888400441,1.12537888400441,1.12537888400441,1.12537888400441,1.12537888400441,1.12537888400441,1.12537888400441,1.12537888400441,1.12537888400441,1.12537888400441,1.12537888400441
"94",94,"female","white","yr1","Health","stats","Visual",0.946628510414745,0.946628510414745,0.946628510414745,0.946628510414745,0.946628510414745,0.946628510414745,0.946628510414745,0.946628510414745,0.946628510414745,0.946628510414745,0.946628510414745,0.946628510414745,0.946628510414745,0.946628510414745,0.946628510414745,0.946628510414745
"95",95,"male","white","yr2","Business","math03","Auditory",0.203663580869413,0.203663580869413,0.203663580869413,0.203663580869413,0.203663580869413,0.203663580869413,0.203663580869413,0.203663580869413,0.203663580869413,0.203663580869413,0.203663580869413,0.203663580869413,0.203663580869413,0.203663580869413,0.203663580869413,0.203663580869413
"96",96,"female","white","yr1","Health","stats","Kinesthetic",0.0478381086696247,0.0478381086696247,0.0478381086696247,0.0478381086696247,0.0478381086696247,0.0478381086696247,0.0478381086696247,0.0478381086696247,0.0478381086696247,0.0478381086696247,0.0478381086696247,0.0478381086696247,0.0478381086696247,0.0478381086696247,0.0478381086696247,0.0478381086696247
"97",97,"female","white","yr1","Other","stats","Kinesthetic",-1.19912325499442,-1.19912325499442,-1.19912325499442,-1.19912325499442,-1.19912325499442,-1.19912325499442,-1.19912325499442,-1.19912325499442,-1.19912325499442,-1.19912325499442,-1.19912325499442,-1.19912325499442,-1.19912325499442,-1.19912325499442,-1.19912325499442,-1.19912325499442
"98",98,"female","Black","yr1","Health","stats","Kinesthetic",-0.0415370781252103,-0.0415370781252103,-0.0415370781252103,-0.0415370781252103,-0.0415370781252103,-0.0415370781252103,-0.0415370781252103,-0.0415370781252103,-0.0415370781252103,-0.0415370781252103,-0.0415370781252103,-0.0415370781252103,-0.0415370781252103,-0.0415370781252103,-0.0415370781252103,-0.0415370781252103
"99",99,"female","white","yr1","Health","math02","Auditory",-0.239327618429725,-0.239327618429725,-0.239327618429725,-0.239327618429725,-0.239327618429725,-0.239327618429725,-0.239327618429725,-0.239327618429725,-0.239327618429725,-0.239327618429725,-0.239327618429725,-0.239327618429725,-0.239327618429725,-0.239327618429725,-0.239327618429725,-0.239327618429725
"100",100,"male","white","yr5+","STEM","other","Visual",-0.239327618429725,-0.239327618429725,-0.239327618429725,-0.239327618429725,-0.239327618429725,-0.239327618429725,-0.239327618429725,-0.239327618429725,-0.239327618429725,-0.239327618429725,-0.239327618429725,-0.239327618429725,-0.239327618429725,-0.239327618429725,-0.239327618429725,-0.239327618429725
"101",101,"female","white","yr4","Other","other","Auditory",-1.18008308827957,-1.18008308827957,-1.18008308827957,-1.18008308827957,-1.18008308827957,-1.18008308827957,-1.18008308827957,-1.18008308827957,-1.18008308827957,-1.18008308827957,-1.18008308827957,-1.18008308827957,-1.18008308827957,-1.18008308827957,-1.18008308827957,-1.18008308827957
"102",102,"female","Black","yr2","STEM","math03","Kinesthetic",0.382413954459083,0.382413954459083,0.382413954459083,0.382413954459083,0.382413954459083,0.382413954459083,0.382413954459083,0.382413954459083,0.382413954459083,0.382413954459083,0.382413954459083,0.382413954459083,0.382413954459083,0.382413954459083,0.382413954459083,0.382413954459083
"103",103,"female","white","yr3","Other","math01","Kinesthetic",-0.22028745171488,-0.22028745171488,-0.22028745171488,-0.22028745171488,-0.22028745171488,-0.22028745171488,-0.22028745171488,-0.22028745171488,-0.22028745171488,-0.22028745171488,-0.22028745171488,-0.22028745171488,-0.22028745171488,-0.22028745171488,-0.22028745171488,-0.22028745171488
"104",104,"male","Asian","yr3","STEM","stats","Kinesthetic",-1.33590856047936,-1.33590856047936,-1.33590856047936,-1.33590856047936,-1.33590856047936,-1.33590856047936,-1.33590856047936,-1.33590856047936,-1.33590856047936,-1.33590856047936,-1.33590856047936,-1.33590856047936,-1.33590856047936,-1.33590856047936,-1.33590856047936,-1.33590856047936
"105",105,"female","white","yr2","STEM","math03","Kinesthetic",0.701427851420122,0.701427851420122,0.701427851420122,0.701427851420122,0.701427851420122,0.701427851420122,0.701427851420122,0.701427851420122,0.701427851420122,0.701427851420122,0.701427851420122,0.701427851420122,0.701427851420122,0.701427851420122,0.701427851420122,0.701427851420122
"106",106,"male","white","yr3","Business","math03","Kinesthetic",1.53376796776029,1.53376796776029,1.53376796776029,1.53376796776029,1.53376796776029,1.53376796776029,1.53376796776029,1.53376796776029,1.53376796776029,1.53376796776029,1.53376796776029,1.53376796776029,1.53376796776029,1.53376796776029,1.53376796776029,1.53376796776029
"107",107,"female","Black","yr5+","Health","math02","Kinesthetic",0.612052664625287,0.612052664625287,0.612052664625287,0.612052664625287,0.612052664625287,0.612052664625287,0.612052664625287,0.612052664625287,0.612052664625287,0.612052664625287,0.612052664625287,0.612052664625287,0.612052664625287,0.612052664625287,0.612052664625287,0.612052664625287
"108",108,"female","other","yr1","STEM","stats","Visual",-2.12083855812942,-2.12083855812942,-2.12083855812942,-2.12083855812942,-2.12083855812942,-2.12083855812942,-2.12083855812942,-2.12083855812942,-2.12083855812942,-2.12083855812942,-2.12083855812942,-2.12083855812942,-2.12083855812942,-2.12083855812942,-2.12083855812942,-2.12083855812942
"109",109,"male","Asian","yr3","STEM","math03","Kinesthetic",-0.14995243163489,-0.14995243163489,-0.14995243163489,-0.14995243163489,-0.14995243163489,-0.14995243163489,-0.14995243163489,-0.14995243163489,-0.14995243163489,-0.14995243163489,-0.14995243163489,-0.14995243163489,-0.14995243163489,-0.14995243163489,-0.14995243163489,-0.14995243163489
"110",110,"male","white","yr2","Other","math02","Auditory",-1.37787362858409,-1.37787362858409,-1.37787362858409,-1.37787362858409,-1.37787362858409,-1.37787362858409,-1.37787362858409,-1.37787362858409,-1.37787362858409,-1.37787362858409,-1.37787362858409,-1.37787362858409,-1.37787362858409,-1.37787362858409,-1.37787362858409,-1.37787362858409
"111",111,"female","white","yr2","STEM","math01","Kinesthetic",-1.58847217203545,-1.58847217203545,-1.58847217203545,-1.58847217203545,-1.58847217203545,-1.58847217203545,-1.58847217203545,-1.58847217203545,-1.58847217203545,-1.58847217203545,-1.58847217203545,-1.58847217203545,-1.58847217203545,-1.58847217203545,-1.58847217203545,-1.58847217203545
"112",112,"female","Black","yr1","Other","math01","Auditory",1.53376796776029,1.53376796776029,1.53376796776029,1.53376796776029,1.53376796776029,1.53376796776029,1.53376796776029,1.53376796776029,1.53376796776029,1.53376796776029,1.53376796776029,1.53376796776029,1.53376796776029,1.53376796776029,1.53376796776029,1.53376796776029
"113",113,"female","Black","yr1","STEM","math02","Auditory",-0.32870280522456,-0.32870280522456,-0.32870280522456,-0.32870280522456,-0.32870280522456,-0.32870280522456,-0.32870280522456,-0.32870280522456,-0.32870280522456,-0.32870280522456,-0.32870280522456,-0.32870280522456,-0.32870280522456,-0.32870280522456,-0.32870280522456,-0.32870280522456
"114",114,"male","white","yr1","STEM","math04","Kinesthetic",-0.32870280522456,-0.32870280522456,-0.32870280522456,-0.32870280522456,-0.32870280522456,-0.32870280522456,-0.32870280522456,-0.32870280522456,-0.32870280522456,-0.32870280522456,-0.32870280522456,-0.32870280522456,-0.32870280522456,-0.32870280522456,-0.32870280522456,-0.32870280522456
"115",115,"female","other","yr1","Other","math02","Auditory",0.293038767664248,0.293038767664248,0.293038767664248,0.293038767664248,0.293038767664248,0.293038767664248,0.293038767664248,0.293038767664248,0.293038767664248,0.293038767664248,0.293038767664248,0.293038767664248,0.293038767664248,0.293038767664248,0.293038767664248,0.293038767664248
"116",116,"male","white","yr2","STEM","other","Kinesthetic",-1.71244947437354,-1.71244947437354,-1.71244947437354,-1.71244947437354,-1.71244947437354,-1.71244947437354,-1.71244947437354,-1.71244947437354,-1.71244947437354,-1.71244947437354,-1.71244947437354,-1.71244947437354,-1.71244947437354,-1.71244947437354,-1.71244947437354,-1.71244947437354
"117",117,"female","white","yr1","Health","stats","Kinesthetic",-0.0415370781252103,-0.0415370781252103,-0.0415370781252103,-0.0415370781252103,-0.0415370781252103,-0.0415370781252103,-0.0415370781252103,-0.0415370781252103,-0.0415370781252103,-0.0415370781252103,-0.0415370781252103,-0.0415370781252103,-0.0415370781252103,-0.0415370781252103,-0.0415370781252103,-0.0415370781252103
"118",118,"female","Black","yr3","Business","math03","Kinesthetic",1.19919212197083,1.19919212197083,1.19919212197083,1.19919212197083,1.19919212197083,1.19919212197083,1.19919212197083,1.19919212197083,1.19919212197083,1.19919212197083,1.19919212197083,1.19919212197083,1.19919212197083,1.19919212197083,1.19919212197083,1.19919212197083
"119",119,"female","white","yr1","Health","stats","Kinesthetic",1.44439278096545,1.44439278096545,1.44439278096545,1.44439278096545,1.44439278096545,1.44439278096545,1.44439278096545,1.44439278096545,1.44439278096545,1.44439278096545,1.44439278096545,1.44439278096545,1.44439278096545,1.44439278096545,1.44439278096545,1.44439278096545
"120",120,"female","white","yr3","Business","math03","Visual",1.12537888400441,1.12537888400441,1.12537888400441,1.12537888400441,1.12537888400441,1.12537888400441,1.12537888400441,1.12537888400441,1.12537888400441,1.12537888400441,1.12537888400441,1.12537888400441,1.12537888400441,1.12537888400441,1.12537888400441,1.12537888400441
"121",121,"female","white","yr5+","STEM","math03","Kinesthetic",-0.32870280522456,-0.32870280522456,-0.32870280522456,-0.32870280522456,-0.32870280522456,-0.32870280522456,-0.32870280522456,-0.32870280522456,-0.32870280522456,-0.32870280522456,-0.32870280522456,-0.32870280522456,-0.32870280522456,-0.32870280522456,-0.32870280522456,-0.32870280522456
"122",122,"female","white","yr1","STEM","stats","Visual",0.414262124320772,0.414262124320772,0.414262124320772,0.414262124320772,0.414262124320772,0.414262124320772,0.414262124320772,0.414262124320772,0.414262124320772,0.414262124320772,0.414262124320772,0.414262124320772,0.414262124320772,0.414262124320772,0.414262124320772,0.414262124320772
"123",123,"female","white","yr5+","Health","stats","Visual",-0.771694004523697,-0.771694004523697,-0.771694004523697,-0.771694004523697,-0.771694004523697,-0.771694004523697,-0.771694004523697,-0.771694004523697,-0.771694004523697,-0.771694004523697,-0.771694004523697,-0.771694004523697,-0.771694004523697,-0.771694004523697,-0.771694004523697,-0.771694004523697
"124",124,"male","white","yr1","STEM","math03","Visual",-2.2292539116391,-2.2292539116391,-2.2292539116391,-2.2292539116391,-2.2292539116391,-2.2292539116391,-2.2292539116391,-2.2292539116391,-2.2292539116391,-2.2292539116391,-2.2292539116391,-2.2292539116391,-2.2292539116391,-2.2292539116391,-2.2292539116391,-2.2292539116391
"125",125,"male","white","yr1","STEM","stats","Kinesthetic",0.293038767664248,0.293038767664248,0.293038767664248,0.293038767664248,0.293038767664248,0.293038767664248,0.293038767664248,0.293038767664248,0.293038767664248,0.293038767664248,0.293038767664248,0.293038767664248,0.293038767664248,0.293038767664248,0.293038767664248,0.293038767664248
"126",126,"male","Black","yr1","STEM","math03","Kinesthetic",-1.62307428757871,-1.62307428757871,-1.62307428757871,-1.62307428757871,-1.62307428757871,-1.62307428757871,-1.62307428757871,-1.62307428757871,-1.62307428757871,-1.62307428757871,-1.62307428757871,-1.62307428757871,-1.62307428757871,-1.62307428757871,-1.62307428757871,-1.62307428757871
"127",127,"female","white","yr1","STEM","stats","Kinesthetic",0.596490715796868,0.596490715796868,0.596490715796868,0.596490715796868,0.596490715796868,0.596490715796868,0.596490715796868,0.596490715796868,0.596490715796868,0.596490715796868,0.596490715796868,0.596490715796868,0.596490715796868,0.596490715796868,0.596490715796868,0.596490715796868
"128",128,"female","white","yr3","STEM","math04","Visual",-1.42528374727419,-1.42528374727419,-1.42528374727419,-1.42528374727419,-1.42528374727419,-1.42528374727419,-1.42528374727419,-1.42528374727419,-1.42528374727419,-1.42528374727419,-1.42528374727419,-1.42528374727419,-1.42528374727419,-1.42528374727419,-1.42528374727419,-1.42528374727419
"129",129,"male","white","yr1","STEM","math04","Kinesthetic",-0.0415370781252103,-0.0415370781252103,-0.0415370781252103,-0.0415370781252103,-0.0415370781252103,-0.0415370781252103,-0.0415370781252103,-0.0415370781252103,-0.0415370781252103,-0.0415370781252103,-0.0415370781252103,-0.0415370781252103,-0.0415370781252103,-0.0415370781252103,-0.0415370781252103,-0.0415370781252103
"130",130,"female","white","yr2","Business","math03","Visual",0.790803038214957,0.790803038214957,0.790803038214957,0.790803038214957,0.790803038214957,0.790803038214957,0.790803038214957,0.790803038214957,0.790803038214957,0.790803038214957,0.790803038214957,0.790803038214957,0.790803038214957,0.790803038214957,0.790803038214957,0.790803038214957
"131",131,"female","white","yr2","Business","math02","Kinesthetic",-1.28226627822125,-1.28226627822125,-1.28226627822125,-1.28226627822125,-1.28226627822125,-1.28226627822125,-1.28226627822125,-1.28226627822125,-1.28226627822125,-1.28226627822125,-1.28226627822125,-1.28226627822125,-1.28226627822125,-1.28226627822125,-1.28226627822125,-1.28226627822125
"132",132,"female","white","yr1","Other","math02","Visual",0.456227192425499,0.456227192425499,0.456227192425499,0.456227192425499,0.456227192425499,0.456227192425499,0.456227192425499,0.456227192425499,0.456227192425499,0.456227192425499,0.456227192425499,0.456227192425499,0.456227192425499,0.456227192425499,0.456227192425499,0.456227192425499
"133",133,"female","white","yr5+","STEM","other","Kinesthetic",0.593012497910442,0.593012497910442,0.593012497910442,0.593012497910442,0.593012497910442,0.593012497910442,0.593012497910442,0.593012497910442,0.593012497910442,0.593012497910442,0.593012497910442,0.593012497910442,0.593012497910442,0.593012497910442,0.593012497910442,0.593012497910442
"134",134,"female","other","yr1","STEM","stats","Auditory",0.522677477830452,0.522677477830452,0.522677477830452,0.522677477830452,0.522677477830452,0.522677477830452,0.522677477830452,0.522677477830452,0.522677477830452,0.522677477830452,0.522677477830452,0.522677477830452,0.522677477830452,0.522677477830452,0.522677477830452,0.522677477830452
"135",135,"female","white","yr1","Other","math01","Visual",-0.526493345529074,-0.526493345529074,-0.526493345529074,-0.526493345529074,-0.526493345529074,-0.526493345529074,-0.526493345529074,-0.526493345529074,-0.526493345529074,-0.526493345529074,-0.526493345529074,-0.526493345529074,-0.526493345529074,-0.526493345529074,-0.526493345529074,-0.526493345529074
"136",136,"female","white","yr3","Business","math02","Kinesthetic",0.701427851420122,0.701427851420122,0.701427851420122,0.701427851420122,0.701427851420122,0.701427851420122,0.701427851420122,0.701427851420122,0.701427851420122,0.701427851420122,0.701427851420122,0.701427851420122,0.701427851420122,0.701427851420122,0.701427851420122,0.701427851420122
"137",137,"female","Black","yr1","STEM","math03","Kinesthetic",-0.756132055695278,-0.756132055695278,-0.756132055695278,-0.756132055695278,-0.756132055695278,-0.756132055695278,-0.756132055695278,-0.756132055695278,-0.756132055695278,-0.756132055695278,-0.756132055695278,-0.756132055695278,-0.756132055695278,-0.756132055695278,-0.756132055695278,-0.756132055695278
"138",138,"female","white","yr3","STEM","other","Auditory",-0.663278651014018,-0.663278651014018,-0.663278651014018,-0.663278651014018,-0.663278651014018,-0.663278651014018,-0.663278651014018,-0.663278651014018,-0.663278651014018,-0.663278651014018,-0.663278651014018,-0.663278651014018,-0.663278651014018,-0.663278651014018,-0.663278651014018,-0.663278651014018
"139",139,"female","white","yr1","Business","math03","Kinesthetic",-1.30753860850409,-1.30753860850409,-1.30753860850409,-1.30753860850409,-1.30753860850409,-1.30753860850409,-1.30753860850409,-1.30753860850409,-1.30753860850409,-1.30753860850409,-1.30753860850409,-1.30753860850409,-1.30753860850409,-1.30753860850409,-1.30753860850409,-1.30753860850409
"140",140,"female","white","yr1","STEM","math03","Visual",-0.573903464219183,-0.573903464219183,-0.573903464219183,-0.573903464219183,-0.573903464219183,-0.573903464219183,-0.573903464219183,-0.573903464219183,-0.573903464219183,-0.573903464219183,-0.573903464219183,-0.573903464219183,-0.573903464219183,-0.573903464219183,-0.573903464219183,-0.573903464219183
"141",141,"female","white","yr2","Other","other","Auditory",-2.01242320461974,-2.01242320461974,-2.01242320461974,-2.01242320461974,-2.01242320461974,-2.01242320461974,-2.01242320461974,-2.01242320461974,-2.01242320461974,-2.01242320461974,-2.01242320461974,-2.01242320461974,-2.01242320461974,-2.01242320461974,-2.01242320461974,-2.01242320461974
"142",142,"female","white","yr2","STEM","other","Kinesthetic",0.184623414154568,0.184623414154568,0.184623414154568,0.184623414154568,0.184623414154568,0.184623414154568,0.184623414154568,0.184623414154568,0.184623414154568,0.184623414154568,0.184623414154568,0.184623414154568,0.184623414154568,0.184623414154568,0.184623414154568,0.184623414154568
"143",143,"female","white","yr3","Health","stats","Kinesthetic",-0.437118158734239,-0.437118158734239,-0.437118158734239,-0.437118158734239,-0.437118158734239,-0.437118158734239,-0.437118158734239,-0.437118158734239,-0.437118158734239,-0.437118158734239,-0.437118158734239,-0.437118158734239,-0.437118158734239,-0.437118158734239,-0.437118158734239,-0.437118158734239
"144",144,"female","white","yr1","Other","math02","Kinesthetic",1.03600369720958,1.03600369720958,1.03600369720958,1.03600369720958,1.03600369720958,1.03600369720958,1.03600369720958,1.03600369720958,1.03600369720958,1.03600369720958,1.03600369720958,1.03600369720958,1.03600369720958,1.03600369720958,1.03600369720958,1.03600369720958
"145",145,"female","white","yr1","Other","math01","Visual",0.414262124320772,0.414262124320772,0.414262124320772,0.414262124320772,0.414262124320772,0.414262124320772,0.414262124320772,0.414262124320772,0.414262124320772,0.414262124320772,0.414262124320772,0.414262124320772,0.414262124320772,0.414262124320772,0.414262124320772,0.414262124320772
"146",146,"female","white","yr2","Health","stats","Kinesthetic",-0.982292547975057,-0.982292547975057,-0.982292547975057,-0.982292547975057,-0.982292547975057,-0.982292547975057,-0.982292547975057,-0.982292547975057,-0.982292547975057,-0.982292547975057,-0.982292547975057,-0.982292547975057,-0.982292547975057,-0.982292547975057,-0.982292547975057,-0.982292547975057
"147",147,"male","white","yr3","STEM","stats","Kinesthetic",-2.2292539116391,-2.2292539116391,-2.2292539116391,-2.2292539116391,-2.2292539116391,-2.2292539116391,-2.2292539116391,-2.2292539116391,-2.2292539116391,-2.2292539116391,-2.2292539116391,-2.2292539116391,-2.2292539116391,-2.2292539116391,-2.2292539116391,-2.2292539116391
"148",148,"female","white","yr1","STEM","stats","Kinesthetic",-0.347742971939404,-0.347742971939404,-0.347742971939404,-0.347742971939404,-0.347742971939404,-0.347742971939404,-0.347742971939404,-0.347742971939404,-0.347742971939404,-0.347742971939404,-0.347742971939404,-0.347742971939404,-0.347742971939404,-0.347742971939404,-0.347742971939404,-0.347742971939404
"149",149,"female","white","yr1","STEM","stats","Kinesthetic",-0.0415370781252103,-0.0415370781252103,-0.0415370781252103,-0.0415370781252103,-0.0415370781252103,-0.0415370781252103,-0.0415370781252103,-0.0415370781252103,-0.0415370781252103,-0.0415370781252103,-0.0415370781252103,-0.0415370781252103,-0.0415370781252103,-0.0415370781252103,-0.0415370781252103,-0.0415370781252103
"150",150,"male","white","yr2","STEM","math02","Visual",-1.18008308827957,-1.18008308827957,-1.18008308827957,-1.18008308827957,-1.18008308827957,-1.18008308827957,-1.18008308827957,-1.18008308827957,-1.18008308827957,-1.18008308827957,-1.18008308827957,-1.18008308827957,-1.18008308827957,-1.18008308827957,-1.18008308827957,-1.18008308827957
"151",151,"male","white","yr1","Health","stats","Auditory",-2.12083855812942,-2.12083855812942,-2.12083855812942,-2.12083855812942,-2.12083855812942,-2.12083855812942,-2.12083855812942,-2.12083855812942,-2.12083855812942,-2.12083855812942,-2.12083855812942,-2.12083855812942,-2.12083855812942,-2.12083855812942,-2.12083855812942,-2.12083855812942
"152",152,"female","white","yr1","STEM","stats","Visual",0.0606461118164699,0.0606461118164699,0.0606461118164699,0.0606461118164699,0.0606461118164699,0.0606461118164699,0.0606461118164699,0.0606461118164699,0.0606461118164699,0.0606461118164699,0.0606461118164699,0.0606461118164699,0.0606461118164699,0.0606461118164699,0.0606461118164699,0.0606461118164699
"153",153,"female","white","yr1","STEM","stats","Kinesthetic",-1.0013327146899,-1.0013327146899,-1.0013327146899,-1.0013327146899,-1.0013327146899,-1.0013327146899,-1.0013327146899,-1.0013327146899,-1.0013327146899,-1.0013327146899,-1.0013327146899,-1.0013327146899,-1.0013327146899,-1.0013327146899,-1.0013327146899,-1.0013327146899
"154",154,"female","white","yr1","Health","stats","Kinesthetic",1.03600369720958,1.03600369720958,1.03600369720958,1.03600369720958,1.03600369720958,1.03600369720958,1.03600369720958,1.03600369720958,1.03600369720958,1.03600369720958,1.03600369720958,1.03600369720958,1.03600369720958,1.03600369720958,1.03600369720958,1.03600369720958
"155",155,"female","white","yr3","Other","other","Kinesthetic",1.53376796776029,1.53376796776029,1.53376796776029,1.53376796776029,1.53376796776029,1.53376796776029,1.53376796776029,1.53376796776029,1.53376796776029,1.53376796776029,1.53376796776029,1.53376796776029,1.53376796776029,1.53376796776029,1.53376796776029,1.53376796776029
"156",156,"male","white","yr2","Other","math02","Visual",0.0606461118164699,0.0606461118164699,0.0606461118164699,0.0606461118164699,0.0606461118164699,0.0606461118164699,0.0606461118164699,0.0606461118164699,0.0606461118164699,0.0606461118164699,0.0606461118164699,0.0606461118164699,0.0606461118164699,0.0606461118164699,0.0606461118164699,0.0606461118164699
"157",157,"female","white","yr1","Other","stats","Visual",-0.14995243163489,-0.14995243163489,-0.14995243163489,-0.14995243163489,-0.14995243163489,-0.14995243163489,-0.14995243163489,-0.14995243163489,-0.14995243163489,-0.14995243163489,-0.14995243163489,-0.14995243163489,-0.14995243163489,-0.14995243163489,-0.14995243163489,-0.14995243163489
"158",158,"female","white","yr3","Business","math02","Auditory",-2.2292539116391,-2.2292539116391,-2.2292539116391,-2.2292539116391,-2.2292539116391,-2.2292539116391,-2.2292539116391,-2.2292539116391,-2.2292539116391,-2.2292539116391,-2.2292539116391,-2.2292539116391,-2.2292539116391,-2.2292539116391,-2.2292539116391,-2.2292539116391
"159",159,"male","other","yr2","Business","math03","Kinesthetic",-1.83367283103007,-1.83367283103007,-1.83367283103007,-1.83367283103007,-1.83367283103007,-1.83367283103007,-1.83367283103007,-1.83367283103007,-1.83367283103007,-1.83367283103007,-1.83367283103007,-1.83367283103007,-1.83367283103007,-1.83367283103007,-1.83367283103007,-1.83367283103007
"160",160,"female","white","yr2","Other","math02","Auditory",0.682387684705277,0.682387684705277,0.682387684705277,0.682387684705277,0.682387684705277,0.682387684705277,0.682387684705277,0.682387684705277,0.682387684705277,0.682387684705277,0.682387684705277,0.682387684705277,0.682387684705277,0.682387684705277,0.682387684705277,0.682387684705277
"161",161,"male","white","yr1","STEM","math02","Kinesthetic",-0.32870280522456,-0.32870280522456,-0.32870280522456,-0.32870280522456,-0.32870280522456,-0.32870280522456,-0.32870280522456,-0.32870280522456,-0.32870280522456,-0.32870280522456,-0.32870280522456,-0.32870280522456,-0.32870280522456,-0.32870280522456,-0.32870280522456,-0.32870280522456
"162",162,"male","Asian","yr3","Other","other","Visual",-0.347742971939404,-0.347742971939404,-0.347742971939404,-0.347742971939404,-0.347742971939404,-0.347742971939404,-0.347742971939404,-0.347742971939404,-0.347742971939404,-0.347742971939404,-0.347742971939404,-0.347742971939404,-0.347742971939404,-0.347742971939404,-0.347742971939404,-0.347742971939404
"163",163,"female","white","yr1","Other","math01","Kinesthetic",-0.22028745171488,-0.22028745171488,-0.22028745171488,-0.22028745171488,-0.22028745171488,-0.22028745171488,-0.22028745171488,-0.22028745171488,-0.22028745171488,-0.22028745171488,-0.22028745171488,-0.22028745171488,-0.22028745171488,-0.22028745171488,-0.22028745171488,-0.22028745171488
"164",164,"male","Black","yr3","Business","stats","Visual",-1.60403412086386,-1.60403412086386,-1.60403412086386,-1.60403412086386,-1.60403412086386,-1.60403412086386,-1.60403412086386,-1.60403412086386,-1.60403412086386,-1.60403412086386,-1.60403412086386,-1.60403412086386,-1.60403412086386,-1.60403412086386,-1.60403412086386,-1.60403412086386
"165",165,"female","Black","yr1","STEM","math02","Visual",0.612052664625287,0.612052664625287,0.612052664625287,0.612052664625287,0.612052664625287,0.612052664625287,0.612052664625287,0.612052664625287,0.612052664625287,0.612052664625287,0.612052664625287,0.612052664625287,0.612052664625287,0.612052664625287,0.612052664625287,0.612052664625287
"166",166,"male","white","yr1","Other","math02","Visual",-0.695126820875707,-0.695126820875707,-0.695126820875707,-0.695126820875707,-0.695126820875707,-0.695126820875707,-0.695126820875707,-0.695126820875707,-0.695126820875707,-0.695126820875707,-0.695126820875707,-0.695126820875707,-0.695126820875707,-0.695126820875707,-0.695126820875707,-0.695126820875707
"167",167,"female","white","yr1","STEM","math02","Visual",0.258436652120984,0.258436652120984,0.258436652120984,0.258436652120984,0.258436652120984,0.258436652120984,0.258436652120984,0.258436652120984,0.258436652120984,0.258436652120984,0.258436652120984,0.258436652120984,0.258436652120984,0.258436652120984,0.258436652120984,0.258436652120984
"168",168,"female","white","yr2","Other","math01","Kinesthetic",1.26564240737578,1.26564240737578,1.26564240737578,1.26564240737578,1.26564240737578,1.26564240737578,1.26564240737578,1.26564240737578,1.26564240737578,1.26564240737578,1.26564240737578,1.26564240737578,1.26564240737578,1.26564240737578,1.26564240737578,1.26564240737578
"169",169,"female","other","yr1","Business","math02","Visual",1.02044174838116,1.02044174838116,1.02044174838116,1.02044174838116,1.02044174838116,1.02044174838116,1.02044174838116,1.02044174838116,1.02044174838116,1.02044174838116,1.02044174838116,1.02044174838116,1.02044174838116,1.02044174838116,1.02044174838116,1.02044174838116
"170",170,"female","white","yr1","Other","math01","Kinesthetic",-0.239327618429725,-0.239327618429725,-0.239327618429725,-0.239327618429725,-0.239327618429725,-0.239327618429725,-0.239327618429725,-0.239327618429725,-0.239327618429725,-0.239327618429725,-0.239327618429725,-0.239327618429725,-0.239327618429725,-0.239327618429725,-0.239327618429725,-0.239327618429725
"171",171,"female","white","yr1","Health","stats","Kinesthetic",-0.663278651014018,-0.663278651014018,-0.663278651014018,-0.663278651014018,-0.663278651014018,-0.663278651014018,-0.663278651014018,-0.663278651014018,-0.663278651014018,-0.663278651014018,-0.663278651014018,-0.663278651014018,-0.663278651014018,-0.663278651014018,-0.663278651014018,-0.663278651014018
"172",172,"male","white","yr1","STEM","math03","Auditory",1.35501759417062,1.35501759417062,1.35501759417062,1.35501759417062,1.35501759417062,1.35501759417062,1.35501759417062,1.35501759417062,1.35501759417062,1.35501759417062,1.35501759417062,1.35501759417062,1.35501759417062,1.35501759417062,1.35501759417062,1.35501759417062
"173",173,"male","white","yr2","STEM","math03","Kinesthetic",-0.102542312944781,-0.102542312944781,-0.102542312944781,-0.102542312944781,-0.102542312944781,-0.102542312944781,-0.102542312944781,-0.102542312944781,-0.102542312944781,-0.102542312944781,-0.102542312944781,-0.102542312944781,-0.102542312944781,-0.102542312944781,-0.102542312944781,-0.102542312944781
"174",174,"female","white","yr2","STEM","math03","Visual",-0.130912264920045,-0.130912264920045,-0.130912264920045,-0.130912264920045,-0.130912264920045,-0.130912264920045,-0.130912264920045,-0.130912264920045,-0.130912264920045,-0.130912264920045,-0.130912264920045,-0.130912264920045,-0.130912264920045,-0.130912264920045,-0.130912264920045,-0.130912264920045
"175",175,"female","white","yr1","Other","math02","Kinesthetic",1.109816935176,1.109816935176,1.109816935176,1.109816935176,1.109816935176,1.109816935176,1.109816935176,1.109816935176,1.109816935176,1.109816935176,1.109816935176,1.109816935176,1.109816935176,1.109816935176,1.109816935176,1.109816935176
"176",176,"male","white","yr3","STEM","math04","Auditory",0.627614613453706,0.627614613453706,0.627614613453706,0.627614613453706,0.627614613453706,0.627614613453706,0.627614613453706,0.627614613453706,0.627614613453706,0.627614613453706,0.627614613453706,0.627614613453706,0.627614613453706,0.627614613453706,0.627614613453706,0.627614613453706
"177",177,"female","white","yr3","STEM","stats","Visual",0.539370215652335,0.539370215652335,0.539370215652335,0.539370215652335,0.539370215652335,0.539370215652335,0.539370215652335,0.539370215652335,0.539370215652335,0.539370215652335,0.539370215652335,0.539370215652335,0.539370215652335,0.539370215652335,0.539370215652335,0.539370215652335
"178",178,"female","white","yr1","Business","other","Kinesthetic",-1.28226627822125,-1.28226627822125,-1.28226627822125,-1.28226627822125,-1.28226627822125,-1.28226627822125,-1.28226627822125,-1.28226627822125,-1.28226627822125,-1.28226627822125,-1.28226627822125,-1.28226627822125,-1.28226627822125,-1.28226627822125,-1.28226627822125,-1.28226627822125
"179",179,"female","white","yr3","STEM","math04","Kinesthetic",1.00140158166632,1.00140158166632,1.00140158166632,1.00140158166632,1.00140158166632,1.00140158166632,1.00140158166632,1.00140158166632,1.00140158166632,1.00140158166632,1.00140158166632,1.00140158166632,1.00140158166632,1.00140158166632,1.00140158166632,1.00140158166632
"180",180,"female","white","yr1","Other","math01","Visual",0.184623414154568,0.184623414154568,0.184623414154568,0.184623414154568,0.184623414154568,0.184623414154568,0.184623414154568,0.184623414154568,0.184623414154568,0.184623414154568,0.184623414154568,0.184623414154568,0.184623414154568,0.184623414154568,0.184623414154568,0.184623414154568
"181",181,"male","white","yr2","Business","math03","Auditory",-0.309662638509715,-0.309662638509715,-0.309662638509715,-0.309662638509715,-0.309662638509715,-0.309662638509715,-0.309662638509715,-0.309662638509715,-0.309662638509715,-0.309662638509715,-0.309662638509715,-0.309662638509715,-0.309662638509715,-0.309662638509715,-0.309662638509715,-0.309662638509715
"182",182,"female","white","yr2","Other","math02","Visual",-0.14995243163489,-0.14995243163489,-0.14995243163489,-0.14995243163489,-0.14995243163489,-0.14995243163489,-0.14995243163489,-0.14995243163489,-0.14995243163489,-0.14995243163489,-0.14995243163489,-0.14995243163489,-0.14995243163489,-0.14995243163489,-0.14995243163489,-0.14995243163489
"183",183,"female","white","yr3","STEM","stats","Visual",-0.239327618429725,-0.239327618429725,-0.239327618429725,-0.239327618429725,-0.239327618429725,-0.239327618429725,-0.239327618429725,-0.239327618429725,-0.239327618429725,-0.239327618429725,-0.239327618429725,-0.239327618429725,-0.239327618429725,-0.239327618429725,-0.239327618429725,-0.239327618429725
"184",184,"female","white","yr4","Other","other","Auditory",1.44439278096545,1.44439278096545,1.44439278096545,1.44439278096545,1.44439278096545,1.44439278096545,1.44439278096545,1.44439278096545,1.44439278096545,1.44439278096545,1.44439278096545,1.44439278096545,1.44439278096545,1.44439278096545,1.44439278096545,1.44439278096545
"185",185,"male","white","yr2","STEM","math03","Auditory",-0.14995243163489,-0.14995243163489,-0.14995243163489,-0.14995243163489,-0.14995243163489,-0.14995243163489,-0.14995243163489,-0.14995243163489,-0.14995243163489,-0.14995243163489,-0.14995243163489,-0.14995243163489,-0.14995243163489,-0.14995243163489,-0.14995243163489,-0.14995243163489
"186",186,"female","Black","yr1","STEM","stats","Visual",0.0478381086696247,0.0478381086696247,0.0478381086696247,0.0478381086696247,0.0478381086696247,0.0478381086696247,0.0478381086696247,0.0478381086696247,0.0478381086696247,0.0478381086696247,0.0478381086696247,0.0478381086696247,0.0478381086696247,0.0478381086696247,0.0478381086696247,0.0478381086696247
"187",187,"female","white","yr1","Business","math03","Auditory",-0.437118158734239,-0.437118158734239,-0.437118158734239,-0.437118158734239,-0.437118158734239,-0.437118158734239,-0.437118158734239,-0.437118158734239,-0.437118158734239,-0.437118158734239,-0.437118158734239,-0.437118158734239,-0.437118158734239,-0.437118158734239,-0.437118158734239,-0.437118158734239
"188",188,"male","white","yr1","STEM","math02","Kinesthetic",0.203663580869413,0.203663580869413,0.203663580869413,0.203663580869413,0.203663580869413,0.203663580869413,0.203663580869413,0.203663580869413,0.203663580869413,0.203663580869413,0.203663580869413,0.203663580869413,0.203663580869413,0.203663580869413,0.203663580869413,0.203663580869413
"189",189,"male","Asian","yr1","STEM","math01","Auditory",-0.405994261077401,-0.405994261077401,-0.405994261077401,-0.405994261077401,-0.405994261077401,-0.405994261077401,-0.405994261077401,-0.405994261077401,-0.405994261077401,-0.405994261077401,-0.405994261077401,-0.405994261077401,-0.405994261077401,-0.405994261077401,-0.405994261077401,-0.405994261077401
"190",190,"female","white","yr1","Business","math01","Auditory",1.44439278096545,1.44439278096545,1.44439278096545,1.44439278096545,1.44439278096545,1.44439278096545,1.44439278096545,1.44439278096545,1.44439278096545,1.44439278096545,1.44439278096545,1.44439278096545,1.44439278096545,1.44439278096545,1.44439278096545,1.44439278096545
"191",191,"female","white","yr2","Business","math03","Kinesthetic",1.35501759417062,1.35501759417062,1.35501759417062,1.35501759417062,1.35501759417062,1.35501759417062,1.35501759417062,1.35501759417062,1.35501759417062,1.35501759417062,1.35501759417062,1.35501759417062,1.35501759417062,1.35501759417062,1.35501759417062,1.35501759417062
"192",192,"female","white","yr1","Other","math01","Auditory",-0.14995243163489,-0.14995243163489,-0.14995243163489,-0.14995243163489,-0.14995243163489,-0.14995243163489,-0.14995243163489,-0.14995243163489,-0.14995243163489,-0.14995243163489,-0.14995243163489,-0.14995243163489,-0.14995243163489,-0.14995243163489,-0.14995243163489,-0.14995243163489
"193",193,"female","white","yr1","Other","math01","Kinesthetic",-1.37164146501609,-1.37164146501609,-1.37164146501609,-1.37164146501609,-1.37164146501609,-1.37164146501609,-1.37164146501609,-1.37164146501609,-1.37164146501609,-1.37164146501609,-1.37164146501609,-1.37164146501609,-1.37164146501609,-1.37164146501609,-1.37164146501609,-1.37164146501609
"194",194,"female","Black","yr3","Other","other","Kinesthetic",1.44439278096545,1.44439278096545,1.44439278096545,1.44439278096545,1.44439278096545,1.44439278096545,1.44439278096545,1.44439278096545,1.44439278096545,1.44439278096545,1.44439278096545,1.44439278096545,1.44439278096545,1.44439278096545,1.44439278096545,1.44439278096545
"195",195,"male","white","yr1","Business","math03","Kinesthetic",-0.845507242490113,-0.845507242490113,-0.845507242490113,-0.845507242490113,-0.845507242490113,-0.845507242490113,-0.845507242490113,-0.845507242490113,-0.845507242490113,-0.845507242490113,-0.845507242490113,-0.845507242490113,-0.845507242490113,-0.845507242490113,-0.845507242490113,-0.845507242490113
"196",196,"female","Black","yr1","Other","math01","Auditory",0.251073699559521,0.251073699559521,0.251073699559521,0.251073699559521,0.251073699559521,0.251073699559521,0.251073699559521,0.251073699559521,0.251073699559521,0.251073699559521,0.251073699559521,0.251073699559521,0.251073699559521,0.251073699559521,0.251073699559521,0.251073699559521
"197",197,"female","white","yr1","Health","stats","Visual",0.0952482273597333,0.0952482273597333,0.0952482273597333,0.0952482273597333,0.0952482273597333,0.0952482273597333,0.0952482273597333,0.0952482273597333,0.0952482273597333,0.0952482273597333,0.0952482273597333,0.0952482273597333,0.0952482273597333,0.0952482273597333,0.0952482273597333,0.0952482273597333
"198",198,"female","white","yr1","Other","math01","Kinesthetic",1.53376796776029,1.53376796776029,1.53376796776029,1.53376796776029,1.53376796776029,1.53376796776029,1.53376796776029,1.53376796776029,1.53376796776029,1.53376796776029,1.53376796776029,1.53376796776029,1.53376796776029,1.53376796776029,1.53376796776029,1.53376796776029
"199",199,"female","Asian","yr1","STEM","math03","Visual",-1.39691379529893,-1.39691379529893,-1.39691379529893,-1.39691379529893,-1.39691379529893,-1.39691379529893,-1.39691379529893,-1.39691379529893,-1.39691379529893,-1.39691379529893,-1.39691379529893,-1.39691379529893,-1.39691379529893,-1.39691379529893,-1.39691379529893,-1.39691379529893
"200",200,"female","white","yr3","STEM","other","Kinesthetic",-1.9230480178249,-1.9230480178249,-1.9230480178249,-1.9230480178249,-1.9230480178249,-1.9230480178249,-1.9230480178249,-1.9230480178249,-1.9230480178249,-1.9230480178249,-1.9230480178249,-1.9230480178249,-1.9230480178249,-1.9230480178249,-1.9230480178249,-1.9230480178249
"201",201,"female","white","yr1","Other","math01","Visual",-1.49909698524061,-1.49909698524061,-1.49909698524061,-1.49909698524061,-1.49909698524061,-1.49909698524061,-1.49909698524061,-1.49909698524061,-1.49909698524061,-1.49909698524061,-1.49909698524061,-1.49909698524061,-1.49909698524061,-1.49909698524061,-1.49909698524061,-1.49909698524061
"202",202,"female","white","yr1","STEM","stats","Kinesthetic",-0.130912264920045,-0.130912264920045,-0.130912264920045,-0.130912264920045,-0.130912264920045,-0.130912264920045,-0.130912264920045,-0.130912264920045,-0.130912264920045,-0.130912264920045,-0.130912264920045,-0.130912264920045,-0.130912264920045,-0.130912264920045,-0.130912264920045,-0.130912264920045
"203",203,"male","white","yr1","Business","math02","Kinesthetic",-0.418077992019395,-0.418077992019395,-0.418077992019395,-0.418077992019395,-0.418077992019395,-0.418077992019395,-0.418077992019395,-0.418077992019395,-0.418077992019395,-0.418077992019395,-0.418077992019395,-0.418077992019395,-0.418077992019395,-0.418077992019395,-0.418077992019395,-0.418077992019395
"204",204,"female","Asian","yr3","STEM","stats","Visual",0.729797803395386,0.729797803395386,0.729797803395386,0.729797803395386,0.729797803395386,0.729797803395386,0.729797803395386,0.729797803395386,0.729797803395386,0.729797803395386,0.729797803395386,0.729797803395386,0.729797803395386,0.729797803395386,0.729797803395386,0.729797803395386
"205",205,"male","white","yr1","Business","math02","Auditory",-0.223765669601306,-0.223765669601306,-0.223765669601306,-0.223765669601306,-0.223765669601306,-0.223765669601306,-0.223765669601306,-0.223765669601306,-0.223765669601306,-0.223765669601306,-0.223765669601306,-0.223765669601306,-0.223765669601306,-0.223765669601306,-0.223765669601306,-0.223765669601306
"206",206,"female","white","yr1","Business","math02","Visual",-0.663278651014018,-0.663278651014018,-0.663278651014018,-0.663278651014018,-0.663278651014018,-0.663278651014018,-0.663278651014018,-0.663278651014018,-0.663278651014018,-0.663278651014018,-0.663278651014018,-0.663278651014018,-0.663278651014018,-0.663278651014018,-0.663278651014018,-0.663278651014018
"207",207,"male","white","yr3","STEM","other","Visual",0.203663580869413,0.203663580869413,0.203663580869413,0.203663580869413,0.203663580869413,0.203663580869413,0.203663580869413,0.203663580869413,0.203663580869413,0.203663580869413,0.203663580869413,0.203663580869413,0.203663580869413,0.203663580869413,0.203663580869413,0.203663580869413
"208",208,"male","white","yr2","STEM","stats","Visual",-1.26945827507441,-1.26945827507441,-1.26945827507441,-1.26945827507441,-1.26945827507441,-1.26945827507441,-1.26945827507441,-1.26945827507441,-1.26945827507441,-1.26945827507441,-1.26945827507441,-1.26945827507441,-1.26945827507441,-1.26945827507441,-1.26945827507441,-1.26945827507441
"209",209,"male","white","yr3","STEM","other","Auditory",-1.89467806584964,-1.89467806584964,-1.89467806584964,-1.89467806584964,-1.89467806584964,-1.89467806584964,-1.89467806584964,-1.89467806584964,-1.89467806584964,-1.89467806584964,-1.89467806584964,-1.89467806584964,-1.89467806584964,-1.89467806584964,-1.89467806584964,-1.89467806584964
"210",210,"male","white","yr2","Health","stats","Kinesthetic",0.612052664625287,0.612052664625287,0.612052664625287,0.612052664625287,0.612052664625287,0.612052664625287,0.612052664625287,0.612052664625287,0.612052664625287,0.612052664625287,0.612052664625287,0.612052664625287,0.612052664625287,0.612052664625287,0.612052664625287,0.612052664625287
"211",211,"female","white","yr1","Other","math02","Visual",-0.347742971939404,-0.347742971939404,-0.347742971939404,-0.347742971939404,-0.347742971939404,-0.347742971939404,-0.347742971939404,-0.347742971939404,-0.347742971939404,-0.347742971939404,-0.347742971939404,-0.347742971939404,-0.347742971939404,-0.347742971939404,-0.347742971939404,-0.347742971939404
"212",212,"female","white","yr1","Business","math03","Auditory",1.12537888400441,1.12537888400441,1.12537888400441,1.12537888400441,1.12537888400441,1.12537888400441,1.12537888400441,1.12537888400441,1.12537888400441,1.12537888400441,1.12537888400441,1.12537888400441,1.12537888400441,1.12537888400441,1.12537888400441,1.12537888400441
"213",213,"female","white","yr3","Other","other","Kinesthetic",0.456227192425499,0.456227192425499,0.456227192425499,0.456227192425499,0.456227192425499,0.456227192425499,0.456227192425499,0.456227192425499,0.456227192425499,0.456227192425499,0.456227192425499,0.456227192425499,0.456227192425499,0.456227192425499,0.456227192425499,0.456227192425499
"214",214,"male","white","yr2","Business","math03","Auditory",1.33597742745577,1.33597742745577,1.33597742745577,1.33597742745577,1.33597742745577,1.33597742745577,1.33597742745577,1.33597742745577,1.33597742745577,1.33597742745577,1.33597742745577,1.33597742745577,1.33597742745577,1.33597742745577,1.33597742745577,1.33597742745577
"215",215,"female","white","yr3","STEM","math03","Kinesthetic",1.53376796776029,1.53376796776029,1.53376796776029,1.53376796776029,1.53376796776029,1.53376796776029,1.53376796776029,1.53376796776029,1.53376796776029,1.53376796776029,1.53376796776029,1.53376796776029,1.53376796776029,1.53376796776029,1.53376796776029,1.53376796776029
"216",216,"male","white","yr1","Business","math02","Visual",-1.58847217203545,-1.58847217203545,-1.58847217203545,-1.58847217203545,-1.58847217203545,-1.58847217203545,-1.58847217203545,-1.58847217203545,-1.58847217203545,-1.58847217203545,-1.58847217203545,-1.58847217203545,-1.58847217203545,-1.58847217203545,-1.58847217203545,-1.58847217203545
"217",217,"female","white","yr1","Other","math01","Auditory",0.366852005630664,0.366852005630664,0.366852005630664,0.366852005630664,0.366852005630664,0.366852005630664,0.366852005630664,0.366852005630664,0.366852005630664,0.366852005630664,0.366852005630664,0.366852005630664,0.366852005630664,0.366852005630664,0.366852005630664,0.366852005630664
"218",218,"female","white","yr3","Business","math03","Visual",1.44439278096545,1.44439278096545,1.44439278096545,1.44439278096545,1.44439278096545,1.44439278096545,1.44439278096545,1.44439278096545,1.44439278096545,1.44439278096545,1.44439278096545,1.44439278096545,1.44439278096545,1.44439278096545,1.44439278096545,1.44439278096545
"219",219,"male","white","yr2","Business","math02","Visual",-0.347742971939404,-0.347742971939404,-0.347742971939404,-0.347742971939404,-0.347742971939404,-0.347742971939404,-0.347742971939404,-0.347742971939404,-0.347742971939404,-0.347742971939404,-0.347742971939404,-0.347742971939404,-0.347742971939404,-0.347742971939404,-0.347742971939404,-0.347742971939404
"220",220,"female","white","yr1","STEM","math02","Kinesthetic",1.44439278096545,1.44439278096545,1.44439278096545,1.44439278096545,1.44439278096545,1.44439278096545,1.44439278096545,1.44439278096545,1.44439278096545,1.44439278096545,1.44439278096545,1.44439278096545,1.44439278096545,1.44439278096545,1.44439278096545,1.44439278096545
"221",221,"female","Asian","yr3","STEM","math03","Visual",-1.82086482788322,-1.82086482788322,-1.82086482788322,-1.82086482788322,-1.82086482788322,-1.82086482788322,-1.82086482788322,-1.82086482788322,-1.82086482788322,-1.82086482788322,-1.82086482788322,-1.82086482788322,-1.82086482788322,-1.82086482788322,-1.82086482788322,-1.82086482788322
"222",222,"male","white","yr1","Business","math03","Auditory",-0.22028745171488,-0.22028745171488,-0.22028745171488,-0.22028745171488,-0.22028745171488,-0.22028745171488,-0.22028745171488,-0.22028745171488,-0.22028745171488,-0.22028745171488,-0.22028745171488,-0.22028745171488,-0.22028745171488,-0.22028745171488,-0.22028745171488,-0.22028745171488
"223",223,"female","other","yr5+","Business","math03","Visual",-0.456158325449083,-0.456158325449083,-0.456158325449083,-0.456158325449083,-0.456158325449083,-0.456158325449083,-0.456158325449083,-0.456158325449083,-0.456158325449083,-0.456158325449083,-0.456158325449083,-0.456158325449083,-0.456158325449083,-0.456158325449083,-0.456158325449083,-0.456158325449083
"224",224,"female","white","yr2","STEM","other","Visual",-1.18008308827957,-1.18008308827957,-1.18008308827957,-1.18008308827957,-1.18008308827957,-1.18008308827957,-1.18008308827957,-1.18008308827957,-1.18008308827957,-1.18008308827957,-1.18008308827957,-1.18008308827957,-1.18008308827957,-1.18008308827957,-1.18008308827957,-1.18008308827957
"225",225,"female","white","yr2","Health","stats","Visual",0.433302291035617,0.433302291035617,0.433302291035617,0.433302291035617,0.433302291035617,0.433302291035617,0.433302291035617,0.433302291035617,0.433302291035617,0.433302291035617,0.433302291035617,0.433302291035617,0.433302291035617,0.433302291035617,0.433302291035617,0.433302291035617
"226",226,"female","white","yr1","STEM","stats","Kinesthetic",0.277476818835829,0.277476818835829,0.277476818835829,0.277476818835829,0.277476818835829,0.277476818835829,0.277476818835829,0.277476818835829,0.277476818835829,0.277476818835829,0.277476818835829,0.277476818835829,0.277476818835829,0.277476818835829,0.277476818835829,0.277476818835829
"227",227,"male","white","yr2","Business","math03","Visual",-0.743324052548433,-0.743324052548433,-0.743324052548433,-0.743324052548433,-0.743324052548433,-0.743324052548433,-0.743324052548433,-0.743324052548433,-0.743324052548433,-0.743324052548433,-0.743324052548433,-0.743324052548433,-0.743324052548433,-0.743324052548433,-0.743324052548433,-0.743324052548433
"228",228,"male","white","yr2","STEM","other","Kinesthetic",-0.465488110709503,-0.465488110709503,-0.465488110709503,-0.465488110709503,-0.465488110709503,-0.465488110709503,-0.465488110709503,-0.465488110709503,-0.465488110709503,-0.465488110709503,-0.465488110709503,-0.465488110709503,-0.465488110709503,-0.465488110709503,-0.465488110709503,-0.465488110709503
"229",229,"female","white","yr2","STEM","other","Visual",-1.31686839376451,-1.31686839376451,-1.31686839376451,-1.31686839376451,-1.31686839376451,-1.31686839376451,-1.31686839376451,-1.31686839376451,-1.31686839376451,-1.31686839376451,-1.31686839376451,-1.31686839376451,-1.31686839376451,-1.31686839376451,-1.31686839376451,-1.31686839376451
"230",230,"male","white","yr3","STEM","other","Kinesthetic",-1.49909698524061,-1.49909698524061,-1.49909698524061,-1.49909698524061,-1.49909698524061,-1.49909698524061,-1.49909698524061,-1.49909698524061,-1.49909698524061,-1.49909698524061,-1.49909698524061,-1.49909698524061,-1.49909698524061,-1.49909698524061,-1.49909698524061,-1.49909698524061
"231",231,"female","white","yr1","Health","stats","Kinesthetic",-0.771694004523697,-0.771694004523697,-0.771694004523697,-0.771694004523697,-0.771694004523697,-0.771694004523697,-0.771694004523697,-0.771694004523697,-0.771694004523697,-0.771694004523697,-0.771694004523697,-0.771694004523697,-0.771694004523697,-0.771694004523697,-0.771694004523697,-0.771694004523697
"232",232,"female","white","yr3","Health","stats","Kinesthetic",0.790803038214957,0.790803038214957,0.790803038214957,0.790803038214957,0.790803038214957,0.790803038214957,0.790803038214957,0.790803038214957,0.790803038214957,0.790803038214957,0.790803038214957,0.790803038214957,0.790803038214957,0.790803038214957,0.790803038214957,0.790803038214957
"233",233,"male","white","yr3","STEM","math03","Kinesthetic",-2.2292539116391,-2.2292539116391,-2.2292539116391,-2.2292539116391,-2.2292539116391,-2.2292539116391,-2.2292539116391,-2.2292539116391,-2.2292539116391,-2.2292539116391,-2.2292539116391,-2.2292539116391,-2.2292539116391,-2.2292539116391,-2.2292539116391,-2.2292539116391
"234",234,"female","other","yr5+","STEM","math02","Kinesthetic",1.44439278096545,1.44439278096545,1.44439278096545,1.44439278096545,1.44439278096545,1.44439278096545,1.44439278096545,1.44439278096545,1.44439278096545,1.44439278096545,1.44439278096545,1.44439278096545,1.44439278096545,1.44439278096545,1.44439278096545,1.44439278096545
"235",235,"female","white","yr1","Other","math01","Kinesthetic",-0.14995243163489,-0.14995243163489,-0.14995243163489,-0.14995243163489,-0.14995243163489,-0.14995243163489,-0.14995243163489,-0.14995243163489,-0.14995243163489,-0.14995243163489,-0.14995243163489,-0.14995243163489,-0.14995243163489,-0.14995243163489,-0.14995243163489,-0.14995243163489
"236",236,"female","Black","yr3","Health","other","Visual",-0.22028745171488,-0.22028745171488,-0.22028745171488,-0.22028745171488,-0.22028745171488,-0.22028745171488,-0.22028745171488,-0.22028745171488,-0.22028745171488,-0.22028745171488,-0.22028745171488,-0.22028745171488,-0.22028745171488,-0.22028745171488,-0.22028745171488,-0.22028745171488
"237",237,"female","other","yr1","Other","math01","Visual",0.624860667772132,0.624860667772132,0.624860667772132,0.624860667772132,0.624860667772132,0.624860667772132,0.624860667772132,0.624860667772132,0.624860667772132,0.624860667772132,0.624860667772132,0.624860667772132,0.624860667772132,0.624860667772132,0.624860667772132,0.624860667772132
"238",238,"male","white","yr1","STEM","math03","Visual",0.395221957605928,0.395221957605928,0.395221957605928,0.395221957605928,0.395221957605928,0.395221957605928,0.395221957605928,0.395221957605928,0.395221957605928,0.395221957605928,0.395221957605928,0.395221957605928,0.395221957605928,0.395221957605928,0.395221957605928,0.395221957605928
"239",239,"female","white","yr2","STEM","math03","Kinesthetic",1.35501759417062,1.35501759417062,1.35501759417062,1.35501759417062,1.35501759417062,1.35501759417062,1.35501759417062,1.35501759417062,1.35501759417062,1.35501759417062,1.35501759417062,1.35501759417062,1.35501759417062,1.35501759417062,1.35501759417062,1.35501759417062
"240",240,"female","white","yr1","STEM","stats","Kinesthetic",1.03600369720958,1.03600369720958,1.03600369720958,1.03600369720958,1.03600369720958,1.03600369720958,1.03600369720958,1.03600369720958,1.03600369720958,1.03600369720958,1.03600369720958,1.03600369720958,1.03600369720958,1.03600369720958,1.03600369720958,1.03600369720958
"241",241,"female","other","yr1","Other","math01","Visual",0.456227192425499,0.456227192425499,0.456227192425499,0.456227192425499,0.456227192425499,0.456227192425499,0.456227192425499,0.456227192425499,0.456227192425499,0.456227192425499,0.456227192425499,0.456227192425499,0.456227192425499,0.456227192425499,0.456227192425499,0.456227192425499
"242",242,"male","white","yr4","Other","math02","Visual",0.366852005630664,0.366852005630664,0.366852005630664,0.366852005630664,0.366852005630664,0.366852005630664,0.366852005630664,0.366852005630664,0.366852005630664,0.366852005630664,0.366852005630664,0.366852005630664,0.366852005630664,0.366852005630664,0.366852005630664,0.366852005630664
"243",243,"male","white","yr1","Business","math03","Visual",0.701427851420122,0.701427851420122,0.701427851420122,0.701427851420122,0.701427851420122,0.701427851420122,0.701427851420122,0.701427851420122,0.701427851420122,0.701427851420122,0.701427851420122,0.701427851420122,0.701427851420122,0.701427851420122,0.701427851420122,0.701427851420122
"244",244,"female","white","yr1","Other","math01","Auditory",-0.737091888980434,-0.737091888980434,-0.737091888980434,-0.737091888980434,-0.737091888980434,-0.737091888980434,-0.737091888980434,-0.737091888980434,-0.737091888980434,-0.737091888980434,-0.737091888980434,-0.737091888980434,-0.737091888980434,-0.737091888980434,-0.737091888980434,-0.737091888980434
"245",245,"female","white","yr3","Other","math01","Auditory",-0.14995243163489,-0.14995243163489,-0.14995243163489,-0.14995243163489,-0.14995243163489,-0.14995243163489,-0.14995243163489,-0.14995243163489,-0.14995243163489,-0.14995243163489,-0.14995243163489,-0.14995243163489,-0.14995243163489,-0.14995243163489,-0.14995243163489,-0.14995243163489
"246",246,"male","white","yr4","Other","math02","Visual",1.12537888400441,1.12537888400441,1.12537888400441,1.12537888400441,1.12537888400441,1.12537888400441,1.12537888400441,1.12537888400441,1.12537888400441,1.12537888400441,1.12537888400441,1.12537888400441,1.12537888400441,1.12537888400441,1.12537888400441,1.12537888400441
"247",247,"male","white","yr5+","STEM","math03","Kinesthetic",1.26564240737578,1.26564240737578,1.26564240737578,1.26564240737578,1.26564240737578,1.26564240737578,1.26564240737578,1.26564240737578,1.26564240737578,1.26564240737578,1.26564240737578,1.26564240737578,1.26564240737578,1.26564240737578,1.26564240737578,1.26564240737578
"248",248,"male","white","yr5+","STEM","math03","Visual",-0.966730599146638,-0.966730599146638,-0.966730599146638,-0.966730599146638,-0.966730599146638,-0.966730599146638,-0.966730599146638,-0.966730599146638,-0.966730599146638,-0.966730599146638,-0.966730599146638,-0.966730599146638,-0.966730599146638,-0.966730599146638,-0.966730599146638,-0.966730599146638
"249",249,"female","white","yr3","Other","other","Visual",1.01696353049474,1.01696353049474,1.01696353049474,1.01696353049474,1.01696353049474,1.01696353049474,1.01696353049474,1.01696353049474,1.01696353049474,1.01696353049474,1.01696353049474,1.01696353049474,1.01696353049474,1.01696353049474,1.01696353049474,1.01696353049474
"250",250,"male","white","yr3","Other","math02","Visual",-0.873877194465377,-0.873877194465377,-0.873877194465377,-0.873877194465377,-0.873877194465377,-0.873877194465377,-0.873877194465377,-0.873877194465377,-0.873877194465377,-0.873877194465377,-0.873877194465377,-0.873877194465377,-0.873877194465377,-0.873877194465377,-0.873877194465377,-0.873877194465377
"251",251,"female","white","yr3","Health","math02","Visual",1.03600369720958,1.03600369720958,1.03600369720958,1.03600369720958,1.03600369720958,1.03600369720958,1.03600369720958,1.03600369720958,1.03600369720958,1.03600369720958,1.03600369720958,1.03600369720958,1.03600369720958,1.03600369720958,1.03600369720958,1.03600369720958
"252",252,"female","white","yr5+","STEM","math03","Kinesthetic",-0.239327618429725,-0.239327618429725,-0.239327618429725,-0.239327618429725,-0.239327618429725,-0.239327618429725,-0.239327618429725,-0.239327618429725,-0.239327618429725,-0.239327618429725,-0.239327618429725,-0.239327618429725,-0.239327618429725,-0.239327618429725,-0.239327618429725,-0.239327618429725
"253",253,"female","white","yr1","STEM","math02","Kinesthetic",-0.418077992019395,-0.418077992019395,-0.418077992019395,-0.418077992019395,-0.418077992019395,-0.418077992019395,-0.418077992019395,-0.418077992019395,-0.418077992019395,-0.418077992019395,-0.418077992019395,-0.418077992019395,-0.418077992019395,-0.418077992019395,-0.418077992019395,-0.418077992019395
"254",254,"female","white","yr1","Other","math02","Kinesthetic",1.53376796776029,1.53376796776029,1.53376796776029,1.53376796776029,1.53376796776029,1.53376796776029,1.53376796776029,1.53376796776029,1.53376796776029,1.53376796776029,1.53376796776029,1.53376796776029,1.53376796776029,1.53376796776029,1.53376796776029,1.53376796776029
"255",255,"male","white","yr1","Business","math03","Kinesthetic",0.305846770811093,0.305846770811093,0.305846770811093,0.305846770811093,0.305846770811093,0.305846770811093,0.305846770811093,0.305846770811093,0.305846770811093,0.305846770811093,0.305846770811093,0.305846770811093,0.305846770811093,0.305846770811093,0.305846770811093,0.305846770811093
"256",256,"female","white","yr1","Health","stats","Auditory",-0.647716702185599,-0.647716702185599,-0.647716702185599,-0.647716702185599,-0.647716702185599,-0.647716702185599,-0.647716702185599,-0.647716702185599,-0.647716702185599,-0.647716702185599,-0.647716702185599,-0.647716702185599,-0.647716702185599,-0.647716702185599,-0.647716702185599,-0.647716702185599
"257",257,"female","Asian","yr1","Other","stats","Visual",-0.239327618429725,-0.239327618429725,-0.239327618429725,-0.239327618429725,-0.239327618429725,-0.239327618429725,-0.239327618429725,-0.239327618429725,-0.239327618429725,-0.239327618429725,-0.239327618429725,-0.239327618429725,-0.239327618429725,-0.239327618429725,-0.239327618429725,-0.239327618429725
"258",258,"female","Asian","yr3","STEM","math03","Auditory",-1.39691379529893,-1.39691379529893,-1.39691379529893,-1.39691379529893,-1.39691379529893,-1.39691379529893,-1.39691379529893,-1.39691379529893,-1.39691379529893,-1.39691379529893,-1.39691379529893,-1.39691379529893,-1.39691379529893,-1.39691379529893,-1.39691379529893,-1.39691379529893
"259",259,"female","other","yr1","STEM","math02","Kinesthetic",0.382413954459083,0.382413954459083,0.382413954459083,0.382413954459083,0.382413954459083,0.382413954459083,0.382413954459083,0.382413954459083,0.382413954459083,0.382413954459083,0.382413954459083,0.382413954459083,0.382413954459083,0.382413954459083,0.382413954459083,0.382413954459083
"260",260,"male","white","yr1","STEM","stats","Kinesthetic",-1.26945827507441,-1.26945827507441,-1.26945827507441,-1.26945827507441,-1.26945827507441,-1.26945827507441,-1.26945827507441,-1.26945827507441,-1.26945827507441,-1.26945827507441,-1.26945827507441,-1.26945827507441,-1.26945827507441,-1.26945827507441,-1.26945827507441,-1.26945827507441
"261",261,"male","Black","yr2","Health","stats","Auditory",1.53376796776029,1.53376796776029,1.53376796776029,1.53376796776029,1.53376796776029,1.53376796776029,1.53376796776029,1.53376796776029,1.53376796776029,1.53376796776029,1.53376796776029,1.53376796776029,1.53376796776029,1.53376796776029,1.53376796776029,1.53376796776029
"262",262,"male","Black","yr3","STEM","other","Auditory",-0.819104123213806,-0.819104123213806,-0.819104123213806,-0.819104123213806,-0.819104123213806,-0.819104123213806,-0.819104123213806,-0.819104123213806,-0.819104123213806,-0.819104123213806,-0.819104123213806,-0.819104123213806,-0.819104123213806,-0.819104123213806,-0.819104123213806,-0.819104123213806
"263",263,"female","Black","yr1","STEM","stats","Kinesthetic",1.44439278096545,1.44439278096545,1.44439278096545,1.44439278096545,1.44439278096545,1.44439278096545,1.44439278096545,1.44439278096545,1.44439278096545,1.44439278096545,1.44439278096545,1.44439278096545,1.44439278096545,1.44439278096545,1.44439278096545,1.44439278096545
"264",264,"male","other","yr2","Business","stats","Kinesthetic",-0.258367785144569,-0.258367785144569,-0.258367785144569,-0.258367785144569,-0.258367785144569,-0.258367785144569,-0.258367785144569,-0.258367785144569,-0.258367785144569,-0.258367785144569,-0.258367785144569,-0.258367785144569,-0.258367785144569,-0.258367785144569,-0.258367785144569,-0.258367785144569
"265",265,"female","white","yr1","Other","math01","Auditory",-0.526493345529074,-0.526493345529074,-0.526493345529074,-0.526493345529074,-0.526493345529074,-0.526493345529074,-0.526493345529074,-0.526493345529074,-0.526493345529074,-0.526493345529074,-0.526493345529074,-0.526493345529074,-0.526493345529074,-0.526493345529074,-0.526493345529074,-0.526493345529074
"266",266,"female","other","yr2","Business","stats","Auditory",-0.456158325449083,-0.456158325449083,-0.456158325449083,-0.456158325449083,-0.456158325449083,-0.456158325449083,-0.456158325449083,-0.456158325449083,-0.456158325449083,-0.456158325449083,-0.456158325449083,-0.456158325449083,-0.456158325449083,-0.456158325449083,-0.456158325449083,-0.456158325449083
"267",267,"male","white","yr5+","STEM","other","Visual",-2.2292539116391,-2.2292539116391,-2.2292539116391,-2.2292539116391,-2.2292539116391,-2.2292539116391,-2.2292539116391,-2.2292539116391,-2.2292539116391,-2.2292539116391,-2.2292539116391,-2.2292539116391,-2.2292539116391,-2.2292539116391,-2.2292539116391,-2.2292539116391
"268",268,"male","white","yr2","STEM","math03","Kinesthetic",-2.2292539116391,-2.2292539116391,-2.2292539116391,-2.2292539116391,-2.2292539116391,-2.2292539116391,-2.2292539116391,-2.2292539116391,-2.2292539116391,-2.2292539116391,-2.2292539116391,-2.2292539116391,-2.2292539116391,-2.2292539116391,-2.2292539116391,-2.2292539116391
"269",269,"female","Asian","yr1","STEM","stats","Kinesthetic",-1.09070790148474,-1.09070790148474,-1.09070790148474,-1.09070790148474,-1.09070790148474,-1.09070790148474,-1.09070790148474,-1.09070790148474,-1.09070790148474,-1.09070790148474,-1.09070790148474,-1.09070790148474,-1.09070790148474,-1.09070790148474,-1.09070790148474,-1.09070790148474
"270",270,"female","white","yr2","Other","stats","Auditory",0.701427851420122,0.701427851420122,0.701427851420122,0.701427851420122,0.701427851420122,0.701427851420122,0.701427851420122,0.701427851420122,0.701427851420122,0.701427851420122,0.701427851420122,0.701427851420122,0.701427851420122,0.701427851420122,0.701427851420122,0.701427851420122
"271",271,"male","white","yr1","STEM","stats","Auditory",-2.2292539116391,-2.2292539116391,-2.2292539116391,-2.2292539116391,-2.2292539116391,-2.2292539116391,-2.2292539116391,-2.2292539116391,-2.2292539116391,-2.2292539116391,-2.2292539116391,-2.2292539116391,-2.2292539116391,-2.2292539116391,-2.2292539116391,-2.2292539116391
"272",272,"female","other","yr2","Business","math01","Visual",0.203663580869413,0.203663580869413,0.203663580869413,0.203663580869413,0.203663580869413,0.203663580869413,0.203663580869413,0.203663580869413,0.203663580869413,0.203663580869413,0.203663580869413,0.203663580869413,0.203663580869413,0.203663580869413,0.203663580869413,0.203663580869413
"273",273,"female","white","yr2","Business","math01","Visual",-0.14995243163489,-0.14995243163489,-0.14995243163489,-0.14995243163489,-0.14995243163489,-0.14995243163489,-0.14995243163489,-0.14995243163489,-0.14995243163489,-0.14995243163489,-0.14995243163489,-0.14995243163489,-0.14995243163489,-0.14995243163489,-0.14995243163489,-0.14995243163489
"274",274,"female","white","yr2","Other","math02","Visual",-1.89467806584964,-1.89467806584964,-1.89467806584964,-1.89467806584964,-1.89467806584964,-1.89467806584964,-1.89467806584964,-1.89467806584964,-1.89467806584964,-1.89467806584964,-1.89467806584964,-1.89467806584964,-1.89467806584964,-1.89467806584964,-1.89467806584964,-1.89467806584964
"275",275,"female","white","yr2","Business","math02","Kinesthetic",0.522677477830452,0.522677477830452,0.522677477830452,0.522677477830452,0.522677477830452,0.522677477830452,0.522677477830452,0.522677477830452,0.522677477830452,0.522677477830452,0.522677477830452,0.522677477830452,0.522677477830452,0.522677477830452,0.522677477830452,0.522677477830452
"276",276,"male","white","yr1","Business","math03","Visual",0.85725332361991,0.85725332361991,0.85725332361991,0.85725332361991,0.85725332361991,0.85725332361991,0.85725332361991,0.85725332361991,0.85725332361991,0.85725332361991,0.85725332361991,0.85725332361991,0.85725332361991,0.85725332361991,0.85725332361991,0.85725332361991
"277",277,"male","white","yr1","STEM","math03","Kinesthetic",1.02044174838116,1.02044174838116,1.02044174838116,1.02044174838116,1.02044174838116,1.02044174838116,1.02044174838116,1.02044174838116,1.02044174838116,1.02044174838116,1.02044174838116,1.02044174838116,1.02044174838116,1.02044174838116,1.02044174838116,1.02044174838116
"278",278,"female","white","yr1","STEM","math02","Auditory",-0.258367785144569,-0.258367785144569,-0.258367785144569,-0.258367785144569,-0.258367785144569,-0.258367785144569,-0.258367785144569,-0.258367785144569,-0.258367785144569,-0.258367785144569,-0.258367785144569,-0.258367785144569,-0.258367785144569,-0.258367785144569,-0.258367785144569,-0.258367785144569
"279",279,"female","white","yr2","STEM","math02","Kinesthetic",1.03600369720958,1.03600369720958,1.03600369720958,1.03600369720958,1.03600369720958,1.03600369720958,1.03600369720958,1.03600369720958,1.03600369720958,1.03600369720958,1.03600369720958,1.03600369720958,1.03600369720958,1.03600369720958,1.03600369720958,1.03600369720958
"280",280,"female","other","yr2","STEM","math04","Kinesthetic",1.44439278096545,1.44439278096545,1.44439278096545,1.44439278096545,1.44439278096545,1.44439278096545,1.44439278096545,1.44439278096545,1.44439278096545,1.44439278096545,1.44439278096545,1.44439278096545,1.44439278096545,1.44439278096545,1.44439278096545,1.44439278096545
"281",281,"female","white","yr1","Other","math01","Kinesthetic",-0.258367785144569,-0.258367785144569,-0.258367785144569,-0.258367785144569,-0.258367785144569,-0.258367785144569,-0.258367785144569,-0.258367785144569,-0.258367785144569,-0.258367785144569,-0.258367785144569,-0.258367785144569,-0.258367785144569,-0.258367785144569,-0.258367785144569,-0.258367785144569
"282",282,"male","white","yr2","STEM","math02","Auditory",-0.790734171238541,-0.790734171238541,-0.790734171238541,-0.790734171238541,-0.790734171238541,-0.790734171238541,-0.790734171238541,-0.790734171238541,-0.790734171238541,-0.790734171238541,-0.790734171238541,-0.790734171238541,-0.790734171238541,-0.790734171238541,-0.790734171238541,-0.790734171238541
"283",283,"female","white","yr3","STEM","other","Visual",0.366852005630664,0.366852005630664,0.366852005630664,0.366852005630664,0.366852005630664,0.366852005630664,0.366852005630664,0.366852005630664,0.366852005630664,0.366852005630664,0.366852005630664,0.366852005630664,0.366852005630664,0.366852005630664,0.366852005630664,0.366852005630664
"284",284,"female","white","yr2","Other","math01","Auditory",-0.347742971939404,-0.347742971939404,-0.347742971939404,-0.347742971939404,-0.347742971939404,-0.347742971939404,-0.347742971939404,-0.347742971939404,-0.347742971939404,-0.347742971939404,-0.347742971939404,-0.347742971939404,-0.347742971939404,-0.347742971939404,-0.347742971939404,-0.347742971939404
"285",285,"female","white","yr3","STEM","math02","Visual",0.85725332361991,0.85725332361991,0.85725332361991,0.85725332361991,0.85725332361991,0.85725332361991,0.85725332361991,0.85725332361991,0.85725332361991,0.85725332361991,0.85725332361991,0.85725332361991,0.85725332361991,0.85725332361991,0.85725332361991,0.85725332361991
"286",286,"female","white","yr1","Other","math01","Kinesthetic",-0.790734171238541,-0.790734171238541,-0.790734171238541,-0.790734171238541,-0.790734171238541,-0.790734171238541,-0.790734171238541,-0.790734171238541,-0.790734171238541,-0.790734171238541,-0.790734171238541,-0.790734171238541,-0.790734171238541,-0.790734171238541,-0.790734171238541,-0.790734171238541
"287",287,"female","white","yr3","Other","other","Kinesthetic",-0.0415370781252103,-0.0415370781252103,-0.0415370781252103,-0.0415370781252103,-0.0415370781252103,-0.0415370781252103,-0.0415370781252103,-0.0415370781252103,-0.0415370781252103,-0.0415370781252103,-0.0415370781252103,-0.0415370781252103,-0.0415370781252103,-0.0415370781252103,-0.0415370781252103,-0.0415370781252103
"288",288,"female","Asian","yr3","Business","math03","Visual",-0.592943630934027,-0.592943630934027,-0.592943630934027,-0.592943630934027,-0.592943630934027,-0.592943630934027,-0.592943630934027,-0.592943630934027,-0.592943630934027,-0.592943630934027,-0.592943630934027,-0.592943630934027,-0.592943630934027,-0.592943630934027,-0.592943630934027,-0.592943630934027
"289",289,"female","white","yr1","STEM","math03","Visual",-1.51465893406903,-1.51465893406903,-1.51465893406903,-1.51465893406903,-1.51465893406903,-1.51465893406903,-1.51465893406903,-1.51465893406903,-1.51465893406903,-1.51465893406903,-1.51465893406903,-1.51465893406903,-1.51465893406903,-1.51465893406903,-1.51465893406903,-1.51465893406903
"290",290,"female","white","yr1","Health","stats","Kinesthetic",-0.32870280522456,-0.32870280522456,-0.32870280522456,-0.32870280522456,-0.32870280522456,-0.32870280522456,-0.32870280522456,-0.32870280522456,-0.32870280522456,-0.32870280522456,-0.32870280522456,-0.32870280522456,-0.32870280522456,-0.32870280522456,-0.32870280522456,-0.32870280522456
"291",291,"male","other","yr1","STEM","math02","Visual",-1.28849844178925,-1.28849844178925,-1.28849844178925,-1.28849844178925,-1.28849844178925,-1.28849844178925,-1.28849844178925,-1.28849844178925,-1.28849844178925,-1.28849844178925,-1.28849844178925,-1.28849844178925,-1.28849844178925,-1.28849844178925,-1.28849844178925,-1.28849844178925
"292",292,"male","white","yr1","STEM","math03","Kinesthetic",-2.03146337133458,-2.03146337133458,-2.03146337133458,-2.03146337133458,-2.03146337133458,-2.03146337133458,-2.03146337133458,-2.03146337133458,-2.03146337133458,-2.03146337133458,-2.03146337133458,-2.03146337133458,-2.03146337133458,-2.03146337133458,-2.03146337133458,-2.03146337133458
"293",293,"female","other","yr5+","Health","math02","Kinesthetic",-0.861069191318532,-0.861069191318532,-0.861069191318532,-0.861069191318532,-0.861069191318532,-0.861069191318532,-0.861069191318532,-0.861069191318532,-0.861069191318532,-0.861069191318532,-0.861069191318532,-0.861069191318532,-0.861069191318532,-0.861069191318532,-0.861069191318532,-0.861069191318532
"294",294,"female","white","yr4","Other","other","Auditory",1.03600369720958,1.03600369720958,1.03600369720958,1.03600369720958,1.03600369720958,1.03600369720958,1.03600369720958,1.03600369720958,1.03600369720958,1.03600369720958,1.03600369720958,1.03600369720958,1.03600369720958,1.03600369720958,1.03600369720958,1.03600369720958
"295",295,"female","white","yr2","Other","math01","Auditory",0.169061465326149,0.169061465326149,0.169061465326149,0.169061465326149,0.169061465326149,0.169061465326149,0.169061465326149,0.169061465326149,0.169061465326149,0.169061465326149,0.169061465326149,0.169061465326149,0.169061465326149,0.169061465326149,0.169061465326149,0.169061465326149
"296",296,"female","white","yr2","Health","stats","Visual",-0.663278651014018,-0.663278651014018,-0.663278651014018,-0.663278651014018,-0.663278651014018,-0.663278651014018,-0.663278651014018,-0.663278651014018,-0.663278651014018,-0.663278651014018,-0.663278651014018,-0.663278651014018,-0.663278651014018,-0.663278651014018,-0.663278651014018,-0.663278651014018
"297",297,"female","Asian","yr1","Business","math03","Kinesthetic",1.19919212197083,1.19919212197083,1.19919212197083,1.19919212197083,1.19919212197083,1.19919212197083,1.19919212197083,1.19919212197083,1.19919212197083,1.19919212197083,1.19919212197083,1.19919212197083,1.19919212197083,1.19919212197083,1.19919212197083,1.19919212197083
"298",298,"female","white","yr2","STEM","math02","Kinesthetic",1.53376796776029,1.53376796776029,1.53376796776029,1.53376796776029,1.53376796776029,1.53376796776029,1.53376796776029,1.53376796776029,1.53376796776029,1.53376796776029,1.53376796776029,1.53376796776029,1.53376796776029,1.53376796776029,1.53376796776029,1.53376796776029
"299",299,"male","white","yr2","Business","math02","Auditory",-0.647716702185599,-0.647716702185599,-0.647716702185599,-0.647716702185599,-0.647716702185599,-0.647716702185599,-0.647716702185599,-0.647716702185599,-0.647716702185599,-0.647716702185599,-0.647716702185599,-0.647716702185599,-0.647716702185599,-0.647716702185599,-0.647716702185599,-0.647716702185599
"300",300,"female","white","yr3","Other","other","Kinesthetic",0.946628510414745,0.946628510414745,0.946628510414745,0.946628510414745,0.946628510414745,0.946628510414745,0.946628510414745,0.946628510414745,0.946628510414745,0.946628510414745,0.946628510414745,0.946628510414745,0.946628510414745,0.946628510414745,0.946628510414745,0.946628510414745
"301",301,"male","white","yr3","Other","math02","Kinesthetic",0.701427851420122,0.701427851420122,0.701427851420122,0.701427851420122,0.701427851420122,0.701427851420122,0.701427851420122,0.701427851420122,0.701427851420122,0.701427851420122,0.701427851420122,0.701427851420122,0.701427851420122,0.701427851420122,0.701427851420122,0.701427851420122
"302",302,"female","white","yr1","Other","math01","Kinesthetic",-1.83367283103007,-1.83367283103007,-1.83367283103007,-1.83367283103007,-1.83367283103007,-1.83367283103007,-1.83367283103007,-1.83367283103007,-1.83367283103007,-1.83367283103007,-1.83367283103007,-1.83367283103007,-1.83367283103007,-1.83367283103007,-1.83367283103007,-1.83367283103007
"303",303,"male","white","yr2","Business","math03","Visual",-0.32870280522456,-0.32870280522456,-0.32870280522456,-0.32870280522456,-0.32870280522456,-0.32870280522456,-0.32870280522456,-0.32870280522456,-0.32870280522456,-0.32870280522456,-0.32870280522456,-0.32870280522456,-0.32870280522456,-0.32870280522456,-0.32870280522456,-0.32870280522456
"304",304,"female","Black","yr1","Health","stats","Visual",1.1572270538661,1.1572270538661,1.1572270538661,1.1572270538661,1.1572270538661,1.1572270538661,1.1572270538661,1.1572270538661,1.1572270538661,1.1572270538661,1.1572270538661,1.1572270538661,1.1572270538661,1.1572270538661,1.1572270538661,1.1572270538661
"305",305,"female","white","yr2","Business","math03","Kinesthetic",1.53376796776029,1.53376796776029,1.53376796776029,1.53376796776029,1.53376796776029,1.53376796776029,1.53376796776029,1.53376796776029,1.53376796776029,1.53376796776029,1.53376796776029,1.53376796776029,1.53376796776029,1.53376796776029,1.53376796776029,1.53376796776029
"306",306,"female","other","yr2","Other","math01","Visual",1.12537888400441,1.12537888400441,1.12537888400441,1.12537888400441,1.12537888400441,1.12537888400441,1.12537888400441,1.12537888400441,1.12537888400441,1.12537888400441,1.12537888400441,1.12537888400441,1.12537888400441,1.12537888400441,1.12537888400441,1.12537888400441
"307",307,"female","white","yr3","Other","other","Auditory",0.0952482273597333,0.0952482273597333,0.0952482273597333,0.0952482273597333,0.0952482273597333,0.0952482273597333,0.0952482273597333,0.0952482273597333,0.0952482273597333,0.0952482273597333,0.0952482273597333,0.0952482273597333,0.0952482273597333,0.0952482273597333,0.0952482273597333,0.0952482273597333
"308",308,"female","white","yr2","Business","math03","Kinesthetic",1.44439278096545,1.44439278096545,1.44439278096545,1.44439278096545,1.44439278096545,1.44439278096545,1.44439278096545,1.44439278096545,1.44439278096545,1.44439278096545,1.44439278096545,1.44439278096545,1.44439278096545,1.44439278096545,1.44439278096545,1.44439278096545
"309",309,"female","Black","yr4","Other","other","Kinesthetic",1.19919212197083,1.19919212197083,1.19919212197083,1.19919212197083,1.19919212197083,1.19919212197083,1.19919212197083,1.19919212197083,1.19919212197083,1.19919212197083,1.19919212197083,1.19919212197083,1.19919212197083,1.19919212197083,1.19919212197083,1.19919212197083
"310",310,"female","Asian","yr4","Other","stats","Visual",1.31693726074093,1.31693726074093,1.31693726074093,1.31693726074093,1.31693726074093,1.31693726074093,1.31693726074093,1.31693726074093,1.31693726074093,1.31693726074093,1.31693726074093,1.31693726074093,1.31693726074093,1.31693726074093,1.31693726074093,1.31693726074093
"311",311,"female","white","yr2","Business","math02","Visual",1.12537888400441,1.12537888400441,1.12537888400441,1.12537888400441,1.12537888400441,1.12537888400441,1.12537888400441,1.12537888400441,1.12537888400441,1.12537888400441,1.12537888400441,1.12537888400441,1.12537888400441,1.12537888400441,1.12537888400441,1.12537888400441
"312",312,"female","white","yr3","STEM","math02","Kinesthetic",0.701427851420122,0.701427851420122,0.701427851420122,0.701427851420122,0.701427851420122,0.701427851420122,0.701427851420122,0.701427851420122,0.701427851420122,0.701427851420122,0.701427851420122,0.701427851420122,0.701427851420122,0.701427851420122,0.701427851420122,0.701427851420122
"313",313,"female","Black","yr3","Other","other","Visual",-0.653948865753598,-0.653948865753598,-0.653948865753598,-0.653948865753598,-0.653948865753598,-0.653948865753598,-0.653948865753598,-0.653948865753598,-0.653948865753598,-0.653948865753598,-0.653948865753598,-0.653948865753598,-0.653948865753598,-0.653948865753598,-0.653948865753598,-0.653948865753598
"314",314,"female","Asian","yr5+","STEM","math02","Kinesthetic",-0.347742971939404,-0.347742971939404,-0.347742971939404,-0.347742971939404,-0.347742971939404,-0.347742971939404,-0.347742971939404,-0.347742971939404,-0.347742971939404,-0.347742971939404,-0.347742971939404,-0.347742971939404,-0.347742971939404,-0.347742971939404,-0.347742971939404,-0.347742971939404
"315",315,"female","white","yr4","Other","other","Kinesthetic",0.612052664625287,0.612052664625287,0.612052664625287,0.612052664625287,0.612052664625287,0.612052664625287,0.612052664625287,0.612052664625287,0.612052664625287,0.612052664625287,0.612052664625287,0.612052664625287,0.612052664625287,0.612052664625287,0.612052664625287,0.612052664625287
"316",316,"female","white","yr1","Business","math02","Kinesthetic",1.53376796776029,1.53376796776029,1.53376796776029,1.53376796776029,1.53376796776029,1.53376796776029,1.53376796776029,1.53376796776029,1.53376796776029,1.53376796776029,1.53376796776029,1.53376796776029,1.53376796776029,1.53376796776029,1.53376796776029,1.53376796776029
"317",317,"female","white","yr1","Other","math02","Kinesthetic",-0.22028745171488,-0.22028745171488,-0.22028745171488,-0.22028745171488,-0.22028745171488,-0.22028745171488,-0.22028745171488,-0.22028745171488,-0.22028745171488,-0.22028745171488,-0.22028745171488,-0.22028745171488,-0.22028745171488,-0.22028745171488,-0.22028745171488,-0.22028745171488
"318",318,"female","Asian","yr1","STEM","math03","Kinesthetic",0.612052664625287,0.612052664625287,0.612052664625287,0.612052664625287,0.612052664625287,0.612052664625287,0.612052664625287,0.612052664625287,0.612052664625287,0.612052664625287,0.612052664625287,0.612052664625287,0.612052664625287,0.612052664625287,0.612052664625287,0.612052664625287
"319",319,"female","white","yr1","STEM","math02","Kinesthetic",0.729797803395386,0.729797803395386,0.729797803395386,0.729797803395386,0.729797803395386,0.729797803395386,0.729797803395386,0.729797803395386,0.729797803395386,0.729797803395386,0.729797803395386,0.729797803395386,0.729797803395386,0.729797803395386,0.729797803395386,0.729797803395386
"320",320,"female","other","yr2","Health","math02","Visual",-0.284770904420876,-0.284770904420876,-0.284770904420876,-0.284770904420876,-0.284770904420876,-0.284770904420876,-0.284770904420876,-0.284770904420876,-0.284770904420876,-0.284770904420876,-0.284770904420876,-0.284770904420876,-0.284770904420876,-0.284770904420876,-0.284770904420876,-0.284770904420876
"321",321,"male","white","yr1","Other","math03","Kinesthetic",0.621382449885707,0.621382449885707,0.621382449885707,0.621382449885707,0.621382449885707,0.621382449885707,0.621382449885707,0.621382449885707,0.621382449885707,0.621382449885707,0.621382449885707,0.621382449885707,0.621382449885707,0.621382449885707,0.621382449885707,0.621382449885707
"322",322,"female","Black","yr2","STEM","math02","Kinesthetic",0.864616276181373,0.864616276181373,0.864616276181373,0.864616276181373,0.864616276181373,0.864616276181373,0.864616276181373,0.864616276181373,0.864616276181373,0.864616276181373,0.864616276181373,0.864616276181373,0.864616276181373,0.864616276181373,0.864616276181373,0.864616276181373
"323",323,"female","white","yr1","Other","math01","Auditory",-0.309662638509715,-0.309662638509715,-0.309662638509715,-0.309662638509715,-0.309662638509715,-0.309662638509715,-0.309662638509715,-0.309662638509715,-0.309662638509715,-0.309662638509715,-0.309662638509715,-0.309662638509715,-0.309662638509715,-0.309662638509715,-0.309662638509715,-0.309662638509715
"324",324,"male","white","yr3","Business","stats","Kinesthetic",-2.2292539116391,-2.2292539116391,-2.2292539116391,-2.2292539116391,-2.2292539116391,-2.2292539116391,-2.2292539116391,-2.2292539116391,-2.2292539116391,-2.2292539116391,-2.2292539116391,-2.2292539116391,-2.2292539116391,-2.2292539116391,-2.2292539116391,-2.2292539116391
"325",325,"male","white","yr2","Business","math03","Kinesthetic",-0.239327618429725,-0.239327618429725,-0.239327618429725,-0.239327618429725,-0.239327618429725,-0.239327618429725,-0.239327618429725,-0.239327618429725,-0.239327618429725,-0.239327618429725,-0.239327618429725,-0.239327618429725,-0.239327618429725,-0.239327618429725,-0.239327618429725,-0.239327618429725
"326",326,"female","white","yr3","Other","other","Visual",0.946628510414745,0.946628510414745,0.946628510414745,0.946628510414745,0.946628510414745,0.946628510414745,0.946628510414745,0.946628510414745,0.946628510414745,0.946628510414745,0.946628510414745,0.946628510414745,0.946628510414745,0.946628510414745,0.946628510414745,0.946628510414745
"327",327,"female","white","yr1","Other","math02","Kinesthetic",0.612052664625287,0.612052664625287,0.612052664625287,0.612052664625287,0.612052664625287,0.612052664625287,0.612052664625287,0.612052664625287,0.612052664625287,0.612052664625287,0.612052664625287,0.612052664625287,0.612052664625287,0.612052664625287,0.612052664625287,0.612052664625287
"328",328,"female","white","yr2","STEM","math02","Visual",0.775241089386538,0.775241089386538,0.775241089386538,0.775241089386538,0.775241089386538,0.775241089386538,0.775241089386538,0.775241089386538,0.775241089386538,0.775241089386538,0.775241089386538,0.775241089386538,0.775241089386538,0.775241089386538,0.775241089386538,0.775241089386538
"329",329,"female","white","yr2","STEM","stats","Visual",-0.756132055695278,-0.756132055695278,-0.756132055695278,-0.756132055695278,-0.756132055695278,-0.756132055695278,-0.756132055695278,-0.756132055695278,-0.756132055695278,-0.756132055695278,-0.756132055695278,-0.756132055695278,-0.756132055695278,-0.756132055695278,-0.756132055695278,-0.756132055695278
"330",330,"female","white","yr1","STEM","math02","Kinesthetic",-0.982292547975057,-0.982292547975057,-0.982292547975057,-0.982292547975057,-0.982292547975057,-0.982292547975057,-0.982292547975057,-0.982292547975057,-0.982292547975057,-0.982292547975057,-0.982292547975057,-0.982292547975057,-0.982292547975057,-0.982292547975057,-0.982292547975057,-0.982292547975057
"331",331,"female","white","yr3","Other","other","Kinesthetic",-0.258367785144569,-0.258367785144569,-0.258367785144569,-0.258367785144569,-0.258367785144569,-0.258367785144569,-0.258367785144569,-0.258367785144569,-0.258367785144569,-0.258367785144569,-0.258367785144569,-0.258367785144569,-0.258367785144569,-0.258367785144569,-0.258367785144569,-0.258367785144569
"332",332,"male","white","yr1","Business","math02","Kinesthetic",1.53376796776029,1.53376796776029,1.53376796776029,1.53376796776029,1.53376796776029,1.53376796776029,1.53376796776029,1.53376796776029,1.53376796776029,1.53376796776029,1.53376796776029,1.53376796776029,1.53376796776029,1.53376796776029,1.53376796776029,1.53376796776029
"333",333,"female","white","yr1","Other","math01","Kinesthetic",0.0952482273597333,0.0952482273597333,0.0952482273597333,0.0952482273597333,0.0952482273597333,0.0952482273597333,0.0952482273597333,0.0952482273597333,0.0952482273597333,0.0952482273597333,0.0952482273597333,0.0952482273597333,0.0952482273597333,0.0952482273597333,0.0952482273597333,0.0952482273597333
"334",334,"female","other","yr2","Business","math02","Kinesthetic",0.0478381086696247,0.0478381086696247,0.0478381086696247,0.0478381086696247,0.0478381086696247,0.0478381086696247,0.0478381086696247,0.0478381086696247,0.0478381086696247,0.0478381086696247,0.0478381086696247,0.0478381086696247,0.0478381086696247,0.0478381086696247,0.0478381086696247,0.0478381086696247
"335",335,"female","white","yr1","Other","math01","Auditory",-0.437118158734239,-0.437118158734239,-0.437118158734239,-0.437118158734239,-0.437118158734239,-0.437118158734239,-0.437118158734239,-0.437118158734239,-0.437118158734239,-0.437118158734239,-0.437118158734239,-0.437118158734239,-0.437118158734239,-0.437118158734239,-0.437118158734239,-0.437118158734239
"336",336,"female","white","yr1","Business","math02","Visual",0.203663580869413,0.203663580869413,0.203663580869413,0.203663580869413,0.203663580869413,0.203663580869413,0.203663580869413,0.203663580869413,0.203663580869413,0.203663580869413,0.203663580869413,0.203663580869413,0.203663580869413,0.203663580869413,0.203663580869413,0.203663580869413
"337",337,"female","white","yr3","Business","other","Auditory",0.790803038214957,0.790803038214957,0.790803038214957,0.790803038214957,0.790803038214957,0.790803038214957,0.790803038214957,0.790803038214957,0.790803038214957,0.790803038214957,0.790803038214957,0.790803038214957,0.790803038214957,0.790803038214957,0.790803038214957,0.790803038214957
"338",338,"male","white","yr1","STEM","math04","Visual",-1.9230480178249,-1.9230480178249,-1.9230480178249,-1.9230480178249,-1.9230480178249,-1.9230480178249,-1.9230480178249,-1.9230480178249,-1.9230480178249,-1.9230480178249,-1.9230480178249,-1.9230480178249,-1.9230480178249,-1.9230480178249,-1.9230480178249,-1.9230480178249
"339",339,"female","Asian","yr1","Business","math03","Kinesthetic",-0.376112923914668,-0.376112923914668,-0.376112923914668,-0.376112923914668,-0.376112923914668,-0.376112923914668,-0.376112923914668,-0.376112923914668,-0.376112923914668,-0.376112923914668,-0.376112923914668,-0.376112923914668,-0.376112923914668,-0.376112923914668,-0.376112923914668,-0.376112923914668
"340",340,"female","white","yr2","Business","math03","Auditory",1.12537888400441,1.12537888400441,1.12537888400441,1.12537888400441,1.12537888400441,1.12537888400441,1.12537888400441,1.12537888400441,1.12537888400441,1.12537888400441,1.12537888400441,1.12537888400441,1.12537888400441,1.12537888400441,1.12537888400441,1.12537888400441
"341",341,"female","white","yr2","Business","math04","Visual",0.522677477830452,0.522677477830452,0.522677477830452,0.522677477830452,0.522677477830452,0.522677477830452,0.522677477830452,0.522677477830452,0.522677477830452,0.522677477830452,0.522677477830452,0.522677477830452,0.522677477830452,0.522677477830452,0.522677477830452,0.522677477830452
"342",342,"male","white","yr1","Other","math01","Auditory",1.53376796776029,1.53376796776029,1.53376796776029,1.53376796776029,1.53376796776029,1.53376796776029,1.53376796776029,1.53376796776029,1.53376796776029,1.53376796776029,1.53376796776029,1.53376796776029,1.53376796776029,1.53376796776029,1.53376796776029,1.53376796776029
"343",343,"female","white","yr5+","Health","stats","Kinesthetic",0.382413954459083,0.382413954459083,0.382413954459083,0.382413954459083,0.382413954459083,0.382413954459083,0.382413954459083,0.382413954459083,0.382413954459083,0.382413954459083,0.382413954459083,0.382413954459083,0.382413954459083,0.382413954459083,0.382413954459083,0.382413954459083
"344",344,"female","white","yr2","Business","math03","Kinesthetic",1.109816935176,1.109816935176,1.109816935176,1.109816935176,1.109816935176,1.109816935176,1.109816935176,1.109816935176,1.109816935176,1.109816935176,1.109816935176,1.109816935176,1.109816935176,1.109816935176,1.109816935176,1.109816935176
"345",345,"male","white","yr2","STEM","math02","Auditory",1.53376796776029,1.53376796776029,1.53376796776029,1.53376796776029,1.53376796776029,1.53376796776029,1.53376796776029,1.53376796776029,1.53376796776029,1.53376796776029,1.53376796776029,1.53376796776029,1.53376796776029,1.53376796776029,1.53376796776029,1.53376796776029
"346",346,"male","white","yr1","Business","math02","Auditory",-0.756132055695278,-0.756132055695278,-0.756132055695278,-0.756132055695278,-0.756132055695278,-0.756132055695278,-0.756132055695278,-0.756132055695278,-0.756132055695278,-0.756132055695278,-0.756132055695278,-0.756132055695278,-0.756132055695278,-0.756132055695278,-0.756132055695278,-0.756132055695278
"347",347,"female","white","yr2","Other","other","Auditory",-0.982292547975057,-0.982292547975057,-0.982292547975057,-0.982292547975057,-0.982292547975057,-0.982292547975057,-0.982292547975057,-0.982292547975057,-0.982292547975057,-0.982292547975057,-0.982292547975057,-0.982292547975057,-0.982292547975057,-0.982292547975057,-0.982292547975057,-0.982292547975057
"348",348,"male","white","yr1","Business","math02","Visual",-0.634908699038753,-0.634908699038753,-0.634908699038753,-0.634908699038753,-0.634908699038753,-0.634908699038753,-0.634908699038753,-0.634908699038753,-0.634908699038753,-0.634908699038753,-0.634908699038753,-0.634908699038753,-0.634908699038753,-0.634908699038753,-0.634908699038753,-0.634908699038753
"349",349,"male","white","yr1","Business","math02","Visual",-0.985770765861482,-0.985770765861482,-0.985770765861482,-0.985770765861482,-0.985770765861482,-0.985770765861482,-0.985770765861482,-0.985770765861482,-0.985770765861482,-0.985770765861482,-0.985770765861482,-0.985770765861482,-0.985770765861482,-0.985770765861482,-0.985770765861482,-0.985770765861482
"350",350,"female","white","yr2","Other","math02","Auditory",-0.0415370781252103,-0.0415370781252103,-0.0415370781252103,-0.0415370781252103,-0.0415370781252103,-0.0415370781252103,-0.0415370781252103,-0.0415370781252103,-0.0415370781252103,-0.0415370781252103,-0.0415370781252103,-0.0415370781252103,-0.0415370781252103,-0.0415370781252103,-0.0415370781252103,-0.0415370781252103
"351",351,"male","white","yr1","STEM","math02","Kinesthetic",-0.554863297504338,-0.554863297504338,-0.554863297504338,-0.554863297504338,-0.554863297504338,-0.554863297504338,-0.554863297504338,-0.554863297504338,-0.554863297504338,-0.554863297504338,-0.554863297504338,-0.554863297504338,-0.554863297504338,-0.554863297504338,-0.554863297504338,-0.554863297504338
"352",352,"female","white","yr1","STEM","math02","Kinesthetic",-0.134390482806471,-0.134390482806471,-0.134390482806471,-0.134390482806471,-0.134390482806471,-0.134390482806471,-0.134390482806471,-0.134390482806471,-0.134390482806471,-0.134390482806471,-0.134390482806471,-0.134390482806471,-0.134390482806471,-0.134390482806471,-0.134390482806471,-0.134390482806471
"353",353,"female","white","yr2","STEM","math03","Visual",1.53376796776029,1.53376796776029,1.53376796776029,1.53376796776029,1.53376796776029,1.53376796776029,1.53376796776029,1.53376796776029,1.53376796776029,1.53376796776029,1.53376796776029,1.53376796776029,1.53376796776029,1.53376796776029,1.53376796776029,1.53376796776029
"354",354,"male","white","yr3","Business","math03","Kinesthetic",-0.347742971939404,-0.347742971939404,-0.347742971939404,-0.347742971939404,-0.347742971939404,-0.347742971939404,-0.347742971939404,-0.347742971939404,-0.347742971939404,-0.347742971939404,-0.347742971939404,-0.347742971939404,-0.347742971939404,-0.347742971939404,-0.347742971939404,-0.347742971939404
"355",355,"female","white","yr1","Business","math03","Visual",0.366852005630664,0.366852005630664,0.366852005630664,0.366852005630664,0.366852005630664,0.366852005630664,0.366852005630664,0.366852005630664,0.366852005630664,0.366852005630664,0.366852005630664,0.366852005630664,0.366852005630664,0.366852005630664,0.366852005630664,0.366852005630664
"356",356,"female","white","yr5+","Business","math03","Kinesthetic",1.35501759417062,1.35501759417062,1.35501759417062,1.35501759417062,1.35501759417062,1.35501759417062,1.35501759417062,1.35501759417062,1.35501759417062,1.35501759417062,1.35501759417062,1.35501759417062,1.35501759417062,1.35501759417062,1.35501759417062,1.35501759417062
"357",357,"female","white","yr1","Business","math02","Kinesthetic",-1.8053028790548,-1.8053028790548,-1.8053028790548,-1.8053028790548,-1.8053028790548,-1.8053028790548,-1.8053028790548,-1.8053028790548,-1.8053028790548,-1.8053028790548,-1.8053028790548,-1.8053028790548,-1.8053028790548,-1.8053028790548,-1.8053028790548,-1.8053028790548
"358",358,"female","other","yr3","STEM","math02","Visual",1.53376796776029,1.53376796776029,1.53376796776029,1.53376796776029,1.53376796776029,1.53376796776029,1.53376796776029,1.53376796776029,1.53376796776029,1.53376796776029,1.53376796776029,1.53376796776029,1.53376796776029,1.53376796776029,1.53376796776029,1.53376796776029
"359",359,"female","white","yr5+","Health","stats","Kinesthetic",-1.07166773476989,-1.07166773476989,-1.07166773476989,-1.07166773476989,-1.07166773476989,-1.07166773476989,-1.07166773476989,-1.07166773476989,-1.07166773476989,-1.07166773476989,-1.07166773476989,-1.07166773476989,-1.07166773476989,-1.07166773476989,-1.07166773476989,-1.07166773476989
"360",360,"male","white","yr3","STEM","math03","Kinesthetic",1.44439278096545,1.44439278096545,1.44439278096545,1.44439278096545,1.44439278096545,1.44439278096545,1.44439278096545,1.44439278096545,1.44439278096545,1.44439278096545,1.44439278096545,1.44439278096545,1.44439278096545,1.44439278096545,1.44439278096545,1.44439278096545
"361",361,"male","Black","yr1","Other","math02","Auditory",-0.647716702185599,-0.647716702185599,-0.647716702185599,-0.647716702185599,-0.647716702185599,-0.647716702185599,-0.647716702185599,-0.647716702185599,-0.647716702185599,-0.647716702185599,-0.647716702185599,-0.647716702185599,-0.647716702185599,-0.647716702185599,-0.647716702185599,-0.647716702185599
"362",362,"female","Black","yr2","Health","math02","Kinesthetic",-0.347742971939404,-0.347742971939404,-0.347742971939404,-0.347742971939404,-0.347742971939404,-0.347742971939404,-0.347742971939404,-0.347742971939404,-0.347742971939404,-0.347742971939404,-0.347742971939404,-0.347742971939404,-0.347742971939404,-0.347742971939404,-0.347742971939404,-0.347742971939404
"363",363,"female","white","yr1","Health","stats","Kinesthetic",0.701427851420122,0.701427851420122,0.701427851420122,0.701427851420122,0.701427851420122,0.701427851420122,0.701427851420122,0.701427851420122,0.701427851420122,0.701427851420122,0.701427851420122,0.701427851420122,0.701427851420122,0.701427851420122,0.701427851420122,0.701427851420122
"364",364,"male","white","yr1","Other","math02","Kinesthetic",-0.784502007670542,-0.784502007670542,-0.784502007670542,-0.784502007670542,-0.784502007670542,-0.784502007670542,-0.784502007670542,-0.784502007670542,-0.784502007670542,-0.784502007670542,-0.784502007670542,-0.784502007670542,-0.784502007670542,-0.784502007670542,-0.784502007670542,-0.784502007670542
"365",365,"female","Black","yr3","Health","stats","Visual",-1.36231167975567,-1.36231167975567,-1.36231167975567,-1.36231167975567,-1.36231167975567,-1.36231167975567,-1.36231167975567,-1.36231167975567,-1.36231167975567,-1.36231167975567,-1.36231167975567,-1.36231167975567,-1.36231167975567,-1.36231167975567,-1.36231167975567,-1.36231167975567
"366",366,"male","white","yr3","Business","math01","Auditory",-0.31937301996414,-0.31937301996414,-0.31937301996414,-0.31937301996414,-0.31937301996414,-0.31937301996414,-0.31937301996414,-0.31937301996414,-0.31937301996414,-0.31937301996414,-0.31937301996414,-0.31937301996414,-0.31937301996414,-0.31937301996414,-0.31937301996414,-0.31937301996414
"367",367,"female","white","yr3","Other","math02","Visual",0.701427851420122,0.701427851420122,0.701427851420122,0.701427851420122,0.701427851420122,0.701427851420122,0.701427851420122,0.701427851420122,0.701427851420122,0.701427851420122,0.701427851420122,0.701427851420122,0.701427851420122,0.701427851420122,0.701427851420122,0.701427851420122
"368",368,"female","white","yr2","Health","stats","Visual",1.53376796776029,1.53376796776029,1.53376796776029,1.53376796776029,1.53376796776029,1.53376796776029,1.53376796776029,1.53376796776029,1.53376796776029,1.53376796776029,1.53376796776029,1.53376796776029,1.53376796776029,1.53376796776029,1.53376796776029,1.53376796776029
"369",369,"female","white","yr3","Health","stats","Kinesthetic",-0.239327618429725,-0.239327618429725,-0.239327618429725,-0.239327618429725,-0.239327618429725,-0.239327618429725,-0.239327618429725,-0.239327618429725,-0.239327618429725,-0.239327618429725,-0.239327618429725,-0.239327618429725,-0.239327618429725,-0.239327618429725,-0.239327618429725,-0.239327618429725
"370",370,"female","Black","yr1","Other","math02","Auditory",1.35501759417062,1.35501759417062,1.35501759417062,1.35501759417062,1.35501759417062,1.35501759417062,1.35501759417062,1.35501759417062,1.35501759417062,1.35501759417062,1.35501759417062,1.35501759417062,1.35501759417062,1.35501759417062,1.35501759417062,1.35501759417062
"371",371,"female","white","yr2","Other","other","Kinesthetic",0.593012497910442,0.593012497910442,0.593012497910442,0.593012497910442,0.593012497910442,0.593012497910442,0.593012497910442,0.593012497910442,0.593012497910442,0.593012497910442,0.593012497910442,0.593012497910442,0.593012497910442,0.593012497910442,0.593012497910442,0.593012497910442
"372",372,"male","white","yr3","Business","math02","Kinesthetic",0.347811838915819,0.347811838915819,0.347811838915819,0.347811838915819,0.347811838915819,0.347811838915819,0.347811838915819,0.347811838915819,0.347811838915819,0.347811838915819,0.347811838915819,0.347811838915819,0.347811838915819,0.347811838915819,0.347811838915819,0.347811838915819
"373",373,"male","white","yr2","STEM","math03","Auditory",-0.756132055695278,-0.756132055695278,-0.756132055695278,-0.756132055695278,-0.756132055695278,-0.756132055695278,-0.756132055695278,-0.756132055695278,-0.756132055695278,-0.756132055695278,-0.756132055695278,-0.756132055695278,-0.756132055695278,-0.756132055695278,-0.756132055695278,-0.756132055695278
"374",374,"female","white","yr2","Other","stats","Visual",1.26564240737578,1.26564240737578,1.26564240737578,1.26564240737578,1.26564240737578,1.26564240737578,1.26564240737578,1.26564240737578,1.26564240737578,1.26564240737578,1.26564240737578,1.26564240737578,1.26564240737578,1.26564240737578,1.26564240737578,1.26564240737578
"375",375,"female","white","yr3","STEM","math04","Kinesthetic",-0.0605772448400547,-0.0605772448400547,-0.0605772448400547,-0.0605772448400547,-0.0605772448400547,-0.0605772448400547,-0.0605772448400547,-0.0605772448400547,-0.0605772448400547,-0.0605772448400547,-0.0605772448400547,-0.0605772448400547,-0.0605772448400547,-0.0605772448400547,-0.0605772448400547,-0.0605772448400547
"376",376,"male","white","yr1","Business","math02","Visual",-0.347742971939404,-0.347742971939404,-0.347742971939404,-0.347742971939404,-0.347742971939404,-0.347742971939404,-0.347742971939404,-0.347742971939404,-0.347742971939404,-0.347742971939404,-0.347742971939404,-0.347742971939404,-0.347742971939404,-0.347742971939404,-0.347742971939404,-0.347742971939404
"377",377,"female","white","yr5+","STEM","other","Kinesthetic",-0.130912264920045,-0.130912264920045,-0.130912264920045,-0.130912264920045,-0.130912264920045,-0.130912264920045,-0.130912264920045,-0.130912264920045,-0.130912264920045,-0.130912264920045,-0.130912264920045,-0.130912264920045,-0.130912264920045,-0.130912264920045,-0.130912264920045,-0.130912264920045
"378",378,"female","other","yr1","Other","math01","Auditory",0.366852005630664,0.366852005630664,0.366852005630664,0.366852005630664,0.366852005630664,0.366852005630664,0.366852005630664,0.366852005630664,0.366852005630664,0.366852005630664,0.366852005630664,0.366852005630664,0.366852005630664,0.366852005630664,0.366852005630664,0.366852005630664
"379",379,"female","white","yr3","STEM","math02","Visual",-0.130912264920045,-0.130912264920045,-0.130912264920045,-0.130912264920045,-0.130912264920045,-0.130912264920045,-0.130912264920045,-0.130912264920045,-0.130912264920045,-0.130912264920045,-0.130912264920045,-0.130912264920045,-0.130912264920045,-0.130912264920045,-0.130912264920045,-0.130912264920045
"380",380,"female","Asian","yr1","Business","math03","Visual",0.503637311115607,0.503637311115607,0.503637311115607,0.503637311115607,0.503637311115607,0.503637311115607,0.503637311115607,0.503637311115607,0.503637311115607,0.503637311115607,0.503637311115607,0.503637311115607,0.503637311115607,0.503637311115607,0.503637311115607,0.503637311115607
"381",381,"female","white","yr1","Business","math03","Kinesthetic",0.701427851420122,0.701427851420122,0.701427851420122,0.701427851420122,0.701427851420122,0.701427851420122,0.701427851420122,0.701427851420122,0.701427851420122,0.701427851420122,0.701427851420122,0.701427851420122,0.701427851420122,0.701427851420122,0.701427851420122,0.701427851420122
"382",382,"female","white","yr1","STEM","stats","Kinesthetic",-0.347742971939404,-0.347742971939404,-0.347742971939404,-0.347742971939404,-0.347742971939404,-0.347742971939404,-0.347742971939404,-0.347742971939404,-0.347742971939404,-0.347742971939404,-0.347742971939404,-0.347742971939404,-0.347742971939404,-0.347742971939404,-0.347742971939404,-0.347742971939404
"383",383,"female","white","yr2","STEM","math04","Auditory",0.627614613453706,0.627614613453706,0.627614613453706,0.627614613453706,0.627614613453706,0.627614613453706,0.627614613453706,0.627614613453706,0.627614613453706,0.627614613453706,0.627614613453706,0.627614613453706,0.627614613453706,0.627614613453706,0.627614613453706,0.627614613453706
"384",384,"female","white","yr1","Other","math02","Visual",0.382413954459083,0.382413954459083,0.382413954459083,0.382413954459083,0.382413954459083,0.382413954459083,0.382413954459083,0.382413954459083,0.382413954459083,0.382413954459083,0.382413954459083,0.382413954459083,0.382413954459083,0.382413954459083,0.382413954459083,0.382413954459083
"385",385,"male","white","yr2","STEM","math02","Kinesthetic",-0.32870280522456,-0.32870280522456,-0.32870280522456,-0.32870280522456,-0.32870280522456,-0.32870280522456,-0.32870280522456,-0.32870280522456,-0.32870280522456,-0.32870280522456,-0.32870280522456,-0.32870280522456,-0.32870280522456,-0.32870280522456,-0.32870280522456,-0.32870280522456
"386",386,"male","white","yr1","STEM","math03","Kinesthetic",0.892986228156637,0.892986228156637,0.892986228156637,0.892986228156637,0.892986228156637,0.892986228156637,0.892986228156637,0.892986228156637,0.892986228156637,0.892986228156637,0.892986228156637,0.892986228156637,0.892986228156637,0.892986228156637,0.892986228156637,0.892986228156637
"387",387,"female","white","yr2","STEM","stats","Visual",-1.28849844178925,-1.28849844178925,-1.28849844178925,-1.28849844178925,-1.28849844178925,-1.28849844178925,-1.28849844178925,-1.28849844178925,-1.28849844178925,-1.28849844178925,-1.28849844178925,-1.28849844178925,-1.28849844178925,-1.28849844178925,-1.28849844178925,-1.28849844178925
"388",388,"male","white","yr2","Other","math04","Kinesthetic",-0.437118158734239,-0.437118158734239,-0.437118158734239,-0.437118158734239,-0.437118158734239,-0.437118158734239,-0.437118158734239,-0.437118158734239,-0.437118158734239,-0.437118158734239,-0.437118158734239,-0.437118158734239,-0.437118158734239,-0.437118158734239,-0.437118158734239,-0.437118158734239
"389",389,"male","Black","yr2","STEM","math03","Kinesthetic",-0.22028745171488,-0.22028745171488,-0.22028745171488,-0.22028745171488,-0.22028745171488,-0.22028745171488,-0.22028745171488,-0.22028745171488,-0.22028745171488,-0.22028745171488,-0.22028745171488,-0.22028745171488,-0.22028745171488,-0.22028745171488,-0.22028745171488,-0.22028745171488
"390",390,"female","other","yr1","STEM","stats","Visual",1.19919212197083,1.19919212197083,1.19919212197083,1.19919212197083,1.19919212197083,1.19919212197083,1.19919212197083,1.19919212197083,1.19919212197083,1.19919212197083,1.19919212197083,1.19919212197083,1.19919212197083,1.19919212197083,1.19919212197083,1.19919212197083
"391",391,"female","white","yr2","Health","stats","Kinesthetic",-0.484528277424348,-0.484528277424348,-0.484528277424348,-0.484528277424348,-0.484528277424348,-0.484528277424348,-0.484528277424348,-0.484528277424348,-0.484528277424348,-0.484528277424348,-0.484528277424348,-0.484528277424348,-0.484528277424348,-0.484528277424348,-0.484528277424348,-0.484528277424348
"392",392,"female","white","yr1","Other","math03","Kinesthetic",0.188101632040994,0.188101632040994,0.188101632040994,0.188101632040994,0.188101632040994,0.188101632040994,0.188101632040994,0.188101632040994,0.188101632040994,0.188101632040994,0.188101632040994,0.188101632040994,0.188101632040994,0.188101632040994,0.188101632040994,0.188101632040994
"393",393,"female","white","yr1","Health","stats","Visual",-0.376112923914668,-0.376112923914668,-0.376112923914668,-0.376112923914668,-0.376112923914668,-0.376112923914668,-0.376112923914668,-0.376112923914668,-0.376112923914668,-0.376112923914668,-0.376112923914668,-0.376112923914668,-0.376112923914668,-0.376112923914668,-0.376112923914668,-0.376112923914668
"394",394,"male",NA,"yr1","STEM","stats","Auditory",0.448864239864036,0.448864239864036,0.448864239864036,0.448864239864036,0.448864239864036,0.448864239864036,0.448864239864036,0.448864239864036,0.448864239864036,0.448864239864036,0.448864239864036,0.448864239864036,0.448864239864036,0.448864239864036,0.448864239864036,0.448864239864036
"395",395,"female","white","yr2","STEM","math03","Auditory",0.456227192425499,0.456227192425499,0.456227192425499,0.456227192425499,0.456227192425499,0.456227192425499,0.456227192425499,0.456227192425499,0.456227192425499,0.456227192425499,0.456227192425499,0.456227192425499,0.456227192425499,0.456227192425499,0.456227192425499,0.456227192425499
"396",396,"female","other","yr1","STEM","stats","Kinesthetic",0.0478381086696247,0.0478381086696247,0.0478381086696247,0.0478381086696247,0.0478381086696247,0.0478381086696247,0.0478381086696247,0.0478381086696247,0.0478381086696247,0.0478381086696247,0.0478381086696247,0.0478381086696247,0.0478381086696247,0.0478381086696247,0.0478381086696247,0.0478381086696247
"397",397,"female","white","yr1","Business","math02","Kinesthetic",-0.418077992019395,-0.418077992019395,-0.418077992019395,-0.418077992019395,-0.418077992019395,-0.418077992019395,-0.418077992019395,-0.418077992019395,-0.418077992019395,-0.418077992019395,-0.418077992019395,-0.418077992019395,-0.418077992019395,-0.418077992019395,-0.418077992019395,-0.418077992019395
"398",398,"female","Black","yr1","STEM","math02","Auditory",1.44439278096545,1.44439278096545,1.44439278096545,1.44439278096545,1.44439278096545,1.44439278096545,1.44439278096545,1.44439278096545,1.44439278096545,1.44439278096545,1.44439278096545,1.44439278096545,1.44439278096545,1.44439278096545,1.44439278096545,1.44439278096545
"399",399,"female","white","yr1","Business","math03","Visual",-0.239327618429725,-0.239327618429725,-0.239327618429725,-0.239327618429725,-0.239327618429725,-0.239327618429725,-0.239327618429725,-0.239327618429725,-0.239327618429725,-0.239327618429725,-0.239327618429725,-0.239327618429725,-0.239327618429725,-0.239327618429725,-0.239327618429725,-0.239327618429725
"400",400,"male","white","yr2","Business","math03","Visual",-1.96112835125459,-1.96112835125459,-1.96112835125459,-1.96112835125459,-1.96112835125459,-1.96112835125459,-1.96112835125459,-1.96112835125459,-1.96112835125459,-1.96112835125459,-1.96112835125459,-1.96112835125459,-1.96112835125459,-1.96112835125459,-1.96112835125459,-1.96112835125459
"401",401,"male","white","yr1","Health","math02","Kinesthetic",-0.545533512243918,-0.545533512243918,-0.545533512243918,-0.545533512243918,-0.545533512243918,-0.545533512243918,-0.545533512243918,-0.545533512243918,-0.545533512243918,-0.545533512243918,-0.545533512243918,-0.545533512243918,-0.545533512243918,-0.545533512243918,-0.545533512243918,-0.545533512243918
"402",402,"female","white","yr2","STEM","math03","Kinesthetic",0.701427851420122,0.701427851420122,0.701427851420122,0.701427851420122,0.701427851420122,0.701427851420122,0.701427851420122,0.701427851420122,0.701427851420122,0.701427851420122,0.701427851420122,0.701427851420122,0.701427851420122,0.701427851420122,0.701427851420122,0.701427851420122
"403",403,"male","Asian","yr3","STEM","stats","Visual",-1.48628898209376,-1.48628898209376,-1.48628898209376,-1.48628898209376,-1.48628898209376,-1.48628898209376,-1.48628898209376,-1.48628898209376,-1.48628898209376,-1.48628898209376,-1.48628898209376,-1.48628898209376,-1.48628898209376,-1.48628898209376,-1.48628898209376,-1.48628898209376
"404",404,"female","white","yr1","Health","stats","Kinesthetic",-0.239327618429725,-0.239327618429725,-0.239327618429725,-0.239327618429725,-0.239327618429725,-0.239327618429725,-0.239327618429725,-0.239327618429725,-0.239327618429725,-0.239327618429725,-0.239327618429725,-0.239327618429725,-0.239327618429725,-0.239327618429725,-0.239327618429725,-0.239327618429725
"405",405,"female","white","yr1","Other","math01","Kinesthetic",-1.05610578594147,-1.05610578594147,-1.05610578594147,-1.05610578594147,-1.05610578594147,-1.05610578594147,-1.05610578594147,-1.05610578594147,-1.05610578594147,-1.05610578594147,-1.05610578594147,-1.05610578594147,-1.05610578594147,-1.05610578594147,-1.05610578594147,-1.05610578594147
"406",406,"female","white","yr1","Other","stats","Visual",-0.14995243163489,-0.14995243163489,-0.14995243163489,-0.14995243163489,-0.14995243163489,-0.14995243163489,-0.14995243163489,-0.14995243163489,-0.14995243163489,-0.14995243163489,-0.14995243163489,-0.14995243163489,-0.14995243163489,-0.14995243163489,-0.14995243163489,-0.14995243163489
"407",407,"female","Black","yr3","Health","stats","Visual",-0.647716702185599,-0.647716702185599,-0.647716702185599,-0.647716702185599,-0.647716702185599,-0.647716702185599,-0.647716702185599,-0.647716702185599,-0.647716702185599,-0.647716702185599,-0.647716702185599,-0.647716702185599,-0.647716702185599,-0.647716702185599,-0.647716702185599,-0.647716702185599
"408",408,"female","white","yr1","Business","math02","Visual",1.26564240737578,1.26564240737578,1.26564240737578,1.26564240737578,1.26564240737578,1.26564240737578,1.26564240737578,1.26564240737578,1.26564240737578,1.26564240737578,1.26564240737578,1.26564240737578,1.26564240737578,1.26564240737578,1.26564240737578,1.26564240737578
"409",409,"male","white","yr3","STEM","math04","Kinesthetic",-0.737091888980434,-0.737091888980434,-0.737091888980434,-0.737091888980434,-0.737091888980434,-0.737091888980434,-0.737091888980434,-0.737091888980434,-0.737091888980434,-0.737091888980434,-0.737091888980434,-0.737091888980434,-0.737091888980434,-0.737091888980434,-0.737091888980434,-0.737091888980434
"410",410,"female","white","yr5+","Health","stats","Kinesthetic",-1.19912325499442,-1.19912325499442,-1.19912325499442,-1.19912325499442,-1.19912325499442,-1.19912325499442,-1.19912325499442,-1.19912325499442,-1.19912325499442,-1.19912325499442,-1.19912325499442,-1.19912325499442,-1.19912325499442,-1.19912325499442,-1.19912325499442,-1.19912325499442
"411",411,"female","white","yr1","Business","math03","Kinesthetic",0.503637311115607,0.503637311115607,0.503637311115607,0.503637311115607,0.503637311115607,0.503637311115607,0.503637311115607,0.503637311115607,0.503637311115607,0.503637311115607,0.503637311115607,0.503637311115607,0.503637311115607,0.503637311115607,0.503637311115607,0.503637311115607
"412",412,"female","other","yr2","Other","math02","Visual",0.612052664625287,0.612052664625287,0.612052664625287,0.612052664625287,0.612052664625287,0.612052664625287,0.612052664625287,0.612052664625287,0.612052664625287,0.612052664625287,0.612052664625287,0.612052664625287,0.612052664625287,0.612052664625287,0.612052664625287,0.612052664625287
"413",413,"female","white","yr3","Business","math03","Visual",0.433302291035617,0.433302291035617,0.433302291035617,0.433302291035617,0.433302291035617,0.433302291035617,0.433302291035617,0.433302291035617,0.433302291035617,0.433302291035617,0.433302291035617,0.433302291035617,0.433302291035617,0.433302291035617,0.433302291035617,0.433302291035617
"414",414,"female","white","yr1","Health","stats","Auditory",-0.22028745171488,-0.22028745171488,-0.22028745171488,-0.22028745171488,-0.22028745171488,-0.22028745171488,-0.22028745171488,-0.22028745171488,-0.22028745171488,-0.22028745171488,-0.22028745171488,-0.22028745171488,-0.22028745171488,-0.22028745171488,-0.22028745171488,-0.22028745171488
"415",415,"female","white","yr4","Other","math04","Kinesthetic",1.03600369720958,1.03600369720958,1.03600369720958,1.03600369720958,1.03600369720958,1.03600369720958,1.03600369720958,1.03600369720958,1.03600369720958,1.03600369720958,1.03600369720958,1.03600369720958,1.03600369720958,1.03600369720958,1.03600369720958,1.03600369720958
"416",416,"male","white","yr2","Other","stats","Visual",-0.969484544828211,-0.969484544828211,-0.969484544828211,-0.969484544828211,-0.969484544828211,-0.969484544828211,-0.969484544828211,-0.969484544828211,-0.969484544828211,-0.969484544828211,-0.969484544828211,-0.969484544828211,-0.969484544828211,-0.969484544828211,-0.969484544828211,-0.969484544828211
"417",417,"female","white","yr2","STEM","math02","Kinesthetic",-1.67784735883028,-1.67784735883028,-1.67784735883028,-1.67784735883028,-1.67784735883028,-1.67784735883028,-1.67784735883028,-1.67784735883028,-1.67784735883028,-1.67784735883028,-1.67784735883028,-1.67784735883028,-1.67784735883028,-1.67784735883028,-1.67784735883028,-1.67784735883028
"418",418,"female","white","yr1","Health","math02","Kinesthetic",-0.14995243163489,-0.14995243163489,-0.14995243163489,-0.14995243163489,-0.14995243163489,-0.14995243163489,-0.14995243163489,-0.14995243163489,-0.14995243163489,-0.14995243163489,-0.14995243163489,-0.14995243163489,-0.14995243163489,-0.14995243163489,-0.14995243163489,-0.14995243163489
"419",419,"female","Asian","yr5+","Health","stats","Kinesthetic",1.53376796776029,1.53376796776029,1.53376796776029,1.53376796776029,1.53376796776029,1.53376796776029,1.53376796776029,1.53376796776029,1.53376796776029,1.53376796776029,1.53376796776029,1.53376796776029,1.53376796776029,1.53376796776029,1.53376796776029,1.53376796776029
"420",420,"male","white","yr3","Other","math04","Auditory",-0.790734171238541,-0.790734171238541,-0.790734171238541,-0.790734171238541,-0.790734171238541,-0.790734171238541,-0.790734171238541,-0.790734171238541,-0.790734171238541,-0.790734171238541,-0.790734171238541,-0.790734171238541,-0.790734171238541,-0.790734171238541,-0.790734171238541,-0.790734171238541
"421",421,"male","white","yr3","Other","math04","Kinesthetic",-0.484528277424348,-0.484528277424348,-0.484528277424348,-0.484528277424348,-0.484528277424348,-0.484528277424348,-0.484528277424348,-0.484528277424348,-0.484528277424348,-0.484528277424348,-0.484528277424348,-0.484528277424348,-0.484528277424348,-0.484528277424348,-0.484528277424348,-0.484528277424348
"422",422,"female","white","yr3","Other","math04","Auditory",-0.239327618429725,-0.239327618429725,-0.239327618429725,-0.239327618429725,-0.239327618429725,-0.239327618429725,-0.239327618429725,-0.239327618429725,-0.239327618429725,-0.239327618429725,-0.239327618429725,-0.239327618429725,-0.239327618429725,-0.239327618429725,-0.239327618429725,-0.239327618429725
"423",423,"female","white","yr5+","Health","stats","Auditory",-0.130912264920045,-0.130912264920045,-0.130912264920045,-0.130912264920045,-0.130912264920045,-0.130912264920045,-0.130912264920045,-0.130912264920045,-0.130912264920045,-0.130912264920045,-0.130912264920045,-0.130912264920045,-0.130912264920045,-0.130912264920045,-0.130912264920045,-0.130912264920045
"424",424,"female","other","yr1","Other","math02","Kinesthetic",-0.437118158734239,-0.437118158734239,-0.437118158734239,-0.437118158734239,-0.437118158734239,-0.437118158734239,-0.437118158734239,-0.437118158734239,-0.437118158734239,-0.437118158734239,-0.437118158734239,-0.437118158734239,-0.437118158734239,-0.437118158734239,-0.437118158734239,-0.437118158734239
"425",425,"female","other","yr1","STEM","math02","Visual",0.00587304056489831,0.00587304056489831,0.00587304056489831,0.00587304056489831,0.00587304056489831,0.00587304056489831,0.00587304056489831,0.00587304056489831,0.00587304056489831,0.00587304056489831,0.00587304056489831,0.00587304056489831,0.00587304056489831,0.00587304056489831,0.00587304056489831,0.00587304056489831
"426",426,"female","white","yr3","Other","math04","Auditory",0.258436652120984,0.258436652120984,0.258436652120984,0.258436652120984,0.258436652120984,0.258436652120984,0.258436652120984,0.258436652120984,0.258436652120984,0.258436652120984,0.258436652120984,0.258436652120984,0.258436652120984,0.258436652120984,0.258436652120984,0.258436652120984
"427",427,"male","white","yr2","STEM","stats","Kinesthetic",0.382413954459083,0.382413954459083,0.382413954459083,0.382413954459083,0.382413954459083,0.382413954459083,0.382413954459083,0.382413954459083,0.382413954459083,0.382413954459083,0.382413954459083,0.382413954459083,0.382413954459083,0.382413954459083,0.382413954459083,0.382413954459083
"428",428,"female","white","yr3","STEM","math04","Visual",0.456227192425499,0.456227192425499,0.456227192425499,0.456227192425499,0.456227192425499,0.456227192425499,0.456227192425499,0.456227192425499,0.456227192425499,0.456227192425499,0.456227192425499,0.456227192425499,0.456227192425499,0.456227192425499,0.456227192425499,0.456227192425499
"429",429,"male","Black","yr1","STEM","math02","Visual",-0.437118158734239,-0.437118158734239,-0.437118158734239,-0.437118158734239,-0.437118158734239,-0.437118158734239,-0.437118158734239,-0.437118158734239,-0.437118158734239,-0.437118158734239,-0.437118158734239,-0.437118158734239,-0.437118158734239,-0.437118158734239,-0.437118158734239,-0.437118158734239
"430",430,"male","white","yr1","STEM","math01","Visual",-0.42155620990582,-0.42155620990582,-0.42155620990582,-0.42155620990582,-0.42155620990582,-0.42155620990582,-0.42155620990582,-0.42155620990582,-0.42155620990582,-0.42155620990582,-0.42155620990582,-0.42155620990582,-0.42155620990582,-0.42155620990582,-0.42155620990582,-0.42155620990582
"431",431,"female","white","yr1","Other","math01","Kinesthetic",-1.63588229072555,-1.63588229072555,-1.63588229072555,-1.63588229072555,-1.63588229072555,-1.63588229072555,-1.63588229072555,-1.63588229072555,-1.63588229072555,-1.63588229072555,-1.63588229072555,-1.63588229072555,-1.63588229072555,-1.63588229072555,-1.63588229072555,-1.63588229072555
"432",432,"female","white","yr1","Other","math01","Auditory",1.12537888400441,1.12537888400441,1.12537888400441,1.12537888400441,1.12537888400441,1.12537888400441,1.12537888400441,1.12537888400441,1.12537888400441,1.12537888400441,1.12537888400441,1.12537888400441,1.12537888400441,1.12537888400441,1.12537888400441,1.12537888400441
"433",433,"female","white","yr2","Other","math01","Auditory",-2.01242320461974,-2.01242320461974,-2.01242320461974,-2.01242320461974,-2.01242320461974,-2.01242320461974,-2.01242320461974,-2.01242320461974,-2.01242320461974,-2.01242320461974,-2.01242320461974,-2.01242320461974,-2.01242320461974,-2.01242320461974,-2.01242320461974,-2.01242320461974
"434",434,"female","white","yr1","Other","math02","Visual",-0.0415370781252103,-0.0415370781252103,-0.0415370781252103,-0.0415370781252103,-0.0415370781252103,-0.0415370781252103,-0.0415370781252103,-0.0415370781252103,-0.0415370781252103,-0.0415370781252103,-0.0415370781252103,-0.0415370781252103,-0.0415370781252103,-0.0415370781252103,-0.0415370781252103,-0.0415370781252103
"435",435,"female","white","yr2","STEM","stats","Auditory",-1.47072703326535,-1.47072703326535,-1.47072703326535,-1.47072703326535,-1.47072703326535,-1.47072703326535,-1.47072703326535,-1.47072703326535,-1.47072703326535,-1.47072703326535,-1.47072703326535,-1.47072703326535,-1.47072703326535,-1.47072703326535,-1.47072703326535,-1.47072703326535
"436",436,"male","other","yr3","STEM","math03","Visual",-2.2292539116391,-2.2292539116391,-2.2292539116391,-2.2292539116391,-2.2292539116391,-2.2292539116391,-2.2292539116391,-2.2292539116391,-2.2292539116391,-2.2292539116391,-2.2292539116391,-2.2292539116391,-2.2292539116391,-2.2292539116391,-2.2292539116391,-2.2292539116391
"437",437,"female","white","yr1","Other","math01","Visual",0.701427851420122,0.701427851420122,0.701427851420122,0.701427851420122,0.701427851420122,0.701427851420122,0.701427851420122,0.701427851420122,0.701427851420122,0.701427851420122,0.701427851420122,0.701427851420122,0.701427851420122,0.701427851420122,0.701427851420122,0.701427851420122
"438",438,"male","white","yr1","STEM","math02","Visual",0.203663580869413,0.203663580869413,0.203663580869413,0.203663580869413,0.203663580869413,0.203663580869413,0.203663580869413,0.203663580869413,0.203663580869413,0.203663580869413,0.203663580869413,0.203663580869413,0.203663580869413,0.203663580869413,0.203663580869413,0.203663580869413
"439",439,"female","white","yr1","Business","math03","Auditory",-0.484528277424348,-0.484528277424348,-0.484528277424348,-0.484528277424348,-0.484528277424348,-0.484528277424348,-0.484528277424348,-0.484528277424348,-0.484528277424348,-0.484528277424348,-0.484528277424348,-0.484528277424348,-0.484528277424348,-0.484528277424348,-0.484528277424348,-0.484528277424348
"440",440,"female","white","yr1","STEM","math02","Kinesthetic",-0.14995243163489,-0.14995243163489,-0.14995243163489,-0.14995243163489,-0.14995243163489,-0.14995243163489,-0.14995243163489,-0.14995243163489,-0.14995243163489,-0.14995243163489,-0.14995243163489,-0.14995243163489,-0.14995243163489,-0.14995243163489,-0.14995243163489,-0.14995243163489
"441",441,"female","white","yr1","Business","math02","Auditory",0.85725332361991,0.85725332361991,0.85725332361991,0.85725332361991,0.85725332361991,0.85725332361991,0.85725332361991,0.85725332361991,0.85725332361991,0.85725332361991,0.85725332361991,0.85725332361991,0.85725332361991,0.85725332361991,0.85725332361991,0.85725332361991
"442",442,"female","white","yr2","Other","math02","Kinesthetic",-0.554863297504338,-0.554863297504338,-0.554863297504338,-0.554863297504338,-0.554863297504338,-0.554863297504338,-0.554863297504338,-0.554863297504338,-0.554863297504338,-0.554863297504338,-0.554863297504338,-0.554863297504338,-0.554863297504338,-0.554863297504338,-0.554863297504338,-0.554863297504338
"443",443,"female","Black","yr1","Business","math03","Visual",1.35501759417062,1.35501759417062,1.35501759417062,1.35501759417062,1.35501759417062,1.35501759417062,1.35501759417062,1.35501759417062,1.35501759417062,1.35501759417062,1.35501759417062,1.35501759417062,1.35501759417062,1.35501759417062,1.35501759417062,1.35501759417062
"444",444,"female","white","yr1","Business","stats","Visual",0.775241089386538,0.775241089386538,0.775241089386538,0.775241089386538,0.775241089386538,0.775241089386538,0.775241089386538,0.775241089386538,0.775241089386538,0.775241089386538,0.775241089386538,0.775241089386538,0.775241089386538,0.775241089386538,0.775241089386538,0.775241089386538
"445",445,"female","white","yr2","STEM","stats","Visual",0.946628510414745,0.946628510414745,0.946628510414745,0.946628510414745,0.946628510414745,0.946628510414745,0.946628510414745,0.946628510414745,0.946628510414745,0.946628510414745,0.946628510414745,0.946628510414745,0.946628510414745,0.946628510414745,0.946628510414745,0.946628510414745
"446",446,"female","white","yr1","Health","stats","Kinesthetic",1.04881170035642,1.04881170035642,1.04881170035642,1.04881170035642,1.04881170035642,1.04881170035642,1.04881170035642,1.04881170035642,1.04881170035642,1.04881170035642,1.04881170035642,1.04881170035642,1.04881170035642,1.04881170035642,1.04881170035642,1.04881170035642
"447",447,"female","Asian","yr1","STEM","stats","Auditory",-1.28849844178925,-1.28849844178925,-1.28849844178925,-1.28849844178925,-1.28849844178925,-1.28849844178925,-1.28849844178925,-1.28849844178925,-1.28849844178925,-1.28849844178925,-1.28849844178925,-1.28849844178925,-1.28849844178925,-1.28849844178925,-1.28849844178925,-1.28849844178925
"448",448,"female","white","yr1","Other","stats","Kinesthetic",-0.718051722265589,-0.718051722265589,-0.718051722265589,-0.718051722265589,-0.718051722265589,-0.718051722265589,-0.718051722265589,-0.718051722265589,-0.718051722265589,-0.718051722265589,-0.718051722265589,-0.718051722265589,-0.718051722265589,-0.718051722265589,-0.718051722265589,-0.718051722265589
"449",449,"female","white","yr4","Other","math04","Auditory",-0.743324052548433,-0.743324052548433,-0.743324052548433,-0.743324052548433,-0.743324052548433,-0.743324052548433,-0.743324052548433,-0.743324052548433,-0.743324052548433,-0.743324052548433,-0.743324052548433,-0.743324052548433,-0.743324052548433,-0.743324052548433,-0.743324052548433,-0.743324052548433
"450",450,"female","white","yr1","Other","math01","Auditory",-0.737091888980434,-0.737091888980434,-0.737091888980434,-0.737091888980434,-0.737091888980434,-0.737091888980434,-0.737091888980434,-0.737091888980434,-0.737091888980434,-0.737091888980434,-0.737091888980434,-0.737091888980434,-0.737091888980434,-0.737091888980434,-0.737091888980434,-0.737091888980434
"451",451,"female","other","yr2","Other","stats","Visual",1.03600369720958,1.03600369720958,1.03600369720958,1.03600369720958,1.03600369720958,1.03600369720958,1.03600369720958,1.03600369720958,1.03600369720958,1.03600369720958,1.03600369720958,1.03600369720958,1.03600369720958,1.03600369720958,1.03600369720958,1.03600369720958
"452",452,"male","other","yr4","Other","stats","Kinesthetic",-1.9230480178249,-1.9230480178249,-1.9230480178249,-1.9230480178249,-1.9230480178249,-1.9230480178249,-1.9230480178249,-1.9230480178249,-1.9230480178249,-1.9230480178249,-1.9230480178249,-1.9230480178249,-1.9230480178249,-1.9230480178249,-1.9230480178249,-1.9230480178249
"453",453,"female","white","yr3","Other","math04","Auditory",-1.63588229072555,-1.63588229072555,-1.63588229072555,-1.63588229072555,-1.63588229072555,-1.63588229072555,-1.63588229072555,-1.63588229072555,-1.63588229072555,-1.63588229072555,-1.63588229072555,-1.63588229072555,-1.63588229072555,-1.63588229072555,-1.63588229072555,-1.63588229072555
"454",454,"female","white","yr1","Business","math01","Kinesthetic",0.456227192425499,0.456227192425499,0.456227192425499,0.456227192425499,0.456227192425499,0.456227192425499,0.456227192425499,0.456227192425499,0.456227192425499,0.456227192425499,0.456227192425499,0.456227192425499,0.456227192425499,0.456227192425499,0.456227192425499,0.456227192425499
"455",455,"female","white","yr1","Other","math01","Visual",-0.286737737119833,-0.286737737119833,-0.286737737119833,-0.286737737119833,-0.286737737119833,-0.286737737119833,-0.286737737119833,-0.286737737119833,-0.286737737119833,-0.286737737119833,-0.286737737119833,-0.286737737119833,-0.286737737119833,-0.286737737119833,-0.286737737119833,-0.286737737119833
"456",456,"male","white","yr1","Business","math02","Auditory",0.484597144400763,0.484597144400763,0.484597144400763,0.484597144400763,0.484597144400763,0.484597144400763,0.484597144400763,0.484597144400763,0.484597144400763,0.484597144400763,0.484597144400763,0.484597144400763,0.484597144400763,0.484597144400763,0.484597144400763,0.484597144400763
"457",457,"female","white","yr5+","Health","stats","Auditory",-0.32870280522456,-0.32870280522456,-0.32870280522456,-0.32870280522456,-0.32870280522456,-0.32870280522456,-0.32870280522456,-0.32870280522456,-0.32870280522456,-0.32870280522456,-0.32870280522456,-0.32870280522456,-0.32870280522456,-0.32870280522456,-0.32870280522456,-0.32870280522456
"458",458,"male","white","yr1","STEM","math03","Auditory",0.203663580869413,0.203663580869413,0.203663580869413,0.203663580869413,0.203663580869413,0.203663580869413,0.203663580869413,0.203663580869413,0.203663580869413,0.203663580869413,0.203663580869413,0.203663580869413,0.203663580869413,0.203663580869413,0.203663580869413,0.203663580869413
"459",459,"male","white","yr2","Health","stats","Kinesthetic",0.9275883436999,0.9275883436999,0.9275883436999,0.9275883436999,0.9275883436999,0.9275883436999,0.9275883436999,0.9275883436999,0.9275883436999,0.9275883436999,0.9275883436999,0.9275883436999,0.9275883436999,0.9275883436999,0.9275883436999,0.9275883436999
"460",460,"male","white","yr1","Business","math03","Visual",-0.347742971939404,-0.347742971939404,-0.347742971939404,-0.347742971939404,-0.347742971939404,-0.347742971939404,-0.347742971939404,-0.347742971939404,-0.347742971939404,-0.347742971939404,-0.347742971939404,-0.347742971939404,-0.347742971939404,-0.347742971939404,-0.347742971939404,-0.347742971939404
"461",461,"female","white","yr4","Other","math04","Kinesthetic",1.12537888400441,1.12537888400441,1.12537888400441,1.12537888400441,1.12537888400441,1.12537888400441,1.12537888400441,1.12537888400441,1.12537888400441,1.12537888400441,1.12537888400441,1.12537888400441,1.12537888400441,1.12537888400441,1.12537888400441,1.12537888400441
"462",462,"male","white","yr1","Business","math02","Visual",1.12537888400441,1.12537888400441,1.12537888400441,1.12537888400441,1.12537888400441,1.12537888400441,1.12537888400441,1.12537888400441,1.12537888400441,1.12537888400441,1.12537888400441,1.12537888400441,1.12537888400441,1.12537888400441,1.12537888400441,1.12537888400441
"463",463,"female","white","yr2","Business","math03","Kinesthetic",0.488075362287188,0.488075362287188,0.488075362287188,0.488075362287188,0.488075362287188,0.488075362287188,0.488075362287188,0.488075362287188,0.488075362287188,0.488075362287188,0.488075362287188,0.488075362287188,0.488075362287188,0.488075362287188,0.488075362287188,0.488075362287188
"464",464,"male","Black","yr3","Business","math03","Visual",0.277476818835829,0.277476818835829,0.277476818835829,0.277476818835829,0.277476818835829,0.277476818835829,0.277476818835829,0.277476818835829,0.277476818835829,0.277476818835829,0.277476818835829,0.277476818835829,0.277476818835829,0.277476818835829,0.277476818835829,0.277476818835829
"465",465,"female","Asian","yr1","Health","math02","Kinesthetic",1.44439278096545,1.44439278096545,1.44439278096545,1.44439278096545,1.44439278096545,1.44439278096545,1.44439278096545,1.44439278096545,1.44439278096545,1.44439278096545,1.44439278096545,1.44439278096545,1.44439278096545,1.44439278096545,1.44439278096545,1.44439278096545
"466",466,"male","white","yr3","Health","math02","Visual",-1.32310055733251,-1.32310055733251,-1.32310055733251,-1.32310055733251,-1.32310055733251,-1.32310055733251,-1.32310055733251,-1.32310055733251,-1.32310055733251,-1.32310055733251,-1.32310055733251,-1.32310055733251,-1.32310055733251,-1.32310055733251,-1.32310055733251,-1.32310055733251
"467",467,"female","white","yr4","Other","math04","Auditory",0.593012497910442,0.593012497910442,0.593012497910442,0.593012497910442,0.593012497910442,0.593012497910442,0.593012497910442,0.593012497910442,0.593012497910442,0.593012497910442,0.593012497910442,0.593012497910442,0.593012497910442,0.593012497910442,0.593012497910442,0.593012497910442
"468",468,"female","Black","yr3","STEM","math02","Auditory",1.53376796776029,1.53376796776029,1.53376796776029,1.53376796776029,1.53376796776029,1.53376796776029,1.53376796776029,1.53376796776029,1.53376796776029,1.53376796776029,1.53376796776029,1.53376796776029,1.53376796776029,1.53376796776029,1.53376796776029,1.53376796776029
"469",469,"female","other","yr1","STEM","stats","Visual",0.169061465326149,0.169061465326149,0.169061465326149,0.169061465326149,0.169061465326149,0.169061465326149,0.169061465326149,0.169061465326149,0.169061465326149,0.169061465326149,0.169061465326149,0.169061465326149,0.169061465326149,0.169061465326149,0.169061465326149,0.169061465326149
"470",470,"male","Black","yr2","Other","math02","Kinesthetic",-0.0322072928647904,-0.0322072928647904,-0.0322072928647904,-0.0322072928647904,-0.0322072928647904,-0.0322072928647904,-0.0322072928647904,-0.0322072928647904,-0.0322072928647904,-0.0322072928647904,-0.0322072928647904,-0.0322072928647904,-0.0322072928647904,-0.0322072928647904,-0.0322072928647904,-0.0322072928647904
"471",471,"female","white","yr1","Business","math02","Visual",0.596490715796868,0.596490715796868,0.596490715796868,0.596490715796868,0.596490715796868,0.596490715796868,0.596490715796868,0.596490715796868,0.596490715796868,0.596490715796868,0.596490715796868,0.596490715796868,0.596490715796868,0.596490715796868,0.596490715796868,0.596490715796868
"472",472,"male","white","yr4","Other","stats","Visual",-1.07166773476989,-1.07166773476989,-1.07166773476989,-1.07166773476989,-1.07166773476989,-1.07166773476989,-1.07166773476989,-1.07166773476989,-1.07166773476989,-1.07166773476989,-1.07166773476989,-1.07166773476989,-1.07166773476989,-1.07166773476989,-1.07166773476989,-1.07166773476989
"473",473,"female","white","yr3","STEM","math04","Visual",-0.539301348675919,-0.539301348675919,-0.539301348675919,-0.539301348675919,-0.539301348675919,-0.539301348675919,-0.539301348675919,-0.539301348675919,-0.539301348675919,-0.539301348675919,-0.539301348675919,-0.539301348675919,-0.539301348675919,-0.539301348675919,-0.539301348675919,-0.539301348675919
"474",474,"female","other","yr1","STEM","stats","Kinesthetic",-1.09070790148474,-1.09070790148474,-1.09070790148474,-1.09070790148474,-1.09070790148474,-1.09070790148474,-1.09070790148474,-1.09070790148474,-1.09070790148474,-1.09070790148474,-1.09070790148474,-1.09070790148474,-1.09070790148474,-1.09070790148474,-1.09070790148474,-1.09070790148474
"475",475,"male","white","yr3","STEM","math03","Visual",-0.376112923914668,-0.376112923914668,-0.376112923914668,-0.376112923914668,-0.376112923914668,-0.376112923914668,-0.376112923914668,-0.376112923914668,-0.376112923914668,-0.376112923914668,-0.376112923914668,-0.376112923914668,-0.376112923914668,-0.376112923914668,-0.376112923914668,-0.376112923914668
"476",476,"male","Black","yr3","STEM","math04","Auditory",1.09077676846115,1.09077676846115,1.09077676846115,1.09077676846115,1.09077676846115,1.09077676846115,1.09077676846115,1.09077676846115,1.09077676846115,1.09077676846115,1.09077676846115,1.09077676846115,1.09077676846115,1.09077676846115,1.09077676846115,1.09077676846115
"477",477,"female","other","yr5+","STEM","math02","Kinesthetic",1.53376796776029,1.53376796776029,1.53376796776029,1.53376796776029,1.53376796776029,1.53376796776029,1.53376796776029,1.53376796776029,1.53376796776029,1.53376796776029,1.53376796776029,1.53376796776029,1.53376796776029,1.53376796776029,1.53376796776029,1.53376796776029
"478",478,"male","white","yr1","STEM","math03","Kinesthetic",-1.18008308827957,-1.18008308827957,-1.18008308827957,-1.18008308827957,-1.18008308827957,-1.18008308827957,-1.18008308827957,-1.18008308827957,-1.18008308827957,-1.18008308827957,-1.18008308827957,-1.18008308827957,-1.18008308827957,-1.18008308827957,-1.18008308827957,-1.18008308827957
"479",479,"male","white","yr1","Business","math02","Kinesthetic",1.19919212197083,1.19919212197083,1.19919212197083,1.19919212197083,1.19919212197083,1.19919212197083,1.19919212197083,1.19919212197083,1.19919212197083,1.19919212197083,1.19919212197083,1.19919212197083,1.19919212197083,1.19919212197083,1.19919212197083,1.19919212197083
"480",480,"female","white","yr4","Other","stats","Visual",0.593012497910442,0.593012497910442,0.593012497910442,0.593012497910442,0.593012497910442,0.593012497910442,0.593012497910442,0.593012497910442,0.593012497910442,0.593012497910442,0.593012497910442,0.593012497910442,0.593012497910442,0.593012497910442,0.593012497910442,0.593012497910442
"481",481,"female","white","yr4","Other","math04","Visual",-0.239327618429725,-0.239327618429725,-0.239327618429725,-0.239327618429725,-0.239327618429725,-0.239327618429725,-0.239327618429725,-0.239327618429725,-0.239327618429725,-0.239327618429725,-0.239327618429725,-0.239327618429725,-0.239327618429725,-0.239327618429725,-0.239327618429725,-0.239327618429725
"482",482,"male","white","yr2","STEM","math03","Kinesthetic",1.35501759417062,1.35501759417062,1.35501759417062,1.35501759417062,1.35501759417062,1.35501759417062,1.35501759417062,1.35501759417062,1.35501759417062,1.35501759417062,1.35501759417062,1.35501759417062,1.35501759417062,1.35501759417062,1.35501759417062,1.35501759417062
"483",483,"female","white","yr3","Other","math04","Visual",-0.130912264920045,-0.130912264920045,-0.130912264920045,-0.130912264920045,-0.130912264920045,-0.130912264920045,-0.130912264920045,-0.130912264920045,-0.130912264920045,-0.130912264920045,-0.130912264920045,-0.130912264920045,-0.130912264920045,-0.130912264920045,-0.130912264920045,-0.130912264920045
"484",484,"male","white","yr1","Other","stats","Kinesthetic",-0.130912264920045,-0.130912264920045,-0.130912264920045,-0.130912264920045,-0.130912264920045,-0.130912264920045,-0.130912264920045,-0.130912264920045,-0.130912264920045,-0.130912264920045,-0.130912264920045,-0.130912264920045,-0.130912264920045,-0.130912264920045,-0.130912264920045,-0.130912264920045
"485",485,"female","white","yr3","Other","math01","Visual",-0.0415370781252103,-0.0415370781252103,-0.0415370781252103,-0.0415370781252103,-0.0415370781252103,-0.0415370781252103,-0.0415370781252103,-0.0415370781252103,-0.0415370781252103,-0.0415370781252103,-0.0415370781252103,-0.0415370781252103,-0.0415370781252103,-0.0415370781252103,-0.0415370781252103,-0.0415370781252103
"486",486,"female","white","yr2","Business","math03","Visual",1.19919212197083,1.19919212197083,1.19919212197083,1.19919212197083,1.19919212197083,1.19919212197083,1.19919212197083,1.19919212197083,1.19919212197083,1.19919212197083,1.19919212197083,1.19919212197083,1.19919212197083,1.19919212197083,1.19919212197083,1.19919212197083
"487",487,"female","white","yr2","Other","math01","Kinesthetic",-1.40624358055935,-1.40624358055935,-1.40624358055935,-1.40624358055935,-1.40624358055935,-1.40624358055935,-1.40624358055935,-1.40624358055935,-1.40624358055935,-1.40624358055935,-1.40624358055935,-1.40624358055935,-1.40624358055935,-1.40624358055935,-1.40624358055935,-1.40624358055935
"488",488,"male","white","yr2","STEM","math03","Kinesthetic",1.44439278096545,1.44439278096545,1.44439278096545,1.44439278096545,1.44439278096545,1.44439278096545,1.44439278096545,1.44439278096545,1.44439278096545,1.44439278096545,1.44439278096545,1.44439278096545,1.44439278096545,1.44439278096545,1.44439278096545,1.44439278096545
"489",489,"female","white","yr5+","STEM","stats","Visual",1.01696353049474,1.01696353049474,1.01696353049474,1.01696353049474,1.01696353049474,1.01696353049474,1.01696353049474,1.01696353049474,1.01696353049474,1.01696353049474,1.01696353049474,1.01696353049474,1.01696353049474,1.01696353049474,1.01696353049474,1.01696353049474
"490",490,"female","white","yr1","STEM","math03","Visual",0.456227192425499,0.456227192425499,0.456227192425499,0.456227192425499,0.456227192425499,0.456227192425499,0.456227192425499,0.456227192425499,0.456227192425499,0.456227192425499,0.456227192425499,0.456227192425499,0.456227192425499,0.456227192425499,0.456227192425499,0.456227192425499
"491",491,"male","white","yr2","STEM","math02","Kinesthetic",0.838213156905065,0.838213156905065,0.838213156905065,0.838213156905065,0.838213156905065,0.838213156905065,0.838213156905065,0.838213156905065,0.838213156905065,0.838213156905065,0.838213156905065,0.838213156905065,0.838213156905065,0.838213156905065,0.838213156905065,0.838213156905065
"492",492,"female","Asian","yr1","Other","math02","Kinesthetic",-1.62307428757871,-1.62307428757871,-1.62307428757871,-1.62307428757871,-1.62307428757871,-1.62307428757871,-1.62307428757871,-1.62307428757871,-1.62307428757871,-1.62307428757871,-1.62307428757871,-1.62307428757871,-1.62307428757871,-1.62307428757871,-1.62307428757871,-1.62307428757871
"493",493,"male","white","yr1","STEM","math04","Kinesthetic",-0.22028745171488,-0.22028745171488,-0.22028745171488,-0.22028745171488,-0.22028745171488,-0.22028745171488,-0.22028745171488,-0.22028745171488,-0.22028745171488,-0.22028745171488,-0.22028745171488,-0.22028745171488,-0.22028745171488,-0.22028745171488,-0.22028745171488,-0.22028745171488
"494",494,"female","white","yr1","Other","math01","Visual",-0.437118158734239,-0.437118158734239,-0.437118158734239,-0.437118158734239,-0.437118158734239,-0.437118158734239,-0.437118158734239,-0.437118158734239,-0.437118158734239,-0.437118158734239,-0.437118158734239,-0.437118158734239,-0.437118158734239,-0.437118158734239,-0.437118158734239,-0.437118158734239
"495",495,"female","white","yr1","STEM","stats","Visual",0.701427851420122,0.701427851420122,0.701427851420122,0.701427851420122,0.701427851420122,0.701427851420122,0.701427851420122,0.701427851420122,0.701427851420122,0.701427851420122,0.701427851420122,0.701427851420122,0.701427851420122,0.701427851420122,0.701427851420122,0.701427851420122
"496",496,"female","white","yr1","Other","math02","Kinesthetic",1.53376796776029,1.53376796776029,1.53376796776029,1.53376796776029,1.53376796776029,1.53376796776029,1.53376796776029,1.53376796776029,1.53376796776029,1.53376796776029,1.53376796776029,1.53376796776029,1.53376796776029,1.53376796776029,1.53376796776029,1.53376796776029
"497",497,"female","white","yr1","Health","stats","Kinesthetic",-0.14995243163489,-0.14995243163489,-0.14995243163489,-0.14995243163489,-0.14995243163489,-0.14995243163489,-0.14995243163489,-0.14995243163489,-0.14995243163489,-0.14995243163489,-0.14995243163489,-0.14995243163489,-0.14995243163489,-0.14995243163489,-0.14995243163489,-0.14995243163489
"498",498,"female","other","yr1","STEM","math02","Auditory",-0.258367785144569,-0.258367785144569,-0.258367785144569,-0.258367785144569,-0.258367785144569,-0.258367785144569,-0.258367785144569,-0.258367785144569,-0.258367785144569,-0.258367785144569,-0.258367785144569,-0.258367785144569,-0.258367785144569,-0.258367785144569,-0.258367785144569,-0.258367785144569
"499",499,"female","white","yr3","Health","stats","Kinesthetic",1.44439278096545,1.44439278096545,1.44439278096545,1.44439278096545,1.44439278096545,1.44439278096545,1.44439278096545,1.44439278096545,1.44439278096545,1.44439278096545,1.44439278096545,1.44439278096545,1.44439278096545,1.44439278096545,1.44439278096545,1.44439278096545
"500",500,"female","Asian","yr1","STEM","math03","Visual",1.35501759417062,1.35501759417062,1.35501759417062,1.35501759417062,1.35501759417062,1.35501759417062,1.35501759417062,1.35501759417062,1.35501759417062,1.35501759417062,1.35501759417062,1.35501759417062,1.35501759417062,1.35501759417062,1.35501759417062,1.35501759417062
"501",501,"male","other","yr5+","Business","math03","Kinesthetic",-0.102542312944781,-0.102542312944781,-0.102542312944781,-0.102542312944781,-0.102542312944781,-0.102542312944781,-0.102542312944781,-0.102542312944781,-0.102542312944781,-0.102542312944781,-0.102542312944781,-0.102542312944781,-0.102542312944781,-0.102542312944781,-0.102542312944781,-0.102542312944781
"502",502,"female","white","yr2","Other","stats","Kinesthetic",1.12537888400441,1.12537888400441,1.12537888400441,1.12537888400441,1.12537888400441,1.12537888400441,1.12537888400441,1.12537888400441,1.12537888400441,1.12537888400441,1.12537888400441,1.12537888400441,1.12537888400441,1.12537888400441,1.12537888400441,1.12537888400441
"503",503,"female","white","yr2","Other","math01","Kinesthetic",-0.663278651014018,-0.663278651014018,-0.663278651014018,-0.663278651014018,-0.663278651014018,-0.663278651014018,-0.663278651014018,-0.663278651014018,-0.663278651014018,-0.663278651014018,-0.663278651014018,-0.663278651014018,-0.663278651014018,-0.663278651014018,-0.663278651014018,-0.663278651014018
"504",504,"female","white","yr1","STEM","stats","Kinesthetic",-0.239327618429725,-0.239327618429725,-0.239327618429725,-0.239327618429725,-0.239327618429725,-0.239327618429725,-0.239327618429725,-0.239327618429725,-0.239327618429725,-0.239327618429725,-0.239327618429725,-0.239327618429725,-0.239327618429725,-0.239327618429725,-0.239327618429725,-0.239327618429725
"505",505,"female","white","yr2","STEM","math02","Visual",0.946628510414745,0.946628510414745,0.946628510414745,0.946628510414745,0.946628510414745,0.946628510414745,0.946628510414745,0.946628510414745,0.946628510414745,0.946628510414745,0.946628510414745,0.946628510414745,0.946628510414745,0.946628510414745,0.946628510414745,0.946628510414745
"506",506,"female","white","yr1","Other","math01","Visual",1.44439278096545,1.44439278096545,1.44439278096545,1.44439278096545,1.44439278096545,1.44439278096545,1.44439278096545,1.44439278096545,1.44439278096545,1.44439278096545,1.44439278096545,1.44439278096545,1.44439278096545,1.44439278096545,1.44439278096545,1.44439278096545
"507",507,"female","white","yr5+","STEM","other","Kinesthetic",0.775241089386538,0.775241089386538,0.775241089386538,0.775241089386538,0.775241089386538,0.775241089386538,0.775241089386538,0.775241089386538,0.775241089386538,0.775241089386538,0.775241089386538,0.775241089386538,0.775241089386538,0.775241089386538,0.775241089386538,0.775241089386538
"508",508,"male","white","yr2","Business","math02","Visual",-0.545533512243918,-0.545533512243918,-0.545533512243918,-0.545533512243918,-0.545533512243918,-0.545533512243918,-0.545533512243918,-0.545533512243918,-0.545533512243918,-0.545533512243918,-0.545533512243918,-0.545533512243918,-0.545533512243918,-0.545533512243918,-0.545533512243918,-0.545533512243918
"509",509,"male","white","yr2","STEM","math04","Visual",0.503637311115607,0.503637311115607,0.503637311115607,0.503637311115607,0.503637311115607,0.503637311115607,0.503637311115607,0.503637311115607,0.503637311115607,0.503637311115607,0.503637311115607,0.503637311115607,0.503637311115607,0.503637311115607,0.503637311115607,0.503637311115607
"510",510,"male","Black","yr1","STEM","stats","Kinesthetic",-0.784502007670542,-0.784502007670542,-0.784502007670542,-0.784502007670542,-0.784502007670542,-0.784502007670542,-0.784502007670542,-0.784502007670542,-0.784502007670542,-0.784502007670542,-0.784502007670542,-0.784502007670542,-0.784502007670542,-0.784502007670542,-0.784502007670542,-0.784502007670542
"511",511,"female","other","yr1","STEM","math03","Kinesthetic",-0.0415370781252103,-0.0415370781252103,-0.0415370781252103,-0.0415370781252103,-0.0415370781252103,-0.0415370781252103,-0.0415370781252103,-0.0415370781252103,-0.0415370781252103,-0.0415370781252103,-0.0415370781252103,-0.0415370781252103,-0.0415370781252103,-0.0415370781252103,-0.0415370781252103,-0.0415370781252103
"512",512,"female","white","yr1","Health","math02","Auditory",-0.682318817728862,-0.682318817728862,-0.682318817728862,-0.682318817728862,-0.682318817728862,-0.682318817728862,-0.682318817728862,-0.682318817728862,-0.682318817728862,-0.682318817728862,-0.682318817728862,-0.682318817728862,-0.682318817728862,-0.682318817728862,-0.682318817728862,-0.682318817728862
"513",513,"male","white","yr1","Business","math03","Kinesthetic",0.85725332361991,0.85725332361991,0.85725332361991,0.85725332361991,0.85725332361991,0.85725332361991,0.85725332361991,0.85725332361991,0.85725332361991,0.85725332361991,0.85725332361991,0.85725332361991,0.85725332361991,0.85725332361991,0.85725332361991,0.85725332361991
"514",514,"male","white","yr1","Other","math01","Visual",-0.892917361180222,-0.892917361180222,-0.892917361180222,-0.892917361180222,-0.892917361180222,-0.892917361180222,-0.892917361180222,-0.892917361180222,-0.892917361180222,-0.892917361180222,-0.892917361180222,-0.892917361180222,-0.892917361180222,-0.892917361180222,-0.892917361180222,-0.892917361180222
"515",515,"female","white","yr1","Business","math03","Visual",-0.0415370781252103,-0.0415370781252103,-0.0415370781252103,-0.0415370781252103,-0.0415370781252103,-0.0415370781252103,-0.0415370781252103,-0.0415370781252103,-0.0415370781252103,-0.0415370781252103,-0.0415370781252103,-0.0415370781252103,-0.0415370781252103,-0.0415370781252103,-0.0415370781252103,-0.0415370781252103
"516",516,"female","white","yr2","STEM","other","Kinesthetic",0.790803038214957,0.790803038214957,0.790803038214957,0.790803038214957,0.790803038214957,0.790803038214957,0.790803038214957,0.790803038214957,0.790803038214957,0.790803038214957,0.790803038214957,0.790803038214957,0.790803038214957,0.790803038214957,0.790803038214957,0.790803038214957
"517",517,"female","white","yr1","Business","math03","Kinesthetic",1.24660224066094,1.24660224066094,1.24660224066094,1.24660224066094,1.24660224066094,1.24660224066094,1.24660224066094,1.24660224066094,1.24660224066094,1.24660224066094,1.24660224066094,1.24660224066094,1.24660224066094,1.24660224066094,1.24660224066094,1.24660224066094
"518",518,"female","other","yr1","STEM","math02","Visual",0.366852005630664,0.366852005630664,0.366852005630664,0.366852005630664,0.366852005630664,0.366852005630664,0.366852005630664,0.366852005630664,0.366852005630664,0.366852005630664,0.366852005630664,0.366852005630664,0.366852005630664,0.366852005630664,0.366852005630664,0.366852005630664
"519",519,"female","white","yr2","Business","math03","Kinesthetic",1.53376796776029,1.53376796776029,1.53376796776029,1.53376796776029,1.53376796776029,1.53376796776029,1.53376796776029,1.53376796776029,1.53376796776029,1.53376796776029,1.53376796776029,1.53376796776029,1.53376796776029,1.53376796776029,1.53376796776029,1.53376796776029
"520",520,"female","white","yr2","Other","math01","Auditory",-0.347742971939404,-0.347742971939404,-0.347742971939404,-0.347742971939404,-0.347742971939404,-0.347742971939404,-0.347742971939404,-0.347742971939404,-0.347742971939404,-0.347742971939404,-0.347742971939404,-0.347742971939404,-0.347742971939404,-0.347742971939404,-0.347742971939404,-0.347742971939404
"521",521,"male","white","yr1","Health","stats","Auditory",-0.953922595999792,-0.953922595999792,-0.953922595999792,-0.953922595999792,-0.953922595999792,-0.953922595999792,-0.953922595999792,-0.953922595999792,-0.953922595999792,-0.953922595999792,-0.953922595999792,-0.953922595999792,-0.953922595999792,-0.953922595999792,-0.953922595999792,-0.953922595999792
"522",522,"male","white","yr1","Health","stats","Kinesthetic",-1.18008308827957,-1.18008308827957,-1.18008308827957,-1.18008308827957,-1.18008308827957,-1.18008308827957,-1.18008308827957,-1.18008308827957,-1.18008308827957,-1.18008308827957,-1.18008308827957,-1.18008308827957,-1.18008308827957,-1.18008308827957,-1.18008308827957,-1.18008308827957
"523",523,"female","Black","yr3",NA,"stats","Auditory",-0.22028745171488,-0.22028745171488,-0.22028745171488,-0.22028745171488,-0.22028745171488,-0.22028745171488,-0.22028745171488,-0.22028745171488,-0.22028745171488,-0.22028745171488,-0.22028745171488,-0.22028745171488,-0.22028745171488,-0.22028745171488,-0.22028745171488,-0.22028745171488
"524",524,"male","other","yr4","Other","math02","Kinesthetic",1.53376796776029,1.53376796776029,1.53376796776029,1.53376796776029,1.53376796776029,1.53376796776029,1.53376796776029,1.53376796776029,1.53376796776029,1.53376796776029,1.53376796776029,1.53376796776029,1.53376796776029,1.53376796776029,1.53376796776029,1.53376796776029
"525",525,"female","Asian","yr1","Other","math01","Kinesthetic",0.0478381086696247,0.0478381086696247,0.0478381086696247,0.0478381086696247,0.0478381086696247,0.0478381086696247,0.0478381086696247,0.0478381086696247,0.0478381086696247,0.0478381086696247,0.0478381086696247,0.0478381086696247,0.0478381086696247,0.0478381086696247,0.0478381086696247,0.0478381086696247
"526",526,"male","white","yr4","Other","math02","Visual",-0.366783138654248,-0.366783138654248,-0.366783138654248,-0.366783138654248,-0.366783138654248,-0.366783138654248,-0.366783138654248,-0.366783138654248,-0.366783138654248,-0.366783138654248,-0.366783138654248,-0.366783138654248,-0.366783138654248,-0.366783138654248,-0.366783138654248,-0.366783138654248
"527",527,"male","white","yr2","STEM","math02","Visual",-1.15171313630431,-1.15171313630431,-1.15171313630431,-1.15171313630431,-1.15171313630431,-1.15171313630431,-1.15171313630431,-1.15171313630431,-1.15171313630431,-1.15171313630431,-1.15171313630431,-1.15171313630431,-1.15171313630431,-1.15171313630431,-1.15171313630431,-1.15171313630431
"528",528,"female","white","yr2","Health","stats","Auditory",1.12537888400441,1.12537888400441,1.12537888400441,1.12537888400441,1.12537888400441,1.12537888400441,1.12537888400441,1.12537888400441,1.12537888400441,1.12537888400441,1.12537888400441,1.12537888400441,1.12537888400441,1.12537888400441,1.12537888400441,1.12537888400441
"529",529,"female","white","yr1","Health","stats","Kinesthetic",1.53376796776029,1.53376796776029,1.53376796776029,1.53376796776029,1.53376796776029,1.53376796776029,1.53376796776029,1.53376796776029,1.53376796776029,1.53376796776029,1.53376796776029,1.53376796776029,1.53376796776029,1.53376796776029,1.53376796776029,1.53376796776029
"530",530,"male","Black","yr3","Business","math02","Auditory",0.273998600949403,0.273998600949403,0.273998600949403,0.273998600949403,0.273998600949403,0.273998600949403,0.273998600949403,0.273998600949403,0.273998600949403,0.273998600949403,0.273998600949403,0.273998600949403,0.273998600949403,0.273998600949403,0.273998600949403,0.273998600949403
"531",531,"female","white","yr2","Other","math04","Auditory",-0.239327618429725,-0.239327618429725,-0.239327618429725,-0.239327618429725,-0.239327618429725,-0.239327618429725,-0.239327618429725,-0.239327618429725,-0.239327618429725,-0.239327618429725,-0.239327618429725,-0.239327618429725,-0.239327618429725,-0.239327618429725,-0.239327618429725,-0.239327618429725
"532",532,"female","white","yr2","STEM","math03","Kinesthetic",1.35501759417062,1.35501759417062,1.35501759417062,1.35501759417062,1.35501759417062,1.35501759417062,1.35501759417062,1.35501759417062,1.35501759417062,1.35501759417062,1.35501759417062,1.35501759417062,1.35501759417062,1.35501759417062,1.35501759417062,1.35501759417062
"533",533,"male","Asian","yr3","Business","math02","Kinesthetic",-0.239327618429725,-0.239327618429725,-0.239327618429725,-0.239327618429725,-0.239327618429725,-0.239327618429725,-0.239327618429725,-0.239327618429725,-0.239327618429725,-0.239327618429725,-0.239327618429725,-0.239327618429725,-0.239327618429725,-0.239327618429725,-0.239327618429725,-0.239327618429725
"534",534,"female","white","yr3","Other","math04","Visual",0.0952482273597333,0.0952482273597333,0.0952482273597333,0.0952482273597333,0.0952482273597333,0.0952482273597333,0.0952482273597333,0.0952482273597333,0.0952482273597333,0.0952482273597333,0.0952482273597333,0.0952482273597333,0.0952482273597333,0.0952482273597333,0.0952482273597333,0.0952482273597333
"535",535,"female","white","yr2","Health","stats","Kinesthetic",1.03600369720958,1.03600369720958,1.03600369720958,1.03600369720958,1.03600369720958,1.03600369720958,1.03600369720958,1.03600369720958,1.03600369720958,1.03600369720958,1.03600369720958,1.03600369720958,1.03600369720958,1.03600369720958,1.03600369720958,1.03600369720958
"536",536,"male","white","yr1","STEM","math04","Visual",-1.70621731080554,-1.70621731080554,-1.70621731080554,-1.70621731080554,-1.70621731080554,-1.70621731080554,-1.70621731080554,-1.70621731080554,-1.70621731080554,-1.70621731080554,-1.70621731080554,-1.70621731080554,-1.70621731080554,-1.70621731080554,-1.70621731080554,-1.70621731080554
"537",537,"female","white","yr2","Other","stats","Kinesthetic",0.0478381086696247,0.0478381086696247,0.0478381086696247,0.0478381086696247,0.0478381086696247,0.0478381086696247,0.0478381086696247,0.0478381086696247,0.0478381086696247,0.0478381086696247,0.0478381086696247,0.0478381086696247,0.0478381086696247,0.0478381086696247,0.0478381086696247,0.0478381086696247
"538",538,"female","white","yr1","STEM","math02","Visual",0.701427851420122,0.701427851420122,0.701427851420122,0.701427851420122,0.701427851420122,0.701427851420122,0.701427851420122,0.701427851420122,0.701427851420122,0.701427851420122,0.701427851420122,0.701427851420122,0.701427851420122,0.701427851420122,0.701427851420122,0.701427851420122
"539",539,NA,"white","yr2","Health","stats","Visual",-0.14995243163489,-0.14995243163489,-0.14995243163489,-0.14995243163489,-0.14995243163489,-0.14995243163489,-0.14995243163489,-0.14995243163489,-0.14995243163489,-0.14995243163489,-0.14995243163489,-0.14995243163489,-0.14995243163489,-0.14995243163489,-0.14995243163489,-0.14995243163489
"540",540,"female","white","yr3","Other","stats","Kinesthetic",0.701427851420122,0.701427851420122,0.701427851420122,0.701427851420122,0.701427851420122,0.701427851420122,0.701427851420122,0.701427851420122,0.701427851420122,0.701427851420122,0.701427851420122,0.701427851420122,0.701427851420122,0.701427851420122,0.701427851420122,0.701427851420122
"541",541,"female","white","yr1","Health","math02","Visual",0.197431417301414,0.197431417301414,0.197431417301414,0.197431417301414,0.197431417301414,0.197431417301414,0.197431417301414,0.197431417301414,0.197431417301414,0.197431417301414,0.197431417301414,0.197431417301414,0.197431417301414,0.197431417301414,0.197431417301414,0.197431417301414
"542",542,"female","white","yr1","STEM","math04","Auditory",-0.14995243163489,-0.14995243163489,-0.14995243163489,-0.14995243163489,-0.14995243163489,-0.14995243163489,-0.14995243163489,-0.14995243163489,-0.14995243163489,-0.14995243163489,-0.14995243163489,-0.14995243163489,-0.14995243163489,-0.14995243163489,-0.14995243163489,-0.14995243163489
"543",543,"female","white","yr2","Business","math02","Auditory",-2.2292539116391,-2.2292539116391,-2.2292539116391,-2.2292539116391,-2.2292539116391,-2.2292539116391,-2.2292539116391,-2.2292539116391,-2.2292539116391,-2.2292539116391,-2.2292539116391,-2.2292539116391,-2.2292539116391,-2.2292539116391,-2.2292539116391,-2.2292539116391
"544",544,"female","white","yr1","STEM","math03","Kinesthetic",0.612052664625287,0.612052664625287,0.612052664625287,0.612052664625287,0.612052664625287,0.612052664625287,0.612052664625287,0.612052664625287,0.612052664625287,0.612052664625287,0.612052664625287,0.612052664625287,0.612052664625287,0.612052664625287,0.612052664625287,0.612052664625287
"545",545,"female","white","yr3","Health","stats","Visual",-0.102542312944781,-0.102542312944781,-0.102542312944781,-0.102542312944781,-0.102542312944781,-0.102542312944781,-0.102542312944781,-0.102542312944781,-0.102542312944781,-0.102542312944781,-0.102542312944781,-0.102542312944781,-0.102542312944781,-0.102542312944781,-0.102542312944781,-0.102542312944781
"546",546,"female","white","yr1","Other","math02","Kinesthetic",-0.239327618429725,-0.239327618429725,-0.239327618429725,-0.239327618429725,-0.239327618429725,-0.239327618429725,-0.239327618429725,-0.239327618429725,-0.239327618429725,-0.239327618429725,-0.239327618429725,-0.239327618429725,-0.239327618429725,-0.239327618429725,-0.239327618429725,-0.239327618429725
"547",547,"male","Black","yr3","STEM","stats","Visual",1.53376796776029,1.53376796776029,1.53376796776029,1.53376796776029,1.53376796776029,1.53376796776029,1.53376796776029,1.53376796776029,1.53376796776029,1.53376796776029,1.53376796776029,1.53376796776029,1.53376796776029,1.53376796776029,1.53376796776029,1.53376796776029
"548",548,"female","white","yr1","Other","stats","Visual",-1.10974806819958,-1.10974806819958,-1.10974806819958,-1.10974806819958,-1.10974806819958,-1.10974806819958,-1.10974806819958,-1.10974806819958,-1.10974806819958,-1.10974806819958,-1.10974806819958,-1.10974806819958,-1.10974806819958,-1.10974806819958,-1.10974806819958,-1.10974806819958
"549",549,"female","white","yr1","STEM","stats","Auditory",-0.286737737119833,-0.286737737119833,-0.286737737119833,-0.286737737119833,-0.286737737119833,-0.286737737119833,-0.286737737119833,-0.286737737119833,-0.286737737119833,-0.286737737119833,-0.286737737119833,-0.286737737119833,-0.286737737119833,-0.286737737119833,-0.286737737119833,-0.286737737119833
"550",550,"female","Black","yr3","Other","math04","Visual",0.775241089386538,0.775241089386538,0.775241089386538,0.775241089386538,0.775241089386538,0.775241089386538,0.775241089386538,0.775241089386538,0.775241089386538,0.775241089386538,0.775241089386538,0.775241089386538,0.775241089386538,0.775241089386538,0.775241089386538,0.775241089386538
"551",551,"female","white","yr2","Other","stats","Kinesthetic",1.00140158166632,1.00140158166632,1.00140158166632,1.00140158166632,1.00140158166632,1.00140158166632,1.00140158166632,1.00140158166632,1.00140158166632,1.00140158166632,1.00140158166632,1.00140158166632,1.00140158166632,1.00140158166632,1.00140158166632,1.00140158166632
"552",552,"male","white","yr2","Health","stats","Visual",-0.456158325449083,-0.456158325449083,-0.456158325449083,-0.456158325449083,-0.456158325449083,-0.456158325449083,-0.456158325449083,-0.456158325449083,-0.456158325449083,-0.456158325449083,-0.456158325449083,-0.456158325449083,-0.456158325449083,-0.456158325449083,-0.456158325449083,-0.456158325449083
"553",553,"male","Black","yr1","Business","math03","Auditory",-1.18008308827957,-1.18008308827957,-1.18008308827957,-1.18008308827957,-1.18008308827957,-1.18008308827957,-1.18008308827957,-1.18008308827957,-1.18008308827957,-1.18008308827957,-1.18008308827957,-1.18008308827957,-1.18008308827957,-1.18008308827957,-1.18008308827957,-1.18008308827957
"554",554,"female","other","yr2","STEM","stats","Auditory",0.076208060644889,0.076208060644889,0.076208060644889,0.076208060644889,0.076208060644889,0.076208060644889,0.076208060644889,0.076208060644889,0.076208060644889,0.076208060644889,0.076208060644889,0.076208060644889,0.076208060644889,0.076208060644889,0.076208060644889,0.076208060644889
"555",555,"female","white","yr3","Other","math04","Kinesthetic",-0.892917361180222,-0.892917361180222,-0.892917361180222,-0.892917361180222,-0.892917361180222,-0.892917361180222,-0.892917361180222,-0.892917361180222,-0.892917361180222,-0.892917361180222,-0.892917361180222,-0.892917361180222,-0.892917361180222,-0.892917361180222,-0.892917361180222,-0.892917361180222
"556",556,"female","white","yr2","Other","math01","Auditory",-0.22028745171488,-0.22028745171488,-0.22028745171488,-0.22028745171488,-0.22028745171488,-0.22028745171488,-0.22028745171488,-0.22028745171488,-0.22028745171488,-0.22028745171488,-0.22028745171488,-0.22028745171488,-0.22028745171488,-0.22028745171488,-0.22028745171488,-0.22028745171488
"557",557,"female","Asian","yr1","Other","math01","Auditory",0.293038767664248,0.293038767664248,0.293038767664248,0.293038767664248,0.293038767664248,0.293038767664248,0.293038767664248,0.293038767664248,0.293038767664248,0.293038767664248,0.293038767664248,0.293038767664248,0.293038767664248,0.293038767664248,0.293038767664248,0.293038767664248
"558",558,"male","white","yr3","Other","math02","Kinesthetic",1.12537888400441,1.12537888400441,1.12537888400441,1.12537888400441,1.12537888400441,1.12537888400441,1.12537888400441,1.12537888400441,1.12537888400441,1.12537888400441,1.12537888400441,1.12537888400441,1.12537888400441,1.12537888400441,1.12537888400441,1.12537888400441
"559",559,"male","white","yr1","Other","stats","Visual",0.612052664625287,0.612052664625287,0.612052664625287,0.612052664625287,0.612052664625287,0.612052664625287,0.612052664625287,0.612052664625287,0.612052664625287,0.612052664625287,0.612052664625287,0.612052664625287,0.612052664625287,0.612052664625287,0.612052664625287,0.612052664625287
"560",560,"male","white","yr2","STEM","math04","Visual",0.838213156905065,0.838213156905065,0.838213156905065,0.838213156905065,0.838213156905065,0.838213156905065,0.838213156905065,0.838213156905065,0.838213156905065,0.838213156905065,0.838213156905065,0.838213156905065,0.838213156905065,0.838213156905065,0.838213156905065,0.838213156905065
"561",561,"male","white","yr1","Business","math03","Kinesthetic",-0.873877194465377,-0.873877194465377,-0.873877194465377,-0.873877194465377,-0.873877194465377,-0.873877194465377,-0.873877194465377,-0.873877194465377,-0.873877194465377,-0.873877194465377,-0.873877194465377,-0.873877194465377,-0.873877194465377,-0.873877194465377,-0.873877194465377,-0.873877194465377
"562",562,"male","other","yr1","STEM","stats","Visual",-0.121582479659625,-0.121582479659625,-0.121582479659625,-0.121582479659625,-0.121582479659625,-0.121582479659625,-0.121582479659625,-0.121582479659625,-0.121582479659625,-0.121582479659625,-0.121582479659625,-0.121582479659625,-0.121582479659625,-0.121582479659625,-0.121582479659625,-0.121582479659625
"563",563,"male","white","yr1","Business","math03","Visual",0.258436652120984,0.258436652120984,0.258436652120984,0.258436652120984,0.258436652120984,0.258436652120984,0.258436652120984,0.258436652120984,0.258436652120984,0.258436652120984,0.258436652120984,0.258436652120984,0.258436652120984,0.258436652120984,0.258436652120984,0.258436652120984
"564",564,"female","white","yr2","STEM","math03","Visual",-0.695126820875707,-0.695126820875707,-0.695126820875707,-0.695126820875707,-0.695126820875707,-0.695126820875707,-0.695126820875707,-0.695126820875707,-0.695126820875707,-0.695126820875707,-0.695126820875707,-0.695126820875707,-0.695126820875707,-0.695126820875707,-0.695126820875707,-0.695126820875707
"565",565,"male","Black","yr3","STEM","math03","Auditory",-1.71244947437354,-1.71244947437354,-1.71244947437354,-1.71244947437354,-1.71244947437354,-1.71244947437354,-1.71244947437354,-1.71244947437354,-1.71244947437354,-1.71244947437354,-1.71244947437354,-1.71244947437354,-1.71244947437354,-1.71244947437354,-1.71244947437354,-1.71244947437354
"566",566,"female","other","yr2","Other","math04","Auditory",0.277476818835829,0.277476818835829,0.277476818835829,0.277476818835829,0.277476818835829,0.277476818835829,0.277476818835829,0.277476818835829,0.277476818835829,0.277476818835829,0.277476818835829,0.277476818835829,0.277476818835829,0.277476818835829,0.277476818835829,0.277476818835829
"567",567,"male","Black","yr1","Other","math02","Auditory",1.35501759417062,1.35501759417062,1.35501759417062,1.35501759417062,1.35501759417062,1.35501759417062,1.35501759417062,1.35501759417062,1.35501759417062,1.35501759417062,1.35501759417062,1.35501759417062,1.35501759417062,1.35501759417062,1.35501759417062,1.35501759417062
"568",568,"male","white","yr3","STEM","math04","Kinesthetic",-0.666756868900443,-0.666756868900443,-0.666756868900443,-0.666756868900443,-0.666756868900443,-0.666756868900443,-0.666756868900443,-0.666756868900443,-0.666756868900443,-0.666756868900443,-0.666756868900443,-0.666756868900443,-0.666756868900443,-0.666756868900443,-0.666756868900443,-0.666756868900443
"569",569,"female","white","yr1","Other","math04","Kinesthetic",0.0796862785313143,0.0796862785313143,0.0796862785313143,0.0796862785313143,0.0796862785313143,0.0796862785313143,0.0796862785313143,0.0796862785313143,0.0796862785313143,0.0796862785313143,0.0796862785313143,0.0796862785313143,0.0796862785313143,0.0796862785313143,0.0796862785313143,0.0796862785313143
"570",570,"male","white","yr1","Other","math01","Visual",-0.963252381260212,-0.963252381260212,-0.963252381260212,-0.963252381260212,-0.963252381260212,-0.963252381260212,-0.963252381260212,-0.963252381260212,-0.963252381260212,-0.963252381260212,-0.963252381260212,-0.963252381260212,-0.963252381260212,-0.963252381260212,-0.963252381260212,-0.963252381260212
"571",571,"female","white","yr2","Other","math02","Visual",-0.0415370781252103,-0.0415370781252103,-0.0415370781252103,-0.0415370781252103,-0.0415370781252103,-0.0415370781252103,-0.0415370781252103,-0.0415370781252103,-0.0415370781252103,-0.0415370781252103,-0.0415370781252103,-0.0415370781252103,-0.0415370781252103,-0.0415370781252103,-0.0415370781252103,-0.0415370781252103
"572",572,"female","other","yr1","STEM","stats","Kinesthetic",1.53376796776029,1.53376796776029,1.53376796776029,1.53376796776029,1.53376796776029,1.53376796776029,1.53376796776029,1.53376796776029,1.53376796776029,1.53376796776029,1.53376796776029,1.53376796776029,1.53376796776029,1.53376796776029,1.53376796776029,1.53376796776029
"573",573,"female","white","yr1","Other","math03","Kinesthetic",-0.0415370781252103,-0.0415370781252103,-0.0415370781252103,-0.0415370781252103,-0.0415370781252103,-0.0415370781252103,-0.0415370781252103,-0.0415370781252103,-0.0415370781252103,-0.0415370781252103,-0.0415370781252103,-0.0415370781252103,-0.0415370781252103,-0.0415370781252103,-0.0415370781252103,-0.0415370781252103
"574",574,"male","white","yr1","STEM","math03","Visual",-0.663278651014018,-0.663278651014018,-0.663278651014018,-0.663278651014018,-0.663278651014018,-0.663278651014018,-0.663278651014018,-0.663278651014018,-0.663278651014018,-0.663278651014018,-0.663278651014018,-0.663278651014018,-0.663278651014018,-0.663278651014018,-0.663278651014018,-0.663278651014018
"575",575,"female","white","yr1","Other","math02","Kinesthetic",1.53376796776029,1.53376796776029,1.53376796776029,1.53376796776029,1.53376796776029,1.53376796776029,1.53376796776029,1.53376796776029,1.53376796776029,1.53376796776029,1.53376796776029,1.53376796776029,1.53376796776029,1.53376796776029,1.53376796776029,1.53376796776029
"576",576,"male","white","yr1","Business","math02","Auditory",-0.817137290514849,-0.817137290514849,-0.817137290514849,-0.817137290514849,-0.817137290514849,-0.817137290514849,-0.817137290514849,-0.817137290514849,-0.817137290514849,-0.817137290514849,-0.817137290514849,-0.817137290514849,-0.817137290514849,-0.817137290514849,-0.817137290514849,-0.817137290514849
"577",577,"female","white","yr1","STEM","math01","Auditory",0.790803038214957,0.790803038214957,0.790803038214957,0.790803038214957,0.790803038214957,0.790803038214957,0.790803038214957,0.790803038214957,0.790803038214957,0.790803038214957,0.790803038214957,0.790803038214957,0.790803038214957,0.790803038214957,0.790803038214957,0.790803038214957
"578",578,"female","white","yr1","STEM","math01","Auditory",-0.545533512243918,-0.545533512243918,-0.545533512243918,-0.545533512243918,-0.545533512243918,-0.545533512243918,-0.545533512243918,-0.545533512243918,-0.545533512243918,-0.545533512243918,-0.545533512243918,-0.545533512243918,-0.545533512243918,-0.545533512243918,-0.545533512243918,-0.545533512243918
"579",579,"female","white","yr1","Health","stats","Kinesthetic",-0.22028745171488,-0.22028745171488,-0.22028745171488,-0.22028745171488,-0.22028745171488,-0.22028745171488,-0.22028745171488,-0.22028745171488,-0.22028745171488,-0.22028745171488,-0.22028745171488,-0.22028745171488,-0.22028745171488,-0.22028745171488,-0.22028745171488,-0.22028745171488
"580",580,"female","white","yr2","Health","stats","Kinesthetic",-0.978814330088631,-0.978814330088631,-0.978814330088631,-0.978814330088631,-0.978814330088631,-0.978814330088631,-0.978814330088631,-0.978814330088631,-0.978814330088631,-0.978814330088631,-0.978814330088631,-0.978814330088631,-0.978814330088631,-0.978814330088631,-0.978814330088631,-0.978814330088631
"581",581,"male","other","yr1","Business","math02","Auditory",1.53376796776029,1.53376796776029,1.53376796776029,1.53376796776029,1.53376796776029,1.53376796776029,1.53376796776029,1.53376796776029,1.53376796776029,1.53376796776029,1.53376796776029,1.53376796776029,1.53376796776029,1.53376796776029,1.53376796776029,1.53376796776029
"582",582,"female","white","yr1","Other","math01","Kinesthetic",1.01696353049474,1.01696353049474,1.01696353049474,1.01696353049474,1.01696353049474,1.01696353049474,1.01696353049474,1.01696353049474,1.01696353049474,1.01696353049474,1.01696353049474,1.01696353049474,1.01696353049474,1.01696353049474,1.01696353049474,1.01696353049474
"583",583,"female","white","yr2","Other","math02","Kinesthetic",0.203663580869413,0.203663580869413,0.203663580869413,0.203663580869413,0.203663580869413,0.203663580869413,0.203663580869413,0.203663580869413,0.203663580869413,0.203663580869413,0.203663580869413,0.203663580869413,0.203663580869413,0.203663580869413,0.203663580869413,0.203663580869413
"584",584,"male","white","yr1","Other","math01","Auditory",-2.2292539116391,-2.2292539116391,-2.2292539116391,-2.2292539116391,-2.2292539116391,-2.2292539116391,-2.2292539116391,-2.2292539116391,-2.2292539116391,-2.2292539116391,-2.2292539116391,-2.2292539116391,-2.2292539116391,-2.2292539116391,-2.2292539116391,-2.2292539116391
"585",585,"female","white","yr3","Business","math03","Auditory",1.22756207394609,1.22756207394609,1.22756207394609,1.22756207394609,1.22756207394609,1.22756207394609,1.22756207394609,1.22756207394609,1.22756207394609,1.22756207394609,1.22756207394609,1.22756207394609,1.22756207394609,1.22756207394609,1.22756207394609,1.22756207394609
"586",586,"female","white","yr2","Health","stats","Visual",0.169061465326149,0.169061465326149,0.169061465326149,0.169061465326149,0.169061465326149,0.169061465326149,0.169061465326149,0.169061465326149,0.169061465326149,0.169061465326149,0.169061465326149,0.169061465326149,0.169061465326149,0.169061465326149,0.169061465326149,0.169061465326149
"587",587,"female","white","yr1","STEM","math03","Kinesthetic",-0.121582479659625,-0.121582479659625,-0.121582479659625,-0.121582479659625,-0.121582479659625,-0.121582479659625,-0.121582479659625,-0.121582479659625,-0.121582479659625,-0.121582479659625,-0.121582479659625,-0.121582479659625,-0.121582479659625,-0.121582479659625,-0.121582479659625,-0.121582479659625
"588",588,"female","white","yr1","STEM","math03","Kinesthetic",-0.130912264920045,-0.130912264920045,-0.130912264920045,-0.130912264920045,-0.130912264920045,-0.130912264920045,-0.130912264920045,-0.130912264920045,-0.130912264920045,-0.130912264920045,-0.130912264920045,-0.130912264920045,-0.130912264920045,-0.130912264920045,-0.130912264920045,-0.130912264920045
"589",589,"female","white","yr1","Business","math03","Auditory",-1.51465893406903,-1.51465893406903,-1.51465893406903,-1.51465893406903,-1.51465893406903,-1.51465893406903,-1.51465893406903,-1.51465893406903,-1.51465893406903,-1.51465893406903,-1.51465893406903,-1.51465893406903,-1.51465893406903,-1.51465893406903,-1.51465893406903,-1.51465893406903
"590",590,"female","Black","yr2","STEM","math03","Visual",1.53376796776029,1.53376796776029,1.53376796776029,1.53376796776029,1.53376796776029,1.53376796776029,1.53376796776029,1.53376796776029,1.53376796776029,1.53376796776029,1.53376796776029,1.53376796776029,1.53376796776029,1.53376796776029,1.53376796776029,1.53376796776029
"591",591,"female","white","yr3","Other","math04","Visual",-0.360550975086249,-0.360550975086249,-0.360550975086249,-0.360550975086249,-0.360550975086249,-0.360550975086249,-0.360550975086249,-0.360550975086249,-0.360550975086249,-0.360550975086249,-0.360550975086249,-0.360550975086249,-0.360550975086249,-0.360550975086249,-0.360550975086249,-0.360550975086249
"592",592,"female","white","yr2","Business","math03","Kinesthetic",0.775241089386538,0.775241089386538,0.775241089386538,0.775241089386538,0.775241089386538,0.775241089386538,0.775241089386538,0.775241089386538,0.775241089386538,0.775241089386538,0.775241089386538,0.775241089386538,0.775241089386538,0.775241089386538,0.775241089386538,0.775241089386538
"593",593,"female","white","yr1","Business","math03","Visual",0.293038767664248,0.293038767664248,0.293038767664248,0.293038767664248,0.293038767664248,0.293038767664248,0.293038767664248,0.293038767664248,0.293038767664248,0.293038767664248,0.293038767664248,0.293038767664248,0.293038767664248,0.293038767664248,0.293038767664248,0.293038767664248
"594",594,"female","white","yr2","Other","math02","Visual",1.53376796776029,1.53376796776029,1.53376796776029,1.53376796776029,1.53376796776029,1.53376796776029,1.53376796776029,1.53376796776029,1.53376796776029,1.53376796776029,1.53376796776029,1.53376796776029,1.53376796776029,1.53376796776029,1.53376796776029,1.53376796776029
"595",595,"female","white","yr2","STEM","stats","Visual",0.701427851420122,0.701427851420122,0.701427851420122,0.701427851420122,0.701427851420122,0.701427851420122,0.701427851420122,0.701427851420122,0.701427851420122,0.701427851420122,0.701427851420122,0.701427851420122,0.701427851420122,0.701427851420122,0.701427851420122,0.701427851420122
"596",596,"female","white","yr1","Health","stats","Kinesthetic",1.06785186707127,1.06785186707127,1.06785186707127,1.06785186707127,1.06785186707127,1.06785186707127,1.06785186707127,1.06785186707127,1.06785186707127,1.06785186707127,1.06785186707127,1.06785186707127,1.06785186707127,1.06785186707127,1.06785186707127,1.06785186707127
"597",597,"female","white","yr1","STEM","math02","Visual",1.12537888400441,1.12537888400441,1.12537888400441,1.12537888400441,1.12537888400441,1.12537888400441,1.12537888400441,1.12537888400441,1.12537888400441,1.12537888400441,1.12537888400441,1.12537888400441,1.12537888400441,1.12537888400441,1.12537888400441,1.12537888400441
"598",598,"female","other","yr1","STEM","stats","Kinesthetic",-2.03146337133458,-2.03146337133458,-2.03146337133458,-2.03146337133458,-2.03146337133458,-2.03146337133458,-2.03146337133458,-2.03146337133458,-2.03146337133458,-2.03146337133458,-2.03146337133458,-2.03146337133458,-2.03146337133458,-2.03146337133458,-2.03146337133458,-2.03146337133458
"599",599,"female","other","yr1","Other","math01","Kinesthetic",1.44439278096545,1.44439278096545,1.44439278096545,1.44439278096545,1.44439278096545,1.44439278096545,1.44439278096545,1.44439278096545,1.44439278096545,1.44439278096545,1.44439278096545,1.44439278096545,1.44439278096545,1.44439278096545,1.44439278096545,1.44439278096545
"600",600,"female","white","yr1","Other","math01","Visual",1.53376796776029,1.53376796776029,1.53376796776029,1.53376796776029,1.53376796776029,1.53376796776029,1.53376796776029,1.53376796776029,1.53376796776029,1.53376796776029,1.53376796776029,1.53376796776029,1.53376796776029,1.53376796776029,1.53376796776029,1.53376796776029
"601",601,"female","Asian","yr1","STEM","math03","Visual",-0.526493345529074,-0.526493345529074,-0.526493345529074,-0.526493345529074,-0.526493345529074,-0.526493345529074,-0.526493345529074,-0.526493345529074,-0.526493345529074,-0.526493345529074,-0.526493345529074,-0.526493345529074,-0.526493345529074,-0.526493345529074,-0.526493345529074,-0.526493345529074
"602",602,"male","white","yr1","Other","math02","Visual",-0.663278651014018,-0.663278651014018,-0.663278651014018,-0.663278651014018,-0.663278651014018,-0.663278651014018,-0.663278651014018,-0.663278651014018,-0.663278651014018,-0.663278651014018,-0.663278651014018,-0.663278651014018,-0.663278651014018,-0.663278651014018,-0.663278651014018,-0.663278651014018
"603",603,"male","white","yr1","STEM","math04","Auditory",0.74883797011023,0.74883797011023,0.74883797011023,0.74883797011023,0.74883797011023,0.74883797011023,0.74883797011023,0.74883797011023,0.74883797011023,0.74883797011023,0.74883797011023,0.74883797011023,0.74883797011023,0.74883797011023,0.74883797011023,0.74883797011023
"604",604,"male","white","yr2","Business","math03","Visual",-0.347742971939404,-0.347742971939404,-0.347742971939404,-0.347742971939404,-0.347742971939404,-0.347742971939404,-0.347742971939404,-0.347742971939404,-0.347742971939404,-0.347742971939404,-0.347742971939404,-0.347742971939404,-0.347742971939404,-0.347742971939404,-0.347742971939404,-0.347742971939404
"605",605,"male","white","yr3","Business","stats","Kinesthetic",-0.752653837808853,-0.752653837808853,-0.752653837808853,-0.752653837808853,-0.752653837808853,-0.752653837808853,-0.752653837808853,-0.752653837808853,-0.752653837808853,-0.752653837808853,-0.752653837808853,-0.752653837808853,-0.752653837808853,-0.752653837808853,-0.752653837808853,-0.752653837808853
"606",606,"female","white","yr2","STEM","math04","Visual",-0.32870280522456,-0.32870280522456,-0.32870280522456,-0.32870280522456,-0.32870280522456,-0.32870280522456,-0.32870280522456,-0.32870280522456,-0.32870280522456,-0.32870280522456,-0.32870280522456,-0.32870280522456,-0.32870280522456,-0.32870280522456,-0.32870280522456,-0.32870280522456
"607",607,"female","white","yr5+","STEM","math04","Auditory",1.53376796776029,1.53376796776029,1.53376796776029,1.53376796776029,1.53376796776029,1.53376796776029,1.53376796776029,1.53376796776029,1.53376796776029,1.53376796776029,1.53376796776029,1.53376796776029,1.53376796776029,1.53376796776029,1.53376796776029,1.53376796776029
"608",608,"female","white","yr1","Other","math01","Kinesthetic",-0.892917361180222,-0.892917361180222,-0.892917361180222,-0.892917361180222,-0.892917361180222,-0.892917361180222,-0.892917361180222,-0.892917361180222,-0.892917361180222,-0.892917361180222,-0.892917361180222,-0.892917361180222,-0.892917361180222,-0.892917361180222,-0.892917361180222,-0.892917361180222
"609",609,"male","white","yr2","Business","math02","Kinesthetic",0.366852005630664,0.366852005630664,0.366852005630664,0.366852005630664,0.366852005630664,0.366852005630664,0.366852005630664,0.366852005630664,0.366852005630664,0.366852005630664,0.366852005630664,0.366852005630664,0.366852005630664,0.366852005630664,0.366852005630664,0.366852005630664
"610",610,"female","white","yr3","Other","math04","Visual",-0.0415370781252103,-0.0415370781252103,-0.0415370781252103,-0.0415370781252103,-0.0415370781252103,-0.0415370781252103,-0.0415370781252103,-0.0415370781252103,-0.0415370781252103,-0.0415370781252103,-0.0415370781252103,-0.0415370781252103,-0.0415370781252103,-0.0415370781252103,-0.0415370781252103,-0.0415370781252103
"611",611,"female","white","yr1","STEM","math02","Visual",1.22756207394609,1.22756207394609,1.22756207394609,1.22756207394609,1.22756207394609,1.22756207394609,1.22756207394609,1.22756207394609,1.22756207394609,1.22756207394609,1.22756207394609,1.22756207394609,1.22756207394609,1.22756207394609,1.22756207394609,1.22756207394609
"612",612,"male","white","yr1","Business","math03","Visual",-1.18008308827957,-1.18008308827957,-1.18008308827957,-1.18008308827957,-1.18008308827957,-1.18008308827957,-1.18008308827957,-1.18008308827957,-1.18008308827957,-1.18008308827957,-1.18008308827957,-1.18008308827957,-1.18008308827957,-1.18008308827957,-1.18008308827957,-1.18008308827957
"613",613,"female","other","yr3","Other","math01","Visual",1.53376796776029,1.53376796776029,1.53376796776029,1.53376796776029,1.53376796776029,1.53376796776029,1.53376796776029,1.53376796776029,1.53376796776029,1.53376796776029,1.53376796776029,1.53376796776029,1.53376796776029,1.53376796776029,1.53376796776029,1.53376796776029
"614",614,"female","white","yr3","STEM","math03","Visual",1.53376796776029,1.53376796776029,1.53376796776029,1.53376796776029,1.53376796776029,1.53376796776029,1.53376796776029,1.53376796776029,1.53376796776029,1.53376796776029,1.53376796776029,1.53376796776029,1.53376796776029,1.53376796776029,1.53376796776029,1.53376796776029
"615",615,"female","white","yr1","Other","math01","Visual",-0.130912264920045,-0.130912264920045,-0.130912264920045,-0.130912264920045,-0.130912264920045,-0.130912264920045,-0.130912264920045,-0.130912264920045,-0.130912264920045,-0.130912264920045,-0.130912264920045,-0.130912264920045,-0.130912264920045,-0.130912264920045,-0.130912264920045,-0.130912264920045
"616",616,"female","white","yr2","STEM","math02","Auditory",0.946628510414745,0.946628510414745,0.946628510414745,0.946628510414745,0.946628510414745,0.946628510414745,0.946628510414745,0.946628510414745,0.946628510414745,0.946628510414745,0.946628510414745,0.946628510414745,0.946628510414745,0.946628510414745,0.946628510414745,0.946628510414745
"617",617,"female","white","yr1","Business","math03","Kinesthetic",0.293038767664248,0.293038767664248,0.293038767664248,0.293038767664248,0.293038767664248,0.293038767664248,0.293038767664248,0.293038767664248,0.293038767664248,0.293038767664248,0.293038767664248,0.293038767664248,0.293038767664248,0.293038767664248,0.293038767664248,0.293038767664248
"618",618,"female","white","yr2","STEM","math04","Kinesthetic",0.716989800248541,0.716989800248541,0.716989800248541,0.716989800248541,0.716989800248541,0.716989800248541,0.716989800248541,0.716989800248541,0.716989800248541,0.716989800248541,0.716989800248541,0.716989800248541,0.716989800248541,0.716989800248541,0.716989800248541,0.716989800248541
"619",619,"female","Black","yr2","Business","math01","Auditory",1.42535261425061,1.42535261425061,1.42535261425061,1.42535261425061,1.42535261425061,1.42535261425061,1.42535261425061,1.42535261425061,1.42535261425061,1.42535261425061,1.42535261425061,1.42535261425061,1.42535261425061,1.42535261425061,1.42535261425061,1.42535261425061
"620",620,"female","white","yr2","Business","math03","Kinesthetic",1.35501759417062,1.35501759417062,1.35501759417062,1.35501759417062,1.35501759417062,1.35501759417062,1.35501759417062,1.35501759417062,1.35501759417062,1.35501759417062,1.35501759417062,1.35501759417062,1.35501759417062,1.35501759417062,1.35501759417062,1.35501759417062
"621",621,"male","white","yr1","STEM","stats","Visual",-0.666756868900443,-0.666756868900443,-0.666756868900443,-0.666756868900443,-0.666756868900443,-0.666756868900443,-0.666756868900443,-0.666756868900443,-0.666756868900443,-0.666756868900443,-0.666756868900443,-0.666756868900443,-0.666756868900443,-0.666756868900443,-0.666756868900443,-0.666756868900443
"622",622,"male","other","yr1","STEM","math03","Visual",-0.204725502886461,-0.204725502886461,-0.204725502886461,-0.204725502886461,-0.204725502886461,-0.204725502886461,-0.204725502886461,-0.204725502886461,-0.204725502886461,-0.204725502886461,-0.204725502886461,-0.204725502886461,-0.204725502886461,-0.204725502886461,-0.204725502886461,-0.204725502886461
"623",623,"male","white","yr2","Other","stats","Auditory",0.395221957605928,0.395221957605928,0.395221957605928,0.395221957605928,0.395221957605928,0.395221957605928,0.395221957605928,0.395221957605928,0.395221957605928,0.395221957605928,0.395221957605928,0.395221957605928,0.395221957605928,0.395221957605928,0.395221957605928,0.395221957605928
"624",624,"female","white","yr2","STEM","math04","Visual",-0.14995243163489,-0.14995243163489,-0.14995243163489,-0.14995243163489,-0.14995243163489,-0.14995243163489,-0.14995243163489,-0.14995243163489,-0.14995243163489,-0.14995243163489,-0.14995243163489,-0.14995243163489,-0.14995243163489,-0.14995243163489,-0.14995243163489,-0.14995243163489
"625",625,"male","white","yr3","Business","math02","Visual",0.277476818835829,0.277476818835829,0.277476818835829,0.277476818835829,0.277476818835829,0.277476818835829,0.277476818835829,0.277476818835829,0.277476818835829,0.277476818835829,0.277476818835829,0.277476818835829,0.277476818835829,0.277476818835829,0.277476818835829,0.277476818835829
"626",626,"female","white","yr1","Health","math02","Visual",1.03600369720958,1.03600369720958,1.03600369720958,1.03600369720958,1.03600369720958,1.03600369720958,1.03600369720958,1.03600369720958,1.03600369720958,1.03600369720958,1.03600369720958,1.03600369720958,1.03600369720958,1.03600369720958,1.03600369720958,1.03600369720958
"627",627,"male","white","yr1","Business","math02","Visual",1.42535261425061,1.42535261425061,1.42535261425061,1.42535261425061,1.42535261425061,1.42535261425061,1.42535261425061,1.42535261425061,1.42535261425061,1.42535261425061,1.42535261425061,1.42535261425061,1.42535261425061,1.42535261425061,1.42535261425061,1.42535261425061
"628",628,"male","white","yr1","STEM","math04","Kinesthetic",-0.861069191318532,-0.861069191318532,-0.861069191318532,-0.861069191318532,-0.861069191318532,-0.861069191318532,-0.861069191318532,-0.861069191318532,-0.861069191318532,-0.861069191318532,-0.861069191318532,-0.861069191318532,-0.861069191318532,-0.861069191318532,-0.861069191318532,-0.861069191318532
"629",629,"female","white","yr1","Other","math01","Auditory",1.53376796776029,1.53376796776029,1.53376796776029,1.53376796776029,1.53376796776029,1.53376796776029,1.53376796776029,1.53376796776029,1.53376796776029,1.53376796776029,1.53376796776029,1.53376796776029,1.53376796776029,1.53376796776029,1.53376796776029,1.53376796776029
"630",630,"female","white","yr1","STEM","math02","Auditory",-1.18008308827957,-1.18008308827957,-1.18008308827957,-1.18008308827957,-1.18008308827957,-1.18008308827957,-1.18008308827957,-1.18008308827957,-1.18008308827957,-1.18008308827957,-1.18008308827957,-1.18008308827957,-1.18008308827957,-1.18008308827957,-1.18008308827957,-1.18008308827957
"631",631,"female","white","yr2","Business","math02","Kinesthetic",-0.130912264920045,-0.130912264920045,-0.130912264920045,-0.130912264920045,-0.130912264920045,-0.130912264920045,-0.130912264920045,-0.130912264920045,-0.130912264920045,-0.130912264920045,-0.130912264920045,-0.130912264920045,-0.130912264920045,-0.130912264920045,-0.130912264920045,-0.130912264920045
"632",632,"male","other","yr5+","STEM","math04","Visual",1.53376796776029,1.53376796776029,1.53376796776029,1.53376796776029,1.53376796776029,1.53376796776029,1.53376796776029,1.53376796776029,1.53376796776029,1.53376796776029,1.53376796776029,1.53376796776029,1.53376796776029,1.53376796776029,1.53376796776029,1.53376796776029
"633",633,"male","white","yr3","Business","math03","Auditory",0.9275883436999,0.9275883436999,0.9275883436999,0.9275883436999,0.9275883436999,0.9275883436999,0.9275883436999,0.9275883436999,0.9275883436999,0.9275883436999,0.9275883436999,0.9275883436999,0.9275883436999,0.9275883436999,0.9275883436999,0.9275883436999
"634",634,"male","white","yr2","Business","math02","Auditory",0.0952482273597333,0.0952482273597333,0.0952482273597333,0.0952482273597333,0.0952482273597333,0.0952482273597333,0.0952482273597333,0.0952482273597333,0.0952482273597333,0.0952482273597333,0.0952482273597333,0.0952482273597333,0.0952482273597333,0.0952482273597333,0.0952482273597333,0.0952482273597333
"635",635,"female","Black","yr4","Other","stats","Kinesthetic",-0.0415370781252103,-0.0415370781252103,-0.0415370781252103,-0.0415370781252103,-0.0415370781252103,-0.0415370781252103,-0.0415370781252103,-0.0415370781252103,-0.0415370781252103,-0.0415370781252103,-0.0415370781252103,-0.0415370781252103,-0.0415370781252103,-0.0415370781252103,-0.0415370781252103,-0.0415370781252103
"636",636,"female","Asian","yr1","Other","math02","Kinesthetic",-0.013167126149946,-0.013167126149946,-0.013167126149946,-0.013167126149946,-0.013167126149946,-0.013167126149946,-0.013167126149946,-0.013167126149946,-0.013167126149946,-0.013167126149946,-0.013167126149946,-0.013167126149946,-0.013167126149946,-0.013167126149946,-0.013167126149946,-0.013167126149946
"637",637,"female","Black","yr1","STEM","stats","Visual",-0.366783138654248,-0.366783138654248,-0.366783138654248,-0.366783138654248,-0.366783138654248,-0.366783138654248,-0.366783138654248,-0.366783138654248,-0.366783138654248,-0.366783138654248,-0.366783138654248,-0.366783138654248,-0.366783138654248,-0.366783138654248,-0.366783138654248,-0.366783138654248
"638",638,"male","white","yr5+","STEM","other","Visual",-0.0415370781252103,-0.0415370781252103,-0.0415370781252103,-0.0415370781252103,-0.0415370781252103,-0.0415370781252103,-0.0415370781252103,-0.0415370781252103,-0.0415370781252103,-0.0415370781252103,-0.0415370781252103,-0.0415370781252103,-0.0415370781252103,-0.0415370781252103,-0.0415370781252103,-0.0415370781252103
"639",639,"female","other","yr3","Other","math04","Visual",0.946628510414745,0.946628510414745,0.946628510414745,0.946628510414745,0.946628510414745,0.946628510414745,0.946628510414745,0.946628510414745,0.946628510414745,0.946628510414745,0.946628510414745,0.946628510414745,0.946628510414745,0.946628510414745,0.946628510414745,0.946628510414745
"640",640,"male","white","yr1","Business","math03","Kinesthetic",-1.36231167975567,-1.36231167975567,-1.36231167975567,-1.36231167975567,-1.36231167975567,-1.36231167975567,-1.36231167975567,-1.36231167975567,-1.36231167975567,-1.36231167975567,-1.36231167975567,-1.36231167975567,-1.36231167975567,-1.36231167975567,-1.36231167975567,-1.36231167975567
"641",641,"male","white","yr2","Business","math03","Visual",0.819172990190221,0.819172990190221,0.819172990190221,0.819172990190221,0.819172990190221,0.819172990190221,0.819172990190221,0.819172990190221,0.819172990190221,0.819172990190221,0.819172990190221,0.819172990190221,0.819172990190221,0.819172990190221,0.819172990190221,0.819172990190221
"642",642,"female","white","yr1","Business","math03","Kinesthetic",0.456227192425499,0.456227192425499,0.456227192425499,0.456227192425499,0.456227192425499,0.456227192425499,0.456227192425499,0.456227192425499,0.456227192425499,0.456227192425499,0.456227192425499,0.456227192425499,0.456227192425499,0.456227192425499,0.456227192425499,0.456227192425499
"643",643,"female","white","yr1","Business","math01","Visual",1.53376796776029,1.53376796776029,1.53376796776029,1.53376796776029,1.53376796776029,1.53376796776029,1.53376796776029,1.53376796776029,1.53376796776029,1.53376796776029,1.53376796776029,1.53376796776029,1.53376796776029,1.53376796776029,1.53376796776029,1.53376796776029
"644",644,"female","white","yr2","Health","stats","Auditory",-1.15171313630431,-1.15171313630431,-1.15171313630431,-1.15171313630431,-1.15171313630431,-1.15171313630431,-1.15171313630431,-1.15171313630431,-1.15171313630431,-1.15171313630431,-1.15171313630431,-1.15171313630431,-1.15171313630431,-1.15171313630431,-1.15171313630431,-1.15171313630431
"645",645,"female","white","yr1","Health","stats","Kinesthetic",-0.418077992019395,-0.418077992019395,-0.418077992019395,-0.418077992019395,-0.418077992019395,-0.418077992019395,-0.418077992019395,-0.418077992019395,-0.418077992019395,-0.418077992019395,-0.418077992019395,-0.418077992019395,-0.418077992019395,-0.418077992019395,-0.418077992019395,-0.418077992019395
"646",646,"female","white","yr3","Other","math04","Visual",1.53376796776029,1.53376796776029,1.53376796776029,1.53376796776029,1.53376796776029,1.53376796776029,1.53376796776029,1.53376796776029,1.53376796776029,1.53376796776029,1.53376796776029,1.53376796776029,1.53376796776029,1.53376796776029,1.53376796776029,1.53376796776029
"647",647,"female","white","yr1","STEM","stats","Kinesthetic",0.203663580869413,0.203663580869413,0.203663580869413,0.203663580869413,0.203663580869413,0.203663580869413,0.203663580869413,0.203663580869413,0.203663580869413,0.203663580869413,0.203663580869413,0.203663580869413,0.203663580869413,0.203663580869413,0.203663580869413,0.203663580869413
"648",648,"female","white","yr1","Health","stats","Visual",0.503637311115607,0.503637311115607,0.503637311115607,0.503637311115607,0.503637311115607,0.503637311115607,0.503637311115607,0.503637311115607,0.503637311115607,0.503637311115607,0.503637311115607,0.503637311115607,0.503637311115607,0.503637311115607,0.503637311115607,0.503637311115607
"649",649,"female","white","yr1","STEM","stats","Visual",0.395221957605928,0.395221957605928,0.395221957605928,0.395221957605928,0.395221957605928,0.395221957605928,0.395221957605928,0.395221957605928,0.395221957605928,0.395221957605928,0.395221957605928,0.395221957605928,0.395221957605928,0.395221957605928,0.395221957605928,0.395221957605928
"650",650,"male","white","yr1","STEM","math03","Auditory",-0.14995243163489,-0.14995243163489,-0.14995243163489,-0.14995243163489,-0.14995243163489,-0.14995243163489,-0.14995243163489,-0.14995243163489,-0.14995243163489,-0.14995243163489,-0.14995243163489,-0.14995243163489,-0.14995243163489,-0.14995243163489,-0.14995243163489,-0.14995243163489
"651",651,"male","white","yr3","STEM","stats","Visual",-1.28849844178925,-1.28849844178925,-1.28849844178925,-1.28849844178925,-1.28849844178925,-1.28849844178925,-1.28849844178925,-1.28849844178925,-1.28849844178925,-1.28849844178925,-1.28849844178925,-1.28849844178925,-1.28849844178925,-1.28849844178925,-1.28849844178925,-1.28849844178925
"652",652,"female","white","yr1","Other","math02","Kinesthetic",1.02044174838116,1.02044174838116,1.02044174838116,1.02044174838116,1.02044174838116,1.02044174838116,1.02044174838116,1.02044174838116,1.02044174838116,1.02044174838116,1.02044174838116,1.02044174838116,1.02044174838116,1.02044174838116,1.02044174838116,1.02044174838116
"653",653,"female","Black","yr1","STEM","math02","Visual",0.946628510414745,0.946628510414745,0.946628510414745,0.946628510414745,0.946628510414745,0.946628510414745,0.946628510414745,0.946628510414745,0.946628510414745,0.946628510414745,0.946628510414745,0.946628510414745,0.946628510414745,0.946628510414745,0.946628510414745,0.946628510414745
"654",654,"male","white","yr2","STEM","math04","Kinesthetic",-0.756132055695278,-0.756132055695278,-0.756132055695278,-0.756132055695278,-0.756132055695278,-0.756132055695278,-0.756132055695278,-0.756132055695278,-0.756132055695278,-0.756132055695278,-0.756132055695278,-0.756132055695278,-0.756132055695278,-0.756132055695278,-0.756132055695278,-0.756132055695278
"655",655,"female","white","yr3","Other","math04","Kinesthetic",-0.14995243163489,-0.14995243163489,-0.14995243163489,-0.14995243163489,-0.14995243163489,-0.14995243163489,-0.14995243163489,-0.14995243163489,-0.14995243163489,-0.14995243163489,-0.14995243163489,-0.14995243163489,-0.14995243163489,-0.14995243163489,-0.14995243163489,-0.14995243163489
"656",656,"male","white","yr3","STEM","math04","Visual",-0.845507242490113,-0.845507242490113,-0.845507242490113,-0.845507242490113,-0.845507242490113,-0.845507242490113,-0.845507242490113,-0.845507242490113,-0.845507242490113,-0.845507242490113,-0.845507242490113,-0.845507242490113,-0.845507242490113,-0.845507242490113,-0.845507242490113,-0.845507242490113
"657",657,"female","Black","yr2","Health","math02","Auditory",0.701427851420122,0.701427851420122,0.701427851420122,0.701427851420122,0.701427851420122,0.701427851420122,0.701427851420122,0.701427851420122,0.701427851420122,0.701427851420122,0.701427851420122,0.701427851420122,0.701427851420122,0.701427851420122,0.701427851420122,0.701427851420122
"658",658,"male","white","yr1","Other","math02","Visual",-0.130912264920045,-0.130912264920045,-0.130912264920045,-0.130912264920045,-0.130912264920045,-0.130912264920045,-0.130912264920045,-0.130912264920045,-0.130912264920045,-0.130912264920045,-0.130912264920045,-0.130912264920045,-0.130912264920045,-0.130912264920045,-0.130912264920045,-0.130912264920045
"659",659,"male","white","yr3","STEM","stats","Auditory",-0.102542312944781,-0.102542312944781,-0.102542312944781,-0.102542312944781,-0.102542312944781,-0.102542312944781,-0.102542312944781,-0.102542312944781,-0.102542312944781,-0.102542312944781,-0.102542312944781,-0.102542312944781,-0.102542312944781,-0.102542312944781,-0.102542312944781,-0.102542312944781
"660",660,"female","Black","yr1","STEM","stats","Visual",-0.628676535470754,-0.628676535470754,-0.628676535470754,-0.628676535470754,-0.628676535470754,-0.628676535470754,-0.628676535470754,-0.628676535470754,-0.628676535470754,-0.628676535470754,-0.628676535470754,-0.628676535470754,-0.628676535470754,-0.628676535470754,-0.628676535470754,-0.628676535470754
"661",661,"female","white","yr2","Business","math02","Auditory",-0.32870280522456,-0.32870280522456,-0.32870280522456,-0.32870280522456,-0.32870280522456,-0.32870280522456,-0.32870280522456,-0.32870280522456,-0.32870280522456,-0.32870280522456,-0.32870280522456,-0.32870280522456,-0.32870280522456,-0.32870280522456,-0.32870280522456,-0.32870280522456
"662",662,"female","white","yr3","Other","math04","Visual",-0.258367785144569,-0.258367785144569,-0.258367785144569,-0.258367785144569,-0.258367785144569,-0.258367785144569,-0.258367785144569,-0.258367785144569,-0.258367785144569,-0.258367785144569,-0.258367785144569,-0.258367785144569,-0.258367785144569,-0.258367785144569,-0.258367785144569,-0.258367785144569
"663",663,"male","white","yr1","STEM","math04","Visual",1.53376796776029,1.53376796776029,1.53376796776029,1.53376796776029,1.53376796776029,1.53376796776029,1.53376796776029,1.53376796776029,1.53376796776029,1.53376796776029,1.53376796776029,1.53376796776029,1.53376796776029,1.53376796776029,1.53376796776029,1.53376796776029
"664",664,"female","white","yr1","STEM","math02","Kinesthetic",-0.554863297504338,-0.554863297504338,-0.554863297504338,-0.554863297504338,-0.554863297504338,-0.554863297504338,-0.554863297504338,-0.554863297504338,-0.554863297504338,-0.554863297504338,-0.554863297504338,-0.554863297504338,-0.554863297504338,-0.554863297504338,-0.554863297504338,-0.554863297504338
"665",665,"male","white","yr1","Business","math02","Visual",0.701427851420122,0.701427851420122,0.701427851420122,0.701427851420122,0.701427851420122,0.701427851420122,0.701427851420122,0.701427851420122,0.701427851420122,0.701427851420122,0.701427851420122,0.701427851420122,0.701427851420122,0.701427851420122,0.701427851420122,0.701427851420122
"666",666,"female","white","yr1","STEM","math03","Visual",0.946628510414745,0.946628510414745,0.946628510414745,0.946628510414745,0.946628510414745,0.946628510414745,0.946628510414745,0.946628510414745,0.946628510414745,0.946628510414745,0.946628510414745,0.946628510414745,0.946628510414745,0.946628510414745,0.946628510414745,0.946628510414745
"667",667,"male","white","yr1","Business","math02","Visual",-2.2292539116391,-2.2292539116391,-2.2292539116391,-2.2292539116391,-2.2292539116391,-2.2292539116391,-2.2292539116391,-2.2292539116391,-2.2292539116391,-2.2292539116391,-2.2292539116391,-2.2292539116391,-2.2292539116391,-2.2292539116391,-2.2292539116391,-2.2292539116391
"668",668,"male","white","yr2","Business","stats","Auditory",-2.2292539116391,-2.2292539116391,-2.2292539116391,-2.2292539116391,-2.2292539116391,-2.2292539116391,-2.2292539116391,-2.2292539116391,-2.2292539116391,-2.2292539116391,-2.2292539116391,-2.2292539116391,-2.2292539116391,-2.2292539116391,-2.2292539116391,-2.2292539116391
"669",669,"female","white","yr1","Other","math02","Kinesthetic",0.503637311115607,0.503637311115607,0.503637311115607,0.503637311115607,0.503637311115607,0.503637311115607,0.503637311115607,0.503637311115607,0.503637311115607,0.503637311115607,0.503637311115607,0.503637311115607,0.503637311115607,0.503637311115607,0.503637311115607,0.503637311115607
"670",670,"female","white","yr3","STEM","math04","Kinesthetic",0.203663580869413,0.203663580869413,0.203663580869413,0.203663580869413,0.203663580869413,0.203663580869413,0.203663580869413,0.203663580869413,0.203663580869413,0.203663580869413,0.203663580869413,0.203663580869413,0.203663580869413,0.203663580869413,0.203663580869413,0.203663580869413
"671",671,"male","white","yr5+","STEM","math04","Kinesthetic",0.701427851420122,0.701427851420122,0.701427851420122,0.701427851420122,0.701427851420122,0.701427851420122,0.701427851420122,0.701427851420122,0.701427851420122,0.701427851420122,0.701427851420122,0.701427851420122,0.701427851420122,0.701427851420122,0.701427851420122,0.701427851420122
"672",672,"female","white","yr5+","STEM","math03","Kinesthetic",1.02044174838116,1.02044174838116,1.02044174838116,1.02044174838116,1.02044174838116,1.02044174838116,1.02044174838116,1.02044174838116,1.02044174838116,1.02044174838116,1.02044174838116,1.02044174838116,1.02044174838116,1.02044174838116,1.02044174838116,1.02044174838116
"673",673,"male","white","yr1","Business","math02","Visual",-1.58847217203545,-1.58847217203545,-1.58847217203545,-1.58847217203545,-1.58847217203545,-1.58847217203545,-1.58847217203545,-1.58847217203545,-1.58847217203545,-1.58847217203545,-1.58847217203545,-1.58847217203545,-1.58847217203545,-1.58847217203545,-1.58847217203545,-1.58847217203545
"674",674,"female","white","yr1","Other","math02","Auditory",1.19919212197083,1.19919212197083,1.19919212197083,1.19919212197083,1.19919212197083,1.19919212197083,1.19919212197083,1.19919212197083,1.19919212197083,1.19919212197083,1.19919212197083,1.19919212197083,1.19919212197083,1.19919212197083,1.19919212197083,1.19919212197083
"675",675,"female","white","yr3","STEM","stats","Visual",1.53376796776029,1.53376796776029,1.53376796776029,1.53376796776029,1.53376796776029,1.53376796776029,1.53376796776029,1.53376796776029,1.53376796776029,1.53376796776029,1.53376796776029,1.53376796776029,1.53376796776029,1.53376796776029,1.53376796776029,1.53376796776029
"676",676,"male","white","yr3","Other","math02","Auditory",-0.969484544828211,-0.969484544828211,-0.969484544828211,-0.969484544828211,-0.969484544828211,-0.969484544828211,-0.969484544828211,-0.969484544828211,-0.969484544828211,-0.969484544828211,-0.969484544828211,-0.969484544828211,-0.969484544828211,-0.969484544828211,-0.969484544828211,-0.969484544828211
"677",677,"male","white","yr3","Business","math03","Kinesthetic",-1.60751233875029,-1.60751233875029,-1.60751233875029,-1.60751233875029,-1.60751233875029,-1.60751233875029,-1.60751233875029,-1.60751233875029,-1.60751233875029,-1.60751233875029,-1.60751233875029,-1.60751233875029,-1.60751233875029,-1.60751233875029,-1.60751233875029,-1.60751233875029
"678",678,"female","Asian","yr3","STEM","stats","Auditory",-0.239327618429725,-0.239327618429725,-0.239327618429725,-0.239327618429725,-0.239327618429725,-0.239327618429725,-0.239327618429725,-0.239327618429725,-0.239327618429725,-0.239327618429725,-0.239327618429725,-0.239327618429725,-0.239327618429725,-0.239327618429725,-0.239327618429725,-0.239327618429725
"679",679,"male","Black","yr1","Business","math02","Auditory",-0.347742971939404,-0.347742971939404,-0.347742971939404,-0.347742971939404,-0.347742971939404,-0.347742971939404,-0.347742971939404,-0.347742971939404,-0.347742971939404,-0.347742971939404,-0.347742971939404,-0.347742971939404,-0.347742971939404,-0.347742971939404,-0.347742971939404,-0.347742971939404
"680",680,"female","white","yr2","Business","math02","Kinesthetic",-0.963252381260212,-0.963252381260212,-0.963252381260212,-0.963252381260212,-0.963252381260212,-0.963252381260212,-0.963252381260212,-0.963252381260212,-0.963252381260212,-0.963252381260212,-0.963252381260212,-0.963252381260212,-0.963252381260212,-0.963252381260212,-0.963252381260212,-0.963252381260212
"681",681,"male","white","yr1","STEM","math03","Kinesthetic",-2.12083855812942,-2.12083855812942,-2.12083855812942,-2.12083855812942,-2.12083855812942,-2.12083855812942,-2.12083855812942,-2.12083855812942,-2.12083855812942,-2.12083855812942,-2.12083855812942,-2.12083855812942,-2.12083855812942,-2.12083855812942,-2.12083855812942,-2.12083855812942
"682",682,"male","white","yr1","STEM","math03","Kinesthetic",-0.682318817728862,-0.682318817728862,-0.682318817728862,-0.682318817728862,-0.682318817728862,-0.682318817728862,-0.682318817728862,-0.682318817728862,-0.682318817728862,-0.682318817728862,-0.682318817728862,-0.682318817728862,-0.682318817728862,-0.682318817728862,-0.682318817728862,-0.682318817728862
"683",683,"female","white","yr2","Other","math02","Auditory",0.0952482273597333,0.0952482273597333,0.0952482273597333,0.0952482273597333,0.0952482273597333,0.0952482273597333,0.0952482273597333,0.0952482273597333,0.0952482273597333,0.0952482273597333,0.0952482273597333,0.0952482273597333,0.0952482273597333,0.0952482273597333,0.0952482273597333,0.0952482273597333
"684",684,"female","white","yr2","Business","math02","Visual",0.522677477830452,0.522677477830452,0.522677477830452,0.522677477830452,0.522677477830452,0.522677477830452,0.522677477830452,0.522677477830452,0.522677477830452,0.522677477830452,0.522677477830452,0.522677477830452,0.522677477830452,0.522677477830452,0.522677477830452,0.522677477830452
"685",685,"male","white","yr1","Business","math02","Visual",0.203663580869413,0.203663580869413,0.203663580869413,0.203663580869413,0.203663580869413,0.203663580869413,0.203663580869413,0.203663580869413,0.203663580869413,0.203663580869413,0.203663580869413,0.203663580869413,0.203663580869413,0.203663580869413,0.203663580869413,0.203663580869413
"686",686,"female","white","yr5+","STEM","math04","Kinesthetic",0.366852005630664,0.366852005630664,0.366852005630664,0.366852005630664,0.366852005630664,0.366852005630664,0.366852005630664,0.366852005630664,0.366852005630664,0.366852005630664,0.366852005630664,0.366852005630664,0.366852005630664,0.366852005630664,0.366852005630664,0.366852005630664
"687",687,"female","white","yr1","STEM","math02","Auditory",-1.48005681852577,-1.48005681852577,-1.48005681852577,-1.48005681852577,-1.48005681852577,-1.48005681852577,-1.48005681852577,-1.48005681852577,-1.48005681852577,-1.48005681852577,-1.48005681852577,-1.48005681852577,-1.48005681852577,-1.48005681852577,-1.48005681852577,-1.48005681852577
"688",688,"female","white","yr5+","STEM","math02","Kinesthetic",1.53376796776029,1.53376796776029,1.53376796776029,1.53376796776029,1.53376796776029,1.53376796776029,1.53376796776029,1.53376796776029,1.53376796776029,1.53376796776029,1.53376796776029,1.53376796776029,1.53376796776029,1.53376796776029,1.53376796776029,1.53376796776029
"689",689,"female","white","yr2","Other","math04","Kinesthetic",1.53376796776029,1.53376796776029,1.53376796776029,1.53376796776029,1.53376796776029,1.53376796776029,1.53376796776029,1.53376796776029,1.53376796776029,1.53376796776029,1.53376796776029,1.53376796776029,1.53376796776029,1.53376796776029,1.53376796776029,1.53376796776029
"690",690,"male","white","yr2","STEM","math04","Visual",-0.130912264920045,-0.130912264920045,-0.130912264920045,-0.130912264920045,-0.130912264920045,-0.130912264920045,-0.130912264920045,-0.130912264920045,-0.130912264920045,-0.130912264920045,-0.130912264920045,-0.130912264920045,-0.130912264920045,-0.130912264920045,-0.130912264920045,-0.130912264920045
"691",691,"male","other","yr2","Business","math03","Visual",1.19919212197083,1.19919212197083,1.19919212197083,1.19919212197083,1.19919212197083,1.19919212197083,1.19919212197083,1.19919212197083,1.19919212197083,1.19919212197083,1.19919212197083,1.19919212197083,1.19919212197083,1.19919212197083,1.19919212197083,1.19919212197083
"692",692,"female","white","yr2","STEM","stats","Auditory",-0.294100689681296,-0.294100689681296,-0.294100689681296,-0.294100689681296,-0.294100689681296,-0.294100689681296,-0.294100689681296,-0.294100689681296,-0.294100689681296,-0.294100689681296,-0.294100689681296,-0.294100689681296,-0.294100689681296,-0.294100689681296,-0.294100689681296,-0.294100689681296
"693",693,"male","Black","yr1","Other","math02","Auditory",-0.254889567258144,-0.254889567258144,-0.254889567258144,-0.254889567258144,-0.254889567258144,-0.254889567258144,-0.254889567258144,-0.254889567258144,-0.254889567258144,-0.254889567258144,-0.254889567258144,-0.254889567258144,-0.254889567258144,-0.254889567258144,-0.254889567258144,-0.254889567258144
"694",694,"female","white","yr2","STEM","math02","Visual",-0.826467075775269,-0.826467075775269,-0.826467075775269,-0.826467075775269,-0.826467075775269,-0.826467075775269,-0.826467075775269,-0.826467075775269,-0.826467075775269,-0.826467075775269,-0.826467075775269,-0.826467075775269,-0.826467075775269,-0.826467075775269,-0.826467075775269,-0.826467075775269
"695",695,"female","white","yr1","Business","math02","Auditory",-2.2292539116391,-2.2292539116391,-2.2292539116391,-2.2292539116391,-2.2292539116391,-2.2292539116391,-2.2292539116391,-2.2292539116391,-2.2292539116391,-2.2292539116391,-2.2292539116391,-2.2292539116391,-2.2292539116391,-2.2292539116391,-2.2292539116391,-2.2292539116391
"696",696,"male","white","yr1","STEM","math02","Kinesthetic",-0.663278651014018,-0.663278651014018,-0.663278651014018,-0.663278651014018,-0.663278651014018,-0.663278651014018,-0.663278651014018,-0.663278651014018,-0.663278651014018,-0.663278651014018,-0.663278651014018,-0.663278651014018,-0.663278651014018,-0.663278651014018,-0.663278651014018,-0.663278651014018
